Microsoft (R) Macro Assembler  Version 4.00                 3/29/26 15:11:23

                                                            Page     1-1
                                                            

                                 
                                PAGE  59,132 
                                 
                                ;€€€€€€€€€€€€€€€€€€€€€€€€€€€€€€€€€€€€€€€€€€€€€€€€€€€€€€€€€€€€€€€€€€€€€€€€€€ 
                                ;€€					                                 €€ 
                                ;€€				GMMCGA	                                 €€ 
                                ;€€					                                 €€ 
                                ;€€      Created:   29-Mar-26		                                 €€ 
                                ;€€      Code type: zero start		                                 €€ 
                                ;€€      Passes:    9          Analysis	Options on: none                 €€ 
                                ;€€					                                 €€ 
                                ;€€€€€€€€€€€€€€€€€€€€€€€€€€€€€€€€€€€€€€€€€€€€€€€€€€€€€€€€€€€€€€€€€€€€€€€€€€ 
                                 
 = 4D34                         target		EQU   'M4'                      ; Target assembler: MASM-4.0 
                                 
                             C  include  srmacros.inc 
                             C   
                             C  ; Macros which may be required for proper re-assembly 
                             C   
                             C  IF (target EQ 'M4') 
                             C  ;----------------------------------------------------------------------------- 
                             C  ;  MASM 4.0 does not allow retf and retn, allowed by current assemblers. 
                             C  ;  These marcos, convert RETF and RETN into data bytes that are acceptable 
                             C  ;  to MASM 4.0. 
                             C   
                             C   
                             C  retf            macro   ret_count               ; Fixup for Assembler 
                             C                  if      ret_count+0 GT 1 
                             C                  db      0CAh 
                             C                  dw      ret_count 
                             C                  else 
                             C                  db      0CBh 
                             C                  endif 
                             C  endm 
                             C   
                             C  retn            macro  ret_count 
                             C                  if     ret_count+0 GT 1 
                             C                  db     0C2h 
                             C                  dw     ret_count 
                             C                  else 
                             C                  db     0C3h 
                             C                  endif 
                             C  endm 
                             C   
                             C  ENDIF 
                             C   
                             C   
                             C  IF (target EQ 'M4') OR (target EQ 'M5')  
                             C  ;----------------------------------------------------------------------------- 
                             C  ; Due to a bug in earlier MASM assemblers, the valid instruction type  
                             C  ; "mov segreg, reg"  cannot be used, if the register is not AX.   
                             C  ; For example:  mov  es, bx 
                             C   
                             C  movseg          macro reg16, unused, Imm16      ; Fixup for Assembler 
                             C                  ifidn  <reg16>, <bx>             
Microsoft (R) Macro Assembler  Version 4.00                 3/29/26 15:11:23

                                                            Page     1-2
                                                            

                             C                  db     0BBh                      
                             C                  endif                            
                             C                  ifidn  <reg16>, <cx>             
                             C                  db     0B9h                      
                             C                  endif 
                             C                  ifidn  <reg16>, <dx> 
                             C                  db     0BAh 
                             C                  endif 
                             C                  ifidn  <reg16>, <si> 
                             C                  db     0BEh 
                             C                  endif 
                             C                  ifidn  <reg16>, <di> 
                             C                  db     0BFh 
                             C                  endif 
                             C                  ifidn  <reg16>, <bp> 
                             C                  db     0BDh 
                             C                  endif 
                             C                  ifidn  <reg16>, <sp> 
                             C                  db     0BCh 
                             C                  endif 
                             C                  ifidn  <reg16>, <BX> 
                             C                  db     0BBH 
                             C                  endif 
                             C                  ifidn  <reg16>, <CX> 
                             C                  db     0B9H 
                             C                  endif 
                             C                  ifidn  <reg16>, <DX> 
                             C                  db     0BAH 
                             C                  endif 
                             C                  ifidn  <reg16>, <SI> 
                             C                  db     0BEH 
                             C                  endif 
                             C                  ifidn  <reg16>, <DI> 
                             C                  db     0BFH 
                             C                  endif 
                             C                  ifidn  <reg16>, <BP> 
                             C                  db     0BDH 
                             C                  endif 
                             C                  ifidn  <reg16>, <SP> 
                             C                  db     0BCH 
                             C                  endif 
                             C                  dw     seg Imm16 
                             C  endm 
                             C   
                             C  ENDIF 
                             C   
                             C   
                             C  ENDIF 
                             C   
                             C   
                             C   
                             C  IFE (target EQ 'NO') 
                             C  ;----------------------------------------------------------------------------- 
                             C  ;  Some compilers and some assemblers will code a call that goes to a far 
                             C  ;  subroutine in the same segment as: 
Microsoft (R) Macro Assembler  Version 4.00                 3/29/26 15:11:23

                                                            Page     1-3
                                                            

                             C  ; 
                             C  ;               PUSH    CS 
                             C  ;               CALL    near 
                             C  ; 
                             C  ;  This saves one byte, and is slightly faster.  If the assembler you are 
                             C  ;  using (i.e. MASM, Optasm) does not do this automatically, the following 
                             C  ;  macros are used to code the same information.  In other words, the binary 
                             C  ;  file has "PUSH CS, CALL near", and Sourcer ensures the same instructions 
                             C  ;  are used!  (macro CALLF) 
                             C  ; 
                             C   
                             C  callf           macro   location 
                             C                  push    cs 
                             C                  call    near ptr location 
                             C  endm 
                             C   
                             C  ;  Some compilers generate an unnecessary DS override on the call instruction 
                             C  ;  when compacting the CALLF type function.  Macro CALLFX handles this case. 
                             C   
                             C  callfx          macro   location 
                             C                  push    cs 
                             C                  db      3Eh 
                             C                  call    near ptr location 
                             C  endm 
                             C   
                             C   
                             C  ;----------------------------------------------------------------------------- 
                             C  ;  Some compilers and some assemblers will code a near call that is the 
                             C  ;  selected assembler will convert to a short jump to save a byte.  This 
                             C  ;  reconstructs a near jump for these cases. 
                             C   
                             C  jmpn            macro   location 
                             C                  db      0E9h 
                             C                  dw      offset location-$-2 
                             C  endm 
                             C   
                             C  ENDIF 
                             C   
                                 
                                 
                                 
                                ; The following equates show data references outside the range of the program. 
                                 
 = 012C                         data_1e		equ	12Ch 
 = 2658                         data_2e		equ	2658h			;* 
 = E200                         data_3e		equ	0E200h			;* 
 = E202                         data_4e		equ	0E202h			;* 
 = E206                         data_5e		equ	0E206h			;* 
 = E20A                         data_6e		equ	0E20Ah			;* 
 = E20C                         data_7e		equ	0E20Ch			;* 
 = 2226                         data_32e	equ	2226h			;* 
 = 2434                         data_33e	equ	2434h			;* 
 = 2435                         data_34e	equ	2435h			;* 
 = 2437                         data_35e	equ	2437h			;* 
 = 24EA                         data_36e	equ	24EAh			;* 
Microsoft (R) Macro Assembler  Version 4.00                 3/29/26 15:11:23

                                                            Page     1-4
                                                            

 = 2A5D                         data_37e	equ	2A5Dh			;* 
 = 2CBD                         data_38e	equ	2CBDh			;* 
 = 2CBE                         data_39e	equ	2CBEh			;* 
 = 2CBF                         data_40e	equ	2CBFh			;* 
 = 2CC0                         data_41e	equ	2CC0h			;* 
 = 2CC2                         data_42e	equ	2CC2h			;* 
 = 2CC3                         data_43e	equ	2CC3h			;* 
 = 2CC5                         data_44e	equ	2CC5h			;* 
 = 2CC7                         data_45e	equ	2CC7h			;* 
 = 9521                         data_46e	equ	9521h			;* 
 = F500                         data_47e	equ	0F500h			;* 
 = F502                         data_48e	equ	0F502h			;* 
 = F504                         data_49e	equ	0F504h			;* 
 = FF01                         data_50e	equ	0FF01h			;* 
 = FF2C                         data_51e	equ	0FF2Ch			;* 
 = FF77                         data_52e	equ	0FF77h			;* 
 = 0000                         data_53e	equ	0			;* 
 = 0140                         data_54e	equ	140h			;* 
 = 0140                         data_55e	equ	140h 
 = 11B0                         data_56e	equ	11B0h 
                                 
 0000                           seg_a		segment	byte public 
                                		assume	cs:seg_a, ds:seg_a 
                                 
                                 
 0000                           		org	0 
                                 
 0000                           gmmcga		proc	far 
                                 
 0000                           start: 
 0000  46                       		inc	si 
 0001  20 06 9521               		and	ds:data_46e,al 
 0005  21 27                    		and	[bx],sp 
 0007  22 56 22                 		and	dl,[bp+22h] 
 000A  31 22                    		xor	[bp+si],sp 
 000C  60 22 BF 22 CD 22        		db	 60h, 22h,0BFh, 22h,0CDh, 22h 
 0012  85 23 8F 23 AC 23        		db	 85h, 23h, 8Fh, 23h,0ACh, 23h 
 0018  CC 23 F5 23 4C 25        		db	0CCh, 23h,0F5h, 23h, 4Ch, 25h 
 001E  E2 25 FC 25 E9 27        		db	0E2h, 25h,0FCh, 25h,0E9h, 27h 
 0024  57 28 9A 28 D9 28        		db	 57h, 28h, 9Ah, 28h,0D9h, 28h 
 002A  1A 29 6F 29 C3 29        		db	 1Ah, 29h, 6Fh, 29h,0C3h, 29h 
 0030  A3 24 3A 24 16 26        		db	0A3h, 24h, 3Ah, 24h, 16h, 26h 
 0036  37 26 DB 22 18 27        		db	 37h, 26h,0DBh, 22h, 18h, 27h 
 003C  30 27 1C 2A 30 21        		db	 30h, 27h, 1Ch, 2Ah, 30h, 21h 
 0042  01 2C 2A 2C 50 33        		db	 01h, 2Ch, 2Ah, 2Ch, 50h, 33h 
 0048  C0 8A C7 8A FC 50        		db	0C0h, 8Ah,0C7h, 8Ah,0FCh, 50h 
 004E  B8 40 01 F7 E3 5F        		db	0B8h, 40h, 01h,0F7h,0E3h, 5Fh 
 0054  03 FF 03 FF 03 F8        		db	 03h,0FFh, 03h,0FFh, 03h,0F8h 
 005A  58 0A C0 75 03 E9        		db	 58h, 0Ah,0C0h, 75h, 03h,0E9h 
 0060  86 00                    		db	 86h, 00h 
 0062                           loc_1: 
 0062  BA 0909                  		mov	dx,909h 
 0065  2E: F6 06 FF77 FF        		test	byte ptr cs:data_52e,0FFh 
 006B  74 03                    		jz	loc_2			; Jump if zero 
 006D  BA FFFF                  		mov	dx,0FFFFh 
Microsoft (R) Macro Assembler  Version 4.00                 3/29/26 15:11:23

                                                            Page     1-5
                                                            

 0070                           loc_2: 
 0070  57                       		push	di 
 0071  80 E9 04                 		sub	cl,4 
 0074  81 C7 0280               		add	di,280h 
 0078  E8 00E8 R                		call	sub_2 
 007B  5F                       		pop	di 
 007C  33 C0                    		xor	ax,ax			; Zero register 
 007E  33 DB                    		xor	bx,bx			; Zero register 
 0080  E8 00B6 R                		call	sub_1 
 0083  B8 FF00                  		mov	ax,0FF00h 
 0086  BB 00FF                  		mov	bx,0FFh 
 0089  E8 00B6 R                		call	sub_1 
 008C  51                       		push	cx 
 008D  53                       		push	bx 
 008E  8A DD                    		mov	bl,ch 
 0090  FE CB                    		dec	bl 
 0092  03 DB                    		add	bx,bx 
 0094  03 DB                    		add	bx,bx 
 0096  32 FF                    		xor	bh,bh			; Zero register 
 0098  32 ED                    		xor	ch,ch			; Zero register 
                                 
 009A                           locloop_3: 
 009A  26: 89 15                		mov	es:[di],dx 
 009D  26: 89 51 02             		mov	es:[bx+di+2],dx 
 00A1  81 C7 0140               		add	di,data_55e 
 00A5  E2 F3                    		loop	locloop_3		; Loop if cx > 0 
                                 
 00A7  5B                       		pop	bx 
 00A8  59                       		pop	cx 
 00A9  B8 FF00                  		mov	ax,0FF00h 
 00AC  BB 00FF                  		mov	bx,0FFh 
 00AF  E8 00B6 R                		call	sub_1 
 00B2  33 C0                    		xor	ax,ax			; Zero register 
 00B4  33 DB                    		xor	bx,bx			; Zero register 
                                 
                                gmmcga		endp 
                                 
                                ;ﬂﬂﬂﬂﬂﬂﬂﬂﬂﬂﬂﬂﬂﬂﬂﬂﬂﬂﬂﬂﬂﬂﬂﬂﬂﬂﬂﬂﬂﬂﬂﬂﬂﬂﬂﬂﬂﬂﬂﬂﬂﬂﬂﬂﬂﬂﬂﬂﬂﬂﬂﬂﬂﬂﬂﬂﬂﬂﬂﬂﬂﬂﬂﬂﬂﬂﬂﬂﬂﬂﬂﬂﬂﬂ 
                                ;                              SUBROUTINE 
                                ;‹‹‹‹‹‹‹‹‹‹‹‹‹‹‹‹‹‹‹‹‹‹‹‹‹‹‹‹‹‹‹‹‹‹‹‹‹‹‹‹‹‹‹‹‹‹‹‹‹‹‹‹‹‹‹‹‹‹‹‹‹‹‹‹‹‹‹‹‹‹‹‹‹‹ 
                                 
 00B6                           sub_1		proc	near 
 00B6  57                       		push	di 
 00B7  51                       		push	cx 
 00B8  F7 D0                    		not	ax 
 00BA  26: 21 05                		and	es:[di],ax 
 00BD  F7 D0                    		not	ax 
 00BF  23 C2                    		and	ax,dx 
 00C1  26: 09 05                		or	es:[di],ax 
 00C4  47                       		inc	di 
 00C5  47                       		inc	di 
 00C6  8A CD                    		mov	cl,ch 
 00C8  32 ED                    		xor	ch,ch			; Zero register 
 00CA  03 C9                    		add	cx,cx 
 00CC  03 C9                    		add	cx,cx 
Microsoft (R) Macro Assembler  Version 4.00                 3/29/26 15:11:23

                                                            Page     1-6
                                                            

 00CE  83 E9 04                 		sub	cx,4 
 00D1  8A C2                    		mov	al,dl 
 00D3  F3/ AA                   		rep	stosb			; Rep when cx >0 Store al to es:[di] 
 00D5  F7 D3                    		not	bx 
 00D7  26: 21 1D                		and	es:[di],bx 
 00DA  F7 D3                    		not	bx 
 00DC  23 DA                    		and	bx,dx 
 00DE  26: 09 1D                		or	es:[di],bx 
 00E1  59                       		pop	cx 
 00E2  5F                       		pop	di 
 00E3  81 C7 0140               		add	di,140h 
                                		retn 
 00E7  C3                     1                 db     0C3h
                                sub_1		endp 
                                 
                                 
                                ;ﬂﬂﬂﬂﬂﬂﬂﬂﬂﬂﬂﬂﬂﬂﬂﬂﬂﬂﬂﬂﬂﬂﬂﬂﬂﬂﬂﬂﬂﬂﬂﬂﬂﬂﬂﬂﬂﬂﬂﬂﬂﬂﬂﬂﬂﬂﬂﬂﬂﬂﬂﬂﬂﬂﬂﬂﬂﬂﬂﬂﬂﬂﬂﬂﬂﬂﬂﬂﬂﬂﬂﬂﬂﬂ 
                                ;                              SUBROUTINE 
                                ;‹‹‹‹‹‹‹‹‹‹‹‹‹‹‹‹‹‹‹‹‹‹‹‹‹‹‹‹‹‹‹‹‹‹‹‹‹‹‹‹‹‹‹‹‹‹‹‹‹‹‹‹‹‹‹‹‹‹‹‹‹‹‹‹‹‹‹‹‹‹‹‹‹‹ 
                                 
 00E8                           sub_2		proc	near 
 00E8                           loc_4: 
 00E8  B8 A000                  		mov	ax,0A000h 
 00EB  8E C0                    		mov	es,ax 
 00ED  51                       		push	cx 
 00EE  33 C0                    		xor	ax,ax			; Zero register 
 00F0                           loc_5: 
 00F0  57                       		push	di 
 00F1  51                       		push	cx 
 00F2  8A CD                    		mov	cl,ch 
 00F4  32 ED                    		xor	ch,ch			; Zero register 
 00F6  03 C9                    		add	cx,cx 
 00F8  F3/ AB                   		rep	stosw			; Rep when cx >0 Store ax to es:[di] 
 00FA  59                       		pop	cx 
 00FB  5F                       		pop	di 
 00FC  81 C7 0140               		add	di,140h 
 0100  FE C9                    		dec	cl 
 0102  75 EC                    		jnz	loc_5			; Jump if not zero 
 0104  59                       		pop	cx 
                                		retn 
 0105  C3                     1                 db     0C3h
                                sub_2		endp 
                                 
                                			                        ;* No entry point to code 
 0106  B8 A000                  		mov	ax,0A000h 
 0109  8E C0                    		mov	es,ax 
 010B  BF 11B0                  		mov	di,data_56e 
 010E  B9 0008                  		mov	cx,8 
                                 
 0111                           locloop_6: 
 0111  51                       		push	cx 
 0112  57                       		push	di 
 0113  B9 0012                  		mov	cx,12h 
                                 
 0116                           locloop_7: 
Microsoft (R) Macro Assembler  Version 4.00                 3/29/26 15:11:23

                                                            Page     1-7
                                                            

 0116  51                       		push	cx 
 0117  57                       		push	di 
 0118  B9 00E0                  		mov	cx,0E0h 
 011B  32 C0                    		xor	al,al			; Zero register 
 011D  F3/ AA                   		rep	stosb			; Rep when cx >0 Store al to es:[di] 
 011F  5F                       		pop	di 
 0120  81 C7 0A00               		add	di,0A00h 
 0124  59                       		pop	cx 
 0125  E2 EF                    		loop	locloop_7		; Loop if cx > 0 
                                 
 0127  5F                       		pop	di 
 0128  81 C7 0140               		add	di,140h 
 012C  59                       		pop	cx 
 012D  E2 E2                    		loop	locloop_6		; Loop if cx > 0 
                                 
                                		retn 
 012F  C3                     1                 db     0C3h
 0130  B8                       data_16		db	0B8h 
 0131  00 A0 8E C0              		db	 00h,0A0h, 8Eh,0C0h 
 0135  BE 8D 21 B9 08 00        		db	0BEh, 8Dh, 21h,0B9h, 08h, 00h 
                                 
 013B                           locloop_8: 
 013B  51                       		push	cx 
 013C  BF 11B0                  		mov	di,11B0h 
 013F  AC                       		lodsb				; String [si] to al 
 0140  57                       		push	di 
 0141  B9 0048                  		mov	cx,48h 
                                 
 0144                           locloop_9: 
 0144  51                       		push	cx 
 0145  B9 00E0                  		mov	cx,0E0h 
                                 
 0148                           locloop_10: 
 0148  D0 C0                    		rol	al,1			; Rotate 
 014A  73 04                    		jnc	loc_11			; Jump if carry=0 
 014C  26: C6 05 00             		mov	byte ptr es:[di],0 
 0150                           loc_11: 
 0150  47                       		inc	di 
 0151  E2 F5                    		loop	locloop_10		; Loop if cx > 0 
                                 
 0153  D0 C8                    		ror	al,1			; Rotate 
 0155  D0 C8                    		ror	al,1			; Rotate 
 0157  D0 C8                    		ror	al,1			; Rotate 
 0159  59                       		pop	cx 
 015A  81 C7 01A0               		add	di,1A0h 
 015E  E2 E4                    		loop	locloop_9		; Loop if cx > 0 
                                 
 0160  5F                       		pop	di 
 0161  81 C7 0140               		add	di,140h 
 0165  B9 0048                  		mov	cx,48h 
                                 
 0168                           locloop_12: 
 0168  51                       		push	cx 
 0169  B9 00E0                  		mov	cx,0E0h 
                                 
Microsoft (R) Macro Assembler  Version 4.00                 3/29/26 15:11:23

                                                            Page     1-8
                                                            

 016C                           locloop_13: 
 016C  D0 C8                    		ror	al,1			; Rotate 
 016E  73 04                    		jnc	loc_14			; Jump if carry=0 
 0170  26: C6 05 00             		mov	byte ptr es:[di],0 
 0174                           loc_14: 
 0174  47                       		inc	di 
 0175  E2 F5                    		loop	locloop_13		; Loop if cx > 0 
                                 
 0177  D0 C0                    		rol	al,1			; Rotate 
 0179  D0 C0                    		rol	al,1			; Rotate 
 017B  D0 C0                    		rol	al,1			; Rotate 
 017D  59                       		pop	cx 
 017E  81 C7 01A0               		add	di,1A0h 
 0182  E2 E4                    		loop	locloop_12		; Loop if cx > 0 
                                 
 0184  B9 1F40                  		mov	cx,1F40h 
                                 
 0187                           locloop_15: 
 0187  E2 FE                    		loop	locloop_15		; Loop if cx > 0 
                                 
 0189  59                       		pop	cx 
 018A  E2 AF                    		loop	locloop_8		; Loop if cx > 0 
                                 
                                		retn 
 018C  C3                     1                 db     0C3h
                                			                        ;* No entry point to code 
 018D  01 03                    		add	[bp+di],ax 
 018F  07                       		pop	es 
                                ;*		pop	cs			; Dangerous-8088 only 
 0190  0F                       		db	0Fh			;  Fixup - byte match 
 0191  1F                       		pop	ds 
 0192  3F                       		aas				; Ascii adjust 
 0193  7F FF                    		db	 7Fh,0FFh 
 0195                           loc_16: 
 0195  2E: A2 2226              		mov	cs:data_32e,al 
 0199  B8 A000                  		mov	ax,0A000h 
 019C  8E C0                    		mov	es,ax 
 019E  33 C0                    		xor	ax,ax			; Zero register 
 01A0  8A C7                    		mov	al,bh 
 01A2  8A FC                    		mov	bh,ah 
 01A4  50                       		push	ax 
 01A5  81 C3 009E               		add	bx,9Eh 
 01A9  B8 0140                  		mov	ax,140h 
 01AC  F7 E3                    		mul	bx			; dx:ax = reg * ax 
 01AE  5B                       		pop	bx 
 01AF  03 C3                    		add	ax,bx 
 01B1  05 0030                  		add	ax,30h 
 01B4  8B F8                    		mov	di,ax 
 01B6  51                       		push	cx 
 01B7  33 C0                    		xor	ax,ax			; Zero register 
 01B9  E8 01CE R                		call	sub_3 
 01BC  59                       		pop	cx 
 01BD  47                       		inc	di 
 01BE  8A CD                    		mov	cl,ch 
 01C0                           loc_17: 
Microsoft (R) Macro Assembler  Version 4.00                 3/29/26 15:11:23

                                                            Page     1-9
                                                            

 01C0  51                       		push	cx 
 01C1  B8 FFFF                  		mov	ax,0FFFFh 
 01C4  E8 01CE R                		call	sub_3 
 01C7  59                       		pop	cx 
 01C8  47                       		inc	di 
 01C9  FE C9                    		dec	cl 
 01CB  75 F3                    		jnz	loc_17			; Jump if not zero 
                                		retn 
 01CD  C3                     1                 db     0C3h
                                 
                                ;ﬂﬂﬂﬂﬂﬂﬂﬂﬂﬂﬂﬂﬂﬂﬂﬂﬂﬂﬂﬂﬂﬂﬂﬂﬂﬂﬂﬂﬂﬂﬂﬂﬂﬂﬂﬂﬂﬂﬂﬂﬂﬂﬂﬂﬂﬂﬂﬂﬂﬂﬂﬂﬂﬂﬂﬂﬂﬂﬂﬂﬂﬂﬂﬂﬂﬂﬂﬂﬂﬂﬂﬂﬂﬂ 
                                ;                              SUBROUTINE 
                                ;‹‹‹‹‹‹‹‹‹‹‹‹‹‹‹‹‹‹‹‹‹‹‹‹‹‹‹‹‹‹‹‹‹‹‹‹‹‹‹‹‹‹‹‹‹‹‹‹‹‹‹‹‹‹‹‹‹‹‹‹‹‹‹‹‹‹‹‹‹‹‹‹‹‹ 
                                 
 01CE                           sub_3		proc	near 
 01CE  2E: F6 06 2226 FF        		test	byte ptr cs:data_32e,0FFh 
 01D4  75 1F                    		jnz	loc_19			; Jump if not zero 
 01D6  57                       		push	di 
 01D7  80 E4 05                 		and	ah,5 
 01DA  24 2D                    		and	al,2Dh			; '-' 
 01DC  26: C6 05 00             		mov	byte ptr es:[di],0 
 01E0  81 C7 0140               		add	di,data_55e 
 01E4  B9 0008                  		mov	cx,8 
                                 
 01E7                           locloop_18: 
 01E7  26: 88 25                		mov	es:[di],ah 
 01EA  81 C7 0140               		add	di,data_55e 
 01EE  E2 F7                    		loop	locloop_18		; Loop if cx > 0 
                                 
 01F0  26: 88 05                		mov	es:[di],al 
 01F3  5F                       		pop	di 
                                		retn 
 01F4  C3                     1                 db     0C3h
 01F5                           loc_19: 
 01F5  2E: 80 3E 2226 80        		cmp	byte ptr cs:data_32e,80h 
 01FB  74 18                    		je	loc_21			; Jump if equal 
 01FD  57                       		push	di 
 01FE  8A E0                    		mov	ah,al 
 0200  F6 D4                    		not	ah 
 0202  24 01                    		and	al,1 
 0204  B9 000A                  		mov	cx,0Ah 
                                 
 0207                           locloop_20: 
 0207  26: 20 25                		and	es:[di],ah 
 020A  26: 08 05                		or	es:[di],al 
 020D  81 C7 0140               		add	di,data_55e 
 0211  E2 F4                    		loop	locloop_20		; Loop if cx > 0 
                                 
 0213  5F                       		pop	di 
                                		retn 
 0214  C3                     1                 db     0C3h
 0215                           loc_21: 
 0215  57                       		push	di 
 0216  F6 D0                    		not	al 
 0218  B9 000A                  		mov	cx,0Ah 
Microsoft (R) Macro Assembler  Version 4.00                 3/29/26 15:11:23

                                                            Page     1-10
                                                            

                                 
 021B                           locloop_22: 
 021B  26: 20 05                		and	es:[di],al 
 021E  81 C7 0140               		add	di,140h 
 0222  E2 F7                    		loop	locloop_22		; Loop if cx > 0 
                                 
 0224  5F                       		pop	di 
                                		retn 
 0225  C3                     1                 db     0C3h
                                sub_3		endp 
                                 
 0226  00 BF 14 CC 2E 8B        		db	 00h,0BFh, 14h,0CCh, 2Eh, 8Bh 
 022C  1E B2 00 EB 05 BF        		db	 1Eh,0B2h, 00h,0EBh, 05h,0BFh 
 0232  14 DB EB 00 B8 00        		db	 14h,0DBh,0EBh, 00h,0B8h, 00h 
 0238  A0 8E C0 E8 60 00        		db	0A0h, 8Eh,0C0h,0E8h, 60h, 00h 
 023E  8B CB 0B C9 75 01        		db	 8Bh,0CBh, 0Bh,0C9h, 75h, 01h 
 0244  C3                       		db	0C3h 
                                 
 0245                           locloop_23: 
 0245  51                       		push	cx 
 0246  57                       		push	di 
 0247  B7 06                    		mov	bh,6 
 0249  B0 12                    		mov	al,12h 
 024B  B4 2D                    		mov	ah,2Dh			; '-' 
 024D  E8 02B0 R                		call	sub_5 
 0250  5F                       		pop	di 
 0251  47                       		inc	di 
 0252  59                       		pop	cx 
 0253  E2 F0                    		loop	locloop_23		; Loop if cx > 0 
                                 
                                		retn 
 0255  C3                     1                 db     0C3h
                                			                        ;* No entry point to code 
 0256  BF CC14                  		mov	di,0CC14h 
 0259  2E: 8B 1E 0090           		mov	bx,word ptr cs:[90h] 
 025E  EB 05                    		jmp	short loc_24 
 0260  BF 14 DB EB 00           		db	0BFh, 14h,0DBh,0EBh, 00h 
 0265                           loc_24: 
 0265  B8 A000                  		mov	ax,0A000h 
 0268  8E C0                    		mov	es,ax 
 026A  E8 029E R                		call	sub_4 
 026D  53                       		push	bx 
 026E  8B CB                    		mov	cx,bx 
 0270  0B C9                    		or	cx,cx			; Zero ? 
 0272  74 10                    		jz	loc_26			; Jump if zero 
                                 
 0274                           locloop_25: 
 0274  51                       		push	cx 
 0275  57                       		push	di 
 0276  B7 05                    		mov	bh,5 
 0278  B0 09                    		mov	al,9 
 027A  B4 12                    		mov	ah,12h 
 027C  E8 02B0 R                		call	sub_5 
 027F  5F                       		pop	di 
 0280  47                       		inc	di 
Microsoft (R) Macro Assembler  Version 4.00                 3/29/26 15:11:23

                                                            Page     1-11
                                                            

 0281  59                       		pop	cx 
 0282  E2 F0                    		loop	locloop_25		; Loop if cx > 0 
                                 
 0284                           loc_26: 
 0284  5B                       		pop	bx 
 0285  B9 0064                  		mov	cx,64h 
 0288  2B CB                    		sub	cx,bx 
 028A  75 01                    		jnz	locloop_27		; Jump if not zero 
                                		retn 
 028C  C3                     1                 db     0C3h
                                 
 028D                           locloop_27: 
 028D  51                       		push	cx 
 028E  57                       		push	di 
 028F  B7 05                    		mov	bh,5 
 0291  32 C0                    		xor	al,al			; Zero register 
 0293  B4 12                    		mov	ah,12h 
 0295  E8 02B0 R                		call	sub_5 
 0298  5F                       		pop	di 
 0299  47                       		inc	di 
 029A  59                       		pop	cx 
 029B  E2 F0                    		loop	locloop_27		; Loop if cx > 0 
                                 
                                		retn 
 029D  C3                     1                 db     0C3h
                                 
                                ;ﬂﬂﬂﬂﬂﬂﬂﬂﬂﬂﬂﬂﬂﬂﬂﬂﬂﬂﬂﬂﬂﬂﬂﬂﬂﬂﬂﬂﬂﬂﬂﬂﬂﬂﬂﬂﬂﬂﬂﬂﬂﬂﬂﬂﬂﬂﬂﬂﬂﬂﬂﬂﬂﬂﬂﬂﬂﬂﬂﬂﬂﬂﬂﬂﬂﬂﬂﬂﬂﬂﬂﬂﬂﬂ 
                                ;                              SUBROUTINE 
                                ;‹‹‹‹‹‹‹‹‹‹‹‹‹‹‹‹‹‹‹‹‹‹‹‹‹‹‹‹‹‹‹‹‹‹‹‹‹‹‹‹‹‹‹‹‹‹‹‹‹‹‹‹‹‹‹‹‹‹‹‹‹‹‹‹‹‹‹‹‹‹‹‹‹‹ 
                                 
 029E                           sub_4		proc	near 
 029E  B8 0320                  		mov	ax,320h 
 02A1  2B C3                    		sub	ax,bx 
 02A3  72 07                    		jc	loc_28			; Jump if carry Set 
 02A5  D1 EB                    		shr	bx,1			; Shift w/zeros fill 
 02A7  D1 EB                    		shr	bx,1			; Shift w/zeros fill 
 02A9  D1 EB                    		shr	bx,1			; Shift w/zeros fill 
                                		retn 
 02AB  C3                     1                 db     0C3h
 02AC                           loc_28: 
 02AC  BB 0064                  		mov	bx,64h 
                                		retn 
 02AF  C3                     1                 db     0C3h
                                sub_4		endp 
                                 
                                 
                                ;ﬂﬂﬂﬂﬂﬂﬂﬂﬂﬂﬂﬂﬂﬂﬂﬂﬂﬂﬂﬂﬂﬂﬂﬂﬂﬂﬂﬂﬂﬂﬂﬂﬂﬂﬂﬂﬂﬂﬂﬂﬂﬂﬂﬂﬂﬂﬂﬂﬂﬂﬂﬂﬂﬂﬂﬂﬂﬂﬂﬂﬂﬂﬂﬂﬂﬂﬂﬂﬂﬂﬂﬂﬂﬂ 
                                ;                              SUBROUTINE 
                                ;‹‹‹‹‹‹‹‹‹‹‹‹‹‹‹‹‹‹‹‹‹‹‹‹‹‹‹‹‹‹‹‹‹‹‹‹‹‹‹‹‹‹‹‹‹‹‹‹‹‹‹‹‹‹‹‹‹‹‹‹‹‹‹‹‹‹‹‹‹‹‹‹‹‹ 
                                 
 02B0                           sub_5		proc	near 
 02B0                           loc_29: 
 02B0  26: 20 25                		and	es:[di],ah 
 02B3  26: 08 05                		or	es:[di],al 
 02B6  81 C7 0140               		add	di,140h 
Microsoft (R) Macro Assembler  Version 4.00                 3/29/26 15:11:23

                                                            Page     1-12
                                                            

 02BA  FE CF                    		dec	bh 
 02BC  75 F2                    		jnz	loc_29			; Jump if not zero 
                                		retn 
 02BE  C3                     1                 db     0C3h
                                sub_5		endp 
                                 
                                			                        ;* No entry point to code 
 02BF  2E: C6 06 2CBD 1B        		mov	byte ptr cs:data_38e,1Bh 
 02C5  2E: C6 06 2CBE 12        		mov	byte ptr cs:data_39e,12h 
 02CB  EB 45                    		jmp	short loc_32 
                                			                        ;* No entry point to code 
 02CD  2E: C6 06 2CBD 09        		mov	byte ptr cs:data_38e,9 
 02D3  2E: C6 06 2CBE 2D        		mov	byte ptr cs:data_39e,2Dh	; '-' 
 02D9  EB 37                    		jmp	short loc_32 
                                			                        ;* No entry point to code 
 02DB  2E: C6 06 2CBD 09        		mov	byte ptr cs:data_38e,9 
 02E1  2E: C6 06 2CBE 00        		mov	byte ptr cs:data_39e,0 
 02E7  33 C0                    		xor	ax,ax			; Zero register 
 02E9  8A C7                    		mov	al,bh 
 02EB  8A FC                    		mov	bh,ah 
 02ED  50                       		push	ax 
 02EE  B8 0140                  		mov	ax,140h 
 02F1  F7 E3                    		mul	bx			; dx:ax = reg * ax 
 02F3  5F                       		pop	di 
 02F4  03 FF                    		add	di,di 
 02F6  03 FF                    		add	di,di 
 02F8  03 F8                    		add	di,ax 
 02FA  32 ED                    		xor	ch,ch			; Zero register 
 02FC  03 F9                    		add	di,cx 
 02FE  B8 A000                  		mov	ax,0A000h 
 0301  8E C0                    		mov	es,ax 
 0303                           loc_30: 
 0303  AC                       		lodsb				; String [si] to al 
 0304  0A C0                    		or	al,al			; Zero ? 
 0306  75 01                    		jnz	loc_31			; Jump if not zero 
                                		retn 
 0308  C3                     1                 db     0C3h
 0309                           loc_31: 
 0309  1E                       		push	ds 
 030A  56                       		push	si 
 030B  E8 0345 R                		call	sub_6 
 030E  5E                       		pop	si 
 030F  1F                       		pop	ds 
 0310  EB F1                    		jmp	short loc_30 
 0312                           loc_32: 
 0312  AC                       		lodsb				; String [si] to al 
 0313  8A D0                    		mov	dl,al 
 0315  32 F6                    		xor	dh,dh			; Zero register 
 0317  52                       		push	dx 
 0318  AC                       		lodsb				; String [si] to al 
 0319  32 E4                    		xor	ah,ah			; Zero register 
 031B  BB 0140                  		mov	bx,140h 
 031E  F7 E3                    		mul	bx			; dx:ax = reg * ax 
 0320  5F                       		pop	di 
 0321  03 FF                    		add	di,di 
Microsoft (R) Macro Assembler  Version 4.00                 3/29/26 15:11:23

                                                            Page     1-13
                                                            

 0323  03 FF                    		add	di,di 
 0325  03 F8                    		add	di,ax 
 0327  AC                       		lodsb				; String [si] to al 
 0328  32 E4                    		xor	ah,ah			; Zero register 
 032A  8A D8                    		mov	bl,al 
 032C  03 F8                    		add	di,ax 
 032E  AC                       		lodsb				; String [si] to al 
 032F  32 ED                    		xor	ch,ch			; Zero register 
 0331  8A C8                    		mov	cl,al 
 0333  B8 A000                  		mov	ax,0A000h 
 0336  8E C0                    		mov	es,ax 
                                 
 0338                           locloop_33: 
 0338  51                       		push	cx 
 0339  AC                       		lodsb				; String [si] to al 
 033A  1E                       		push	ds 
 033B  56                       		push	si 
 033C  E8 0345 R                		call	sub_6 
 033F  5E                       		pop	si 
 0340  1F                       		pop	ds 
 0341  59                       		pop	cx 
 0342  E2 F4                    		loop	locloop_33		; Loop if cx > 0 
                                 
                                		retn 
 0344  C3                     1                 db     0C3h
                                 
                                ;ﬂﬂﬂﬂﬂﬂﬂﬂﬂﬂﬂﬂﬂﬂﬂﬂﬂﬂﬂﬂﬂﬂﬂﬂﬂﬂﬂﬂﬂﬂﬂﬂﬂﬂﬂﬂﬂﬂﬂﬂﬂﬂﬂﬂﬂﬂﬂﬂﬂﬂﬂﬂﬂﬂﬂﬂﬂﬂﬂﬂﬂﬂﬂﬂﬂﬂﬂﬂﬂﬂﬂﬂﬂﬂ 
                                ;                              SUBROUTINE 
                                ;‹‹‹‹‹‹‹‹‹‹‹‹‹‹‹‹‹‹‹‹‹‹‹‹‹‹‹‹‹‹‹‹‹‹‹‹‹‹‹‹‹‹‹‹‹‹‹‹‹‹‹‹‹‹‹‹‹‹‹‹‹‹‹‹‹‹‹‹‹‹‹‹‹‹ 
                                 
 0345                           sub_6		proc	near 
 0345  2C 20                    		sub	al,20h			; ' ' 
 0347  32 E4                    		xor	ah,ah			; Zero register 
 0349  D1 E0                    		shl	ax,1			; Shift w/zeros fill 
 034B  D1 E0                    		shl	ax,1			; Shift w/zeros fill 
 034D  D1 E0                    		shl	ax,1			; Shift w/zeros fill 
 034F  8B F0                    		mov	si,ax 
 0351  03 36 F504               		add	si,ds:data_49e 
 0355  57                       		push	di 
 0356  B3 08                    		mov	bl,8 
 0358                           loc_34: 
 0358  53                       		push	bx 
 0359  AC                       		lodsb				; String [si] to al 
 035A  57                       		push	di 
 035B  8A F0                    		mov	dh,al 
 035D  B2 04                    		mov	dl,4 
 035F                           loc_35: 
 035F  02 F6                    		add	dh,dh 
 0361  73 0E                    		jnc	loc_36			; Jump if carry=0 
 0363  A0 2CBE                  		mov	al,ds:data_39e 
 0366  26: 88 45 01             		mov	es:[di+1],al 
 036A  8A 26 2CBD               		mov	ah,ds:data_38e 
 036E  26: 88 25                		mov	es:[di],ah 
 0371                           loc_36: 
 0371  47                       		inc	di 
Microsoft (R) Macro Assembler  Version 4.00                 3/29/26 15:11:23

                                                            Page     1-14
                                                            

 0372  FE CA                    		dec	dl 
 0374  75 E9                    		jnz	loc_35			; Jump if not zero 
 0376  5F                       		pop	di 
 0377  81 C7 0140               		add	di,140h 
 037B  5B                       		pop	bx 
 037C  FE CB                    		dec	bl 
 037E  75 D8                    		jnz	loc_34			; Jump if not zero 
 0380  5F                       		pop	di 
 0381  83 C7 05                 		add	di,5 
                                		retn 
 0384  C3                     1                 db     0C3h
                                sub_6		endp 
                                 
                                			                        ;* No entry point to code 
 0385  BB 0210                  		mov	bx,210h 
 0388  32 C0                    		xor	al,al			; Zero register 
 038A  B5 88                    		mov	ch,88h 
 038C  E9 0195 R                		jmp	loc_16 
                                			                        ;* No entry point to code 
 038F  1E                       		push	ds 
 0390  2E: A1 008B              		mov	ax,word ptr cs:[8Bh] 
 0394  33 D2                    		xor	dx,dx			; Zero register 
 0396  E8 041B R                		call	sub_7 
 0399  0E                       		push	cs 
 039A  1F                       		pop	ds 
 039B  BF 2435                  		mov	di,data_34e 
 039E  B9 0105                  		mov	cx,105h 
 03A1  B8 26BB                  		mov	ax,26BBh 
 03A4  BB FF01                  		mov	bx,data_50e 
 03A7  E8 04A3 R                		call	sub_11 
 03AA  1F                       		pop	ds 
                                		retn 
 03AB  C3                     1                 db     0C3h
                                			                        ;* No entry point to code 
 03AC  1E                       		push	ds 
 03AD  2E: A1 0086              		mov	ax,word ptr cs:[86h] 
 03B1  2E: 8A 16 0085           		mov	dl,byte ptr cs:[85h] 
 03B6  E8 041B R                		call	sub_7 
 03B9  0E                       		push	cs 
 03BA  1F                       		pop	ds 
 03BB  BF 2434                  		mov	di,data_33e 
 03BE  B9 0106                  		mov	cx,106h 
 03C1  B8 13BB                  		mov	ax,13BBh 
 03C4  BB FF01                  		mov	bx,data_50e 
 03C7  E8 04A3 R                		call	sub_11 
 03CA  1F                       		pop	ds 
                                		retn 
 03CB  C3                     1                 db     0C3h
                                			                        ;* No entry point to code 
 03CC  1E                       		push	ds 
 03CD  33 DB                    		xor	bx,bx			; Zero register 
 03CF  2E: 8A 1E 009D           		mov	bl,byte ptr cs:[9Dh] 
 03D4  FE CB                    		dec	bl 
 03D6  2E: 8A 87 00AB           		mov	al,byte ptr cs:[0ABh][bx] 
 03DB  32 E4                    		xor	ah,ah			; Zero register 
Microsoft (R) Macro Assembler  Version 4.00                 3/29/26 15:11:23

                                                            Page     1-15
                                                            

 03DD  33 D2                    		xor	dx,dx			; Zero register 
 03DF  E8 041B R                		call	sub_7 
 03E2  0E                       		push	cs 
 03E3  1F                       		pop	ds 
 03E4  BF 2437                  		mov	di,data_35e 
 03E7  B9 0103                  		mov	cx,103h 
 03EA  B8 37BB                  		mov	ax,37BBh 
 03ED  BB FF01                  		mov	bx,data_50e 
 03F0  E8 04A3 R                		call	sub_11 
 03F3  1F                       		pop	ds 
                                		retn 
 03F4  C3                     1                 db     0C3h
                                			                        ;* No entry point to code 
 03F5  2E: F6 06 0093 FF        		test	byte ptr cs:[93h],0FFh 
 03FB  75 01                    		jnz	loc_37			; Jump if not zero 
                                		retn 
 03FD  C3                     1                 db     0C3h
 03FE                           loc_37: 
 03FE  1E                       		push	ds 
 03FF  2E: A1 0094              		mov	ax,word ptr cs:[94h] 
 0403  33 D2                    		xor	dx,dx			; Zero register 
 0405  E8 041B R                		call	sub_7 
 0408  0E                       		push	cs 
 0409  1F                       		pop	ds 
 040A  BF 2437                  		mov	di,data_35e 
 040D  B9 0103                  		mov	cx,103h 
 0410  B8 3EBB                  		mov	ax,3EBBh 
 0413  BB FF01                  		mov	bx,data_50e 
 0416  E8 04A3 R                		call	sub_11 
 0419  1F                       		pop	ds 
                                		retn 
 041A  C3                     1                 db     0C3h
                                 
                                ;ﬂﬂﬂﬂﬂﬂﬂﬂﬂﬂﬂﬂﬂﬂﬂﬂﬂﬂﬂﬂﬂﬂﬂﬂﬂﬂﬂﬂﬂﬂﬂﬂﬂﬂﬂﬂﬂﬂﬂﬂﬂﬂﬂﬂﬂﬂﬂﬂﬂﬂﬂﬂﬂﬂﬂﬂﬂﬂﬂﬂﬂﬂﬂﬂﬂﬂﬂﬂﬂﬂﬂﬂﬂﬂ 
                                ;                              SUBROUTINE 
                                ;‹‹‹‹‹‹‹‹‹‹‹‹‹‹‹‹‹‹‹‹‹‹‹‹‹‹‹‹‹‹‹‹‹‹‹‹‹‹‹‹‹‹‹‹‹‹‹‹‹‹‹‹‹‹‹‹‹‹‹‹‹‹‹‹‹‹‹‹‹‹‹‹‹‹ 
                                 
 041B                           sub_7		proc	near 
 041B  BF 2433                  		mov	di,2433h 
 041E  E8 043A R                		call	sub_8 
 0421  B9 0006                  		mov	cx,6 
                                 
 0424                           locloop_38: 
 0424  2E: F6 05 FF             		test	byte ptr cs:[di],0FFh 
 0428  74 01                    		jz	loc_39			; Jump if zero 
                                		retn 
 042A  C3                     1                 db     0C3h
 042B                           loc_39: 
 042B  2E: C6 05 FF             		mov	byte ptr cs:[di],0FFh 
 042F  47                       		inc	di 
 0430  E2 F2                    		loop	locloop_38		; Loop if cx > 0 
                                 
                                		retn 
 0432  C3                     1                 db     0C3h
                                sub_7		endp 
Microsoft (R) Macro Assembler  Version 4.00                 3/29/26 15:11:23

                                                            Page     1-16
                                                            

                                 
 0433  0007[                    		db	7 dup (0) 
            00                  
                         ]      
                                
                                 
                                ;ﬂﬂﬂﬂﬂﬂﬂﬂﬂﬂﬂﬂﬂﬂﬂﬂﬂﬂﬂﬂﬂﬂﬂﬂﬂﬂﬂﬂﬂﬂﬂﬂﬂﬂﬂﬂﬂﬂﬂﬂﬂﬂﬂﬂﬂﬂﬂﬂﬂﬂﬂﬂﬂﬂﬂﬂﬂﬂﬂﬂﬂﬂﬂﬂﬂﬂﬂﬂﬂﬂﬂﬂﬂﬂ 
                                ;                              SUBROUTINE 
                                ;‹‹‹‹‹‹‹‹‹‹‹‹‹‹‹‹‹‹‹‹‹‹‹‹‹‹‹‹‹‹‹‹‹‹‹‹‹‹‹‹‹‹‹‹‹‹‹‹‹‹‹‹‹‹‹‹‹‹‹‹‹‹‹‹‹‹‹‹‹‹‹‹‹‹ 
                                 
 043A                           sub_8		proc	near 
 043A  B1 0F                    		mov	cl,0Fh 
 043C  BB 4240                  		mov	bx,4240h 
 043F  E8 0480 R                		call	sub_9 
 0442  2E: 88 35                		mov	cs:[di],dh 
 0445  B1 01                    		mov	cl,1 
 0447  BB 86A0                  		mov	bx,86A0h 
 044A  E8 0480 R                		call	sub_9 
 044D  2E: 88 75 01             		mov	cs:[di+1],dh 
 0451  32 C9                    		xor	cl,cl			; Zero register 
 0453  BB 2710                  		mov	bx,2710h 
 0456  E8 0480 R                		call	sub_9 
 0459  2E: 88 75 02             		mov	cs:[di+2],dh 
 045D  BB 03E8                  		mov	bx,3E8h 
 0460  E8 0499 R                		call	sub_10 
 0463  2E: 88 75 03             		mov	cs:[di+3],dh 
 0467  BB 0064                  		mov	bx,64h 
 046A  E8 0499 R                		call	sub_10 
 046D  2E: 88 75 04             		mov	cs:[di+4],dh 
 0471  BB 000A                  		mov	bx,0Ah 
 0474  E8 0499 R                		call	sub_10 
 0477  2E: 88 75 05             		mov	cs:[di+5],dh 
 047B  2E: 88 45 06             		mov	cs:[di+6],al 
                                		retn 
 047F  C3                     1                 db     0C3h
                                sub_8		endp 
                                 
                                 
                                ;ﬂﬂﬂﬂﬂﬂﬂﬂﬂﬂﬂﬂﬂﬂﬂﬂﬂﬂﬂﬂﬂﬂﬂﬂﬂﬂﬂﬂﬂﬂﬂﬂﬂﬂﬂﬂﬂﬂﬂﬂﬂﬂﬂﬂﬂﬂﬂﬂﬂﬂﬂﬂﬂﬂﬂﬂﬂﬂﬂﬂﬂﬂﬂﬂﬂﬂﬂﬂﬂﬂﬂﬂﬂﬂ 
                                ;                              SUBROUTINE 
                                ;‹‹‹‹‹‹‹‹‹‹‹‹‹‹‹‹‹‹‹‹‹‹‹‹‹‹‹‹‹‹‹‹‹‹‹‹‹‹‹‹‹‹‹‹‹‹‹‹‹‹‹‹‹‹‹‹‹‹‹‹‹‹‹‹‹‹‹‹‹‹‹‹‹‹ 
                                 
 0480                           sub_9		proc	near 
 0480  32 F6                    		xor	dh,dh			; Zero register 
 0482                           loc_40: 
 0482  2A D1                    		sub	dl,cl 
 0484  72 10                    		jc	loc_43			; Jump if carry Set 
 0486  2B C3                    		sub	ax,bx 
 0488  73 06                    		jnc	loc_41			; Jump if carry=0 
 048A  0A D2                    		or	dl,dl			; Zero ? 
 048C  74 06                    		jz	loc_42			; Jump if zero 
 048E  FE CA                    		dec	dl 
 0490                           loc_41: 
 0490  FE C6                    		inc	dh 
 0492  EB EE                    		jmp	short loc_40 
Microsoft (R) Macro Assembler  Version 4.00                 3/29/26 15:11:23

                                                            Page     1-17
                                                            

 0494                           loc_42: 
 0494  03 C3                    		add	ax,bx 
 0496                           loc_43: 
 0496  02 D1                    		add	dl,cl 
                                		retn 
 0498  C3                     1                 db     0C3h
                                sub_9		endp 
                                 
                                 
                                ;ﬂﬂﬂﬂﬂﬂﬂﬂﬂﬂﬂﬂﬂﬂﬂﬂﬂﬂﬂﬂﬂﬂﬂﬂﬂﬂﬂﬂﬂﬂﬂﬂﬂﬂﬂﬂﬂﬂﬂﬂﬂﬂﬂﬂﬂﬂﬂﬂﬂﬂﬂﬂﬂﬂﬂﬂﬂﬂﬂﬂﬂﬂﬂﬂﬂﬂﬂﬂﬂﬂﬂﬂﬂﬂ 
                                ;                              SUBROUTINE 
                                ;‹‹‹‹‹‹‹‹‹‹‹‹‹‹‹‹‹‹‹‹‹‹‹‹‹‹‹‹‹‹‹‹‹‹‹‹‹‹‹‹‹‹‹‹‹‹‹‹‹‹‹‹‹‹‹‹‹‹‹‹‹‹‹‹‹‹‹‹‹‹‹‹‹‹ 
                                 
 0499                           sub_10		proc	near 
 0499  32 F6                    		xor	dh,dh			; Zero register 
 049B  F7 F3                    		div	bx			; ax,dx rem=dx:ax/reg 
 049D  92                       		xchg	dx,ax 
 049E  8A F2                    		mov	dh,dl 
 04A0  32 D2                    		xor	dl,dl			; Zero register 
                                		retn 
 04A2  C3                     1                 db     0C3h
                                sub_10		endp 
                                 
                                 
                                ;ﬂﬂﬂﬂﬂﬂﬂﬂﬂﬂﬂﬂﬂﬂﬂﬂﬂﬂﬂﬂﬂﬂﬂﬂﬂﬂﬂﬂﬂﬂﬂﬂﬂﬂﬂﬂﬂﬂﬂﬂﬂﬂﬂﬂﬂﬂﬂﬂﬂﬂﬂﬂﬂﬂﬂﬂﬂﬂﬂﬂﬂﬂﬂﬂﬂﬂﬂﬂﬂﬂﬂﬂﬂﬂ 
                                ;                              SUBROUTINE 
                                ;‹‹‹‹‹‹‹‹‹‹‹‹‹‹‹‹‹‹‹‹‹‹‹‹‹‹‹‹‹‹‹‹‹‹‹‹‹‹‹‹‹‹‹‹‹‹‹‹‹‹‹‹‹‹‹‹‹‹‹‹‹‹‹‹‹‹‹‹‹‹‹‹‹‹ 
                                 
 04A3                           sub_11		proc	near 
 04A3  88 3E 2CBE               		mov	ds:data_39e,bh 
 04A7  32 FF                    		xor	bh,bh			; Zero register 
 04A9  8A 97 24EA               		mov	dl,ds:data_36e[bx] 
 04AD  88 16 2CBD               		mov	ds:data_38e,dl 
 04B1  33 DB                    		xor	bx,bx			; Zero register 
 04B3  8A DC                    		mov	bl,ah 
 04B5  8A E7                    		mov	ah,bh 
 04B7  53                       		push	bx 
 04B8  BB 0140                  		mov	bx,140h 
 04BB  F7 E3                    		mul	bx			; dx:ax = reg * ax 
 04BD  5B                       		pop	bx 
 04BE  03 DB                    		add	bx,bx 
 04C0  03 DB                    		add	bx,bx 
 04C2  03 D8                    		add	bx,ax 
 04C4  D0 ED                    		shr	ch,1			; Shift w/zeros fill 
 04C6  1B C0                    		sbb	ax,ax 
 04C8  25 0002                  		and	ax,2 
 04CB  03 D8                    		add	bx,ax 
 04CD  B8 A000                  		mov	ax,0A000h 
 04D0  8E C0                    		mov	es,ax 
 04D2                           loc_44: 
 04D2  8A 05                    		mov	al,[di] 
 04D4  47                       		inc	di 
 04D5  53                       		push	bx 
 04D6  51                       		push	cx 
 04D7  57                       		push	di 
Microsoft (R) Macro Assembler  Version 4.00                 3/29/26 15:11:23

                                                            Page     1-18
                                                            

 04D8  1E                       		push	ds 
 04D9  8B FB                    		mov	di,bx 
 04DB  E8 04F2 R                		call	sub_12 
 04DE  1F                       		pop	ds 
 04DF  5F                       		pop	di 
 04E0  59                       		pop	cx 
 04E1  5B                       		pop	bx 
 04E2  83 C3 06                 		add	bx,6 
 04E5  FE C9                    		dec	cl 
 04E7  75 E9                    		jnz	loc_44			; Jump if not zero 
                                		retn 
 04E9  C3                     1                 db     0C3h
                                sub_11		endp 
                                 
 04EA  00 09 12                 		db	 00h, 09h, 12h 
 04ED  1B 24 2D 36 3F           		db	 1Bh, 24h, 2Dh, 36h, 3Fh 
                                 
                                ;ﬂﬂﬂﬂﬂﬂﬂﬂﬂﬂﬂﬂﬂﬂﬂﬂﬂﬂﬂﬂﬂﬂﬂﬂﬂﬂﬂﬂﬂﬂﬂﬂﬂﬂﬂﬂﬂﬂﬂﬂﬂﬂﬂﬂﬂﬂﬂﬂﬂﬂﬂﬂﬂﬂﬂﬂﬂﬂﬂﬂﬂﬂﬂﬂﬂﬂﬂﬂﬂﬂﬂﬂﬂﬂ 
                                ;                              SUBROUTINE 
                                ;‹‹‹‹‹‹‹‹‹‹‹‹‹‹‹‹‹‹‹‹‹‹‹‹‹‹‹‹‹‹‹‹‹‹‹‹‹‹‹‹‹‹‹‹‹‹‹‹‹‹‹‹‹‹‹‹‹‹‹‹‹‹‹‹‹‹‹‹‹‹‹‹‹‹ 
                                 
 04F2                           sub_12		proc	near 
 04F2  F6 06 2CBE FF            		test	byte ptr ds:data_39e,0FFh 
 04F7  74 19                    		jz	loc_46			; Jump if zero 
 04F9  50                       		push	ax 
 04FA  57                       		push	di 
 04FB  B8 0505                  		mov	ax,505h 
 04FE  B9 0007                  		mov	cx,7 
                                 
 0501                           locloop_45: 
 0501  51                       		push	cx 
 0502  57                       		push	di 
 0503  B9 0003                  		mov	cx,3 
 0506  F3/ AB                   		rep	stosw			; Rep when cx >0 Store ax to es:[di] 
 0508  5F                       		pop	di 
 0509  81 C7 0140               		add	di,data_55e 
 050D  59                       		pop	cx 
 050E  E2 F1                    		loop	locloop_45		; Loop if cx > 0 
                                 
 0510  5F                       		pop	di 
 0511  58                       		pop	ax 
 0512                           loc_46: 
 0512  FE C0                    		inc	al 
 0514  75 01                    		jnz	loc_47			; Jump if not zero 
                                		retn 
 0516  C3                     1                 db     0C3h
 0517                           loc_47: 
 0517  FE C8                    		dec	al 
 0519  32 E4                    		xor	ah,ah			; Zero register 
 051B  03 C0                    		add	ax,ax 
 051D  03 C0                    		add	ax,ax 
 051F  03 C0                    		add	ax,ax 
 0521  2E: 03 06 F502           		add	ax,cs:data_48e 
 0526  8B F0                    		mov	si,ax 
 0528  0E                       		push	cs 
Microsoft (R) Macro Assembler  Version 4.00                 3/29/26 15:11:23

                                                            Page     1-19
                                                            

 0529  1F                       		pop	ds 
 052A  B9 0007                  		mov	cx,7 
                                 
 052D                           locloop_48: 
 052D  AC                       		lodsb				; String [si] to al 
 052E  02 C0                    		add	al,al 
 0530  02 C0                    		add	al,al 
 0532  B4 06                    		mov	ah,6 
 0534                           loc_49: 
 0534  02 C0                    		add	al,al 
 0536  73 08                    		jnc	loc_50			; Jump if carry=0 
 0538  2E: 8A 1E 2CBD           		mov	bl,cs:data_38e 
 053D  26: 88 1D                		mov	es:[di],bl 
 0540                           loc_50: 
 0540  47                       		inc	di 
 0541  FE CC                    		dec	ah 
 0543  75 EF                    		jnz	loc_49			; Jump if not zero 
 0545  81 C7 013A               		add	di,13Ah 
 0549  E2 E2                    		loop	locloop_48		; Loop if cx > 0 
                                 
                                		retn 
 054B  C3                     1                 db     0C3h
                                sub_12		endp 
                                 
                                			                        ;* No entry point to code 
 054C  1E                       		push	ds 
 054D  2E: 8E 1E FF2C           		mov	ds,cs:data_51e 
 0552  FE C8                    		dec	al 
 0554  32 E4                    		xor	ah,ah			; Zero register 
 0556  B9 010E                  		mov	cx,10Eh 
 0559  F7 E1                    		mul	cx			; dx:ax = reg * ax 
 055B  03 06 E200               		add	ax,ds:data_3e 
 055F  8B F0                    		mov	si,ax 
 0561  33 C0                    		xor	ax,ax			; Zero register 
 0563  8A C7                    		mov	al,bh 
 0565  8A FC                    		mov	bh,ah 
 0567  50                       		push	ax 
 0568  B8 0140                  		mov	ax,140h 
 056B  F7 E3                    		mul	bx			; dx:ax = reg * ax 
 056D  5D                       		pop	bp 
 056E  03 ED                    		add	bp,bp 
 0570  03 ED                    		add	bp,bp 
 0572  03 ED                    		add	bp,bp 
 0574  03 E8                    		add	bp,ax 
 0576  B8 A000                  		mov	ax,0A000h 
 0579  8E C0                    		mov	es,ax 
 057B  B9 0012                  		mov	cx,12h 
                                 
 057E                           locloop_51: 
 057E  51                       		push	cx 
 057F  8B 04                    		mov	ax,[si] 
 0581  86 E0                    		xchg	ah,al 
 0583  2E: A3 2CC3              		mov	cs:data_43e,ax 
 0587  8B 44 08                 		mov	ax,[si+8] 
 058A  2E: A3 2CC5              		mov	cs:data_44e,ax 
Microsoft (R) Macro Assembler  Version 4.00                 3/29/26 15:11:23

                                                            Page     1-20
                                                            

 058E  8B 44 0A                 		mov	ax,[si+0Ah] 
 0591  86 E0                    		xchg	ah,al 
 0593  2E: A3 2CC7              		mov	cs:data_45e,ax 
 0597  E8 07B2 R                		call	sub_14 
 059A  E8 07B2 R                		call	sub_14 
 059D  8B 44 02                 		mov	ax,[si+2] 
 05A0  86 E0                    		xchg	ah,al 
 05A2  2E: A3 2CC3              		mov	cs:data_43e,ax 
 05A6  8B 44 06                 		mov	ax,[si+6] 
 05A9  2E: A3 2CC5              		mov	cs:data_44e,ax 
 05AD  8B 44 0C                 		mov	ax,[si+0Ch] 
 05B0  86 E0                    		xchg	ah,al 
 05B2  2E: A3 2CC7              		mov	cs:data_45e,ax 
 05B6  E8 07B2 R                		call	sub_14 
 05B9  E8 07B2 R                		call	sub_14 
 05BC  32 C0                    		xor	al,al			; Zero register 
 05BE  8A 64 04                 		mov	ah,[si+4] 
 05C1  2E: A3 2CC3              		mov	cs:data_43e,ax 
 05C5  8A 64 05                 		mov	ah,[si+5] 
 05C8  2E: A3 2CC5              		mov	cs:data_44e,ax 
 05CC  8A 64 0E                 		mov	ah,[si+0Eh] 
 05CF  2E: A3 2CC7              		mov	cs:data_45e,ax 
 05D3  E8 07B2 R                		call	sub_14 
 05D6  83 C6 0F                 		add	si,0Fh 
 05D9  81 C5 012C               		add	bp,data_1e 
 05DD  59                       		pop	cx 
 05DE  E2 9E                    		loop	locloop_51		; Loop if cx > 0 
                                 
 05E0  1F                       		pop	ds 
                                		retn 
 05E1  C3                     1                 db     0C3h
                                			                        ;* No entry point to code 
 05E2  1E                       		push	ds 
 05E3  2E: 8E 1E FF2C           		mov	ds,cs:data_51e 
 05E8  FE C8                    		dec	al 
 05EA  32 E4                    		xor	ah,ah			; Zero register 
 05EC  B9 00C0                  		mov	cx,0C0h 
 05EF  F7 E1                    		mul	cx			; dx:ax = reg * ax 
 05F1  03 06 E206               		add	ax,ds:data_5e 
 05F5  8B F0                    		mov	si,ax 
 05F7  E8 0748 R                		call	sub_13 
 05FA  1F                       		pop	ds 
                                		retn 
 05FB  C3                     1                 db     0C3h
                                			                        ;* No entry point to code 
 05FC  1E                       		push	ds 
 05FD  2E: 8E 1E FF2C           		mov	ds,cs:data_51e 
 0602  FE C8                    		dec	al 
 0604  32 E4                    		xor	ah,ah			; Zero register 
 0606  B9 00C0                  		mov	cx,0C0h 
 0609  F7 E1                    		mul	cx			; dx:ax = reg * ax 
 060B  03 06 E202               		add	ax,ds:data_4e 
 060F  8B F0                    		mov	si,ax 
 0611  E8 0748 R                		call	sub_13 
 0614  1F                       		pop	ds 
Microsoft (R) Macro Assembler  Version 4.00                 3/29/26 15:11:23

                                                            Page     1-21
                                                            

                                		retn 
 0615  C3                     1                 db     0C3h
                                			                        ;* No entry point to code 
 0616  1E                       		push	ds 
 0617  BE 2658                  		mov	si,data_2e 
 061A  0A C0                    		or	al,al			; Zero ? 
 061C  74 14                    		jz	loc_52			; Jump if zero 
 061E  2E: 8E 1E FF2C           		mov	ds,cs:data_51e 
 0623  FE C8                    		dec	al 
 0625  32 E4                    		xor	ah,ah			; Zero register 
 0627  B9 00C0                  		mov	cx,0C0h 
 062A  F7 E1                    		mul	cx			; dx:ax = reg * ax 
 062C  03 06 E20C               		add	ax,ds:data_7e 
 0630  8B F0                    		mov	si,ax 
 0632                           loc_52: 
 0632  E8 0748 R                		call	sub_13 
 0635  1F                       		pop	ds 
                                		retn 
 0636  C3                     1                 db     0C3h
                                			                        ;* No entry point to code 
 0637  1E                       		push	ds 
 0638  BE 2658                  		mov	si,data_2e 
 063B  0A C0                    		or	al,al			; Zero ? 
 063D  74 14                    		jz	loc_53			; Jump if zero 
 063F  2E: 8E 1E FF2C           		mov	ds,cs:data_51e 
 0644  FE C8                    		dec	al 
 0646  32 E4                    		xor	ah,ah			; Zero register 
 0648  B9 00C0                  		mov	cx,0C0h 
 064B  F7 E1                    		mul	cx			; dx:ax = reg * ax 
 064D  03 06 E20A               		add	ax,ds:data_6e 
 0651  8B F0                    		mov	si,ax 
 0653                           loc_53: 
 0653  E8 0748 R                		call	sub_13 
 0656  1F                       		pop	ds 
                                		retn 
 0657  C3                     1                 db     0C3h
 0658  00 00 00 00 FC FF        		db	 00h, 00h, 00h, 00h,0FCh,0FFh 
 065E  FF 3F 2A AA AA A8        		db	0FFh, 3Fh, 2Ah,0AAh,0AAh,0A8h 
 0664  00 00 00 00 03 00        		db	 00h, 00h, 00h, 00h, 03h, 00h 
 066A  00 C0 80 00 00 02        		db	 00h,0C0h, 80h, 00h, 00h, 02h 
 0670  0E 38 F8 00 03 00        		db	 0Eh, 38h,0F8h, 00h, 03h, 00h 
 0676  00 C0 82 08 08 02        		db	 00h,0C0h, 82h, 08h, 08h, 02h 
 067C  0F BB 8E 00 03 00        		db	 0Fh,0BBh, 8Eh, 00h, 03h, 00h 
 0682  00 C0 80 88 82 02        		db	 00h,0C0h, 80h, 88h, 82h, 02h 
 0688  0F FB 8E 00 03 00        		db	 0Fh,0FBh, 8Eh, 00h, 03h, 00h 
 068E  00 C0 80 08 82 02        		db	 00h,0C0h, 80h, 08h, 82h, 02h 
 0694  0E FB 8E 00 03 00        		db	 0Eh,0FBh, 8Eh, 00h, 03h, 00h 
 069A  00 C0 82 08 82 02        		db	 00h,0C0h, 82h, 08h, 82h, 02h 
 06A0  0E 38 F8 00 03 00        		db	 0Eh, 38h,0F8h, 00h, 03h, 00h 
 06A6  00 C0 82 08 08 02        		db	 00h,0C0h, 82h, 08h, 08h, 02h 
 06AC  00 00 00 00 03 00        		db	 00h, 00h, 00h, 00h, 03h, 00h 
 06B2  00 C0 80 00 00 02        		db	 00h,0C0h, 80h, 00h, 00h, 02h 
 06B8  00 00 00 00 03 00        		db	 00h, 00h, 00h, 00h, 03h, 00h 
 06BE  00 C0 80 00 00 02        		db	 00h,0C0h, 80h, 00h, 00h, 02h 
 06C4  0E 38 FB F8 03 00        		db	 0Eh, 38h,0FBh,0F8h, 03h, 00h 
Microsoft (R) Macro Assembler  Version 4.00                 3/29/26 15:11:23

                                                            Page     1-22
                                                            

 06CA  00 C0 82 08 08 0A        		db	 00h,0C0h, 82h, 08h, 08h, 0Ah 
 06D0  0E 3B 83 80 03 00        		db	 0Eh, 3Bh, 83h, 80h, 03h, 00h 
 06D6  00 C0 82 08 80 82        		db	 00h,0C0h, 82h, 08h, 80h, 82h 
 06DC  0E 38 E3 C0 03 00        		db	 0Eh, 38h,0E3h,0C0h, 03h, 00h 
 06E2  00 C0 82 08 20 02        		db	 00h,0C0h, 82h, 08h, 20h, 02h 
 06E8  0E 38 3B 80 03 00        		db	 0Eh, 38h, 3Bh, 80h, 03h, 00h 
 06EE  00 C0 82 08 08 82        		db	 00h,0C0h, 82h, 08h, 08h, 82h 
 06F4  03 E3 E3 F8 03 00        		db	 03h,0E3h,0E3h,0F8h, 03h, 00h 
 06FA  00 C0 80 20 20 0A        		db	 00h,0C0h, 80h, 20h, 20h, 0Ah 
 0700  00 00 00 00 03 00        		db	 00h, 00h, 00h, 00h, 03h, 00h 
 0706  00 C0 80 00 00 02        		db	 00h,0C0h, 80h, 00h, 00h, 02h 
 070C  00 00 00 00 FC FF        		db	 00h, 00h, 00h, 00h,0FCh,0FFh 
 0712  FF 3F 2A AA AA A8        		db	0FFh, 3Fh, 2Ah,0AAh,0AAh,0A8h 
 0718  1E 2E 8E 1E 2C FF        		db	 1Eh, 2Eh, 8Eh, 1Eh, 2Ch,0FFh 
 071E  32 E4 B9 C0 00 F7        		db	 32h,0E4h,0B9h,0C0h, 00h,0F7h 
 0724  E1 03 06 08 E2 8B        		db	0E1h, 03h, 06h, 08h,0E2h, 8Bh 
 072A  F0 E8 1A 00 1F C3        		db	0F0h,0E8h, 1Ah, 00h, 1Fh,0C3h 
 0730  1E 2E 8E 1E 2C FF        		db	 1Eh, 2Eh, 8Eh, 1Eh, 2Ch,0FFh 
 0736  32 E4 B9 C0 00 F7        		db	 32h,0E4h,0B9h,0C0h, 00h,0F7h 
 073C  E1 03 06 04 E2 8B        		db	0E1h, 03h, 06h, 04h,0E2h, 8Bh 
 0742  F0 E8 02 00 1F C3        		db	0F0h,0E8h, 02h, 00h, 1Fh,0C3h 
                                 
                                ;ﬂﬂﬂﬂﬂﬂﬂﬂﬂﬂﬂﬂﬂﬂﬂﬂﬂﬂﬂﬂﬂﬂﬂﬂﬂﬂﬂﬂﬂﬂﬂﬂﬂﬂﬂﬂﬂﬂﬂﬂﬂﬂﬂﬂﬂﬂﬂﬂﬂﬂﬂﬂﬂﬂﬂﬂﬂﬂﬂﬂﬂﬂﬂﬂﬂﬂﬂﬂﬂﬂﬂﬂﬂﬂ 
                                ;                              SUBROUTINE 
                                ;‹‹‹‹‹‹‹‹‹‹‹‹‹‹‹‹‹‹‹‹‹‹‹‹‹‹‹‹‹‹‹‹‹‹‹‹‹‹‹‹‹‹‹‹‹‹‹‹‹‹‹‹‹‹‹‹‹‹‹‹‹‹‹‹‹‹‹‹‹‹‹‹‹‹ 
                                 
 0748                           sub_13		proc	near 
 0748  33 C0                    		xor	ax,ax			; Zero register 
 074A  8A C7                    		mov	al,bh 
 074C  8A FC                    		mov	bh,ah 
 074E  50                       		push	ax 
 074F  B8 0140                  		mov	ax,140h 
 0752  F7 E3                    		mul	bx			; dx:ax = reg * ax 
 0754  5D                       		pop	bp 
 0755  03 ED                    		add	bp,bp 
 0757  03 ED                    		add	bp,bp 
 0759  83 C5 02                 		add	bp,2 
 075C  03 E8                    		add	bp,ax 
 075E  B8 A000                  		mov	ax,0A000h 
 0761  8E C0                    		mov	es,ax 
 0763  B9 0010                  		mov	cx,10h 
                                 
 0766                           locloop_54: 
 0766  51                       		push	cx 
 0767  8B 04                    		mov	ax,[si] 
 0769  86 E0                    		xchg	ah,al 
 076B  2E: A3 2CC3              		mov	cs:data_43e,ax 
 076F  8B 44 06                 		mov	ax,[si+6] 
 0772  2E: A3 2CC5              		mov	cs:data_44e,ax 
 0776  8B 44 08                 		mov	ax,[si+8] 
 0779  86 E0                    		xchg	ah,al 
 077B  2E: A3 2CC7              		mov	cs:data_45e,ax 
 077F  E8 07B2 R                		call	sub_14 
 0782  E8 07B2 R                		call	sub_14 
 0785  8B 54 02                 		mov	dx,[si+2] 
Microsoft (R) Macro Assembler  Version 4.00                 3/29/26 15:11:23

                                                            Page     1-23
                                                            

 0788  86 F2                    		xchg	dh,dl 
 078A  2E: 89 16 2CC3           		mov	cs:data_43e,dx 
 078F  8B 54 04                 		mov	dx,[si+4] 
 0792  2E: 89 16 2CC5           		mov	cs:data_44e,dx 
 0797  8B 54 0A                 		mov	dx,[si+0Ah] 
 079A  86 F2                    		xchg	dh,dl 
 079C  2E: 89 16 2CC7           		mov	cs:data_45e,dx 
 07A1  E8 07B2 R                		call	sub_14 
 07A4  E8 07B2 R                		call	sub_14 
 07A7  83 C6 0C                 		add	si,0Ch 
 07AA  81 C5 0130               		add	bp,130h 
 07AE  59                       		pop	cx 
 07AF  E2 B5                    		loop	locloop_54		; Loop if cx > 0 
                                 
                                		retn 
 07B1  C3                     1                 db     0C3h
                                sub_13		endp 
                                 
                                 
                                ;ﬂﬂﬂﬂﬂﬂﬂﬂﬂﬂﬂﬂﬂﬂﬂﬂﬂﬂﬂﬂﬂﬂﬂﬂﬂﬂﬂﬂﬂﬂﬂﬂﬂﬂﬂﬂﬂﬂﬂﬂﬂﬂﬂﬂﬂﬂﬂﬂﬂﬂﬂﬂﬂﬂﬂﬂﬂﬂﬂﬂﬂﬂﬂﬂﬂﬂﬂﬂﬂﬂﬂﬂﬂﬂ 
                                ;                              SUBROUTINE 
                                ;‹‹‹‹‹‹‹‹‹‹‹‹‹‹‹‹‹‹‹‹‹‹‹‹‹‹‹‹‹‹‹‹‹‹‹‹‹‹‹‹‹‹‹‹‹‹‹‹‹‹‹‹‹‹‹‹‹‹‹‹‹‹‹‹‹‹‹‹‹‹‹‹‹‹ 
                                 
 07B2                           sub_14		proc	near 
 07B2  B9 0004                  		mov	cx,4 
                                 
 07B5                           locloop_55: 
 07B5  33 C0                    		xor	ax,ax			; Zero register 
 07B7  2E: D1 06 2CC7           		rol	word ptr cs:data_45e,1	; Rotate 
 07BC  13 C0                    		adc	ax,ax 
 07BE  2E: D1 06 2CC5           		rol	word ptr cs:data_44e,1	; Rotate 
 07C3  13 C0                    		adc	ax,ax 
 07C5  2E: D1 06 2CC3           		rol	word ptr cs:data_43e,1	; Rotate 
 07CA  13 C0                    		adc	ax,ax 
 07CC  2E: D1 06 2CC7           		rol	word ptr cs:data_45e,1	; Rotate 
 07D1  13 C0                    		adc	ax,ax 
 07D3  2E: D1 06 2CC5           		rol	word ptr cs:data_44e,1	; Rotate 
 07D8  13 C0                    		adc	ax,ax 
 07DA  2E: D1 06 2CC3           		rol	word ptr cs:data_43e,1	; Rotate 
 07DF  13 C0                    		adc	ax,ax 
 07E1  26: 88 46 00             		mov	es:[bp],al 
 07E5  45                       		inc	bp 
 07E6  E2 CD                    		loop	locloop_55		; Loop if cx > 0 
                                 
                                		retn 
 07E8  C3                     1                 db     0C3h
                                sub_14		endp 
                                 
                                 
                                ;ﬂﬂﬂﬂﬂﬂﬂﬂﬂﬂﬂﬂﬂﬂﬂﬂﬂﬂﬂﬂﬂﬂﬂﬂﬂﬂﬂﬂﬂﬂﬂﬂﬂﬂﬂﬂﬂﬂﬂﬂﬂﬂﬂﬂﬂﬂﬂﬂﬂﬂﬂﬂﬂﬂﬂﬂﬂﬂﬂﬂﬂﬂﬂﬂﬂﬂﬂﬂﬂﬂﬂﬂﬂﬂ 
                                ;                              SUBROUTINE 
                                ;‹‹‹‹‹‹‹‹‹‹‹‹‹‹‹‹‹‹‹‹‹‹‹‹‹‹‹‹‹‹‹‹‹‹‹‹‹‹‹‹‹‹‹‹‹‹‹‹‹‹‹‹‹‹‹‹‹‹‹‹‹‹‹‹‹‹‹‹‹‹‹‹‹‹ 
                                 
 07E9                           sub_15		proc	near 
 07E9  1E                       		push	ds 
Microsoft (R) Macro Assembler  Version 4.00                 3/29/26 15:11:23

                                                            Page     1-24
                                                            

 07EA  0E                       		push	cs 
 07EB  1F                       		pop	ds 
 07EC  53                       		push	bx 
 07ED  33 DB                    		xor	bx,bx			; Zero register 
 07EF  8A DC                    		mov	bl,ah 
 07F1  8A A7 24EA               		mov	ah,ds:data_36e[bx] 
 07F5  2E: F6 06 FF77 FF        		test	byte ptr cs:data_52e,0FFh 
 07FB  74 0C                    		jz	loc_56			; Jump if zero 
 07FD  8A E3                    		mov	ah,bl 
 07FF  02 E4                    		add	ah,ah 
 0801  02 E4                    		add	ah,ah 
 0803  02 E4                    		add	ah,ah 
 0805  02 E4                    		add	ah,ah 
 0807  0A E3                    		or	ah,bl 
 0809                           loc_56: 
 0809  88 26 2CBD               		mov	ds:data_38e,ah 
 080D  5B                       		pop	bx 
 080E  32 E4                    		xor	ah,ah			; Zero register 
 0810  2C 20                    		sub	al,20h			; ' ' 
 0812  03 C0                    		add	ax,ax 
 0814  03 C0                    		add	ax,ax 
 0816  03 C0                    		add	ax,ax 
 0818  03 06 F500               		add	ax,ds:data_47e 
 081C  50                       		push	ax 
 081D  8A C3                    		mov	al,bl 
 081F  24 03                    		and	al,3 
 0821  02 C0                    		add	al,al 
 0823  A2 2CBE                  		mov	ds:data_39e,al 
 0826  B8 0140                  		mov	ax,140h 
 0829  32 ED                    		xor	ch,ch			; Zero register 
 082B  F7 E1                    		mul	cx			; dx:ax = reg * ax 
 082D  03 C3                    		add	ax,bx 
 082F  8B F8                    		mov	di,ax 
 0831  5E                       		pop	si 
 0832  B8 A000                  		mov	ax,0A000h 
 0835  8E C0                    		mov	es,ax 
 0837  B9 0008                  		mov	cx,8 
                                 
 083A                           locloop_57: 
 083A  51                       		push	cx 
 083B  AC                       		lodsb				; String [si] to al 
 083C  B9 0008                  		mov	cx,8 
                                 
 083F                           locloop_58: 
 083F  02 C0                    		add	al,al 
 0841  73 08                    		jnc	loc_59			; Jump if carry=0 
 0843  2E: 8A 16 2CBD           		mov	dl,cs:data_38e 
 0848  26: 88 15                		mov	es:[di],dl 
 084B                           loc_59: 
 084B  47                       		inc	di 
 084C  E2 F1                    		loop	locloop_58		; Loop if cx > 0 
                                 
 084E  59                       		pop	cx 
 084F  81 C7 0138               		add	di,138h 
 0853  E2 E5                    		loop	locloop_57		; Loop if cx > 0 
Microsoft (R) Macro Assembler  Version 4.00                 3/29/26 15:11:23

                                                            Page     1-25
                                                            

                                 
 0855  1F                       		pop	ds 
                                		retn 
 0856  C3                     1                 db     0C3h
                                sub_15		endp 
                                 
                                			                        ;* No entry point to code 
 0857  1E                       		push	ds 
 0858  33 C0                    		xor	ax,ax			; Zero register 
 085A  8A C7                    		mov	al,bh 
 085C  8A FC                    		mov	bh,ah 
 085E  50                       		push	ax 
 085F  B8 0140                  		mov	ax,140h 
 0862  F7 E3                    		mul	bx			; dx:ax = reg * ax 
 0864  5F                       		pop	di 
 0865  03 FF                    		add	di,di 
 0867  03 FF                    		add	di,di 
 0869  03 FF                    		add	di,di 
 086B  03 F8                    		add	di,ax 
 086D  8B F7                    		mov	si,di 
 086F  81 C6 0140               		add	si,data_55e 
 0873  B8 A000                  		mov	ax,0A000h 
 0876  8E C0                    		mov	es,ax 
 0878  8E D8                    		mov	ds,ax 
 087A  8A DD                    		mov	bl,ch 
 087C  32 FF                    		xor	bh,bh			; Zero register 
 087E  03 DB                    		add	bx,bx 
 0880  03 DB                    		add	bx,bx 
 0882  32 ED                    		xor	ch,ch			; Zero register 
                                 
 0884                           locloop_60: 
 0884  51                       		push	cx 
 0885  57                       		push	di 
 0886  56                       		push	si 
 0887  8B CB                    		mov	cx,bx 
 0889  F3/ A5                   		rep	movsw			; Rep when cx >0 Mov [si] to es:[di] 
 088B  5E                       		pop	si 
 088C  5F                       		pop	di 
 088D  81 C7 0140               		add	di,data_54e 
 0891  81 C6 0140               		add	si,data_55e 
 0895  59                       		pop	cx 
 0896  E2 EC                    		loop	locloop_60		; Loop if cx > 0 
                                 
 0898  1F                       		pop	ds 
                                		retn 
 0899  C3                     1                 db     0C3h
                                			                        ;* No entry point to code 
 089A  1E                       		push	ds 
 089B  83 C7 00                 		add	di,0 
 089E  33 DB                    		xor	bx,bx			; Zero register 
 08A0  8A DC                    		mov	bl,ah 
 08A2  8A E7                    		mov	ah,bh 
 08A4  53                       		push	bx 
 08A5  BB 0140                  		mov	bx,140h 
 08A8  F7 E3                    		mul	bx			; dx:ax = reg * ax 
Microsoft (R) Macro Assembler  Version 4.00                 3/29/26 15:11:23

                                                            Page     1-26
                                                            

 08AA  5E                       		pop	si 
 08AB  03 F6                    		add	si,si 
 08AD  03 F6                    		add	si,si 
 08AF  03 F6                    		add	si,si 
 08B1  03 F0                    		add	si,ax 
 08B3  8C C8                    		mov	ax,cs 
 08B5  05 3000                  		add	ax,3000h 
 08B8  8E C0                    		mov	es,ax 
 08BA  B8 A000                  		mov	ax,0A000h 
 08BD  8E D8                    		mov	ds,ax 
 08BF  8A DD                    		mov	bl,ch 
 08C1  32 FF                    		xor	bh,bh			; Zero register 
 08C3  8A EF                    		mov	ch,bh 
 08C5  03 DB                    		add	bx,bx 
 08C7  03 DB                    		add	bx,bx 
                                 
 08C9                           locloop_61: 
 08C9  51                       		push	cx 
 08CA  56                       		push	si 
 08CB  8B CB                    		mov	cx,bx 
 08CD  F3/ A5                   		rep	movsw			; Rep when cx >0 Mov [si] to es:[di] 
 08CF  5E                       		pop	si 
 08D0  81 C6 0140               		add	si,data_54e 
 08D4  59                       		pop	cx 
 08D5  E2 F2                    		loop	locloop_61		; Loop if cx > 0 
                                 
 08D7  1F                       		pop	ds 
                                		retn 
 08D8  C3                     1                 db     0C3h
                                			                        ;* No entry point to code 
 08D9  1E                       		push	ds 
 08DA  8B F7                    		mov	si,di 
 08DC  83 C6 00                 		add	si,0 
 08DF  33 DB                    		xor	bx,bx			; Zero register 
 08E1  8A DC                    		mov	bl,ah 
 08E3  8A E7                    		mov	ah,bh 
 08E5  53                       		push	bx 
 08E6  BB 0140                  		mov	bx,140h 
 08E9  F7 E3                    		mul	bx			; dx:ax = reg * ax 
 08EB  5F                       		pop	di 
 08EC  03 FF                    		add	di,di 
 08EE  03 FF                    		add	di,di 
 08F0  03 FF                    		add	di,di 
 08F2  03 F8                    		add	di,ax 
 08F4  8C C8                    		mov	ax,cs 
 08F6  05 3000                  		add	ax,3000h 
 08F9  8E D8                    		mov	ds,ax 
 08FB  B8 A000                  		mov	ax,0A000h 
 08FE  8E C0                    		mov	es,ax 
 0900  8A DD                    		mov	bl,ch 
 0902  32 FF                    		xor	bh,bh			; Zero register 
 0904  8A EF                    		mov	ch,bh 
 0906  03 DB                    		add	bx,bx 
 0908  03 DB                    		add	bx,bx 
                                 
Microsoft (R) Macro Assembler  Version 4.00                 3/29/26 15:11:23

                                                            Page     1-27
                                                            

 090A                           locloop_62: 
 090A  51                       		push	cx 
 090B  57                       		push	di 
 090C  8B CB                    		mov	cx,bx 
 090E  F3/ A5                   		rep	movsw			; Rep when cx >0 Mov [si] to es:[di] 
 0910  5F                       		pop	di 
 0911  81 C7 0140               		add	di,140h 
 0915  59                       		pop	cx 
 0916  E2 F2                    		loop	locloop_62		; Loop if cx > 0 
                                 
 0918  1F                       		pop	ds 
                                		retn 
 0919  C3                     1                 db     0C3h
                                			                        ;* No entry point to code 
 091A  2E: 89 1E 2CC0           		mov	cs:data_41e,bx 
 091F  2E: 88 0E 2CC2           		mov	cs:data_42e,cl 
 0924  B0 01                    		mov	al,1 
 0926  2E: F6 06 FF77 FF        		test	byte ptr cs:data_52e,0FFh 
 092C  74 02                    		jz	loc_63			; Jump if zero 
 092E  B0 07                    		mov	al,7 
 0930                           loc_63: 
 0930  2E: A2 2CBF              		mov	cs:data_40e,al 
 0934                           loc_64: 
 0934  AC                       		lodsb				; String [si] to al 
 0935  3C FF                    		cmp	al,0FFh 
 0937  75 01                    		jne	loc_65			; Jump if not equal 
                                		retn 
 0939  C3                     1                 db     0C3h
 093A                           loc_65: 
 093A  3C 0D                    		cmp	al,0Dh 
 093C  74 17                    		je	loc_66			; Jump if equal 
 093E  0A C0                    		or	al,al			; Zero ? 
 0940  78 25                    		js	loc_67			; Jump if sign=1 
 0942  51                       		push	cx 
 0943  53                       		push	bx 
 0944  56                       		push	si 
 0945  2E: 8A 26 2CBF           		mov	ah,cs:data_40e 
 094A  E8 07E9 R                		call	sub_15 
 094D  5E                       		pop	si 
 094E  5B                       		pop	bx 
 094F  59                       		pop	cx 
 0950  83 C3 08                 		add	bx,8 
 0953  EB DF                    		jmp	short loc_64 
 0955                           loc_66: 
 0955  2E: 80 06 2CC2 08        		add	byte ptr cs:data_42e,8 
 095B  2E: 8A 0E 2CC2           		mov	cl,cs:data_42e 
 0960  2E: 8B 1E 2CC0           		mov	bx,cs:data_41e 
 0965  EB CD                    		jmp	short loc_64 
 0967                           loc_67: 
 0967  24 07                    		and	al,7 
 0969  2E: A2 2CBF              		mov	cs:data_40e,al 
 096D  EB C5                    		jmp	short loc_64 
                                			                        ;* No entry point to code 
 096F  1E                       		push	ds 
 0970  52                       		push	dx 
Microsoft (R) Macro Assembler  Version 4.00                 3/29/26 15:11:23

                                                            Page     1-28
                                                            

 0971  33 C0                    		xor	ax,ax			; Zero register 
 0973  8A C7                    		mov	al,bh 
 0975  8A FC                    		mov	bh,ah 
 0977  50                       		push	ax 
 0978  B8 0140                  		mov	ax,140h 
 097B  F7 E3                    		mul	bx			; dx:ax = reg * ax 
 097D  5E                       		pop	si 
 097E  03 F6                    		add	si,si 
 0980  03 F6                    		add	si,si 
 0982  03 F6                    		add	si,si 
 0984  03 F0                    		add	si,ax 
 0986  5B                       		pop	bx 
 0987  33 C0                    		xor	ax,ax			; Zero register 
 0989  8A C7                    		mov	al,bh 
 098B  8A FC                    		mov	bh,ah 
 098D  50                       		push	ax 
 098E  B8 0140                  		mov	ax,140h 
 0991  F7 E3                    		mul	bx			; dx:ax = reg * ax 
 0993  5F                       		pop	di 
 0994  03 FF                    		add	di,di 
 0996  03 FF                    		add	di,di 
 0998  03 FF                    		add	di,di 
 099A  03 F8                    		add	di,ax 
 099C  B8 A000                  		mov	ax,0A000h 
 099F  8E C0                    		mov	es,ax 
 09A1  8E D8                    		mov	ds,ax 
 09A3  8A DD                    		mov	bl,ch 
 09A5  32 FF                    		xor	bh,bh			; Zero register 
 09A7  03 DB                    		add	bx,bx 
 09A9  03 DB                    		add	bx,bx 
 09AB  32 ED                    		xor	ch,ch			; Zero register 
                                 
 09AD                           locloop_68: 
 09AD  51                       		push	cx 
 09AE  57                       		push	di 
 09AF  56                       		push	si 
 09B0  8B CB                    		mov	cx,bx 
 09B2  F3/ A5                   		rep	movsw			; Rep when cx >0 Mov [si] to es:[di] 
 09B4  5E                       		pop	si 
 09B5  5F                       		pop	di 
 09B6  81 C7 0140               		add	di,140h 
 09BA  81 C6 0140               		add	si,140h 
 09BE  59                       		pop	cx 
 09BF  E2 EC                    		loop	locloop_68		; Loop if cx > 0 
                                 
 09C1  1F                       		pop	ds 
                                		retn 
 09C2  C3                     1                 db     0C3h
                                			                        ;* No entry point to code 
 09C3  53                       		push	bx 
 09C4  33 DB                    		xor	bx,bx			; Zero register 
 09C6  8A D8                    		mov	bl,al 
 09C8  8A 87 24EA               		mov	al,ds:data_36e[bx] 
 09CC  A2 2CBD                  		mov	ds:data_38e,al 
 09CF  5B                       		pop	bx 
Microsoft (R) Macro Assembler  Version 4.00                 3/29/26 15:11:23

                                                            Page     1-29
                                                            

 09D0  33 C0                    		xor	ax,ax			; Zero register 
 09D2  8A C7                    		mov	al,bh 
 09D4  8A FC                    		mov	bh,ah 
 09D6  50                       		push	ax 
 09D7  B8 0140                  		mov	ax,140h 
 09DA  F7 E3                    		mul	bx			; dx:ax = reg * ax 
 09DC  5F                       		pop	di 
 09DD  03 FF                    		add	di,di 
 09DF  03 FF                    		add	di,di 
 09E1  03 F8                    		add	di,ax 
 09E3  B8 A000                  		mov	ax,0A000h 
 09E6  8E C0                    		mov	es,ax 
 09E8  E8 0A06 R                		call	sub_16 
 09EB  A0 2CBD                  		mov	al,ds:data_38e 
 09EE  B9 0010                  		mov	cx,10h 
                                 
 09F1                           locloop_69: 
 09F1  26: 88 05                		mov	es:[di],al 
 09F4  26: 88 45 01             		mov	es:[di+1],al 
 09F8  26: 88 45 12             		mov	es:[di+12h],al 
 09FC  26: 88 45 13             		mov	es:[di+13h],al 
 0A00  81 C7 0140               		add	di,data_55e 
 0A04  E2 EB                    		loop	locloop_69		; Loop if cx > 0 
                                 
                                 
                                ;ﬂﬂﬂﬂﬂﬂﬂﬂﬂﬂﬂﬂﬂﬂﬂﬂﬂﬂﬂﬂﬂﬂﬂﬂﬂﬂﬂﬂﬂﬂﬂﬂﬂﬂﬂﬂﬂﬂﬂﬂﬂﬂﬂﬂﬂﬂﬂﬂﬂﬂﬂﬂﬂﬂﬂﬂﬂﬂﬂﬂﬂﬂﬂﬂﬂﬂﬂﬂﬂﬂﬂﬂﬂﬂ 
                                ;                              SUBROUTINE 
                                ;‹‹‹‹‹‹‹‹‹‹‹‹‹‹‹‹‹‹‹‹‹‹‹‹‹‹‹‹‹‹‹‹‹‹‹‹‹‹‹‹‹‹‹‹‹‹‹‹‹‹‹‹‹‹‹‹‹‹‹‹‹‹‹‹‹‹‹‹‹‹‹‹‹‹ 
                                 
 0A06                           sub_16		proc	near 
 0A06  B9 0002                  		mov	cx,2 
                                 
 0A09                           locloop_70: 
 0A09  51                       		push	cx 
 0A0A  57                       		push	di 
 0A0B  A0 2CBD                  		mov	al,ds:data_38e 
 0A0E  B9 0014                  		mov	cx,14h 
 0A11  F3/ AA                   		rep	stosb			; Rep when cx >0 Store al to es:[di] 
 0A13  5F                       		pop	di 
 0A14  81 C7 0140               		add	di,140h 
 0A18  59                       		pop	cx 
 0A19  E2 EE                    		loop	locloop_70		; Loop if cx > 0 
                                 
                                		retn 
 0A1B  C3                     1                 db     0C3h
                                sub_16		endp 
                                 
                                			                        ;* No entry point to code 
 0A1C  1E                       		push	ds 
 0A1D  56                       		push	si 
 0A1E  0E                       		push	cs 
 0A1F  1F                       		pop	ds 
 0A20  32 E4                    		xor	ah,ah			; Zero register 
 0A22  03 C0                    		add	ax,ax 
 0A24  8B F0                    		mov	si,ax 
Microsoft (R) Macro Assembler  Version 4.00                 3/29/26 15:11:23

                                                            Page     1-30
                                                            

 0A26  33 C0                    		xor	ax,ax			; Zero register 
 0A28  8A C7                    		mov	al,bh 
 0A2A  8A FC                    		mov	bh,ah 
 0A2C  50                       		push	ax 
 0A2D  B8 0140                  		mov	ax,140h 
 0A30  F7 E3                    		mul	bx			; dx:ax = reg * ax 
 0A32  5F                       		pop	di 
 0A33  03 FF                    		add	di,di 
 0A35  03 FF                    		add	di,di 
 0A37  03 F8                    		add	di,ax 
 0A39  B8 A000                  		mov	ax,0A000h 
 0A3C  8E C0                    		mov	es,ax 
 0A3E  8B B4 2A5D               		mov	si,ds:data_37e[si] 
 0A42  B9 000D                  		mov	cx,0Dh 
                                 
 0A45                           locloop_71: 
 0A45  51                       		push	cx 
 0A46  B9 0010                  		mov	cx,10h 
                                 
 0A49                           locloop_72: 
 0A49  AC                       		lodsb				; String [si] to al 
 0A4A  3C 80                    		cmp	al,80h 
 0A4C  74 02                    		je	loc_73			; Jump if equal 
 0A4E  AA                       		stosb				; Store al to es:[di] 
 0A4F  4F                       		dec	di 
 0A50                           loc_73: 
 0A50  47                       		inc	di 
 0A51  E2 F6                    		loop	locloop_72		; Loop if cx > 0 
                                 
 0A53  59                       		pop	cx 
 0A54  81 C7 0130 R             		add	di,offset data_16 
 0A58  E2 EB                    		loop	locloop_71		; Loop if cx > 0 
                                 
 0A5A  5E                       		pop	si 
 0A5B  1F                       		pop	ds 
                                		retn 
 0A5C  C3                     1                 db     0C3h
 0A5D  61 2A 31 2B 80 80        		db	 61h, 2Ah, 31h, 2Bh, 80h, 80h 
 0A63  80 80 80 80 00 00        		db	 80h, 80h, 80h, 80h, 00h, 00h 
 0A69  00 00 80 00 80           		db	 00h, 00h, 80h, 00h, 80h 
 0A6E  0007[                    		db	7 dup (80h) 
            80                  
                         ]      
                                
 0A75  00 00 11 11 11 12        		db	 00h, 00h, 11h, 11h, 11h, 12h 
 0A7B  00 00                    		db	 00h, 00h 
 0A7D  0008[                    		db	8 dup (80h) 
            80                  
                         ]      
                                
 0A85  00 11 11 09 09 01        		db	 00h, 11h, 11h, 09h, 09h, 01h 
 0A8B  12 00                    		db	 12h, 00h 
 0A8D  0008[                    		db	8 dup (80h) 
            80                  
                         ]      
Microsoft (R) Macro Assembler  Version 4.00                 3/29/26 15:11:23

                                                            Page     1-31
                                                            

                                
 0A95  00 11 09 09 09 28        		db	 00h, 11h, 09h, 09h, 09h, 28h 
 0A9B  2A 10                    		db	 2Ah, 10h 
 0A9D  0008[                    		db	8 dup (80h) 
            80                  
                         ]      
                                
 0AA5  11 15 01 09 0D 05        		db	 11h, 15h, 01h, 09h, 0Dh, 05h 
 0AAB  05 12 00                 		db	 05h, 12h, 00h 
 0AAE  0007[                    		db	7 dup (80h) 
            80                  
                         ]      
                                
 0AB5  11 10 28 28 2D 28        		db	 11h, 10h, 28h, 28h, 2Dh, 28h 
 0ABB  28 12 00                 		db	 28h, 12h, 00h 
 0ABE  0007[                    		db	7 dup (80h) 
            80                  
                         ]      
                                
 0AC5  12 15 05 05 05 05        		db	 12h, 15h, 05h, 05h, 05h, 05h 
 0ACB  05 12 00 80 80 80        		db	 05h, 12h, 00h, 80h, 80h, 80h 
 0AD1  80 80 80 80 00 12        		db	 80h, 80h, 80h, 80h, 00h, 12h 
 0AD7  05 2D 2D 05 15 02        		db	 05h, 2Dh, 2Dh, 05h, 15h, 02h 
 0ADD  80                       		db	 80h 
 0ADE  0007[                    		db	7 dup (80h) 
            80                  
                         ]      
                                
 0AE5  00 02 02 2D 2D 05        		db	 00h, 02h, 02h, 2Dh, 2Dh, 05h 
 0AEB  12 00 80 80 80 80        		db	 12h, 00h, 80h, 80h, 80h, 80h 
 0AF1  80 80 80 80 00 00        		db	 80h, 80h, 80h, 80h, 00h, 00h 
 0AF7  02 12 12 12 00 00        		db	 02h, 12h, 12h, 12h, 00h, 00h 
 0AFD  0008[                    		db	8 dup (80h) 
            80                  
                         ]      
                                
 0B05  00 00 80 00 00 00        		db	 00h, 00h, 80h, 00h, 00h, 00h 
 0B0B  80 00 80                 		db	 80h, 00h, 80h 
 0B0E  0027[                    		db	39 dup (80h) 
            80                  
                         ]      
                                
 0B35  00 01 09 09 09 1B        		db	 00h, 01h, 09h, 09h, 09h, 1Bh 
 0B3B  03 00                    		db	 03h, 00h 
 0B3D  0007[                    		db	7 dup (80h) 
            80                  
                         ]      
                                
 0B44  00 09 09 00 00 00        		db	 00h, 09h, 09h, 00h, 00h, 00h 
 0B4A  00 03 1B 00 80 80        		db	 00h, 03h, 1Bh, 00h, 80h, 80h 
 0B50  80 80 80 00 09 01        		db	 80h, 80h, 80h, 00h, 09h, 01h 
 0B56  00 01 09 01 00 00        		db	 00h, 01h, 09h, 01h, 00h, 00h 
 0B5C  03 03 00 80 80 80        		db	 03h, 03h, 00h, 80h, 80h, 80h 
 0B62  80 01 09 00 09 09        		db	 80h, 01h, 09h, 00h, 09h, 09h 
 0B68  01 00 00 01 00 03        		db	 01h, 00h, 00h, 01h, 00h, 03h 
Microsoft (R) Macro Assembler  Version 4.00                 3/29/26 15:11:23

                                                            Page     1-32
                                                            

 0B6E  03 80 80 80 00 09        		db	 03h, 80h, 80h, 80h, 00h, 09h 
 0B74  01 01 09 09 00 00        		db	 01h, 01h, 09h, 09h, 00h, 00h 
 0B7A  00 00 01 03 03 00        		db	 00h, 00h, 01h, 03h, 03h, 00h 
 0B80  80 80 00 09 00 09        		db	 80h, 80h, 00h, 09h, 00h, 09h 
 0B86  01 00 00 02 02 00        		db	 01h, 00h, 00h, 02h, 02h, 00h 
 0B8C  00 00 0B 00 80 80        		db	 00h, 00h, 0Bh, 00h, 80h, 80h 
 0B92  00 09 00 01 00 00        		db	 00h, 09h, 00h, 01h, 00h, 00h 
 0B98  02 02 02 02 02 02        		db	 02h, 02h, 02h, 02h, 02h, 02h 
 0B9E  0B 00 80 80 00 09        		db	 0Bh, 00h, 80h, 80h, 00h, 09h 
 0BA4  03 01 02 02 02 12        		db	 03h, 01h, 02h, 02h, 02h, 12h 
 0BAA  12 12 02 01 0B 00        		db	 12h, 12h, 02h, 01h, 0Bh, 00h 
 0BB0  80 80 80 01 1B 02        		db	 80h, 80h, 80h, 01h, 1Bh, 02h 
 0BB6  01 02 12 12 12 12        		db	 01h, 02h, 12h, 12h, 12h, 12h 
 0BBC  02 09 01 80 80 80        		db	 02h, 09h, 01h, 80h, 80h, 80h 
 0BC2  80 00 0B 03 02 0A        		db	 80h, 00h, 0Bh, 03h, 02h, 0Ah 
 0BC8  01 12 12 12 01 09        		db	 01h, 12h, 12h, 12h, 01h, 09h 
 0BCE  00 80 80 80 80 80        		db	 00h, 80h, 80h, 80h, 80h, 80h 
 0BD4  00 1B 03 02 00 02        		db	 00h, 1Bh, 03h, 02h, 00h, 02h 
 0BDA  02 01 09 00 80 80        		db	 02h, 01h, 09h, 00h, 80h, 80h 
 0BE0  80 80 80 80 80 00        		db	 80h, 80h, 80h, 80h, 80h, 00h 
 0BE6  03 01 03 03 01 03        		db	 03h, 01h, 03h, 03h, 01h, 03h 
 0BEC  00 80 80 80 80 80        		db	 00h, 80h, 80h, 80h, 80h, 80h 
 0BF2  80 80 80 80 00 00        		db	 80h, 80h, 80h, 80h, 00h, 00h 
 0BF8  00 00 00 00 80 80        		db	 00h, 00h, 00h, 00h, 80h, 80h 
 0BFE  80 80 80 B8 00 A0        		db	 80h, 80h, 80h,0B8h, 00h,0A0h 
 0C04  8E C0 33 FF B9 08        		db	 8Eh,0C0h, 33h,0FFh,0B9h, 08h 
 0C0A  00                       		db	 00h 
                                 
 0C0B                           locloop_74: 
 0C0B  51                       		push	cx 
 0C0C  57                       		push	di 
 0C0D  B9 0019                  		mov	cx,19h 
                                 
 0C10                           locloop_75: 
 0C10  51                       		push	cx 
 0C11  57                       		push	di 
 0C12  B9 00A0                  		mov	cx,0A0h 
 0C15  33 C0                    		xor	ax,ax			; Zero register 
 0C17  F3/ AB                   		rep	stosw			; Rep when cx >0 Store ax to es:[di] 
 0C19  5F                       		pop	di 
 0C1A  81 C7 0A00               		add	di,0A00h 
 0C1E  59                       		pop	cx 
 0C1F  E2 EF                    		loop	locloop_75		; Loop if cx > 0 
                                 
 0C21  5F                       		pop	di 
 0C22  81 C7 0140               		add	di,140h 
 0C26  59                       		pop	cx 
 0C27  E2 E2                    		loop	locloop_74		; Loop if cx > 0 
                                 
                                		retn 
 0C29  C3                     1                 db     0C3h
                                			                        ;* No entry point to code 
 0C2A  51                       		push	cx 
 0C2B  1E                       		push	ds 
 0C2C  56                       		push	si 
Microsoft (R) Macro Assembler  Version 4.00                 3/29/26 15:11:23

                                                            Page     1-33
                                                            

 0C2D  8C C8                    		mov	ax,cs 
 0C2F  05 3000                  		add	ax,3000h 
 0C32  8E C0                    		mov	es,ax 
 0C34  B8 0030                  		mov	ax,30h 
 0C37  F7 E1                    		mul	cx			; dx:ax = reg * ax 
 0C39  8B C8                    		mov	cx,ax 
 0C3B  BF 0000                  		mov	di,data_53e 
 0C3E  F3/ A4                   		rep	movsb			; Rep when cx >0 Mov [si] to es:[di] 
 0C40  5F                       		pop	di 
 0C41  07                       		pop	es 
 0C42  59                       		pop	cx 
 0C43  8C C8                    		mov	ax,cs 
 0C45  05 3000                  		add	ax,3000h 
 0C48  8E D8                    		mov	ds,ax 
 0C4A  BE 0000                  		mov	si,data_53e 
                                 
 0C4D                           locloop_76: 
 0C4D  51                       		push	cx 
 0C4E  E8 0C55 R                		call	sub_17 
 0C51  59                       		pop	cx 
 0C52  E2 F9                    		loop	locloop_76		; Loop if cx > 0 
                                 
                                		retn 
 0C54  C3                     1                 db     0C3h
                                 
                                ;ﬂﬂﬂﬂﬂﬂﬂﬂﬂﬂﬂﬂﬂﬂﬂﬂﬂﬂﬂﬂﬂﬂﬂﬂﬂﬂﬂﬂﬂﬂﬂﬂﬂﬂﬂﬂﬂﬂﬂﬂﬂﬂﬂﬂﬂﬂﬂﬂﬂﬂﬂﬂﬂﬂﬂﬂﬂﬂﬂﬂﬂﬂﬂﬂﬂﬂﬂﬂﬂﬂﬂﬂﬂﬂ 
                                ;                              SUBROUTINE 
                                ;‹‹‹‹‹‹‹‹‹‹‹‹‹‹‹‹‹‹‹‹‹‹‹‹‹‹‹‹‹‹‹‹‹‹‹‹‹‹‹‹‹‹‹‹‹‹‹‹‹‹‹‹‹‹‹‹‹‹‹‹‹‹‹‹‹‹‹‹‹‹‹‹‹‹ 
                                 
 0C55                           sub_17		proc	near 
 0C55  B9 0008                  		mov	cx,8 
                                 
 0C58                           locloop_77: 
 0C58  51                       		push	cx 
 0C59  AD                       		lodsw				; String [si] to ax 
 0C5A  86 E0                    		xchg	ah,al 
 0C5C  2E: A3 2CC3              		mov	cs:data_43e,ax 
 0C60  AD                       		lodsw				; String [si] to ax 
 0C61  86 E0                    		xchg	ah,al 
 0C63  2E: A3 2CC5              		mov	cs:data_44e,ax 
 0C67  AD                       		lodsw				; String [si] to ax 
 0C68  86 E0                    		xchg	ah,al 
 0C6A  2E: A3 2CC7              		mov	cs:data_45e,ax 
 0C6E  E8 0C75 R                		call	sub_18 
 0C71  59                       		pop	cx 
 0C72  E2 E4                    		loop	locloop_77		; Loop if cx > 0 
                                 
                                		retn 
 0C74  C3                     1                 db     0C3h
                                sub_17		endp 
                                 
                                 
                                ;ﬂﬂﬂﬂﬂﬂﬂﬂﬂﬂﬂﬂﬂﬂﬂﬂﬂﬂﬂﬂﬂﬂﬂﬂﬂﬂﬂﬂﬂﬂﬂﬂﬂﬂﬂﬂﬂﬂﬂﬂﬂﬂﬂﬂﬂﬂﬂﬂﬂﬂﬂﬂﬂﬂﬂﬂﬂﬂﬂﬂﬂﬂﬂﬂﬂﬂﬂﬂﬂﬂﬂﬂﬂﬂ 
                                ;                              SUBROUTINE 
                                ;‹‹‹‹‹‹‹‹‹‹‹‹‹‹‹‹‹‹‹‹‹‹‹‹‹‹‹‹‹‹‹‹‹‹‹‹‹‹‹‹‹‹‹‹‹‹‹‹‹‹‹‹‹‹‹‹‹‹‹‹‹‹‹‹‹‹‹‹‹‹‹‹‹‹ 
Microsoft (R) Macro Assembler  Version 4.00                 3/29/26 15:11:23

                                                            Page     1-34
                                                            

                                 
 0C75                           sub_18		proc	near 
 0C75  B9 0002                  		mov	cx,2 
                                 
 0C78                           locloop_78: 
 0C78  E8 0CA7 R                		call	sub_19 
 0C7B  E8 0CA7 R                		call	sub_19 
 0C7E  E8 0CA7 R                		call	sub_19 
 0C81  E8 0CA7 R                		call	sub_19 
 0C84  E8 0CA7 R                		call	sub_19 
 0C87  2E: D1 06 2CC7           		rol	word ptr cs:data_45e,1	; Rotate 
 0C8C  13 C0                    		adc	ax,ax 
 0C8E  AB                       		stosw				; Store ax to es:[di] 
 0C8F  2E: D1 06 2CC5           		rol	word ptr cs:data_44e,1	; Rotate 
 0C94  13 C0                    		adc	ax,ax 
 0C96  2E: D1 06 2CC3           		rol	word ptr cs:data_43e,1	; Rotate 
 0C9B  13 C0                    		adc	ax,ax 
 0C9D  E8 0CA7 R                		call	sub_19 
 0CA0  E8 0CA7 R                		call	sub_19 
 0CA3  AA                       		stosb				; Store al to es:[di] 
 0CA4  E2 D2                    		loop	locloop_78		; Loop if cx > 0 
                                 
                                		retn 
 0CA6  C3                     1                 db     0C3h
                                sub_18		endp 
                                 
                                 
                                ;ﬂﬂﬂﬂﬂﬂﬂﬂﬂﬂﬂﬂﬂﬂﬂﬂﬂﬂﬂﬂﬂﬂﬂﬂﬂﬂﬂﬂﬂﬂﬂﬂﬂﬂﬂﬂﬂﬂﬂﬂﬂﬂﬂﬂﬂﬂﬂﬂﬂﬂﬂﬂﬂﬂﬂﬂﬂﬂﬂﬂﬂﬂﬂﬂﬂﬂﬂﬂﬂﬂﬂﬂﬂﬂ 
                                ;                              SUBROUTINE 
                                ;‹‹‹‹‹‹‹‹‹‹‹‹‹‹‹‹‹‹‹‹‹‹‹‹‹‹‹‹‹‹‹‹‹‹‹‹‹‹‹‹‹‹‹‹‹‹‹‹‹‹‹‹‹‹‹‹‹‹‹‹‹‹‹‹‹‹‹‹‹‹‹‹‹‹ 
                                 
 0CA7                           sub_19		proc	near 
 0CA7  2E: D1 06 2CC7           		rol	word ptr cs:data_45e,1	; Rotate 
 0CAC  13 C0                    		adc	ax,ax 
 0CAE  2E: D1 06 2CC5           		rol	word ptr cs:data_44e,1	; Rotate 
 0CB3  13 C0                    		adc	ax,ax 
 0CB5  2E: D1 06 2CC3           		rol	word ptr cs:data_43e,1	; Rotate 
 0CBA  13 C0                    		adc	ax,ax 
                                		retn 
 0CBC  C3                     1                 db     0C3h
                                sub_19		endp 
                                 
 0CBD  000C[                    		db	12 dup (0) 
            00                  
                         ]      
                                
                                 
 0CC9                           seg_a		ends 
                                 
                                 
                                 
                                		end	start 

Microsoft (R) Macro Assembler  Version 4.00                 3/29/26 15:11:23

                                                            Symbols-1
                                                             

Macros:

		N a m e			Lines

CALLF  . . . . . . . . . . . . .  	   2
CALLFX . . . . . . . . . . . . .  	   3
JMPN . . . . . . . . . . . . . .  	   2
MOVSEG . . . . . . . . . . . . .  	  43
RETF . . . . . . . . . . . . . .  	   6
RETN . . . . . . . . . . . . . .  	   6

Segments and Groups:

                N a m e         	Size	Align	Combine Class

SEG_A  . . . . . . . . . . . . .  	0CC9	BYTE	PUBLIC	

Symbols:            

                N a m e         	Type	Value	Attr         

DATA_16  . . . . . . . . . . . .  	L BYTE 	0130	SEG_A
DATA_1E  . . . . . . . . . . . .  	Number	012C	
DATA_2E  . . . . . . . . . . . .  	Number	2658	
DATA_32E . . . . . . . . . . . .  	Number	2226	
DATA_33E . . . . . . . . . . . .  	Number	2434	
DATA_34E . . . . . . . . . . . .  	Number	2435	
DATA_35E . . . . . . . . . . . .  	Number	2437	
DATA_36E . . . . . . . . . . . .  	Number	24EA	
DATA_37E . . . . . . . . . . . .  	Number	2A5D	
DATA_38E . . . . . . . . . . . .  	Number	2CBD	
DATA_39E . . . . . . . . . . . .  	Number	2CBE	
DATA_3E  . . . . . . . . . . . .  	Number	E200	
DATA_40E . . . . . . . . . . . .  	Number	2CBF	
DATA_41E . . . . . . . . . . . .  	Number	2CC0	
DATA_42E . . . . . . . . . . . .  	Number	2CC2	
DATA_43E . . . . . . . . . . . .  	Number	2CC3	
DATA_44E . . . . . . . . . . . .  	Number	2CC5	
DATA_45E . . . . . . . . . . . .  	Number	2CC7	
DATA_46E . . . . . . . . . . . .  	Number	9521	
DATA_47E . . . . . . . . . . . .  	Number	F500	
DATA_48E . . . . . . . . . . . .  	Number	F502	
DATA_49E . . . . . . . . . . . .  	Number	F504	
DATA_4E  . . . . . . . . . . . .  	Number	E202	
DATA_50E . . . . . . . . . . . .  	Number	FF01	
DATA_51E . . . . . . . . . . . .  	Number	FF2C	
DATA_52E . . . . . . . . . . . .  	Number	FF77	
DATA_53E . . . . . . . . . . . .  	Number	0000	
DATA_54E . . . . . . . . . . . .  	Number	0140	
DATA_55E . . . . . . . . . . . .  	Number	0140	
DATA_56E . . . . . . . . . . . .  	Number	11B0	
DATA_5E  . . . . . . . . . . . .  	Number	E206	
DATA_6E  . . . . . . . . . . . .  	Number	E20A	
DATA_7E  . . . . . . . . . . . .  	Number	E20C	

Microsoft (R) Macro Assembler  Version 4.00                 3/29/26 15:11:23

                                                            Symbols-2
                                                             

GMMCGA . . . . . . . . . . . . .  	F PROC	0000	SEG_A	Length = 00B6

LOCLOOP_10 . . . . . . . . . . .  	L NEAR	0148	SEG_A
LOCLOOP_12 . . . . . . . . . . .  	L NEAR	0168	SEG_A
LOCLOOP_13 . . . . . . . . . . .  	L NEAR	016C	SEG_A
LOCLOOP_15 . . . . . . . . . . .  	L NEAR	0187	SEG_A
LOCLOOP_18 . . . . . . . . . . .  	L NEAR	01E7	SEG_A
LOCLOOP_20 . . . . . . . . . . .  	L NEAR	0207	SEG_A
LOCLOOP_22 . . . . . . . . . . .  	L NEAR	021B	SEG_A
LOCLOOP_23 . . . . . . . . . . .  	L NEAR	0245	SEG_A
LOCLOOP_25 . . . . . . . . . . .  	L NEAR	0274	SEG_A
LOCLOOP_27 . . . . . . . . . . .  	L NEAR	028D	SEG_A
LOCLOOP_3  . . . . . . . . . . .  	L NEAR	009A	SEG_A
LOCLOOP_33 . . . . . . . . . . .  	L NEAR	0338	SEG_A
LOCLOOP_38 . . . . . . . . . . .  	L NEAR	0424	SEG_A
LOCLOOP_45 . . . . . . . . . . .  	L NEAR	0501	SEG_A
LOCLOOP_48 . . . . . . . . . . .  	L NEAR	052D	SEG_A
LOCLOOP_51 . . . . . . . . . . .  	L NEAR	057E	SEG_A
LOCLOOP_54 . . . . . . . . . . .  	L NEAR	0766	SEG_A
LOCLOOP_55 . . . . . . . . . . .  	L NEAR	07B5	SEG_A
LOCLOOP_57 . . . . . . . . . . .  	L NEAR	083A	SEG_A
LOCLOOP_58 . . . . . . . . . . .  	L NEAR	083F	SEG_A
LOCLOOP_6  . . . . . . . . . . .  	L NEAR	0111	SEG_A
LOCLOOP_60 . . . . . . . . . . .  	L NEAR	0884	SEG_A
LOCLOOP_61 . . . . . . . . . . .  	L NEAR	08C9	SEG_A
LOCLOOP_62 . . . . . . . . . . .  	L NEAR	090A	SEG_A
LOCLOOP_68 . . . . . . . . . . .  	L NEAR	09AD	SEG_A
LOCLOOP_69 . . . . . . . . . . .  	L NEAR	09F1	SEG_A
LOCLOOP_7  . . . . . . . . . . .  	L NEAR	0116	SEG_A
LOCLOOP_70 . . . . . . . . . . .  	L NEAR	0A09	SEG_A
LOCLOOP_71 . . . . . . . . . . .  	L NEAR	0A45	SEG_A
LOCLOOP_72 . . . . . . . . . . .  	L NEAR	0A49	SEG_A
LOCLOOP_74 . . . . . . . . . . .  	L NEAR	0C0B	SEG_A
LOCLOOP_75 . . . . . . . . . . .  	L NEAR	0C10	SEG_A
LOCLOOP_76 . . . . . . . . . . .  	L NEAR	0C4D	SEG_A
LOCLOOP_77 . . . . . . . . . . .  	L NEAR	0C58	SEG_A
LOCLOOP_78 . . . . . . . . . . .  	L NEAR	0C78	SEG_A
LOCLOOP_8  . . . . . . . . . . .  	L NEAR	013B	SEG_A
LOCLOOP_9  . . . . . . . . . . .  	L NEAR	0144	SEG_A
LOC_1  . . . . . . . . . . . . .  	L NEAR	0062	SEG_A
LOC_11 . . . . . . . . . . . . .  	L NEAR	0150	SEG_A
LOC_14 . . . . . . . . . . . . .  	L NEAR	0174	SEG_A
LOC_16 . . . . . . . . . . . . .  	L NEAR	0195	SEG_A
LOC_17 . . . . . . . . . . . . .  	L NEAR	01C0	SEG_A
LOC_19 . . . . . . . . . . . . .  	L NEAR	01F5	SEG_A
LOC_2  . . . . . . . . . . . . .  	L NEAR	0070	SEG_A
LOC_21 . . . . . . . . . . . . .  	L NEAR	0215	SEG_A
LOC_24 . . . . . . . . . . . . .  	L NEAR	0265	SEG_A
LOC_26 . . . . . . . . . . . . .  	L NEAR	0284	SEG_A
LOC_28 . . . . . . . . . . . . .  	L NEAR	02AC	SEG_A
LOC_29 . . . . . . . . . . . . .  	L NEAR	02B0	SEG_A
LOC_30 . . . . . . . . . . . . .  	L NEAR	0303	SEG_A
LOC_31 . . . . . . . . . . . . .  	L NEAR	0309	SEG_A
LOC_32 . . . . . . . . . . . . .  	L NEAR	0312	SEG_A
LOC_34 . . . . . . . . . . . . .  	L NEAR	0358	SEG_A
Microsoft (R) Macro Assembler  Version 4.00                 3/29/26 15:11:23

                                                            Symbols-3
                                                             

LOC_35 . . . . . . . . . . . . .  	L NEAR	035F	SEG_A
LOC_36 . . . . . . . . . . . . .  	L NEAR	0371	SEG_A
LOC_37 . . . . . . . . . . . . .  	L NEAR	03FE	SEG_A
LOC_39 . . . . . . . . . . . . .  	L NEAR	042B	SEG_A
LOC_4  . . . . . . . . . . . . .  	L NEAR	00E8	SEG_A
LOC_40 . . . . . . . . . . . . .  	L NEAR	0482	SEG_A
LOC_41 . . . . . . . . . . . . .  	L NEAR	0490	SEG_A
LOC_42 . . . . . . . . . . . . .  	L NEAR	0494	SEG_A
LOC_43 . . . . . . . . . . . . .  	L NEAR	0496	SEG_A
LOC_44 . . . . . . . . . . . . .  	L NEAR	04D2	SEG_A
LOC_46 . . . . . . . . . . . . .  	L NEAR	0512	SEG_A
LOC_47 . . . . . . . . . . . . .  	L NEAR	0517	SEG_A
LOC_49 . . . . . . . . . . . . .  	L NEAR	0534	SEG_A
LOC_5  . . . . . . . . . . . . .  	L NEAR	00F0	SEG_A
LOC_50 . . . . . . . . . . . . .  	L NEAR	0540	SEG_A
LOC_52 . . . . . . . . . . . . .  	L NEAR	0632	SEG_A
LOC_53 . . . . . . . . . . . . .  	L NEAR	0653	SEG_A
LOC_56 . . . . . . . . . . . . .  	L NEAR	0809	SEG_A
LOC_59 . . . . . . . . . . . . .  	L NEAR	084B	SEG_A
LOC_63 . . . . . . . . . . . . .  	L NEAR	0930	SEG_A
LOC_64 . . . . . . . . . . . . .  	L NEAR	0934	SEG_A
LOC_65 . . . . . . . . . . . . .  	L NEAR	093A	SEG_A
LOC_66 . . . . . . . . . . . . .  	L NEAR	0955	SEG_A
LOC_67 . . . . . . . . . . . . .  	L NEAR	0967	SEG_A
LOC_73 . . . . . . . . . . . . .  	L NEAR	0A50	SEG_A

START  . . . . . . . . . . . . .  	L NEAR	0000	SEG_A
SUB_1  . . . . . . . . . . . . .  	N PROC	00B6	SEG_A	Length = 0032
SUB_10 . . . . . . . . . . . . .  	N PROC	0499	SEG_A	Length = 000A
SUB_11 . . . . . . . . . . . . .  	N PROC	04A3	SEG_A	Length = 0047
SUB_12 . . . . . . . . . . . . .  	N PROC	04F2	SEG_A	Length = 005A
SUB_13 . . . . . . . . . . . . .  	N PROC	0748	SEG_A	Length = 006A
SUB_14 . . . . . . . . . . . . .  	N PROC	07B2	SEG_A	Length = 0037
SUB_15 . . . . . . . . . . . . .  	N PROC	07E9	SEG_A	Length = 006E
SUB_16 . . . . . . . . . . . . .  	N PROC	0A06	SEG_A	Length = 0016
SUB_17 . . . . . . . . . . . . .  	N PROC	0C55	SEG_A	Length = 0020
SUB_18 . . . . . . . . . . . . .  	N PROC	0C75	SEG_A	Length = 0032
SUB_19 . . . . . . . . . . . . .  	N PROC	0CA7	SEG_A	Length = 0016
SUB_2  . . . . . . . . . . . . .  	N PROC	00E8	SEG_A	Length = 001E
SUB_3  . . . . . . . . . . . . .  	N PROC	01CE	SEG_A	Length = 0058
SUB_4  . . . . . . . . . . . . .  	N PROC	029E	SEG_A	Length = 0012
SUB_5  . . . . . . . . . . . . .  	N PROC	02B0	SEG_A	Length = 000F
SUB_6  . . . . . . . . . . . . .  	N PROC	0345	SEG_A	Length = 0040
SUB_7  . . . . . . . . . . . . .  	N PROC	041B	SEG_A	Length = 0018
SUB_8  . . . . . . . . . . . . .  	N PROC	043A	SEG_A	Length = 0046
SUB_9  . . . . . . . . . . . . .  	N PROC	0480	SEG_A	Length = 0019

TARGET . . . . . . . . . . . . .  	Number	4D34	


   1796 Source  Lines
   2097 Total   Lines
    161 Symbols

  44610 Bytes symbol space free

      0 Warning Errors
      0 Severe  Errors
