Turbo Assembler	 Version 2.01	     03/24/26 00:07:48	    Page 1
gmhgc.asm



      1
      2
      3				     ;==========================================================================
      4				     ;
      5				     ;	GMHGC.BIN - Hercules Graphics Card Monochrome Driver (720x348)
      6				     ;
      7				     ;	HGC variant of the graphics driver API.	Uses monochrome	framebuffer
      8				     ;	at 0xB000 with bit-level pixel operations. 4 interleaved banks.
      9				     ;
     10				     ;==========================================================================
     11
     12	      =	5432		     target	     EQU   'T2'			     ; Target assembler: TASM-2.X
     13
     14				     include  srmacros.inc
1    15
1    16				     ; Macros which may	be required for	proper re-assembly
1    17
1    18
1    19
1    20
1    21
1    22				     ;-----------------------------------------------------------------------------
1    23				     ; Some assemblers,	like TASM, check each far call and jump, to see	if it is
1    24				     ; in the same segment.  If	so, rather than	produce	the standard five byte far
1    25				     ; instruction it uses a near jump or call.
1    26
1    27				     calls	     macro   dummy1, dummy2, slocation
1    28						     db	     9Ah		     ; forced call far instruction
1    29						     dw	     offset slocation, seg slocation
1    30				     endm
1    31
1    32				     jmps	     macro   dummy1, dummy2, jlocation
1    33						     db	     0EAh		     ; forced jump far instruction
1    34						     dw	     offset jlocation, seg jlocation
1    35				     endm
1    36
1    37
1    38
1    39
1    40				     ;-----------------------------------------------------------------------------
1    41				     ;	Some compilers and some	assemblers will	code a call that goes to a far
1    42				     ;	subroutine in the same segment as:
1    43				     ;
1    44				     ;		     PUSH    CS
1    45				     ;		     CALL    near
1    46				     ;
1    47				     ;	This saves one byte, and is slightly faster.  If the assembler you are
1    48				     ;	using (i.e. MASM, Optasm) does not do this automatically, the following
1    49				     ;	macros are used	to code	the same information.  In other	words, the binary
1    50				     ;	file has "PUSH CS, CALL	near", and Sourcer ensures the same instructions
1    51				     ;	are used!  (macro CALLF)
1    52				     ;
1    53
1    54				     callf	     macro   location
Turbo Assembler	 Version 2.01	     03/24/26 00:07:48	    Page 2
gmhgc.asm



1    55						     push    cs
1    56						     call    near ptr location
1    57				     endm
1    58
1    59				     ;	Some compilers generate	an unnecessary DS override on the call instruction
1    60				     ;	when compacting	the CALLF type function.  Macro	CALLFX handles this case.
1    61
1    62				     callfx	     macro   location
1    63						     push    cs
1    64						     db	     3Eh
1    65						     call    near ptr location
1    66				     endm
1    67
1    68
1    69				     ;-----------------------------------------------------------------------------
1    70				     ;	Some compilers and some	assemblers will	code a near call that is the
1    71				     ;	selected assembler will	convert	to a short jump	to save	a byte.	 This
1    72				     ;	reconstructs a near jump for these cases.
1    73
1    74				     jmpn	     macro   location
1    75						     db	     0E9h
1    76						     dw	     offset location-$-2
1    77				     endm
1    78
1    79
1    80
     81
     82
     83				     ; The following equates show data references outside the range of the program.
     84
     85	      =	E200		     data_1e	     equ     0E200h		     ;*
     86	      =	E202		     data_2e	     equ     0E202h		     ;*
     87	      =	E206		     data_3e	     equ     0E206h		     ;*
     88	      =	E20A		     data_4e	     equ     0E20Ah		     ;*
     89	      =	E20C		     data_5e	     equ     0E20Ch		     ;*
     90	      =	21D6		     data_18e	     equ     21D6h		     ;*
     91	      =	22D5		     data_19e	     equ     22D5h		     ;*
     92	      =	2600		     data_20e	     equ     2600h		     ;*
     93	      =	2994		     data_21e	     equ     2994h		     ;*
     94	      =	2CA7		     data_22e	     equ     2CA7h		     ;*
     95	      =	2E7F		     data_23e	     equ     2E7Fh		     ;*
     96	      =	2E80		     data_24e	     equ     2E80h		     ;*
     97	      =	2E81		     data_25e	     equ     2E81h		     ;*
     98	      =	2E82		     data_26e	     equ     2E82h		     ;*
     99	      =	2E84		     data_27e	     equ     2E84h		     ;*
    100	      =	2E85		     data_28e	     equ     2E85h		     ;*
    101	      =	2E87		     data_29e	     equ     2E87h		     ;*
    102	      =	2E89		     data_30e	     equ     2E89h		     ;*
    103	      =	6000		     data_31e	     equ     6000h		     ;*
    104	      =	A05A		     data_32e	     equ     0A05Ah		     ;*
    105	      =	B324		     data_33e	     equ     0B324h		     ;*
    106	      =	BB23		     data_34e	     equ     0BB23h		     ;*
    107	      =	F500		     data_35e	     equ     0F500h		     ;*
    108	      =	F502		     data_36e	     equ     0F502h		     ;*
Turbo Assembler	 Version 2.01	     03/24/26 00:07:48	    Page 3
gmhgc.asm



    109	      =	F504		     data_37e	     equ     0F504h		     ;*
    110	      =	F92A		     data_38e	     equ     0F92Ah		     ;*
    111	      =	FF01		     data_39e	     equ     0FF01h		     ;*
    112	      =	FF2C		     data_40e	     equ     0FF2Ch		     ;*
    113	      =	0000		     data_41e	     equ     0			     ;*
    114	      =	04FD		     data_42e	     equ     4FDh
    115	      =	6000		     data_43e	     equ     6000h
    116	      =	A05A		     data_44e	     equ     0A05Ah
    117
    118	0000			     seg_a	     segment byte public
    119						     assume  cs:seg_a, ds:seg_a
    120
    121
    122						     org     0
    123
    124	0000			     gmhgc	     proc    far
    125
    126	0000			     start:
    127	0000  46				     inc     si
    128	0001  20 13				     and     [bp+di],dl
    129				     ;*		     and     si,bx
    130	0003  21 DE				     db	      21h,0DEh		     ;	Fixup -	byte match
    131				     ;*		     and     si,dx
    132	0005  21 D6				     db	      21h,0D6h		     ;	Fixup -	byte match
    133	0007  22 10				     and     dl,[bx+si]
    134	0009  23 E0				     and     sp,ax
    135	000B  22 1A				     and     bl,[bp+si]
    136	000D  23 AD BB23			     and     bp,ds:data_34e[di]
    137	0011  23 A9 B324			     and     bp,ds:data_33e[bx+di]
    138	0015  24 D0				     and     al,0D0h
    139	0017  24 F0				     and     al,0F0h
    140	0019  24 19				     and     al,19h
    141	001B  25 2698				     and     ax,2698h
    142	001E  5A				     pop     dx
    143	001F  27				     daa			     ; Decimal adjust
    144	0020  74 27				     jz	     loc_1		     ; Jump if zero
    145				     ;*		     aam     29h		     ; ')' undocumented	inst
    146	0022  D4 29				     db	     0D4h, 29h		     ;	Fixup -	byte match
    147	0024  A0 F92A				     mov     al,ds:data_38e
    148	0027  2A 32				     sub     dh,[bp+si]
    149	0029  2B 7B 2B				     sub     di,[bp+di+2Bh]
    150	002C  C6 2B 18 2C C7 25			     db	     0C6h, 2Bh,	18h, 2Ch,0C7h, 25h
    151	0032  5E 25 8E 27 AF 27			     db	      5Eh, 25h,	8Eh, 27h,0AFh, 27h
    152	0038  C9 23 90 28 A8 28			     db	     0C9h, 23h,	90h, 28h,0A8h, 28h
    153	003E  AF 2C 43 21 02 2E			     db	     0AFh, 2Ch,	43h, 21h, 02h, 2Eh
    154	0044  37 2E 50 E8 C7			     db	      37h, 2Eh,	50h,0E8h,0C7h
    155	0049			     loc_1:
    156	0049  0D F88B				     or	     ax,0F88Bh
    157	004C  58				     pop     ax
    158	004D  0A C0				     or	     al,al		     ; Zero ?
    159	004F  75 03				     jnz     loc_2		     ; Jump if not zero
    160	0051  E9 0092				     jmp     loc_8
    161	0054			     loc_2:
    162	0054  57				     push    di
Turbo Assembler	 Version 2.01	     03/24/26 00:07:48	    Page 4
gmhgc.asm



    163	0055  80 E9 04				     sub     cl,4
    164	0058  81 C7 4000			     add     di,4000h
    165	005C  81 FF 6000			     cmp     di,6000h
    166	0060  72 04				     jb	     loc_3		     ; Jump if below
    167	0062  81 C7 A05A			     add     di,data_32e
    168	0066			     loc_3:
    169	0066  E8 007D				     call    clear_screen
    170	0069  5F				     pop     di
    171	006A  B8 F00F				     mov     ax,0F00Fh
    172	006D  E8 003B				     call    fill_horizontal_line
    173	0070  B8 FC3F				     mov     ax,0FC3Fh
    174	0073  E8 0035				     call    fill_horizontal_line
    175	0076  51				     push    cx
    176	0077  53				     push    bx
    177	0078  8A DD				     mov     bl,ch
    178	007A  FE CB				     dec     bl
    179	007C  32 FF				     xor     bh,bh		     ; Zero register
    180	007E  32 ED				     xor     ch,ch		     ; Zero register
    181
    182	0080			     locloop_4:
    183	0080  26: C6 05	F0			     mov     byte ptr es:[di],0F0h
    184	0084  26: C6 01	0F			     mov     byte ptr es:[bx+di],0Fh
    185	0088  81 C7 2000			     add     di,2000h
    186	008C  81 FF 6000			     cmp     di,6000h
    187	0090  72 0C				     jb	     loc_5		     ; Jump if below
    188	0092  26: C6 05	F0			     mov     byte ptr es:[di],0F0h
    189	0096  26: C6 01	0F			     mov     byte ptr es:[bx+di],0Fh
    190	009A  81 C7 A05A			     add     di,data_44e
    191	009E			     loc_5:
    192	009E  E2 E0				     loop    locloop_4		     ; Loop if cx > 0
    193
    194	00A0  5B				     pop     bx
    195	00A1  59				     pop     cx
    196	00A2  B8 FC3F				     mov     ax,0FC3Fh
    197	00A5  E8 0003				     call    fill_horizontal_line
    198	00A8  B8 F00F				     mov     ax,0F00Fh
    199
    200	00AB			     gmhgc	     endp
    201
    202				     ;ï¿½ï¿½ï¿½ï¿½ï¿½ï¿½ï¿½ï¿½ï¿½ï¿½ï¿½ï¿½ï¿½ï¿½ï¿½ï¿½ï¿½ï¿½ï¿½ï¿½ï¿½ï¿½ï¿½ï¿½ï¿½ï¿½ï¿½ï¿½ï¿½ï¿½ï¿½ï
    203				     ¿½ï¿½ï¿½ï¿½ï¿½ï¿½ï¿½ï¿½ï¿½ï¿½ï¿½ï¿½ï¿½ï¿½ï¿½ï¿½ï¿½ï¿½ï¿½ï¿½ï¿½ï¿½ï¿½ï¿½ï¿½ï¿½ï¿½ï¿½ï¿½ï¿½ï¿½ï¿½
    204				     ï¿½ï¿½ï¿½ï¿½ï¿½ï¿½ï¿½ï¿½ï¿½ï¿½ï¿½
    205				     ;				    SUBROUTINE
    206				     ;ï¿½ï¿½ï¿½ï¿½ï¿½ï¿½ï¿½ï¿½ï¿½ï¿½ï¿½ï¿½ï¿½ï¿½ï¿½ï¿½ï¿½ï¿½ï¿½ï¿½ï¿½ï¿½ï¿½ï¿½ï¿½ï¿½ï¿½ï¿½ï¿½ï¿½ï¿½ï
    207				     ¿½ï¿½ï¿½ï¿½ï¿½ï¿½ï¿½ï¿½ï¿½ï¿½ï¿½ï¿½ï¿½ï¿½ï¿½ï¿½ï¿½ï¿½ï¿½ï¿½ï¿½ï¿½ï¿½ï¿½ï¿½ï¿½ï¿½ï¿½ï¿½ï¿½ï¿½ï¿½
    208				     ï¿½ï¿½ï¿½ï¿½ï¿½ï¿½ï¿½ï¿½ï¿½ï¿½ï¿½
    209
    210	00AB			     fill_horizontal_line	     proc    near
    211	00AB  57				     push    di
    212	00AC  26: 08 05				     or	     es:[di],al
    213	00AF  47				     inc     di
    214	00B0  8A FD				     mov     bh,ch
    215	00B2  80 EF 02				     sub     bh,2
    216	00B5			     loc_6:
Turbo Assembler	 Version 2.01	     03/24/26 00:07:48	    Page 5
gmhgc.asm



    217	00B5  26: 80 0D	FF			     or	     byte ptr es:[di],0FFh
    218	00B9  47				     inc     di
    219	00BA  FE CF				     dec     bh
    220	00BC  75 F7				     jnz     loc_6		     ; Jump if not zero
    221	00BE  26: 08 25				     or	     es:[di],ah
    222	00C1  5F				     pop     di
    223	00C2  81 C7 2000			     add     di,2000h
    224	00C6  81 FF 6000			     cmp     di,data_43e
    225	00CA  73 01				     jae     loc_7		     ; Jump if above or	=
    226	00CC  C3				     retn
    227	00CD			     loc_7:
    228	00CD  57				     push    di
    229	00CE  1E				     push    ds
    230	00CF  51				     push    cx
    231	00D0  06				     push    es
    232	00D1  1F				     pop     ds
    233	00D2  8B F7				     mov     si,di
    234	00D4  81 EE 2000			     sub     si,2000h
    235	00D8  8A CD				     mov     cl,ch
    236	00DA  32 ED				     xor     ch,ch		     ; Zero register
    237	00DC  F3> A4				     rep     movsb		     ; Rep when	cx >0 Mov [si] to es:[di]
    238	00DE  59				     pop     cx
    239	00DF  1F				     pop     ds
    240	00E0  5F				     pop     di
    241	00E1  81 C7 A05A			     add     di,0A05Ah
    242	00E5  C3				     retn
    243	00E6			     fill_horizontal_line	     endp
    244
    245
    246				     ;ï¿½ï¿½ï¿½ï¿½ï¿½ï¿½ï¿½ï¿½ï¿½ï¿½ï¿½ï¿½ï¿½ï¿½ï¿½ï¿½ï¿½ï¿½ï¿½ï¿½ï¿½ï¿½ï¿½ï¿½ï¿½ï¿½ï¿½ï¿½ï¿½ï¿½ï¿½ï
    247				     ¿½ï¿½ï¿½ï¿½ï¿½ï¿½ï¿½ï¿½ï¿½ï¿½ï¿½ï¿½ï¿½ï¿½ï¿½ï¿½ï¿½ï¿½ï¿½ï¿½ï¿½ï¿½ï¿½ï¿½ï¿½ï¿½ï¿½ï¿½ï¿½ï¿½ï¿½ï¿½
    248				     ï¿½ï¿½ï¿½ï¿½ï¿½ï¿½ï¿½ï¿½ï¿½ï¿½ï¿½
    249				     ;				    SUBROUTINE
    250				     ;ï¿½ï¿½ï¿½ï¿½ï¿½ï¿½ï¿½ï¿½ï¿½ï¿½ï¿½ï¿½ï¿½ï¿½ï¿½ï¿½ï¿½ï¿½ï¿½ï¿½ï¿½ï¿½ï¿½ï¿½ï¿½ï¿½ï¿½ï¿½ï¿½ï¿½ï¿½ï
    251				     ¿½ï¿½ï¿½ï¿½ï¿½ï¿½ï¿½ï¿½ï¿½ï¿½ï¿½ï¿½ï¿½ï¿½ï¿½ï¿½ï¿½ï¿½ï¿½ï¿½ï¿½ï¿½ï¿½ï¿½ï¿½ï¿½ï¿½ï¿½ï¿½ï¿½ï¿½ï¿½
    252				     ï¿½ï¿½ï¿½ï¿½ï¿½ï¿½ï¿½ï¿½ï¿½ï¿½ï¿½
    253
    254	00E6			     clear_screen	     proc    near
    255	00E6			     loc_8:
    256	00E6  B8 B000				     mov     ax,0B000h
    257	00E9  8E C0				     mov     es,ax
    258	00EB  8A E1				     mov     ah,cl
    259	00ED			     loc_9:
    260	00ED  E8 0016				     call    clear_screen_row
    261	00F0  81 C7 2000			     add     di,2000h
    262	00F4  81 FF 6000			     cmp     di,data_31e
    263	00F8  72 07				     jb	     loc_10		     ; Jump if below
    264	00FA  E8 0009				     call    clear_screen_row
    265	00FD  81 C7 A05A			     add     di,0A05Ah
    266	0101			     loc_10:
    267	0101  FE CC				     dec     ah
    268	0103  75 E8				     jnz     loc_9		     ; Jump if not zero
    269	0105  C3				     retn
    270	0106			     clear_screen	     endp
Turbo Assembler	 Version 2.01	     03/24/26 00:07:48	    Page 6
gmhgc.asm



    271
    272
    273				     ;ï¿½ï¿½ï¿½ï¿½ï¿½ï¿½ï¿½ï¿½ï¿½ï¿½ï¿½ï¿½ï¿½ï¿½ï¿½ï¿½ï¿½ï¿½ï¿½ï¿½ï¿½ï¿½ï¿½ï¿½ï¿½ï¿½ï¿½ï¿½ï¿½ï¿½ï¿½ï
    274				     ¿½ï¿½ï¿½ï¿½ï¿½ï¿½ï¿½ï¿½ï¿½ï¿½ï¿½ï¿½ï¿½ï¿½ï¿½ï¿½ï¿½ï¿½ï¿½ï¿½ï¿½ï¿½ï¿½ï¿½ï¿½ï¿½ï¿½ï¿½ï¿½ï¿½ï¿½ï¿½
    275				     ï¿½ï¿½ï¿½ï¿½ï¿½ï¿½ï¿½ï¿½ï¿½ï¿½ï¿½
    276				     ;				    SUBROUTINE
    277				     ;ï¿½ï¿½ï¿½ï¿½ï¿½ï¿½ï¿½ï¿½ï¿½ï¿½ï¿½ï¿½ï¿½ï¿½ï¿½ï¿½ï¿½ï¿½ï¿½ï¿½ï¿½ï¿½ï¿½ï¿½ï¿½ï¿½ï¿½ï¿½ï¿½ï¿½ï¿½ï
    278				     ¿½ï¿½ï¿½ï¿½ï¿½ï¿½ï¿½ï¿½ï¿½ï¿½ï¿½ï¿½ï¿½ï¿½ï¿½ï¿½ï¿½ï¿½ï¿½ï¿½ï¿½ï¿½ï¿½ï¿½ï¿½ï¿½ï¿½ï¿½ï¿½ï¿½ï¿½ï¿½
    279				     ï¿½ï¿½ï¿½ï¿½ï¿½ï¿½ï¿½ï¿½ï¿½ï¿½ï¿½
    280
    281	0106			     clear_screen_row		     proc    near
    282	0106  57				     push    di
    283	0107  51				     push    cx
    284	0108  8A CD				     mov     cl,ch
    285	010A  32 ED				     xor     ch,ch		     ; Zero register
    286	010C  32 C0				     xor     al,al		     ; Zero register
    287	010E  F3> AA				     rep     stosb		     ; Rep when	cx >0 Store al to es:[di]
    288	0110  59				     pop     cx
    289	0111  5F				     pop     di
    290	0112  C3				     retn
    291	0113			     clear_screen_row		     endp
    292
    293										     ;*	No entry point to code
    294	0113  B8 B000				     mov     ax,0B000h
    295	0116  8E C0				     mov     es,ax
    296	0118  BF 04FD				     mov     di,data_42e
    297	011B  B9 0090				     mov     cx,90h
    298
    299	011E			     locloop_11:
    300	011E  51				     push    cx
    301	011F  57				     push    di
    302	0120  B9 0038				     mov     cx,38h
    303	0123  32 C0				     xor     al,al		     ; Zero register
    304	0125  F3> AA				     rep     stosb		     ; Rep when	cx >0 Store al to es:[di]
    305	0127  5F				     pop     di
    306	0128  81 C7 2000			     add     di,2000h
    307	012C  81 FF 6000			     cmp     di,data_43e
    308	0130  72 0D				     jb	     loc_12		     ; Jump if below
    309	0132  57				     push    di
    310	0133  B9 0038				     mov     cx,38h
    311	0136  32 C0				     xor     al,al		     ; Zero register
    312	0138  F3> AA				     rep     stosb		     ; Rep when	cx >0 Store al to es:[di]
    313	013A  5F				     pop     di
    314	013B  81 C7 A05A			     add     di,0A05Ah
    315	013F			     loc_12:
    316	013F  59				     pop     cx
    317	0140  E2 DC				     loop    locloop_11		     ; Loop if cx > 0
    318
    319	0142  C3				     retn
    320										     ;*	No entry point to code
    321	0143  B8 B000				     mov     ax,0B000h
    322	0146  8E C0				     mov     es,ax
    323	0148  BE 21D6				     mov     si,data_18e
    324	014B  B9 0008				     mov     cx,8
Turbo Assembler	 Version 2.01	     03/24/26 00:07:48	    Page 7
gmhgc.asm



    325
    326	014E			     locloop_13:
    327	014E  51				     push    cx
    328	014F  BF 04FD				     mov     di,4FDh
    329	0152  AC				     lodsb			     ; String [si] to al
    330	0153  57				     push    di
    331	0154  B9 0048				     mov     cx,48h
    332
    333	0157			     locloop_14:
    334	0157  51				     push    cx
    335	0158  E8 006F				     call    fade_screen_row
    336	015B  81 C7 2000			     add     di,2000h
    337	015F  81 FF 6000			     cmp     di,6000h
    338	0163  72 07				     jb	     loc_15		     ; Jump if below
    339	0165  E8 0062				     call    fade_screen_row
    340	0168  81 C7 A05A			     add     di,0A05Ah
    341	016C			     loc_15:
    342	016C  81 C7 2000			     add     di,2000h
    343	0170  81 FF 6000			     cmp     di,6000h
    344	0174  72 04				     jb	     loc_16		     ; Jump if below
    345	0176  81 C7 A05A			     add     di,0A05Ah
    346	017A			     loc_16:
    347	017A  D0 C0				     rol     al,1		     ; Rotate
    348	017C  D0 C0				     rol     al,1		     ; Rotate
    349	017E  D0 C0				     rol     al,1		     ; Rotate
    350	0180  59				     pop     cx
    351	0181  E2 D4				     loop    locloop_14		     ; Loop if cx > 0
    352
    353	0183  5F				     pop     di
    354	0184  81 C7 2000			     add     di,2000h
    355	0188  81 FF 6000			     cmp     di,6000h
    356	018C  72 04				     jb	     loc_17		     ; Jump if below
    357	018E  81 C7 A05A			     add     di,0A05Ah
    358	0192			     loc_17:
    359	0192  B9 0048				     mov     cx,48h
    360
    361	0195			     locloop_18:
    362	0195  51				     push    cx
    363	0196  E8 0031				     call    fade_screen_row
    364	0199  81 C7 2000			     add     di,2000h
    365	019D  81 FF 6000			     cmp     di,6000h
    366	01A1  72 07				     jb	     loc_19		     ; Jump if below
    367	01A3  E8 0024				     call    fade_screen_row
    368	01A6  81 C7 A05A			     add     di,0A05Ah
    369	01AA			     loc_19:
    370	01AA  81 C7 2000			     add     di,2000h
    371	01AE  81 FF 6000			     cmp     di,6000h
    372	01B2  72 04				     jb	     loc_20		     ; Jump if below
    373	01B4  81 C7 A05A			     add     di,data_44e
    374	01B8			     loc_20:
    375	01B8  D0 C0				     rol     al,1		     ; Rotate
    376	01BA  D0 C0				     rol     al,1		     ; Rotate
    377	01BC  D0 C0				     rol     al,1		     ; Rotate
    378	01BE  59				     pop     cx
Turbo Assembler	 Version 2.01	     03/24/26 00:07:48	    Page 8
gmhgc.asm



    379	01BF  E2 D4				     loop    locloop_18		     ; Loop if cx > 0
    380
    381	01C1  B9 3E80				     mov     cx,3E80h
    382
    383	01C4			     locloop_21:
    384	01C4  E2 FE				     loop    locloop_21		     ; Loop if cx > 0
    385
    386	01C6  59				     pop     cx
    387	01C7  E2 85				     loop    locloop_13		     ; Loop if cx > 0
    388
    389	01C9  C3				     retn
    390
    391				     ;ï¿½ï¿½ï¿½ï¿½ï¿½ï¿½ï¿½ï¿½ï¿½ï¿½ï¿½ï¿½ï¿½ï¿½ï¿½ï¿½ï¿½ï¿½ï¿½ï¿½ï¿½ï¿½ï¿½ï¿½ï¿½ï¿½ï¿½ï¿½ï¿½ï¿½ï¿½ï
    392				     ¿½ï¿½ï¿½ï¿½ï¿½ï¿½ï¿½ï¿½ï¿½ï¿½ï¿½ï¿½ï¿½ï¿½ï¿½ï¿½ï¿½ï¿½ï¿½ï¿½ï¿½ï¿½ï¿½ï¿½ï¿½ï¿½ï¿½ï¿½ï¿½ï¿½ï¿½ï¿½
    393				     ï¿½ï¿½ï¿½ï¿½ï¿½ï¿½ï¿½ï¿½ï¿½ï¿½ï¿½
    394				     ;				    SUBROUTINE
    395				     ;ï¿½ï¿½ï¿½ï¿½ï¿½ï¿½ï¿½ï¿½ï¿½ï¿½ï¿½ï¿½ï¿½ï¿½ï¿½ï¿½ï¿½ï¿½ï¿½ï¿½ï¿½ï¿½ï¿½ï¿½ï¿½ï¿½ï¿½ï¿½ï¿½ï¿½ï¿½ï
    396				     ¿½ï¿½ï¿½ï¿½ï¿½ï¿½ï¿½ï¿½ï¿½ï¿½ï¿½ï¿½ï¿½ï¿½ï¿½ï¿½ï¿½ï¿½ï¿½ï¿½ï¿½ï¿½ï¿½ï¿½ï¿½ï¿½ï¿½ï¿½ï¿½ï¿½ï¿½ï¿½
    397				     ï¿½ï¿½ï¿½ï¿½ï¿½ï¿½ï¿½ï¿½ï¿½ï¿½ï¿½
    398
    399	01CA			     fade_screen_row	     proc    near
    400	01CA  57				     push    di
    401	01CB  B9 0038				     mov     cx,38h
    402
    403	01CE			     locloop_22:
    404	01CE  26: 20 05				     and     es:[di],al
    405	01D1  47				     inc     di
    406	01D2  E2 FA				     loop    locloop_22		     ; Loop if cx > 0
    407
    408	01D4  5F				     pop     di
    409	01D5  C3				     retn
    410	01D6			     fade_screen_row	     endp
    411
    412	01D6  FE EE EA AA A8 88			     db	     0FEh,0EEh,0EAh,0AAh,0A8h, 88h
    413	01DC  80 00				     db	      80h, 00h
    414	01DE			     loc_23:
    415	01DE  2E: A2 22D5			     mov     cs:data_19e,al
    416	01E2  B8 B000				     mov     ax,0B000h
    417	01E5  8E C0				     mov     es,ax
    418	01E7  33 C0				     xor     ax,ax		     ; Zero register
    419	01E9  8A C3				     mov     al,bl
    420	01EB  05 00BA				     add     ax,0BAh
    421	01EE  B2 03				     mov     dl,3
    422	01F0  F6 F2				     div     dl			     ; al, ah rem = ax/reg
    423	01F2  8A F4				     mov     dh,ah
    424	01F4  D0 CE				     ror     dh,1		     ; Rotate
    425	01F6  D0 CE				     ror     dh,1		     ; Rotate
    426	01F8  D0 CE				     ror     dh,1		     ; Rotate
    427	01FA  81 E2 6000			     and     dx,6000h
    428	01FE  B4 5A				     mov     ah,5Ah		     ; 'Z'
    429	0200  F6 E4				     mul     ah			     ; ax = reg	* al
    430	0202  03 C2				     add     ax,dx
    431	0204  80 C7 14				     add     bh,14h
    432	0207  8A D7				     mov     dl,bh
Turbo Assembler	 Version 2.01	     03/24/26 00:07:48	    Page 9
gmhgc.asm



    433	0209  80 E7 03				     and     bh,3
    434	020C  D0 EA				     shr     dl,1		     ; Shift w/zeros fill
    435	020E  D0 EA				     shr     dl,1		     ; Shift w/zeros fill
    436	0210  32 F6				     xor     dh,dh		     ; Zero register
    437	0212  03 C2				     add     ax,dx
    438	0214  05 000C				     add     ax,0Ch
    439	0217  8B F8				     mov     di,ax
    440	0219  8A CF				     mov     cl,bh
    441	021B  02 C9				     add     cl,cl
    442	021D  B8 FF3F				     mov     ax,0FF3Fh
    443	0220  D2 EC				     shr     ah,cl		     ; Shift w/zeros fill
    444	0222  D2 E8				     shr     al,cl		     ; Shift w/zeros fill
    445	0224  F6 DF				     neg     bh
    446	0226  80 C7 03				     add     bh,3
    447	0229  2A EF				     sub     ch,bh
    448	022B  51				     push    cx
    449	022C  E8 002C				     call    plot_pixel
    450	022F  59				     pop     cx
    451	0230  47				     inc     di
    452	0231  8A CD				     mov     cl,ch
    453	0233  D0 E9				     shr     cl,1		     ; Shift w/zeros fill
    454	0235  D0 E9				     shr     cl,1		     ; Shift w/zeros fill
    455	0237  F6 C1 FF				     test    cl,0FFh
    456	023A  74 0D				     jz	     loc_25		     ; Jump if zero
    457	023C			     loc_24:
    458	023C  51				     push    cx
    459	023D  B8 FFFF				     mov     ax,0FFFFh
    460	0240  E8 0018				     call    plot_pixel
    461	0243  59				     pop     cx
    462	0244  47				     inc     di
    463	0245  FE C9				     dec     cl
    464	0247  75 F3				     jnz     loc_24		     ; Jump if not zero
    465	0249			     loc_25:
    466	0249  80 E5 03				     and     ch,3
    467	024C  75 01				     jnz     loc_26		     ; Jump if not zero
    468	024E  C3				     retn
    469	024F			     loc_26:
    470	024F  8A CD				     mov     cl,ch
    471	0251  D0 E1				     shl     cl,1		     ; Shift w/zeros fill
    472	0253  B4 FF				     mov     ah,0FFh
    473	0255  D2 EC				     shr     ah,cl		     ; Shift w/zeros fill
    474	0257  F6 D4				     not     ah
    475	0259  8A C4				     mov     al,ah
    476
    477				     ;ï¿½ï¿½ï¿½ï¿½ï¿½ï¿½ï¿½ï¿½ï¿½ï¿½ï¿½ï¿½ï¿½ï¿½ï¿½ï¿½ï¿½ï¿½ï¿½ï¿½ï¿½ï¿½ï¿½ï¿½ï¿½ï¿½ï¿½ï¿½ï¿½ï¿½ï¿½ï
    478				     ¿½ï¿½ï¿½ï¿½ï¿½ï¿½ï¿½ï¿½ï¿½ï¿½ï¿½ï¿½ï¿½ï¿½ï¿½ï¿½ï¿½ï¿½ï¿½ï¿½ï¿½ï¿½ï¿½ï¿½ï¿½ï¿½ï¿½ï¿½ï¿½ï¿½ï¿½ï¿½
    479				     ï¿½ï¿½ï¿½ï¿½ï¿½ï¿½ï¿½ï¿½ï¿½ï¿½ï¿½
    480				     ;				    SUBROUTINE
    481				     ;ï¿½ï¿½ï¿½ï¿½ï¿½ï¿½ï¿½ï¿½ï¿½ï¿½ï¿½ï¿½ï¿½ï¿½ï¿½ï¿½ï¿½ï¿½ï¿½ï¿½ï¿½ï¿½ï¿½ï¿½ï¿½ï¿½ï¿½ï¿½ï¿½ï¿½ï¿½ï
    482				     ¿½ï¿½ï¿½ï¿½ï¿½ï¿½ï¿½ï¿½ï¿½ï¿½ï¿½ï¿½ï¿½ï¿½ï¿½ï¿½ï¿½ï¿½ï¿½ï¿½ï¿½ï¿½ï¿½ï¿½ï¿½ï¿½ï¿½ï¿½ï¿½ï¿½ï¿½ï¿½
    483				     ï¿½ï¿½ï¿½ï¿½ï¿½ï¿½ï¿½ï¿½ï¿½ï¿½ï¿½
    484
    485	025B			     plot_pixel		     proc    near
    486	025B  2E: F6 06	22D5 FF			     test    byte ptr cs:data_19e,0FFh
Turbo Assembler	 Version 2.01	     03/24/26 00:07:48	    Page 10
gmhgc.asm



    487	0261  75 24				     jnz     loc_29		     ; Jump if not zero
    488	0263  57				     push    di
    489	0264  F6 D4				     not     ah
    490	0266  B9 0009				     mov     cx,9
    491
    492	0269			     locloop_27:
    493	0269  26: 20 25				     and     es:[di],ah
    494	026C  81 C7 2000			     add     di,2000h
    495	0270  81 FF 6000			     cmp     di,data_43e
    496	0274  72 07				     jb	     loc_28		     ; Jump if below
    497	0276  26: 20 25				     and     es:[di],ah
    498	0279  81 C7 A05A			     add     di,data_44e
    499	027D			     loc_28:
    500	027D  E2 EA				     loop    locloop_27		     ; Loop if cx > 0
    501
    502	027F  26: 20 25				     and     es:[di],ah
    503	0282  26: 08 05				     or	     es:[di],al
    504	0285  5F				     pop     di
    505	0286  C3				     retn
    506	0287			     loc_29:
    507	0287  2E: 80 3E	22D5 80			     cmp     byte ptr cs:data_19e,80h
    508	028D  74 28				     je	     loc_32		     ; Jump if equal
    509	028F  57				     push    di
    510	0290  8A E0				     mov     ah,al
    511	0292  F6 D4				     not     ah
    512	0294  24 55				     and     al,55h		     ; 'U'
    513	0296  B9 000A				     mov     cx,0Ah
    514
    515	0299			     locloop_30:
    516	0299  26: 20 25				     and     es:[di],ah
    517	029C  26: 08 05				     or	     es:[di],al
    518	029F  81 C7 2000			     add     di,2000h
    519	02A3  81 FF 6000			     cmp     di,data_43e
    520	02A7  72 0A				     jb	     loc_31		     ; Jump if below
    521	02A9  26: 20 25				     and     es:[di],ah
    522	02AC  26: 08 05				     or	     es:[di],al
    523	02AF  81 C7 A05A			     add     di,data_44e
    524	02B3			     loc_31:
    525	02B3  E2 E4				     loop    locloop_30		     ; Loop if cx > 0
    526
    527	02B5  5F				     pop     di
    528	02B6  C3				     retn
    529	02B7			     loc_32:
    530	02B7  57				     push    di
    531	02B8  F6 D0				     not     al
    532	02BA  B9 000A				     mov     cx,0Ah
    533
    534	02BD			     locloop_33:
    535	02BD  26: 20 05				     and     es:[di],al
    536	02C0  81 C7 2000			     add     di,2000h
    537	02C4  81 FF 6000			     cmp     di,data_43e
    538	02C8  72 07				     jb	     loc_34		     ; Jump if below
    539	02CA  26: 20 05				     and     es:[di],al
    540	02CD  81 C7 A05A			     add     di,0A05Ah
Turbo Assembler	 Version 2.01	     03/24/26 00:07:48	    Page 11
gmhgc.asm



    541	02D1			     loc_34:
    542	02D1  E2 EA				     loop    locloop_33		     ; Loop if cx > 0
    543
    544	02D3  5F				     pop     di
    545	02D4  C3				     retn
    546	02D5			     plot_pixel		     endp
    547
    548	02D5  00 BF 40 56 2E 8B			     db	      00h,0BFh,	40h, 56h, 2Eh, 8Bh
    549	02DB  1E B2 00 EB 05 BF			     db	      1Eh,0B2h,	00h,0EBh, 05h,0BFh
    550	02E1  A8 57 EB 00 B8 00			     db	     0A8h, 57h,0EBh, 00h,0B8h, 00h
    551	02E7  B0 8E C0 E8 7E 00			     db	     0B0h, 8Eh,0C0h,0E8h, 7Eh, 00h
    552	02ED  50				     db	     50h
    553	02EE			     loc_35:
    554	02EE  0A DB				     or	     bl,bl		     ; Zero ?
    555	02F0  74 10				     jz	     loc_36		     ; Jump if zero
    556	02F2  57				     push    di
    557	02F3  B7 06				     mov     bh,6
    558	02F5  B0 AA				     mov     al,0AAh
    559	02F7  B4 55				     mov     ah,55h		     ; 'U'
    560	02F9  E8 0092				     call    fill_vertical_line
    561	02FC  FE CB				     dec     bl
    562	02FE  5F				     pop     di
    563	02FF  47				     inc     di
    564	0300  EB EC				     jmp     short loc_35
    565	0302			     loc_36:
    566	0302  58				     pop     ax
    567	0303  0A C0				     or	     al,al		     ; Zero ?
    568	0305  75 01				     jnz     loc_37		     ; Jump if not zero
    569	0307  C3				     retn
    570	0308			     loc_37:
    571	0308  24 AA				     and     al,0AAh
    572	030A  B4 55				     mov     ah,55h		     ; 'U'
    573	030C  B7 06				     mov     bh,6
    574	030E  EB 7E				     jmp     short loc_45
    575										     ;*	No entry point to code
    576	0310  BF 5640				     mov     di,5640h
    577	0313  2E: 8B 1E	0090			     mov     bx,word ptr cs:[90h]
    578	0318  EB 05				     jmp     short loc_38
    579	031A  BF A8 57 EB 00			     db	     0BFh,0A8h,	57h,0EBh, 00h
    580	031F			     loc_38:
    581	031F  B8 B000				     mov     ax,0B000h
    582	0322  8E C0				     mov     es,ax
    583	0324  E8 0044				     call    calc_text_width
    584	0327  50				     push    ax
    585	0328  53				     push    bx
    586	0329			     loc_39:
    587	0329  0A DB				     or	     bl,bl		     ; Zero ?
    588	032B  74 10				     jz	     loc_40		     ; Jump if zero
    589	032D  57				     push    di
    590	032E  B7 05				     mov     bh,5
    591	0330  B0 55				     mov     al,55h		     ; 'U'
    592	0332  B4 AA				     mov     ah,0AAh
    593	0334  E8 0057				     call    fill_vertical_line
    594	0337  FE CB				     dec     bl
Turbo Assembler	 Version 2.01	     03/24/26 00:07:48	    Page 12
gmhgc.asm



    595	0339  5F				     pop     di
    596	033A  47				     inc     di
    597	033B  EB EC				     jmp     short loc_39
    598	033D			     loc_40:
    599	033D  5B				     pop     bx
    600	033E  58				     pop     ax
    601	033F  0A C0				     or	     al,al		     ; Zero ?
    602	0341  74 0E				     jz	     loc_41		     ; Jump if zero
    603	0343  57				     push    di
    604	0344  B7 05				     mov     bh,5
    605	0346  24 55				     and     al,55h		     ; 'U'
    606	0348  B4 AA				     mov     ah,0AAh
    607	034A  E8 0041				     call    fill_vertical_line
    608	034D  5F				     pop     di
    609	034E  47				     inc     di
    610	034F  FE C3				     inc     bl
    611	0351			     loc_41:
    612	0351  B7 19				     mov     bh,19h
    613	0353  2A FB				     sub     bh,bl
    614	0355  75 01				     jnz     loc_42		     ; Jump if not zero
    615	0357  C3				     retn
    616	0358			     loc_42:
    617	0358  8A DF				     mov     bl,bh
    618	035A			     loc_43:
    619	035A  57				     push    di
    620	035B  B7 05				     mov     bh,5
    621	035D  32 C0				     xor     al,al		     ; Zero register
    622	035F  B4 AA				     mov     ah,0AAh
    623	0361  E8 002A				     call    fill_vertical_line
    624	0364  5F				     pop     di
    625	0365  47				     inc     di
    626	0366  FE CB				     dec     bl
    627	0368  75 F0				     jnz     loc_43		     ; Jump if not zero
    628	036A  C3				     retn
    629
    630				     ;ï¿½ï¿½ï¿½ï¿½ï¿½ï¿½ï¿½ï¿½ï¿½ï¿½ï¿½ï¿½ï¿½ï¿½ï¿½ï¿½ï¿½ï¿½ï¿½ï¿½ï¿½ï¿½ï¿½ï¿½ï¿½ï¿½ï¿½ï¿½ï¿½ï¿½ï¿½ï
    631				     ¿½ï¿½ï¿½ï¿½ï¿½ï¿½ï¿½ï¿½ï¿½ï¿½ï¿½ï¿½ï¿½ï¿½ï¿½ï¿½ï¿½ï¿½ï¿½ï¿½ï¿½ï¿½ï¿½ï¿½ï¿½ï¿½ï¿½ï¿½ï¿½ï¿½ï¿½ï¿½
    632				     ï¿½ï¿½ï¿½ï¿½ï¿½ï¿½ï¿½ï¿½ï¿½ï¿½ï¿½
    633				     ;				    SUBROUTINE
    634				     ;ï¿½ï¿½ï¿½ï¿½ï¿½ï¿½ï¿½ï¿½ï¿½ï¿½ï¿½ï¿½ï¿½ï¿½ï¿½ï¿½ï¿½ï¿½ï¿½ï¿½ï¿½ï¿½ï¿½ï¿½ï¿½ï¿½ï¿½ï¿½ï¿½ï¿½ï¿½ï
    635				     ¿½ï¿½ï¿½ï¿½ï¿½ï¿½ï¿½ï¿½ï¿½ï¿½ï¿½ï¿½ï¿½ï¿½ï¿½ï¿½ï¿½ï¿½ï¿½ï¿½ï¿½ï¿½ï¿½ï¿½ï¿½ï¿½ï¿½ï¿½ï¿½ï¿½ï¿½ï¿½
    636				     ï¿½ï¿½ï¿½ï¿½ï¿½ï¿½ï¿½ï¿½ï¿½ï¿½ï¿½
    637
    638	036B			     calc_text_width	     proc    near
    639	036B  B8 0320				     mov     ax,320h
    640	036E  2B C3				     sub     ax,bx
    641	0370  72 16				     jc	     loc_44		     ; Jump if carry Set
    642	0372  D1 EB				     shr     bx,1		     ; Shift w/zeros fill
    643	0374  D1 EB				     shr     bx,1		     ; Shift w/zeros fill
    644	0376  8A CB				     mov     cl,bl
    645	0378  D1 EB				     shr     bx,1		     ; Shift w/zeros fill
    646	037A  D1 EB				     shr     bx,1		     ; Shift w/zeros fill
    647	037C  D1 EB				     shr     bx,1		     ; Shift w/zeros fill
    648	037E  80 E1 07				     and     cl,7
Turbo Assembler	 Version 2.01	     03/24/26 00:07:48	    Page 13
gmhgc.asm



    649	0381  B0 FF				     mov     al,0FFh
    650	0383  D2 E8				     shr     al,cl		     ; Shift w/zeros fill
    651	0385  F6 D0				     not     al
    652	0387  C3				     retn
    653	0388			     loc_44:
    654	0388  BB 0019				     mov     bx,19h
    655	038B  32 C0				     xor     al,al		     ; Zero register
    656	038D  C3				     retn
    657	038E			     calc_text_width	     endp
    658
    659
    660				     ;ï¿½ï¿½ï¿½ï¿½ï¿½ï¿½ï¿½ï¿½ï¿½ï¿½ï¿½ï¿½ï¿½ï¿½ï¿½ï¿½ï¿½ï¿½ï¿½ï¿½ï¿½ï¿½ï¿½ï¿½ï¿½ï¿½ï¿½ï¿½ï¿½ï¿½ï¿½ï
    661				     ¿½ï¿½ï¿½ï¿½ï¿½ï¿½ï¿½ï¿½ï¿½ï¿½ï¿½ï¿½ï¿½ï¿½ï¿½ï¿½ï¿½ï¿½ï¿½ï¿½ï¿½ï¿½ï¿½ï¿½ï¿½ï¿½ï¿½ï¿½ï¿½ï¿½ï¿½ï¿½
    662				     ï¿½ï¿½ï¿½ï¿½ï¿½ï¿½ï¿½ï¿½ï¿½ï¿½ï¿½
    663				     ;				    SUBROUTINE
    664				     ;ï¿½ï¿½ï¿½ï¿½ï¿½ï¿½ï¿½ï¿½ï¿½ï¿½ï¿½ï¿½ï¿½ï¿½ï¿½ï¿½ï¿½ï¿½ï¿½ï¿½ï¿½ï¿½ï¿½ï¿½ï¿½ï¿½ï¿½ï¿½ï¿½ï¿½ï¿½ï
    665				     ¿½ï¿½ï¿½ï¿½ï¿½ï¿½ï¿½ï¿½ï¿½ï¿½ï¿½ï¿½ï¿½ï¿½ï¿½ï¿½ï¿½ï¿½ï¿½ï¿½ï¿½ï¿½ï¿½ï¿½ï¿½ï¿½ï¿½ï¿½ï¿½ï¿½ï¿½ï¿½
    666				     ï¿½ï¿½ï¿½ï¿½ï¿½ï¿½ï¿½ï¿½ï¿½ï¿½ï¿½
    667
    668	038E			     fill_vertical_line		     proc    near
    669	038E			     loc_45:
    670	038E  26: 20 25				     and     es:[di],ah
    671	0391  26: 08 05				     or	     es:[di],al
    672	0394  81 C7 2000			     add     di,2000h
    673	0398  81 FF 6000			     cmp     di,data_43e
    674	039C  72 0A				     jb	     loc_46		     ; Jump if below
    675	039E  26: 20 25				     and     es:[di],ah
    676	03A1  26: 08 05				     or	     es:[di],al
    677	03A4  81 C7 A05A			     add     di,0A05Ah
    678	03A8			     loc_46:
    679	03A8  FE CF				     dec     bh
    680	03AA  75 E2				     jnz     loc_45		     ; Jump if not zero
    681	03AC  C3				     retn
    682	03AD			     fill_vertical_line		     endp
    683
    684	03AD  2E C6 06 7F 2E 55			     db	      2Eh,0C6h,	06h, 7Fh, 2Eh, 55h
    685	03B3  2E C6 06 80 2E AA			     db	      2Eh,0C6h,	06h, 80h, 2Eh,0AAh
    686	03B9  EB 3C 2E C6 06 7F			     db	     0EBh, 3Ch,	2Eh,0C6h, 06h, 7Fh
    687	03BF  2E FF 2E C6 06 80			     db	      2Eh,0FFh,	2Eh,0C6h, 06h, 80h
    688	03C5  2E 00 EB 2E 2E C6			     db	      2Eh, 00h,0EBh, 2Eh, 2Eh,0C6h
    689	03CB  06 7F 2E FF 2E C6			     db	      06h, 7Fh,	2Eh,0FFh, 2Eh,0C6h
    690	03D1  06 80 2E 00 E8 39			     db	      06h, 80h,	2Eh, 00h,0E8h, 39h
    691	03D7  0A 8B F8 8A D9 B8			     db	      0Ah, 8Bh,0F8h, 8Ah,0D9h,0B8h
    692	03DD  00 B0 8E C0			     db	      00h,0B0h,	8Eh,0C0h
    693	03E1			     loc_47:
    694	03E1  AC				     lodsb			     ; String [si] to al
    695	03E2  0A C0				     or	     al,al		     ; Zero ?
    696	03E4  75 01				     jnz     loc_48		     ; Jump if not zero
    697	03E6  C3				     retn
    698	03E7			     loc_48:
    699	03E7  53				     push    bx
    700	03E8  1E				     push    ds
    701	03E9  56				     push    si
    702	03EA  80 E3 03				     and     bl,3
Turbo Assembler	 Version 2.01	     03/24/26 00:07:48	    Page 14
gmhgc.asm



    703	03ED  E8 0033				     call    render_text_char
    704	03F0  5E				     pop     si
    705	03F1  1F				     pop     ds
    706	03F2  5B				     pop     bx
    707	03F3  FE C3				     inc     bl
    708	03F5  EB EA				     jmp     short loc_47
    709										     ;*	No entry point to code
    710	03F7  AC				     lodsb			     ; String [si] to al
    711	03F8  8A F8				     mov     bh,al
    712	03FA  AC				     lodsb			     ; String [si] to al
    713	03FB  8A D8				     mov     bl,al
    714	03FD  E8 0A11				     call    calc_hgc_address
    715	0400  8B F8				     mov     di,ax
    716	0402  AC				     lodsb			     ; String [si] to al
    717	0403  8A D8				     mov     bl,al
    718	0405  AC				     lodsb			     ; String [si] to al
    719	0406  32 ED				     xor     ch,ch		     ; Zero register
    720	0408  8A C8				     mov     cl,al
    721	040A  B8 B000				     mov     ax,0B000h
    722	040D  8E C0				     mov     es,ax
    723
    724	040F			     locloop_49:
    725	040F  51				     push    cx
    726	0410  AC				     lodsb			     ; String [si] to al
    727	0411  53				     push    bx
    728	0412  1E				     push    ds
    729	0413  56				     push    si
    730	0414  80 E3 03				     and     bl,3
    731	0417  E8 0009				     call    render_text_char
    732	041A  5E				     pop     si
    733	041B  1F				     pop     ds
    734	041C  5B				     pop     bx
    735	041D  FE C3				     inc     bl
    736	041F  59				     pop     cx
    737	0420  E2 ED				     loop    locloop_49		     ; Loop if cx > 0
    738
    739	0422  C3				     retn
    740
    741				     ;ï¿½ï¿½ï¿½ï¿½ï¿½ï¿½ï¿½ï¿½ï¿½ï¿½ï¿½ï¿½ï¿½ï¿½ï¿½ï¿½ï¿½ï¿½ï¿½ï¿½ï¿½ï¿½ï¿½ï¿½ï¿½ï¿½ï¿½ï¿½ï¿½ï¿½ï¿½ï
    742				     ¿½ï¿½ï¿½ï¿½ï¿½ï¿½ï¿½ï¿½ï¿½ï¿½ï¿½ï¿½ï¿½ï¿½ï¿½ï¿½ï¿½ï¿½ï¿½ï¿½ï¿½ï¿½ï¿½ï¿½ï¿½ï¿½ï¿½ï¿½ï¿½ï¿½ï¿½ï¿½
    743				     ï¿½ï¿½ï¿½ï¿½ï¿½ï¿½ï¿½ï¿½ï¿½ï¿½ï¿½
    744				     ;				    SUBROUTINE
    745				     ;ï¿½ï¿½ï¿½ï¿½ï¿½ï¿½ï¿½ï¿½ï¿½ï¿½ï¿½ï¿½ï¿½ï¿½ï¿½ï¿½ï¿½ï¿½ï¿½ï¿½ï¿½ï¿½ï¿½ï¿½ï¿½ï¿½ï¿½ï¿½ï¿½ï¿½ï¿½ï
    746				     ¿½ï¿½ï¿½ï¿½ï¿½ï¿½ï¿½ï¿½ï¿½ï¿½ï¿½ï¿½ï¿½ï¿½ï¿½ï¿½ï¿½ï¿½ï¿½ï¿½ï¿½ï¿½ï¿½ï¿½ï¿½ï¿½ï¿½ï¿½ï¿½ï¿½ï¿½ï¿½
    747				     ï¿½ï¿½ï¿½ï¿½ï¿½ï¿½ï¿½ï¿½ï¿½ï¿½ï¿½
    748
    749	0423			     render_text_char		     proc    near
    750	0423  2C 20				     sub     al,20h		     ; ' '
    751	0425  32 E4				     xor     ah,ah		     ; Zero register
    752	0427  D1 E0				     shl     ax,1		     ; Shift w/zeros fill
    753	0429  D1 E0				     shl     ax,1		     ; Shift w/zeros fill
    754	042B  D1 E0				     shl     ax,1		     ; Shift w/zeros fill
    755	042D  8B F0				     mov     si,ax
    756	042F  03 36 F504			     add     si,ds:data_37e
Turbo Assembler	 Version 2.01	     03/24/26 00:07:48	    Page 15
gmhgc.asm



    757	0433  02 DB				     add     bl,bl
    758	0435  8A CB				     mov     cl,bl
    759	0437  57				     push    di
    760	0438  B3 08				     mov     bl,8
    761	043A			     loc_50:
    762	043A  53				     push    bx
    763	043B  AC				     lodsb			     ; String [si] to al
    764	043C  B2 04				     mov     dl,4
    765	043E			     loc_51:
    766	043E  03 C0				     add     ax,ax
    767	0440  02 E4				     add     ah,ah
    768	0442  FE CA				     dec     dl
    769	0444  75 F8				     jnz     loc_51		     ; Jump if not zero
    770	0446  8A C4				     mov     al,ah
    771	0448  D0 EC				     shr     ah,1		     ; Shift w/zeros fill
    772	044A  0A C4				     or	     al,ah
    773	044C  32 DB				     xor     bl,bl		     ; Zero register
    774	044E  8A F8				     mov     bh,al
    775	0450  D3 EB				     shr     bx,cl		     ; Shift w/zeros fill
    776	0452  53				     push    bx
    777	0453  D1 EB				     shr     bx,1		     ; Shift w/zeros fill
    778	0455  D1 EB				     shr     bx,1		     ; Shift w/zeros fill
    779	0457  86 FB				     xchg    bh,bl
    780	0459  F7 D3				     not     bx
    781	045B  26: 21 1D				     and     es:[di],bx
    782	045E  F7 D3				     not     bx
    783	0460  22 3E 2E80			     and     bh,ds:data_24e
    784	0464  22 1E 2E80			     and     bl,ds:data_24e
    785	0468  26: 09 1D				     or	     es:[di],bx
    786	046B  5B				     pop     bx
    787	046C  86 FB				     xchg    bh,bl
    788	046E  F7 D3				     not     bx
    789	0470  26: 21 1D				     and     es:[di],bx
    790	0473  F7 D3				     not     bx
    791	0475  22 3E 2E7F			     and     bh,ds:data_23e
    792	0479  22 1E 2E7F			     and     bl,ds:data_23e
    793	047D  26: 09 1D				     or	     es:[di],bx
    794	0480  81 C7 2000			     add     di,2000h
    795	0484  81 FF 6000			     cmp     di,data_31e
    796	0488  72 10				     jb	     loc_52		     ; Jump if below
    797	048A  8B DF				     mov     bx,di
    798	048C  81 EB 2000			     sub     bx,2000h
    799	0490  26: 8B 07				     mov     ax,es:[bx]
    800	0493  26: 89 05				     mov     es:[di],ax
    801	0496  81 C7 A05A			     add     di,0A05Ah
    802	049A			     loc_52:
    803	049A  5B				     pop     bx
    804	049B  FE CB				     dec     bl
    805	049D  75 9B				     jnz     loc_50		     ; Jump if not zero
    806	049F  5F				     pop     di
    807	04A0  47				     inc     di
    808	04A1  80 F9 06				     cmp     cl,6
    809	04A4  74 01				     je	     loc_53		     ; Jump if equal
    810	04A6  C3				     retn
Turbo Assembler	 Version 2.01	     03/24/26 00:07:48	    Page 16
gmhgc.asm



    811	04A7			     loc_53:
    812	04A7  47				     inc     di
    813	04A8  C3				     retn
    814	04A9			     render_text_char		     endp
    815
    816										     ;*	No entry point to code
    817	04A9  BB 0210				     mov     bx,210h
    818	04AC  32 C0				     xor     al,al		     ; Zero register
    819	04AE  B5 88				     mov     ch,88h
    820	04B0  E9 FD2B				     jmp     loc_23
    821										     ;*	No entry point to code
    822	04B3  1E				     push    ds
    823	04B4  2E: A1 008B			     mov     ax,word ptr cs:[8Bh]
    824	04B8  33 D2				     xor     dx,dx		     ; Zero register
    825	04BA  E8 0082				     call    init_timestamp
    826	04BD  0E				     push    cs
    827	04BE  1F				     pop     ds
    828	04BF  BF 2559				     mov     di,2559h
    829	04C2  B9 0105				     mov     cx,105h
    830	04C5  B8 26BB				     mov     ax,26BBh
    831	04C8  BB FF01				     mov     bx,data_39e
    832	04CB  E8 00F9				     call    render_tilemap_large
    833	04CE  1F				     pop     ds
    834	04CF  C3				     retn
    835										     ;*	No entry point to code
    836	04D0  1E				     push    ds
    837	04D1  2E: A1 0086			     mov     ax,word ptr cs:[86h]
    838	04D5  2E: 8A 16	0085			     mov     dl,byte ptr cs:[85h]
    839	04DA  E8 0062				     call    init_timestamp
    840	04DD  0E				     push    cs
    841	04DE  1F				     pop     ds
    842	04DF  BF 2558				     mov     di,2558h
    843	04E2  B9 0106				     mov     cx,106h
    844	04E5  B8 13BB				     mov     ax,13BBh
    845	04E8  BB FF01				     mov     bx,data_39e
    846	04EB  E8 00D9				     call    render_tilemap_large
    847	04EE  1F				     pop     ds
    848	04EF  C3				     retn
    849										     ;*	No entry point to code
    850	04F0  1E				     push    ds
    851	04F1  33 DB				     xor     bx,bx		     ; Zero register
    852	04F3  2E: 8A 1E	009D			     mov     bl,byte ptr cs:[9Dh]
    853	04F8  FE CB				     dec     bl
    854	04FA  2E: 8A 87	00AB			     mov     al,byte ptr cs:[0ABh][bx]
    855	04FF  32 E4				     xor     ah,ah		     ; Zero register
    856	0501  33 D2				     xor     dx,dx		     ; Zero register
    857	0503  E8 0039				     call    init_timestamp
    858	0506  0E				     push    cs
    859	0507  1F				     pop     ds
    860	0508  BF 255B				     mov     di,255Bh
    861	050B  B9 0103				     mov     cx,103h
    862	050E  B8 37BB				     mov     ax,37BBh
    863	0511  BB FF01				     mov     bx,data_39e
    864	0514  E8 00B0				     call    render_tilemap_large
Turbo Assembler	 Version 2.01	     03/24/26 00:07:48	    Page 17
gmhgc.asm



    865	0517  1F				     pop     ds
    866	0518  C3				     retn
    867										     ;*	No entry point to code
    868	0519  2E: F6 06	0093 FF			     test    byte ptr cs:[93h],0FFh
    869	051F  75 01				     jnz     loc_54		     ; Jump if not zero
    870	0521  C3				     retn
    871	0522			     loc_54:
    872	0522  1E				     push    ds
    873	0523  2E: A1 0094			     mov     ax,word ptr cs:[94h]
    874	0527  33 D2				     xor     dx,dx		     ; Zero register
    875	0529  E8 0013				     call    init_timestamp
    876	052C  0E				     push    cs
    877	052D  1F				     pop     ds
    878	052E  BF 255B				     mov     di,255Bh
    879	0531  B9 0103				     mov     cx,103h
    880	0534  B8 3EBB				     mov     ax,3EBBh
    881	0537  BB FF01				     mov     bx,data_39e
    882	053A  E8 008A				     call    render_tilemap_large
    883	053D  1F				     pop     ds
    884	053E  C3				     retn
    885
    886				     ;ï¿½ï¿½ï¿½ï¿½ï¿½ï¿½ï¿½ï¿½ï¿½ï¿½ï¿½ï¿½ï¿½ï¿½ï¿½ï¿½ï¿½ï¿½ï¿½ï¿½ï¿½ï¿½ï¿½ï¿½ï¿½ï¿½ï¿½ï¿½ï¿½ï¿½ï¿½ï
    887				     ¿½ï¿½ï¿½ï¿½ï¿½ï¿½ï¿½ï¿½ï¿½ï¿½ï¿½ï¿½ï¿½ï¿½ï¿½ï¿½ï¿½ï¿½ï¿½ï¿½ï¿½ï¿½ï¿½ï¿½ï¿½ï¿½ï¿½ï¿½ï¿½ï¿½ï¿½ï¿½
    888				     ï¿½ï¿½ï¿½ï¿½ï¿½ï¿½ï¿½ï¿½ï¿½ï¿½ï¿½
    889				     ;				    SUBROUTINE
    890				     ;ï¿½ï¿½ï¿½ï¿½ï¿½ï¿½ï¿½ï¿½ï¿½ï¿½ï¿½ï¿½ï¿½ï¿½ï¿½ï¿½ï¿½ï¿½ï¿½ï¿½ï¿½ï¿½ï¿½ï¿½ï¿½ï¿½ï¿½ï¿½ï¿½ï¿½ï¿½ï
    891				     ¿½ï¿½ï¿½ï¿½ï¿½ï¿½ï¿½ï¿½ï¿½ï¿½ï¿½ï¿½ï¿½ï¿½ï¿½ï¿½ï¿½ï¿½ï¿½ï¿½ï¿½ï¿½ï¿½ï¿½ï¿½ï¿½ï¿½ï¿½ï¿½ï¿½ï¿½ï¿½
    892				     ï¿½ï¿½ï¿½ï¿½ï¿½ï¿½ï¿½ï¿½ï¿½ï¿½ï¿½
    893
    894	053F			     init_timestamp	     proc    near
    895	053F  BF 2557				     mov     di,2557h
    896	0542  E8 0019				     call    time_to_bcd
    897	0545  B9 0006				     mov     cx,6
    898
    899	0548			     locloop_55:
    900	0548  2E: F6 05	FF			     test    byte ptr cs:[di],0FFh
    901	054C  74 01				     jz	     loc_56		     ; Jump if zero
    902	054E  C3				     retn
    903	054F			     loc_56:
    904	054F  2E: C6 05	FF			     mov     byte ptr cs:[di],0FFh
    905	0553  47				     inc     di
    906	0554  E2 F2				     loop    locloop_55		     ; Loop if cx > 0
    907
    908	0556  C3				     retn
    909	0557			     init_timestamp	     endp
    910
    911	0557  07*(00)				     db	     7 dup (0)
    912
    913				     ;ï¿½ï¿½ï¿½ï¿½ï¿½ï¿½ï¿½ï¿½ï¿½ï¿½ï¿½ï¿½ï¿½ï¿½ï¿½ï¿½ï¿½ï¿½ï¿½ï¿½ï¿½ï¿½ï¿½ï¿½ï¿½ï¿½ï¿½ï¿½ï¿½ï¿½ï¿½ï
    914				     ¿½ï¿½ï¿½ï¿½ï¿½ï¿½ï¿½ï¿½ï¿½ï¿½ï¿½ï¿½ï¿½ï¿½ï¿½ï¿½ï¿½ï¿½ï¿½ï¿½ï¿½ï¿½ï¿½ï¿½ï¿½ï¿½ï¿½ï¿½ï¿½ï¿½ï¿½ï¿½
    915				     ï¿½ï¿½ï¿½ï¿½ï¿½ï¿½ï¿½ï¿½ï¿½ï¿½ï¿½
    916				     ;				    SUBROUTINE
    917				     ;ï¿½ï¿½ï¿½ï¿½ï¿½ï¿½ï¿½ï¿½ï¿½ï¿½ï¿½ï¿½ï¿½ï¿½ï¿½ï¿½ï¿½ï¿½ï¿½ï¿½ï¿½ï¿½ï¿½ï¿½ï¿½ï¿½ï¿½ï¿½ï¿½ï¿½ï¿½ï
    918				     ¿½ï¿½ï¿½ï¿½ï¿½ï¿½ï¿½ï¿½ï¿½ï¿½ï¿½ï¿½ï¿½ï¿½ï¿½ï¿½ï¿½ï¿½ï¿½ï¿½ï¿½ï¿½ï¿½ï¿½ï¿½ï¿½ï¿½ï¿½ï¿½ï¿½ï¿½ï¿½
Turbo Assembler	 Version 2.01	     03/24/26 00:07:48	    Page 18
gmhgc.asm



    919				     ï¿½ï¿½ï¿½ï¿½ï¿½ï¿½ï¿½ï¿½ï¿½ï¿½ï¿½
    920
    921	055E			     time_to_bcd	     proc    near
    922	055E  B1 0F				     mov     cl,0Fh
    923	0560  BB 4240				     mov     bx,4240h
    924	0563  E8 003E				     call    modulo_divide_bcd
    925	0566  2E: 88 35				     mov     cs:[di],dh
    926	0569  B1 01				     mov     cl,1
    927	056B  BB 86A0				     mov     bx,86A0h
    928	056E  E8 0033				     call    modulo_divide_bcd
    929	0571  2E: 88 75	01			     mov     cs:[di+1],dh
    930	0575  32 C9				     xor     cl,cl		     ; Zero register
    931	0577  BB 2710				     mov     bx,2710h
    932	057A  E8 0027				     call    modulo_divide_bcd
    933	057D  2E: 88 75	02			     mov     cs:[di+2],dh
    934	0581  BB 03E8				     mov     bx,3E8h
    935	0584  E8 0036				     call    int_divide_bcd
    936	0587  2E: 88 75	03			     mov     cs:[di+3],dh
    937	058B  BB 0064				     mov     bx,64h
    938	058E  E8 002C				     call    int_divide_bcd
    939	0591  2E: 88 75	04			     mov     cs:[di+4],dh
    940	0595  BB 000A				     mov     bx,0Ah
    941	0598  E8 0022				     call    int_divide_bcd
    942	059B  2E: 88 75	05			     mov     cs:[di+5],dh
    943	059F  2E: 88 45	06			     mov     cs:[di+6],al
    944	05A3  C3				     retn
    945	05A4			     time_to_bcd	     endp
    946
    947
    948				     ;ï¿½ï¿½ï¿½ï¿½ï¿½ï¿½ï¿½ï¿½ï¿½ï¿½ï¿½ï¿½ï¿½ï¿½ï¿½ï¿½ï¿½ï¿½ï¿½ï¿½ï¿½ï¿½ï¿½ï¿½ï¿½ï¿½ï¿½ï¿½ï¿½ï¿½ï¿½ï
    949				     ¿½ï¿½ï¿½ï¿½ï¿½ï¿½ï¿½ï¿½ï¿½ï¿½ï¿½ï¿½ï¿½ï¿½ï¿½ï¿½ï¿½ï¿½ï¿½ï¿½ï¿½ï¿½ï¿½ï¿½ï¿½ï¿½ï¿½ï¿½ï¿½ï¿½ï¿½ï¿½
    950				     ï¿½ï¿½ï¿½ï¿½ï¿½ï¿½ï¿½ï¿½ï¿½ï¿½ï¿½
    951				     ;				    SUBROUTINE
    952				     ;ï¿½ï¿½ï¿½ï¿½ï¿½ï¿½ï¿½ï¿½ï¿½ï¿½ï¿½ï¿½ï¿½ï¿½ï¿½ï¿½ï¿½ï¿½ï¿½ï¿½ï¿½ï¿½ï¿½ï¿½ï¿½ï¿½ï¿½ï¿½ï¿½ï¿½ï¿½ï
    953				     ¿½ï¿½ï¿½ï¿½ï¿½ï¿½ï¿½ï¿½ï¿½ï¿½ï¿½ï¿½ï¿½ï¿½ï¿½ï¿½ï¿½ï¿½ï¿½ï¿½ï¿½ï¿½ï¿½ï¿½ï¿½ï¿½ï¿½ï¿½ï¿½ï¿½ï¿½ï¿½
    954				     ï¿½ï¿½ï¿½ï¿½ï¿½ï¿½ï¿½ï¿½ï¿½ï¿½ï¿½
    955
    956	05A4			     modulo_divide_bcd		     proc    near
    957	05A4  32 F6				     xor     dh,dh		     ; Zero register
    958	05A6			     loc_57:
    959	05A6  2A D1				     sub     dl,cl
    960	05A8  72 10				     jc	     loc_60		     ; Jump if carry Set
    961	05AA  2B C3				     sub     ax,bx
    962	05AC  73 06				     jnc     loc_58		     ; Jump if carry=0
    963	05AE  0A D2				     or	     dl,dl		     ; Zero ?
    964	05B0  74 06				     jz	     loc_59		     ; Jump if zero
    965	05B2  FE CA				     dec     dl
    966	05B4			     loc_58:
    967	05B4  FE C6				     inc     dh
    968	05B6  EB EE				     jmp     short loc_57
    969	05B8			     loc_59:
    970	05B8  03 C3				     add     ax,bx
    971	05BA			     loc_60:
    972	05BA  02 D1				     add     dl,cl
Turbo Assembler	 Version 2.01	     03/24/26 00:07:48	    Page 19
gmhgc.asm



    973	05BC  C3				     retn
    974	05BD			     modulo_divide_bcd		     endp
    975
    976
    977				     ;ï¿½ï¿½ï¿½ï¿½ï¿½ï¿½ï¿½ï¿½ï¿½ï¿½ï¿½ï¿½ï¿½ï¿½ï¿½ï¿½ï¿½ï¿½ï¿½ï¿½ï¿½ï¿½ï¿½ï¿½ï¿½ï¿½ï¿½ï¿½ï¿½ï¿½ï¿½ï
    978				     ¿½ï¿½ï¿½ï¿½ï¿½ï¿½ï¿½ï¿½ï¿½ï¿½ï¿½ï¿½ï¿½ï¿½ï¿½ï¿½ï¿½ï¿½ï¿½ï¿½ï¿½ï¿½ï¿½ï¿½ï¿½ï¿½ï¿½ï¿½ï¿½ï¿½ï¿½ï¿½
    979				     ï¿½ï¿½ï¿½ï¿½ï¿½ï¿½ï¿½ï¿½ï¿½ï¿½ï¿½
    980				     ;				    SUBROUTINE
    981				     ;ï¿½ï¿½ï¿½ï¿½ï¿½ï¿½ï¿½ï¿½ï¿½ï¿½ï¿½ï¿½ï¿½ï¿½ï¿½ï¿½ï¿½ï¿½ï¿½ï¿½ï¿½ï¿½ï¿½ï¿½ï¿½ï¿½ï¿½ï¿½ï¿½ï¿½ï¿½ï
    982				     ¿½ï¿½ï¿½ï¿½ï¿½ï¿½ï¿½ï¿½ï¿½ï¿½ï¿½ï¿½ï¿½ï¿½ï¿½ï¿½ï¿½ï¿½ï¿½ï¿½ï¿½ï¿½ï¿½ï¿½ï¿½ï¿½ï¿½ï¿½ï¿½ï¿½ï¿½ï¿½
    983				     ï¿½ï¿½ï¿½ï¿½ï¿½ï¿½ï¿½ï¿½ï¿½ï¿½ï¿½
    984
    985	05BD			     int_divide_bcd	     proc    near
    986	05BD  32 F6				     xor     dh,dh		     ; Zero register
    987	05BF  F7 F3				     div     bx			     ; ax,dx rem=dx:ax/reg
    988	05C1  92				     xchg    dx,ax
    989	05C2  8A F2				     mov     dh,dl
    990	05C4  32 D2				     xor     dl,dl		     ; Zero register
    991	05C6  C3				     retn
    992	05C7			     int_divide_bcd	     endp
    993
    994
    995				     ;ï¿½ï¿½ï¿½ï¿½ï¿½ï¿½ï¿½ï¿½ï¿½ï¿½ï¿½ï¿½ï¿½ï¿½ï¿½ï¿½ï¿½ï¿½ï¿½ï¿½ï¿½ï¿½ï¿½ï¿½ï¿½ï¿½ï¿½ï¿½ï¿½ï¿½ï¿½ï
    996				     ¿½ï¿½ï¿½ï¿½ï¿½ï¿½ï¿½ï¿½ï¿½ï¿½ï¿½ï¿½ï¿½ï¿½ï¿½ï¿½ï¿½ï¿½ï¿½ï¿½ï¿½ï¿½ï¿½ï¿½ï¿½ï¿½ï¿½ï¿½ï¿½ï¿½ï¿½ï¿½
    997				     ï¿½ï¿½ï¿½ï¿½ï¿½ï¿½ï¿½ï¿½ï¿½ï¿½ï¿½
    998				     ;				    SUBROUTINE
    999				     ;ï¿½ï¿½ï¿½ï¿½ï¿½ï¿½ï¿½ï¿½ï¿½ï¿½ï¿½ï¿½ï¿½ï¿½ï¿½ï¿½ï¿½ï¿½ï¿½ï¿½ï¿½ï¿½ï¿½ï¿½ï¿½ï¿½ï¿½ï¿½ï¿½ï¿½ï¿½ï
   1000				     ¿½ï¿½ï¿½ï¿½ï¿½ï¿½ï¿½ï¿½ï¿½ï¿½ï¿½ï¿½ï¿½ï¿½ï¿½ï¿½ï¿½ï¿½ï¿½ï¿½ï¿½ï¿½ï¿½ï¿½ï¿½ï¿½ï¿½ï¿½ï¿½ï¿½ï¿½ï¿½
   1001				     ï¿½ï¿½ï¿½ï¿½ï¿½ï¿½ï¿½ï¿½ï¿½ï¿½ï¿½
   1002
   1003	05C7			     render_tilemap_large	     proc    near
   1004	05C7  88 3E 2E80			     mov     ds:data_24e,bh
   1005	05CB  32 FF				     xor     bh,bh		     ; Zero register
   1006	05CD  8A 97 2600			     mov     dl,ds:data_20e[bx]
   1007	05D1  88 16 2E7F			     mov     ds:data_23e,dl
   1008	05D5  8B D8				     mov     bx,ax
   1009	05D7  E8 0837				     call    calc_hgc_address
   1010	05DA  8B D8				     mov     bx,ax
   1011	05DC  B8 B000				     mov     ax,0B000h
   1012	05DF  8E C0				     mov     es,ax
   1013	05E1			     loc_61:
   1014	05E1  8A 05				     mov     al,[di]
   1015	05E3  47				     inc     di
   1016	05E4  53				     push    bx
   1017	05E5  51				     push    cx
   1018	05E6  57				     push    di
   1019	05E7  1E				     push    ds
   1020	05E8  8B FB				     mov     di,bx
   1021	05EA  E8 001B				     call    decode_bitplane_tile
   1022	05ED  1F				     pop     ds
   1023	05EE  5F				     pop     di
   1024	05EF  59				     pop     cx
   1025	05F0  5B				     pop     bx
   1026	05F1  8A C5				     mov     al,ch
Turbo Assembler	 Version 2.01	     03/24/26 00:07:48	    Page 20
gmhgc.asm



   1027	05F3  25 0001				     and     ax,1
   1028	05F6  03 D8				     add     bx,ax
   1029	05F8  43				     inc     bx
   1030	05F9  FE C5				     inc     ch
   1031	05FB  FE C9				     dec     cl
   1032	05FD  75 E2				     jnz     loc_61		     ; Jump if not zero
   1033	05FF  C3				     retn
   1034	0600			     render_tilemap_large	     endp
   1035
   1036	0600  00 FF AA FF 55 00			     db	      00h,0FFh,0AAh,0FFh, 55h, 00h
   1037	0606  FF AA				     db	     0FFh,0AAh
   1038
   1039				     ;ï¿½ï¿½ï¿½ï¿½ï¿½ï¿½ï¿½ï¿½ï¿½ï¿½ï¿½ï¿½ï¿½ï¿½ï¿½ï¿½ï¿½ï¿½ï¿½ï¿½ï¿½ï¿½ï¿½ï¿½ï¿½ï¿½ï¿½ï¿½ï¿½ï¿½ï¿½ï
   1040				     ¿½ï¿½ï¿½ï¿½ï¿½ï¿½ï¿½ï¿½ï¿½ï¿½ï¿½ï¿½ï¿½ï¿½ï¿½ï¿½ï¿½ï¿½ï¿½ï¿½ï¿½ï¿½ï¿½ï¿½ï¿½ï¿½ï¿½ï¿½ï¿½ï¿½ï¿½ï¿½
   1041				     ï¿½ï¿½ï¿½ï¿½ï¿½ï¿½ï¿½ï¿½ï¿½ï¿½ï¿½
   1042				     ;				    SUBROUTINE
   1043				     ;ï¿½ï¿½ï¿½ï¿½ï¿½ï¿½ï¿½ï¿½ï¿½ï¿½ï¿½ï¿½ï¿½ï¿½ï¿½ï¿½ï¿½ï¿½ï¿½ï¿½ï¿½ï¿½ï¿½ï¿½ï¿½ï¿½ï¿½ï¿½ï¿½ï¿½ï¿½ï
   1044				     ¿½ï¿½ï¿½ï¿½ï¿½ï¿½ï¿½ï¿½ï¿½ï¿½ï¿½ï¿½ï¿½ï¿½ï¿½ï¿½ï¿½ï¿½ï¿½ï¿½ï¿½ï¿½ï¿½ï¿½ï¿½ï¿½ï¿½ï¿½ï¿½ï¿½ï¿½ï¿½
   1045				     ï¿½ï¿½ï¿½ï¿½ï¿½ï¿½ï¿½ï¿½ï¿½ï¿½ï¿½
   1046
   1047	0608			     decode_bitplane_tile	     proc    near
   1048	0608  BB 000F				     mov     bx,0Fh
   1049	060B  F6 C5 01				     test    ch,1
   1050	060E  74 03				     jz	     loc_62		     ; Jump if zero
   1051	0610  BB F000				     mov     bx,0F000h
   1052	0613			     loc_62:
   1053	0613  F6 06 2E80 FF			     test    byte ptr ds:data_24e,0FFh
   1054	0618  74 1F				     jz	     loc_65		     ; Jump if zero
   1055	061A  57				     push    di
   1056	061B  51				     push    cx
   1057	061C  86 FB				     xchg    bh,bl
   1058	061E  B9 0007				     mov     cx,7
   1059
   1060	0621			     locloop_63:
   1061	0621  26: 21 1D				     and     es:[di],bx
   1062	0624  81 C7 2000			     add     di,2000h
   1063	0628  81 FF 6000			     cmp     di,data_43e
   1064	062C  72 07				     jb	     loc_64		     ; Jump if below
   1065	062E  26: 21 1D				     and     es:[di],bx
   1066	0631  81 C7 A05A			     add     di,data_44e
   1067	0635			     loc_64:
   1068	0635  E2 EA				     loop    locloop_63		     ; Loop if cx > 0
   1069
   1070	0637  59				     pop     cx
   1071	0638  5F				     pop     di
   1072	0639			     loc_65:
   1073	0639  FE C0				     inc     al
   1074	063B  75 01				     jnz     loc_66		     ; Jump if not zero
   1075	063D  C3				     retn
   1076	063E			     loc_66:
   1077	063E  FE C8				     dec     al
   1078	0640  32 E4				     xor     ah,ah		     ; Zero register
   1079	0642  03 C0				     add     ax,ax
   1080	0644  03 C0				     add     ax,ax
Turbo Assembler	 Version 2.01	     03/24/26 00:07:48	    Page 21
gmhgc.asm



   1081	0646  03 C0				     add     ax,ax
   1082	0648  2E: 03 06	F502			     add     ax,cs:data_36e
   1083	064D  8B F0				     mov     si,ax
   1084	064F  0E				     push    cs
   1085	0650  1F				     pop     ds
   1086	0651  B1 07				     mov     cl,7
   1087	0653			     loc_67:
   1088	0653  AC				     lodsb			     ; String [si] to al
   1089	0654  B4 08				     mov     ah,8
   1090	0656			     loc_68:
   1091	0656  02 C0				     add     al,al
   1092	0658  13 D2				     adc     dx,dx
   1093	065A  03 D2				     add     dx,dx
   1094	065C  FE CC				     dec     ah
   1095	065E  75 F6				     jnz     loc_68		     ; Jump if not zero
   1096	0660  8B C2				     mov     ax,dx
   1097	0662  D1 EA				     shr     dx,1		     ; Shift w/zeros fill
   1098	0664  0B C2				     or	     ax,dx
   1099	0666  F6 C5 01				     test    ch,1
   1100	0669  75 08				     jnz     loc_69		     ; Jump if not zero
   1101	066B  03 C0				     add     ax,ax
   1102	066D  03 C0				     add     ax,ax
   1103	066F  03 C0				     add     ax,ax
   1104	0671  03 C0				     add     ax,ax
   1105	0673			     loc_69:
   1106	0673  86 E0				     xchg    ah,al
   1107	0675  2E: 22 26	2E7F			     and     ah,cs:data_23e
   1108	067A  2E: 22 06	2E7F			     and     al,cs:data_23e
   1109	067F  26: 09 05				     or	     es:[di],ax
   1110	0682  81 C7 2000			     add     di,2000h
   1111	0686  81 FF 6000			     cmp     di,data_43e
   1112	068A  72 07				     jb	     loc_70		     ; Jump if below
   1113	068C  26: 09 05				     or	     es:[di],ax
   1114	068F  81 C7 A05A			     add     di,0A05Ah
   1115	0693			     loc_70:
   1116	0693  FE C9				     dec     cl
   1117	0695  75 BC				     jnz     loc_67		     ; Jump if not zero
   1118	0697  C3				     retn
   1119	0698			     decode_bitplane_tile	     endp
   1120
   1121										     ;*	No entry point to code
   1122	0698  1E				     push    ds
   1123	0699  2E: 8E 1E	FF2C			     mov     ds,cs:data_40e
   1124	069E  FE C8				     dec     al
   1125	06A0  32 E4				     xor     ah,ah		     ; Zero register
   1126	06A2  B9 010E				     mov     cx,10Eh
   1127	06A5  F7 E1				     mul     cx			     ; dx:ax = reg * ax
   1128	06A7  03 06 E200			     add     ax,ds:data_1e
   1129	06AB  8B F0				     mov     si,ax
   1130	06AD  02 FF				     add     bh,bh
   1131	06AF  E8 075F				     call    calc_hgc_address
   1132	06B2  8B E8				     mov     bp,ax
   1133	06B4  B8 B000				     mov     ax,0B000h
   1134	06B7  8E C0				     mov     es,ax
Turbo Assembler	 Version 2.01	     03/24/26 00:07:48	    Page 22
gmhgc.asm



   1135	06B9  B9 0012				     mov     cx,12h
   1136	06BC			     loc_71:
   1137	06BC  51				     push    cx
   1138	06BD  8B 04				     mov     ax,[si]
   1139	06BF  86 E0				     xchg    ah,al
   1140	06C1  2E: A3 2E85			     mov     cs:data_28e,ax
   1141	06C5  8B 44 08				     mov     ax,[si+8]
   1142	06C8  2E: A3 2E87			     mov     cs:data_29e,ax
   1143	06CC  8B 44 0A				     mov     ax,[si+0Ah]
   1144	06CF  86 E0				     xchg    ah,al
   1145	06D1  2E: A3 2E89			     mov     cs:data_30e,ax
   1146	06D5  E8 0281				     call    extract_bitplane_pixels
   1147	06D8  26: 88 76	00			     mov     es:[bp],dh
   1148	06DC  26: 88 56	01			     mov     es:[bp+1],dl
   1149	06E0  8B 44 02				     mov     ax,[si+2]
   1150	06E3  86 E0				     xchg    ah,al
   1151	06E5  2E: A3 2E85			     mov     cs:data_28e,ax
   1152	06E9  8B 44 06				     mov     ax,[si+6]
   1153	06EC  2E: A3 2E87			     mov     cs:data_29e,ax
   1154	06F0  8B 44 0C				     mov     ax,[si+0Ch]
   1155	06F3  86 E0				     xchg    ah,al
   1156	06F5  2E: A3 2E89			     mov     cs:data_30e,ax
   1157	06F9  E8 025D				     call    extract_bitplane_pixels
   1158	06FC  26: 88 76	02			     mov     es:[bp+2],dh
   1159	0700  26: 88 56	03			     mov     es:[bp+3],dl
   1160	0704  32 C0				     xor     al,al		     ; Zero register
   1161	0706  8A 64 04				     mov     ah,[si+4]
   1162	0709  2E: A3 2E85			     mov     cs:data_28e,ax
   1163	070D  8A 64 05				     mov     ah,[si+5]
   1164	0710  2E: A3 2E87			     mov     cs:data_29e,ax
   1165	0714  8A 64 0E				     mov     ah,[si+0Eh]
   1166	0717  2E: A3 2E89			     mov     cs:data_30e,ax
   1167	071B  E8 023B				     call    extract_bitplane_pixels
   1168	071E  26: 88 76	04			     mov     es:[bp+4],dh
   1169	0722  83 C6 0F				     add     si,0Fh
   1170	0725  81 C5 2000			     add     bp,2000h
   1171	0729  81 FD 6000			     cmp     bp,data_43e
   1172	072D  72 21				     jb	     loc_72		     ; Jump if below
   1173	072F  8B FD				     mov     di,bp
   1174	0731  81 EF 2000			     sub     di,2000h
   1175	0735  26: 8B 05				     mov     ax,es:[di]
   1176	0738  26: 89 46	00			     mov     es:[bp],ax
   1177	073C  26: 8B 45	02			     mov     ax,es:[di+2]
   1178	0740  26: 89 46	02			     mov     es:[bp+2],ax
   1179	0744  26: 8A 45	04			     mov     al,es:[di+4]
   1180	0748  26: 88 46	04			     mov     es:[bp+4],al
   1181	074C  81 C5 A05A			     add     bp,0A05Ah
   1182	0750			     loc_72:
   1183	0750  59				     pop     cx
   1184	0751  E2 02				     loop    locloop_73		     ; Loop if cx > 0
   1185
   1186	0753  EB 03				     jmp     short loc_74
   1187
   1188	0755			     locloop_73:
Turbo Assembler	 Version 2.01	     03/24/26 00:07:48	    Page 23
gmhgc.asm



   1189	0755  E9 FF64				     jmp     loc_71
   1190	0758			     loc_74:
   1191	0758  1F				     pop     ds
   1192	0759  C3				     retn
   1193										     ;*	No entry point to code
   1194	075A  1E				     push    ds
   1195	075B  2E: 8E 1E	FF2C			     mov     ds,cs:data_40e
   1196	0760  FE C8				     dec     al
   1197	0762  32 E4				     xor     ah,ah		     ; Zero register
   1198	0764  B9 00C0				     mov     cx,0C0h
   1199	0767  F7 E1				     mul     cx			     ; dx:ax = reg * ax
   1200	0769  03 06 E206			     add     ax,ds:data_3e
   1201	076D  8B F0				     mov     si,ax
   1202	076F  E8 014E				     call    render_tilemap_small
   1203	0772  1F				     pop     ds
   1204	0773  C3				     retn
   1205										     ;*	No entry point to code
   1206	0774  1E				     push    ds
   1207	0775  2E: 8E 1E	FF2C			     mov     ds,cs:data_40e
   1208	077A  FE C8				     dec     al
   1209	077C  32 E4				     xor     ah,ah		     ; Zero register
   1210	077E  B9 00C0				     mov     cx,0C0h
   1211	0781  F7 E1				     mul     cx			     ; dx:ax = reg * ax
   1212	0783  03 06 E202			     add     ax,ds:data_2e
   1213	0787  8B F0				     mov     si,ax
   1214	0789  E8 0134				     call    render_tilemap_small
   1215	078C  1F				     pop     ds
   1216	078D  C3				     retn
   1217										     ;*	No entry point to code
   1218	078E  1E				     push    ds
   1219	078F  BE 27D0				     mov     si,27D0h
   1220	0792  0A C0				     or	     al,al		     ; Zero ?
   1221	0794  74 14				     jz	     loc_75		     ; Jump if zero
   1222	0796  2E: 8E 1E	FF2C			     mov     ds,cs:data_40e
   1223	079B  FE C8				     dec     al
   1224	079D  32 E4				     xor     ah,ah		     ; Zero register
   1225	079F  B9 00C0				     mov     cx,0C0h
   1226	07A2  F7 E1				     mul     cx			     ; dx:ax = reg * ax
   1227	07A4  03 06 E20C			     add     ax,ds:data_5e
   1228	07A8  8B F0				     mov     si,ax
   1229	07AA			     loc_75:
   1230	07AA  E8 0113				     call    render_tilemap_small
   1231	07AD  1F				     pop     ds
   1232	07AE  C3				     retn
   1233										     ;*	No entry point to code
   1234	07AF  1E				     push    ds
   1235	07B0  BE 27D0				     mov     si,27D0h
   1236	07B3  0A C0				     or	     al,al		     ; Zero ?
   1237	07B5  74 14				     jz	     loc_76		     ; Jump if zero
   1238	07B7  2E: 8E 1E	FF2C			     mov     ds,cs:data_40e
   1239	07BC  FE C8				     dec     al
   1240	07BE  32 E4				     xor     ah,ah		     ; Zero register
   1241	07C0  B9 00C0				     mov     cx,0C0h
   1242	07C3  F7 E1				     mul     cx			     ; dx:ax = reg * ax
Turbo Assembler	 Version 2.01	     03/24/26 00:07:48	    Page 24
gmhgc.asm



   1243	07C5  03 06 E20A			     add     ax,ds:data_4e
   1244	07C9  8B F0				     mov     si,ax
   1245	07CB			     loc_76:
   1246	07CB  E8 00F2				     call    render_tilemap_small
   1247	07CE  1F				     pop     ds
   1248	07CF  C3				     retn
   1249	07D0  00 00 00 00 FC FF			     db	      00h, 00h,	00h, 00h,0FCh,0FFh
   1250	07D6  FF 3F 2A AA AA A8			     db	     0FFh, 3Fh,	2Ah,0AAh,0AAh,0A8h
   1251	07DC  00 00 00 00 03 00			     db	      00h, 00h,	00h, 00h, 03h, 00h
   1252	07E2  00 C0 80 00 00 02			     db	      00h,0C0h,	80h, 00h, 00h, 02h
   1253	07E8  0E 38 F8 00 03 00			     db	      0Eh, 38h,0F8h, 00h, 03h, 00h
   1254	07EE  00 C0 82 08 08 02			     db	      00h,0C0h,	82h, 08h, 08h, 02h
   1255	07F4  0F BB 8E 00 03 00			     db	      0Fh,0BBh,	8Eh, 00h, 03h, 00h
   1256	07FA  00 C0 80 88 82 02			     db	      00h,0C0h,	80h, 88h, 82h, 02h
   1257	0800  0F FB 8E 00 03 00			     db	      0Fh,0FBh,	8Eh, 00h, 03h, 00h
   1258	0806  00 C0 80 08 82 02			     db	      00h,0C0h,	80h, 08h, 82h, 02h
   1259	080C  0E FB 8E 00 03 00			     db	      0Eh,0FBh,	8Eh, 00h, 03h, 00h
   1260	0812  00 C0 82 08 82 02			     db	      00h,0C0h,	82h, 08h, 82h, 02h
   1261	0818  0E 38 F8 00 03 00			     db	      0Eh, 38h,0F8h, 00h, 03h, 00h
   1262	081E  00 C0 82 08 08 02			     db	      00h,0C0h,	82h, 08h, 08h, 02h
   1263	0824  00 00 00 00 03 00			     db	      00h, 00h,	00h, 00h, 03h, 00h
   1264	082A  00 C0 80 00 00 02			     db	      00h,0C0h,	80h, 00h, 00h, 02h
   1265	0830  00 00 00 00 03 00			     db	      00h, 00h,	00h, 00h, 03h, 00h
   1266	0836  00 C0 80 00 00 02			     db	      00h,0C0h,	80h, 00h, 00h, 02h
   1267	083C  0E 38 FB F8 03 00			     db	      0Eh, 38h,0FBh,0F8h, 03h, 00h
   1268	0842  00 C0 82 08 08 0A			     db	      00h,0C0h,	82h, 08h, 08h, 0Ah
   1269	0848  0E 3B 83 80 03 00			     db	      0Eh, 3Bh,	83h, 80h, 03h, 00h
   1270	084E  00 C0 82 08 80 82			     db	      00h,0C0h,	82h, 08h, 80h, 82h
   1271	0854  0E 38 E3 C0 03 00			     db	      0Eh, 38h,0E3h,0C0h, 03h, 00h
   1272	085A  00 C0 82 08 20 02			     db	      00h,0C0h,	82h, 08h, 20h, 02h
   1273	0860  0E 38 3B 80 03 00			     db	      0Eh, 38h,	3Bh, 80h, 03h, 00h
   1274	0866  00 C0 82 08 08 82			     db	      00h,0C0h,	82h, 08h, 08h, 82h
   1275	086C  03 E3 E3 F8 03 00			     db	      03h,0E3h,0E3h,0F8h, 03h, 00h
   1276	0872  00 C0 80 20 20 0A			     db	      00h,0C0h,	80h, 20h, 20h, 0Ah
   1277	0878  00 00 00 00 03 00			     db	      00h, 00h,	00h, 00h, 03h, 00h
   1278	087E  00 C0 80 00 00 02			     db	      00h,0C0h,	80h, 00h, 00h, 02h
   1279	0884  00 00 00 00 FC FF			     db	      00h, 00h,	00h, 00h,0FCh,0FFh
   1280	088A  FF 3F 2A AA AA A8			     db	     0FFh, 3Fh,	2Ah,0AAh,0AAh,0A8h
   1281	0890  1E 2E 8E 1E 2C FF			     db	      1Eh, 2Eh,	8Eh, 1Eh, 2Ch,0FFh
   1282	0896  32 E4 B9 C0 00 F7			     db	      32h,0E4h,0B9h,0C0h, 00h,0F7h
   1283	089C  E1 03 06 08 E2 8B			     db	     0E1h, 03h,	06h, 08h,0E2h, 8Bh
   1284	08A2  F0 E8 1A 00 1F C3			     db	     0F0h,0E8h,	1Ah, 00h, 1Fh,0C3h
   1285	08A8  1E 2E 8E 1E 2C FF			     db	      1Eh, 2Eh,	8Eh, 1Eh, 2Ch,0FFh
   1286	08AE  32 E4 B9 C0 00 F7			     db	      32h,0E4h,0B9h,0C0h, 00h,0F7h
   1287	08B4  E1 03 06 04 E2 8B			     db	     0E1h, 03h,	06h, 04h,0E2h, 8Bh
   1288	08BA  F0 E8 02 00 1F C3			     db	     0F0h,0E8h,	02h, 00h, 1Fh,0C3h
   1289
   1290				     ;ï¿½ï¿½ï¿½ï¿½ï¿½ï¿½ï¿½ï¿½ï¿½ï¿½ï¿½ï¿½ï¿½ï¿½ï¿½ï¿½ï¿½ï¿½ï¿½ï¿½ï¿½ï¿½ï¿½ï¿½ï¿½ï¿½ï¿½ï¿½ï¿½ï¿½ï¿½ï
   1291				     ¿½ï¿½ï¿½ï¿½ï¿½ï¿½ï¿½ï¿½ï¿½ï¿½ï¿½ï¿½ï¿½ï¿½ï¿½ï¿½ï¿½ï¿½ï¿½ï¿½ï¿½ï¿½ï¿½ï¿½ï¿½ï¿½ï¿½ï¿½ï¿½ï¿½ï¿½ï¿½
   1292				     ï¿½ï¿½ï¿½ï¿½ï¿½ï¿½ï¿½ï¿½ï¿½ï¿½ï¿½
   1293				     ;				    SUBROUTINE
   1294				     ;ï¿½ï¿½ï¿½ï¿½ï¿½ï¿½ï¿½ï¿½ï¿½ï¿½ï¿½ï¿½ï¿½ï¿½ï¿½ï¿½ï¿½ï¿½ï¿½ï¿½ï¿½ï¿½ï¿½ï¿½ï¿½ï¿½ï¿½ï¿½ï¿½ï¿½ï¿½ï
   1295				     ¿½ï¿½ï¿½ï¿½ï¿½ï¿½ï¿½ï¿½ï¿½ï¿½ï¿½ï¿½ï¿½ï¿½ï¿½ï¿½ï¿½ï¿½ï¿½ï¿½ï¿½ï¿½ï¿½ï¿½ï¿½ï¿½ï¿½ï¿½ï¿½ï¿½ï¿½ï¿½
   1296				     ï¿½ï¿½ï¿½ï¿½ï¿½ï¿½ï¿½ï¿½ï¿½ï¿½ï¿½
Turbo Assembler	 Version 2.01	     03/24/26 00:07:48	    Page 25
gmhgc.asm



   1297
   1298	08C0			     render_tilemap_small	     proc    near
   1299	08C0  E8 054E				     call    calc_hgc_address
   1300	08C3  8B E8				     mov     bp,ax
   1301	08C5  B8 B000				     mov     ax,0B000h
   1302	08C8  8E C0				     mov     es,ax
   1303	08CA  B9 0010				     mov     cx,10h
   1304	08CD			     loc_77:
   1305	08CD  51				     push    cx
   1306	08CE  8B 04				     mov     ax,[si]
   1307	08D0  86 E0				     xchg    ah,al
   1308	08D2  2E: A3 2E85			     mov     cs:data_28e,ax
   1309	08D6  8B 44 06				     mov     ax,[si+6]
   1310	08D9  2E: A3 2E87			     mov     cs:data_29e,ax
   1311	08DD  8B 44 08				     mov     ax,[si+8]
   1312	08E0  86 E0				     xchg    ah,al
   1313	08E2  2E: A3 2E89			     mov     cs:data_30e,ax
   1314	08E6  E8 0070				     call    extract_bitplane_pixels
   1315	08E9  8B C2				     mov     ax,dx
   1316	08EB  8B 54 02				     mov     dx,[si+2]
   1317	08EE  86 F2				     xchg    dh,dl
   1318	08F0  2E: 89 16	2E85			     mov     cs:data_28e,dx
   1319	08F5  8B 54 04				     mov     dx,[si+4]
   1320	08F8  2E: 89 16	2E87			     mov     cs:data_29e,dx
   1321	08FD  8B 54 0A				     mov     dx,[si+0Ah]
   1322	0900  86 F2				     xchg    dh,dl
   1323	0902  2E: 89 16	2E89			     mov     cs:data_30e,dx
   1324	0907  E8 004F				     call    extract_bitplane_pixels
   1325	090A  32 DB				     xor     bl,bl		     ; Zero register
   1326	090C  B9 0004				     mov     cx,4
   1327
   1328	090F			     locloop_78:
   1329	090F  D1 E8				     shr     ax,1		     ; Shift w/zeros fill
   1330	0911  D1 DA				     rcr     dx,1		     ; Rotate thru carry
   1331	0913  D0 DB				     rcr     bl,1		     ; Rotate thru carry
   1332	0915  E2 F8				     loop    locloop_78		     ; Loop if cx > 0
   1333
   1334	0917  26: 88 66	00			     mov     es:[bp],ah
   1335	091B  26: 88 46	01			     mov     es:[bp+1],al
   1336	091F  26: 88 76	02			     mov     es:[bp+2],dh
   1337	0923  26: 88 56	03			     mov     es:[bp+3],dl
   1338	0927  26: 88 5E	04			     mov     es:[bp+4],bl
   1339	092B  83 C6 0C				     add     si,0Ch
   1340	092E  81 C5 2000			     add     bp,2000h
   1341	0932  81 FD 6000			     cmp     bp,data_43e
   1342	0936  72 18				     jb	     loc_79		     ; Jump if below
   1343	0938  26: 88 66	00			     mov     es:[bp],ah
   1344	093C  26: 88 46	01			     mov     es:[bp+1],al
   1345	0940  26: 88 76	02			     mov     es:[bp+2],dh
   1346	0944  26: 88 56	03			     mov     es:[bp+3],dl
   1347	0948  26: 88 5E	04			     mov     es:[bp+4],bl
   1348	094C  81 C5 A05A			     add     bp,0A05Ah
   1349	0950			     loc_79:
   1350	0950  59				     pop     cx
Turbo Assembler	 Version 2.01	     03/24/26 00:07:48	    Page 26
gmhgc.asm



   1351	0951  E2 02				     loop    locloop_80		     ; Loop if cx > 0
   1352
   1353	0953  EB 03				     jmp     short loc_ret_81
   1354
   1355	0955			     locloop_80:
   1356	0955  E9 FF75				     jmp     loc_77
   1357
   1358	0958			     loc_ret_81:
   1359	0958  C3				     retn
   1360	0959			     render_tilemap_small	     endp
   1361
   1362
   1363				     ;ï¿½ï¿½ï¿½ï¿½ï¿½ï¿½ï¿½ï¿½ï¿½ï¿½ï¿½ï¿½ï¿½ï¿½ï¿½ï¿½ï¿½ï¿½ï¿½ï¿½ï¿½ï¿½ï¿½ï¿½ï¿½ï¿½ï¿½ï¿½ï¿½ï¿½ï¿½ï
   1364				     ¿½ï¿½ï¿½ï¿½ï¿½ï¿½ï¿½ï¿½ï¿½ï¿½ï¿½ï¿½ï¿½ï¿½ï¿½ï¿½ï¿½ï¿½ï¿½ï¿½ï¿½ï¿½ï¿½ï¿½ï¿½ï¿½ï¿½ï¿½ï¿½ï¿½ï¿½ï¿½
   1365				     ï¿½ï¿½ï¿½ï¿½ï¿½ï¿½ï¿½ï¿½ï¿½ï¿½ï¿½
   1366				     ;				    SUBROUTINE
   1367				     ;ï¿½ï¿½ï¿½ï¿½ï¿½ï¿½ï¿½ï¿½ï¿½ï¿½ï¿½ï¿½ï¿½ï¿½ï¿½ï¿½ï¿½ï¿½ï¿½ï¿½ï¿½ï¿½ï¿½ï¿½ï¿½ï¿½ï¿½ï¿½ï¿½ï¿½ï¿½ï
   1368				     ¿½ï¿½ï¿½ï¿½ï¿½ï¿½ï¿½ï¿½ï¿½ï¿½ï¿½ï¿½ï¿½ï¿½ï¿½ï¿½ï¿½ï¿½ï¿½ï¿½ï¿½ï¿½ï¿½ï¿½ï¿½ï¿½ï¿½ï¿½ï¿½ï¿½ï¿½ï¿½
   1369				     ï¿½ï¿½ï¿½ï¿½ï¿½ï¿½ï¿½ï¿½ï¿½ï¿½ï¿½
   1370
   1371	0959			     extract_bitplane_pixels	     proc    near
   1372	0959  B9 0008				     mov     cx,8
   1373
   1374	095C			     locloop_82:
   1375	095C  33 DB				     xor     bx,bx		     ; Zero register
   1376	095E  2E: D1 06	2E89			     rol     word ptr cs:data_30e,1  ; Rotate
   1377	0963  13 DB				     adc     bx,bx
   1378	0965  2E: D1 06	2E87			     rol     word ptr cs:data_29e,1  ; Rotate
   1379	096A  13 DB				     adc     bx,bx
   1380	096C  2E: D1 06	2E85			     rol     word ptr cs:data_28e,1  ; Rotate
   1381	0971  13 DB				     adc     bx,bx
   1382	0973  2E: D1 06	2E89			     rol     word ptr cs:data_30e,1  ; Rotate
   1383	0978  13 DB				     adc     bx,bx
   1384	097A  2E: D1 06	2E87			     rol     word ptr cs:data_29e,1  ; Rotate
   1385	097F  13 DB				     adc     bx,bx
   1386	0981  2E: D1 06	2E85			     rol     word ptr cs:data_28e,1  ; Rotate
   1387	0986  13 DB				     adc     bx,bx
   1388	0988  03 D2				     add     dx,dx
   1389	098A  03 D2				     add     dx,dx
   1390	098C  2E: 0A 97	2994			     or	     dl,cs:data_21e[bx]
   1391	0991  E2 C9				     loop    locloop_82		     ; Loop if cx > 0
   1392
   1393	0993  C3				     retn
   1394	0994			     extract_bitplane_pixels	     endp
   1395
   1396	0994  00 01 02 01 01 00			     db	     0,	1, 2, 1, 1, 0
   1397	099A  03 02 01 03 03 03			     db	     3,	2, 1, 3, 3, 3
   1398	09A0  01 03 03 02 02 03			     db	     1,	3, 3, 2, 2, 3
   1399	09A6  02 01 01 02 02 02			     db	     2,	1, 1, 2, 2, 2
   1400	09AC  01 03 01 03 01 01			     db	     1,	3, 1, 3, 1, 1
   1401	09B2  02 02 01 01 01 01			     db	     2,	2, 1, 1, 1, 1
   1402	09B8  01 01 03 02 00 03			     db	     1,	1, 3, 2, 0, 3
   1403	09BE  02 01 01 01 03 02			     db	     2,	1, 1, 1, 3, 2
   1404	09C4  03 03 02 02 03 03			     db	     3,	3, 2, 2, 3, 3
Turbo Assembler	 Version 2.01	     03/24/26 00:07:48	    Page 27
gmhgc.asm



   1405	09CA  03 02 01 02 02 02			     db	     3,	2, 1, 2, 2, 2
   1406	09D0  02 02 02 02			     db	     2,	2, 2, 2
   1407
   1408				     ;ï¿½ï¿½ï¿½ï¿½ï¿½ï¿½ï¿½ï¿½ï¿½ï¿½ï¿½ï¿½ï¿½ï¿½ï¿½ï¿½ï¿½ï¿½ï¿½ï¿½ï¿½ï¿½ï¿½ï¿½ï¿½ï¿½ï¿½ï¿½ï¿½ï¿½ï¿½ï
   1409				     ¿½ï¿½ï¿½ï¿½ï¿½ï¿½ï¿½ï¿½ï¿½ï¿½ï¿½ï¿½ï¿½ï¿½ï¿½ï¿½ï¿½ï¿½ï¿½ï¿½ï¿½ï¿½ï¿½ï¿½ï¿½ï¿½ï¿½ï¿½ï¿½ï¿½ï¿½ï¿½
   1410				     ï¿½ï¿½ï¿½ï¿½ï¿½ï¿½ï¿½ï¿½ï¿½ï¿½ï¿½
   1411				     ;				    SUBROUTINE
   1412				     ;ï¿½ï¿½ï¿½ï¿½ï¿½ï¿½ï¿½ï¿½ï¿½ï¿½ï¿½ï¿½ï¿½ï¿½ï¿½ï¿½ï¿½ï¿½ï¿½ï¿½ï¿½ï¿½ï¿½ï¿½ï¿½ï¿½ï¿½ï¿½ï¿½ï¿½ï¿½ï
   1413				     ¿½ï¿½ï¿½ï¿½ï¿½ï¿½ï¿½ï¿½ï¿½ï¿½ï¿½ï¿½ï¿½ï¿½ï¿½ï¿½ï¿½ï¿½ï¿½ï¿½ï¿½ï¿½ï¿½ï¿½ï¿½ï¿½ï¿½ï¿½ï¿½ï¿½ï¿½ï¿½
   1414				     ï¿½ï¿½ï¿½ï¿½ï¿½ï¿½ï¿½ï¿½ï¿½ï¿½ï¿½
   1415
   1416	09D4			     render_text_char_alt	     proc    near
   1417	09D4  1E				     push    ds
   1418	09D5  0E				     push    cs
   1419	09D6  1F				     pop     ds
   1420	09D7  53				     push    bx
   1421	09D8  33 DB				     xor     bx,bx		     ; Zero register
   1422	09DA  8A DC				     mov     bl,ah
   1423	09DC  8A A7 2600			     mov     ah,ds:data_20e[bx]
   1424	09E0  88 26 2E7F			     mov     ds:data_23e,ah
   1425	09E4  5B				     pop     bx
   1426	09E5  32 E4				     xor     ah,ah		     ; Zero register
   1427	09E7  2C 20				     sub     al,20h		     ; ' '
   1428	09E9  03 C0				     add     ax,ax
   1429	09EB  03 C0				     add     ax,ax
   1430	09ED  03 C0				     add     ax,ax
   1431	09EF  03 06 F500			     add     ax,ds:data_35e
   1432	09F3  50				     push    ax
   1433	09F4  83 C3 14				     add     bx,14h
   1434	09F7  8A C3				     mov     al,bl
   1435	09F9  24 03				     and     al,3
   1436	09FB  02 C0				     add     al,al
   1437	09FD  A2 2E80				     mov     ds:data_24e,al
   1438	0A00  D1 EB				     shr     bx,1		     ; Shift w/zeros fill
   1439	0A02  D1 EB				     shr     bx,1		     ; Shift w/zeros fill
   1440	0A04  32 ED				     xor     ch,ch		     ; Zero register
   1441	0A06  83 C1 1C				     add     cx,1Ch
   1442	0A09  8B C1				     mov     ax,cx
   1443	0A0B  B2 03				     mov     dl,3
   1444	0A0D  F6 F2				     div     dl			     ; al, ah rem = ax/reg
   1445	0A0F  8A F4				     mov     dh,ah
   1446	0A11  D0 CE				     ror     dh,1		     ; Rotate
   1447	0A13  D0 CE				     ror     dh,1		     ; Rotate
   1448	0A15  D0 CE				     ror     dh,1		     ; Rotate
   1449	0A17  B4 5A				     mov     ah,5Ah		     ; 'Z'
   1450	0A19  F6 E4				     mul     ah			     ; ax = reg	* al
   1451	0A1B  81 E2 6000			     and     dx,6000h
   1452	0A1F  03 C2				     add     ax,dx
   1453	0A21  03 C3				     add     ax,bx
   1454	0A23  8B F8				     mov     di,ax
   1455	0A25  5E				     pop     si
   1456	0A26  B8 B000				     mov     ax,0B000h
   1457	0A29  8E C0				     mov     es,ax
   1458	0A2B  B9 0008				     mov     cx,8
Turbo Assembler	 Version 2.01	     03/24/26 00:07:48	    Page 28
gmhgc.asm



   1459
   1460	0A2E			     locloop_83:
   1461	0A2E  51				     push    cx
   1462	0A2F  AC				     lodsb			     ; String [si] to al
   1463	0A30  E8 005B				     call    double_char_bits
   1464	0A33  2E: 8A 0E	2E80			     mov     cl,cs:data_24e
   1465	0A38  8A E2				     mov     ah,dl
   1466	0A3A  32 D2				     xor     dl,dl		     ; Zero register
   1467	0A3C  8A C2				     mov     al,dl
   1468	0A3E  D3 EA				     shr     dx,cl		     ; Shift w/zeros fill
   1469	0A40  D3 E8				     shr     ax,cl		     ; Shift w/zeros fill
   1470	0A42  0A D4				     or	     dl,ah
   1471	0A44  8A E8				     mov     ch,al
   1472	0A46  86 F2				     xchg    dh,dl
   1473	0A48  8B DA				     mov     bx,dx
   1474	0A4A  8A CD				     mov     cl,ch
   1475	0A4C  F7 D3				     not     bx
   1476	0A4E  F6 D1				     not     cl
   1477	0A50  2E: 22 16	2E7F			     and     dl,cs:data_23e
   1478	0A55  2E: 22 36	2E7F			     and     dh,cs:data_23e
   1479	0A5A  2E: 22 2E	2E7F			     and     ch,cs:data_23e
   1480	0A5F  26: 21 1D				     and     es:[di],bx
   1481	0A62  26: 20 4D	02			     and     es:[di+2],cl
   1482	0A66  26: 09 15				     or	     es:[di],dx
   1483	0A69  26: 08 6D	02			     or	     es:[di+2],ch
   1484	0A6D  81 C7 2000			     add     di,2000h
   1485	0A71  81 FF 6000			     cmp     di,data_43e
   1486	0A75  72 12				     jb	     loc_84		     ; Jump if below
   1487	0A77  26: 21 1D				     and     es:[di],bx
   1488	0A7A  26: 20 4D	02			     and     es:[di+2],cl
   1489	0A7E  26: 09 15				     or	     es:[di],dx
   1490	0A81  26: 08 6D	02			     or	     es:[di+2],ch
   1491	0A85  81 C7 A05A			     add     di,0A05Ah
   1492	0A89			     loc_84:
   1493	0A89  59				     pop     cx
   1494	0A8A  E2 A2				     loop    locloop_83		     ; Loop if cx > 0
   1495
   1496	0A8C  1F				     pop     ds
   1497	0A8D  C3				     retn
   1498	0A8E			     render_text_char_alt	     endp
   1499
   1500
   1501				     ;ï¿½ï¿½ï¿½ï¿½ï¿½ï¿½ï¿½ï¿½ï¿½ï¿½ï¿½ï¿½ï¿½ï¿½ï¿½ï¿½ï¿½ï¿½ï¿½ï¿½ï¿½ï¿½ï¿½ï¿½ï¿½ï¿½ï¿½ï¿½ï¿½ï¿½ï¿½ï
   1502				     ¿½ï¿½ï¿½ï¿½ï¿½ï¿½ï¿½ï¿½ï¿½ï¿½ï¿½ï¿½ï¿½ï¿½ï¿½ï¿½ï¿½ï¿½ï¿½ï¿½ï¿½ï¿½ï¿½ï¿½ï¿½ï¿½ï¿½ï¿½ï¿½ï¿½ï¿½ï¿½
   1503				     ï¿½ï¿½ï¿½ï¿½ï¿½ï¿½ï¿½ï¿½ï¿½ï¿½ï¿½
   1504				     ;				    SUBROUTINE
   1505				     ;ï¿½ï¿½ï¿½ï¿½ï¿½ï¿½ï¿½ï¿½ï¿½ï¿½ï¿½ï¿½ï¿½ï¿½ï¿½ï¿½ï¿½ï¿½ï¿½ï¿½ï¿½ï¿½ï¿½ï¿½ï¿½ï¿½ï¿½ï¿½ï¿½ï¿½ï¿½ï
   1506				     ¿½ï¿½ï¿½ï¿½ï¿½ï¿½ï¿½ï¿½ï¿½ï¿½ï¿½ï¿½ï¿½ï¿½ï¿½ï¿½ï¿½ï¿½ï¿½ï¿½ï¿½ï¿½ï¿½ï¿½ï¿½ï¿½ï¿½ï¿½ï¿½ï¿½ï¿½ï¿½
   1507				     ï¿½ï¿½ï¿½ï¿½ï¿½ï¿½ï¿½ï¿½ï¿½ï¿½ï¿½
   1508
   1509	0A8E			     double_char_bits		     proc    near
   1510	0A8E  B9 0008				     mov     cx,8
   1511
   1512	0A91			     locloop_85:
Turbo Assembler	 Version 2.01	     03/24/26 00:07:48	    Page 29
gmhgc.asm



   1513	0A91  02 C0				     add     al,al
   1514	0A93  13 DB				     adc     bx,bx
   1515	0A95  03 DB				     add     bx,bx
   1516	0A97  E2 F8				     loop    locloop_85		     ; Loop if cx > 0
   1517
   1518	0A99  8B D3				     mov     dx,bx
   1519	0A9B  D1 EA				     shr     dx,1		     ; Shift w/zeros fill
   1520	0A9D  0B D3				     or	     dx,bx
   1521	0A9F  C3				     retn
   1522	0AA0			     double_char_bits		     endp
   1523
   1524										     ;*	No entry point to code
   1525	0AA0  1E				     push    ds
   1526	0AA1  02 FF				     add     bh,bh
   1527	0AA3  E8 036B				     call    calc_hgc_address
   1528	0AA6  8B F8				     mov     di,ax
   1529	0AA8  8B F7				     mov     si,di
   1530	0AAA  81 C6 2000			     add     si,2000h
   1531	0AAE  81 FE 6000			     cmp     si,6000h
   1532	0AB2  72 04				     jb	     loc_86		     ; Jump if below
   1533	0AB4  81 C6 A05A			     add     si,data_44e
   1534	0AB8			     loc_86:
   1535	0AB8  B8 B000				     mov     ax,0B000h
   1536	0ABB  8E C0				     mov     es,ax
   1537	0ABD  8E D8				     mov     ds,ax
   1538	0ABF  8A DD				     mov     bl,ch
   1539	0AC1  32 FF				     xor     bh,bh		     ; Zero register
   1540	0AC3  03 DB				     add     bx,bx
   1541	0AC5  32 ED				     xor     ch,ch		     ; Zero register
   1542
   1543	0AC7			     locloop_87:
   1544	0AC7  51				     push    cx
   1545	0AC8  57				     push    di
   1546	0AC9  56				     push    si
   1547	0ACA  8B CB				     mov     cx,bx
   1548	0ACC  F3> A4				     rep     movsb		     ; Rep when	cx >0 Mov [si] to es:[di]
   1549	0ACE  5E				     pop     si
   1550	0ACF  5F				     pop     di
   1551	0AD0  81 C7 2000			     add     di,2000h
   1552	0AD4  81 FF 6000			     cmp     di,data_43e
   1553	0AD8  72 0C				     jb	     loc_88		     ; Jump if below
   1554	0ADA  57				     push    di
   1555	0ADB  56				     push    si
   1556	0ADC  8B CB				     mov     cx,bx
   1557	0ADE  F3> A4				     rep     movsb		     ; Rep when	cx >0 Mov [si] to es:[di]
   1558	0AE0  5E				     pop     si
   1559	0AE1  5F				     pop     di
   1560	0AE2  81 C7 A05A			     add     di,0A05Ah
   1561	0AE6			     loc_88:
   1562	0AE6  81 C6 2000			     add     si,2000h
   1563	0AEA  81 FE 6000			     cmp     si,6000h
   1564	0AEE  72 04				     jb	     loc_89		     ; Jump if below
   1565	0AF0  81 C6 A05A			     add     si,0A05Ah
   1566	0AF4			     loc_89:
Turbo Assembler	 Version 2.01	     03/24/26 00:07:48	    Page 30
gmhgc.asm



   1567	0AF4  59				     pop     cx
   1568	0AF5  E2 D0				     loop    locloop_87		     ; Loop if cx > 0
   1569
   1570	0AF7  1F				     pop     ds
   1571	0AF8  C3				     retn
   1572										     ;*	No entry point to code
   1573	0AF9  1E				     push    ds
   1574	0AFA  83 C7 00				     add     di,0
   1575	0AFD  8B D8				     mov     bx,ax
   1576	0AFF  02 FF				     add     bh,bh
   1577	0B01  E8 030D				     call    calc_hgc_address
   1578	0B04  8B F0				     mov     si,ax
   1579	0B06  8C C8				     mov     ax,cs
   1580	0B08  05 3000				     add     ax,3000h
   1581	0B0B  8E C0				     mov     es,ax
   1582	0B0D  B8 B000				     mov     ax,0B000h
   1583	0B10  8E D8				     mov     ds,ax
   1584	0B12  8A DD				     mov     bl,ch
   1585	0B14  32 FF				     xor     bh,bh		     ; Zero register
   1586	0B16  8A EF				     mov     ch,bh
   1587
   1588	0B18			     locloop_90:
   1589	0B18  51				     push    cx
   1590	0B19  56				     push    si
   1591	0B1A  8B CB				     mov     cx,bx
   1592	0B1C  F3> A5				     rep     movsw		     ; Rep when	cx >0 Mov [si] to es:[di]
   1593	0B1E  5E				     pop     si
   1594	0B1F  81 C6 2000			     add     si,2000h
   1595	0B23  81 FE 6000			     cmp     si,6000h
   1596	0B27  72 04				     jb	     loc_91		     ; Jump if below
   1597	0B29  81 C6 A05A			     add     si,0A05Ah
   1598	0B2D			     loc_91:
   1599	0B2D  59				     pop     cx
   1600	0B2E  E2 E8				     loop    locloop_90		     ; Loop if cx > 0
   1601
   1602	0B30  1F				     pop     ds
   1603	0B31  C3				     retn
   1604										     ;*	No entry point to code
   1605	0B32  1E				     push    ds
   1606	0B33  8B F7				     mov     si,di
   1607	0B35  83 C6 00				     add     si,0
   1608	0B38  8B D8				     mov     bx,ax
   1609	0B3A  02 FF				     add     bh,bh
   1610	0B3C  E8 02D2				     call    calc_hgc_address
   1611	0B3F  8B F8				     mov     di,ax
   1612	0B41  8C C8				     mov     ax,cs
   1613	0B43  05 3000				     add     ax,3000h
   1614	0B46  8E D8				     mov     ds,ax
   1615	0B48  B8 B000				     mov     ax,0B000h
   1616	0B4B  8E C0				     mov     es,ax
   1617	0B4D  8A DD				     mov     bl,ch
   1618	0B4F  32 FF				     xor     bh,bh		     ; Zero register
   1619	0B51  8A EF				     mov     ch,bh
   1620
Turbo Assembler	 Version 2.01	     03/24/26 00:07:48	    Page 31
gmhgc.asm



   1621	0B53			     locloop_92:
   1622	0B53  51				     push    cx
   1623	0B54  56				     push    si
   1624	0B55  57				     push    di
   1625	0B56  8B CB				     mov     cx,bx
   1626	0B58  F3> A5				     rep     movsw		     ; Rep when	cx >0 Mov [si] to es:[di]
   1627	0B5A  5F				     pop     di
   1628	0B5B  5E				     pop     si
   1629	0B5C  81 C7 2000			     add     di,2000h
   1630	0B60  81 FF 6000			     cmp     di,data_43e
   1631	0B64  72 0C				     jb	     loc_93		     ; Jump if below
   1632	0B66  56				     push    si
   1633	0B67  57				     push    di
   1634	0B68  8B CB				     mov     cx,bx
   1635	0B6A  F3> A5				     rep     movsw		     ; Rep when	cx >0 Mov [si] to es:[di]
   1636	0B6C  5F				     pop     di
   1637	0B6D  5E				     pop     si
   1638	0B6E  81 C7 A05A			     add     di,0A05Ah
   1639	0B72			     loc_93:
   1640	0B72  03 F3				     add     si,bx
   1641	0B74  03 F3				     add     si,bx
   1642	0B76  59				     pop     cx
   1643	0B77  E2 DA				     loop    locloop_92		     ; Loop if cx > 0
   1644
   1645	0B79  1F				     pop     ds
   1646	0B7A  C3				     retn
   1647										     ;*	No entry point to code
   1648	0B7B  2E: 89 1E	2E82			     mov     cs:data_26e,bx
   1649	0B80  2E: 88 0E	2E84			     mov     cs:data_27e,cl
   1650	0B85  2E: C6 06	2E81 01			     mov     byte ptr cs:data_25e,1
   1651	0B8B			     loc_94:
   1652	0B8B  AC				     lodsb			     ; String [si] to al
   1653	0B8C  3C FF				     cmp     al,0FFh
   1654	0B8E  75 01				     jne     loc_95		     ; Jump if not equal
   1655	0B90  C3				     retn
   1656	0B91			     loc_95:
   1657	0B91  3C 0D				     cmp     al,0Dh
   1658	0B93  74 17				     je	     loc_96		     ; Jump if equal
   1659	0B95  0A C0				     or	     al,al		     ; Zero ?
   1660	0B97  78 25				     js	     loc_97		     ; Jump if sign=1
   1661	0B99  51				     push    cx
   1662	0B9A  53				     push    bx
   1663	0B9B  56				     push    si
   1664	0B9C  2E: 8A 26	2E81			     mov     ah,cs:data_25e
   1665	0BA1  E8 FE30				     call    render_text_char_alt
   1666	0BA4  5E				     pop     si
   1667	0BA5  5B				     pop     bx
   1668	0BA6  59				     pop     cx
   1669	0BA7  83 C3 08				     add     bx,8
   1670	0BAA  EB DF				     jmp     short loc_94
   1671	0BAC			     loc_96:
   1672	0BAC  2E: 80 06	2E84 08			     add     byte ptr cs:data_27e,8
   1673	0BB2  2E: 8A 0E	2E84			     mov     cl,cs:data_27e
   1674	0BB7  2E: 8B 1E	2E82			     mov     bx,cs:data_26e
Turbo Assembler	 Version 2.01	     03/24/26 00:07:48	    Page 32
gmhgc.asm



   1675	0BBC  EB CD				     jmp     short loc_94
   1676	0BBE			     loc_97:
   1677	0BBE  24 07				     and     al,7
   1678	0BC0  2E: A2 2E81			     mov     cs:data_25e,al
   1679	0BC4  EB C5				     jmp     short loc_94
   1680										     ;*	No entry point to code
   1681	0BC6  1E				     push    ds
   1682	0BC7  02 FF				     add     bh,bh
   1683	0BC9  E8 0245				     call    calc_hgc_address
   1684	0BCC  8B F0				     mov     si,ax
   1685	0BCE  8B DA				     mov     bx,dx
   1686	0BD0  02 FF				     add     bh,bh
   1687	0BD2  E8 023C				     call    calc_hgc_address
   1688	0BD5  8B F8				     mov     di,ax
   1689	0BD7  B8 B000				     mov     ax,0B000h
   1690	0BDA  8E C0				     mov     es,ax
   1691	0BDC  8E D8				     mov     ds,ax
   1692	0BDE  8A DD				     mov     bl,ch
   1693	0BE0  32 FF				     xor     bh,bh		     ; Zero register
   1694	0BE2  03 DB				     add     bx,bx
   1695	0BE4  32 ED				     xor     ch,ch		     ; Zero register
   1696
   1697	0BE6			     locloop_98:
   1698	0BE6  51				     push    cx
   1699	0BE7  57				     push    di
   1700	0BE8  56				     push    si
   1701	0BE9  8B CB				     mov     cx,bx
   1702	0BEB  F3> A4				     rep     movsb		     ; Rep when	cx >0 Mov [si] to es:[di]
   1703	0BED  5E				     pop     si
   1704	0BEE  5F				     pop     di
   1705	0BEF  81 C7 2000			     add     di,2000h
   1706	0BF3  81 FF 6000			     cmp     di,data_43e
   1707	0BF7  72 0C				     jb	     loc_99		     ; Jump if below
   1708	0BF9  57				     push    di
   1709	0BFA  56				     push    si
   1710	0BFB  8B CB				     mov     cx,bx
   1711	0BFD  F3> A4				     rep     movsb		     ; Rep when	cx >0 Mov [si] to es:[di]
   1712	0BFF  5E				     pop     si
   1713	0C00  5F				     pop     di
   1714	0C01  81 C7 A05A			     add     di,0A05Ah
   1715	0C05			     loc_99:
   1716	0C05  81 C6 2000			     add     si,2000h
   1717	0C09  81 FE 6000			     cmp     si,6000h
   1718	0C0D  72 04				     jb	     loc_100		     ; Jump if below
   1719	0C0F  81 C6 A05A			     add     si,0A05Ah
   1720	0C13			     loc_100:
   1721	0C13  59				     pop     cx
   1722	0C14  E2 D0				     loop    locloop_98		     ; Loop if cx > 0
   1723
   1724	0C16  1F				     pop     ds
   1725	0C17  C3				     retn
   1726										     ;*	No entry point to code
   1727	0C18  53				     push    bx
   1728	0C19  33 DB				     xor     bx,bx		     ; Zero register
Turbo Assembler	 Version 2.01	     03/24/26 00:07:48	    Page 33
gmhgc.asm



   1729	0C1B  8A D8				     mov     bl,al
   1730	0C1D  8A 87 2CA7			     mov     al,ds:data_22e[bx]
   1731	0C21  A2 2E7F				     mov     ds:data_23e,al
   1732	0C24  5B				     pop     bx
   1733	0C25  E8 01E9				     call    calc_hgc_address
   1734	0C28  8B F8				     mov     di,ax
   1735	0C2A  B8 B000				     mov     ax,0B000h
   1736	0C2D  8E C0				     mov     es,ax
   1737	0C2F  E8 004B				     call    fill_rectangle
   1738	0C32  B9 0010				     mov     cx,10h
   1739
   1740	0C35			     locloop_101:
   1741	0C35  A0 2E7F				     mov     al,ds:data_23e
   1742	0C38  24 F0				     and     al,0F0h
   1743	0C3A  26: 80 25	0F			     and     byte ptr es:[di],0Fh
   1744	0C3E  26: 08 05				     or	     es:[di],al
   1745	0C41  A0 2E7F				     mov     al,ds:data_23e
   1746	0C44  24 0F				     and     al,0Fh
   1747	0C46  26: 80 65	04 F0			     and     byte ptr es:[di+4],0F0h
   1748	0C4B  26: 08 45	04			     or	     es:[di+4],al
   1749	0C4F  81 C7 2000			     add     di,2000h
   1750	0C53  81 FF 6000			     cmp     di,data_43e
   1751	0C57  72 1E				     jb	     loc_102		     ; Jump if below
   1752	0C59  A0 2E7F				     mov     al,ds:data_23e
   1753	0C5C  24 F0				     and     al,0F0h
   1754	0C5E  26: 80 25	0F			     and     byte ptr es:[di],0Fh
   1755	0C62  26: 08 05				     or	     es:[di],al
   1756	0C65  A0 2E7F				     mov     al,ds:data_23e
   1757	0C68  24 0F				     and     al,0Fh
   1758	0C6A  26: 80 65	04 F0			     and     byte ptr es:[di+4],0F0h
   1759	0C6F  26: 08 45	04			     or	     es:[di+4],al
   1760	0C73  81 C7 A05A			     add     di,data_32e
   1761	0C77			     loc_102:
   1762	0C77  E2 BC				     loop    locloop_101	     ; Loop if cx > 0
   1763
   1764	0C79  E8 0001				     call    fill_rectangle
   1765	0C7C  C3				     retn
   1766
   1767				     ;ï¿½ï¿½ï¿½ï¿½ï¿½ï¿½ï¿½ï¿½ï¿½ï¿½ï¿½ï¿½ï¿½ï¿½ï¿½ï¿½ï¿½ï¿½ï¿½ï¿½ï¿½ï¿½ï¿½ï¿½ï¿½ï¿½ï¿½ï¿½ï¿½ï¿½ï¿½ï
   1768				     ¿½ï¿½ï¿½ï¿½ï¿½ï¿½ï¿½ï¿½ï¿½ï¿½ï¿½ï¿½ï¿½ï¿½ï¿½ï¿½ï¿½ï¿½ï¿½ï¿½ï¿½ï¿½ï¿½ï¿½ï¿½ï¿½ï¿½ï¿½ï¿½ï¿½ï¿½ï¿½
   1769				     ï¿½ï¿½ï¿½ï¿½ï¿½ï¿½ï¿½ï¿½ï¿½ï¿½ï¿½
   1770				     ;				    SUBROUTINE
   1771				     ;ï¿½ï¿½ï¿½ï¿½ï¿½ï¿½ï¿½ï¿½ï¿½ï¿½ï¿½ï¿½ï¿½ï¿½ï¿½ï¿½ï¿½ï¿½ï¿½ï¿½ï¿½ï¿½ï¿½ï¿½ï¿½ï¿½ï¿½ï¿½ï¿½ï¿½ï¿½ï
   1772				     ¿½ï¿½ï¿½ï¿½ï¿½ï¿½ï¿½ï¿½ï¿½ï¿½ï¿½ï¿½ï¿½ï¿½ï¿½ï¿½ï¿½ï¿½ï¿½ï¿½ï¿½ï¿½ï¿½ï¿½ï¿½ï¿½ï¿½ï¿½ï¿½ï¿½ï¿½ï¿½
   1773				     ï¿½ï¿½ï¿½ï¿½ï¿½ï¿½ï¿½ï¿½ï¿½ï¿½ï¿½
   1774
   1775	0C7D			     fill_rectangle	     proc    near
   1776	0C7D  B9 0002				     mov     cx,2
   1777
   1778	0C80			     locloop_103:
   1779	0C80  51				     push    cx
   1780	0C81  57				     push    di
   1781	0C82  A0 2E7F				     mov     al,ds:data_23e
   1782	0C85  B9 0005				     mov     cx,5
Turbo Assembler	 Version 2.01	     03/24/26 00:07:48	    Page 34
gmhgc.asm



   1783	0C88  F3> AA				     rep     stosb		     ; Rep when	cx >0 Store al to es:[di]
   1784	0C8A  5F				     pop     di
   1785	0C8B  81 C7 2000			     add     di,2000h
   1786	0C8F  81 FF 6000			     cmp     di,data_43e
   1787	0C93  72 0E				     jb	     loc_104		     ; Jump if below
   1788	0C95  57				     push    di
   1789	0C96  A0 2E7F				     mov     al,ds:data_23e
   1790	0C99  B9 0005				     mov     cx,5
   1791	0C9C  F3> AA				     rep     stosb		     ; Rep when	cx >0 Store al to es:[di]
   1792	0C9E  5F				     pop     di
   1793	0C9F  81 C7 A05A			     add     di,0A05Ah
   1794	0CA3			     loc_104:
   1795	0CA3  59				     pop     cx
   1796	0CA4  E2 DA				     loop    locloop_103	     ; Loop if cx > 0
   1797
   1798	0CA6  C3				     retn
   1799	0CA7			     fill_rectangle	     endp
   1800
   1801	0CA7  00 FF AA FF 55 FF			     db	      00h,0FFh,0AAh,0FFh, 55h,0FFh
   1802	0CAD  FF AA 1E 56 0E 1F			     db	     0FFh,0AAh,	1Eh, 56h, 0Eh, 1Fh
   1803	0CB3  32 E4 03 C0 03 C0			     db	      32h,0E4h,	03h,0C0h, 03h,0C0h
   1804	0CB9  8B F0 E8 53 01 8B			     db	      8Bh,0F0h,0E8h, 53h, 01h, 8Bh
   1805	0CBF  F8 B8 00 B0 8E C0			     db	     0F8h,0B8h,	00h,0B0h, 8Eh,0C0h
   1806	0CC5  8B 9C 2A 2D 8B B4			     db	      8Bh, 9Ch,	2Ah, 2Dh, 8Bh,0B4h
   1807	0CCB  2C 2D B9 0D 00			     db	      2Ch, 2Dh,0B9h, 0Dh, 00h
   1808
   1809	0CD0			     locloop_105:
   1810	0CD0  51				     push    cx
   1811	0CD1  8A 07				     mov     al,[bx]
   1812	0CD3  26: 20 05				     and     es:[di],al
   1813	0CD6  8A 47 01				     mov     al,[bx+1]
   1814	0CD9  26: 20 45	01			     and     es:[di+1],al
   1815	0CDD  8A 47 02				     mov     al,[bx+2]
   1816	0CE0  26: 20 45	02			     and     es:[di+2],al
   1817	0CE4  8A 47 03				     mov     al,[bx+3]
   1818	0CE7  26: 20 45	03			     and     es:[di+3],al
   1819	0CEB  AC				     lodsb			     ; String [si] to al
   1820	0CEC  26: 08 05				     or	     es:[di],al
   1821	0CEF  AC				     lodsb			     ; String [si] to al
   1822	0CF0  26: 08 45	01			     or	     es:[di+1],al
   1823	0CF4  AC				     lodsb			     ; String [si] to al
   1824	0CF5  26: 08 45	02			     or	     es:[di+2],al
   1825	0CF9  AC				     lodsb			     ; String [si] to al
   1826	0CFA  26: 08 45	03			     or	     es:[di+3],al
   1827	0CFE  83 C3 04				     add     bx,4
   1828	0D01  81 C7 2000			     add     di,2000h
   1829	0D05  81 FF 6000			     cmp     di,data_31e
   1830	0D09  72 19				     jb	     loc_106		     ; Jump if below
   1831	0D0B  8B EF				     mov     bp,di
   1832	0D0D  81 ED 2000			     sub     bp,2000h
   1833	0D11  26: 8B 46	00			     mov     ax,es:[bp]
   1834	0D15  26: 89 05				     mov     es:[di],ax
   1835	0D18  26: 8B 46	02			     mov     ax,es:[bp+2]
   1836	0D1C  26: 89 45	02			     mov     es:[di+2],ax
Turbo Assembler	 Version 2.01	     03/24/26 00:07:48	    Page 35
gmhgc.asm



   1837	0D20  81 C7 A05A			     add     di,0A05Ah
   1838	0D24			     loc_106:
   1839	0D24  59				     pop     cx
   1840	0D25  E2 A9				     loop    locloop_105	     ; Loop if cx > 0
   1841
   1842	0D27  5E				     pop     si
   1843	0D28  1F				     pop     ds
   1844	0D29  C3				     retn
   1845	0D2A  32 2D 9A 2D 66 2D			     db	      32h, 2Dh,	9Ah, 2Dh, 66h, 2Dh
   1846	0D30  CE 2D FF F0 0C FF			     db	     0CEh, 2Dh,0FFh,0F0h, 0Ch,0FFh
   1847	0D36  FF C0 00 FF FF 00			     db	     0FFh,0C0h,	00h,0FFh,0FFh, 00h
   1848	0D3C  00 FF FF 00 00 FF			     db	      00h,0FFh,0FFh, 00h, 00h,0FFh
   1849	0D42  FF 00 00 FF FF 00			     db	     0FFh, 00h,	00h,0FFh,0FFh, 00h
   1850	0D48  00 FF FF 00 00 FF			     db	      00h,0FFh,0FFh, 00h, 00h,0FFh
   1851	0D4E  FF C0 00 FF FF C0			     db	     0FFh,0C0h,	00h,0FFh,0FFh,0C0h
   1852	0D54  00 FF FF C0 00 FF			     db	      00h,0FFh,0FFh,0C0h, 00h,0FFh
   1853	0D5A  FF CC 0C FF			     db	     0FFh,0CCh,	0Ch,0FFh
   1854	0D5E  09*(FF)				     db	     9 dup (0FFh)
   1855	0D67  00 00 FF FC 00 00			     db	      00h, 00h,0FFh,0FCh, 00h, 00h
   1856	0D6D  3F F0 00 00 0F F0			     db	      3Fh,0F0h,	00h, 00h, 0Fh,0F0h
   1857	0D73  00 00 0F C0 00 00			     db	      00h, 00h,	0Fh,0C0h, 00h, 00h
   1858	0D79  03 C0 00 00 03 C0			     db	      03h,0C0h,	00h, 00h, 03h,0C0h
   1859	0D7F  00 00 03 C0 00 00			     db	      00h, 00h,	03h,0C0h, 00h, 00h
   1860	0D85  03 F0 00 00 0F F0			     db	      03h,0F0h,	00h, 00h, 0Fh,0F0h
   1861	0D8B  00 00 0F FC 00 00			     db	      00h, 00h,	0Fh,0FCh, 00h, 00h
   1862	0D91  3F FF 00 00 FF FF			     db	      3Fh,0FFh,	00h, 00h,0FFh,0FFh
   1863	0D97  C0 03 FF 00 00 00			     db	     0C0h, 03h,0FFh, 00h, 00h, 00h
   1864	0D9D  00 00 0A A0 00 00			     db	      00h, 00h,	0Ah,0A0h, 00h, 00h
   1865	0DA3  3B F8 00 00 2F D6			     db	      3Bh,0F8h,	00h, 00h, 2Fh,0D6h
   1866	0DA9  00 00 E7 D6 00 00			     db	      00h, 00h,0E7h,0D6h, 00h, 00h
   1867	0DAF  E5 56 00 00 A5 56			     db	     0E5h, 56h,	00h, 00h,0A5h, 56h
   1868	0DB5  00 00 25 56 00 00			     db	      00h, 00h,	25h, 56h, 00h, 00h
   1869	0DBB  29 58 00 00 0A A0			     db	      29h, 58h,	00h, 00h, 0Ah,0A0h
   1870	0DC1  00 00				     db	      00h, 00h
   1871	0DC3  0C*(00)				     db	     12	dup (0)
   1872	0DCF  3F D4 00 00 F0 05			     db	      3Fh,0D4h,	00h, 00h,0F0h, 05h
   1873	0DD5  00 03 CF C1 40 0F			     db	      00h, 03h,0CFh,0C1h, 40h, 0Fh
   1874	0DDB  3F 0C 50 0F FC 03			     db	      3Fh, 0Ch,	50h, 0Fh,0FCh, 03h
   1875	0DE1  50 0C F0 A0 10 0C			     db	      50h, 0Ch,0F0h,0A0h, 10h, 0Ch
   1876	0DE7  C2 AA 90 0D EA AA			     db	     0C2h,0AAh,	90h, 0Dh,0EAh,0AAh
   1877	0DED  D0 0D BA AA F0 01			     db	     0D0h, 0Dh,0BAh,0AAh,0F0h, 01h
   1878	0DF3  6B AB C0 00 58 AF			     db	      6Bh,0ABh,0C0h, 00h, 58h,0AFh
   1879	0DF9  00 00 1D 54 00 00			     db	      00h, 00h,	1Dh, 54h, 00h, 00h
   1880	0DFF  00 00 00 B8 00 B0			     db	      00h, 00h,	00h,0B8h, 00h,0B0h
   1881	0E05  8E C0 33 FF 33 C0			     db	      8Eh,0C0h,	33h,0FFh, 33h,0C0h
   1882	0E0B  B9 00 40 F3 AB C3			     db	     0B9h, 00h,	40h,0F3h,0ABh,0C3h
   1883
   1884				     ;ï¿½ï¿½ï¿½ï¿½ï¿½ï¿½ï¿½ï¿½ï¿½ï¿½ï¿½ï¿½ï¿½ï¿½ï¿½ï¿½ï¿½ï¿½ï¿½ï¿½ï¿½ï¿½ï¿½ï¿½ï¿½ï¿½ï¿½ï¿½ï¿½ï¿½ï¿½ï
   1885				     ¿½ï¿½ï¿½ï¿½ï¿½ï¿½ï¿½ï¿½ï¿½ï¿½ï¿½ï¿½ï¿½ï¿½ï¿½ï¿½ï¿½ï¿½ï¿½ï¿½ï¿½ï¿½ï¿½ï¿½ï¿½ï¿½ï¿½ï¿½ï¿½ï¿½ï¿½ï¿½
   1886				     ï¿½ï¿½ï¿½ï¿½ï¿½ï¿½ï¿½ï¿½ï¿½ï¿½ï¿½
   1887				     ;				    SUBROUTINE
   1888				     ;ï¿½ï¿½ï¿½ï¿½ï¿½ï¿½ï¿½ï¿½ï¿½ï¿½ï¿½ï¿½ï¿½ï¿½ï¿½ï¿½ï¿½ï¿½ï¿½ï¿½ï¿½ï¿½ï¿½ï¿½ï¿½ï¿½ï¿½ï¿½ï¿½ï¿½ï¿½ï
   1889				     ¿½ï¿½ï¿½ï¿½ï¿½ï¿½ï¿½ï¿½ï¿½ï¿½ï¿½ï¿½ï¿½ï¿½ï¿½ï¿½ï¿½ï¿½ï¿½ï¿½ï¿½ï¿½ï¿½ï¿½ï¿½ï¿½ï¿½ï¿½ï¿½ï¿½ï¿½ï¿½
   1890				     ï¿½ï¿½ï¿½ï¿½ï¿½ï¿½ï¿½ï¿½ï¿½ï¿½ï¿½
Turbo Assembler	 Version 2.01	     03/24/26 00:07:48	    Page 36
gmhgc.asm



   1891
   1892	0E11			     calc_hgc_address		     proc    near
   1893	0E11  33 C0				     xor     ax,ax		     ; Zero register
   1894	0E13  8A C3				     mov     al,bl
   1895	0E15  05 001C				     add     ax,1Ch
   1896	0E18  B3 03				     mov     bl,3
   1897	0E1A  F6 F3				     div     bl			     ; al, ah rem = ax/reg
   1898	0E1C  8A DC				     mov     bl,ah
   1899	0E1E  D0 CB				     ror     bl,1		     ; Rotate
   1900	0E20  D0 CB				     ror     bl,1		     ; Rotate
   1901	0E22  D0 CB				     ror     bl,1		     ; Rotate
   1902	0E24  80 E3 60				     and     bl,60h		     ; '`'
   1903	0E27  B4 5A				     mov     ah,5Ah		     ; 'Z'
   1904	0E29  F6 E4				     mul     ah			     ; ax = reg	* al
   1905	0E2B  02 E3				     add     ah,bl
   1906	0E2D  80 C7 05				     add     bh,5
   1907	0E30  8A DF				     mov     bl,bh
   1908	0E32  32 FF				     xor     bh,bh		     ; Zero register
   1909	0E34  03 C3				     add     ax,bx
   1910	0E36  C3				     retn
   1911	0E37			     calc_hgc_address		     endp
   1912
   1913										     ;*	No entry point to code
   1914	0E37  51				     push    cx
   1915	0E38  1E				     push    ds
   1916	0E39  56				     push    si
   1917	0E3A  8C C8				     mov     ax,cs
   1918	0E3C  05 3000				     add     ax,3000h
   1919	0E3F  8E C0				     mov     es,ax
   1920	0E41  B8 0030				     mov     ax,30h
   1921	0E44  F7 E1				     mul     cx			     ; dx:ax = reg * ax
   1922	0E46  8B C8				     mov     cx,ax
   1923	0E48  BF 0000				     mov     di,data_41e
   1924	0E4B  F3> A4				     rep     movsb		     ; Rep when	cx >0 Mov [si] to es:[di]
   1925	0E4D  5F				     pop     di
   1926	0E4E  07				     pop     es
   1927	0E4F  59				     pop     cx
   1928	0E50  8C C8				     mov     ax,cs
   1929	0E52  05 3000				     add     ax,3000h
   1930	0E55  8E D8				     mov     ds,ax
   1931	0E57  BE 0000				     mov     si,data_41e
   1932
   1933	0E5A			     locloop_107:
   1934	0E5A  51				     push    cx
   1935	0E5B  E8 0004				     call    process_sprite_row
   1936	0E5E  59				     pop     cx
   1937	0E5F  E2 F9				     loop    locloop_107	     ; Loop if cx > 0
   1938
   1939	0E61  C3				     retn
   1940
   1941				     ;ï¿½ï¿½ï¿½ï¿½ï¿½ï¿½ï¿½ï¿½ï¿½ï¿½ï¿½ï¿½ï¿½ï¿½ï¿½ï¿½ï¿½ï¿½ï¿½ï¿½ï¿½ï¿½ï¿½ï¿½ï¿½ï¿½ï¿½ï¿½ï¿½ï¿½ï¿½ï
   1942				     ¿½ï¿½ï¿½ï¿½ï¿½ï¿½ï¿½ï¿½ï¿½ï¿½ï¿½ï¿½ï¿½ï¿½ï¿½ï¿½ï¿½ï¿½ï¿½ï¿½ï¿½ï¿½ï¿½ï¿½ï¿½ï¿½ï¿½ï¿½ï¿½ï¿½ï¿½ï¿½
   1943				     ï¿½ï¿½ï¿½ï¿½ï¿½ï¿½ï¿½ï¿½ï¿½ï¿½ï¿½
   1944				     ;				    SUBROUTINE
Turbo Assembler	 Version 2.01	     03/24/26 00:07:48	    Page 37
gmhgc.asm



   1945				     ;ï¿½ï¿½ï¿½ï¿½ï¿½ï¿½ï¿½ï¿½ï¿½ï¿½ï¿½ï¿½ï¿½ï¿½ï¿½ï¿½ï¿½ï¿½ï¿½ï¿½ï¿½ï¿½ï¿½ï¿½ï¿½ï¿½ï¿½ï¿½ï¿½ï¿½ï¿½ï
   1946				     ¿½ï¿½ï¿½ï¿½ï¿½ï¿½ï¿½ï¿½ï¿½ï¿½ï¿½ï¿½ï¿½ï¿½ï¿½ï¿½ï¿½ï¿½ï¿½ï¿½ï¿½ï¿½ï¿½ï¿½ï¿½ï¿½ï¿½ï¿½ï¿½ï¿½ï¿½ï¿½
   1947				     ï¿½ï¿½ï¿½ï¿½ï¿½ï¿½ï¿½ï¿½ï¿½ï¿½ï¿½
   1948
   1949	0E62			     process_sprite_row		     proc    near
   1950	0E62  B9 0008				     mov     cx,8
   1951
   1952	0E65			     locloop_108:
   1953	0E65  51				     push    cx
   1954	0E66  AD				     lodsw			     ; String [si] to ax
   1955	0E67  2E: A3 2E85			     mov     cs:data_28e,ax
   1956	0E6B  AD				     lodsw			     ; String [si] to ax
   1957	0E6C  2E: A3 2E87			     mov     cs:data_29e,ax
   1958	0E70  AD				     lodsw			     ; String [si] to ax
   1959	0E71  2E: A3 2E89			     mov     cs:data_30e,ax
   1960	0E75  E8 FAE1				     call    extract_bitplane_pixels
   1961	0E78  8B C2				     mov     ax,dx
   1962	0E7A  AB				     stosw			     ; Store ax	to es:[di]
   1963	0E7B  59				     pop     cx
   1964	0E7C  E2 E7				     loop    locloop_108	     ; Loop if cx > 0
   1965
   1966	0E7E  C3				     retn
   1967	0E7F			     process_sprite_row		     endp
   1968
   1969	0E7F  0C*(00)				     db	     12	dup (0)
   1970
   1971	0E8B			     seg_a	     ends
   1972
   1973
   1974
   1975						     end     start
Turbo Assembler	 Version 2.01	     03/24/26 00:07:48	    Page 38
Symbol Table




Symbol Name			  Type	 Value

??DATE				  Text	 "03/24/26"
??FILENAME			  Text	 "gmhgc	  "
??TIME				  Text	 "00:07:48"
??VERSION			  Number 0201
@CPU				  Text	 0101H
@CURSEG				  Text	 SEG_A
@FILENAME			  Text	 GMHGC
@WORDSIZE			  Text	 2
CALC_HGC_ADDRESS		  Near	 SEG_A:0E11
CALC_TEXT_WIDTH			  Near	 SEG_A:036B
CLEAR_SCREEN			  Near	 SEG_A:00E6
CLEAR_SCREEN_ROW		  Near	 SEG_A:0106
DATA_18E			  Number 21D6
DATA_19E			  Number 22D5
DATA_1E				  Number E200
DATA_20E			  Number 2600
DATA_21E			  Number 2994
DATA_22E			  Number 2CA7
DATA_23E			  Number 2E7F
DATA_24E			  Number 2E80
DATA_25E			  Number 2E81
DATA_26E			  Number 2E82
DATA_27E			  Number 2E84
DATA_28E			  Number 2E85
DATA_29E			  Number 2E87
DATA_2E				  Number E202
DATA_30E			  Number 2E89
DATA_31E			  Number 6000
DATA_32E			  Number A05A
DATA_33E			  Number B324
DATA_34E			  Number BB23
DATA_35E			  Number F500
DATA_36E			  Number F502
DATA_37E			  Number F504
DATA_38E			  Number F92A
DATA_39E			  Number FF01
DATA_3E				  Number E206
DATA_40E			  Number FF2C
DATA_41E			  Number 0000
DATA_42E			  Number 04FD
DATA_43E			  Number 6000
DATA_44E			  Number A05A
DATA_4E				  Number E20A
DATA_5E				  Number E20C
DECODE_BITPLANE_TILE		  Near	 SEG_A:0608
DOUBLE_CHAR_BITS		  Near	 SEG_A:0A8E
EXTRACT_BITPLANE_PIXELS		  Near	 SEG_A:0959
FADE_SCREEN_ROW			  Near	 SEG_A:01CA
FILL_HORIZONTAL_LINE		  Near	 SEG_A:00AB
FILL_RECTANGLE			  Near	 SEG_A:0C7D
FILL_VERTICAL_LINE		  Near	 SEG_A:038E
Turbo Assembler	 Version 2.01	     03/24/26 00:07:48	    Page 39
Symbol Table



GMHGC				  Far	 SEG_A:0000
INIT_TIMESTAMP			  Near	 SEG_A:053F
INT_DIVIDE_BCD			  Near	 SEG_A:05BD
LOCLOOP_101			  Near	 SEG_A:0C35
LOCLOOP_103			  Near	 SEG_A:0C80
LOCLOOP_105			  Near	 SEG_A:0CD0
LOCLOOP_107			  Near	 SEG_A:0E5A
LOCLOOP_108			  Near	 SEG_A:0E65
LOCLOOP_11			  Near	 SEG_A:011E
LOCLOOP_13			  Near	 SEG_A:014E
LOCLOOP_14			  Near	 SEG_A:0157
LOCLOOP_18			  Near	 SEG_A:0195
LOCLOOP_21			  Near	 SEG_A:01C4
LOCLOOP_22			  Near	 SEG_A:01CE
LOCLOOP_27			  Near	 SEG_A:0269
LOCLOOP_30			  Near	 SEG_A:0299
LOCLOOP_33			  Near	 SEG_A:02BD
LOCLOOP_4			  Near	 SEG_A:0080
LOCLOOP_49			  Near	 SEG_A:040F
LOCLOOP_55			  Near	 SEG_A:0548
LOCLOOP_63			  Near	 SEG_A:0621
LOCLOOP_73			  Near	 SEG_A:0755
LOCLOOP_78			  Near	 SEG_A:090F
LOCLOOP_80			  Near	 SEG_A:0955
LOCLOOP_82			  Near	 SEG_A:095C
LOCLOOP_83			  Near	 SEG_A:0A2E
LOCLOOP_85			  Near	 SEG_A:0A91
LOCLOOP_87			  Near	 SEG_A:0AC7
LOCLOOP_90			  Near	 SEG_A:0B18
LOCLOOP_92			  Near	 SEG_A:0B53
LOCLOOP_98			  Near	 SEG_A:0BE6
LOC_1				  Near	 SEG_A:0049
LOC_10				  Near	 SEG_A:0101
LOC_100				  Near	 SEG_A:0C13
LOC_102				  Near	 SEG_A:0C77
LOC_104				  Near	 SEG_A:0CA3
LOC_106				  Near	 SEG_A:0D24
LOC_12				  Near	 SEG_A:013F
LOC_15				  Near	 SEG_A:016C
LOC_16				  Near	 SEG_A:017A
LOC_17				  Near	 SEG_A:0192
LOC_19				  Near	 SEG_A:01AA
LOC_2				  Near	 SEG_A:0054
LOC_20				  Near	 SEG_A:01B8
LOC_23				  Near	 SEG_A:01DE
LOC_24				  Near	 SEG_A:023C
LOC_25				  Near	 SEG_A:0249
LOC_26				  Near	 SEG_A:024F
LOC_28				  Near	 SEG_A:027D
LOC_29				  Near	 SEG_A:0287
LOC_3				  Near	 SEG_A:0066
LOC_31				  Near	 SEG_A:02B3
LOC_32				  Near	 SEG_A:02B7
LOC_34				  Near	 SEG_A:02D1
Turbo Assembler	 Version 2.01	     03/24/26 00:07:48	    Page 40
Symbol Table



LOC_35				  Near	 SEG_A:02EE
LOC_36				  Near	 SEG_A:0302
LOC_37				  Near	 SEG_A:0308
LOC_38				  Near	 SEG_A:031F
LOC_39				  Near	 SEG_A:0329
LOC_40				  Near	 SEG_A:033D
LOC_41				  Near	 SEG_A:0351
LOC_42				  Near	 SEG_A:0358
LOC_43				  Near	 SEG_A:035A
LOC_44				  Near	 SEG_A:0388
LOC_45				  Near	 SEG_A:038E
LOC_46				  Near	 SEG_A:03A8
LOC_47				  Near	 SEG_A:03E1
LOC_48				  Near	 SEG_A:03E7
LOC_5				  Near	 SEG_A:009E
LOC_50				  Near	 SEG_A:043A
LOC_51				  Near	 SEG_A:043E
LOC_52				  Near	 SEG_A:049A
LOC_53				  Near	 SEG_A:04A7
LOC_54				  Near	 SEG_A:0522
LOC_56				  Near	 SEG_A:054F
LOC_57				  Near	 SEG_A:05A6
LOC_58				  Near	 SEG_A:05B4
LOC_59				  Near	 SEG_A:05B8
LOC_6				  Near	 SEG_A:00B5
LOC_60				  Near	 SEG_A:05BA
LOC_61				  Near	 SEG_A:05E1
LOC_62				  Near	 SEG_A:0613
LOC_64				  Near	 SEG_A:0635
LOC_65				  Near	 SEG_A:0639
LOC_66				  Near	 SEG_A:063E
LOC_67				  Near	 SEG_A:0653
LOC_68				  Near	 SEG_A:0656
LOC_69				  Near	 SEG_A:0673
LOC_7				  Near	 SEG_A:00CD
LOC_70				  Near	 SEG_A:0693
LOC_71				  Near	 SEG_A:06BC
LOC_72				  Near	 SEG_A:0750
LOC_74				  Near	 SEG_A:0758
LOC_75				  Near	 SEG_A:07AA
LOC_76				  Near	 SEG_A:07CB
LOC_77				  Near	 SEG_A:08CD
LOC_79				  Near	 SEG_A:0950
LOC_8				  Near	 SEG_A:00E6
LOC_84				  Near	 SEG_A:0A89
LOC_86				  Near	 SEG_A:0AB8
LOC_88				  Near	 SEG_A:0AE6
LOC_89				  Near	 SEG_A:0AF4
LOC_9				  Near	 SEG_A:00ED
LOC_91				  Near	 SEG_A:0B2D
LOC_93				  Near	 SEG_A:0B72
LOC_94				  Near	 SEG_A:0B8B
LOC_95				  Near	 SEG_A:0B91
LOC_96				  Near	 SEG_A:0BAC
Turbo Assembler	 Version 2.01	     03/24/26 00:07:48	    Page 41
Symbol Table



LOC_97				  Near	 SEG_A:0BBE
LOC_99				  Near	 SEG_A:0C05
LOC_RET_81			  Near	 SEG_A:0958
MODULO_DIVIDE_BCD		  Near	 SEG_A:05A4
PLOT_PIXEL			  Near	 SEG_A:025B
PROCESS_SPRITE_ROW		  Near	 SEG_A:0E62
RENDER_TEXT_CHAR		  Near	 SEG_A:0423
RENDER_TEXT_CHAR_ALT		  Near	 SEG_A:09D4
RENDER_TILEMAP_LARGE		  Near	 SEG_A:05C7
RENDER_TILEMAP_SMALL		  Near	 SEG_A:08C0
START				  Near	 SEG_A:0000
TARGET				  Number 5432
TIME_TO_BCD			  Near	 SEG_A:055E

Macro Name

CALLF
CALLFX
CALLS
JMPN
JMPS

Groups & Segments		  Bit Size Align  Combine Class

SEG_A				  16  0E8B Byte	  Public
