file,line,name,kind,inv_done,address,classify_category,has_placeholder_name,verdict,canonical_name,evidence_summary,evidence_source
working/core/game.asm,213,run_game_main,proc,1,,,0,SUPPORTED,run_game_main,name-pattern: main entry: calls subroutines + returns/exits,name-pattern
working/core/game.asm,460,ref_font_grp,data,1,,,0,SUPPORTED,ref_font_grp,data-pattern: resource reference: db/dw or label-byte/word marker,data-pattern
working/core/game.asm,461,ref_mole,data,1,,,0,SUPPORTED,ref_mole,data-pattern: resource reference: db/dw or label-byte/word marker,data-pattern
working/core/game.asm,462,ref_itemp,data,1,,,0,SUPPORTED,ref_itemp,data-pattern: resource reference: db/dw or label-byte/word marker,data-pattern
working/core/game.asm,463,ref_select,data,1,,,0,SUPPORTED,ref_select,data-pattern: resource reference: db/dw or label-byte/word marker,data-pattern
working/core/game.asm,464,ref_magic,data,1,,,0,SUPPORTED,ref_magic,data-pattern: resource reference: db/dw or label-byte/word marker,data-pattern
working/core/game.asm,465,ref_sword,data,1,,,0,SUPPORTED,ref_sword,data-pattern: resource reference: db/dw or label-byte/word marker,data-pattern
working/core/game.asm,466,ref_fight,data,1,,,0,SUPPORTED,ref_fight,data-pattern: resource reference: db/dw or label-byte/word marker,data-pattern
working/core/game.asm,467,ref_town,data,1,,,0,SUPPORTED,ref_town,data-pattern: resource reference: db/dw or label-byte/word marker,data-pattern
working/core/game.asm,468,ref_opdemo,data,1,,,0,SUPPORTED,ref_opdemo,data-pattern: resource reference: db/dw or label-byte/word marker,data-pattern
working/core/game.asm,472,gfx_mode_tbl_ega_lbl,label word,1,,,0,SUPPORTED,gfx_mode_tbl_ega_lbl,"data-pattern: table/params/LUT: multi-element db/dw, label, or string content",data-pattern
working/core/game.asm,538,has_tracks,label word,1,,,0,SUPPORTED,has_tracks,data-pattern: flag/state byte: db 0 / 0FFh / equ / label,data-pattern
working/core/game.asm,533,load_music_tracks,proc,1,,,0,SUPPORTED,load_music_tracks,name-pattern: load/save/read/write: at least one memory op or loader call,name-pattern
working/core/game.asm,554,not_bg_music,label word,1,,,0,SUPPORTED,not_bg_music,data-pattern: flag/state/activity: label/colon/db/dw,data-pattern
working/core/game.asm,589,set_vga_palette,proc,1,,,0,SUPPORTED,set_vga_palette,name-pattern: set/clear/reset/zero: writes register/memory,name-pattern
working/core/game.asm,609,ega_palette_handler,label word,0,,,0,SUPPORTED,ega_palette_handler,data-pattern: code/flow label: label/colon/db/dw,data-pattern
working/core/game.asm,697,tga_palette_handler,label byte,0,,,0,SUPPORTED,tga_palette_handler,data-pattern: code/flow label: label/colon/db/dw,data-pattern
working/core/game.asm,700,hgc_palette_handler,label dword,0,,,0,SUPPORTED,hgc_palette_handler,data-pattern: code/flow label: label/colon/db/dw,data-pattern
working/core/game.asm,700,hgc_palette_handler,label word,0,,,0,SUPPORTED,hgc_palette_handler,data-pattern: code/flow label: label/colon/db/dw,data-pattern
working/core/zeliad.asm,133,run_zeliad_main,proc,1,,,0,SUPPORTED,run_zeliad_main,name-pattern: main entry: calls subroutines + returns/exits,name-pattern
working/core/zeliad.asm,523,flush_keyboard,proc,1,,,0,SUPPORTED,flush_keyboard,name-pattern: flush_: clear/drain buffer,name-pattern
working/core/zeliad.asm,543,read_config_line,proc,1,,,0,SUPPORTED,read_config_line,name-pattern: load/save/read/write: at least one memory op or loader call,name-pattern
working/core/zeliad.asm,591,parse_graphics_mode,proc,1,,,0,SUPPORTED,parse_graphics_mode,name-pattern: parse_: text/byte stream processing,name-pattern
working/core/zeliad.asm,650,mode_4char_table,data,1,,,0,SUPPORTED,mode_4char_table,"data-pattern: table/params/LUT: multi-element db/dw, label, or string content",data-pattern
working/core/zeliad.asm,652,mode_3char_table,data,1,,,0,SUPPORTED,mode_3char_table,"data-pattern: table/params/LUT: multi-element db/dw, label, or string content",data-pattern
working/core/zeliad.asm,663,parse_music_driver,proc,1,,,0,SUPPORTED,parse_music_driver,name-pattern: parse_: text/byte stream processing,name-pattern
working/core/zeliad.asm,688,str_mscmt_drv,data,1,,,0,SUPPORTED,str_mscmt_drv,data-pattern: string/cmdline buffer: db quoted/zero-buf/multi-el,data-pattern
working/core/zeliad.asm,694,parse_joystick_name,proc,1,,,0,SUPPORTED,parse_joystick_name,name-pattern: parse_: text/byte stream processing,name-pattern
working/core/zeliad.asm,714,parse_joystick_enable,proc,1,,,0,SUPPORTED,parse_joystick_enable,name-pattern: parse_: text/byte stream processing,name-pattern
working/core/zeliad.asm,737,str_yes,data,1,,,0,SUPPORTED,str_yes,data-pattern: string/cmdline buffer: db quoted/zero-buf/multi-el,data-pattern
working/core/zeliad.asm,738,str_no,data,1,,,0,SUPPORTED,str_no,data-pattern: string/cmdline buffer: db quoted/zero-buf/multi-el,data-pattern
working/core/zeliad.asm,754,find_colon_in_line,proc,1,,,0,SUPPORTED,find_colon_in_line,name-pattern: find/scan: scasb/cmp/loop,name-pattern
working/core/zeliad.asm,779,load_driver_file,proc,1,,,0,SUPPORTED,load_driver_file,name-pattern: load/save/read/write: at least one memory op or loader call,name-pattern
working/core/zeliad.asm,819,display_file_error,proc,1,,,0,SUPPORTED,display_file_error,name-pattern: display/disp: dispatch or screen op,name-pattern
working/core/zeliad.asm,882,set_video_mode,proc,1,,,0,SUPPORTED,set_video_mode,name-pattern: set/clear/reset/zero: writes register/memory,name-pattern
working/core/zeliad.asm,888,video_mode_table,data,1,,,0,SUPPORTED,video_mode_table,"data-pattern: table/params/LUT: multi-element db/dw, label, or string content",data-pattern
working/core/zeliad.asm,958,hgc_crt_params,data,1,,,0,SUPPORTED,hgc_crt_params,"data-pattern: table/params/LUT: multi-element db/dw, label, or string content",data-pattern
working/core/zeliad.asm,965,ctrl_c_handler,proc,1,,,0,SUPPORTED,ctrl_c_handler,name-pattern: handler/isr: must end with return (sanity),name-pattern
working/core/zeliad.asm,975,parse_command_line,proc,1,,,0,SUPPORTED,parse_command_line,name-pattern: line/row: row write + loop tail,name-pattern
working/core/zeliad.asm,1029,str_game_title,data,1,,,0,SUPPORTED,str_game_title,data-pattern: string/cmdline buffer: db quoted/zero-buf/multi-el,data-pattern
working/core/zeliad.asm,1035,str_not_supported,data,1,,,0,SUPPORTED,str_not_supported,data-pattern: string/cmdline buffer: db quoted/zero-buf/multi-el,data-pattern
working/core/zeliad.asm,1036,str_special_mode,data,1,,,0,SUPPORTED,str_special_mode,data-pattern: string/cmdline buffer: db quoted/zero-buf/multi-el,data-pattern
working/core/zeliad.asm,1037,str_not_enough_mem,data,1,,,0,SUPPORTED,str_not_enough_mem,data-pattern: string/cmdline buffer: db quoted/zero-buf/multi-el,data-pattern
working/core/zeliad.asm,1039,str_memory_error,data,1,,,0,SUPPORTED,str_memory_error,data-pattern: string/cmdline buffer: db quoted/zero-buf/multi-el,data-pattern
working/core/zeliad.asm,1040,str_thank_you,data,1,,,0,SUPPORTED,str_thank_you,data-pattern: string/cmdline buffer: db quoted/zero-buf/multi-el,data-pattern
working/core/zeliad.asm,1042,str_file_error,data,1,,,0,SUPPORTED,str_file_error,data-pattern: string/cmdline buffer: db quoted/zero-buf/multi-el,data-pattern
working/core/zeliad.asm,1043,str_error_type,data,1,,,0,SUPPORTED,str_error_type,data-pattern: string/cmdline buffer: db quoted/zero-buf/multi-el,data-pattern
working/core/zeliad.asm,1044,str_file_not_found,data,1,,,0,SUPPORTED,str_file_not_found,data-pattern: string/cmdline buffer: db quoted/zero-buf/multi-el,data-pattern
working/core/zeliad.asm,1045,str_disk_error,data,1,,,0,SUPPORTED,str_disk_error,data-pattern: string/cmdline buffer: db quoted/zero-buf/multi-el,data-pattern
working/core/zeliad.asm,1046,str_user_file_error,data,1,,,0,SUPPORTED,str_user_file_error,data-pattern: string/cmdline buffer: db quoted/zero-buf/multi-el,data-pattern
working/core/zeliad.asm,1047,str_cfg_error,data,1,,,0,SUPPORTED,str_cfg_error,data-pattern: string/cmdline buffer: db quoted/zero-buf/multi-el,data-pattern
working/core/zeliad.asm,1054,hex_digits_hi,data,1,,,0,SUPPORTED,hex_digits_hi,"data-pattern: table/params/LUT: multi-element db/dw, label, or string content",data-pattern
working/core/zeliad.asm,1055,hex_digits_lo,data,1,,,0,SUPPORTED,hex_digits_lo,"data-pattern: table/params/LUT: multi-element db/dw, label, or string content",data-pattern
working/core/zeliad.asm,1057,cfg_filename,data,1,,,0,SUPPORTED,cfg_filename,data-pattern: string/cmdline buffer: db quoted/zero-buf/multi-el,data-pattern
working/core/zeliad.asm,1058,mtinit_filename,data,1,,,0,SUPPORTED,mtinit_filename,data-pattern: string/cmdline buffer: db quoted/zero-buf/multi-el,data-pattern
working/core/zeliad.asm,1061,driver_offset_table,data,1,,,0,SUPPORTED,driver_offset_table,"data-pattern: table/params/LUT: multi-element db/dw, label, or string content",data-pattern
working/core/zeliad.asm,1101,cmdline_savefile,data,1,,,0,SUPPORTED,cmdline_savefile,data-pattern: string/cmdline buffer: db quoted/zero-buf/multi-el,data-pattern
working/core/zeliad.asm,1104,music_driver_name,data,1,,,0,SUPPORTED,music_driver_name,data-pattern: string/cmdline buffer: db quoted/zero-buf/multi-el,data-pattern
working/core/zeliad.asm,1107,joystick_driver_name,data,1,,,0,SUPPORTED,joystick_driver_name,data-pattern: string/cmdline buffer: db quoted/zero-buf/multi-el,data-pattern
working/core/zeliad.asm,1110,game_entry_ofs,data,1,,,0,SUPPORTED,game_entry_ofs,data-pattern: pointer/offset/address: db/dw/dd,data-pattern
working/core/zeliad.asm,1111,game_entry_seg,data,1,,,0,SUPPORTED,game_entry_seg,data-pattern: segment/offset: db/dw/dd,data-pattern
working/core/zeliad.asm,1113,saved_int08_ofs,data,1,,,0,SUPPORTED,saved_int08_ofs,data-pattern: pointer/offset/address: db/dw/dd,data-pattern
working/core/zeliad.asm,1114,saved_int09_ofs,data,1,,,0,SUPPORTED,saved_int09_ofs,data-pattern: pointer/offset/address: db/dw/dd,data-pattern
working/core/zeliad.asm,1115,saved_int60_ofs,data,1,,,0,SUPPORTED,saved_int60_ofs,data-pattern: pointer/offset/address: db/dw/dd,data-pattern
working/core/zeliad.asm,1116,saved_int61_ofs,data,1,,,0,SUPPORTED,saved_int61_ofs,data-pattern: pointer/offset/address: db/dw/dd,data-pattern
working/core/zeliad.asm,1117,saved_int61_seg,data,1,,,0,SUPPORTED,saved_int61_seg,data-pattern: saved register: zero placeholder,data-pattern
working/core/zeliad.asm,1119,has_savefile,data,1,,,0,SUPPORTED,has_savefile,data-pattern: string/cmdline buffer: db quoted/zero-buf/multi-el,data-pattern
working/core/zeliad.asm,1120,saved_sp,data,1,,,0,SUPPORTED,saved_sp,data-pattern: saved register: zero placeholder,data-pattern
working/core/zeliad.asm,1121,saved_ss,data,1,,,0,SUPPORTED,saved_ss,data-pattern: saved register: zero placeholder,data-pattern
working/core/zeliad.asm,1141,graphics_mode,data,1,,,0,SUPPORTED,graphics_mode,data-pattern: mode/length: single db value,data-pattern
working/core/zeliad.asm,1142,mt32_enabled,data,1,,,0,SUPPORTED,mt32_enabled,data-pattern: flag/state byte: db 0 / 0FFh / equ / label,data-pattern
working/core/zeliad.asm,1149,joystick_enabled,data,1,,,0,SUPPORTED,joystick_enabled,data-pattern: flag/state byte: db 0 / 0FFh / equ / label,data-pattern
working/core/zeliad.asm,1150,cfg_line_length,data,1,,,0,SUPPORTED,cfg_line_length,data-pattern: mode/length: single db value,data-pattern
working/core/zeliad.asm,1151,cfg_line_buffer,data,1,,,0,SUPPORTED,cfg_line_buffer,data-pattern: buffer: db/dw N dup(0) or zero placeholder or label marker,data-pattern
working/drivers/gmcga.asm,136,run_gmcga_main,proc,1,,,0,SUPPORTED,run_gmcga_main,name-pattern: main entry: returns or dispatches,name-pattern
working/drivers/gmcga.asm,228,fill_horizontal_line,proc,1,,,0,SUPPORTED,fill_horizontal_line,name-pattern: fill_*: rep stos or memory write,name-pattern
working/drivers/gmcga.asm,252,clear_screen,proc,1,,,0,SUPPORTED,clear_screen,driver-signature: video framebuffer clear: rep stos with zero,driver-sig
working/drivers/gmcga.asm,438,plot_pixel,proc,1,,,0,SUPPORTED,plot_pixel,driver-signature: single-pixel write to video memory,driver-sig
working/drivers/gmcga.asm,605,calc_text_width,proc,1,,,0,SUPPORTED,calc_text_width,name-pattern: compute/calc: arithmetic or bitwise op,name-pattern
working/drivers/gmcga.asm,628,fill_vertical_line,proc,1,,,0,SUPPORTED,fill_vertical_line,driver-signature: vertical line fill: ES:DI write + row loop,driver-sig
working/drivers/gmcga.asm,729,render_text_char,proc,1,,,0,SUPPORTED,render_text_char,"name-pattern: render/blit/draw: writes/reads ES, gfx call/jmp, helper call, or ES macro",name-pattern
working/drivers/gmcga.asm,869,init_timestamp,proc,1,,,0,SUPPORTED,init_timestamp,name-pattern: timestamp/time: time read or BCD conversion,name-pattern
working/drivers/gmcga.asm,890,convert_time_to_bcd,proc,1,,,0,SUPPORTED,convert_time_to_bcd,"name-pattern: BCD: AAA/AAS/AAM/AAD or arithmetic + mask, or call bcd helper",name-pattern
working/drivers/gmcga.asm,917,modulo_divide_bcd,proc,1,,,0,SUPPORTED,modulo_divide_bcd,name-pattern: modulo/div: divide or repeated subtract,name-pattern
working/drivers/gmcga.asm,942,int_divide_bcd,proc,1,,,0,SUPPORTED,int_divide_bcd,driver-signature: BCD integer divide,driver-sig
working/drivers/gmcga.asm,952,render_tilemap_large,proc,1,,,0,SUPPORTED,render_tilemap_large,"name-pattern: render/blit/draw: writes/reads ES, gfx call/jmp, helper call, or ES macro",name-pattern
working/drivers/gmcga.asm,993,decode_bitplane_tile,proc,1,,,0,SUPPORTED,decode_bitplane_tile,driver-signature: decode bitplane tile: bit ops + video write,driver-sig
working/drivers/gmcga.asm,1257,render_tilemap_small,proc,1,,,0,SUPPORTED,render_tilemap_small,driver-signature: small tilemap render: video write + dispatch,driver-sig
working/drivers/gmcga.asm,1323,extract_bitplane_pixels,proc,1,,,0,SUPPORTED,extract_bitplane_pixels,name-pattern: extract/decode/bit: bit/rotate/byte manipulation,name-pattern
working/drivers/gmcga.asm,1363,render_text_char_alt,proc,1,,,0,SUPPORTED,render_text_char_alt,driver-signature: alternate text glyph render,driver-sig
working/drivers/gmcga.asm,1435,expand_font_bits,proc,1,,,0,SUPPORTED,expand_font_bits,name-pattern: extract/decode/bit: bit/rotate/byte manipulation,name-pattern
working/drivers/gmcga.asm,1721,fill_rectangle,proc,1,,,0,SUPPORTED,fill_rectangle,driver-signature: 2D rectangle fill: rep stos in row-loop,driver-sig
working/drivers/gmcga.asm,1933,process_sprite_row,proc,1,,,0,SUPPORTED,process_sprite_row,driver-signature: sprite row processing: write + loop,driver-sig
working/drivers/gmega.asm,129,run_gmega_main,proc,1,,,0,SUPPORTED,run_gmega_main,name-pattern: main entry: calls subroutines + returns/exits,name-pattern
working/drivers/gmega.asm,220,fill_horizontal_line,proc,1,,,0,SUPPORTED,fill_horizontal_line,driver-signature: horizontal line fill: rep stos to ES:DI,driver-sig
working/drivers/gmega.asm,284,clear_screen,proc,1,,,0,SUPPORTED,clear_screen,driver-signature: video framebuffer clear: rep stos with zero,driver-sig
working/drivers/gmega.asm,486,plot_pixel,proc,1,,,0,SUPPORTED,plot_pixel,driver-signature: single-pixel write to video memory,driver-sig
working/drivers/gmega.asm,680,calc_text_width,proc,1,,,0,SUPPORTED,calc_text_width,name-pattern: compute/calc: arithmetic or bitwise op,name-pattern
working/drivers/gmega.asm,703,fill_vertical_line,proc,1,,,0,SUPPORTED,fill_vertical_line,driver-signature: vertical line fill: ES:DI write + row loop,driver-sig
working/drivers/gmega.asm,796,render_text_char,proc,1,,,0,SUPPORTED,render_text_char,"name-pattern: render/blit/draw: writes/reads ES, gfx call/jmp, helper call, or ES macro",name-pattern
working/drivers/gmega.asm,942,init_timestamp,proc,1,,,0,SUPPORTED,init_timestamp,name-pattern: timestamp/time: time read or BCD conversion,name-pattern
working/drivers/gmega.asm,965,convert_time_to_bcd,proc,1,,,0,SUPPORTED,convert_time_to_bcd,"name-pattern: BCD: AAA/AAS/AAM/AAD or arithmetic + mask, or call bcd helper",name-pattern
working/drivers/gmega.asm,992,modulo_divide_bcd,proc,1,,,0,SUPPORTED,modulo_divide_bcd,name-pattern: modulo/div: divide or repeated subtract,name-pattern
working/drivers/gmega.asm,1017,int_divide_bcd,proc,1,,,0,SUPPORTED,int_divide_bcd,driver-signature: BCD integer divide,driver-sig
working/drivers/gmega.asm,1027,render_tilemap_large,proc,1,,,0,SUPPORTED,render_tilemap_large,"name-pattern: render/blit/draw: writes/reads ES, gfx call/jmp, helper call, or ES macro",name-pattern
working/drivers/gmega.asm,1062,decode_bitplane_tile,proc,1,,,0,SUPPORTED,decode_bitplane_tile,driver-signature: decode bitplane tile: bit ops + video write,driver-sig
working/drivers/gmega.asm,1342,render_tilemap_small,proc,1,,,0,SUPPORTED,render_tilemap_small,driver-signature: small tilemap render: video write + dispatch,driver-sig
working/drivers/gmega.asm,1439,render_text_char_alt,proc,1,,,0,SUPPORTED,render_text_char_alt,"name-pattern: render/blit/draw: writes/reads ES, gfx call/jmp, helper call, or ES macro",name-pattern
working/drivers/gmega.asm,1809,fill_rectangle,proc,1,,,0,SUPPORTED,fill_rectangle,driver-signature: 2D rectangle fill: rep stos in row-loop,driver-sig
working/drivers/gmhgc.asm,127,run_gmhgc_main,proc,1,,,0,SUPPORTED,run_gmhgc_main,name-pattern: main entry: calls subroutines + returns/exits,name-pattern
working/drivers/gmhgc.asm,221,fill_horizontal_line,proc,1,,,0,SUPPORTED,fill_horizontal_line,name-pattern: fill_*: rep stos or memory write,name-pattern
working/drivers/gmhgc.asm,259,clear_screen,proc,1,,,0,SUPPORTED,clear_screen,name-pattern: set/clear/reset/zero: writes register/memory,name-pattern
working/drivers/gmhgc.asm,281,clear_screen_row,proc,1,,,0,SUPPORTED,clear_screen_row,name-pattern: set/clear/reset/zero: writes register/memory,name-pattern
working/drivers/gmhgc.asm,403,fade_screen_row,proc,1,,,0,SUPPORTED,fade_screen_row,name-pattern: line/row: row write + loop tail,name-pattern
working/drivers/gmhgc.asm,489,plot_pixel,proc,1,,,0,SUPPORTED,plot_pixel,driver-signature: single-pixel write to video memory,driver-sig
working/drivers/gmhgc.asm,666,calc_text_width,proc,1,,,0,SUPPORTED,calc_text_width,name-pattern: compute/calc: arithmetic or bitwise op,name-pattern
working/drivers/gmhgc.asm,689,fill_vertical_line,proc,1,,,0,SUPPORTED,fill_vertical_line,driver-signature: vertical line fill: ES:DI write + row loop,driver-sig
working/drivers/gmhgc.asm,778,render_text_char,proc,1,,,0,SUPPORTED,render_text_char,"name-pattern: render/blit/draw: writes/reads ES, gfx call/jmp, helper call, or ES macro",name-pattern
working/drivers/gmhgc.asm,924,init_timestamp,proc,1,,,0,SUPPORTED,init_timestamp,name-pattern: timestamp/time: time read or BCD conversion,name-pattern
working/drivers/gmhgc.asm,946,convert_time_to_bcd,proc,1,,,0,SUPPORTED,convert_time_to_bcd,"name-pattern: BCD: AAA/AAS/AAM/AAD or arithmetic + mask, or call bcd helper",name-pattern
working/drivers/gmhgc.asm,973,modulo_divide_bcd,proc,1,,,0,SUPPORTED,modulo_divide_bcd,name-pattern: modulo/div: divide or repeated subtract,name-pattern
working/drivers/gmhgc.asm,998,int_divide_bcd,proc,1,,,0,SUPPORTED,int_divide_bcd,driver-signature: BCD integer divide,driver-sig
working/drivers/gmhgc.asm,1008,render_tilemap_large,proc,1,,,0,SUPPORTED,render_tilemap_large,"name-pattern: render/blit/draw: writes/reads ES, gfx call/jmp, helper call, or ES macro",name-pattern
working/drivers/gmhgc.asm,1047,decode_bitplane_tile,proc,1,,,0,SUPPORTED,decode_bitplane_tile,driver-signature: decode bitplane tile: bit ops + video write,driver-sig
working/drivers/gmhgc.asm,1324,render_tilemap_small,proc,1,,,0,SUPPORTED,render_tilemap_small,driver-signature: small tilemap render: video write + dispatch,driver-sig
working/drivers/gmhgc.asm,1395,extract_bitplane_pixels,proc,1,,,0,SUPPORTED,extract_bitplane_pixels,name-pattern: extract/decode/bit: bit/rotate/byte manipulation,name-pattern
working/drivers/gmhgc.asm,1433,render_text_char_alt,proc,1,,,0,SUPPORTED,render_text_char_alt,driver-signature: alternate text glyph render,driver-sig
working/drivers/gmhgc.asm,1519,expand_char_bits_2x,proc,1,,,0,SUPPORTED,expand_char_bits_2x,name-pattern: verb_noun proc: any substantive body content,name-pattern
working/drivers/gmhgc.asm,1789,fill_rectangle,proc,1,,,0,SUPPORTED,fill_rectangle,driver-signature: 2D rectangle fill: rep stos in row-loop,driver-sig
working/drivers/gmhgc.asm,1933,calc_hgc_address,proc,1,,,0,SUPPORTED,calc_hgc_address,name-pattern: compute/calc: arithmetic or bitwise op,name-pattern
working/drivers/gmhgc.asm,1984,process_sprite_row,proc,1,,,0,SUPPORTED,process_sprite_row,driver-signature: sprite row processing: write + loop,driver-sig
working/drivers/gmmcga.asm,122,run_gmmcga_main,proc,1,,,0,SUPPORTED,run_gmmcga_main,name-pattern: main entry: calls subroutines + returns/exits,name-pattern
working/drivers/gmmcga.asm,223,fill_horizontal_line,proc,1,,,0,SUPPORTED,fill_horizontal_line,driver-signature: horizontal line fill: rep stos to ES:DI,driver-sig
working/drivers/gmmcga.asm,303,font_render_code,data,1,,,0,SUPPORTED,font_render_code,data-pattern: font/palette/scroll data: any db/dw or label,data-pattern
working/drivers/gmmcga.asm,407,plot_pixel,proc,1,,,0,SUPPORTED,plot_pixel,driver-signature: single-pixel write to video memory,driver-sig
working/drivers/gmmcga.asm,539,calc_text_width,proc,1,,,0,SUPPORTED,calc_text_width,name-pattern: compute/calc: arithmetic or bitwise op,name-pattern
working/drivers/gmmcga.asm,554,fill_vertical_line,proc,1,,,0,SUPPORTED,fill_vertical_line,driver-signature: vertical line fill: ES:DI write + row loop,driver-sig
working/drivers/gmmcga.asm,635,render_text_char,proc,1,,,0,SUPPORTED,render_text_char,"name-pattern: render/blit/draw: writes/reads ES, gfx call/jmp, helper call, or ES macro",name-pattern
working/drivers/gmmcga.asm,747,init_timestamp,proc,1,,,0,SUPPORTED,init_timestamp,name-pattern: timestamp/time: time read or BCD conversion,name-pattern
working/drivers/gmmcga.asm,768,convert_time_to_bcd,proc,1,,,0,SUPPORTED,convert_time_to_bcd,"name-pattern: BCD: AAA/AAS/AAM/AAD or arithmetic + mask, or call bcd helper",name-pattern
working/drivers/gmmcga.asm,795,modulo_divide_bcd,proc,1,,,0,SUPPORTED,modulo_divide_bcd,name-pattern: modulo/div: divide or repeated subtract,name-pattern
working/drivers/gmmcga.asm,820,int_divide_bcd,proc,1,,,0,SUPPORTED,int_divide_bcd,driver-signature: BCD integer divide,driver-sig
working/drivers/gmmcga.asm,830,render_tilemap_large,proc,1,,,0,SUPPORTED,render_tilemap_large,"name-pattern: render/blit/draw: writes/reads ES, gfx call/jmp, helper call, or ES macro",name-pattern
working/drivers/gmmcga.asm,878,decode_bitplane_tile,proc,1,,,0,SUPPORTED,decode_bitplane_tile,driver-signature: decode bitplane tile: bit ops + video write,driver-sig
working/drivers/gmmcga.asm,1111,render_tilemap_small,proc,1,,,0,SUPPORTED,render_tilemap_small,"name-pattern: render/blit/draw: writes/reads ES, gfx call/jmp, helper call, or ES macro",name-pattern
working/drivers/gmmcga.asm,1152,extract_bitplane_pixels,proc,1,,,0,SUPPORTED,extract_bitplane_pixels,name-pattern: extract/decode/bit: bit/rotate/byte manipulation,name-pattern
working/drivers/gmmcga.asm,1177,render_text_char_alt,proc,1,,,0,SUPPORTED,render_text_char_alt,"name-pattern: render/blit/draw: writes/reads ES, gfx call/jmp, helper call, or ES macro",name-pattern
working/drivers/gmmcga.asm,1455,fill_rectangle,proc,1,,,0,SUPPORTED,fill_rectangle,driver-signature: 2D rectangle fill: rep stos in row-loop,driver-sig
working/drivers/gmmcga.asm,1649,process_sprite_row,proc,1,,,0,SUPPORTED,process_sprite_row,name-pattern: process/update/advance: state-update operations,name-pattern
working/drivers/gmmcga.asm,1671,decode_bitplane_to_pixels,proc,1,,,0,SUPPORTED,decode_bitplane_to_pixels,name-pattern: extract/decode/bit: bit/rotate/byte manipulation,name-pattern
working/drivers/gmmcga.asm,1696,extract_bitplane_bit,proc,1,,,0,SUPPORTED,extract_bitplane_bit,name-pattern: extract/decode/bit: bit/rotate/byte manipulation,name-pattern
working/drivers/gmtga.asm,95,run_gmtga_main,proc,1,,,0,SUPPORTED,run_gmtga_main,name-pattern: main entry: returns or dispatches,name-pattern
working/drivers/gmtga.asm,187,fill_horizontal_line,proc,1,,,0,SUPPORTED,fill_horizontal_line,driver-signature: horizontal line fill: rep stos to ES:DI,driver-sig
working/drivers/gmtga.asm,211,clear_screen,proc,1,,,0,SUPPORTED,clear_screen,driver-signature: video framebuffer clear: rep stos with zero,driver-sig
working/drivers/gmtga.asm,437,plot_pixel,proc,1,,,0,SUPPORTED,plot_pixel,driver-signature: single-pixel write to video memory,driver-sig
working/drivers/gmtga.asm,618,calc_text_width,proc,1,,,0,SUPPORTED,calc_text_width,driver-signature: text width calc: font-table lookup + sum,driver-sig
working/drivers/gmtga.asm,641,fill_vertical_line,proc,1,,,0,SUPPORTED,fill_vertical_line,driver-signature: vertical line fill: ES:DI write + row loop,driver-sig
working/drivers/gmtga.asm,742,render_text_char,proc,1,,,0,SUPPORTED,render_text_char,driver-signature: render text glyph: video write + font lookup,driver-sig
working/drivers/gmtga.asm,838,extract_bitplane_bit,proc,1,,,0,SUPPORTED,extract_bitplane_bit,name-pattern: extract/decode/bit: bit/rotate/byte manipulation,name-pattern
working/drivers/gmtga.asm,963,convert_time_to_bcd,proc,1,,,0,SUPPORTED,convert_time_to_bcd,"name-pattern: BCD: AAA/AAS/AAM/AAD or arithmetic + mask, or call bcd helper",name-pattern
working/drivers/gmtga.asm,990,modulo_divide_bcd,proc,1,,,0,SUPPORTED,modulo_divide_bcd,name-pattern: modulo/div: divide or repeated subtract,name-pattern
working/drivers/gmtga.asm,1015,int_divide_bcd,proc,1,,,0,SUPPORTED,int_divide_bcd,driver-signature: BCD integer divide,driver-sig
working/drivers/gmtga.asm,1025,render_tilemap_large,proc,1,,,0,SUPPORTED,render_tilemap_large,"name-pattern: render/blit/draw: writes/reads ES, gfx call/jmp, helper call, or ES macro",name-pattern
working/drivers/gmtga.asm,1065,decode_bitplane_tile,proc,1,,,0,SUPPORTED,decode_bitplane_tile,driver-signature: decode bitplane tile: bit ops + video write,driver-sig
working/drivers/gmtga.asm,1327,render_tilemap_small,proc,1,,,0,SUPPORTED,render_tilemap_small,driver-signature: small tilemap render: video write + dispatch,driver-sig
working/drivers/gmtga.asm,1384,extract_bitplane_pixels,proc,1,,,0,SUPPORTED,extract_bitplane_pixels,name-pattern: extract/decode/bit: bit/rotate/byte manipulation,name-pattern
working/drivers/gmtga.asm,1430,render_text_char_alt,proc,1,,,0,SUPPORTED,render_text_char_alt,driver-signature: alternate text glyph render,driver-sig
working/drivers/gmtga.asm,1773,fill_rectangle,proc,1,,,0,SUPPORTED,fill_rectangle,driver-signature: 2D rectangle fill: rep stos in row-loop,driver-sig
working/drivers/gmtga.asm,1973,process_sprite_row,proc,1,,,0,SUPPORTED,process_sprite_row,driver-signature: sprite row processing: write + loop,driver-sig
working/drivers/gmtga.asm,2002,decode_bitplane_to_pixels,proc,1,,,0,SUPPORTED,decode_bitplane_to_pixels,name-pattern: extract/decode/bit: bit/rotate/byte manipulation,name-pattern
working/drivers/stdply.asm,53,run_stdply_main,proc,1,,,0,SUPPORTED,run_stdply_main,name-pattern: verb_noun proc: any substantive body content,name-pattern
working/drivers/stdply.asm,64,key_map_table,data,1,,,0,SUPPORTED,key_map_table,"data-pattern: table/params/LUT: multi-element db/dw, label, or string content",data-pattern
working/drivers/stdply.asm,87,starting_position_in_town,data,1,80,,0,SUPPORTED,starting_position_in_town,TCRF stdply: 0x80 = starting_position_in_town,TCRF
working/drivers/stdply.asm,88,map_scroll_row,data,1,82,,0,SUPPORTED,map_scroll_row,data-pattern: font/palette/scroll data: any db/dw or label,data-pattern
working/drivers/stdply.asm,103,screen_position,data,1,83,,0,SUPPORTED,screen_position,TCRF stdply: 0x83 = screen_position,TCRF
working/drivers/stdply.asm,104,fight_player_col,data,0,84,,0,INC_CONSISTENT,fight_player_col,"stdply.inc: 0x84 has 2 name(s); current is one of them; others (aliases): stat_X84 -- consistency only, not external proof.",stdply.inc
working/drivers/stdply.asm,109,gold_carried_x65536,data,1,85,,0,SUPPORTED,gold_carried_x65536,TCRF stdply: 0x85 = gold_carried_x65536,TCRF
working/drivers/stdply.asm,110,gold_carried_x1,data,1,86,,0,SUPPORTED,gold_carried_x1,TCRF stdply: 0x86 = gold_carried_x1,TCRF
working/drivers/stdply.asm,111,gold_carried_x256,data,1,87,,0,SUPPORTED,gold_carried_x256,TCRF stdply: 0x87 = gold_carried_x256,TCRF
working/drivers/stdply.asm,117,gold_in_bank_x65536,data,1,88,,0,SUPPORTED,gold_in_bank_x65536,TCRF stdply: 0x88 = gold_in_bank_x65536,TCRF
working/drivers/stdply.asm,118,gold_in_bank_x1,data,1,89,,0,SUPPORTED,gold_in_bank_x1,TCRF stdply: 0x89 = gold_in_bank_x1,TCRF
working/drivers/stdply.asm,123,player_almas,data,1,8b,,0,SUPPORTED,player_almas,TCRF stdply: 0x8B = almas_carried_lo (byte-level); 16-bit container name player_almas accepted,TCRF
working/drivers/stdply.asm,128,hero_level,data,1,8d,,0,SUPPORTED,hero_level,TCRF stdply: 0x8D = hero_level,TCRF
working/drivers/stdply.asm,130,experience,data,1,8e,,0,SUPPORTED,experience,TCRF stdply: 0x8E = experience_lo (byte-level); 16-bit container name experience accepted,TCRF
working/drivers/stdply.asm,137,player_HP,data,1,90,,0,SUPPORTED,player_HP,TCRF stdply: 0x90 = life_current_lo (byte-level); 16-bit container name player_HP accepted,TCRF
working/drivers/stdply.asm,138,sword,data,1,92,,0,SUPPORTED,sword,TCRF stdply: 0x92 = sword,TCRF
working/drivers/stdply.asm,139,shield,data,1,93,,0,SUPPORTED,shield,TCRF stdply: 0x93 = shield,TCRF
working/drivers/stdply.asm,147,shield_HP,data,1,94,,0,SUPPORTED,shield_HP,TCRF stdply: 0x94 = shield_HP_current_lo (byte-level); 16-bit container name shield_HP accepted,TCRF
working/drivers/stdply.asm,153,shield_max_HP,data,1,96,,0,SUPPORTED,shield_max_HP,TCRF stdply: 0x96 = shield_HP_max_lo (byte-level); 16-bit container name shield_max_HP accepted,TCRF
working/drivers/stdply.asm,155,keys_normal,data,1,98,,0,SUPPORTED,keys_normal,TCRF stdply: 0x98 = keys_normal,TCRF
working/drivers/stdply.asm,156,keys_lion,data,1,99,,0,SUPPORTED,keys_lion,TCRF stdply: 0x99 = keys_lion,TCRF
working/drivers/stdply.asm,157,crest_elf,data,1,9a,,0,SUPPORTED,crest_elf,TCRF stdply: 0x9A = crest_elf,TCRF
working/drivers/stdply.asm,158,crest_glory,data,1,9b,,0,SUPPORTED,crest_glory,TCRF stdply: 0x9B = crest_glory,TCRF
working/drivers/stdply.asm,159,crest_hero,data,1,9c,,0,SUPPORTED,crest_hero,TCRF stdply: 0x9C = crest_hero,TCRF
working/drivers/stdply.asm,166,selected_spell,data,1,9d,,0,SUPPORTED,selected_spell,TCRF stdply: 0x9D = selected_spell,TCRF
working/drivers/stdply.asm,170,selected_accessory,data,1,9e,,0,SUPPORTED,selected_accessory,TCRF stdply: 0x9E = selected_accessory,TCRF
working/drivers/stdply.asm,171,stat_X9F,data,0,9f,,0,INC_CONSISTENT,stat_X9F,"stdply.inc: 0x9f = stat_X9F (consistency only, not external proof).",stdply.inc
working/drivers/stdply.asm,177,tears_of_esmesanti_count,data,1,a0,,0,SUPPORTED,tears_of_esmesanti_count,data-pattern: count/length: single db/dw of a number,data-pattern
working/drivers/stdply.asm,184,accessory_slot_1,data,1,a1,,0,SUPPORTED,accessory_slot_1,TCRF stdply: 0xA1 = accessory_slot_1,TCRF
working/drivers/stdply.asm,185,accessory_slot_2,data,1,a2,,0,SUPPORTED,accessory_slot_2,TCRF stdply: 0xA2 = accessory_slot_2,TCRF
working/drivers/stdply.asm,186,accessory_slot_3,data,1,a3,,0,SUPPORTED,accessory_slot_3,TCRF stdply: 0xA3 = accessory_slot_3,TCRF
working/drivers/stdply.asm,187,accessory_slot_4,data,1,a4,,0,SUPPORTED,accessory_slot_4,TCRF stdply: 0xA4 = accessory_slot_4,TCRF
working/drivers/stdply.asm,188,accessory_slot_5,data,1,a5,,0,SUPPORTED,accessory_slot_5,TCRF stdply: 0xA5 = accessory_slot_5,TCRF
working/drivers/stdply.asm,195,item_slot_1,data,1,a6,,0,SUPPORTED,item_slot_1,TCRF stdply: 0xA6 = item_slot_1,TCRF
working/drivers/stdply.asm,196,item_slot_2,data,1,a7,,0,SUPPORTED,item_slot_2,TCRF stdply: 0xA7 = item_slot_2,TCRF
working/drivers/stdply.asm,197,item_slot_3,data,1,a8,,0,SUPPORTED,item_slot_3,TCRF stdply: 0xA8 = item_slot_3,TCRF
working/drivers/stdply.asm,198,item_slot_4,data,1,a9,,0,SUPPORTED,item_slot_4,TCRF stdply: 0xA9 = item_slot_4,TCRF
working/drivers/stdply.asm,199,item_slot_5,data,1,aa,,0,SUPPORTED,item_slot_5,TCRF stdply: 0xAA = item_slot_5,TCRF
working/drivers/stdply.asm,214,spell_charge_espada,data,1,ab,,0,SUPPORTED,spell_charge_espada,TCRF stdply: 0xAB = spell_charge_espada,TCRF
working/drivers/stdply.asm,215,spell_charge_saeta,data,1,ac,,0,SUPPORTED,spell_charge_saeta,TCRF stdply: 0xAC = spell_charge_saeta,TCRF
working/drivers/stdply.asm,216,spell_charge_fuego,data,1,ad,,0,SUPPORTED,spell_charge_fuego,TCRF stdply: 0xAD = spell_charge_fuego,TCRF
working/drivers/stdply.asm,217,spell_charge_lanzar,data,1,ae,,0,SUPPORTED,spell_charge_lanzar,TCRF stdply: 0xAE = spell_charge_lanzar,TCRF
working/drivers/stdply.asm,218,spell_charge_rascar,data,1,af,,0,SUPPORTED,spell_charge_rascar,TCRF stdply: 0xAF = spell_charge_rascar,TCRF
working/drivers/stdply.asm,219,spell_charge_agua,data,1,b0,,0,SUPPORTED,spell_charge_agua,TCRF stdply: 0xB0 = spell_charge_agua,TCRF
working/drivers/stdply.asm,220,spell_charge_guerra,data,1,b1,,0,SUPPORTED,spell_charge_guerra,TCRF stdply: 0xB1 = spell_charge_guerra,TCRF
working/drivers/stdply.asm,228,spell_charge_max_espada,data,1,b4,,0,SUPPORTED,spell_charge_max_espada,TCRF stdply: 0xB4 = spell_charge_max_espada,TCRF
working/drivers/stdply.asm,229,spell_charge_max_saeta,data,1,b5,,0,SUPPORTED,spell_charge_max_saeta,TCRF stdply: 0xB5 = spell_charge_max_saeta,TCRF
working/drivers/stdply.asm,230,spell_charge_max_fuego,data,1,b6,,0,SUPPORTED,spell_charge_max_fuego,TCRF stdply: 0xB6 = spell_charge_max_fuego,TCRF
working/drivers/stdply.asm,231,spell_charge_max_lanzar,data,1,b7,,0,SUPPORTED,spell_charge_max_lanzar,TCRF stdply: 0xB7 = spell_charge_max_lanzar,TCRF
working/drivers/stdply.asm,232,spell_charge_max_rascar,data,1,b8,,0,SUPPORTED,spell_charge_max_rascar,TCRF stdply: 0xB8 = spell_charge_max_rascar,TCRF
working/drivers/stdply.asm,233,spell_charge_max_agua,data,1,b9,,0,SUPPORTED,spell_charge_max_agua,TCRF stdply: 0xB9 = spell_charge_max_agua,TCRF
working/drivers/stdply.asm,234,spell_charge_max_guerra,data,1,ba,,0,SUPPORTED,spell_charge_max_guerra,TCRF stdply: 0xBA = spell_charge_max_guerra,TCRF
working/drivers/stdply.asm,251,spell_known_espada,data,1,bb,,0,SUPPORTED,spell_known_espada,TCRF stdply: 0xBB = spell_known_espada,TCRF
working/drivers/stdply.asm,252,spell_known_saeta,data,1,bc,,0,SUPPORTED,spell_known_saeta,TCRF stdply: 0xBC = spell_known_saeta,TCRF
working/drivers/stdply.asm,253,spell_known_fuego,data,1,bd,,0,SUPPORTED,spell_known_fuego,TCRF stdply: 0xBD = spell_known_fuego,TCRF
working/drivers/stdply.asm,254,spell_known_lanzar,data,1,be,,0,SUPPORTED,spell_known_lanzar,TCRF stdply: 0xBE = spell_known_lanzar,TCRF
working/drivers/stdply.asm,255,spell_known_rascar,data,1,bf,,0,SUPPORTED,spell_known_rascar,TCRF stdply: 0xBF = spell_known_rascar,TCRF
working/drivers/stdply.asm,256,spell_known_agua,data,1,c0,,0,SUPPORTED,spell_known_agua,TCRF stdply: 0xC0 = spell_known_agua,TCRF
working/drivers/stdply.asm,257,spell_known_guerra,data,1,c1,,0,SUPPORTED,spell_known_guerra,TCRF stdply: 0xC1 = spell_known_guerra,TCRF
working/drivers/stdply.asm,258,facing_direction,data,1,c2,,0,SUPPORTED,facing_direction,TCRF stdply: 0xC2 = facing_direction,TCRF
working/drivers/stdply.asm,259,boss_intro_flag,data,1,c3,,0,SUPPORTED,boss_intro_flag,data-pattern: flag/state byte: db 0 / 0FFh / equ / label,data-pattern
working/drivers/stdply.asm,271,save_sage,data,1,c4,,0,SUPPORTED,save_sage,TCRF stdply: 0xC4 = save_sage,TCRF
working/drivers/stdply.asm,272,last_sage_visited,data,1,c5,,0,SUPPORTED,last_sage_visited,TCRF stdply: 0xC5 = last_sage_visited,TCRF
working/drivers/stdply.asm,276,heal_pulse_count,data,1,c6,,0,SUPPORTED,heal_pulse_count,data-pattern: count/length: single db/dw of a number,data-pattern
working/drivers/stdply.asm,278,current_level_idx,data,0,c8,,0,INC_CONSISTENT,current_level_idx,"stdply.inc: 0xc8 has 3 name(s); current is one of them; others (aliases): player_tileset, stat_XC8 -- consistency only, not external proof.",stdply.inc
working/drivers/stdply.asm,295,magic_shop_inventory_muralla,data,1,c9,,0,SUPPORTED,magic_shop_inventory_muralla,TCRF stdply: 0xC9 = magic_shop_inventory_muralla,TCRF
working/drivers/stdply.asm,296,magic_shop_inventory_satono,data,1,ca,,0,SUPPORTED,magic_shop_inventory_satono,TCRF stdply: 0xCA = magic_shop_inventory_satono,TCRF
working/drivers/stdply.asm,297,magic_shop_inventory_bosque,data,1,cb,,0,SUPPORTED,magic_shop_inventory_bosque,TCRF stdply: 0xCB = magic_shop_inventory_bosque,TCRF
working/drivers/stdply.asm,298,magic_shop_inventory_helada,data,1,cc,,0,SUPPORTED,magic_shop_inventory_helada,TCRF stdply: 0xCC = magic_shop_inventory_helada,TCRF
working/drivers/stdply.asm,299,magic_shop_inventory_tumba,data,1,cd,,0,SUPPORTED,magic_shop_inventory_tumba,TCRF stdply: 0xCD = magic_shop_inventory_tumba,TCRF
working/drivers/stdply.asm,300,magic_shop_inventory_dorado,data,1,ce,,0,SUPPORTED,magic_shop_inventory_dorado,TCRF stdply: 0xCE = magic_shop_inventory_dorado,TCRF
working/drivers/stdply.asm,301,magic_shop_inventory_llama,data,1,cf,,0,SUPPORTED,magic_shop_inventory_llama,TCRF stdply: 0xCF = magic_shop_inventory_llama,TCRF
working/drivers/stdply.asm,302,magic_shop_inventory_pureza,data,1,d0,,0,SUPPORTED,magic_shop_inventory_pureza,TCRF stdply: 0xD0 = magic_shop_inventory_pureza,TCRF
working/drivers/stdply.asm,303,magic_shop_inventory_esco,data,1,d1,,0,SUPPORTED,magic_shop_inventory_esco,TCRF stdply: 0xD1 = magic_shop_inventory_esco,TCRF
working/drivers/stdply.asm,308,weapon_shop_swords_muralla,data,1,d2,,0,SUPPORTED,weapon_shop_swords_muralla,TCRF stdply: 0xD2 = weapon_shop_swords_muralla,TCRF
working/drivers/stdply.asm,309,weapon_shop_swords_satono,data,1,d3,,0,SUPPORTED,weapon_shop_swords_satono,TCRF stdply: 0xD3 = weapon_shop_swords_satono,TCRF
working/drivers/stdply.asm,310,weapon_shop_swords_bosque,data,1,d4,,0,SUPPORTED,weapon_shop_swords_bosque,TCRF stdply: 0xD4 = weapon_shop_swords_bosque,TCRF
working/drivers/stdply.asm,311,weapon_shop_swords_helada,data,1,d5,,0,SUPPORTED,weapon_shop_swords_helada,TCRF stdply: 0xD5 = weapon_shop_swords_helada,TCRF
working/drivers/stdply.asm,312,weapon_shop_swords_tumba,data,1,d6,,0,SUPPORTED,weapon_shop_swords_tumba,TCRF stdply: 0xD6 = weapon_shop_swords_tumba,TCRF
working/drivers/stdply.asm,313,weapon_shop_swords_dorado,data,1,d7,,0,SUPPORTED,weapon_shop_swords_dorado,TCRF stdply: 0xD7 = weapon_shop_swords_dorado,TCRF
working/drivers/stdply.asm,314,weapon_shop_swords_llama,data,1,d8,,0,SUPPORTED,weapon_shop_swords_llama,TCRF stdply: 0xD8 = weapon_shop_swords_llama,TCRF
working/drivers/stdply.asm,315,weapon_shop_swords_pureza,data,1,d9,,0,SUPPORTED,weapon_shop_swords_pureza,TCRF stdply: 0xD9 = weapon_shop_swords_pureza,TCRF
working/drivers/stdply.asm,316,weapon_shop_swords_esco,data,1,da,,0,SUPPORTED,weapon_shop_swords_esco,TCRF stdply: 0xDA = weapon_shop_swords_esco,TCRF
working/drivers/stdply.asm,319,weapon_shop_shields_muralla,data,1,db,,0,SUPPORTED,weapon_shop_shields_muralla,TCRF stdply: 0xDB = weapon_shop_shields_muralla,TCRF
working/drivers/stdply.asm,320,weapon_shop_shields_satono,data,1,dc,,0,SUPPORTED,weapon_shop_shields_satono,TCRF stdply: 0xDC = weapon_shop_shields_satono,TCRF
working/drivers/stdply.asm,321,weapon_shop_shields_bosque,data,1,dd,,0,SUPPORTED,weapon_shop_shields_bosque,TCRF stdply: 0xDD = weapon_shop_shields_bosque,TCRF
working/drivers/stdply.asm,322,weapon_shop_shields_helada,data,1,de,,0,SUPPORTED,weapon_shop_shields_helada,TCRF stdply: 0xDE = weapon_shop_shields_helada,TCRF
working/drivers/stdply.asm,323,weapon_shop_shields_tumba,data,1,df,,0,SUPPORTED,weapon_shop_shields_tumba,TCRF stdply: 0xDF = weapon_shop_shields_tumba,TCRF
working/drivers/stdply.asm,324,weapon_shop_shields_dorado,data,1,e0,,0,SUPPORTED,weapon_shop_shields_dorado,TCRF stdply: 0xE0 = weapon_shop_shields_dorado,TCRF
working/drivers/stdply.asm,325,weapon_shop_shields_llama,data,1,e1,,0,SUPPORTED,weapon_shop_shields_llama,TCRF stdply: 0xE1 = weapon_shop_shields_llama,TCRF
working/drivers/stdply.asm,326,weapon_shop_shields_pureza,data,1,e2,,0,SUPPORTED,weapon_shop_shields_pureza,TCRF stdply: 0xE2 = weapon_shop_shields_pureza,TCRF
working/drivers/stdply.asm,327,weapon_shop_shields_esco,data,1,e3,,0,SUPPORTED,weapon_shop_shields_esco,TCRF stdply: 0xE3 = weapon_shop_shields_esco,TCRF
working/drivers/stdply.asm,333,key_count,data,1,e4,,0,SUPPORTED,key_count,data-pattern: count/length: single db/dw of a number,data-pattern
working/drivers/stdply.asm,334,sages_spoken_bitmap,data,1,e5,,0,SUPPORTED,sages_spoken_bitmap,TCRF stdply: 0xE5 = sages_spoken_bitmap,TCRF
working/drivers/stdply.asm,335,scene_trans_request,data,0,e6,,0,INC_CONSISTENT,scene_trans_request,"stdply.inc: 0xe6 has 2 name(s); current is one of them; others (aliases): stat_XE6 -- consistency only, not external proof.",stdply.inc
working/drivers/stdply.asm,336,gvar_pose_idx,data,0,e7,,0,INC_CONSISTENT,gvar_pose_idx,"stdply.inc: 0xe7 has 2 name(s); current is one of them; others (aliases): stat_XE7 -- consistency only, not external proof.",stdply.inc
working/drivers/stdply.asm,337,init_complete_flag,data,1,e8,,0,SUPPORTED,init_complete_flag,data-pattern: flag/state byte: db 0 / 0FFh / equ / label,data-pattern
working/drivers/stick.asm,142,run_stick_main,proc,1,,,0,SUPPORTED,run_stick_main,name-pattern: main entry: returns or dispatches,name-pattern
working/drivers/stick.asm,167,handle_pause_key,proc,1,,,0,SUPPORTED,handle_pause_key,name-pattern: handler/isr: must end with return (sanity),name-pattern
working/drivers/stick.asm,204,poll_joystick_buttons,proc,1,,,0,SUPPORTED,poll_joystick_buttons,name-pattern: poll_: input read or state check,name-pattern
working/drivers/stick.asm,220,decode_joystick_bits,proc,1,,,0,SUPPORTED,decode_joystick_bits,name-pattern: extract/decode/bit: bit/rotate/byte manipulation,name-pattern
working/drivers/stick.asm,266,handle_special_keys,proc,1,,,0,SUPPORTED,handle_special_keys,name-pattern: handler/isr: must end with return (sanity),name-pattern
working/drivers/stick.asm,346,tis_chain_int08,label byte,1,,,0,SUPPORTED,tis_chain_int08,data-pattern: code/flow label: label/colon/db/dw,data-pattern
working/drivers/stick.asm,360,kbd_irq_handler,label byte,1,,,0,SUPPORTED,kbd_irq_handler,data-pattern: code/flow label: label/colon/db/dw,data-pattern
working/drivers/stick.asm,423,process_scancode,proc,1,,,0,SUPPORTED,process_scancode,name-pattern: process/update/advance: state-update operations,name-pattern
working/drivers/stick.asm,637,dispatch_extended_key,proc,1,,,0,SUPPORTED,dispatch_extended_key,name-pattern: dispatcher: indirect call/jmp or cmp-cascade discriminator,name-pattern
working/drivers/stick.asm,704,calibrate_joystick,proc,1,,,0,SUPPORTED,calibrate_joystick,name-pattern: joystick: port read or BIOS call,name-pattern
working/drivers/stick.asm,761,calc_joystick_deadzone,proc,1,,,0,SUPPORTED,calc_joystick_deadzone,name-pattern: compute/calc: arithmetic or bitwise op,name-pattern
working/drivers/stick.asm,923,draw_screen_element,proc,1,,,0,SUPPORTED,draw_screen_element,"name-pattern: render/blit/draw: writes/reads ES, gfx call/jmp, helper call, or ES macro",name-pattern
working/drivers/stick.asm,1000,wait_for_digit_or_esc,proc,1,,,0,SUPPORTED,wait_for_digit_or_esc,"name-pattern: wait/poll/delay: backward branch, rep, or wait/delay helper call",name-pattern
working/drivers/stick.asm,1038,joy_calibrate_request,proc,1,,,0,SUPPORTED,joy_calibrate_request,name-pattern: joystick: port read or BIOS call,name-pattern
working/drivers/stick.asm,1154,enter_pause_menu_and_draw,proc,1,,,0,SUPPORTED,enter_pause_menu_and_draw,name-pattern: enter/exit/entry: state transition,name-pattern
working/drivers/stick.asm,1158,draw_pause_menu_box,proc,1,,,0,SUPPORTED,draw_pause_menu_box,"name-pattern: render/blit/draw: writes/reads ES, gfx call/jmp, helper call, or ES macro",name-pattern
working/drivers/stick.asm,1170,restore_pause_menu_bg,proc,1,,,0,SUPPORTED,restore_pause_menu_bg,name-pattern: restore_*: restore via copy or memory write,name-pattern
working/drivers/stick.asm,1178,flush_dos_kbd_buffer,proc,1,,,0,SUPPORTED,flush_dos_kbd_buffer,name-pattern: flush_: clear/drain buffer,name-pattern
working/drivers/stick.asm,1277,int60_dispatch_active,label word,1,,,0,SUPPORTED,int60_dispatch_active,data-pattern: flag/state byte: db 0 / 0FFh / equ / label,data-pattern
working/drivers/stick.asm,1420,herc_seg_table,data,1,,,0,SUPPORTED,herc_seg_table,"data-pattern: table/params/LUT: multi-element db/dw, label, or string content",data-pattern
working/drivers/stick.asm,1516,fio_open_savefile_retry,proc,1,,,0,SUPPORTED,fio_open_savefile_retry,"name-pattern: file I/O: DOS INT 21h, call, or dispatch jmp",name-pattern
working/drivers/stick.asm,1653,fio_read_done,label byte,1,,,0,SUPPORTED,fio_read_done,data-pattern: flag/state byte: db 0 / 0FFh / equ / label,data-pattern
working/drivers/stick.asm,1684,fio_rw_done,label byte,1,,,0,SUPPORTED,fio_rw_done,data-pattern: flag/state byte: db 0 / 0FFh / equ / label,data-pattern
working/drivers/stick.asm,1675,fio_read_write_block,proc,1,,,0,SUPPORTED,fio_read_write_block,"name-pattern: file I/O: DOS INT 21h, call, or dispatch jmp",name-pattern
working/drivers/stick.asm,1689,fio_close_file,proc,1,,,0,SUPPORTED,fio_close_file,"name-pattern: file I/O: DOS INT 21h, call, or dispatch jmp",name-pattern
working/drivers/stick.asm,1713,fio_load_decompressed,proc,1,,,0,SUPPORTED,fio_load_decompressed,"name-pattern: file I/O: DOS INT 21h, call, or dispatch jmp",name-pattern
working/drivers/stick.asm,1751,decompress_anchor_loop_a,proc,1,,,0,SUPPORTED,decompress_anchor_loop_a,name-pattern: decompression: byte stream + bit ops,name-pattern
working/drivers/stick.asm,1819,decompress_anchor_loop_b,proc,1,,,0,SUPPORTED,decompress_anchor_loop_b,name-pattern: decompression: byte stream + bit ops,name-pattern
working/drivers/stick.asm,1906,decompress_anchor_loop_c,proc,1,,,0,SUPPORTED,decompress_anchor_loop_c,name-pattern: decompression: byte stream + bit ops,name-pattern
working/drivers/stick.asm,2033,savefile_desc_ptr,data,1,,,0,SUPPORTED,savefile_desc_ptr,data-pattern: pointer/offset/address: db/dw/dd,data-pattern
working/drivers/stick.asm,2034,file_read_buf_ptr,data,1,,,0,SUPPORTED,file_read_buf_ptr,data-pattern: pointer/offset/address: db/dw/dd,data-pattern
working/drivers/stick.asm,2035,file_read_count,data,1,,,0,SUPPORTED,file_read_count,data-pattern: count/length: single db/dw of a number,data-pattern
working/drivers/stick.asm,2036,file_sector_ptr,data,1,,,0,SUPPORTED,file_sector_ptr,data-pattern: pointer/offset/address: db/dw/dd,data-pattern
working/zelres1/code/100OPDMO.asm,259,run_opening_demo_main,proc,1,,,0,SUPPORTED,run_opening_demo_main,name-pattern: main entry: calls subroutines + returns/exits,name-pattern
working/zelres1/code/100OPDMO.asm,458,play_sprite_anim_script,proc,1,,,0,SUPPORTED,play_sprite_anim_script,"name-pattern: audio/sound: Adlib port I/O, INT 60h, or call",name-pattern
working/zelres1/code/100OPDMO.asm,488,char_render_proc,proc,1,,C,0,SUPPORTED,char_render_proc,name-pattern: sub-proc/main variant: must return,name-pattern
working/zelres1/code/100OPDMO.asm,543,animate_scanline,proc,1,,D,0,SUPPORTED,animate_scanline,name-pattern: animation: counter + render dispatch,name-pattern
working/zelres1/code/100OPDMO.asm,591,timer_wait_loop,proc,1,,D,0,SUPPORTED,timer_wait_loop,"name-pattern: wait/poll/delay: backward branch, rep, or wait/delay helper call",name-pattern
working/zelres1/code/100OPDMO.asm,604,interrupt_handler_cascade,proc,1,,,0,SUPPORTED,interrupt_handler_cascade,name-pattern: ISR/handler: must end with iret/retn,name-pattern
working/zelres1/code/100OPDMO.asm,653,scene_transition_wait,proc,1,,,0,SUPPORTED,scene_transition_wait,"name-pattern: wait/poll/delay: backward branch, rep, or wait/delay helper call",name-pattern
working/zelres1/code/100OPDMO.asm,679,credits_scroll_display,proc,1,,,0,SUPPORTED,credits_scroll_display,name-pattern: scroll: rep movs or gfx call,name-pattern
working/zelres1/code/100OPDMO.asm,999,wait_story_scene_timer,proc,1,,,0,SUPPORTED,wait_story_scene_timer,name-pattern: story/opening: scene driver,name-pattern
working/zelres1/code/100OPDMO.asm,1010,story_scene_input_handler,proc,1,,,0,SUPPORTED,story_scene_input_handler,name-pattern: handler/isr: must end with return (sanity),name-pattern
working/zelres1/code/100OPDMO.asm,1058,run_script_interpreter,proc,1,,,0,SUPPORTED,run_script_interpreter,name-pattern: script/interpreter: bytecode dispatch,name-pattern
working/zelres1/code/100OPDMO.asm,1357,calc_text_width,proc,1,,C,0,SUPPORTED,calc_text_width,name-pattern: compute/calc: arithmetic or bitwise op,name-pattern
working/zelres1/code/100OPDMO.asm,1414,animate_scanline_alt,proc,1,,D,0,SUPPORTED,animate_scanline_alt,name-pattern: animation: counter + render dispatch,name-pattern
working/zelres1/code/100OPDMO.asm,1471,decompress_image,proc,1,,C,0,SUPPORTED,decompress_image,name-pattern: decompression: byte stream + bit ops,name-pattern
working/zelres1/code/100OPDMO.asm,1475,decode_rle_stream,proc,1,,,0,SUPPORTED,decode_rle_stream,name-pattern: extract/decode/bit: bit/rotate/byte manipulation,name-pattern
working/zelres1/code/100OPDMO.asm,1564,decode_rle_to_es_di,proc,1,,,0,SUPPORTED,decode_rle_to_es_di,name-pattern: extract/decode/bit: bit/rotate/byte manipulation,name-pattern
working/zelres1/code/100OPDMO.asm,1600,palette_lookup,proc,1,,C,0,SUPPORTED,palette_lookup,name-pattern: palette: VGA palette I/O or palette-state writes,name-pattern
working/zelres1/code/100OPDMO.asm,1626,render_font_row_double,proc,1,,A,0,SUPPORTED,render_font_row_double,"name-pattern: render/blit/draw: writes/reads ES, gfx call/jmp, helper call, or ES macro",name-pattern
working/zelres1/code/100OPDMO.asm,1638,render_font_row_inverse,proc,1,,A,0,SUPPORTED,render_font_row_inverse,"name-pattern: render/blit/draw: writes/reads ES, gfx call/jmp, helper call, or ES macro",name-pattern
working/zelres1/code/100OPDMO.asm,1650,blit_rect_to_sprite_cache,proc,1,,,0,SUPPORTED,blit_rect_to_sprite_cache,"name-pattern: render/blit/draw: writes/reads ES, gfx call/jmp, helper call, or ES macro",name-pattern
working/zelres1/code/100OPDMO.asm,1677,busy_wait_delay,proc,1,,A,0,SUPPORTED,busy_wait_delay,name-pattern: verb_noun proc: any substantive body content,name-pattern
working/zelres1/code/100OPDMO.asm,1693,cycle_palette_colors,proc,1,,,0,SUPPORTED,cycle_palette_colors,name-pattern: palette: VGA palette I/O or palette-state writes,name-pattern
working/zelres1/code/100OPDMO.asm,1720,apply_palette_blend,proc,1,,,0,SUPPORTED,apply_palette_blend,name-pattern: apply_*: writes/calls to apply effect,name-pattern
working/zelres1/code/100OPDMO.asm,1771,xor_mask_render,proc,1,,C,0,SUPPORTED,xor_mask_render,"name-pattern: render/blit/draw: writes/reads ES, gfx call/jmp, helper call, or ES macro",name-pattern
working/zelres1/code/100OPDMO.asm,1817,merge_gfx_planes,proc,1,,C,0,SUPPORTED,merge_gfx_planes,name-pattern: verb_noun proc: any substantive body content,name-pattern
working/zelres1/code/100OPDMO.asm,2012,jashiin_speech_2,data,1,,,0,SUPPORTED,jashiin_speech_2,data-pattern: string/cmdline buffer: db quoted/zero-buf/multi-el,data-pattern
working/zelres1/code/100OPDMO.asm,2021,narration_stone_scene,data,1,,,0,SUPPORTED,narration_stone_scene,data-pattern: string/cmdline buffer: db quoted/zero-buf/multi-el,data-pattern
working/zelres1/code/100OPDMO.asm,2500,jashiin_disappear_text,data,1,,,0,SUPPORTED,jashiin_disappear_text,data-pattern: string/cmdline buffer: db quoted/zero-buf/multi-el,data-pattern
working/zelres1/code/100OPDMO.asm,2502,anim_fn_wipe,data,1,,,0,SUPPORTED,anim_fn_wipe,data-pattern: function pointer/compound: dw or composite db,data-pattern
working/zelres1/code/100OPDMO.asm,2503,anim_fn_fade,data,1,,,0,SUPPORTED,anim_fn_fade,data-pattern: function pointer/compound: dw or composite db,data-pattern
working/zelres1/code/100OPDMO.asm,2504,anim_fn_draw,data,1,,,0,SUPPORTED,anim_fn_draw,data-pattern: function pointer/compound: dw or composite db,data-pattern
working/zelres1/code/100OPDMO.asm,2515,disp_game_fn,data,1,,,0,SUPPORTED,disp_game_fn,data-pattern: function pointer/compound: dw or composite db,data-pattern
working/zelres1/code/100OPDMO.asm,2516,disp_data_6F59,data,1,,,0,SUPPORTED,disp_data_6F59,data-pattern: data: db/dw/dd or label marker,data-pattern
working/zelres1/code/100OPDMO.asm,2517,disp_narr_chap2,data,1,,,0,SUPPORTED,disp_narr_chap2,data-pattern: data: db/dw/dd or label marker,data-pattern
working/zelres1/code/100OPDMO.asm,2518,disp_chap2_call,data,1,,,0,SUPPORTED,disp_chap2_call,data-pattern: data: db/dw/dd or label marker,data-pattern
working/zelres1/code/100OPDMO.asm,2519,disp_drv_seg_3,data,1,,,0,SUPPORTED,disp_drv_seg_3,data-pattern: data: db/dw/dd or label marker,data-pattern
working/zelres1/code/100OPDMO.asm,2520,disp_narr_chap3,data,1,,,0,SUPPORTED,disp_narr_chap3,data-pattern: data: db/dw/dd or label marker,data-pattern
working/zelres1/code/100OPDMO.asm,2521,disp_narr_open,data,1,,,0,SUPPORTED,disp_narr_open,data-pattern: data: db/dw/dd or label marker,data-pattern
working/zelres1/code/100OPDMO.asm,2522,disp_set_drv_seg,data,1,,,0,SUPPORTED,disp_set_drv_seg,data-pattern: segment/offset: db/dw/dd,data-pattern
working/zelres1/code/100OPDMO.asm,2523,disp_font_inv,data,1,,,0,SUPPORTED,disp_font_inv,data-pattern: data: db/dw/dd or label marker,data-pattern
working/zelres1/code/100OPDMO.asm,2524,disp_data_7420,data,1,,,0,SUPPORTED,disp_data_7420,data-pattern: data: db/dw/dd or label marker,data-pattern
working/zelres1/code/100OPDMO.asm,2525,disp_load_setup,data,1,,,0,SUPPORTED,disp_load_setup,data-pattern: data: db/dw/dd or label marker,data-pattern
working/zelres1/code/100OPDMO.asm,2526,disp_script_area,data,1,,,0,SUPPORTED,disp_script_area,data-pattern: data: db/dw/dd or label marker,data-pattern
working/zelres1/code/100OPDMO.asm,2528,disp_narr_chap4,data,1,,,0,SUPPORTED,disp_narr_chap4,data-pattern: data: db/dw/dd or label marker,data-pattern
working/zelres1/code/101GDEGA.asm,96,run_imgctl_main_ega,proc,1,,,0,SUPPORTED,run_imgctl_main_ega,name-pattern: sub-proc/main variant: must return,name-pattern
working/zelres1/code/101GDEGA.asm,327,blit_2plane_sprite_ega,proc,1,,,0,SUPPORTED,blit_2plane_sprite_ega,"name-pattern: render/blit/draw: writes/reads ES, gfx call/jmp, helper call, or ES macro",name-pattern
working/zelres1/code/101GDEGA.asm,357,run_render_passes_ega,proc,1,,,0,SUPPORTED,run_render_passes_ega,"name-pattern: render/blit/draw: writes/reads ES, gfx call/jmp, helper call, or ES macro",name-pattern
working/zelres1/code/101GDEGA.asm,410,fill_plane_via_dma_ega,proc,1,,,0,SUPPORTED,fill_plane_via_dma_ega,name-pattern: fill_*: rep stos or memory write,name-pattern
working/zelres1/code/101GDEGA.asm,438,mask_write_loop_ega,proc,1,,,0,SUPPORTED,mask_write_loop_ega,name-pattern: verb_noun proc: any substantive body content,name-pattern
working/zelres1/code/101GDEGA.asm,581,copy_buf_with_plane_select_ega,proc,1,,,0,SUPPORTED,copy_buf_with_plane_select_ega,name-pattern: copy_*: rep movs or load/store sequence,name-pattern
working/zelres1/code/101GDEGA.asm,865,copy_si_to_es_di_ega,proc,1,,,0,SUPPORTED,copy_si_to_es_di_ega,name-pattern: copy_*: rep movs or load/store sequence,name-pattern
working/zelres1/code/101GDEGA.asm,886,copy_to_di_ega,proc,1,,,0,SUPPORTED,copy_to_di_ega,name-pattern: copy_*: rep movs or load/store sequence,name-pattern
working/zelres1/code/101GDEGA.asm,907,blit_via_di_ega,proc,1,,,0,SUPPORTED,blit_via_di_ega,"name-pattern: render/blit/draw: writes/reads ES, gfx call/jmp, helper call, or ES macro",name-pattern
working/zelres1/code/101GDEGA.asm,1003,copy_32_words_ega,proc,1,,,0,SUPPORTED,copy_32_words_ega,name-pattern: copy_*: rep movs or load/store sequence,name-pattern
working/zelres1/code/101GDEGA.asm,1077,compute_tile_vram_offset_ega,proc,1,,,0,SUPPORTED,compute_tile_vram_offset_ega,name-pattern: compute/calc: arithmetic or bitwise op,name-pattern
working/zelres1/code/101GDEGA.asm,1436,lookup_palette_entry_ega,proc,1,,,0,SUPPORTED,lookup_palette_entry_ega,name-pattern: palette: VGA palette I/O or palette-state writes,name-pattern
working/zelres1/code/101GDEGA.asm,1623,program_seq_map_mask_ega,proc,1,,,0,SUPPORTED,program_seq_map_mask_ega,name-pattern: verb_noun proc: any substantive body content,name-pattern
working/zelres1/code/101GDEGA.asm,1788,fill_with_pattern_3F_ega,proc,1,,,0,SUPPORTED,fill_with_pattern_3F_ega,name-pattern: fill_*: rep stos or memory write,name-pattern
working/zelres1/code/101GDEGA.asm,1814,draw_border_top_bottom_ega,proc,1,,,0,SUPPORTED,draw_border_top_bottom_ega,"name-pattern: render/blit/draw: writes/reads ES, gfx call/jmp, helper call, or ES macro",name-pattern
working/zelres1/code/101GDEGA.asm,1858,program_grfx_FF_then_zero_ega,proc,1,,,0,SUPPORTED,program_grfx_FF_then_zero_ega,name-pattern: verb_noun proc: any substantive body content,name-pattern
working/zelres1/code/101GDEGA.asm,1989,copy_with_plane_1_ega,proc,1,,,0,SUPPORTED,copy_with_plane_1_ega,name-pattern: copy_*: rep movs or load/store sequence,name-pattern
working/zelres1/code/101GDEGA.asm,2016,copy_with_plane_1_alt_ega,proc,1,,,0,SUPPORTED,copy_with_plane_1_alt_ega,name-pattern: copy_*: rep movs or load/store sequence,name-pattern
working/zelres1/code/101GDEGA.asm,2067,seed_status_pattern_ega,proc,1,,,0,SUPPORTED,seed_status_pattern_ega,name-pattern: verb_noun proc: any substantive body content,name-pattern
working/zelres1/code/101GDEGA.asm,2123,fill_status_byte_24x_ega,proc,1,,,0,SUPPORTED,fill_status_byte_24x_ega,name-pattern: fill_*: rep stos or memory write,name-pattern
working/zelres1/code/101GDEGA.asm,2166,blit_3plane_scroll_ega,proc,1,,,0,SUPPORTED,blit_3plane_scroll_ega,"name-pattern: render/blit/draw: writes/reads ES, gfx call/jmp, helper call, or ES macro",name-pattern
working/zelres1/code/101GDEGA.asm,2284,blit_2plane_scroll_ega,proc,1,,,0,SUPPORTED,blit_2plane_scroll_ega,"name-pattern: render/blit/draw: writes/reads ES, gfx call/jmp, helper call, or ES macro",name-pattern
working/zelres1/code/101GDEGA.asm,2360,decode_scroll_byte_ega,proc,1,,,0,SUPPORTED,decode_scroll_byte_ega,name-pattern: extract/decode/bit: bit/rotate/byte manipulation,name-pattern
working/zelres1/code/101GDEGA.asm,2435,hscroll_plane4_buf,data,1,,,0,SUPPORTED,hscroll_plane4_buf,data-pattern: buffer: db/dw N dup(0) or zero placeholder or label marker,data-pattern
working/zelres1/code/102GDCGA.asm,114,run_imgctl_main_cga,proc,1,,,0,SUPPORTED,run_imgctl_main_cga,name-pattern: sub-proc/main variant: must return,name-pattern
working/zelres1/code/102GDCGA.asm,305,run_render_passes_cga,proc,1,,,0,SUPPORTED,run_render_passes_cga,"name-pattern: render/blit/draw: writes/reads ES, gfx call/jmp, helper call, or ES macro",name-pattern
working/zelres1/code/102GDCGA.asm,527,build_pixel_pair_cga,proc,1,,,0,SUPPORTED,build_pixel_pair_cga,name-pattern: build_*: builds data structure via writes,name-pattern
working/zelres1/code/102GDCGA.asm,871,copy_pixel_row_cga,proc,1,,,0,SUPPORTED,copy_pixel_row_cga,name-pattern: copy_*: rep movs or load/store sequence,name-pattern
working/zelres1/code/102GDCGA.asm,897,copy_to_di_cga,proc,1,,,0,SUPPORTED,copy_to_di_cga,name-pattern: copy_*: rep movs or load/store sequence,name-pattern
working/zelres1/code/102GDCGA.asm,923,blit_sprite_cga,proc,1,,,0,SUPPORTED,blit_sprite_cga,"name-pattern: render/blit/draw: writes/reads ES, gfx call/jmp, helper call, or ES macro",name-pattern
working/zelres1/code/102GDCGA.asm,976,plane_mix_word,data,1,,,0,SUPPORTED,plane_mix_word,data-pattern: plane/mask/xor data: db/dw,data-pattern
working/zelres1/code/102GDCGA.asm,1056,compute_tile_vram_offset_cga,proc,1,,,0,SUPPORTED,compute_tile_vram_offset_cga,name-pattern: compute/calc: arithmetic or bitwise op,name-pattern
working/zelres1/code/102GDCGA.asm,1333,blit_sprite_clipped_cga,proc,1,,,0,SUPPORTED,blit_sprite_clipped_cga,"name-pattern: render/blit/draw: writes/reads ES, gfx call/jmp, helper call, or ES macro",name-pattern
working/zelres1/code/102GDCGA.asm,1519,extract_pixel_bits_cga,proc,1,,,0,SUPPORTED,extract_pixel_bits_cga,name-pattern: extract/decode/bit: bit/rotate/byte manipulation,name-pattern
working/zelres1/code/102GDCGA.asm,1617,init_status_buf_cga,proc,1,,,0,SUPPORTED,init_status_buf_cga,name-pattern: init/setup: writes initial state,name-pattern
working/zelres1/code/102GDCGA.asm,1630,clear_status_buf_rows_cga,proc,1,,,0,SUPPORTED,clear_status_buf_rows_cga,name-pattern: set/clear/reset/zero: writes register/memory,name-pattern
working/zelres1/code/102GDCGA.asm,1660,write_status_pattern_0_cga,proc,1,,,0,SUPPORTED,write_status_pattern_0_cga,name-pattern: load/save/read/write: at least one memory op or loader call,name-pattern
working/zelres1/code/102GDCGA.asm,1787,init_status_row_28_cga,proc,1,,,0,SUPPORTED,init_status_row_28_cga,name-pattern: init/setup: writes initial state,name-pattern
working/zelres1/code/102GDCGA.asm,1806,init_status_row_11_cga,proc,1,,,0,SUPPORTED,init_status_row_11_cga,name-pattern: init/setup: writes initial state,name-pattern
working/zelres1/code/102GDCGA.asm,1857,seed_status_pattern_cga,proc,1,,,0,SUPPORTED,seed_status_pattern_cga,name-pattern: verb_noun proc: any substantive body content,name-pattern
working/zelres1/code/102GDCGA.asm,1913,fill_status_byte_24x_cga,proc,1,,,0,SUPPORTED,fill_status_byte_24x_cga,name-pattern: fill_*: rep stos or memory write,name-pattern
working/zelres1/code/102GDCGA.asm,1956,extract_pixel_pair_cga,proc,1,,,0,SUPPORTED,extract_pixel_pair_cga,name-pattern: extract/decode/bit: bit/rotate/byte manipulation,name-pattern
working/zelres1/code/102GDCGA.asm,2028,disp_frame_render3,data,1,,,0,SUPPORTED,disp_frame_render3,data-pattern: data: db/dw/dd or label marker,data-pattern
working/zelres1/code/102GDCGA.asm,2057,extract_pixel_pair_alt_cga,proc,1,,,0,SUPPORTED,extract_pixel_pair_alt_cga,name-pattern: extract/decode/bit: bit/rotate/byte manipulation,name-pattern
working/zelres1/code/102GDCGA.asm,2280,frame_plane_b_tbl,data,1,,,0,SUPPORTED,frame_plane_b_tbl,"data-pattern: table/params/LUT: multi-element db/dw, label, or string content",data-pattern
working/zelres1/code/102GDCGA.asm,2500,copy_status_loop_cga,proc,1,,,0,SUPPORTED,copy_status_loop_cga,name-pattern: verb_noun proc: any substantive body content,name-pattern
working/zelres1/code/103GDHGC.asm,147,run_hgc_gfx_driver_main,proc,1,,,0,SUPPORTED,run_hgc_gfx_driver_main,name-pattern: main entry: calls subroutines + returns/exits,name-pattern
working/zelres1/code/103GDHGC.asm,313,run_render_passes_hgc,proc,1,,,0,SUPPORTED,run_render_passes_hgc,"name-pattern: render/blit/draw: writes/reads ES, gfx call/jmp, helper call, or ES macro",name-pattern
working/zelres1/code/103GDHGC.asm,552,build_pixel_pair_hgc,proc,1,,,0,SUPPORTED,build_pixel_pair_hgc,name-pattern: build_*: builds data structure via writes,name-pattern
working/zelres1/code/103GDHGC.asm,638,mask_write_loop_hgc,proc,1,,,0,SUPPORTED,mask_write_loop_hgc,name-pattern: verb_noun proc: any substantive body content,name-pattern
working/zelres1/code/103GDHGC.asm,911,copy_pixel_row_hgc,proc,1,,,0,SUPPORTED,copy_pixel_row_hgc,name-pattern: copy_*: rep movs or load/store sequence,name-pattern
working/zelres1/code/103GDHGC.asm,935,copy_to_di_hgc,proc,1,,,0,SUPPORTED,copy_to_di_hgc,name-pattern: copy_*: rep movs or load/store sequence,name-pattern
working/zelres1/code/103GDHGC.asm,969,blit_sprite_hgc,proc,1,,,0,SUPPORTED,blit_sprite_hgc,"name-pattern: render/blit/draw: writes/reads ES, gfx call/jmp, helper call, or ES macro",name-pattern
working/zelres1/code/103GDHGC.asm,996,blit_via_di_hgc,proc,1,,,0,SUPPORTED,blit_via_di_hgc,"name-pattern: render/blit/draw: writes/reads ES, gfx call/jmp, helper call, or ES macro",name-pattern
working/zelres1/code/103GDHGC.asm,1026,hgc_lookup_data_3,data,1,,,0,SUPPORTED,hgc_lookup_data_3,data-pattern: data: db/dw/dd or label marker,data-pattern
working/zelres1/code/103GDHGC.asm,1108,compute_tile_vram_offset_hgc,proc,1,,,0,SUPPORTED,compute_tile_vram_offset_hgc,name-pattern: compute/calc: arithmetic or bitwise op,name-pattern
working/zelres1/code/103GDHGC.asm,1463,blit_clipped_alt_hgc,proc,1,,,0,SUPPORTED,blit_clipped_alt_hgc,"name-pattern: render/blit/draw: writes/reads ES, gfx call/jmp, helper call, or ES macro",name-pattern
working/zelres1/code/103GDHGC.asm,1633,blit_sprite_clipped_hgc,proc,1,,,0,SUPPORTED,blit_sprite_clipped_hgc,"name-pattern: render/blit/draw: writes/reads ES, gfx call/jmp, helper call, or ES macro",name-pattern
working/zelres1/code/103GDHGC.asm,1752,init_status_buf_hgc,proc,1,,,0,SUPPORTED,init_status_buf_hgc,name-pattern: init/setup: writes initial state,name-pattern
working/zelres1/code/103GDHGC.asm,1779,clear_status_buf_rows_hgc,proc,1,,,0,SUPPORTED,clear_status_buf_rows_hgc,name-pattern: set/clear/reset/zero: writes register/memory,name-pattern
working/zelres1/code/103GDHGC.asm,1819,write_status_pattern_0_hgc,proc,1,,,0,SUPPORTED,write_status_pattern_0_hgc,name-pattern: load/save/read/write: at least one memory op or loader call,name-pattern
working/zelres1/code/103GDHGC.asm,1941,init_status_row_28_hgc,proc,1,,,0,SUPPORTED,init_status_row_28_hgc,name-pattern: init/setup: writes initial state,name-pattern
working/zelres1/code/103GDHGC.asm,1968,init_status_row_11_hgc,proc,1,,,0,SUPPORTED,init_status_row_11_hgc,name-pattern: init/setup: writes initial state,name-pattern
working/zelres1/code/103GDHGC.asm,2043,seed_status_pattern_hgc,proc,1,,,0,SUPPORTED,seed_status_pattern_hgc,name-pattern: verb_noun proc: any substantive body content,name-pattern
working/zelres1/code/103GDHGC.asm,2099,fill_status_byte_24x_hgc,proc,1,,,0,SUPPORTED,fill_status_byte_24x_hgc,name-pattern: fill_*: rep stos or memory write,name-pattern
working/zelres1/code/103GDHGC.asm,2142,extract_pixel_pair_hgc,proc,1,,,0,SUPPORTED,extract_pixel_pair_hgc,name-pattern: extract/decode/bit: bit/rotate/byte manipulation,name-pattern
working/zelres1/code/103GDHGC.asm,2270,extract_pixel_pair_alt_hgc,proc,1,,,0,SUPPORTED,extract_pixel_pair_alt_hgc,name-pattern: extract/decode/bit: bit/rotate/byte manipulation,name-pattern
working/zelres1/code/103GDHGC.asm,2452,hgc_lookup_data_40,data,1,,,0,SUPPORTED,hgc_lookup_data_40,data-pattern: data: db/dw/dd or label marker,data-pattern
working/zelres1/code/103GDHGC.asm,2728,copy_status_loop_hgc,proc,1,,,0,SUPPORTED,copy_status_loop_hgc,name-pattern: verb_noun proc: any substantive body content,name-pattern
working/zelres1/code/103GDHGC.asm,2806,math_calc,proc,1,,A,0,SUPPORTED,math_calc,driver-signature: math helper (mul/div/add/sub),driver-sig
working/zelres1/code/104GDTGA.asm,109,run_gdtga_main,proc,1,,,0,SUPPORTED,run_gdtga_main,name-pattern: main entry: calls subroutines + returns/exits,name-pattern
working/zelres1/code/104GDTGA.asm,316,run_render_passes_tga,proc,1,,,0,SUPPORTED,run_render_passes_tga,"name-pattern: render/blit/draw: writes/reads ES, gfx call/jmp, helper call, or ES macro",name-pattern
working/zelres1/code/104GDTGA.asm,566,build_pixel_pair_tga,proc,1,,,0,SUPPORTED,build_pixel_pair_tga,name-pattern: verb_noun proc: any substantive body content,name-pattern
working/zelres1/code/104GDTGA.asm,893,copy_pixel_row_tga,proc,1,,,0,SUPPORTED,copy_pixel_row_tga,name-pattern: copy_*: rep movs or load/store sequence,name-pattern
working/zelres1/code/104GDTGA.asm,917,copy_to_di_tga,proc,1,,,0,SUPPORTED,copy_to_di_tga,name-pattern: copy_*: rep movs or load/store sequence,name-pattern
working/zelres1/code/104GDTGA.asm,941,blit_sprite_tga,proc,1,,,0,SUPPORTED,blit_sprite_tga,"name-pattern: render/blit/draw: writes/reads ES, gfx call/jmp, helper call, or ES macro",name-pattern
working/zelres1/code/104GDTGA.asm,996,xor3_plane2_off,data,1,,,0,SUPPORTED,xor3_plane2_off,data-pattern: plane/mask/xor data: db/dw,data-pattern
working/zelres1/code/104GDTGA.asm,1028,face_panel2_anchor,data,1,,,0,SUPPORTED,face_panel2_anchor,data-pattern: marker/trailer: any db/dw/dd or label,data-pattern
working/zelres1/code/104GDTGA.asm,1117,compute_tile_vram_offset_tga,proc,1,,,0,SUPPORTED,compute_tile_vram_offset_tga,name-pattern: compute/calc: arithmetic or bitwise op,name-pattern
working/zelres1/code/104GDTGA.asm,1430,lookup_palette_entry_tga,proc,1,,,0,SUPPORTED,lookup_palette_entry_tga,name-pattern: palette: VGA palette I/O or palette-state writes,name-pattern
working/zelres1/code/104GDTGA.asm,1482,extract_pixel_bits_tga,proc,1,,,0,SUPPORTED,extract_pixel_bits_tga,name-pattern: extract/decode/bit: bit/rotate/byte manipulation,name-pattern
working/zelres1/code/104GDTGA.asm,1652,blit_sprite_clipped_tga,proc,1,,,0,SUPPORTED,blit_sprite_clipped_tga,"name-pattern: render/blit/draw: writes/reads ES, gfx call/jmp, helper call, or ES macro",name-pattern
working/zelres1/code/104GDTGA.asm,1751,init_status_buf_tga,proc,1,,,0,SUPPORTED,init_status_buf_tga,name-pattern: init/setup: writes initial state,name-pattern
working/zelres1/code/104GDTGA.asm,1763,clear_status_buf_rows_tga,proc,1,,,0,SUPPORTED,clear_status_buf_rows_tga,name-pattern: set/clear/reset/zero: writes register/memory,name-pattern
working/zelres1/code/104GDTGA.asm,1790,write_status_pattern_4444_tga,proc,1,,,0,SUPPORTED,write_status_pattern_4444_tga,name-pattern: load/save/read/write: at least one memory op or loader call,name-pattern
working/zelres1/code/104GDTGA.asm,1913,init_status_row_28_tga,proc,1,,,0,SUPPORTED,init_status_row_28_tga,name-pattern: init/setup: writes initial state,name-pattern
working/zelres1/code/104GDTGA.asm,1937,init_status_row_11_tga,proc,1,,,0,SUPPORTED,init_status_row_11_tga,name-pattern: init/setup: writes initial state,name-pattern
working/zelres1/code/104GDTGA.asm,1993,seed_status_pattern_tga,proc,1,,,0,SUPPORTED,seed_status_pattern_tga,name-pattern: verb_noun proc: any substantive body content,name-pattern
working/zelres1/code/104GDTGA.asm,2049,fill_status_byte_24x_tga,proc,1,,,0,SUPPORTED,fill_status_byte_24x_tga,name-pattern: fill_*: rep stos or memory write,name-pattern
working/zelres1/code/104GDTGA.asm,2092,compute_vram_xy_offset_tga,proc,1,,,0,SUPPORTED,compute_vram_xy_offset_tga,name-pattern: compute/calc: arithmetic or bitwise op,name-pattern
working/zelres1/code/104GDTGA.asm,2196,stats_fill_buf,proc,1,,C,0,SUPPORTED,stats_fill_buf,name-pattern: player/stat ops: DS-relative read/write,name-pattern
working/zelres1/code/104GDTGA.asm,2383,face_color_lut,data,1,,,0,SUPPORTED,face_color_lut,"data-pattern: table/params/LUT: multi-element db/dw, label, or string content",data-pattern
working/zelres1/code/104GDTGA.asm,2602,copy_status_loop_tga,proc,1,,,0,SUPPORTED,copy_status_loop_tga,name-pattern: verb_noun proc: any substantive body content,name-pattern
working/zelres1/code/104GDTGA.asm,2640,rotate_mask_word_tga,proc,1,,,0,SUPPORTED,rotate_mask_word_tga,name-pattern: verb_noun proc: any substantive body content,name-pattern
working/zelres1/code/104GDTGA.asm,2714,compute_tga_framebuf_offset,proc,1,,,0,SUPPORTED,compute_tga_framebuf_offset,name-pattern: compute/calc: arithmetic or bitwise op,name-pattern
working/zelres1/code/104GDTGA.asm,2735,palette_xlat_jmp,data,1,,,0,SUPPORTED,palette_xlat_jmp,data-pattern: font/palette/scroll data: any db/dw or label,data-pattern
working/zelres1/code/104GDTGA.asm,2737,plane3_merge_buf,data,1,,,0,SUPPORTED,plane3_merge_buf,data-pattern: buffer: db/dw N dup(0) or zero placeholder or label marker,data-pattern
working/zelres1/code/105GDMCA.asm,113,run_mcga_imgctl_main,proc,1,,,0,SUPPORTED,run_mcga_imgctl_main,name-pattern: main entry: calls subroutines + returns/exits,name-pattern
working/zelres1/code/105GDMCA.asm,319,run_render_passes_mcga,proc,1,,,0,SUPPORTED,run_render_passes_mcga,"name-pattern: render/blit/draw: writes/reads ES, gfx call/jmp, helper call, or ES macro",name-pattern
working/zelres1/code/105GDMCA.asm,522,build_pixel_pair_mcga,proc,1,,,0,SUPPORTED,build_pixel_pair_mcga,name-pattern: verb_noun proc: any substantive body content,name-pattern
working/zelres1/code/105GDMCA.asm,860,copy_pixel_row_mcga,proc,1,,,0,SUPPORTED,copy_pixel_row_mcga,name-pattern: copy_*: rep movs or load/store sequence,name-pattern
working/zelres1/code/105GDMCA.asm,879,copy_to_di_mcga,proc,1,,,0,SUPPORTED,copy_to_di_mcga,name-pattern: copy_*: rep movs or load/store sequence,name-pattern
working/zelres1/code/105GDMCA.asm,898,blit_sprite_mcga,proc,1,,,0,SUPPORTED,blit_sprite_mcga,"name-pattern: render/blit/draw: writes/reads ES, gfx call/jmp, helper call, or ES macro",name-pattern
working/zelres1/code/105GDMCA.asm,956,scroll_a_plane_b,data,1,,,0,SUPPORTED,scroll_a_plane_b,data-pattern: font/palette/scroll data: any db/dw or label,data-pattern
working/zelres1/code/105GDMCA.asm,1078,compute_tile_vram_offset_mcga,proc,1,,,0,SUPPORTED,compute_tile_vram_offset_mcga,name-pattern: compute/calc: arithmetic or bitwise op,name-pattern
working/zelres1/code/105GDMCA.asm,1401,lookup_palette_entry_mcga,proc,1,,,0,SUPPORTED,lookup_palette_entry_mcga,name-pattern: palette: VGA palette I/O or palette-state writes,name-pattern
working/zelres1/code/105GDMCA.asm,1446,extract_pixel_bits_mcga,proc,1,,,0,SUPPORTED,extract_pixel_bits_mcga,name-pattern: extract/decode/bit: bit/rotate/byte manipulation,name-pattern
working/zelres1/code/105GDMCA.asm,1620,blit_sprite_clipped_mcga,proc,1,,,0,SUPPORTED,blit_sprite_clipped_mcga,"name-pattern: render/blit/draw: writes/reads ES, gfx call/jmp, helper call, or ES macro",name-pattern
working/zelres1/code/105GDMCA.asm,1715,init_status_buf_mcga,proc,1,,,0,SUPPORTED,init_status_buf_mcga,name-pattern: init/setup: writes initial state,name-pattern
working/zelres1/code/105GDMCA.asm,1725,clear_status_buf_rows_mcga,proc,1,,,0,SUPPORTED,clear_status_buf_rows_mcga,name-pattern: set/clear/reset/zero: writes register/memory,name-pattern
working/zelres1/code/105GDMCA.asm,1748,write_status_pattern_202_mcga,proc,1,,,0,SUPPORTED,write_status_pattern_202_mcga,name-pattern: load/save/read/write: at least one memory op or loader call,name-pattern
working/zelres1/code/105GDMCA.asm,1873,init_status_row_28_mcga,proc,1,,,0,SUPPORTED,init_status_row_28_mcga,name-pattern: init/setup: writes initial state,name-pattern
working/zelres1/code/105GDMCA.asm,1901,init_status_row_11_mcga,proc,1,,,0,SUPPORTED,init_status_row_11_mcga,name-pattern: init/setup: writes initial state,name-pattern
working/zelres1/code/105GDMCA.asm,1965,seed_status_pattern_mcga,proc,1,,,0,SUPPORTED,seed_status_pattern_mcga,name-pattern: verb_noun proc: any substantive body content,name-pattern
working/zelres1/code/105GDMCA.asm,2021,fill_status_byte_24x_mcga,proc,1,,,0,SUPPORTED,fill_status_byte_24x_mcga,name-pattern: fill_*: rep stos or memory write,name-pattern
working/zelres1/code/105GDMCA.asm,2064,index_status_row_47_mcga,proc,1,,,0,SUPPORTED,index_status_row_47_mcga,name-pattern: verb_noun proc: any substantive body content,name-pattern
working/zelres1/code/105GDMCA.asm,2172,index_status_row_47_alt_mcga,proc,1,,,0,SUPPORTED,index_status_row_47_alt_mcga,name-pattern: verb_noun proc: any substantive body content,name-pattern
working/zelres1/code/105GDMCA.asm,2241,write_palette_byte_mcga,proc,1,,,0,SUPPORTED,write_palette_byte_mcga,name-pattern: load/save/read/write: at least one memory op or loader call,name-pattern
working/zelres1/code/105GDMCA.asm,2384,pal_process_loop,proc,1,,C,0,SUPPORTED,pal_process_loop,name-pattern: palette: VGA palette I/O or palette-state writes,name-pattern
working/zelres1/code/105GDMCA.asm,2413,rotate_mask_word_mcga,proc,1,,,0,SUPPORTED,rotate_mask_word_mcga,name-pattern: verb_noun proc: any substantive body content,name-pattern
working/zelres1/code/105GDMCA.asm,2439,compute_vram_xy_offset_mcga,proc,1,,,0,SUPPORTED,compute_vram_xy_offset_mcga,name-pattern: compute/calc: arithmetic or bitwise op,name-pattern
working/zelres1/code/105GDMCA.asm,2455,pixel_plane_c_buf,data,1,,,0,SUPPORTED,pixel_plane_c_buf,data-pattern: buffer: db/dw N dup(0) or zero placeholder or label marker,data-pattern
working/zelres1/code/106TOWN.asm,232,run_town_main_loop,proc,1,,,0,SUPPORTED,run_town_main_loop,name-pattern: loop: backward branch or rep,name-pattern
working/zelres1/code/106TOWN.asm,240,hw_probe_pushds_byte,data,1,,,0,SUPPORTED,hw_probe_pushds_byte,data-pattern: renamed-anchor data: db/dw/dd/equ or label,data-pattern
working/zelres1/code/106TOWN.asm,466,try_take_facing_item,proc,1,,,0,SUPPORTED,try_take_facing_item,name-pattern: try_*: condition check + branch,name-pattern
working/zelres1/code/106TOWN.asm,550,try_talk_to_facing_npc,proc,1,,,0,SUPPORTED,try_talk_to_facing_npc,name-pattern: try_*: condition check + branch,name-pattern
working/zelres1/code/106TOWN.asm,610,render_dialog_text,proc,1,,,0,SUPPORTED,render_dialog_text,"name-pattern: render/blit/draw: writes/reads ES, gfx call/jmp, helper call, or ES macro",name-pattern
working/zelres1/code/106TOWN.asm,648,set_pose_dirty,proc,1,,,0,SUPPORTED,set_pose_dirty,name-pattern: verb_noun proc: any substantive body content,name-pattern
working/zelres1/code/106TOWN.asm,654,draw_dialog_typewriter,proc,1,,,0,SUPPORTED,draw_dialog_typewriter,"name-pattern: render/blit/draw: writes/reads ES, gfx call/jmp, helper call, or ES macro",name-pattern
working/zelres1/code/106TOWN.asm,870,wait_for_text_continue,proc,1,,,0,SUPPORTED,wait_for_text_continue,"name-pattern: wait/poll/delay: backward branch, rep, or wait/delay helper call",name-pattern
working/zelres1/code/106TOWN.asm,911,measure_word_width,proc,1,,,0,SUPPORTED,measure_word_width,name-pattern: verb_noun proc: any substantive body content,name-pattern
working/zelres1/code/106TOWN.asm,941,count_wrapped_lines,proc,1,,,0,SUPPORTED,count_wrapped_lines,name-pattern: verb_noun proc: any substantive body content,name-pattern
working/zelres1/code/106TOWN.asm,1077,prompt_take_no_take,proc,1,,,0,SUPPORTED,prompt_take_no_take,name-pattern: verb_noun proc: any substantive body content,name-pattern
working/zelres1/code/106TOWN.asm,1103,math_calc,proc,1,,C,0,SUPPORTED,math_calc,name-pattern: math/calc: arithmetic ops,name-pattern
working/zelres1/code/106TOWN.asm,1252,player_scan_loop,proc,1,,A,0,SUPPORTED,player_scan_loop,name-pattern: player/stat ops: DS-relative read/write,name-pattern
working/zelres1/code/106TOWN.asm,1277,find_npc_at_bx_with_flag40,proc,1,,,0,SUPPORTED,find_npc_at_bx_with_flag40,name-pattern: find/scan: scasb/cmp/loop,name-pattern
working/zelres1/code/106TOWN.asm,1299,tick_npcs_then_pump,proc,1,,,0,SUPPORTED,tick_npcs_then_pump,name-pattern: process/update/advance: state-update operations,name-pattern
working/zelres1/code/106TOWN.asm,1303,draw_and_pump_input,proc,1,,,0,SUPPORTED,draw_and_pump_input,"name-pattern: render/blit/draw: writes/reads ES, gfx call/jmp, helper call, or ES macro",name-pattern
working/zelres1/code/106TOWN.asm,1331,run_town_input_frame,proc,1,,,0,SUPPORTED,run_town_input_frame,name-pattern: frame/row/col: video write or row/col loop,name-pattern
working/zelres1/code/106TOWN.asm,1353,player_process_loop,proc,1,,A,0,SUPPORTED,player_process_loop,name-pattern: player/stat ops: DS-relative read/write,name-pattern
working/zelres1/code/106TOWN.asm,1369,mark_player_col_in_cursor_buf,proc,1,,,0,SUPPORTED,mark_player_col_in_cursor_buf,name-pattern: mark: writes a flag/state byte,name-pattern
working/zelres1/code/106TOWN.asm,1397,render_town_actors,proc,1,,,0,SUPPORTED,render_town_actors,"name-pattern: render/blit/draw: writes/reads ES, gfx call/jmp, helper call, or ES macro",name-pattern
working/zelres1/code/106TOWN.asm,1513,find_npc_col_slot,proc,1,,,0,SUPPORTED,find_npc_col_slot,name-pattern: find/scan: scasb/cmp/loop,name-pattern
working/zelres1/code/106TOWN.asm,1536,find_npc_dx,proc,1,,,0,SUPPORTED,find_npc_dx,name-pattern: verb_noun proc: any substantive body content,name-pattern
working/zelres1/code/106TOWN.asm,1540,find_npc_dx_inner,proc,1,,,0,SUPPORTED,find_npc_dx_inner,name-pattern: find/scan: scasb/cmp/loop,name-pattern
working/zelres1/code/106TOWN.asm,1553,load_pattern_then_play_music,proc,1,,,0,SUPPORTED,load_pattern_then_play_music,name-pattern: verb_noun proc: any substantive body content,name-pattern
working/zelres1/code/106TOWN.asm,1557,play_current_music,proc,1,,,0,SUPPORTED,play_current_music,"name-pattern: audio/sound: Adlib port I/O, INT 60h, or call",name-pattern
working/zelres1/code/106TOWN.asm,1566,player_load_chunk,proc,1,,A,0,SUPPORTED,player_load_chunk,name-pattern: player/stat ops: DS-relative read/write,name-pattern
working/zelres1/code/106TOWN.asm,1596,process_town_event_table,proc,1,,,0,SUPPORTED,process_town_event_table,name-pattern: process/update/advance: state-update operations,name-pattern
working/zelres1/code/106TOWN.asm,1638,tick_npcs_dispatch,proc,1,,,0,SUPPORTED,tick_npcs_dispatch,name-pattern: process/update/advance: state-update operations,name-pattern
working/zelres1/code/106TOWN.asm,1786,stamp_npcs_save_tiles,proc,1,,,0,SUPPORTED,stamp_npcs_save_tiles,name-pattern: verb_noun proc: any substantive body content,name-pattern
working/zelres1/code/106TOWN.asm,1810,restore_tiles_under_npcs,proc,1,,,0,SUPPORTED,restore_tiles_under_npcs,name-pattern: restore_*: restore via copy or memory write,name-pattern
working/zelres1/code/106TOWN.asm,1836,load_town_hud_icons,proc,1,,,0,SUPPORTED,load_town_hud_icons,name-pattern: load/save/read/write: at least one memory op or loader call,name-pattern
working/zelres1/code/106TOWN.asm,1874,try_door_transition,proc,1,,,0,SUPPORTED,try_door_transition,name-pattern: try_*: condition check + branch,name-pattern
working/zelres1/code/106TOWN.asm,1938,load_area_assets,proc,1,,,0,SUPPORTED,load_area_assets,name-pattern: load/save/read/write: at least one memory op or loader call,name-pattern
working/zelres1/code/106TOWN.asm,1983,load_town_pattern_chunk,proc,1,,,0,SUPPORTED,load_town_pattern_chunk,name-pattern: load/save/read/write: at least one memory op or loader call,name-pattern
working/zelres1/code/106TOWN.asm,2012,load_town_door_table,proc,1,,,0,SUPPORTED,load_town_door_table,name-pattern: load/save/read/write: at least one memory op or loader call,name-pattern
working/zelres1/code/106TOWN.asm,2230,tick_town_frame,proc,1,,,0,SUPPORTED,tick_town_frame,name-pattern: process/update/advance: state-update operations,name-pattern
working/zelres1/code/106TOWN.asm,2387,advance_dialog_line,proc,1,,,0,SUPPORTED,advance_dialog_line,name-pattern: process/update/advance: state-update operations,name-pattern
working/zelres1/code/106TOWN.asm,2406,scroll_dlg_text_up,proc,1,,,0,SUPPORTED,scroll_dlg_text_up,name-pattern: UI/dialog: dispatches to render/draw helpers,name-pattern
working/zelres1/code/106TOWN.asm,2438,dlg_draw_prompt_then_clear,proc,1,,,0,SUPPORTED,dlg_draw_prompt_then_clear,"name-pattern: render/blit/draw: writes/reads ES, gfx call/jmp, helper call, or ES macro",name-pattern
working/zelres1/code/106TOWN.asm,2453,wait_for_spacebar_or_skip,proc,1,,,0,SUPPORTED,wait_for_spacebar_or_skip,"name-pattern: wait/poll/delay: backward branch, rep, or wait/delay helper call",name-pattern
working/zelres1/code/106TOWN.asm,2479,measure_dialog_word_width,proc,1,,,0,SUPPORTED,measure_dialog_word_width,name-pattern: verb_noun proc: any substantive body content,name-pattern
working/zelres1/code/106TOWN.asm,2525,count_dialog_wrapped_lines,proc,1,,,0,SUPPORTED,count_dialog_wrapped_lines,name-pattern: verb_noun proc: any substantive body content,name-pattern
working/zelres1/code/106TOWN.asm,2644,div_24bit_emit_digit,proc,1,,,0,SUPPORTED,div_24bit_emit_digit,name-pattern: modulo/div: divide or repeated subtract,name-pattern
working/zelres1/code/106TOWN.asm,2673,div_16bit_emit_digit,proc,1,,,0,SUPPORTED,div_16bit_emit_digit,name-pattern: modulo/div: divide or repeated subtract,name-pattern
working/zelres1/code/106TOWN.asm,2687,poll_menu_input,proc,1,,,0,SUPPORTED,poll_menu_input,name-pattern: UI/dialog: dispatches to render/draw helpers,name-pattern
working/zelres1/code/106TOWN.asm,2840,draw_cursor_at_dlg_row,proc,1,,,0,SUPPORTED,draw_cursor_at_dlg_row,"name-pattern: render/blit/draw: writes/reads ES, gfx call/jmp, helper call, or ES macro",name-pattern
working/zelres1/code/106TOWN.asm,2850,animate_cursor_left_10cols,proc,1,,,0,SUPPORTED,animate_cursor_left_10cols,name-pattern: animation: counter + render dispatch,name-pattern
working/zelres1/code/106TOWN.asm,2877,animate_cursor_right_10cols,proc,1,,,0,SUPPORTED,animate_cursor_right_10cols,name-pattern: animation: counter + render dispatch,name-pattern
working/zelres1/code/106TOWN.asm,2904,prompt_yes_no,proc,1,,,0,SUPPORTED,prompt_yes_no,name-pattern: verb_noun proc: any substantive body content,name-pattern
working/zelres1/code/106TOWN.asm,2941,clear_n_dialog_rows,proc,1,,,0,SUPPORTED,clear_n_dialog_rows,name-pattern: set/clear/reset/zero: writes register/memory,name-pattern
working/zelres1/code/106TOWN.asm,3020,enter_savegame_dialog,proc,1,,,0,SUPPORTED,enter_savegame_dialog,name-pattern: enter/exit/entry: state transition,name-pattern
working/zelres1/code/106TOWN.asm,3116,prepare_save_name_screen,proc,1,,,0,SUPPORTED,prepare_save_name_screen,name-pattern: verb_noun proc: any substantive body content,name-pattern
working/zelres1/code/106TOWN.asm,3258,check_save_name_is_new,proc,1,,,0,SUPPORTED,check_save_name_is_new,name-pattern: verb_noun proc: any substantive body content,name-pattern
working/zelres1/code/106TOWN.asm,3276,clear_save_name_if_new,proc,1,,,0,SUPPORTED,clear_save_name_if_new,name-pattern: set/clear/reset/zero: writes register/memory,name-pattern
working/zelres1/code/106TOWN.asm,3294,draw_menu_items_column,proc,1,,,0,SUPPORTED,draw_menu_items_column,"name-pattern: render/blit/draw: writes/reads ES, gfx call/jmp, helper call, or ES macro",name-pattern
working/zelres1/code/106TOWN.asm,3325,player_copy_buf,proc,1,,D,0,SUPPORTED,player_copy_buf,name-pattern: player/stat ops: DS-relative read/write,name-pattern
working/zelres1/code/106TOWN.asm,3610,update_save_name_cursor,proc,1,,,0,SUPPORTED,update_save_name_cursor,name-pattern: process/update/advance: state-update operations,name-pattern
working/zelres1/code/106TOWN.asm,3661,redraw_save_name_at_cursor,proc,1,,,0,SUPPORTED,redraw_save_name_at_cursor,"name-pattern: render/blit/draw: writes/reads ES, gfx call/jmp, helper call, or ES macro",name-pattern
working/zelres1/code/107GTEGA.asm,105,run_gtega_main,proc,1,,,0,SUPPORTED,run_gtega_main,name-pattern: main entry: calls subroutines + returns/exits,name-pattern
working/zelres1/code/107GTEGA.asm,251,run_render_passes_gtega,proc,1,,,0,SUPPORTED,run_render_passes_gtega,"name-pattern: render/blit/draw: writes/reads ES, gfx call/jmp, helper call, or ES macro",name-pattern
working/zelres1/code/107GTEGA.asm,296,render_tile_if_marked_ega,proc,1,,,0,SUPPORTED,render_tile_if_marked_ega,name-pattern: verb_noun proc: any substantive body content,name-pattern
working/zelres1/code/107GTEGA.asm,303,render_tile_entry_ega,proc,1,,,0,SUPPORTED,render_tile_entry_ega,"name-pattern: render/blit/draw: writes/reads ES, gfx call/jmp, helper call, or ES macro",name-pattern
working/zelres1/code/107GTEGA.asm,433,mark_tile_FE_ega,proc,1,,,0,SUPPORTED,mark_tile_FE_ega,name-pattern: tile_*: tile data manipulation,name-pattern
working/zelres1/code/107GTEGA.asm,688,tile_col6_render,proc,1,,A,0,SUPPORTED,tile_col6_render,name-pattern: verb_noun proc: any substantive body content,name-pattern
working/zelres1/code/107GTEGA.asm,692,set_cx_6_ega,proc,1,,,0,SUPPORTED,set_cx_6_ega,name-pattern: set/clear/reset/zero: writes register/memory,name-pattern
working/zelres1/code/107GTEGA.asm,696,set_es_to_vga_ega,proc,1,,,0,SUPPORTED,set_es_to_vga_ega,name-pattern: set/clear/reset/zero: writes register/memory,name-pattern
working/zelres1/code/107GTEGA.asm,835,save_state_then_blit_ega,proc,1,,,0,SUPPORTED,save_state_then_blit_ega,name-pattern: load/save/read/write: at least one memory op or loader call,name-pattern
working/zelres1/code/107GTEGA.asm,903,load_tile_list_then_use_ega,proc,1,,,0,SUPPORTED,load_tile_list_then_use_ega,name-pattern: load/save/read/write: at least one memory op or loader call,name-pattern
working/zelres1/code/107GTEGA.asm,920,load_tile_list_ptr_ega,proc,1,,,0,SUPPORTED,load_tile_list_ptr_ega,name-pattern: load/save/read/write: at least one memory op or loader call,name-pattern
working/zelres1/code/107GTEGA.asm,924,match_tile_by_dx_ega,proc,1,,,0,SUPPORTED,match_tile_by_dx_ega,name-pattern: verb_noun proc: any substantive body content,name-pattern
working/zelres1/code/107GTEGA.asm,937,init_4E_loop_ega,proc,1,,,0,SUPPORTED,init_4E_loop_ega,name-pattern: init/setup: writes initial state,name-pattern
working/zelres1/code/107GTEGA.asm,972,compute_col_decrement_ega,proc,1,,,0,SUPPORTED,compute_col_decrement_ega,name-pattern: compute/calc: arithmetic or bitwise op,name-pattern
working/zelres1/code/107GTEGA.asm,994,decode_entity_slot_byte_ega,proc,1,,,0,SUPPORTED,decode_entity_slot_byte_ega,name-pattern: extract/decode/bit: bit/rotate/byte manipulation,name-pattern
working/zelres1/code/107GTEGA.asm,1018,render_2_col_iter_ega,proc,1,,,0,SUPPORTED,render_2_col_iter_ega,name-pattern: verb_noun proc: any substantive body content,name-pattern
working/zelres1/code/107GTEGA.asm,1073,render_3_tile_cols_ega,proc,1,,,0,SUPPORTED,render_3_tile_cols_ega,"name-pattern: render/blit/draw: writes/reads ES, gfx call/jmp, helper call, or ES macro",name-pattern
working/zelres1/code/107GTEGA.asm,1135,set_seq_map_mask_7_ega,proc,1,,,0,SUPPORTED,set_seq_map_mask_7_ega,name-pattern: set/clear/reset/zero: writes register/memory,name-pattern
working/zelres1/code/107GTEGA.asm,1549,init_text_render_buf_ega,proc,1,,,0,SUPPORTED,init_text_render_buf_ega,name-pattern: init/setup: writes initial state,name-pattern
working/zelres1/code/107GTEGA.asm,1575,compute_glyph_index_ega,proc,1,,,0,SUPPORTED,compute_glyph_index_ega,name-pattern: compute/calc: arithmetic or bitwise op,name-pattern
working/zelres1/code/107GTEGA.asm,1636,render_via_proc_loop2_ega,proc,1,,,0,SUPPORTED,render_via_proc_loop2_ega,name-pattern: verb_noun proc: any substantive body content,name-pattern
working/zelres1/code/107GTEGA.asm,1668,step_text_char_loop_ega,proc,1,,,0,SUPPORTED,step_text_char_loop_ega,name-pattern: process/update/advance: state-update operations,name-pattern
working/zelres1/code/107GTEGA.asm,1704,step_text_char_loop2_ega,proc,1,,,0,SUPPORTED,step_text_char_loop2_ega,name-pattern: process/update/advance: state-update operations,name-pattern
working/zelres1/code/107GTEGA.asm,1725,div_24bit_emit_digit_ega,proc,1,,,0,SUPPORTED,div_24bit_emit_digit_ega,name-pattern: verb_noun proc: any substantive body content,name-pattern
working/zelres1/code/107GTEGA.asm,1752,div_16bit_emit_digit_ega,proc,1,,,0,SUPPORTED,div_16bit_emit_digit_ega,name-pattern: modulo/div: divide or repeated subtract,name-pattern
working/zelres1/code/107GTEGA.asm,1777,div_16bit_emit_digit_alt_ega,proc,1,,,0,SUPPORTED,div_16bit_emit_digit_alt_ega,name-pattern: modulo/div: divide or repeated subtract,name-pattern
working/zelres1/code/108GTCGA.asm,116,run_gtcga_main,proc,1,,,0,SUPPORTED,run_gtcga_main,name-pattern: main entry: calls subroutines + returns/exits,name-pattern
working/zelres1/code/108GTCGA.asm,247,cga_check_blit_col,proc,1,,C,0,SUPPORTED,cga_check_blit_col,"name-pattern: render/blit/draw: writes/reads ES, gfx call/jmp, helper call, or ES macro",name-pattern
working/zelres1/code/108GTCGA.asm,289,draw_door_tile,proc,1,,A,0,SUPPORTED,draw_door_tile,name-pattern: verb_noun proc: any substantive body content,name-pattern
working/zelres1/code/108GTCGA.asm,296,draw_opaque_tile,proc,1,,C,0,SUPPORTED,draw_opaque_tile,"name-pattern: render/blit/draw: writes/reads ES, gfx call/jmp, helper call, or ES macro",name-pattern
working/zelres1/code/108GTCGA.asm,467,draw_masked_tile,proc,1,,C,0,SUPPORTED,draw_masked_tile,"name-pattern: render/blit/draw: writes/reads ES, gfx call/jmp, helper call, or ES macro",name-pattern
working/zelres1/code/108GTCGA.asm,592,load_6tiles_to_buf,proc,1,,A,0,SUPPORTED,load_6tiles_to_buf,name-pattern: load/save/read/write: at least one memory op or loader call,name-pattern
working/zelres1/code/108GTCGA.asm,596,load_tiles_to_buf,proc,1,,A,0,SUPPORTED,load_tiles_to_buf,name-pattern: load/save/read/write: at least one memory op or loader call,name-pattern
working/zelres1/code/108GTCGA.asm,711,draw_door_init,proc,1,,C,0,SUPPORTED,draw_door_init,"name-pattern: render/blit/draw: writes/reads ES, gfx call/jmp, helper call, or ES macro",name-pattern
working/zelres1/code/108GTCGA.asm,775,find_nonfd_entry,proc,1,,A,0,SUPPORTED,find_nonfd_entry,name-pattern: find/scan: scasb/cmp/loop,name-pattern
working/zelres1/code/108GTCGA.asm,792,scan_entity_tbl,proc,1,,A,0,SUPPORTED,scan_entity_tbl,name-pattern: entity/sprite: SI/DI ptr operations,name-pattern
working/zelres1/code/108GTCGA.asm,796,scan_entity_next,proc,1,,A,0,SUPPORTED,scan_entity_next,name-pattern: find/scan: scasb/cmp/loop,name-pattern
working/zelres1/code/108GTCGA.asm,809,blit_3rows_to_cga,proc,1,,C,0,SUPPORTED,blit_3rows_to_cga,"name-pattern: render/blit/draw: writes/reads ES, gfx call/jmp, helper call, or ES macro",name-pattern
working/zelres1/code/108GTCGA.asm,875,dispatch_via_tbl_a_cga,proc,1,,,0,SUPPORTED,dispatch_via_tbl_a_cga,name-pattern: dispatcher: indirect call/jmp or cmp-cascade discriminator,name-pattern
working/zelres1/code/108GTCGA.asm,897,calc_tile_cga_ofs,proc,1,,A,0,SUPPORTED,calc_tile_cga_ofs,name-pattern: compute/calc: arithmetic or bitwise op,name-pattern
working/zelres1/code/108GTCGA.asm,923,find_entity_at_row,proc,1,,A,0,SUPPORTED,find_entity_at_row,name-pattern: find/scan: scasb/cmp/loop,name-pattern
working/zelres1/code/108GTCGA.asm,964,load_tiles_3_from_b,proc,1,,C,0,SUPPORTED,load_tiles_3_from_b,name-pattern: load/save/read/write: at least one memory op or loader call,name-pattern
working/zelres1/code/108GTCGA.asm,1033,blend_tile_planes,proc,1,,C,0,SUPPORTED,blend_tile_planes,name-pattern: tile_*: tile data manipulation,name-pattern
working/zelres1/code/108GTCGA.asm,1364,render_string,proc,1,,A,0,SUPPORTED,render_string,"name-pattern: render/blit/draw: writes/reads ES, gfx call/jmp, helper call, or ES macro",name-pattern
working/zelres1/code/108GTCGA.asm,1390,render_char_glyph,proc,1,,C,0,SUPPORTED,render_char_glyph,"name-pattern: render/blit/draw: writes/reads ES, gfx call/jmp, helper call, or ES macro",name-pattern
working/zelres1/code/108GTCGA.asm,1460,render_char_set,proc,1,,C,0,SUPPORTED,render_char_set,"name-pattern: render/blit/draw: writes/reads ES, gfx call/jmp, helper call, or ES macro",name-pattern
working/zelres1/code/108GTCGA.asm,1492,render_char_row,proc,1,,C,0,SUPPORTED,render_char_row,"name-pattern: render/blit/draw: writes/reads ES, gfx call/jmp, helper call, or ES macro",name-pattern
working/zelres1/code/108GTCGA.asm,1537,init_status_buf,proc,1,,A,0,SUPPORTED,init_status_buf,name-pattern: init/setup: writes initial state,name-pattern
working/zelres1/code/108GTCGA.asm,1558,convert_time_bcd,proc,1,,C,0,SUPPORTED,convert_time_bcd,name-pattern: convert_*: data conversion,name-pattern
working/zelres1/code/108GTCGA.asm,1585,bcd_extract_sub,proc,1,,A,0,SUPPORTED,bcd_extract_sub,"name-pattern: BCD: AAA/AAS/AAM/AAD or arithmetic + mask, or call bcd helper",name-pattern
working/zelres1/code/108GTCGA.asm,1610,bcd_extract_div,proc,1,,A,0,SUPPORTED,bcd_extract_div,"name-pattern: BCD: AAA/AAS/AAM/AAD or arithmetic + mask, or call bcd helper",name-pattern
working/zelres1/code/108GTCGA.asm,1996,encode_bitplanes_cga,proc,1,,A,0,SUPPORTED,encode_bitplanes_cga,name-pattern: encode_*: bit operations + write,name-pattern
working/zelres1/code/108GTCGA.asm,2036,encode_mask_cga,proc,1,,A,0,SUPPORTED,encode_mask_cga,name-pattern: encode_*: bit operations + write,name-pattern
working/zelres1/code/109GTHGC.asm,107,run_gthgc_main,proc,1,,,0,SUPPORTED,run_gthgc_main,name-pattern: main entry: calls subroutines + returns/exits,name-pattern
working/zelres1/code/109GTHGC.asm,239,match_tile_by_dx_hgc,proc,1,,,0,SUPPORTED,match_tile_by_dx_hgc,name-pattern: tile_*: tile data manipulation,name-pattern
working/zelres1/code/109GTHGC.asm,281,render_tile_if_marked_hgc,proc,1,,,0,SUPPORTED,render_tile_if_marked_hgc,name-pattern: verb_noun proc: any substantive body content,name-pattern
working/zelres1/code/109GTHGC.asm,288,render_tile_entry_hgc,proc,1,,,0,SUPPORTED,render_tile_entry_hgc,"name-pattern: render/blit/draw: writes/reads ES, gfx call/jmp, helper call, or ES macro",name-pattern
working/zelres1/code/109GTHGC.asm,388,mark_tile_FE_hgc,proc,1,,,0,SUPPORTED,mark_tile_FE_hgc,name-pattern: tile_*: tile data manipulation,name-pattern
working/zelres1/code/109GTHGC.asm,524,set_cx_6_hgc,proc,1,,,0,SUPPORTED,set_cx_6_hgc,name-pattern: set/clear/reset/zero: writes register/memory,name-pattern
working/zelres1/code/109GTHGC.asm,528,save_cs_then_op_hgc,proc,1,,,0,SUPPORTED,save_cs_then_op_hgc,name-pattern: load/save/read/write: at least one memory op or loader call,name-pattern
working/zelres1/code/109GTHGC.asm,659,blit_sprite_alt_hgc,proc,1,,,0,SUPPORTED,blit_sprite_alt_hgc,"name-pattern: render/blit/draw: writes/reads ES, gfx call/jmp, helper call, or ES macro",name-pattern
working/zelres1/code/109GTHGC.asm,723,load_tile_list_then_use_hgc,proc,1,,,0,SUPPORTED,load_tile_list_then_use_hgc,name-pattern: load/save/read/write: at least one memory op or loader call,name-pattern
working/zelres1/code/109GTHGC.asm,740,load_tile_list_ptr_hgc,proc,1,,,0,SUPPORTED,load_tile_list_ptr_hgc,name-pattern: load/save/read/write: at least one memory op or loader call,name-pattern
working/zelres1/code/109GTHGC.asm,744,noop_helper_hgc,proc,1,,,0,SUPPORTED,noop_helper_hgc,name-pattern: verb_noun proc: any substantive body content,name-pattern
working/zelres1/code/109GTHGC.asm,757,init_status_row_24_hgc,proc,1,,,0,SUPPORTED,init_status_row_24_hgc,name-pattern: init/setup: writes initial state,name-pattern
working/zelres1/code/109GTHGC.asm,776,save_di_via_bp_hgc,proc,1,,,0,SUPPORTED,save_di_via_bp_hgc,name-pattern: load/save/read/write: at least one memory op or loader call,name-pattern
working/zelres1/code/109GTHGC.asm,803,decode_entity_slot_byte_hgc,proc,1,,,0,SUPPORTED,decode_entity_slot_byte_hgc,name-pattern: extract/decode/bit: bit/rotate/byte manipulation,name-pattern
working/zelres1/code/109GTHGC.asm,827,render_2_col_iter_hgc,proc,1,,,0,SUPPORTED,render_2_col_iter_hgc,name-pattern: verb_noun proc: any substantive body content,name-pattern
working/zelres1/code/109GTHGC.asm,881,render_via_multiply3_hgc,proc,1,,,0,SUPPORTED,render_via_multiply3_hgc,"name-pattern: render/blit/draw: writes/reads ES, gfx call/jmp, helper call, or ES macro",name-pattern
working/zelres1/code/109GTHGC.asm,952,save_ds_then_process_hgc,proc,1,,,0,SUPPORTED,save_ds_then_process_hgc,name-pattern: load/save/read/write: at least one memory op or loader call,name-pattern
working/zelres1/code/109GTHGC.asm,1020,copy_pixel_row_v1_hgc,proc,1,,,0,SUPPORTED,copy_pixel_row_v1_hgc,name-pattern: copy_*: rep movs or load/store sequence,name-pattern
working/zelres1/code/109GTHGC.asm,1035,copy_pixel_row_v2_hgc,proc,1,,,0,SUPPORTED,copy_pixel_row_v2_hgc,name-pattern: copy_*: rep movs or load/store sequence,name-pattern
working/zelres1/code/109GTHGC.asm,1075,copy_pixel_row_v3_hgc,proc,1,,,0,SUPPORTED,copy_pixel_row_v3_hgc,name-pattern: copy_*: rep movs or load/store sequence,name-pattern
working/zelres1/code/109GTHGC.asm,1124,copy_pixel_row_v4_hgc,proc,1,,,0,SUPPORTED,copy_pixel_row_v4_hgc,name-pattern: copy_*: rep movs or load/store sequence,name-pattern
working/zelres1/code/109GTHGC.asm,1139,copy_pixel_row_v5_hgc,proc,1,,,0,SUPPORTED,copy_pixel_row_v5_hgc,name-pattern: copy_*: rep movs or load/store sequence,name-pattern
working/zelres1/code/109GTHGC.asm,1177,copy_pixel_row_v6_hgc,proc,1,,,0,SUPPORTED,copy_pixel_row_v6_hgc,name-pattern: copy_*: rep movs or load/store sequence,name-pattern
working/zelres1/code/109GTHGC.asm,1342,init_text_render_buf_hgc,proc,1,,,0,SUPPORTED,init_text_render_buf_hgc,name-pattern: init/setup: writes initial state,name-pattern
working/zelres1/code/109GTHGC.asm,1368,compute_glyph_index_hgc,proc,1,,,0,SUPPORTED,compute_glyph_index_hgc,name-pattern: compute/calc: arithmetic or bitwise op,name-pattern
working/zelres1/code/109GTHGC.asm,1438,render_via_text_decimal_hgc,proc,1,,,0,SUPPORTED,render_via_text_decimal_hgc,"name-pattern: render/blit/draw: writes/reads ES, gfx call/jmp, helper call, or ES macro",name-pattern
working/zelres1/code/109GTHGC.asm,1470,step_render_alt_hgc,proc,1,,,0,SUPPORTED,step_render_alt_hgc,"name-pattern: render/blit/draw: writes/reads ES, gfx call/jmp, helper call, or ES macro",name-pattern
working/zelres1/code/109GTHGC.asm,1515,render_text_decimal_hgc,proc,1,,,0,SUPPORTED,render_text_decimal_hgc,name-pattern: verb_noun proc: any substantive body content,name-pattern
working/zelres1/code/109GTHGC.asm,1536,div_24bit_emit_digit_hgc,proc,1,,,0,SUPPORTED,div_24bit_emit_digit_hgc,name-pattern: verb_noun proc: any substantive body content,name-pattern
working/zelres1/code/109GTHGC.asm,1563,div_16bit_emit_digit_hgc,proc,1,,,0,SUPPORTED,div_16bit_emit_digit_hgc,name-pattern: modulo/div: divide or repeated subtract,name-pattern
working/zelres1/code/109GTHGC.asm,1588,div_16bit_emit_digit_alt_hgc,proc,1,,,0,SUPPORTED,div_16bit_emit_digit_alt_hgc,name-pattern: modulo/div: divide or repeated subtract,name-pattern
working/zelres1/code/109GTHGC.asm,1992,init_8_byte_loop_hgc,proc,1,,,0,SUPPORTED,init_8_byte_loop_hgc,name-pattern: init/setup: writes initial state,name-pattern
working/zelres1/code/109GTHGC.asm,2034,step_scan_alt_hgc,proc,1,,,0,SUPPORTED,step_scan_alt_hgc,name-pattern: process/update/advance: state-update operations,name-pattern
working/zelres1/code/109GTHGC.asm,2057,math_calc,proc,1,,A,0,SUPPORTED,math_calc,name-pattern: math/calc: arithmetic ops,name-pattern
working/zelres1/code/110GTTGA.asm,96,run_gttga_main,proc,1,,,0,SUPPORTED,run_gttga_main,name-pattern: main entry: calls subroutines + returns/exits,name-pattern
working/zelres1/code/110GTTGA.asm,234,match_tile_by_dx_tga,proc,1,,,0,SUPPORTED,match_tile_by_dx_tga,name-pattern: tile_*: tile data manipulation,name-pattern
working/zelres1/code/110GTTGA.asm,276,render_tile_if_marked_tga,proc,1,,,0,SUPPORTED,render_tile_if_marked_tga,"name-pattern: render/blit/draw: writes/reads ES, gfx call/jmp, helper call, or ES macro",name-pattern
working/zelres1/code/110GTTGA.asm,283,render_tile_entry_tga,proc,1,,,0,SUPPORTED,render_tile_entry_tga,"name-pattern: render/blit/draw: writes/reads ES, gfx call/jmp, helper call, or ES macro",name-pattern
working/zelres1/code/110GTTGA.asm,455,mark_tile_FE_tga,proc,1,,,0,SUPPORTED,mark_tile_FE_tga,name-pattern: tile_*: tile data manipulation,name-pattern
working/zelres1/code/110GTTGA.asm,615,set_cx_6_tga,proc,1,,,0,SUPPORTED,set_cx_6_tga,name-pattern: set/clear/reset/zero: writes register/memory,name-pattern
working/zelres1/code/110GTTGA.asm,619,save_cs_then_op_tga,proc,1,,,0,SUPPORTED,save_cs_then_op_tga,name-pattern: load/save/read/write: at least one memory op or loader call,name-pattern
working/zelres1/code/110GTTGA.asm,733,save_state_then_blit_tga,proc,1,,,0,SUPPORTED,save_state_then_blit_tga,name-pattern: load/save/read/write: at least one memory op or loader call,name-pattern
working/zelres1/code/110GTTGA.asm,797,load_tile_list_then_use_tga,proc,1,,,0,SUPPORTED,load_tile_list_then_use_tga,name-pattern: load/save/read/write: at least one memory op or loader call,name-pattern
working/zelres1/code/110GTTGA.asm,814,load_tile_list_ptr_tga,proc,1,,,0,SUPPORTED,load_tile_list_ptr_tga,name-pattern: load/save/read/write: at least one memory op or loader call,name-pattern
working/zelres1/code/110GTTGA.asm,818,noop_helper_tga,proc,1,,,0,SUPPORTED,noop_helper_tga,name-pattern: verb_noun proc: any substantive body content,name-pattern
working/zelres1/code/110GTTGA.asm,831,check_tile_state_tga,proc,1,,,0,SUPPORTED,check_tile_state_tga,name-pattern: check/test: cmp/test followed by branch,name-pattern
working/zelres1/code/110GTTGA.asm,911,save_di_via_bp_tga,proc,1,,,0,SUPPORTED,save_di_via_bp_tga,name-pattern: load/save/read/write: at least one memory op or loader call,name-pattern
working/zelres1/code/110GTTGA.asm,932,render_via_multiply3_tga,proc,1,,,0,SUPPORTED,render_via_multiply3_tga,name-pattern: verb_noun proc: any substantive body content,name-pattern
working/zelres1/code/110GTTGA.asm,956,init_status_row_alt_tga,proc,1,,,0,SUPPORTED,init_status_row_alt_tga,name-pattern: init/setup: writes initial state,name-pattern
working/zelres1/code/110GTTGA.asm,1009,render_via_multiply4_tga,proc,1,,,0,SUPPORTED,render_via_multiply4_tga,"name-pattern: render/blit/draw: writes/reads ES, gfx call/jmp, helper call, or ES macro",name-pattern
working/zelres1/code/110GTTGA.asm,1084,save_ds_then_process_tga,proc,1,,,0,SUPPORTED,save_ds_then_process_tga,name-pattern: load/save/read/write: at least one memory op or loader call,name-pattern
working/zelres1/code/110GTTGA.asm,1423,init_text_render_buf_tga,proc,1,,,0,SUPPORTED,init_text_render_buf_tga,name-pattern: init/setup: writes initial state,name-pattern
working/zelres1/code/110GTTGA.asm,1449,compute_glyph_index_tga,proc,1,,,0,SUPPORTED,compute_glyph_index_tga,name-pattern: compute/calc: arithmetic or bitwise op,name-pattern
working/zelres1/code/110GTTGA.asm,1500,init_2_iter_loop_tga,proc,1,,,0,SUPPORTED,init_2_iter_loop_tga,name-pattern: init/setup: writes initial state,name-pattern
working/zelres1/code/110GTTGA.asm,1540,render_via_text_decimal_tga,proc,1,,,0,SUPPORTED,render_via_text_decimal_tga,"name-pattern: render/blit/draw: writes/reads ES, gfx call/jmp, helper call, or ES macro",name-pattern
working/zelres1/code/110GTTGA.asm,1568,step_render_alt_tga,proc,1,,,0,SUPPORTED,step_render_alt_tga,"name-pattern: render/blit/draw: writes/reads ES, gfx call/jmp, helper call, or ES macro",name-pattern
working/zelres1/code/110GTTGA.asm,1600,render_text_decimal_tga,proc,1,,,0,SUPPORTED,render_text_decimal_tga,name-pattern: verb_noun proc: any substantive body content,name-pattern
working/zelres1/code/110GTTGA.asm,1624,div_24bit_emit_digit_tga,proc,1,,,0,SUPPORTED,div_24bit_emit_digit_tga,name-pattern: verb_noun proc: any substantive body content,name-pattern
working/zelres1/code/110GTTGA.asm,1651,div_16bit_emit_digit_tga,proc,1,,,0,SUPPORTED,div_16bit_emit_digit_tga,name-pattern: modulo/div: divide or repeated subtract,name-pattern
working/zelres1/code/110GTTGA.asm,1676,div_16bit_emit_digit_alt_tga,proc,1,,,0,SUPPORTED,div_16bit_emit_digit_alt_tga,name-pattern: modulo/div: divide or repeated subtract,name-pattern
working/zelres1/code/110GTTGA.asm,2107,init_4_byte_loop_tga,proc,1,,,0,SUPPORTED,init_4_byte_loop_tga,name-pattern: init/setup: writes initial state,name-pattern
working/zelres1/code/110GTTGA.asm,2150,step_scan_alt_tga,proc,1,,,0,SUPPORTED,step_scan_alt_tga,name-pattern: process/update/advance: state-update operations,name-pattern
working/zelres1/code/110GTTGA.asm,2173,extract_bits,proc,1,,A,0,SUPPORTED,extract_bits,name-pattern: extract/decode/bit: bit/rotate/byte manipulation,name-pattern
working/zelres1/code/110GTTGA.asm,2191,init_4_byte_loop_alt_tga,proc,1,,,0,SUPPORTED,init_4_byte_loop_alt_tga,name-pattern: init/setup: writes initial state,name-pattern
working/zelres1/code/111GTMCA.asm,115,run_gtmca_main,proc,1,,,0,SUPPORTED,run_gtmca_main,name-pattern: main entry: calls subroutines + returns/exits,name-pattern
working/zelres1/code/111GTMCA.asm,243,run_render_passes_gtmca,proc,1,,,0,SUPPORTED,run_render_passes_gtmca,"name-pattern: render/blit/draw: writes/reads ES, gfx call/jmp, helper call, or ES macro",name-pattern
working/zelres1/code/111GTMCA.asm,287,render_tile_if_marked_mca,proc,1,,,0,SUPPORTED,render_tile_if_marked_mca,name-pattern: verb_noun proc: any substantive body content,name-pattern
working/zelres1/code/111GTMCA.asm,294,render_tile_entry_mca,proc,1,,,0,SUPPORTED,render_tile_entry_mca,"name-pattern: render/blit/draw: writes/reads ES, gfx call/jmp, helper call, or ES macro",name-pattern
working/zelres1/code/111GTMCA.asm,397,mark_tile_FE_mca,proc,1,,,0,SUPPORTED,mark_tile_FE_mca,name-pattern: tile_*: tile data manipulation,name-pattern
working/zelres1/code/111GTMCA.asm,566,set_cx_alt_mca,proc,1,,,0,SUPPORTED,set_cx_alt_mca,name-pattern: set/clear/reset/zero: writes register/memory,name-pattern
working/zelres1/code/111GTMCA.asm,570,set_cx_6_mca,proc,1,,,0,SUPPORTED,set_cx_6_mca,name-pattern: set/clear/reset/zero: writes register/memory,name-pattern
working/zelres1/code/111GTMCA.asm,574,save_cs_then_op_mca,proc,1,,,0,SUPPORTED,save_cs_then_op_mca,name-pattern: load/save/read/write: at least one memory op or loader call,name-pattern
working/zelres1/code/111GTMCA.asm,708,save_state_then_blit_mca,proc,1,,,0,SUPPORTED,save_state_then_blit_mca,name-pattern: load/save/read/write: at least one memory op or loader call,name-pattern
working/zelres1/code/111GTMCA.asm,771,load_tile_list_then_use_mca,proc,1,,,0,SUPPORTED,load_tile_list_then_use_mca,name-pattern: load/save/read/write: at least one memory op or loader call,name-pattern
working/zelres1/code/111GTMCA.asm,788,load_tile_list_ptr_mca,proc,1,,,0,SUPPORTED,load_tile_list_ptr_mca,name-pattern: load/save/read/write: at least one memory op or loader call,name-pattern
working/zelres1/code/111GTMCA.asm,792,match_tile_by_dx_mca,proc,1,,,0,SUPPORTED,match_tile_by_dx_mca,name-pattern: verb_noun proc: any substantive body content,name-pattern
working/zelres1/code/111GTMCA.asm,805,init_4E_loop_mca,proc,1,,,0,SUPPORTED,init_4E_loop_mca,name-pattern: init/setup: writes initial state,name-pattern
working/zelres1/code/111GTMCA.asm,820,compute_col_decrement_mca,proc,1,,,0,SUPPORTED,compute_col_decrement_mca,name-pattern: compute/calc: arithmetic or bitwise op,name-pattern
working/zelres1/code/111GTMCA.asm,846,decode_entity_slot_byte_mca,proc,1,,,0,SUPPORTED,decode_entity_slot_byte_mca,name-pattern: extract/decode/bit: bit/rotate/byte manipulation,name-pattern
working/zelres1/code/111GTMCA.asm,870,render_2_col_iter_mca,proc,1,,,0,SUPPORTED,render_2_col_iter_mca,name-pattern: verb_noun proc: any substantive body content,name-pattern
working/zelres1/code/111GTMCA.asm,920,render_3_tile_cols_mca,proc,1,,,0,SUPPORTED,render_3_tile_cols_mca,"name-pattern: render/blit/draw: writes/reads ES, gfx call/jmp, helper call, or ES macro",name-pattern
working/zelres1/code/111GTMCA.asm,999,init_alt_setup_mca,proc,1,,,0,SUPPORTED,init_alt_setup_mca,name-pattern: init/setup: writes initial state,name-pattern
working/zelres1/code/111GTMCA.asm,1356,init_text_render_buf_mca,proc,1,,,0,SUPPORTED,init_text_render_buf_mca,name-pattern: init/setup: writes initial state,name-pattern
working/zelres1/code/111GTMCA.asm,1378,extract_bits,proc,1,,A,0,SUPPORTED,extract_bits,name-pattern: extract/decode/bit: bit/rotate/byte manipulation,name-pattern
working/zelres1/code/111GTMCA.asm,1438,render_via_proc_loop2_mca,proc,1,,,0,SUPPORTED,render_via_proc_loop2_mca,name-pattern: verb_noun proc: any substantive body content,name-pattern
working/zelres1/code/111GTMCA.asm,1466,step_text_char_loop_mca,proc,1,,,0,SUPPORTED,step_text_char_loop_mca,name-pattern: process/update/advance: state-update operations,name-pattern
working/zelres1/code/111GTMCA.asm,1502,step_text_char_loop2_mca,proc,1,,,0,SUPPORTED,step_text_char_loop2_mca,name-pattern: process/update/advance: state-update operations,name-pattern
working/zelres1/code/111GTMCA.asm,1523,div_24bit_emit_digit_mca,proc,1,,,0,SUPPORTED,div_24bit_emit_digit_mca,name-pattern: verb_noun proc: any substantive body content,name-pattern
working/zelres1/code/111GTMCA.asm,1550,div_16bit_emit_digit_mca,proc,1,,,0,SUPPORTED,div_16bit_emit_digit_mca,name-pattern: modulo/div: divide or repeated subtract,name-pattern
working/zelres1/code/111GTMCA.asm,1575,div_16bit_emit_digit_alt_mca,proc,1,,,0,SUPPORTED,div_16bit_emit_digit_alt_mca,name-pattern: modulo/div: divide or repeated subtract,name-pattern
working/zelres1/code/111GTMCA.asm,1957,step_text_char_loop3_mca,proc,1,,,0,SUPPORTED,step_text_char_loop3_mca,name-pattern: process/update/advance: state-update operations,name-pattern
working/zelres1/code/111GTMCA.asm,1982,pack_2plane_pixel_mca,proc,1,,,0,SUPPORTED,pack_2plane_pixel_mca,name-pattern: verb_noun proc: any substantive body content,name-pattern
working/zelres1/code/111GTMCA.asm,1993,simg_scan_loop,proc,1,,A,0,SUPPORTED,simg_scan_loop,"name-pattern: image control: video, macro, or setup",name-pattern
working/zelres2/code/200FIGHT.asm,631,run_fight_main_loop,proc,1,,,0,SUPPORTED,run_fight_main_loop,name-pattern: loop: backward branch or rep,name-pattern
working/zelres2/code/200FIGHT.asm,756,render_vga_pass_loop,proc,1,,,0,SUPPORTED,render_vga_pass_loop,"name-pattern: render/blit/draw: writes/reads ES, gfx call/jmp, helper call, or ES macro",name-pattern
working/zelres2/code/200FIGHT.asm,940,combat_input_dispatcher,proc,1,,,0,SUPPORTED,combat_input_dispatcher,name-pattern: dispatcher: indirect call/jmp or cmp-cascade discriminator,name-pattern
working/zelres2/code/200FIGHT.asm,1025,decide_scroll_direction,proc,1,,,0,SUPPORTED,decide_scroll_direction,name-pattern: scroll: rep movs or gfx call,name-pattern
working/zelres2/code/200FIGHT.asm,1063,process_combat_update_step,proc,1,,,0,SUPPORTED,process_combat_update_step,name-pattern: process/update/advance: state-update operations,name-pattern
working/zelres2/code/200FIGHT.asm,1144,combat_step_dispatch,proc,1,,C,0,SUPPORTED,combat_step_dispatch,name-pattern: dispatcher: indirect call/jmp or cmp-cascade discriminator,name-pattern
working/zelres2/code/200FIGHT.asm,1191,apply_pending_invul,proc,1,,,0,SUPPORTED,apply_pending_invul,name-pattern: apply_*: writes/calls to apply effect,name-pattern
working/zelres2/code/200FIGHT.asm,1284,try_combat_advance,proc,1,,,0,SUPPORTED,try_combat_advance,name-pattern: try_*: condition check + branch,name-pattern
working/zelres2/code/200FIGHT.asm,1337,scroll_up_and_advance_state,proc,1,,,0,SUPPORTED,scroll_up_and_advance_state,name-pattern: scroll: rep movs or gfx call,name-pattern
working/zelres2/code/200FIGHT.asm,1401,scan_obj_tiles_advancing,proc,1,,,0,SUPPORTED,scan_obj_tiles_advancing,name-pattern: find/scan: scasb/cmp/loop,name-pattern
working/zelres2/code/200FIGHT.asm,1545,check_area_7_boundary,proc,1,,,0,SUPPORTED,check_area_7_boundary,name-pattern: check/test: cmp/test followed by branch,name-pattern
working/zelres2/code/200FIGHT.asm,1610,toggle_c2_bit_pose,proc,1,,A,0,SUPPORTED,toggle_c2_bit_pose,name-pattern: toggle: xor/not/test bit ops,name-pattern
working/zelres2/code/200FIGHT.asm,1635,scan_obj_tiles_4ahead,proc,1,,,0,SUPPORTED,scan_obj_tiles_4ahead,name-pattern: find/scan: scasb/cmp/loop,name-pattern
working/zelres2/code/200FIGHT.asm,1771,is_non_area7_slot_b_entity,proc,1,,A,0,SUPPORTED,is_non_area7_slot_b_entity,name-pattern: check/test: cmp/test followed by branch,name-pattern
working/zelres2/code/200FIGHT.asm,1793,combat_step_advance,proc,1,,,0,SUPPORTED,combat_step_advance,name-pattern: advance: inc/add to advance state,name-pattern
working/zelres2/code/200FIGHT.asm,1938,combat_input_poll_step,proc,1,,,0,SUPPORTED,combat_input_poll_step,name-pattern: combat/fight: state ops + branches,name-pattern
working/zelres2/code/200FIGHT.asm,1994,try_advance_with_anim,proc,1,,,0,SUPPORTED,try_advance_with_anim,name-pattern: try_*: condition check + branch,name-pattern
working/zelres2/code/200FIGHT.asm,2043,scroll_pos_advance,proc,1,,,0,SUPPORTED,scroll_pos_advance,name-pattern: scroll: rep movs or gfx call,name-pattern
working/zelres2/code/200FIGHT.asm,2081,check_3tile_clearance,proc,1,,,0,SUPPORTED,check_3tile_clearance,name-pattern: check/test: cmp/test followed by branch,name-pattern
working/zelres2/code/200FIGHT.asm,2133,range_check_si_byte,proc,1,,,0,SUPPORTED,range_check_si_byte,name-pattern: verb_noun proc: any substantive body content,name-pattern
working/zelres2/code/200FIGHT.asm,2141,find_fire_slot_for_id,proc,1,,,0,SUPPORTED,find_fire_slot_for_id,name-pattern: find/scan: scasb/cmp/loop,name-pattern
working/zelres2/code/200FIGHT.asm,2181,process_map_seg_updates,proc,1,,C,0,SUPPORTED,process_map_seg_updates,name-pattern: process/update/advance: state-update operations,name-pattern
working/zelres2/code/200FIGHT.asm,2222,init_scroll_system,proc,1,,,0,SUPPORTED,init_scroll_system,name-pattern: scroll: rep movs or gfx call,name-pattern
working/zelres2/code/200FIGHT.asm,2244,init_arena_visuals,proc,1,,,0,SUPPORTED,init_arena_visuals,name-pattern: init/setup: writes initial state,name-pattern
working/zelres2/code/200FIGHT.asm,2274,rebuild_scroll_buf,proc,1,,,0,SUPPORTED,rebuild_scroll_buf,name-pattern: scroll: rep movs or gfx call,name-pattern
working/zelres2/code/200FIGHT.asm,2326,scroll_byte_dispatch_a,proc,1,,,0,SUPPORTED,scroll_byte_dispatch_a,name-pattern: verb_noun proc: any substantive body content,name-pattern
working/zelres2/code/200FIGHT.asm,2348,scroll_byte_dispatch_b,proc,1,,,0,SUPPORTED,scroll_byte_dispatch_b,name-pattern: verb_noun proc: any substantive body content,name-pattern
working/zelres2/code/200FIGHT.asm,2405,fill_scroll_column,proc,1,,,0,SUPPORTED,fill_scroll_column,name-pattern: scroll: rep movs or gfx call,name-pattern
working/zelres2/code/200FIGHT.asm,2424,scroll_buf_offset,proc,1,,,0,SUPPORTED,scroll_buf_offset,name-pattern: verb_noun proc: any substantive body content,name-pattern
working/zelres2/code/200FIGHT.asm,2439,scroll_si_wrap_high,proc,1,,,0,SUPPORTED,scroll_si_wrap_high,name-pattern: verb_noun proc: any substantive body content,name-pattern
working/zelres2/code/200FIGHT.asm,2452,scroll_si_wrap_low,proc,1,,,0,SUPPORTED,scroll_si_wrap_low,name-pattern: verb_noun proc: any substantive body content,name-pattern
working/zelres2/code/200FIGHT.asm,2463,gate_area4_no_accessory4,proc,1,,,0,SUPPORTED,gate_area4_no_accessory4,name-pattern: verb_noun proc: any substantive body content,name-pattern
working/zelres2/code/200FIGHT.asm,2481,scroll_si_from_player,proc,1,,,0,SUPPORTED,scroll_si_from_player,name-pattern: player/stat ops: DS-relative read/write,name-pattern
working/zelres2/code/200FIGHT.asm,2495,get_object_state_at_si,proc,1,,,0,SUPPORTED,get_object_state_at_si,name-pattern: get/fetch/read: memory load,name-pattern
working/zelres2/code/200FIGHT.asm,2514,entity_type_quick_check,proc,1,,,0,SUPPORTED,entity_type_quick_check,name-pattern: validate/verify/check: cmp + branch/return,name-pattern
working/zelres2/code/200FIGHT.asm,2522,is_entity_known_type_alt,proc,1,,C,0,SUPPORTED,is_entity_known_type_alt,name-pattern: check/test: cmp/test followed by branch,name-pattern
working/zelres2/code/200FIGHT.asm,2557,is_entity_id_lax,proc,1,,A,0,SUPPORTED,is_entity_id_lax,name-pattern: check/test: cmp/test followed by branch,name-pattern
working/zelres2/code/200FIGHT.asm,2617,combat_input_handler,proc,1,,,0,SUPPORTED,combat_input_handler,name-pattern: handler/isr: must end with return (sanity),name-pattern
working/zelres2/code/200FIGHT.asm,2736,select_player_sprite_frame,proc,1,,,0,SUPPORTED,select_player_sprite_frame,name-pattern: lookup/select: table lookup or compare,name-pattern
working/zelres2/code/200FIGHT.asm,2811,update_combat_frame_state,proc,1,,,0,SUPPORTED,update_combat_frame_state,name-pattern: process/update/advance: state-update operations,name-pattern
working/zelres2/code/200FIGHT.asm,2908,save_combat_action_state,proc,1,,,0,SUPPORTED,save_combat_action_state,name-pattern: load/save/read/write: at least one memory op or loader call,name-pattern
working/zelres2/code/200FIGHT.asm,3059,fill_hud_enemy_area,proc,1,,,0,SUPPORTED,fill_hud_enemy_area,name-pattern: boss/enemy: state read/write/branch,name-pattern
working/zelres2/code/200FIGHT.asm,3150,swap_world_state_buffers,proc,1,,,0,SUPPORTED,swap_world_state_buffers,name-pattern: swap/xchg: xchg or mov-pair,name-pattern
working/zelres2/code/200FIGHT.asm,3238,fill_hud_buf_with_FD,proc,1,,,0,SUPPORTED,fill_hud_buf_with_FD,name-pattern: fill_*: rep stos or memory write,name-pattern
working/zelres2/code/200FIGHT.asm,3251,find_atk_slot_for_id,proc,1,,,0,SUPPORTED,find_atk_slot_for_id,name-pattern: find/scan: scasb/cmp/loop,name-pattern
working/zelres2/code/200FIGHT.asm,3278,init_combat_arena,proc,1,,A,0,SUPPORTED,init_combat_arena,name-pattern: combat/fight: state ops + branches,name-pattern
working/zelres2/code/200FIGHT.asm,3302,draw_combat_hud_layout,proc,1,,,0,SUPPORTED,draw_combat_hud_layout,"name-pattern: render/blit/draw: writes/reads ES, gfx call/jmp, helper call, or ES macro",name-pattern
working/zelres2/code/200FIGHT.asm,3361,mark_player_pos_on_hud,proc,1,,,0,SUPPORTED,mark_player_pos_on_hud,name-pattern: mark: writes a flag/state byte,name-pattern
working/zelres2/code/200FIGHT.asm,3386,scan_outer_slot_match,proc,1,,,0,SUPPORTED,scan_outer_slot_match,name-pattern: find/scan: scasb/cmp/loop,name-pattern
working/zelres2/code/200FIGHT.asm,3557,apply_passive_damage,proc,1,,,0,SUPPORTED,apply_passive_damage,name-pattern: apply_*: writes/calls to apply effect,name-pattern
working/zelres2/code/200FIGHT.asm,3570,apply_combat_damage_with_absorb,proc,1,,,0,SUPPORTED,apply_combat_damage_with_absorb,name-pattern: apply_*: writes/calls to apply effect,name-pattern
working/zelres2/code/200FIGHT.asm,3611,clear_secondary_pool_and_redraw,proc,1,,,0,SUPPORTED,clear_secondary_pool_and_redraw,name-pattern: set/clear/reset/zero: writes register/memory,name-pattern
working/zelres2/code/200FIGHT.asm,3645,accumulate_tile_type,proc,1,,C,0,SUPPORTED,accumulate_tile_type,name-pattern: tile_*: tile data manipulation,name-pattern
working/zelres2/code/200FIGHT.asm,3676,subtract_from_player_HP,proc,1,,,0,SUPPORTED,subtract_from_player_HP,name-pattern: verb_noun proc: any substantive body content,name-pattern
working/zelres2/code/200FIGHT.asm,3691,tick_right_col_entities,proc,1,,,0,SUPPORTED,tick_right_col_entities,name-pattern: process/update/advance: state-update operations,name-pattern
working/zelres2/code/200FIGHT.asm,3715,tail_dispatch_by_slot_family,proc,1,,A,0,SUPPORTED,tail_dispatch_by_slot_family,name-pattern: verb_noun proc: any substantive body content,name-pattern
working/zelres2/code/200FIGHT.asm,3759,lookup_move_slot_family,proc,1,,C,0,SUPPORTED,lookup_move_slot_family,name-pattern: lookup/select: table lookup or compare,name-pattern
working/zelres2/code/200FIGHT.asm,3824,compute_target_dist,proc,1,,,0,SUPPORTED,compute_target_dist,name-pattern: compute/calc: arithmetic or bitwise op,name-pattern
working/zelres2/code/200FIGHT.asm,3903,enter_level_via_ref_a,proc,1,,A,0,SUPPORTED,enter_level_via_ref_a,name-pattern: enter/exit/entry: state transition,name-pattern
working/zelres2/code/200FIGHT.asm,3909,render_entity_list_to_hud,proc,1,,,0,SUPPORTED,render_entity_list_to_hud,name-pattern: entity/sprite: SI/DI ptr operations,name-pattern
working/zelres2/code/200FIGHT.asm,3998,copy_si_to_di_if_unmarked,proc,1,,,0,SUPPORTED,copy_si_to_di_if_unmarked,name-pattern: _to_: A-to-B conversion,name-pattern
working/zelres2/code/200FIGHT.asm,4010,convert_convert_world_x_to_screen_x_w27,proc,1,,,0,SUPPORTED,convert_convert_world_x_to_screen_x_w27,name-pattern: world_*: world-state read/write,name-pattern
working/zelres2/code/200FIGHT.asm,4130,check_3tile_J_pattern,proc,1,,,0,SUPPORTED,check_3tile_J_pattern,name-pattern: check/test: cmp/test followed by branch,name-pattern
working/zelres2/code/200FIGHT.asm,4458,compute_scroll_pos,proc,1,,A,0,SUPPORTED,compute_scroll_pos,name-pattern: compute/calc: arithmetic or bitwise op,name-pattern
working/zelres2/code/200FIGHT.asm,4476,compute_scroll_offset_b,proc,1,,C,0,SUPPORTED,compute_scroll_offset_b,name-pattern: compute/calc: arithmetic or bitwise op,name-pattern
working/zelres2/code/200FIGHT.asm,4505,decrement_speed_or_power,proc,1,,C,0,SUPPORTED,decrement_speed_or_power,name-pattern: increment/decrement: inc/dec/add/sub op present,name-pattern
working/zelres2/code/200FIGHT.asm,4540,reset_combat_state,proc,1,,C,0,SUPPORTED,reset_combat_state,name-pattern: set/clear/reset/zero: writes register/memory,name-pattern
working/zelres2/code/200FIGHT.asm,4587,refresh_scene_assets,proc,1,,,0,SUPPORTED,refresh_scene_assets,name-pattern: verb_noun proc: any substantive body content,name-pattern
working/zelres2/code/200FIGHT.asm,4650,wait_anim_cycle,proc,1,,,0,SUPPORTED,wait_anim_cycle,name-pattern: verb_noun proc: any substantive body content,name-pattern
working/zelres2/code/200FIGHT.asm,4670,scan_top_map_objects,proc,1,,,0,SUPPORTED,scan_top_map_objects,name-pattern: find/scan: scasb/cmp/loop,name-pattern
working/zelres2/code/200FIGHT.asm,4700,try_top_scroll_direction,proc,1,,,0,SUPPORTED,try_top_scroll_direction,name-pattern: try_*: condition check + branch,name-pattern
working/zelres2/code/200FIGHT.asm,4799,try_top_combat_step,proc,1,,,0,SUPPORTED,try_top_combat_step,name-pattern: try_*: condition check + branch,name-pattern
working/zelres2/code/200FIGHT.asm,4893,find_and_blit_map_entry,proc,1,,C,0,SUPPORTED,find_and_blit_map_entry,name-pattern: find/scan: scasb/cmp/loop,name-pattern
working/zelres2/code/200FIGHT.asm,4931,match_dl_within_3,proc,1,,A,0,SUPPORTED,match_dl_within_3,name-pattern: verb_noun proc: any substantive body content,name-pattern
working/zelres2/code/200FIGHT.asm,4952,scan_bot_map_objects,proc,1,,,0,SUPPORTED,scan_bot_map_objects,name-pattern: find/scan: scasb/cmp/loop,name-pattern
working/zelres2/code/200FIGHT.asm,4982,bot_path_check,proc,1,,A,0,SUPPORTED,bot_path_check,name-pattern: verb_noun proc: any substantive body content,name-pattern
working/zelres2/code/200FIGHT.asm,5001,scan_extra_map_objects,proc,1,,,0,SUPPORTED,scan_extra_map_objects,name-pattern: find/scan: scasb/cmp/loop,name-pattern
working/zelres2/code/200FIGHT.asm,5166,check_entity_collision_pos,proc,1,,,0,SUPPORTED,check_entity_collision_pos,name-pattern: check/test: cmp/test followed by branch,name-pattern
working/zelres2/code/200FIGHT.asm,5212,convert_world_x_to_inner_screen_x,proc,1,,,0,SUPPORTED,convert_world_x_to_inner_screen_x,name-pattern: world_*: world-state read/write,name-pattern
working/zelres2/code/200FIGHT.asm,5271,entity_slot_write_tagged,proc,1,,A,0,SUPPORTED,entity_slot_write_tagged,name-pattern: entity/sprite: SI/DI ptr operations,name-pattern
working/zelres2/code/200FIGHT.asm,5286,scan_enemy_data_buf,proc,1,,,0,SUPPORTED,scan_enemy_data_buf,name-pattern: find/scan: scasb/cmp/loop,name-pattern
working/zelres2/code/200FIGHT.asm,5347,process_dirty_enemies,proc,1,,A,0,SUPPORTED,process_dirty_enemies,name-pattern: process/update/advance: state-update operations,name-pattern
working/zelres2/code/200FIGHT.asm,5365,prep_dirty_blit,proc,1,,A,0,SUPPORTED,prep_dirty_blit,"name-pattern: render/blit/draw: writes/reads ES, gfx call/jmp, helper call, or ES macro",name-pattern
working/zelres2/code/200FIGHT.asm,5378,enemy_sprite_blit,proc,1,,A,0,SUPPORTED,enemy_sprite_blit,"name-pattern: render/blit/draw: writes/reads ES, gfx call/jmp, helper call, or ES macro",name-pattern
working/zelres2/code/200FIGHT.asm,5443,process_sprite_step,proc,1,,,0,SUPPORTED,process_sprite_step,name-pattern: process/update/advance: state-update operations,name-pattern
working/zelres2/code/200FIGHT.asm,5575,entity_fn_dispatch_b,proc,1,,A,0,SUPPORTED,entity_fn_dispatch_b,name-pattern: entity/sprite: SI/DI ptr operations,name-pattern
working/zelres2/code/200FIGHT.asm,5619,entity_step_dispatch_c,proc,1,,A,0,SUPPORTED,entity_step_dispatch_c,name-pattern: entity/sprite: SI/DI ptr operations,name-pattern
working/zelres2/code/200FIGHT.asm,5664,update_entity_dir_from_path,proc,1,,A,0,SUPPORTED,update_entity_dir_from_path,name-pattern: process/update/advance: state-update operations,name-pattern
working/zelres2/code/200FIGHT.asm,5711,tick_decrement_enemy_counters,proc,1,,A,0,SUPPORTED,tick_decrement_enemy_counters,name-pattern: process/update/advance: state-update operations,name-pattern
working/zelres2/code/200FIGHT.asm,5731,tick_increment_enemy_counters,proc,1,,A,0,SUPPORTED,tick_increment_enemy_counters,name-pattern: process/update/advance: state-update operations,name-pattern
working/zelres2/code/200FIGHT.asm,5751,calc_hud_buf_offset,proc,1,,,0,SUPPORTED,calc_hud_buf_offset,name-pattern: compute/calc: arithmetic or bitwise op,name-pattern
working/zelres2/code/200FIGHT.asm,5765,process_active_sprites,proc,1,,C,0,SUPPORTED,process_active_sprites,name-pattern: process/update/advance: state-update operations,name-pattern
working/zelres2/code/200FIGHT.asm,5817,prep_boss_dirty_blit,proc,1,,A,0,SUPPORTED,prep_boss_dirty_blit,"name-pattern: render/blit/draw: writes/reads ES, gfx call/jmp, helper call, or ES macro",name-pattern
working/zelres2/code/200FIGHT.asm,5831,update_sprite_work_buf,proc,1,,,0,SUPPORTED,update_sprite_work_buf,name-pattern: process/update/advance: state-update operations,name-pattern
working/zelres2/code/200FIGHT.asm,5867,place_3_tile_49_pattern,proc,1,,,0,SUPPORTED,place_3_tile_49_pattern,name-pattern: tile_*: tile data manipulation,name-pattern
working/zelres2/code/200FIGHT.asm,5887,try_place_tile_id_49,proc,1,,C,0,SUPPORTED,try_place_tile_id_49,name-pattern: try_*: condition check + branch,name-pattern
working/zelres2/code/200FIGHT.asm,6132,scan_boss_entries_render,proc,1,,,0,SUPPORTED,scan_boss_entries_render,name-pattern: find/scan: scasb/cmp/loop,name-pattern
working/zelres2/code/200FIGHT.asm,6251,render_boss_dirty_blits,proc,1,,,0,SUPPORTED,render_boss_dirty_blits,"name-pattern: render/blit/draw: writes/reads ES, gfx call/jmp, helper call, or ES macro",name-pattern
working/zelres2/code/200FIGHT.asm,6307,gate_spell_fx_active,proc,1,,A,0,SUPPORTED,gate_spell_fx_active,name-pattern: verb_noun proc: any substantive body content,name-pattern
working/zelres2/code/200FIGHT.asm,6451,cycle_dir_and_advance,proc,1,,C,0,SUPPORTED,cycle_dir_and_advance,name-pattern: advance: inc/add to advance state,name-pattern
working/zelres2/code/200FIGHT.asm,6486,draw_entity_3x3_at_pos,proc,1,,,0,SUPPORTED,draw_entity_3x3_at_pos,"name-pattern: render/blit/draw: writes/reads ES, gfx call/jmp, helper call, or ES macro",name-pattern
working/zelres2/code/200FIGHT.asm,6544,try_paint_obj_cell,proc,1,,A,0,SUPPORTED,try_paint_obj_cell,name-pattern: try_*: condition check + branch,name-pattern
working/zelres2/code/200FIGHT.asm,6581,scan_obj_list_render,proc,1,,,0,SUPPORTED,scan_obj_list_render,name-pattern: find/scan: scasb/cmp/loop,name-pattern
working/zelres2/code/200FIGHT.asm,6647,update_obj_slot_flags,proc,1,,,0,SUPPORTED,update_obj_slot_flags,name-pattern: process/update/advance: state-update operations,name-pattern
working/zelres2/code/200FIGHT.asm,6932,gfx_fn_enemy_scroll,data,1,,,0,SUPPORTED,gfx_fn_enemy_scroll,data-pattern: function pointer/compound: dw or composite db,data-pattern
working/zelres2/code/200FIGHT.asm,6933,gfx_fn_combat_fx,data,1,,,0,SUPPORTED,gfx_fn_combat_fx,data-pattern: function pointer/compound: dw or composite db,data-pattern
working/zelres2/code/200FIGHT.asm,6934,gfx_fn_render_tile,data,1,,,0,SUPPORTED,gfx_fn_render_tile,data-pattern: function pointer/compound: dw or composite db,data-pattern
working/zelres2/code/200FIGHT.asm,6935,gfx_fn_render_col,data,1,,,0,SUPPORTED,gfx_fn_render_col,data-pattern: function pointer/compound: dw or composite db,data-pattern
working/zelres2/code/200FIGHT.asm,6936,gfx_fn_hud_draw,data,1,,,0,SUPPORTED,gfx_fn_hud_draw,data-pattern: function pointer/compound: dw or composite db,data-pattern
working/zelres2/code/200FIGHT.asm,6937,gfx_fn_77,data,1,,,0,SUPPORTED,gfx_fn_77,data-pattern: function pointer/compound: dw or composite db,data-pattern
working/zelres2/code/200FIGHT.asm,6939,gfx_fn_78,data,1,,,0,SUPPORTED,gfx_fn_78,data-pattern: function pointer/compound: dw or composite db,data-pattern
working/zelres2/code/200FIGHT.asm,6940,gfx_fn_player_scroll,data,1,,,0,SUPPORTED,gfx_fn_player_scroll,data-pattern: function pointer/compound: dw or composite db,data-pattern
working/zelres2/code/200FIGHT.asm,6941,gfx_fn_init,data,1,,,0,SUPPORTED,gfx_fn_init,data-pattern: function pointer/compound: dw or composite db,data-pattern
working/zelres2/code/200FIGHT.asm,6942,gfx_fn_map_load,data,1,,,0,SUPPORTED,gfx_fn_map_load,data-pattern: function pointer/compound: dw or composite db,data-pattern
working/zelres2/code/200FIGHT.asm,6943,gfx_fn_render_bg,data,1,,,0,SUPPORTED,gfx_fn_render_bg,data-pattern: function pointer/compound: dw or composite db,data-pattern
working/zelres2/code/200FIGHT.asm,6944,gfx_fn_83,data,1,,,0,SUPPORTED,gfx_fn_83,data-pattern: function pointer/compound: dw or composite db,data-pattern
working/zelres2/code/200FIGHT.asm,6945,gfx_fn_palette,data,1,,,0,SUPPORTED,gfx_fn_palette,data-pattern: function pointer/compound: dw or composite db,data-pattern
working/zelres2/code/200FIGHT.asm,6946,gfx_fn_clear,data,1,,,0,SUPPORTED,gfx_fn_clear,data-pattern: function pointer/compound: dw or composite db,data-pattern
working/zelres2/code/200FIGHT.asm,6947,gfx_fn_blit,data,1,,,0,SUPPORTED,gfx_fn_blit,data-pattern: function pointer/compound: dw or composite db,data-pattern
working/zelres2/code/200FIGHT.asm,6948,gfx_fn_map_ref,data,1,,,0,SUPPORTED,gfx_fn_map_ref,data-pattern: function pointer/compound: dw or composite db,data-pattern
working/zelres2/code/200FIGHT.asm,6952,gfx_fn_memcpy,data,1,,,0,SUPPORTED,gfx_fn_memcpy,data-pattern: function pointer/compound: dw or composite db,data-pattern
working/zelres2/code/200FIGHT.asm,6953,gfx_fn_map_scroll,data,1,,,0,SUPPORTED,gfx_fn_map_scroll,data-pattern: function pointer/compound: dw or composite db,data-pattern
working/zelres2/code/200FIGHT.asm,7146,hero_almas_add,proc,1,,A,0,SUPPORTED,hero_almas_add,name-pattern: player/stat ops: DS-relative read/write,name-pattern
working/zelres2/code/200FIGHT.asm,7159,check_entity_in_view,proc,1,,,0,SUPPORTED,check_entity_in_view,name-pattern: check/test: cmp/test followed by branch,name-pattern
working/zelres2/code/200FIGHT.asm,7216,entity_move_east,proc,1,,C,0,SUPPORTED,entity_move_east,name-pattern: entity/sprite: SI/DI ptr operations,name-pattern
working/zelres2/code/200FIGHT.asm,7250,entity_move_north,proc,1,,C,0,SUPPORTED,entity_move_north,name-pattern: entity/sprite: SI/DI ptr operations,name-pattern
working/zelres2/code/200FIGHT.asm,7290,entity_move_west,proc,1,,C,0,SUPPORTED,entity_move_west,name-pattern: entity/sprite: SI/DI ptr operations,name-pattern
working/zelres2/code/200FIGHT.asm,7322,entity_move_south,proc,1,,C,0,SUPPORTED,entity_move_south,name-pattern: entity/sprite: SI/DI ptr operations,name-pattern
working/zelres2/code/200FIGHT.asm,7361,inc_map_pos_helper,proc,1,,A,0,SUPPORTED,inc_map_pos_helper,name-pattern: increment/decrement: inc/dec/add/sub op present,name-pattern
working/zelres2/code/200FIGHT.asm,7379,dec_map_pos_helper,proc,1,,A,0,SUPPORTED,dec_map_pos_helper,name-pattern: increment/decrement: inc/dec/add/sub op present,name-pattern
working/zelres2/code/200FIGHT.asm,7406,check_above_3rows_clear,proc,1,,,0,SUPPORTED,check_above_3rows_clear,name-pattern: set/clear/reset/zero: writes register/memory,name-pattern
working/zelres2/code/200FIGHT.asm,7436,is_unknown_or_area5_slot_b,proc,1,,A,0,SUPPORTED,is_unknown_or_area5_slot_b,name-pattern: check/test: cmp/test followed by branch,name-pattern
working/zelres2/code/200FIGHT.asm,7464,check_below_3rows_clear,proc,1,,,0,SUPPORTED,check_below_3rows_clear,name-pattern: set/clear/reset/zero: writes register/memory,name-pattern
working/zelres2/code/200FIGHT.asm,7494,is_unknown_or_area5_slot_c,proc,1,,C,0,SUPPORTED,is_unknown_or_area5_slot_c,name-pattern: check/test: cmp/test followed by branch,name-pattern
working/zelres2/code/200FIGHT.asm,7523,check_north_movement,proc,1,,C,0,SUPPORTED,check_north_movement,name-pattern: verb_noun proc: any substantive body content,name-pattern
working/zelres2/code/200FIGHT.asm,7556,check_south_movement,proc,1,,C,0,SUPPORTED,check_south_movement,name-pattern: verb_noun proc: any substantive body content,name-pattern
working/zelres2/code/200FIGHT.asm,7581,check_tiles_upper_right_quad,proc,1,,,0,SUPPORTED,check_tiles_upper_right_quad,name-pattern: check/test: cmp/test followed by branch,name-pattern
working/zelres2/code/200FIGHT.asm,7625,check_tiles_lower_right_quad,proc,1,,,0,SUPPORTED,check_tiles_lower_right_quad,name-pattern: check/test: cmp/test followed by branch,name-pattern
working/zelres2/code/200FIGHT.asm,7663,check_tiles_upper_left_quad,proc,1,,,0,SUPPORTED,check_tiles_upper_left_quad,name-pattern: verb_noun proc: any substantive body content,name-pattern
working/zelres2/code/200FIGHT.asm,7755,is_entity_known_type,proc,1,,A,0,SUPPORTED,is_entity_known_type,name-pattern: check/test: cmp/test followed by branch,name-pattern
working/zelres2/code/200FIGHT.asm,7779,check_entity_slot_validity,proc,1,,,0,SUPPORTED,check_entity_slot_validity,name-pattern: check/test: cmp/test followed by branch,name-pattern
working/zelres2/code/200FIGHT.asm,7941,reset_enemy_data_ext_and_objs,proc,1,,,0,SUPPORTED,reset_enemy_data_ext_and_objs,name-pattern: set/clear/reset/zero: writes register/memory,name-pattern
working/zelres2/code/200FIGHT.asm,8039,item_effect_val_add,proc,1,,A,0,SUPPORTED,item_effect_val_add,name-pattern: verb_noun proc: any substantive body content,name-pattern
working/zelres2/code/200FIGHT.asm,8207,compute_action_anim_idx,proc,1,,,0,SUPPORTED,compute_action_anim_idx,name-pattern: compute/calc: arithmetic or bitwise op,name-pattern
working/zelres2/code/200FIGHT.asm,8405,next_level_start,label word,1,,,0,SUPPORTED,next_level_start,data-pattern: code/flow label: label/colon/db/dw,data-pattern
working/zelres2/code/201SELCT.asm,149,run_selct_main,proc,1,,,0,SUPPORTED,run_selct_main,name-pattern: main entry: calls subroutines + returns/exits,name-pattern
working/zelres2/code/201SELCT.asm,312,draw_weapon_cursor,proc,1,,D,0,SUPPORTED,draw_weapon_cursor,"name-pattern: render/blit/draw: writes/reads ES, gfx call/jmp, helper call, or ES macro",name-pattern
working/zelres2/code/201SELCT.asm,344,show_weapon_portrait,proc,1,,A,0,SUPPORTED,show_weapon_portrait,name-pattern: show_*: display dispatch,name-pattern
working/zelres2/code/201SELCT.asm,425,draw_magic_cursor,proc,1,,D,0,SUPPORTED,draw_magic_cursor,"name-pattern: render/blit/draw: writes/reads ES, gfx call/jmp, helper call, or ES macro",name-pattern
working/zelres2/code/201SELCT.asm,457,show_magic_portrait,proc,1,,A,0,SUPPORTED,show_magic_portrait,name-pattern: show_*: display dispatch,name-pattern
working/zelres2/code/201SELCT.asm,564,draw_item_cursor,proc,1,,D,0,SUPPORTED,draw_item_cursor,"name-pattern: render/blit/draw: writes/reads ES, gfx call/jmp, helper call, or ES macro",name-pattern
working/zelres2/code/201SELCT.asm,596,show_item_portrait,proc,1,,A,0,SUPPORTED,show_item_portrait,name-pattern: show_*: display dispatch,name-pattern
working/zelres2/code/201SELCT.asm,836,init_item_panel,proc,1,,A,0,SUPPORTED,init_item_panel,name-pattern: init/setup: writes initial state,name-pattern
working/zelres2/code/201SELCT.asm,854,draw_item_detail,proc,1,,A,0,SUPPORTED,draw_item_detail,"name-pattern: render/blit/draw: writes/reads ES, gfx call/jmp, helper call, or ES macro",name-pattern
working/zelres2/code/201SELCT.asm,882,show_portrait_box,proc,1,,A,0,SUPPORTED,show_portrait_box,name-pattern: show_*: display dispatch,name-pattern
working/zelres2/code/201SELCT.asm,896,hide_portrait_box,proc,1,,A,0,SUPPORTED,hide_portrait_box,name-pattern: verb_noun proc: any substantive body content,name-pattern
working/zelres2/code/201SELCT.asm,910,rebuild_item_idx,proc,1,,C,0,SUPPORTED,rebuild_item_idx,name-pattern: verb_noun proc: any substantive body content,name-pattern
working/zelres2/code/201SELCT.asm,940,draw_item_panel,proc,1,,D,0,SUPPORTED,draw_item_panel,"name-pattern: render/blit/draw: writes/reads ES, gfx call/jmp, helper call, or ES macro",name-pattern
working/zelres2/code/201SELCT.asm,992,draw_magic_panel,proc,1,,D,0,SUPPORTED,draw_magic_panel,"name-pattern: render/blit/draw: writes/reads ES, gfx call/jmp, helper call, or ES macro",name-pattern
working/zelres2/code/201SELCT.asm,1156,draw_exp_bar,proc,1,,A,0,SUPPORTED,draw_exp_bar,"name-pattern: render/blit/draw: writes/reads ES, gfx call/jmp, helper call, or ES macro",name-pattern
working/zelres2/code/201SELCT.asm,1175,draw_key_count,proc,1,,C,0,SUPPORTED,draw_key_count,"name-pattern: render/blit/draw: writes/reads ES, gfx call/jmp, helper call, or ES macro",name-pattern
working/zelres2/code/201SELCT.asm,1204,draw_weapon_panel,proc,1,,D,0,SUPPORTED,draw_weapon_panel,"name-pattern: render/blit/draw: writes/reads ES, gfx call/jmp, helper call, or ES macro",name-pattern
working/zelres2/code/201SELCT.asm,1355,draw_portrait_tabs,proc,1,,D,0,SUPPORTED,draw_portrait_tabs,"name-pattern: render/blit/draw: writes/reads ES, gfx call/jmp, helper call, or ES macro",name-pattern
working/zelres2/code/201SELCT.asm,1450,check_joy_neutral,proc,1,,A,0,SUPPORTED,check_joy_neutral,name-pattern: check/test: cmp/test followed by branch,name-pattern
working/zelres2/code/201SELCT.asm,1458,joy_has_dir,label word,1,,,0,SUPPORTED,joy_has_dir,data-pattern: flag/state/activity: label/colon/db/dw,data-pattern
working/zelres2/code/201SELCT.asm,1505,shoe_name_ptrs_lbl,label word,1,,,0,SUPPORTED,shoe_name_ptrs_lbl,data-pattern: label_lbl: label byte/word or bare label,data-pattern
working/zelres2/code/201SELCT.asm,1544,item_det_str_chikara,label word,1,,,0,SUPPORTED,item_det_str_chikara,data-pattern: code/flow label: label/colon/db/dw,data-pattern
working/zelres2/code/201SELCT.asm,1554,item_name_ptrs_lbl,label word,1,,,0,SUPPORTED,item_name_ptrs_lbl,data-pattern: label_lbl: label byte/word or bare label,data-pattern
working/zelres2/code/201SELCT.asm,1589,weapon_detail_ptrs_lbl,label word,1,,,0,SUPPORTED,weapon_detail_ptrs_lbl,data-pattern: label_lbl: label byte/word or bare label,data-pattern
working/zelres2/code/201SELCT.asm,1615,shield_detail_ptrs_lbl,label word,1,,,0,SUPPORTED,shield_detail_ptrs_lbl,data-pattern: label_lbl: label byte/word or bare label,data-pattern
working/zelres2/code/202GFEGA.asm,158,run_gfega_main,proc,1,,,0,SUPPORTED,run_gfega_main,name-pattern: main entry: calls subroutines + returns/exits,name-pattern
working/zelres2/code/202GFEGA.asm,198,ega_row_ofs,data,1,,,0,SUPPORTED,ega_row_ofs,data-pattern: pointer/offset/address: db/dw/dd,data-pattern
working/zelres2/code/202GFEGA.asm,280,sprite_state_update,proc,1,,C,0,SUPPORTED,sprite_state_update,driver-signature: updates per-sprite state byte at ES:[DI-1] from prior [SI-1],driver-sig
working/zelres2/code/202GFEGA.asm,490,ega_sprite_blit,proc,1,,D,0,SUPPORTED,ega_sprite_blit,"name-pattern: render/blit/draw: writes/reads ES, gfx call/jmp, helper call, or ES macro",name-pattern
working/zelres2/code/202GFEGA.asm,685,sprite_slot_init,proc,1,,C,0,SUPPORTED,sprite_slot_init,driver-signature: initialises sprite slot via xchg/mov 0FFh into sprite_state_a,driver-sig
working/zelres2/code/202GFEGA.asm,719,sprite_blit_dispatch,proc,1,,C,0,SUPPORTED,sprite_blit_dispatch,"name-pattern: render/blit/draw: writes/reads ES, gfx call/jmp, helper call, or ES macro",name-pattern
working/zelres2/code/202GFEGA.asm,751,sprite_wide_row_render,proc,1,,D,0,SUPPORTED,sprite_wide_row_render,"name-pattern: render/blit/draw: writes/reads ES, gfx call/jmp, helper call, or ES macro",name-pattern
working/zelres2/code/202GFEGA.asm,940,step_sprite_pos_pair,proc,1,,,0,SUPPORTED,step_sprite_pos_pair,name-pattern: process/update/advance: state-update operations,name-pattern
working/zelres2/code/202GFEGA.asm,975,sprite_cell_render,proc,1,,C,0,SUPPORTED,sprite_cell_render,"name-pattern: render/blit/draw: writes/reads ES, gfx call/jmp, helper call, or ES macro",name-pattern
working/zelres2/code/202GFEGA.asm,1031,ega_sprite_blit_ex,proc,1,,C,0,SUPPORTED,ega_sprite_blit_ex,name-pattern: video mode op: video memory or port I/O,name-pattern
working/zelres2/code/202GFEGA.asm,1045,ega_sprite_render_blended,proc,1,,D,0,SUPPORTED,ega_sprite_render_blended,"name-pattern: render/blit/draw: writes/reads ES, gfx call/jmp, helper call, or ES macro",name-pattern
working/zelres2/code/202GFEGA.asm,1124,ega_sprite_render_solid,proc,1,,D,0,SUPPORTED,ega_sprite_render_solid,"name-pattern: render/blit/draw: writes/reads ES, gfx call/jmp, helper call, or ES macro",name-pattern
working/zelres2/code/202GFEGA.asm,1181,ega_blit_2bytes_8rows,proc,1,,D,0,SUPPORTED,ega_blit_2bytes_8rows,"name-pattern: render/blit/draw: writes/reads ES, gfx call/jmp, helper call, or ES macro",name-pattern
working/zelres2/code/202GFEGA.asm,1220,ega_3plane_copy,proc,1,,D,0,SUPPORTED,ega_3plane_copy,name-pattern: video mode op: video memory or port I/O,name-pattern
working/zelres2/code/202GFEGA.asm,1247,ega_clear_16bytes,proc,1,,D,0,SUPPORTED,ega_clear_16bytes,name-pattern: video mode op: video memory or port I/O,name-pattern
working/zelres2/code/202GFEGA.asm,1265,sprite_get_value,proc,1,,A,0,SUPPORTED,sprite_get_value,driver-signature: reads value from a lookup table (xlat or mem load),driver-sig
working/zelres2/code/202GFEGA.asm,1273,sprite_src_setup,proc,1,,C,0,SUPPORTED,sprite_src_setup,driver-signature: computes sprite source ptr via char_lookup + sprite_attr_base + mul stride,driver-sig
working/zelres2/code/202GFEGA.asm,1312,projectile_spawn_check,proc,1,,D,0,SUPPORTED,projectile_spawn_check,name-pattern: tile_*: tile data manipulation,name-pattern
working/zelres2/code/202GFEGA.asm,1965,hero_sprite_col_blit,proc,1,,A,0,SUPPORTED,hero_sprite_col_blit,"name-pattern: render/blit/draw: writes/reads ES, gfx call/jmp, helper call, or ES macro",name-pattern
working/zelres2/code/202GFEGA.asm,2005,hero_tier_get,proc,1,,A,0,SUPPORTED,hero_tier_get,driver-signature: reads ds:[shield] and returns tier 0/1/2 by threshold cmp 4,driver-sig
working/zelres2/code/202GFEGA.asm,2104,scroll_pos_load,proc,1,,A,0,SUPPORTED,scroll_pos_load,name-pattern: scroll: rep movs or gfx call,name-pattern
working/zelres2/code/202GFEGA.asm,2131,render_frame_rows,proc,1,,,0,SUPPORTED,render_frame_rows,"name-pattern: render/blit/draw: writes/reads ES, gfx call/jmp, helper call, or ES macro",name-pattern
working/zelres2/code/202GFEGA.asm,2284,restore_background_pixels,proc,1,,,0,SUPPORTED,restore_background_pixels,name-pattern: restore_*: restore via copy or memory write,name-pattern
working/zelres2/code/202GFEGA.asm,2306,save_background_pixels,proc,1,,,0,SUPPORTED,save_background_pixels,name-pattern: load/save/read/write: at least one memory op or loader call,name-pattern
working/zelres2/code/202GFEGA.asm,2341,restore_background_pixels_impl,proc,1,,,0,SUPPORTED,restore_background_pixels_impl,name-pattern: restore_*: restore via copy or memory write,name-pattern
working/zelres2/code/202GFEGA.asm,2376,scroll_cache_invalidate,proc,1,,D,0,SUPPORTED,scroll_cache_invalidate,name-pattern: scroll: rep movs or gfx call,name-pattern
working/zelres2/code/202GFEGA.asm,2594,tile_blit_3x3,proc,1,,A,0,SUPPORTED,tile_blit_3x3,"name-pattern: render/blit/draw: writes/reads ES, gfx call/jmp, helper call, or ES macro",name-pattern
working/zelres2/code/202GFEGA.asm,2783,ega_tile_anim_update,proc,1,,D,0,SUPPORTED,ega_tile_anim_update,name-pattern: tile_*: tile data manipulation,name-pattern
working/zelres2/code/202GFEGA.asm,2849,ega_plane_write_2row,proc,1,,D,0,SUPPORTED,ega_plane_write_2row,name-pattern: video mode op: video memory or port I/O,name-pattern
working/zelres2/code/202GFEGA.asm,2898,ega_clear_pixel_pair,proc,1,,A,0,SUPPORTED,ega_clear_pixel_pair,name-pattern: video mode op: video memory or port I/O,name-pattern
working/zelres2/code/202GFEGA.asm,2908,phase_ptr_advance,proc,1,,A,0,SUPPORTED,phase_ptr_advance,name-pattern: advance: inc/add to advance state,name-pattern
working/zelres2/code/202GFEGA.asm,3000,fade_gradient_loop,proc,1,,A,0,SUPPORTED,fade_gradient_loop,name-pattern: loop: backward branch or rep,name-pattern
working/zelres2/code/202GFEGA.asm,3042,ega_fade_blit,proc,1,,D,0,SUPPORTED,ega_fade_blit,"name-pattern: render/blit/draw: writes/reads ES, gfx call/jmp, helper call, or ES macro",name-pattern
working/zelres2/code/202GFEGA.asm,3080,ega_fill_bit_range,proc,1,,D,0,SUPPORTED,ega_fill_bit_range,name-pattern: video mode op: video memory or port I/O,name-pattern
working/zelres2/code/202GFEGA.asm,3154,ega_fill_bit_range_wide,proc,1,,D,0,SUPPORTED,ega_fill_bit_range_wide,name-pattern: video mode op: video memory or port I/O,name-pattern
working/zelres2/code/202GFEGA.asm,3282,ega_row_addr_calc,proc,1,,A,0,SUPPORTED,ega_row_addr_calc,name-pattern: video mode op: video memory or port I/O,name-pattern
working/zelres2/code/202GFEGA.asm,3291,frame_wait_loop,proc,1,,D,0,SUPPORTED,frame_wait_loop,name-pattern: frame/row/col: video write or row/col loop,name-pattern
working/zelres2/code/202GFEGA.asm,3417,wrap_scroll_si_low,proc,1,,,0,SUPPORTED,wrap_scroll_si_low,name-pattern: verb_noun proc: any substantive body content,name-pattern
working/zelres2/code/202GFEGA.asm,3577,ega_bg_tile_blit,proc,1,,D,0,SUPPORTED,ega_bg_tile_blit,"name-pattern: render/blit/draw: writes/reads ES, gfx call/jmp, helper call, or ES macro",name-pattern
working/zelres2/code/202GFEGA.asm,3717,ega_col_write_loop,proc,1,,D,0,SUPPORTED,ega_col_write_loop,name-pattern: loop: backward branch or rep,name-pattern
working/zelres2/code/203GFCGA.asm,167,run_gfcga_main,proc,1,,,0,SUPPORTED,run_gfcga_main,name-pattern: main entry: calls subroutines + returns/exits,name-pattern
working/zelres2/code/203GFCGA.asm,201,cga_row_ofs,data,1,,,0,SUPPORTED,cga_row_ofs,data-pattern: pointer/offset/address: db/dw/dd,data-pattern
working/zelres2/code/203GFCGA.asm,283,sprite_state_update,proc,1,,C,0,SUPPORTED,sprite_state_update,driver-signature: updates per-sprite state byte at ES:[DI-1] from prior [SI-1],driver-sig
working/zelres2/code/203GFCGA.asm,489,cga_sprite_blit,proc,1,,C,0,SUPPORTED,cga_sprite_blit,"name-pattern: render/blit/draw: writes/reads ES, gfx call/jmp, helper call, or ES macro",name-pattern
working/zelres2/code/203GFCGA.asm,631,sprite_slot_init,proc,1,,C,0,SUPPORTED,sprite_slot_init,driver-signature: initialises sprite slot via xchg/mov 0FFh into sprite_state_a,driver-sig
working/zelres2/code/203GFCGA.asm,665,sprite_blit_dispatch,proc,1,,C,0,SUPPORTED,sprite_blit_dispatch,"name-pattern: render/blit/draw: writes/reads ES, gfx call/jmp, helper call, or ES macro",name-pattern
working/zelres2/code/203GFCGA.asm,697,sprite_wide_row_render,proc,1,,D,0,SUPPORTED,sprite_wide_row_render,"name-pattern: render/blit/draw: writes/reads ES, gfx call/jmp, helper call, or ES macro",name-pattern
working/zelres2/code/203GFCGA.asm,886,step_sprite_pos_pair,proc,1,,,0,SUPPORTED,step_sprite_pos_pair,name-pattern: process/update/advance: state-update operations,name-pattern
working/zelres2/code/203GFCGA.asm,921,sprite_cell_render,proc,1,,C,0,SUPPORTED,sprite_cell_render,"name-pattern: render/blit/draw: writes/reads ES, gfx call/jmp, helper call, or ES macro",name-pattern
working/zelres2/code/203GFCGA.asm,985,cga_sprite_blit_ex,proc,1,,A,0,SUPPORTED,cga_sprite_blit_ex,"name-pattern: render/blit/draw: writes/reads ES, gfx call/jmp, helper call, or ES macro",name-pattern
working/zelres2/code/203GFCGA.asm,1002,cga_sprite_render_blended,proc,1,,A,0,SUPPORTED,cga_sprite_render_blended,"name-pattern: render/blit/draw: writes/reads ES, gfx call/jmp, helper call, or ES macro",name-pattern
working/zelres2/code/203GFCGA.asm,1021,cga_sprite_render_solid,proc,1,,A,0,SUPPORTED,cga_sprite_render_solid,"name-pattern: render/blit/draw: writes/reads ES, gfx call/jmp, helper call, or ES macro",name-pattern
working/zelres2/code/203GFCGA.asm,1034,sprite_bit_extract,proc,1,,C,0,SUPPORTED,sprite_bit_extract,name-pattern: extract/decode/bit: bit/rotate/byte manipulation,name-pattern
working/zelres2/code/203GFCGA.asm,1076,cga_blit_2rows_stride,proc,1,,C,0,SUPPORTED,cga_blit_2rows_stride,"name-pattern: render/blit/draw: writes/reads ES, gfx call/jmp, helper call, or ES macro",name-pattern
working/zelres2/code/203GFCGA.asm,1096,sprite_copy_8words,proc,1,,A,0,SUPPORTED,sprite_copy_8words,name-pattern: verb_noun proc: any substantive body content,name-pattern
working/zelres2/code/203GFCGA.asm,1103,sprite_clear_8words,proc,1,,A,0,SUPPORTED,sprite_clear_8words,name-pattern: verb_noun proc: any substantive body content,name-pattern
working/zelres2/code/203GFCGA.asm,1111,sprite_get_value,proc,1,,A,0,SUPPORTED,sprite_get_value,driver-signature: reads value from a lookup table (xlat or mem load),driver-sig
working/zelres2/code/203GFCGA.asm,1119,sprite_src_setup,proc,1,,C,0,SUPPORTED,sprite_src_setup,driver-signature: computes sprite source ptr via char_lookup + sprite_attr_base + mul stride,driver-sig
working/zelres2/code/203GFCGA.asm,1158,projectile_spawn_check,proc,1,,D,0,SUPPORTED,projectile_spawn_check,name-pattern: tile_*: tile data manipulation,name-pattern
working/zelres2/code/203GFCGA.asm,1773,sprite_col_render_loop,proc,1,,C,0,SUPPORTED,sprite_col_render_loop,"name-pattern: render/blit/draw: writes/reads ES, gfx call/jmp, helper call, or ES macro",name-pattern
working/zelres2/code/203GFCGA.asm,1815,hero_tier_get,proc,1,,A,0,SUPPORTED,hero_tier_get,driver-signature: reads ds:[shield] and returns tier 0/1/2 by threshold cmp 4,driver-sig
working/zelres2/code/203GFCGA.asm,1944,render_frame_rows,proc,1,,,0,SUPPORTED,render_frame_rows,"name-pattern: render/blit/draw: writes/reads ES, gfx call/jmp, helper call, or ES macro",name-pattern
working/zelres2/code/203GFCGA.asm,2097,restore_scroll_pixels,proc,1,,,0,SUPPORTED,restore_scroll_pixels,name-pattern: scroll: rep movs or gfx call,name-pattern
working/zelres2/code/203GFCGA.asm,2117,save_background_pixels,proc,1,,,0,SUPPORTED,save_background_pixels,name-pattern: load/save/read/write: at least one memory op or loader call,name-pattern
working/zelres2/code/203GFCGA.asm,2145,restore_background_pixels,proc,1,,,0,SUPPORTED,restore_background_pixels,name-pattern: restore_*: restore via copy or memory write,name-pattern
working/zelres2/code/203GFCGA.asm,2169,scroll_pos_load,proc,1,,C,0,SUPPORTED,scroll_pos_load,name-pattern: scroll: rep movs or gfx call,name-pattern
working/zelres2/code/203GFCGA.asm,2302,bg_tile_restore_3x3,proc,1,,C,0,SUPPORTED,bg_tile_restore_3x3,name-pattern: tile_*: tile data manipulation,name-pattern
working/zelres2/code/203GFCGA.asm,2443,bg_col_blit_row,proc,1,,C,0,SUPPORTED,bg_col_blit_row,name-pattern: bg_*: background save/restore/render,name-pattern
working/zelres2/code/203GFCGA.asm,2502,col_write_inner,proc,1,,C,0,SUPPORTED,col_write_inner,name-pattern: frame/row/col: video write or row/col loop,name-pattern
working/zelres2/code/203GFCGA.asm,2539,cga_clear_2rows,proc,1,,A,0,SUPPORTED,cga_clear_2rows,name-pattern: video mode op: video memory or port I/O,name-pattern
working/zelres2/code/203GFCGA.asm,2549,row_ofs_advance,proc,1,,A,0,SUPPORTED,row_ofs_advance,name-pattern: advance: inc/add to advance state,name-pattern
working/zelres2/code/203GFCGA.asm,2597,cga_inner_fade,proc,1,,C,0,SUPPORTED,cga_inner_fade,name-pattern: video mode op: video memory or port I/O,name-pattern
working/zelres2/code/203GFCGA.asm,2673,cga_fade_blit,proc,1,,C,0,SUPPORTED,cga_fade_blit,"name-pattern: render/blit/draw: writes/reads ES, gfx call/jmp, helper call, or ES macro",name-pattern
working/zelres2/code/203GFCGA.asm,2774,cga_fill_bit_range_wide,proc,1,,C,0,SUPPORTED,cga_fill_bit_range_wide,name-pattern: video mode op: video memory or port I/O,name-pattern
working/zelres2/code/203GFCGA.asm,2897,cga_row_addr_calc,proc,1,,A,0,SUPPORTED,cga_row_addr_calc,name-pattern: video mode op: video memory or port I/O,name-pattern
working/zelres2/code/203GFCGA.asm,2909,frame_wait_loop,proc,1,,D,0,SUPPORTED,frame_wait_loop,name-pattern: frame/row/col: video write or row/col loop,name-pattern
working/zelres2/code/203GFCGA.asm,2931,hud_clear,proc,1,,A,0,SUPPORTED,hud_clear,name-pattern: set/clear/reset/zero: writes register/memory,name-pattern
working/zelres2/code/203GFCGA.asm,3018,wrap_scroll_si_low,proc,1,,,0,SUPPORTED,wrap_scroll_si_low,name-pattern: verb_noun proc: any substantive body content,name-pattern
working/zelres2/code/203GFCGA.asm,3135,cga_plane_mask_2bit,proc,1,,A,0,SUPPORTED,cga_plane_mask_2bit,name-pattern: video mode op: video memory or port I/O,name-pattern
working/zelres2/code/203GFCGA.asm,3188,bg_tile_blit_inner,proc,1,,A,0,SUPPORTED,bg_tile_blit_inner,"name-pattern: render/blit/draw: writes/reads ES, gfx call/jmp, helper call, or ES macro",name-pattern
working/zelres2/code/203GFCGA.asm,3219,cga_plane_mask_combine,proc,1,,A,0,SUPPORTED,cga_plane_mask_combine,name-pattern: video mode op: video memory or port I/O,name-pattern
working/zelres2/code/203GFCGA.asm,3710,cga_nibble_mask_advance,proc,1,,A,0,SUPPORTED,cga_nibble_mask_advance,name-pattern: advance: inc/add to advance state,name-pattern
working/zelres2/code/203GFCGA.asm,3739,cga_nibble_mask_alt,proc,1,,A,0,SUPPORTED,cga_nibble_mask_alt,name-pattern: video mode op: video memory or port I/O,name-pattern
working/zelres2/code/204GFHGC.asm,138,run_gfhgc_main,proc,1,,,0,SUPPORTED,run_gfhgc_main,name-pattern: main entry: calls subroutines + returns/exits,name-pattern
working/zelres2/code/204GFHGC.asm,177,hgc_row_ofs,data,1,,,0,SUPPORTED,hgc_row_ofs,data-pattern: pointer/offset/address: db/dw/dd,data-pattern
working/zelres2/code/204GFHGC.asm,264,sprite_state_update,proc,1,,C,0,SUPPORTED,sprite_state_update,driver-signature: updates per-sprite state byte at ES:[DI-1] from prior [SI-1],driver-sig
working/zelres2/code/204GFHGC.asm,469,hgc_plane_or_blit,proc,1,,C,0,SUPPORTED,hgc_plane_or_blit,"name-pattern: render/blit/draw: writes/reads ES, gfx call/jmp, helper call, or ES macro",name-pattern
working/zelres2/code/204GFHGC.asm,571,sprite_slot_remove,proc,1,,C,0,SUPPORTED,sprite_slot_remove,name-pattern: entity/sprite: SI/DI ptr operations,name-pattern
working/zelres2/code/204GFHGC.asm,608,sprite_slot_init,proc,1,,C,0,SUPPORTED,sprite_slot_init,driver-signature: initialises sprite slot via xchg/mov 0FFh into sprite_state_a,driver-sig
working/zelres2/code/204GFHGC.asm,642,sprite_blit_dispatch,proc,1,,C,0,SUPPORTED,sprite_blit_dispatch,"name-pattern: render/blit/draw: writes/reads ES, gfx call/jmp, helper call, or ES macro",name-pattern
working/zelres2/code/204GFHGC.asm,674,sprite_wide_row_render,proc,1,,D,0,SUPPORTED,sprite_wide_row_render,"name-pattern: render/blit/draw: writes/reads ES, gfx call/jmp, helper call, or ES macro",name-pattern
working/zelres2/code/204GFHGC.asm,881,sprite_pair_blit,proc,1,,C,0,SUPPORTED,sprite_pair_blit,"name-pattern: render/blit/draw: writes/reads ES, gfx call/jmp, helper call, or ES macro",name-pattern
working/zelres2/code/204GFHGC.asm,916,hgc_sprite_blit,proc,1,,C,0,SUPPORTED,hgc_sprite_blit,"name-pattern: render/blit/draw: writes/reads ES, gfx call/jmp, helper call, or ES macro",name-pattern
working/zelres2/code/204GFHGC.asm,980,merge_sprite_into_cache,proc,1,,,0,SUPPORTED,merge_sprite_into_cache,name-pattern: verb_noun proc: any substantive body content,name-pattern
working/zelres2/code/204GFHGC.asm,997,mask_blit_into_sprite_cache,proc,1,,,0,SUPPORTED,mask_blit_into_sprite_cache,"name-pattern: render/blit/draw: writes/reads ES, gfx call/jmp, helper call, or ES macro",name-pattern
working/zelres2/code/204GFHGC.asm,1016,plane_copy_process,proc,1,,A,0,SUPPORTED,plane_copy_process,name-pattern: verb_noun proc: any substantive body content,name-pattern
working/zelres2/code/204GFHGC.asm,1029,hgc_extract_4bits,proc,1,,C,0,SUPPORTED,hgc_extract_4bits,name-pattern: video mode op: video memory or port I/O,name-pattern
working/zelres2/code/204GFHGC.asm,1071,plane_scan_blit,proc,1,,A,0,SUPPORTED,plane_scan_blit,"name-pattern: render/blit/draw: writes/reads ES, gfx call/jmp, helper call, or ES macro",name-pattern
working/zelres2/code/204GFHGC.asm,1090,copy_8words,proc,1,,A,0,SUPPORTED,copy_8words,name-pattern: copy_*: rep movs or load/store sequence,name-pattern
working/zelres2/code/204GFHGC.asm,1097,clear_8words,proc,1,,,0,SUPPORTED,clear_8words,name-pattern: set/clear/reset/zero: writes register/memory,name-pattern
working/zelres2/code/204GFHGC.asm,1105,decode_char_glyph,proc,1,,,0,SUPPORTED,decode_char_glyph,name-pattern: extract/decode/bit: bit/rotate/byte manipulation,name-pattern
working/zelres2/code/204GFHGC.asm,1113,sprite_src_setup,proc,1,,C,0,SUPPORTED,sprite_src_setup,driver-signature: computes sprite source ptr via char_lookup + sprite_attr_base + mul stride,driver-sig
working/zelres2/code/204GFHGC.asm,1152,check_spawn_projectile,proc,1,,D,0,SUPPORTED,check_spawn_projectile,name-pattern: check/test: cmp/test followed by branch,name-pattern
working/zelres2/code/204GFHGC.asm,1809,sprite_write_range,proc,1,,C,0,SUPPORTED,sprite_write_range,name-pattern: entity/sprite: SI/DI ptr operations,name-pattern
working/zelres2/code/204GFHGC.asm,1851,get_step_direction,proc,1,,A,0,SUPPORTED,get_step_direction,name-pattern: verb_noun proc: any substantive body content,name-pattern
working/zelres2/code/204GFHGC.asm,1953,build_sprite_refs,proc,1,,A,0,SUPPORTED,build_sprite_refs,name-pattern: build_*: builds data structure via writes,name-pattern
working/zelres2/code/204GFHGC.asm,1980,render_frame_rows,proc,1,,,0,SUPPORTED,render_frame_rows,"name-pattern: render/blit/draw: writes/reads ES, gfx call/jmp, helper call, or ES macro",name-pattern
working/zelres2/code/204GFHGC.asm,2176,dispatch_background_restore,proc,1,,,0,SUPPORTED,dispatch_background_restore,name-pattern: restore_*: restore via copy or memory write,name-pattern
working/zelres2/code/204GFHGC.asm,2196,save_bg_rows,proc,1,,A,0,SUPPORTED,save_bg_rows,name-pattern: load/save/read/write: at least one memory op or loader call,name-pattern
working/zelres2/code/204GFHGC.asm,2224,restore_bg_rows,proc,1,,C,0,SUPPORTED,restore_bg_rows,name-pattern: restore_*: restore via copy or memory write,name-pattern
working/zelres2/code/204GFHGC.asm,2261,clear_sprite_cache_block,proc,1,,C,0,SUPPORTED,clear_sprite_cache_block,name-pattern: set/clear/reset/zero: writes register/memory,name-pattern
working/zelres2/code/204GFHGC.asm,2391,load_bg_to_cache,proc,1,,C,0,SUPPORTED,load_bg_to_cache,name-pattern: load/save/read/write: at least one memory op or loader call,name-pattern
working/zelres2/code/204GFHGC.asm,2540,anim_refresh_tile,proc,1,,C,0,SUPPORTED,anim_refresh_tile,name-pattern: tile_*: tile data manipulation,name-pattern
working/zelres2/code/204GFHGC.asm,2600,hgc_write_row_masked,proc,1,,C,0,SUPPORTED,hgc_write_row_masked,name-pattern: video mode op: video memory or port I/O,name-pattern
working/zelres2/code/204GFHGC.asm,2649,hgc_clear_row_masked,proc,1,,A,0,SUPPORTED,hgc_clear_row_masked,name-pattern: video mode op: video memory or port I/O,name-pattern
working/zelres2/code/204GFHGC.asm,2680,set_pixel_stride_offset,proc,1,,A,0,SUPPORTED,set_pixel_stride_offset,name-pattern: set/clear/reset/zero: writes register/memory,name-pattern
working/zelres2/code/204GFHGC.asm,2712,fade_radius_loop,proc,1,,C,0,SUPPORTED,fade_radius_loop,name-pattern: loop: backward branch or rep,name-pattern
working/zelres2/code/204GFHGC.asm,2788,hgc_fade_blit,proc,1,,C,0,SUPPORTED,hgc_fade_blit,"name-pattern: render/blit/draw: writes/reads ES, gfx call/jmp, helper call, or ES macro",name-pattern
working/zelres2/code/204GFHGC.asm,2891,hgc_fill_bit_range_wide,proc,1,,C,0,SUPPORTED,hgc_fill_bit_range_wide,name-pattern: video mode op: video memory or port I/O,name-pattern
working/zelres2/code/204GFHGC.asm,3014,hgc_row_addr_calc,proc,1,,A,0,SUPPORTED,hgc_row_addr_calc,name-pattern: video mode op: video memory or port I/O,name-pattern
working/zelres2/code/204GFHGC.asm,3025,frame_wait_loop,proc,1,,D,0,SUPPORTED,frame_wait_loop,name-pattern: frame/row/col: video write or row/col loop,name-pattern
working/zelres2/code/204GFHGC.asm,3047,hgc_xor_fill_region,proc,1,,A,0,SUPPORTED,hgc_xor_fill_region,name-pattern: video mode op: video memory or port I/O,name-pattern
working/zelres2/code/204GFHGC.asm,3135,wrap_scroll_si_low,proc,1,,,0,SUPPORTED,wrap_scroll_si_low,name-pattern: verb_noun proc: any substantive body content,name-pattern
working/zelres2/code/204GFHGC.asm,3146,wrap_scroll_si_high,proc,1,,,0,SUPPORTED,wrap_scroll_si_high,name-pattern: verb_noun proc: any substantive body content,name-pattern
working/zelres2/code/204GFHGC.asm,3281,hgc_fade_blit_entry,proc,1,,A,0,SUPPORTED,hgc_fade_blit_entry,"name-pattern: render/blit/draw: writes/reads ES, gfx call/jmp, helper call, or ES macro",name-pattern
working/zelres2/code/204GFHGC.asm,3313,rol_extract_loop,proc,1,,A,0,SUPPORTED,rol_extract_loop,name-pattern: loop: backward branch or rep,name-pattern
working/zelres2/code/204GFHGC.asm,3643,shift_extract_loop,proc,1,,A,0,SUPPORTED,shift_extract_loop,name-pattern: loop: backward branch or rep,name-pattern
working/zelres2/code/204GFHGC.asm,3770,hgc_pixel_addr_calc,proc,1,,A,0,SUPPORTED,hgc_pixel_addr_calc,name-pattern: video mode op: video memory or port I/O,name-pattern
working/zelres2/code/204GFHGC.asm,3855,rotate_plane_pair_loop,proc,1,,,0,SUPPORTED,rotate_plane_pair_loop,name-pattern: loop: backward branch or rep,name-pattern
working/zelres2/code/204GFHGC.asm,3884,dispatch_shape_fill,proc,1,,A,0,SUPPORTED,dispatch_shape_fill,name-pattern: dispatcher: indirect call/jmp or cmp-cascade discriminator,name-pattern
working/zelres2/code/205GFTGA.asm,124,run_gftga_main,proc,1,,,0,SUPPORTED,run_gftga_main,name-pattern: main entry: calls subroutines + returns/exits,name-pattern
working/zelres2/code/205GFTGA.asm,159,tga_row_ofs,data,1,,,0,SUPPORTED,tga_row_ofs,data-pattern: pointer/offset/address: db/dw/dd,data-pattern
working/zelres2/code/205GFTGA.asm,248,sprite_state_update,proc,1,,C,0,SUPPORTED,sprite_state_update,driver-signature: updates per-sprite state byte at ES:[DI-1] from prior [SI-1],driver-sig
working/zelres2/code/205GFTGA.asm,458,tga_sprite_blit,proc,1,,C,0,SUPPORTED,tga_sprite_blit,"name-pattern: render/blit/draw: writes/reads ES, gfx call/jmp, helper call, or ES macro",name-pattern
working/zelres2/code/205GFTGA.asm,695,sprite_slot_remove,proc,1,,C,0,SUPPORTED,sprite_slot_remove,name-pattern: entity/sprite: SI/DI ptr operations,name-pattern
working/zelres2/code/205GFTGA.asm,732,sprite_slot_init,proc,1,,C,0,SUPPORTED,sprite_slot_init,driver-signature: initialises sprite slot via xchg/mov 0FFh into sprite_state_a,driver-sig
working/zelres2/code/205GFTGA.asm,767,sprite_blit_dispatch,proc,1,,C,0,SUPPORTED,sprite_blit_dispatch,"name-pattern: render/blit/draw: writes/reads ES, gfx call/jmp, helper call, or ES macro",name-pattern
working/zelres2/code/205GFTGA.asm,799,sprite_wide_row_render,proc,1,,D,0,SUPPORTED,sprite_wide_row_render,"name-pattern: render/blit/draw: writes/reads ES, gfx call/jmp, helper call, or ES macro",name-pattern
working/zelres2/code/205GFTGA.asm,991,step_sprite_pos_pair,proc,1,,,0,SUPPORTED,step_sprite_pos_pair,name-pattern: process/update/advance: state-update operations,name-pattern
working/zelres2/code/205GFTGA.asm,1025,sprite_cell_render,proc,1,,C,0,SUPPORTED,sprite_cell_render,"name-pattern: render/blit/draw: writes/reads ES, gfx call/jmp, helper call, or ES macro",name-pattern
working/zelres2/code/205GFTGA.asm,1091,tga_sprite_render_blended,proc,1,,C,0,SUPPORTED,tga_sprite_render_blended,name-pattern: video mode op: video memory or port I/O,name-pattern
working/zelres2/code/205GFTGA.asm,1108,tile_blend_inner_loop,proc,1,,C,0,SUPPORTED,tile_blend_inner_loop,name-pattern: tile_*: tile data manipulation,name-pattern
working/zelres2/code/205GFTGA.asm,1135,tga_sprite_inner_blit,proc,1,,A,0,SUPPORTED,tga_sprite_inner_blit,"name-pattern: render/blit/draw: writes/reads ES, gfx call/jmp, helper call, or ES macro",name-pattern
working/zelres2/code/205GFTGA.asm,1151,color_nibble_expand,proc,1,,C,0,SUPPORTED,color_nibble_expand,name-pattern: nibble_: 4-bit operations,name-pattern
working/zelres2/code/205GFTGA.asm,1193,tga_blit_2bytes_8rows,proc,1,,C,0,SUPPORTED,tga_blit_2bytes_8rows,"name-pattern: render/blit/draw: writes/reads ES, gfx call/jmp, helper call, or ES macro",name-pattern
working/zelres2/code/205GFTGA.asm,1256,copy_16words,proc,1,,A,0,SUPPORTED,copy_16words,name-pattern: copy_*: rep movs or load/store sequence,name-pattern
working/zelres2/code/205GFTGA.asm,1263,fill_16words_zero,proc,1,,A,0,SUPPORTED,fill_16words_zero,name-pattern: set/clear/reset/zero: writes register/memory,name-pattern
working/zelres2/code/205GFTGA.asm,1271,sprite_get_value,proc,1,,A,0,SUPPORTED,sprite_get_value,driver-signature: reads value from a lookup table (xlat or mem load),driver-sig
working/zelres2/code/205GFTGA.asm,1279,sprite_src_setup,proc,1,,C,0,SUPPORTED,sprite_src_setup,driver-signature: computes sprite source ptr via char_lookup + sprite_attr_base + mul stride,driver-sig
working/zelres2/code/205GFTGA.asm,1318,projectile_spawn_check,proc,1,,D,0,SUPPORTED,projectile_spawn_check,name-pattern: tile_*: tile data manipulation,name-pattern
working/zelres2/code/205GFTGA.asm,1974,tga_sprite_render_solid,proc,1,,C,0,SUPPORTED,tga_sprite_render_solid,"name-pattern: render/blit/draw: writes/reads ES, gfx call/jmp, helper call, or ES macro",name-pattern
working/zelres2/code/205GFTGA.asm,2018,hero_tier_get,proc,1,,A,0,SUPPORTED,hero_tier_get,driver-signature: reads ds:[shield] and returns tier 0/1/2 by threshold cmp 4,driver-sig
working/zelres2/code/205GFTGA.asm,2152,render_frame_rows,proc,1,,,0,SUPPORTED,render_frame_rows,"name-pattern: render/blit/draw: writes/reads ES, gfx call/jmp, helper call, or ES macro",name-pattern
working/zelres2/code/205GFTGA.asm,2306,restore_background_pixels,proc,1,,,0,SUPPORTED,restore_background_pixels,name-pattern: restore_*: restore via copy or memory write,name-pattern
working/zelres2/code/205GFTGA.asm,2326,save_background_pixels,proc,1,,,0,SUPPORTED,save_background_pixels,name-pattern: load/save/read/write: at least one memory op or loader call,name-pattern
working/zelres2/code/205GFTGA.asm,2354,restore_background_pixels_impl,proc,1,,,0,SUPPORTED,restore_background_pixels_impl,name-pattern: restore_*: restore via copy or memory write,name-pattern
working/zelres2/code/205GFTGA.asm,2378,scroll_cache_invalidate,proc,1,,C,0,SUPPORTED,scroll_cache_invalidate,name-pattern: scroll: rep movs or gfx call,name-pattern
working/zelres2/code/205GFTGA.asm,2508,tga_plane_decode,proc,1,,C,0,SUPPORTED,tga_plane_decode,name-pattern: extract/decode/bit: bit/rotate/byte manipulation,name-pattern
working/zelres2/code/205GFTGA.asm,2594,hero_sprite_col_blit,proc,1,,A,0,SUPPORTED,hero_sprite_col_blit,"name-pattern: render/blit/draw: writes/reads ES, gfx call/jmp, helper call, or ES macro",name-pattern
working/zelres2/code/205GFTGA.asm,2741,tga_tile_anim_update,proc,1,,C,0,SUPPORTED,tga_tile_anim_update,name-pattern: tile_*: tile data manipulation,name-pattern
working/zelres2/code/205GFTGA.asm,2801,tile_blend_row_pair,proc,1,,C,0,SUPPORTED,tile_blend_row_pair,name-pattern: tile_*: tile data manipulation,name-pattern
working/zelres2/code/205GFTGA.asm,2838,tga_row_mask_clear,proc,1,,A,0,SUPPORTED,tga_row_mask_clear,name-pattern: set/clear/reset/zero: writes register/memory,name-pattern
working/zelres2/code/205GFTGA.asm,2848,tga_vram_advance_az,proc,1,,A,0,SUPPORTED,tga_vram_advance_az,name-pattern: verb_noun proc: any substantive body content,name-pattern
working/zelres2/code/205GFTGA.asm,2896,fade_concentric,proc,1,,C,0,SUPPORTED,fade_concentric,name-pattern: fade_*: fade transition,name-pattern
working/zelres2/code/205GFTGA.asm,2972,fade_h_range,proc,1,,C,0,SUPPORTED,fade_h_range,name-pattern: fade_*: fade transition,name-pattern
working/zelres2/code/205GFTGA.asm,3061,fade_pixel_range,proc,1,,C,0,SUPPORTED,fade_pixel_range,name-pattern: fade_*: fade transition,name-pattern
working/zelres2/code/205GFTGA.asm,3160,phase_ptr_advance,proc,1,,A,0,SUPPORTED,phase_ptr_advance,name-pattern: advance: inc/add to advance state,name-pattern
working/zelres2/code/205GFTGA.asm,3180,fade_gradient_loop,proc,1,,D,0,SUPPORTED,fade_gradient_loop,name-pattern: fade_*: fade transition,name-pattern
working/zelres2/code/205GFTGA.asm,3202,anim_refresh_all,proc,1,,A,0,SUPPORTED,anim_refresh_all,name-pattern: animation: counter + render dispatch,name-pattern
working/zelres2/code/205GFTGA.asm,3292,wrap_scroll_si_low,proc,1,,,0,SUPPORTED,wrap_scroll_si_low,name-pattern: verb_noun proc: any substantive body content,name-pattern
working/zelres2/code/205GFTGA.asm,3303,wrap_scroll_si_high,proc,1,,,0,SUPPORTED,wrap_scroll_si_high,name-pattern: verb_noun proc: any substantive body content,name-pattern
working/zelres2/code/205GFTGA.asm,3432,bg_tile_blit_init,proc,1,,A,0,SUPPORTED,bg_tile_blit_init,"name-pattern: render/blit/draw: writes/reads ES, gfx call/jmp, helper call, or ES macro",name-pattern
working/zelres2/code/205GFTGA.asm,3466,plane_word_expand,proc,1,,A,0,SUPPORTED,plane_word_expand,name-pattern: plane_*: bitplane bit ops or VGA register,name-pattern
working/zelres2/code/205GFTGA.asm,3882,ega_fill_bit_range_wide,proc,1,,A,0,SUPPORTED,ega_fill_bit_range_wide,name-pattern: video mode op: video memory or port I/O,name-pattern
working/zelres2/code/205GFTGA.asm,4065,rotate_plane_pair_tga,proc,1,,,0,SUPPORTED,rotate_plane_pair_tga,name-pattern: verb_noun proc: any substantive body content,name-pattern
working/zelres2/code/205GFTGA.asm,4083,dither_bit_expand,proc,1,,A,0,SUPPORTED,dither_bit_expand,name-pattern: verb_noun proc: any substantive body content,name-pattern
working/zelres2/code/205GFTGA.asm,4106,nibble_pack_ax,proc,1,,A,0,SUPPORTED,nibble_pack_ax,name-pattern: nibble_: 4-bit operations,name-pattern
working/zelres2/code/205GFTGA.asm,4125,ega_row_addr_calc,proc,1,,A,0,SUPPORTED,ega_row_addr_calc,name-pattern: video mode op: video memory or port I/O,name-pattern
working/zelres2/code/206GFMCA.asm,151,run_gfmca_main,proc,1,,,0,SUPPORTED,run_gfmca_main,name-pattern: main entry: calls subroutines + returns/exits,name-pattern
working/zelres2/code/206GFMCA.asm,181,mov_cx_80h_imm,data,1,,,0,SUPPORTED,mov_cx_80h_imm,data-pattern: renamed-anchor data: db/dw/dd/equ or label,data-pattern
working/zelres2/code/206GFMCA.asm,187,inc_byte_opcode_patch,data,1,,,0,SUPPORTED,inc_byte_opcode_patch,data-pattern: renamed-anchor data: db/dw/dd/equ or label,data-pattern
working/zelres2/code/206GFMCA.asm,198,mca_row_ofs,data,1,,,0,SUPPORTED,mca_row_ofs,data-pattern: pointer/offset/address: db/dw/dd,data-pattern
working/zelres2/code/206GFMCA.asm,279,sprite_state_update,proc,1,,C,0,SUPPORTED,sprite_state_update,driver-signature: updates per-sprite state byte at ES:[DI-1] from prior [SI-1],driver-sig
working/zelres2/code/206GFMCA.asm,485,mca_sprite_blit,proc,1,,C,0,SUPPORTED,mca_sprite_blit,"name-pattern: render/blit/draw: writes/reads ES, gfx call/jmp, helper call, or ES macro",name-pattern
working/zelres2/code/206GFMCA.asm,596,sprite_slot_remove,proc,1,,C,0,SUPPORTED,sprite_slot_remove,name-pattern: entity/sprite: SI/DI ptr operations,name-pattern
working/zelres2/code/206GFMCA.asm,633,sprite_slot_init,proc,1,,C,0,SUPPORTED,sprite_slot_init,driver-signature: initialises sprite slot via xchg/mov 0FFh into sprite_state_a,driver-sig
working/zelres2/code/206GFMCA.asm,669,sprite_blit_dispatch,proc,1,,C,0,SUPPORTED,sprite_blit_dispatch,"name-pattern: render/blit/draw: writes/reads ES, gfx call/jmp, helper call, or ES macro",name-pattern
working/zelres2/code/206GFMCA.asm,701,sprite_wide_row_render,proc,1,,D,0,SUPPORTED,sprite_wide_row_render,"name-pattern: render/blit/draw: writes/reads ES, gfx call/jmp, helper call, or ES macro",name-pattern
working/zelres2/code/206GFMCA.asm,896,step_sprite_pos_pair,proc,1,,,0,SUPPORTED,step_sprite_pos_pair,name-pattern: process/update/advance: state-update operations,name-pattern
working/zelres2/code/206GFMCA.asm,930,sprite_cell_render,proc,1,,C,0,SUPPORTED,sprite_cell_render,"name-pattern: render/blit/draw: writes/reads ES, gfx call/jmp, helper call, or ES macro",name-pattern
working/zelres2/code/206GFMCA.asm,992,mca_sprite_blit_ex,proc,1,,A,0,SUPPORTED,mca_sprite_blit_ex,"name-pattern: render/blit/draw: writes/reads ES, gfx call/jmp, helper call, or ES macro",name-pattern
working/zelres2/code/206GFMCA.asm,1009,step_mca_plane_3,proc,1,,,0,SUPPORTED,step_mca_plane_3,name-pattern: process/update/advance: state-update operations,name-pattern
working/zelres2/code/206GFMCA.asm,1027,step_mca_plane_nibble,proc,1,,,0,SUPPORTED,step_mca_plane_nibble,name-pattern: process/update/advance: state-update operations,name-pattern
working/zelres2/code/206GFMCA.asm,1044,mca_plane_copy_16rows,proc,1,,A,0,SUPPORTED,mca_plane_copy_16rows,name-pattern: video mode op: video memory or port I/O,name-pattern
working/zelres2/code/206GFMCA.asm,1060,mca_plane_copy_4px,proc,1,,A,0,SUPPORTED,mca_plane_copy_4px,name-pattern: video mode op: video memory or port I/O,name-pattern
working/zelres2/code/206GFMCA.asm,1073,mca_fetch_color_lut,proc,1,,A,0,SUPPORTED,mca_fetch_color_lut,name-pattern: video mode op: video memory or port I/O,name-pattern
working/zelres2/code/206GFMCA.asm,1089,mca_blit_2bytes_8rows,proc,1,,A,0,SUPPORTED,mca_blit_2bytes_8rows,"name-pattern: render/blit/draw: writes/reads ES, gfx call/jmp, helper call, or ES macro",name-pattern
working/zelres2/code/206GFMCA.asm,1104,mca_sprite_render_solid,proc,1,,A,0,SUPPORTED,mca_sprite_render_solid,"name-pattern: render/blit/draw: writes/reads ES, gfx call/jmp, helper call, or ES macro",name-pattern
working/zelres2/code/206GFMCA.asm,1132,mca_sprite_clear_cell,proc,1,,A,0,SUPPORTED,mca_sprite_clear_cell,name-pattern: video mode op: video memory or port I/O,name-pattern
working/zelres2/code/206GFMCA.asm,1140,sprite_get_value,proc,1,,A,0,SUPPORTED,sprite_get_value,driver-signature: reads value from a lookup table (xlat or mem load),driver-sig
working/zelres2/code/206GFMCA.asm,1148,sprite_src_setup,proc,1,,C,0,SUPPORTED,sprite_src_setup,driver-signature: computes sprite source ptr via char_lookup + sprite_attr_base + mul stride,driver-sig
working/zelres2/code/206GFMCA.asm,1187,projectile_spawn_check,proc,1,,D,0,SUPPORTED,projectile_spawn_check,name-pattern: tile_*: tile data manipulation,name-pattern
working/zelres2/code/206GFMCA.asm,1372,loc_92,label byte,1,,,0,SUPPORTED,loc_92,data-pattern: code/flow label: label/colon/db/dw,data-pattern
working/zelres2/code/206GFMCA.asm,1828,render_frame_rows,proc,1,,,0,SUPPORTED,render_frame_rows,"name-pattern: render/blit/draw: writes/reads ES, gfx call/jmp, helper call, or ES macro",name-pattern
working/zelres2/code/206GFMCA.asm,1872,shield_state_get,proc,1,,A,0,SUPPORTED,shield_state_get,name-pattern: verb_noun proc: any substantive body content,name-pattern
working/zelres2/code/206GFMCA.asm,1976,load_sprite_pos,proc,1,,A,0,SUPPORTED,load_sprite_pos,name-pattern: load/save/read/write: at least one memory op or loader call,name-pattern
working/zelres2/code/206GFMCA.asm,2003,frame_row_dispatcher,proc,1,,C,0,SUPPORTED,frame_row_dispatcher,name-pattern: dispatcher: indirect call/jmp or cmp-cascade discriminator,name-pattern
working/zelres2/code/206GFMCA.asm,2158,restore_scroll_pixels,proc,1,,,0,SUPPORTED,restore_scroll_pixels,name-pattern: scroll: rep movs or gfx call,name-pattern
working/zelres2/code/206GFMCA.asm,2178,scroll_buf_restore,proc,1,,A,0,SUPPORTED,scroll_buf_restore,name-pattern: scroll: rep movs or gfx call,name-pattern
working/zelres2/code/206GFMCA.asm,2200,scroll_buf_save,proc,1,,A,0,SUPPORTED,scroll_buf_save,name-pattern: scroll: rep movs or gfx call,name-pattern
working/zelres2/code/206GFMCA.asm,2222,scroll_clear_cache,proc,1,,D,0,SUPPORTED,scroll_clear_cache,name-pattern: scroll: rep movs or gfx call,name-pattern
working/zelres2/code/206GFMCA.asm,2412,hero_sprite_col_blit,proc,1,,C,0,SUPPORTED,hero_sprite_col_blit,"name-pattern: render/blit/draw: writes/reads ES, gfx call/jmp, helper call, or ES macro",name-pattern
working/zelres2/code/206GFMCA.asm,2569,mca_tile_half_blit,proc,1,,C,0,SUPPORTED,mca_tile_half_blit,"name-pattern: render/blit/draw: writes/reads ES, gfx call/jmp, helper call, or ES macro",name-pattern
working/zelres2/code/206GFMCA.asm,2633,mca_tile_half_blit_rows,proc,1,,C,0,SUPPORTED,mca_tile_half_blit_rows,"name-pattern: render/blit/draw: writes/reads ES, gfx call/jmp, helper call, or ES macro",name-pattern
working/zelres2/code/206GFMCA.asm,2692,mca_tile_half_clear,proc,1,,A,0,SUPPORTED,mca_tile_half_clear,name-pattern: set/clear/reset/zero: writes register/memory,name-pattern
working/zelres2/code/206GFMCA.asm,2704,mca_tile_addr_calc,proc,1,,A,0,SUPPORTED,mca_tile_addr_calc,name-pattern: tile_*: tile data manipulation,name-pattern
working/zelres2/code/206GFMCA.asm,2742,fade_gradient_rect,proc,1,,C,0,SUPPORTED,fade_gradient_rect,name-pattern: fade_*: fade transition,name-pattern
working/zelres2/code/206GFMCA.asm,2818,fade_gradient_line,proc,1,,C,0,SUPPORTED,fade_gradient_line,name-pattern: line/row: row write + loop tail,name-pattern
working/zelres2/code/206GFMCA.asm,2889,fade_horizontal_line,proc,1,,A,0,SUPPORTED,fade_horizontal_line,name-pattern: line/row: row write + loop tail,name-pattern
working/zelres2/code/206GFMCA.asm,2930,mca_vga_row_calc,proc,1,,A,0,SUPPORTED,mca_vga_row_calc,name-pattern: video mode op: video memory or port I/O,name-pattern
working/zelres2/code/206GFMCA.asm,2942,anim_frame_wait,proc,1,,D,0,SUPPORTED,anim_frame_wait,name-pattern: animation: counter + render dispatch,name-pattern
working/zelres2/code/206GFMCA.asm,2964,fade_xor_block,proc,1,,A,0,SUPPORTED,fade_xor_block,name-pattern: fade_*: fade transition,name-pattern
working/zelres2/code/206GFMCA.asm,3049,wrap_scroll_si_low,proc,1,,,0,SUPPORTED,wrap_scroll_si_low,name-pattern: verb_noun proc: any substantive body content,name-pattern
working/zelres2/code/206GFMCA.asm,3060,wrap_scroll_si_high,proc,1,,,0,SUPPORTED,wrap_scroll_si_high,name-pattern: verb_noun proc: any substantive body content,name-pattern
working/zelres2/code/206GFMCA.asm,3172,ui_tile_blit_init,label byte,0,,,0,SUPPORTED,ui_tile_blit_init,data-pattern: code/flow label: label/colon/db/dw,data-pattern
working/zelres2/code/206GFMCA.asm,3199,bg_tile_blit,proc,1,,A,0,SUPPORTED,bg_tile_blit,"name-pattern: render/blit/draw: writes/reads ES, gfx call/jmp, helper call, or ES macro",name-pattern
working/zelres2/code/206GFMCA.asm,3223,mca_sprite_2block_render,proc,1,,C,0,SUPPORTED,mca_sprite_2block_render,"name-pattern: render/blit/draw: writes/reads ES, gfx call/jmp, helper call, or ES macro",name-pattern
working/zelres2/code/206GFMCA.asm,3293,ah_xform_6to3,label word,1,,,0,SUPPORTED,ah_xform_6to3,data-pattern: code/flow label: label/colon/db/dw,data-pattern
working/zelres2/code/206GFMCA.asm,3374,loc_237,label byte,1,,,0,SUPPORTED,loc_237,data-pattern: code/flow label: label/colon/db/dw,data-pattern
working/zelres2/code/206GFMCA.asm,3489,mca_plane_4bit_scan,proc,1,,A,0,SUPPORTED,mca_plane_4bit_scan,name-pattern: video mode op: video memory or port I/O,name-pattern
working/zelres2/code/206GFMCA.asm,3581,gf_mca_proj_sprite_a,label byte,1,,,0,SUPPORTED,gf_mca_proj_sprite_a,data-pattern: flag/state/activity: label/colon/db/dw,data-pattern
working/zelres2/code/206GFMCA.asm,3832,mca_word_shift_4,proc,1,,A,0,SUPPORTED,mca_word_shift_4,name-pattern: video mode op: video memory or port I/O,name-pattern
working/zelres2/code/206GFMCA.asm,3850,mca_bit_pair_scan,proc,1,,A,0,SUPPORTED,mca_bit_pair_scan,name-pattern: scan: compare + loop,name-pattern
working/zelres2/code/206GFMCA.asm,3863,loc_248,label byte,1,,,0,SUPPORTED,loc_248,data-pattern: code/flow label: label/colon/db/dw,data-pattern
working/zelres2/code/207MOLE.asm,109,module_init,proc,1,,D,0,SUPPORTED,module_init,name-pattern: init/setup: writes initial state,name-pattern
working/zelres2/code/207MOLE.asm,248,dispatch_decode_table_a,proc,1,,,0,SUPPORTED,dispatch_decode_table_a,name-pattern: dispatcher: indirect call/jmp or cmp-cascade discriminator,name-pattern
working/zelres2/code/207MOLE.asm,274,ega_plane_blit,label word,1,,,0,SUPPORTED,ega_plane_blit,data-pattern: code/flow label: label/colon/db/dw,data-pattern
working/zelres2/code/207MOLE.asm,387,cga_row_continue,label byte,1,,,0,SUPPORTED,cga_row_continue,data-pattern: code/flow label: label/colon/db/dw,data-pattern
working/zelres2/code/207MOLE.asm,542,vga_pixel_unpack,proc,1,,A,0,SUPPORTED,vga_pixel_unpack,name-pattern: video mode op: video memory or port I/O,name-pattern
working/zelres2/code/207MOLE.asm,570,cga_hires_blit,label byte,1,,,0,SUPPORTED,cga_hires_blit,data-pattern: code/flow label: label/colon/db/dw,data-pattern
working/zelres2/code/207MOLE.asm,621,mcga_pixel_unpack,proc,1,,A,0,SUPPORTED,mcga_pixel_unpack,name-pattern: verb_noun proc: any substantive body content,name-pattern
working/zelres2/code/207MOLE.asm,625,mcga_nibble_loop,label byte,0,,,0,SUPPORTED,mcga_nibble_loop,data-pattern: code/flow label: label/colon/db/dw,data-pattern
working/zelres2/code/207MOLE.asm,655,dispatch_decode_table_b,proc,1,,,0,SUPPORTED,dispatch_decode_table_b,name-pattern: dispatcher: indirect call/jmp or cmp-cascade discriminator,name-pattern
working/zelres2/code/207MOLE.asm,683,ega_decode_b,label word,1,,,0,SUPPORTED,ega_decode_b,data-pattern: code/flow label: label/colon/db/dw,data-pattern
working/zelres2/code/207MOLE.asm,695,mole_video_addr_BF00,data,1,,,0,SUPPORTED,mole_video_addr_BF00,data-pattern: renamed-anchor data: db/dw/dd/equ or label,data-pattern
working/zelres2/code/207MOLE.asm,726,decode_5col_blit_loop,proc,1,,A,0,SUPPORTED,decode_5col_blit_loop,name-pattern: extract/decode/bit: bit/rotate/byte manipulation,name-pattern
working/zelres2/code/207MOLE.asm,745,decode_4bit_unpack,proc,1,,A,0,SUPPORTED,decode_4bit_unpack,name-pattern: extract/decode/bit: bit/rotate/byte manipulation,name-pattern
working/zelres2/code/207MOLE.asm,778,mono_scan_loop,proc,1,,A,0,SUPPORTED,mono_scan_loop,name-pattern: loop: backward branch or rep,name-pattern
working/zelres2/code/207MOLE.asm,812,extract_bits,proc,1,,C,0,SUPPORTED,extract_bits,name-pattern: extract/decode/bit: bit/rotate/byte manipulation,name-pattern
working/zelres2/code/207MOLE.asm,843,extract_first_write,label byte,1,,,0,SUPPORTED,extract_first_write,data-pattern: code/flow label: label/colon/db/dw,data-pattern
working/zelres2/code/207MOLE.asm,904,unpack_emit_run,label byte,1,,,0,SUPPORTED,unpack_emit_run,data-pattern: code/flow label: label/colon/db/dw,data-pattern
working/zelres2/code/207MOLE.asm,982,mole_dispatch_24B_anchor,data,1,,,0,SUPPORTED,mole_dispatch_24B_anchor,data-pattern: marker/trailer: any db/dw/dd or label,data-pattern
working/zelres2/code/207MOLE.asm,1168,mole_sprite_chunk_128A,data,1,,,0,SUPPORTED,mole_sprite_chunk_128A,data-pattern: renamed-anchor data: db/dw/dd/equ or label,data-pattern
working/zelres2/code/207MOLE.asm,1946,write_dma_port_then_pad,proc,1,,,0,SUPPORTED,write_dma_port_then_pad,name-pattern: load/save/read/write: at least one memory op or loader call,name-pattern
working/zelres2/code/207MOLE.asm,1962,sprite_data_row_2,label byte,1,,,0,SUPPORTED,sprite_data_row_2,data-pattern: data: db/dw/dd or label marker,data-pattern
working/zelres2/code/208YMPD.asm,124,run_satono_bg_main,proc,1,,,0,SUPPORTED,run_satono_bg_main,name-pattern: main entry: calls subroutines + returns/exits,name-pattern
working/zelres2/code/208YMPD.asm,175,rle_decode_mountain_88x56,proc,1,,,0,SUPPORTED,rle_decode_mountain_88x56,name-pattern: rle: run-length encode/decode,name-pattern
working/zelres2/code/208YMPD.asm,209,render_mountains,proc,1,,,0,SUPPORTED,render_mountains,"name-pattern: render/blit/draw: writes/reads ES, gfx call/jmp, helper call, or ES macro",name-pattern
working/zelres2/code/208YMPD.asm,251,ega_mtn_blit_88_rows,proc,1,,,0,SUPPORTED,ega_mtn_blit_88_rows,"name-pattern: render/blit/draw: writes/reads ES, gfx call/jmp, helper call, or ES macro",name-pattern
working/zelres2/code/208YMPD.asm,442,pixel_expand_mcga,proc,1,,A,0,SUPPORTED,pixel_expand_mcga,name-pattern: verb_noun proc: any substantive body content,name-pattern
working/zelres2/code/208YMPD.asm,500,pixel_expand_cga,proc,1,,A,0,SUPPORTED,pixel_expand_cga,name-pattern: verb_noun proc: any substantive body content,name-pattern
working/zelres2/code/208YMPD.asm,538,rle_decode_ground_28,proc,1,,A,0,SUPPORTED,rle_decode_ground_28,name-pattern: rle: run-length encode/decode,name-pattern
working/zelres2/code/208YMPD.asm,568,render_ground,proc,1,,A,0,SUPPORTED,render_ground,"name-pattern: render/blit/draw: writes/reads ES, gfx call/jmp, helper call, or ES macro",name-pattern
working/zelres2/code/208YMPD.asm,649,copy_28b_ega,proc,1,,A,0,SUPPORTED,copy_28b_ega,name-pattern: copy_*: rep movs or load/store sequence,name-pattern
working/zelres2/code/208YMPD.asm,1021,pixel_expand_cgaalt,proc,1,,A,0,SUPPORTED,pixel_expand_cgaalt,name-pattern: verb_noun proc: any substantive body content,name-pattern
working/zelres2/code/209CKPD.asm,159,bos_render_main,proc,1,,C,0,SUPPORTED,bos_render_main,"name-pattern: render/blit/draw: writes/reads ES, gfx call/jmp, helper call, or ES macro",name-pattern
working/zelres2/code/209CKPD.asm,222,bos_frame_dispatch,proc,1,,A,0,SUPPORTED,bos_frame_dispatch,name-pattern: dispatcher: indirect call/jmp or cmp-cascade discriminator,name-pattern
working/zelres2/code/209CKPD.asm,484,vga_row_copy,proc,1,,A,0,SUPPORTED,vga_row_copy,name-pattern: video mode op: video memory or port I/O,name-pattern
working/zelres2/code/209CKPD.asm,551,nibble_expand_8,proc,1,,A,0,SUPPORTED,nibble_expand_8,name-pattern: verb_noun proc: any substantive body content,name-pattern
working/zelres2/code/209CKPD.asm,630,decode_nibble_pair,proc,1,,,0,SUPPORTED,decode_nibble_pair,name-pattern: extract/decode/bit: bit/rotate/byte manipulation,name-pattern
working/zelres2/code/209CKPD.asm,660,sprite_rle_decode,proc,1,,C,0,SUPPORTED,sprite_rle_decode,name-pattern: extract/decode/bit: bit/rotate/byte manipulation,name-pattern
working/zelres2/code/209CKPD.asm,700,render_dispatch_layer2,proc,1,,,0,SUPPORTED,render_dispatch_layer2,name-pattern: verb_noun proc: any substantive body content,name-pattern
working/zelres2/code/209CKPD.asm,952,nibble_expand_8_b,proc,1,,A,0,SUPPORTED,nibble_expand_8_b,name-pattern: verb_noun proc: any substantive body content,name-pattern
working/zelres2/code/209CKPD.asm,1022,decode_nibble_pair_alt,proc,1,,,0,SUPPORTED,decode_nibble_pair_alt,name-pattern: extract/decode/bit: bit/rotate/byte manipulation,name-pattern
working/zelres2/code/209CKPD.asm,1159,ckpd_raw_region_anchor_a,data,1,,,0,SUPPORTED,ckpd_raw_region_anchor_a,data-pattern: renamed-anchor data: db/dw/dd/equ or label,data-pattern
working/zelres2/code/209CKPD.asm,1487,ckpd_pattern_dst_buf,data,1,,,0,SUPPORTED,ckpd_pattern_dst_buf,data-pattern: buffer: db/dw N dup(0) or zero placeholder or label marker,data-pattern
working/zelres2/code/209CKPD.asm,1600,ckpd_obfuscated_value,data,1,,,0,SUPPORTED,ckpd_obfuscated_value,data-pattern: renamed-anchor data: db/dw/dd/equ or label,data-pattern
working/zelres2/code/209CKPD.asm,1726,ckpd_raw_region_anchor_b,data,1,,,0,SUPPORTED,ckpd_raw_region_anchor_b,data-pattern: renamed-anchor data: db/dw/dd/equ or label,data-pattern
working/zelres2/code/210KINGP.asm,91,run_kingp_main,proc,1,,,0,SUPPORTED,run_kingp_main,name-pattern: main entry: calls subroutines + returns/exits,name-pattern
working/zelres2/code/210KINGP.asm,134,script_cmd_dispatch,proc,1,,A,0,SUPPORTED,script_cmd_dispatch,name-pattern: dispatcher: indirect call/jmp or cmp-cascade discriminator,name-pattern
working/zelres2/code/210KINGP.asm,252,short_wait,proc,1,,A,0,SUPPORTED,short_wait,"name-pattern: wait/poll/delay: backward branch, rep, or wait/delay helper call",name-pattern
working/zelres2/code/210KINGP.asm,263,render_portrait,proc,1,,A,0,SUPPORTED,render_portrait,"name-pattern: render/blit/draw: writes/reads ES, gfx call/jmp, helper call, or ES macro",name-pattern
working/zelres2/code/210KINGP.asm,297,render_portrait_variant,proc,1,,A,0,SUPPORTED,render_portrait_variant,"name-pattern: render/blit/draw: writes/reads ES, gfx call/jmp, helper call, or ES macro",name-pattern
working/zelres2/code/210KINGP.asm,390,face_anim_tick,proc,1,,D,0,SUPPORTED,face_anim_tick,name-pattern: verb_noun proc: any substantive body content,name-pattern
working/zelres2/code/210KINGP.asm,402,face_mode_update,proc,1,,,0,SUPPORTED,face_mode_update,name-pattern: verb_noun proc: any substantive body content,name-pattern
working/zelres2/code/210KINGP.asm,525,select_script_branch,proc,1,,A,0,SUPPORTED,select_script_branch,name-pattern: verb_noun proc: any substantive body content,name-pattern
working/zelres2/code/210KINGP.asm,610,data_portrait_tail,data,1,,,0,SUPPORTED,data_portrait_tail,data-pattern: data: db/dw/dd or label marker,data-pattern
working/zelres2/code/211OMOYP.asm,80,run_omoyp_main,proc,1,,,0,SUPPORTED,run_omoyp_main,name-pattern: main entry: calls subroutines + returns/exits,name-pattern
working/zelres2/code/211OMOYP.asm,177,ref_enddemo,data,1,,,0,SUPPORTED,ref_enddemo,data-pattern: resource reference: db/dw or label-byte/word marker,data-pattern
working/zelres2/code/211OMOYP.asm,139,end_demo_transition,label word,1,,,0,SUPPORTED,end_demo_transition,data-pattern: flag/state/activity: label/colon/db/dw,data-pattern
working/zelres2/code/211OMOYP.asm,240,banner_row_loop,label byte,0,,,0,SUPPORTED,banner_row_loop,data-pattern: code/flow label: label/colon/db/dw,data-pattern
working/zelres2/code/211OMOYP.asm,235,draw_hut_banner,proc,1,,A,0,SUPPORTED,draw_hut_banner,"name-pattern: render/blit/draw: writes/reads ES, gfx call/jmp, helper call, or ES macro",name-pattern
working/zelres2/code/211OMOYP.asm,244,banner_col_loop,label byte,0,,,0,SUPPORTED,banner_col_loop,data-pattern: code/flow label: label/colon/db/dw,data-pattern
working/zelres2/code/211OMOYP.asm,316,ref_omoya_grp,data,1,,,0,SUPPORTED,ref_omoya_grp,data-pattern: resource reference: db/dw or label-byte/word marker,data-pattern
working/zelres2/code/211OMOYP.asm,320,banner_msg_header,label byte,1,,,0,SUPPORTED,banner_msg_header,data-pattern: content/lookup data: any db/dw or label,data-pattern
working/zelres2/code/212ARMRP.asm,150,run_armrp_main,proc,1,,,0,SUPPORTED,run_armrp_main,name-pattern: main entry: calls subroutines + returns/exits,name-pattern
working/zelres2/code/212ARMRP.asm,216,build_mouth_bitmap_a,proc,1,,A,0,SUPPORTED,build_mouth_bitmap_a,name-pattern: build_*: builds data structure via writes,name-pattern
working/zelres2/code/212ARMRP.asm,246,build_mouth_bitmap_b,proc,1,,A,0,SUPPORTED,build_mouth_bitmap_b,name-pattern: build_*: builds data structure via writes,name-pattern
working/zelres2/code/212ARMRP.asm,276,shop_menu_dispatch,proc,1,,A,0,SUPPORTED,shop_menu_dispatch,name-pattern: dispatcher: indirect call/jmp or cmp-cascade discriminator,name-pattern
working/zelres2/code/212ARMRP.asm,552,install_knight_sword_hook_a,proc,1,,,0,SUPPORTED,install_knight_sword_hook_a,name-pattern: verb_noun proc: any substantive body content,name-pattern
working/zelres2/code/212ARMRP.asm,889,wait_frame_delay,proc,1,,,0,SUPPORTED,wait_frame_delay,"name-pattern: wait/poll/delay: backward branch, rep, or wait/delay helper call",name-pattern
working/zelres2/code/212ARMRP.asm,924,install_knight_sword_hook_b,proc,1,,,0,SUPPORTED,install_knight_sword_hook_b,name-pattern: verb_noun proc: any substantive body content,name-pattern
working/zelres2/code/212ARMRP.asm,948,clear_menu_rect,proc,1,,A,0,SUPPORTED,clear_menu_rect,name-pattern: set/clear/reset/zero: writes register/memory,name-pattern
working/zelres2/code/212ARMRP.asm,956,shopkeeper_anim_tick,proc,1,,D,0,SUPPORTED,shopkeeper_anim_tick,name-pattern: verb_noun proc: any substantive body content,name-pattern
working/zelres2/code/212ARMRP.asm,1054,render_shopkeeper_frame,proc,1,,C,0,SUPPORTED,render_shopkeeper_frame,"name-pattern: render/blit/draw: writes/reads ES, gfx call/jmp, helper call, or ES macro",name-pattern
working/zelres2/code/213BANKP.asm,118,run_bank_main,proc,1,,,0,SUPPORTED,run_bank_main,name-pattern: main entry: calls subroutines + returns/exits,name-pattern
working/zelres2/code/213BANKP.asm,182,script_opcode_dispatch,proc,1,,A,0,SUPPORTED,script_opcode_dispatch,name-pattern: dispatcher: indirect call/jmp or cmp-cascade discriminator,name-pattern
working/zelres2/code/213BANKP.asm,208,script_step_entry_word,data,1,,,0,SUPPORTED,script_step_entry_word,data-pattern: renamed-anchor data: db/dw/dd/equ or label,data-pattern
working/zelres2/code/213BANKP.asm,633,clear_dialog_area,proc,1,,A,0,SUPPORTED,clear_dialog_area,name-pattern: set/clear/reset/zero: writes register/memory,name-pattern
working/zelres2/code/213BANKP.asm,641,apply_amount_input_adjust,proc,1,,,0,SUPPORTED,apply_amount_input_adjust,name-pattern: apply_*: writes/calls to apply effect,name-pattern
working/zelres2/code/213BANKP.asm,697,draw_intro_12x8,proc,1,,A,0,SUPPORTED,draw_intro_12x8,"name-pattern: render/blit/draw: writes/reads ES, gfx call/jmp, helper call, or ES macro",name-pattern
working/zelres2/code/213BANKP.asm,745,anim_scroll_step,proc,1,,A,0,SUPPORTED,anim_scroll_step,name-pattern: animation: counter + render dispatch,name-pattern
working/zelres2/code/213BANKP.asm,767,draw_banner_8x5,proc,1,,A,0,SUPPORTED,draw_banner_8x5,"name-pattern: render/blit/draw: writes/reads ES, gfx call/jmp, helper call, or ES macro",name-pattern
working/zelres2/code/213BANKP.asm,830,iter_wait_msg_list,proc,1,,A,0,SUPPORTED,iter_wait_msg_list,"name-pattern: wait/poll/delay: backward branch, rep, or wait/delay helper call",name-pattern
working/zelres2/code/214CHURP.asm,71,run_church_main,proc,1,,,0,SUPPORTED,run_church_main,name-pattern: main entry: calls subroutines + returns/exits,name-pattern
working/zelres2/code/214CHURP.asm,124,script_opcode_dispatch,proc,1,,A,0,SUPPORTED,script_opcode_dispatch,name-pattern: dispatcher: indirect call/jmp or cmp-cascade discriminator,name-pattern
working/zelres2/code/214CHURP.asm,156,rest_wait_loop,data,1,,,0,SUPPORTED,rest_wait_loop,data-pattern: loop data: any db/dw or label,data-pattern
working/zelres2/code/214CHURP.asm,250,draw_intro_12x8,proc,1,,A,0,SUPPORTED,draw_intro_12x8,"name-pattern: render/blit/draw: writes/reads ES, gfx call/jmp, helper call, or ES macro",name-pattern
working/zelres2/code/214CHURP.asm,293,anim_scroll_step,proc,1,,C,0,SUPPORTED,anim_scroll_step,name-pattern: animation: counter + render dispatch,name-pattern
working/zelres2/code/214CHURP.asm,314,anim_draw_a,proc,1,,C,0,SUPPORTED,anim_draw_a,"name-pattern: render/blit/draw: writes/reads ES, gfx call/jmp, helper call, or ES macro",name-pattern
working/zelres2/code/214CHURP.asm,409,pick_welcome_text,proc,1,,A,0,SUPPORTED,pick_welcome_text,name-pattern: verb_noun proc: any substantive body content,name-pattern
working/zelres2/code/215DRUGP.asm,105,run_drugstore_main,proc,1,,,0,SUPPORTED,run_drugstore_main,name-pattern: main entry: calls subroutines + returns/exits,name-pattern
working/zelres2/code/215DRUGP.asm,159,wizard_process_loop,proc,1,,A,0,SUPPORTED,wizard_process_loop,name-pattern: loop: backward branch or rep,name-pattern
working/zelres2/code/215DRUGP.asm,189,dispatch_shop_cmd,proc,1,,,0,SUPPORTED,dispatch_shop_cmd,name-pattern: dispatcher: indirect call/jmp or cmp-cascade discriminator,name-pattern
working/zelres2/code/215DRUGP.asm,200,shop_cmd1_lo_byte,data,1,,,0,SUPPORTED,shop_cmd1_lo_byte,data-pattern: renamed-anchor data: db/dw/dd/equ or label,data-pattern
working/zelres2/code/215DRUGP.asm,229,drugp_continuation_jmp,data,1,,,0,SUPPORTED,drugp_continuation_jmp,data-pattern: renamed-anchor data: db/dw/dd/equ or label,data-pattern
working/zelres2/code/215DRUGP.asm,514,pack_shop_inv_for_dialog,proc,1,,,0,SUPPORTED,pack_shop_inv_for_dialog,name-pattern: verb_noun proc: any substantive body content,name-pattern
working/zelres2/code/215DRUGP.asm,618,clear_shop_inner_box,proc,1,,,0,SUPPORTED,clear_shop_inner_box,name-pattern: set/clear/reset/zero: writes register/memory,name-pattern
working/zelres2/code/215DRUGP.asm,626,draw_shop_banner,proc,1,,,0,SUPPORTED,draw_shop_banner,"name-pattern: render/blit/draw: writes/reads ES, gfx call/jmp, helper call, or ES macro",name-pattern
working/zelres2/code/215DRUGP.asm,674,animate_wizard_glyphs,proc,1,,,0,SUPPORTED,animate_wizard_glyphs,name-pattern: animation: counter + render dispatch,name-pattern
working/zelres2/code/215DRUGP.asm,736,wizard_scan_loop,proc,1,,A,0,SUPPORTED,wizard_scan_loop,name-pattern: loop: backward branch or rep,name-pattern
working/zelres2/code/216INNAP.asm,61,run_inn_main,proc,1,,,0,SUPPORTED,run_inn_main,name-pattern: main entry: calls subroutines + returns/exits,name-pattern
working/zelres2/code/216INNAP.asm,114,draw_intro_banner,proc,1,,A,0,SUPPORTED,draw_intro_banner,"name-pattern: render/blit/draw: writes/reads ES, gfx call/jmp, helper call, or ES macro",name-pattern
working/zelres2/code/216INNAP.asm,130,inn_opcode_dispatch,proc,1,,A,0,SUPPORTED,inn_opcode_dispatch,name-pattern: dispatcher: indirect call/jmp or cmp-cascade discriminator,name-pattern
working/zelres2/code/216INNAP.asm,155,inn_patch_slot_1,data,1,,,0,SUPPORTED,inn_patch_slot_1,data-pattern: enemy/boss/inn data: db/dw/dd or label marker,data-pattern
working/zelres2/code/216INNAP.asm,156,inn_patch_slot_2,data,1,,,0,SUPPORTED,inn_patch_slot_2,data-pattern: enemy/boss/inn data: db/dw/dd or label marker,data-pattern
working/zelres2/code/216INNAP.asm,162,inn_patch_slot_3,data,1,,,0,SUPPORTED,inn_patch_slot_3,data-pattern: enemy/boss/inn data: db/dw/dd or label marker,data-pattern
working/zelres2/code/216INNAP.asm,165,inn_patch_flag,data,0,,,0,SUPPORTED,inn_patch_flag,data-pattern: enemy/boss/inn data: db/dw/dd or label marker,data-pattern
working/zelres2/code/216INNAP.asm,169,inn_handler_dst_buf,data,1,,,0,SUPPORTED,inn_handler_dst_buf,data-pattern: buffer: db/dw N dup(0) or zero placeholder or label marker,data-pattern
working/zelres2/code/216INNAP.asm,171,inn_patch_word_6,data,1,,,0,SUPPORTED,inn_patch_word_6,data-pattern: enemy/boss/inn data: db/dw/dd or label marker,data-pattern
working/zelres2/code/216INNAP.asm,172,inn_handler_src_buf,data,1,,,0,SUPPORTED,inn_handler_src_buf,data-pattern: buffer: db/dw N dup(0) or zero placeholder or label marker,data-pattern
working/zelres2/code/216INNAP.asm,213,inn_anim_scan_fn_ptr,data,1,,,0,SUPPORTED,inn_anim_scan_fn_ptr,data-pattern: pointer/offset/address: db/dw/dd,data-pattern
working/zelres2/code/216INNAP.asm,265,inn_wait_long,proc,1,,A,0,SUPPORTED,inn_wait_long,name-pattern: verb_noun proc: any substantive body content,name-pattern
working/zelres2/code/216INNAP.asm,280,inn_wait_short,proc,1,,A,0,SUPPORTED,inn_wait_short,name-pattern: verb_noun proc: any substantive body content,name-pattern
working/zelres2/code/216INNAP.asm,296,inn_anim_step,proc,1,,A,0,SUPPORTED,inn_anim_step,name-pattern: verb_noun proc: any substantive body content,name-pattern
working/zelres2/code/216INNAP.asm,332,draw_intro_tile_map,proc,1,,A,0,SUPPORTED,draw_intro_tile_map,"name-pattern: render/blit/draw: writes/reads ES, gfx call/jmp, helper call, or ES macro",name-pattern
working/zelres2/code/216INNAP.asm,341,intro_map_inner,label byte,0,,,0,SUPPORTED,intro_map_inner,data-pattern: code/flow label: label/colon/db/dw,data-pattern
working/zelres2/code/216INNAP.asm,391,anim_scan_active,label byte,1,,,0,SUPPORTED,anim_scan_active,data-pattern: flag/state byte: db 0 / 0FFh / equ / label,data-pattern
working/zelres2/code/216INNAP.asm,386,inn_anim_scan,proc,1,,C,0,SUPPORTED,inn_anim_scan,name-pattern: scan: compare + loop,name-pattern
working/zelres2/code/216INNAP.asm,437,inn_tile_map_tail,label word,1,,,0,SUPPORTED,inn_tile_map_tail,data-pattern: enemy/boss/inn data: db/dw/dd or label marker,data-pattern
working/zelres2/code/216INNAP.asm,474,ref_inn_grp,data,1,,,0,SUPPORTED,ref_inn_grp,data-pattern: resource reference: db/dw or label-byte/word marker,data-pattern
working/zelres2/code/217KENJP.asm,166,run_kenja_main,proc,1,,,0,SUPPORTED,run_kenja_main,name-pattern: main entry: calls subroutines + returns/exits,name-pattern
working/zelres2/code/217KENJP.asm,201,load_sage_chunk,proc,1,,D,0,SUPPORTED,load_sage_chunk,name-pattern: load/save/read/write: at least one memory op or loader call,name-pattern
working/zelres2/code/217KENJP.asm,226,kenja_cmd_dispatch,proc,1,,A,0,SUPPORTED,kenja_cmd_dispatch,name-pattern: dispatcher: indirect call/jmp or cmp-cascade discriminator,name-pattern
working/zelres2/code/217KENJP.asm,238,kenj_inplace_buf,data,1,,,0,SUPPORTED,kenj_inplace_buf,data-pattern: buffer: db/dw N dup(0) or zero placeholder or label marker,data-pattern
working/zelres2/code/217KENJP.asm,249,kenj_input_flags,data,0,,,0,SUPPORTED,kenj_input_flags,data-pattern: renamed-anchor data: db/dw/dd/equ or label,data-pattern
working/zelres2/code/217KENJP.asm,266,kenj_dispatch_fn_ptr,data,1,,,0,SUPPORTED,kenj_dispatch_fn_ptr,data-pattern: pointer/offset/address: db/dw/dd,data-pattern
working/zelres2/code/217KENJP.asm,329,scan_blessing_attrs,proc,1,,A,0,SUPPORTED,scan_blessing_attrs,name-pattern: find/scan: scasb/cmp/loop,name-pattern
working/zelres2/code/217KENJP.asm,379,check_hp_exp_tier,proc,1,,C,0,SUPPORTED,check_hp_exp_tier,name-pattern: check/test: cmp/test followed by branch,name-pattern
working/zelres2/code/217KENJP.asm,629,wait_frames_140,proc,1,,A,0,SUPPORTED,wait_frames_140,"name-pattern: wait/poll/delay: backward branch, rep, or wait/delay helper call",name-pattern
working/zelres2/code/217KENJP.asm,644,log_experience_entry,proc,1,,,0,SUPPORTED,log_experience_entry,name-pattern: enter/exit/entry: state transition,name-pattern
working/zelres2/code/217KENJP.asm,762,draw_char_row,proc,1,,A,0,SUPPORTED,draw_char_row,"name-pattern: render/blit/draw: writes/reads ES, gfx call/jmp, helper call, or ES macro",name-pattern
working/zelres2/code/217KENJP.asm,793,wait_name_input,proc,1,,,0,SUPPORTED,wait_name_input,"name-pattern: wait/poll/delay: backward branch, rep, or wait/delay helper call",name-pattern
working/zelres2/code/217KENJP.asm,1052,update_name_cursor,proc,1,,C,0,SUPPORTED,update_name_cursor,name-pattern: process/update/advance: state-update operations,name-pattern
working/zelres2/code/217KENJP.asm,1103,render_name_field,proc,1,,,0,SUPPORTED,render_name_field,"name-pattern: render/blit/draw: writes/reads ES, gfx call/jmp, helper call, or ES macro",name-pattern
working/zelres2/code/217KENJP.asm,1249,clear_sage_region,proc,1,,A,0,SUPPORTED,clear_sage_region,name-pattern: set/clear/reset/zero: writes register/memory,name-pattern
working/zelres2/code/217KENJP.asm,1257,draw_sage_tile_grid,proc,1,,A,0,SUPPORTED,draw_sage_tile_grid,"name-pattern: render/blit/draw: writes/reads ES, gfx call/jmp, helper call, or ES macro",name-pattern
working/zelres2/code/217KENJP.asm,1299,render_glyph_32,proc,1,,A,0,SUPPORTED,render_glyph_32,"name-pattern: render/blit/draw: writes/reads ES, gfx call/jmp, helper call, or ES macro",name-pattern
working/zelres2/code/217KENJP.asm,1386,anim_tick,proc,1,,C,0,SUPPORTED,anim_tick,name-pattern: animation: counter + render dispatch,name-pattern
working/zelres2/code/217KENJP.asm,1460,kenj_phase_inc_table,data,1,,,0,SUPPORTED,kenj_phase_inc_table,"data-pattern: table/params/LUT: multi-element db/dw, label, or string content",data-pattern
working/zelres2/code/217KENJP.asm,1464,sage_intro_dispatch,proc,1,,A,0,SUPPORTED,sage_intro_dispatch,name-pattern: dispatcher: indirect call/jmp or cmp-cascade discriminator,name-pattern
working/zelres2/code/217KENJP.asm,1576,kenj_str_outside_at_7,data,1,,,0,SUPPORTED,kenj_str_outside_at_7,data-pattern: code/flow label: label/colon/db/dw,data-pattern
working/zelres2/code/217KENJP.asm,1588,kenj_str_spirits_anchor,data,1,,,0,SUPPORTED,kenj_str_spirits_anchor,data-pattern: marker/trailer: any db/dw/dd or label,data-pattern
working/zelres2/code/250ENDMO.asm,240,run_ending_scene_main,proc,1,,,0,SUPPORTED,run_ending_scene_main,name-pattern: main entry: calls subroutines + returns/exits,name-pattern
working/zelres2/code/250ENDMO.asm,456,timer_wait_loop,proc,1,,A,0,SUPPORTED,timer_wait_loop,"name-pattern: wait/poll/delay: backward branch, rep, or wait/delay helper call",name-pattern
working/zelres2/code/250ENDMO.asm,467,gfx_driver_tick_full,proc,1,,D,0,SUPPORTED,gfx_driver_tick_full,name-pattern: verb_noun proc: any substantive body content,name-pattern
working/zelres2/code/250ENDMO.asm,480,render_narration_page,proc,1,,D,0,SUPPORTED,render_narration_page,"name-pattern: render/blit/draw: writes/reads ES, gfx call/jmp, helper call, or ES macro",name-pattern
working/zelres2/code/250ENDMO.asm,841,measure_script_word_width,proc,1,,A,0,SUPPORTED,measure_script_word_width,name-pattern: verb_noun proc: any substantive body content,name-pattern
working/zelres2/code/250ENDMO.asm,938,run_credits_loop_main,proc,1,,,0,SUPPORTED,run_credits_loop_main,name-pattern: main entry: calls subroutines + returns/exits,name-pattern
working/zelres2/code/250ENDMO.asm,1081,put_credits_char,proc,1,,,0,SUPPORTED,put_credits_char,name-pattern: verb_noun proc: any substantive body content,name-pattern
working/zelres2/code/250ENDMO.asm,1214,credits_wait_tick,proc,1,,A,0,SUPPORTED,credits_wait_tick,"name-pattern: wait/poll/delay: backward branch, rep, or wait/delay helper call",name-pattern
working/zelres2/code/250ENDMO.asm,1225,credits_driver_tick,proc,1,,A,0,SUPPORTED,credits_driver_tick,name-pattern: credits_*: credits dispatch/render,name-pattern
working/zelres2/code/250ENDMO.asm,1238,rle_blit_pair,proc,1,,C,0,SUPPORTED,rle_blit_pair,name-pattern: verb_noun proc: any substantive body content,name-pattern
working/zelres2/code/250ENDMO.asm,1244,rle_decode_plane,proc,1,,C,0,SUPPORTED,rle_decode_plane,name-pattern: rle: run-length encode/decode,name-pattern
working/zelres2/code/250ENDMO.asm,1359,fill_credits_triplane,proc,1,,A,0,SUPPORTED,fill_credits_triplane,name-pattern: fill_*: rep stos or memory write,name-pattern
working/zelres2/code/250ENDMO.asm,1862,bitmap_row_byte,data,1,,,0,SUPPORTED,bitmap_row_byte,data-pattern: row/col offset/data: any db/dw,data-pattern
working/zelres2/code/250ENDMO.asm,2121,full_scroll_fn_ptr,data,1,,,0,SUPPORTED,full_scroll_fn_ptr,data-pattern: pointer/offset/address: db/dw/dd,data-pattern
working/zelres2/code/250ENDMO.asm,2193,ref_waku_grp,data,1,,,0,SUPPORTED,ref_waku_grp,data-pattern: resource reference: db/dw or label-byte/word marker,data-pattern
working/zelres2/code/250ENDMO.asm,2195,ref_sei_grp,data,1,,,0,SUPPORTED,ref_sei_grp,data-pattern: resource reference: db/dw or label-byte/word marker,data-pattern
working/zelres2/code/250ENDMO.asm,2197,ref_yuup_grp,data,1,,,0,SUPPORTED,ref_yuup_grp,data-pattern: resource reference: db/dw or label-byte/word marker,data-pattern
working/zelres3/code/300ROKAD.asm,160,run_roka_demo_main,proc,1,,,0,SUPPORTED,run_roka_demo_main,name-pattern: main entry: calls subroutines + returns/exits,name-pattern
working/zelres3/code/300ROKAD.asm,445,draw_pose_3x3,proc,1,,C,0,SUPPORTED,draw_pose_3x3,"name-pattern: render/blit/draw: writes/reads ES, gfx call/jmp, helper call, or ES macro",name-pattern
working/zelres3/code/300ROKAD.asm,554,frame_wait,label byte,1,,,0,SUPPORTED,frame_wait,data-pattern: flag/state/activity: label/colon/db/dw,data-pattern
working/zelres3/code/300ROKAD.asm,549,wait_frame,proc,1,,A,0,SUPPORTED,wait_frame,name-pattern: frame/row/col: video write or row/col loop,name-pattern
working/zelres3/code/300ROKAD.asm,562,bres_setup,proc,1,,C,0,SUPPORTED,bres_setup,name-pattern: init/setup: writes initial state,name-pattern
working/zelres3/code/300ROKAD.asm,613,bres_step,proc,1,,C,0,SUPPORTED,bres_step,name-pattern: bres_: Bresenham line setup/step,name-pattern
working/zelres3/code/300ROKAD.asm,655,bres_step_y_done,label byte,1,,,0,SUPPORTED,bres_step_y_done,data-pattern: flag/state byte: db 0 / 0FFh / equ / label,data-pattern
working/zelres3/code/300ROKAD.asm,655,bres_step_y_done,label word,1,,,0,SUPPORTED,bres_step_y_done,data-pattern: flag/state byte: db 0 / 0FFh / equ / label,data-pattern
working/zelres3/code/300ROKAD.asm,713,ref_mfan_msd,label byte,1,,,0,SUPPORTED,ref_mfan_msd,data-pattern: resource reference: db/dw or label-byte/word marker,data-pattern
working/zelres3/code/300ROKAD.asm,718,ref_6dman_grp,label byte,1,,,0,SUPPORTED,ref_6dman_grp,data-pattern: resource reference: db/dw or label-byte/word marker,data-pattern
working/zelres3/code/301EAI1.asm,127,run_crab_ai_main,proc,1,,,0,SUPPORTED,run_crab_ai_main,name-pattern: main entry: calls subroutines + returns/exits,name-pattern
working/zelres3/code/301EAI1.asm,144,crab_ai_init_src,label word,0,,,0,SUPPORTED,crab_ai_init_src,data-pattern: code/flow label: label/colon/db/dw,data-pattern
working/zelres3/code/301EAI1.asm,207,crab_frame_00,label word,1,,,0,SUPPORTED,crab_frame_00,data-pattern: enemy/boss/inn data: db/dw/dd or label marker,data-pattern
working/zelres3/code/301EAI1.asm,236,crab_facing_fn_ptr,data,1,,,0,SUPPORTED,crab_facing_fn_ptr,data-pattern: pointer/offset/address: db/dw/dd,data-pattern
working/zelres3/code/301EAI1.asm,305,crab_anim_phase_marker,data,1,,,0,SUPPORTED,crab_anim_phase_marker,data-pattern: enemy/boss/inn data: db/dw/dd or label marker,data-pattern
working/zelres3/code/301EAI1.asm,562,phase_advance_helper,proc,1,,A,0,SUPPORTED,phase_advance_helper,driver-signature: phase counter advance helper,driver-sig
working/zelres3/code/301EAI1.asm,706,distance_check_8,proc,1,,C,0,SUPPORTED,distance_check_8,driver-signature: distance threshold check (8-pixel range),driver-sig
working/zelres3/code/301EAI1.asm,971,distance_check_6,proc,1,,C,0,SUPPORTED,distance_check_6,name-pattern: distance_*: position diff + threshold,name-pattern
working/zelres3/code/302EAI2.asm,129,run_tako_ai_main,proc,1,,,0,SUPPORTED,run_tako_ai_main,name-pattern: main entry: calls subroutines + returns/exits,name-pattern
working/zelres3/code/302EAI2.asm,145,tako_init_src_dst,label word,1,,,0,SUPPORTED,tako_init_src_dst,data-pattern: enemy/boss/inn data: db/dw/dd or label marker,data-pattern
working/zelres3/code/302EAI2.asm,212,tako_frame_data,label word,1,,,0,SUPPORTED,tako_frame_data,data-pattern: data: db/dw/dd or label marker,data-pattern
working/zelres3/code/302EAI2.asm,212,tako_frame_data,label byte,1,,,0,SUPPORTED,tako_frame_data,data-pattern: data: db/dw/dd or label marker,data-pattern
working/zelres3/code/302EAI2.asm,192,eai2_offset_anchor,data,1,,,0,SUPPORTED,eai2_offset_anchor,data-pattern: marker/trailer: any db/dw/dd or label,data-pattern
working/zelres3/code/302EAI2.asm,241,eai2_bc_string_anchor,data,1,,,0,SUPPORTED,eai2_bc_string_anchor,data-pattern: marker/trailer: any db/dw/dd or label,data-pattern
working/zelres3/code/302EAI2.asm,274,tako_frame_A1B9,label byte,1,,,0,SUPPORTED,tako_frame_A1B9,data-pattern: enemy/boss/inn data: db/dw/dd or label marker,data-pattern
working/zelres3/code/302EAI2.asm,283,tako_frame_A1E1,label byte,1,,,0,SUPPORTED,tako_frame_A1E1,data-pattern: enemy/boss/inn data: db/dw/dd or label marker,data-pattern
working/zelres3/code/302EAI2.asm,300,tako_frame_A23B,label byte,1,,,0,SUPPORTED,tako_frame_A23B,data-pattern: enemy/boss/inn data: db/dw/dd or label marker,data-pattern
working/zelres3/code/302EAI2.asm,370,tako_aux_records,label byte,1,,,0,SUPPORTED,tako_aux_records,data-pattern: enemy/boss/inn data: db/dw/dd or label marker,data-pattern
working/zelres3/code/302EAI2.asm,370,tako_aux_records,label word,1,,,0,SUPPORTED,tako_aux_records,data-pattern: enemy/boss/inn data: db/dw/dd or label marker,data-pattern
working/zelres3/code/302EAI2.asm,600,tako_tentacle_mask_a,data,1,,,0,SUPPORTED,tako_tentacle_mask_a,data-pattern: enemy/boss/inn data: db/dw/dd or label marker,data-pattern
working/zelres3/code/302EAI2.asm,601,tako_tentacle_mask_b,data,1,,,0,SUPPORTED,tako_tentacle_mask_b,data-pattern: enemy/boss/inn data: db/dw/dd or label marker,data-pattern
working/zelres3/code/302EAI2.asm,607,step_pos_x,proc,1,,C,0,SUPPORTED,step_pos_x,name-pattern: process/update/advance: state-update operations,name-pattern
working/zelres3/code/302EAI2.asm,636,collide_check_right,proc,1,,D,0,SUPPORTED,collide_check_right,name-pattern: collide_*: position compare + branch,name-pattern
working/zelres3/code/302EAI2.asm,671,step_neg_x,proc,1,,A,0,SUPPORTED,step_neg_x,name-pattern: process/update/advance: state-update operations,name-pattern
working/zelres3/code/302EAI2.asm,699,collide_check_left,proc,1,,D,0,SUPPORTED,collide_check_left,name-pattern: collide_*: position compare + branch,name-pattern
working/zelres3/code/302EAI2.asm,734,step_swim_y,proc,1,,A,0,SUPPORTED,step_swim_y,name-pattern: process/update/advance: state-update operations,name-pattern
working/zelres3/code/302EAI2.asm,761,collide_check_y,proc,1,,D,0,SUPPORTED,collide_check_y,name-pattern: collide_*: position compare + branch,name-pattern
working/zelres3/code/302EAI2.asm,1061,distance_check_5,proc,1,,C,0,SUPPORTED,distance_check_5,driver-signature: distance threshold check (5-pixel range),driver-sig
working/zelres3/code/302EAI2.asm,1303,phase_advance_helper,proc,1,,A,0,SUPPORTED,phase_advance_helper,driver-signature: phase counter advance helper,driver-sig
working/zelres3/code/303EAI3.asm,89,run_tori_ai_main,proc,1,,,0,SUPPORTED,run_tori_ai_main,name-pattern: main entry: calls subroutines + returns/exits,name-pattern
working/zelres3/code/303EAI3.asm,104,file_header,label word,1,,,0,SUPPORTED,file_header,data-pattern: flag/state/activity: label/colon/db/dw,data-pattern
working/zelres3/code/303EAI3.asm,153,tori_frame_00,label word,1,,,0,SUPPORTED,tori_frame_00,data-pattern: enemy/boss/inn data: db/dw/dd or label marker,data-pattern
working/zelres3/code/303EAI3.asm,298,tori_aux_records,label word,1,,,0,SUPPORTED,tori_aux_records,data-pattern: enemy/boss/inn data: db/dw/dd or label marker,data-pattern
working/zelres3/code/303EAI3.asm,809,tori_dist_check_5,proc,1,,C,0,SUPPORTED,tori_dist_check_5,name-pattern: distance_*: position diff + threshold,name-pattern
working/zelres3/code/303EAI3.asm,942,tori_dist_check_6,proc,1,,C,0,SUPPORTED,tori_dist_check_6,name-pattern: distance_*: position diff + threshold,name-pattern
working/zelres3/code/304EAI4.asm,96,run_zela_ai_main,proc,1,,,0,SUPPORTED,run_zela_ai_main,name-pattern: main entry: calls subroutines + returns/exits,name-pattern
working/zelres3/code/304EAI4.asm,146,zela_anim_state_marker,data,1,,,0,SUPPORTED,zela_anim_state_marker,data-pattern: enemy/boss/inn data: db/dw/dd or label marker,data-pattern
working/zelres3/code/304EAI4.asm,178,zela_rng_fn_ptr,data,1,,,0,SUPPORTED,zela_rng_fn_ptr,data-pattern: pointer/offset/address: db/dw/dd,data-pattern
working/zelres3/code/304EAI4.asm,182,zela_phase_marker,data,1,,,0,SUPPORTED,zela_phase_marker,data-pattern: enemy/boss/inn data: db/dw/dd or label marker,data-pattern
working/zelres3/code/304EAI4.asm,215,zela_anim_phase_idx,data,1,,,0,SUPPORTED,zela_anim_phase_idx,data-pattern: enemy/boss/inn data: db/dw/dd or label marker,data-pattern
working/zelres3/code/304EAI4.asm,814,collide_check_dist,proc,1,,D,0,SUPPORTED,collide_check_dist,name-pattern: collide_*: position compare + branch,name-pattern
working/zelres3/code/304EAI4.asm,917,zela_lookup_state,proc,1,,C,0,SUPPORTED,zela_lookup_state,name-pattern: enemy/boss proc: must return (sanity),name-pattern
working/zelres3/code/305EAI5.asm,122,run_meda_ai_main,proc,1,,,0,SUPPORTED,run_meda_ai_main,name-pattern: main entry: calls subroutines + returns/exits,name-pattern
working/zelres3/code/305EAI5.asm,195,meda_collide_marker,data,1,,,0,SUPPORTED,meda_collide_marker,data-pattern: enemy/boss/inn data: db/dw/dd or label marker,data-pattern
working/zelres3/code/305EAI5.asm,197,meda_anim_state_ref,data,1,,,0,SUPPORTED,meda_anim_state_ref,data-pattern: resource reference: db/dw or label-byte/word marker,data-pattern
working/zelres3/code/305EAI5.asm,237,meda_rng_fn_ptr,data,1,,,0,SUPPORTED,meda_rng_fn_ptr,data-pattern: pointer/offset/address: db/dw/dd,data-pattern
working/zelres3/code/305EAI5.asm,263,meda_anim_idx_a,data,1,,,0,SUPPORTED,meda_anim_idx_a,data-pattern: enemy/boss/inn data: db/dw/dd or label marker,data-pattern
working/zelres3/code/305EAI5.asm,266,meda_anim_idx_b,data,1,,,0,SUPPORTED,meda_anim_idx_b,data-pattern: enemy/boss/inn data: db/dw/dd or label marker,data-pattern
working/zelres3/code/305EAI5.asm,607,phase_step_fwd,proc,1,,C,0,SUPPORTED,phase_step_fwd,driver-signature: phase step forward,driver-sig
working/zelres3/code/305EAI5.asm,636,collide_check_fwd,proc,1,,D,0,SUPPORTED,collide_check_fwd,driver-signature: collision check (forward direction),driver-sig
working/zelres3/code/305EAI5.asm,671,phase_step_back,proc,1,,A,0,SUPPORTED,phase_step_back,driver-signature: phase step backward,driver-sig
working/zelres3/code/305EAI5.asm,699,collide_check_back,proc,1,,D,0,SUPPORTED,collide_check_back,driver-signature: collision check (backward direction),driver-sig
working/zelres3/code/305EAI5.asm,734,check_collide_outer_eai5,proc,1,,,0,SUPPORTED,check_collide_outer_eai5,name-pattern: check/test: cmp/test followed by branch,name-pattern
working/zelres3/code/305EAI5.asm,761,check_collide_inner_eai5,proc,1,,,0,SUPPORTED,check_collide_inner_eai5,name-pattern: collide_*: position compare + branch,name-pattern
working/zelres3/code/305EAI5.asm,790,distance_check_4,proc,1,,C,0,SUPPORTED,distance_check_4,name-pattern: distance_*: position diff + threshold,name-pattern
working/zelres3/code/306EAI6.asm,120,run_eai6_main,proc,1,,,0,SUPPORTED,run_eai6_main,name-pattern: main entry: calls subroutines + returns/exits,name-pattern
working/zelres3/code/306EAI6.asm,145,eai6_anim_phase,data,1,,,0,SUPPORTED,eai6_anim_phase,data-pattern: step/init/clear marker: any db/dw/dd or label,data-pattern
working/zelres3/code/306EAI6.asm,149,eai6_collide_marker,data,1,,,0,SUPPORTED,eai6_collide_marker,data-pattern: marker/trailer: any db/dw/dd or label,data-pattern
working/zelres3/code/306EAI6.asm,174,eai6_rng_fn_ptr,data,1,,,0,SUPPORTED,eai6_rng_fn_ptr,data-pattern: pointer/offset/address: db/dw/dd,data-pattern
working/zelres3/code/306EAI6.asm,433,distance_check_4,proc,1,,C,0,SUPPORTED,distance_check_4,name-pattern: distance_*: position diff + threshold,name-pattern
working/zelres3/code/306EAI6.asm,471,phase_step_fwd,proc,1,,C,0,SUPPORTED,phase_step_fwd,driver-signature: phase step forward,driver-sig
working/zelres3/code/306EAI6.asm,500,collide_check_fwd,proc,1,,D,0,SUPPORTED,collide_check_fwd,driver-signature: collision check (forward direction),driver-sig
working/zelres3/code/306EAI6.asm,535,phase_step_back,proc,1,,A,0,SUPPORTED,phase_step_back,driver-signature: phase step backward,driver-sig
working/zelres3/code/306EAI6.asm,563,collide_check_back,proc,1,,D,0,SUPPORTED,collide_check_back,driver-signature: collision check (backward direction),driver-sig
working/zelres3/code/306EAI6.asm,598,check_collide_outer_eai6,proc,1,,,0,SUPPORTED,check_collide_outer_eai6,name-pattern: check/test: cmp/test followed by branch,name-pattern
working/zelres3/code/306EAI6.asm,625,check_collide_inner_eai6,proc,1,,,0,SUPPORTED,check_collide_inner_eai6,name-pattern: collide_*: position compare + branch,name-pattern
working/zelres3/code/306EAI6.asm,841,distance_check_8,proc,1,,C,0,SUPPORTED,distance_check_8,driver-signature: distance threshold check (8-pixel range),driver-sig
working/zelres3/code/306EAI6.asm,987,sub02_flip_to_state2,proc,1,,A,0,SUPPORTED,sub02_flip_to_state2,name-pattern: sub-proc: must return (sanity),name-pattern
working/zelres3/code/306EAI6.asm,1008,sub02_block_or_advance,proc,1,,A,0,SUPPORTED,sub02_block_or_advance,name-pattern: advance: inc/add to advance state,name-pattern
working/zelres3/code/307EAI7.asm,142,run_eai7_main,proc,1,,,0,SUPPORTED,run_eai7_main,name-pattern: main entry: calls subroutines + returns/exits,name-pattern
working/zelres3/code/307EAI7.asm,179,eai7_collide_marker,data,1,,,0,SUPPORTED,eai7_collide_marker,data-pattern: marker/trailer: any db/dw/dd or label,data-pattern
working/zelres3/code/307EAI7.asm,208,eai7_rng_fn_ptr,data,1,,,0,SUPPORTED,eai7_rng_fn_ptr,data-pattern: pointer/offset/address: db/dw/dd,data-pattern
working/zelres3/code/307EAI7.asm,227,eai7_anim_state_ref,data,1,,,0,SUPPORTED,eai7_anim_state_ref,data-pattern: resource reference: db/dw or label-byte/word marker,data-pattern
working/zelres3/code/307EAI7.asm,500,phase_step_fwd,proc,1,,C,0,SUPPORTED,phase_step_fwd,driver-signature: phase step forward,driver-sig
working/zelres3/code/307EAI7.asm,529,collide_check_fwd,proc,1,,D,0,SUPPORTED,collide_check_fwd,driver-signature: collision check (forward direction),driver-sig
working/zelres3/code/307EAI7.asm,564,phase_step_back,proc,1,,A,0,SUPPORTED,phase_step_back,driver-signature: phase step backward,driver-sig
working/zelres3/code/307EAI7.asm,592,collide_check_back,proc,1,,D,0,SUPPORTED,collide_check_back,driver-signature: collision check (backward direction),driver-sig
working/zelres3/code/307EAI7.asm,627,check_collide_outer_eai7,proc,1,,,0,SUPPORTED,check_collide_outer_eai7,name-pattern: check/test: cmp/test followed by branch,name-pattern
working/zelres3/code/307EAI7.asm,654,check_collide_inner_eai7,proc,1,,,0,SUPPORTED,check_collide_inner_eai7,name-pattern: collide_*: position compare + branch,name-pattern
working/zelres3/code/307EAI7.asm,692,distance_check_5,proc,1,,C,0,SUPPORTED,distance_check_5,driver-signature: distance threshold check (5-pixel range),driver-sig
working/zelres3/code/307EAI7.asm,1032,distance_check_6,proc,1,,C,0,SUPPORTED,distance_check_6,name-pattern: distance_*: position diff + threshold,name-pattern
working/zelres3/code/308EAI8.asm,133,run_eai8_main,proc,1,,,0,SUPPORTED,run_eai8_main,name-pattern: main entry: calls subroutines + returns/exits,name-pattern
working/zelres3/code/308EAI8.asm,212,eai8_rng_fn_ptr,data,1,,,0,SUPPORTED,eai8_rng_fn_ptr,data-pattern: pointer/offset/address: db/dw/dd,data-pattern
working/zelres3/code/308EAI8.asm,415,collide_check_fwd,proc,1,,D,0,SUPPORTED,collide_check_fwd,driver-signature: collision check (forward direction),driver-sig
working/zelres3/code/308EAI8.asm,482,collide_check_back,proc,1,,D,0,SUPPORTED,collide_check_back,driver-signature: collision check (backward direction),driver-sig
working/zelres3/code/308EAI8.asm,709,rng_pick_facing,proc,1,,A,0,SUPPORTED,rng_pick_facing,name-pattern: verb_noun proc: any substantive body content,name-pattern
working/zelres3/code/308EAI8.asm,771,phase_advance_helper,proc,1,,A,0,SUPPORTED,phase_advance_helper,driver-signature: phase counter advance helper,driver-sig
working/zelres3/code/308EAI8.asm,870,distance_check_8,proc,1,,C,0,SUPPORTED,distance_check_8,driver-signature: distance threshold check (8-pixel range),driver-sig
working/zelres3/code/308EAI8.asm,910,distance_check_5,proc,1,,C,0,SUPPORTED,distance_check_5,driver-signature: distance threshold check (5-pixel range),driver-sig
working/zelres3/code/309CRAB.asm,102,run_crab_main,proc,1,,,0,SUPPORTED,run_crab_main,name-pattern: main entry: calls subroutines + returns/exits,name-pattern
working/zelres3/code/309CRAB.asm,117,crab_init_src_dst,label word,1,,,0,SUPPORTED,crab_init_src_dst,data-pattern: enemy/boss/inn data: db/dw/dd or label marker,data-pattern
working/zelres3/code/309CRAB.asm,192,crab_const_2600,data,1,,,0,SUPPORTED,crab_const_2600,data-pattern: enemy/boss/inn data: db/dw/dd or label marker,data-pattern
working/zelres3/code/309CRAB.asm,232,crab_const_2692,data,1,,,0,SUPPORTED,crab_const_2692,data-pattern: enemy/boss/inn data: db/dw/dd or label marker,data-pattern
working/zelres3/code/309CRAB.asm,549,subtract_hp_amount,proc,1,,,0,SUPPORTED,subtract_hp_amount,name-pattern: hp_*: HP byte read/write/compare,name-pattern
working/zelres3/code/309CRAB.asm,567,add_hp_amount,proc,1,,,0,SUPPORTED,add_hp_amount,name-pattern: hp_*: HP byte read/write/compare,name-pattern
working/zelres3/code/309CRAB.asm,874,emit_sprite_rows_proc,proc,1,,C,0,SUPPORTED,emit_sprite_rows_proc,name-pattern: verb_noun proc: any substantive body content,name-pattern
working/zelres3/code/309CRAB.asm,998,prep_phase,proc,1,,A,0,SUPPORTED,prep_phase,name-pattern: verb_noun proc: any substantive body content,name-pattern
working/zelres3/code/310TAKO.asm,102,run_tako_main,proc,1,,,0,SUPPORTED,run_tako_main,name-pattern: main entry: calls subroutines + returns/exits,name-pattern
working/zelres3/code/310TAKO.asm,123,tako_state_template,label word,1,,,0,SUPPORTED,tako_state_template,data-pattern: enemy/boss/inn data: db/dw/dd or label marker,data-pattern
working/zelres3/code/310TAKO.asm,659,subtract_hp_amount,proc,1,,,0,SUPPORTED,subtract_hp_amount,name-pattern: hp_*: HP byte read/write/compare,name-pattern
working/zelres3/code/310TAKO.asm,737,tako_sprite_src_init,label word,1,,,0,SUPPORTED,tako_sprite_src_init,data-pattern: enemy/boss/inn data: db/dw/dd or label marker,data-pattern
working/zelres3/code/310TAKO.asm,1153,tako_proj_pattern,label word,1,,,0,SUPPORTED,tako_proj_pattern,data-pattern: enemy/boss/inn data: db/dw/dd or label marker,data-pattern
working/zelres3/code/311TORI.asm,110,run_tori_main,proc,1,,,0,SUPPORTED,run_tori_main,name-pattern: main entry: calls subroutines + returns/exits,name-pattern
working/zelres3/code/311TORI.asm,131,tori_state_template,label word,1,,,0,SUPPORTED,tori_state_template,data-pattern: enemy/boss/inn data: db/dw/dd or label marker,data-pattern
working/zelres3/code/311TORI.asm,221,tori_scan_acc_a,data,1,,,0,SUPPORTED,tori_scan_acc_a,data-pattern: enemy/boss/inn data: db/dw/dd or label marker,data-pattern
working/zelres3/code/311TORI.asm,223,tori_scan_acc_b,data,1,,,0,SUPPORTED,tori_scan_acc_b,data-pattern: enemy/boss/inn data: db/dw/dd or label marker,data-pattern
working/zelres3/code/311TORI.asm,228,tori_glyph_tbl,data,1,,,0,SUPPORTED,tori_glyph_tbl,"data-pattern: table/params/LUT: multi-element db/dw, label, or string content",data-pattern
working/zelres3/code/311TORI.asm,293,tori_extern_fn_ptr,data,1,,,0,SUPPORTED,tori_extern_fn_ptr,data-pattern: pointer/offset/address: db/dw/dd,data-pattern
working/zelres3/code/311TORI.asm,780,tori_render_sprite_row,proc,1,,,0,SUPPORTED,tori_render_sprite_row,name-pattern: frame/row/col: video write or row/col loop,name-pattern
working/zelres3/code/311TORI.asm,816,tori_swoop_tick,proc,1,,,0,SUPPORTED,tori_swoop_tick,name-pattern: enemy/boss proc: must return (sanity),name-pattern
working/zelres3/code/311TORI.asm,834,tori_hp_dec_if_ge_D,proc,1,,,0,SUPPORTED,tori_hp_dec_if_ge_D,name-pattern: enemy/boss proc: must return (sanity),name-pattern
working/zelres3/code/311TORI.asm,850,tori_hp_dec_if_ge_11,proc,1,,,0,SUPPORTED,tori_hp_dec_if_ge_11,name-pattern: enemy/boss proc: must return (sanity),name-pattern
working/zelres3/code/311TORI.asm,867,tori_hp_inc_if_below_30,proc,1,,,0,SUPPORTED,tori_hp_inc_if_below_30,name-pattern: enemy/boss proc: must return (sanity),name-pattern
working/zelres3/code/311TORI.asm,887,tori_apply_damage,proc,1,,,0,SUPPORTED,tori_apply_damage,name-pattern: enemy/boss proc: must return (sanity),name-pattern
working/zelres3/code/311TORI.asm,1024,tori_const_table,label word,1,,,0,SUPPORTED,tori_const_table,"data-pattern: table/params/LUT: multi-element db/dw, label, or string content",data-pattern
working/zelres3/code/312ZELA.asm,106,run_mapst_main,proc,1,,,0,SUPPORTED,run_mapst_main,name-pattern: main entry: calls subroutines + returns/exits,name-pattern
working/zelres3/code/312ZELA.asm,153,zela_const_word_8,data,1,,,0,SUPPORTED,zela_const_word_8,data-pattern: enemy/boss/inn data: db/dw/dd or label marker,data-pattern
working/zelres3/code/312ZELA.asm,186,zela_rng_fn_ptr,data,1,,,0,SUPPORTED,zela_rng_fn_ptr,data-pattern: pointer/offset/address: db/dw/dd,data-pattern
working/zelres3/code/312ZELA.asm,409,scroll_phase_dec,proc,1,,A,0,SUPPORTED,scroll_phase_dec,name-pattern: verb_noun proc: any substantive body content,name-pattern
working/zelres3/code/312ZELA.asm,645,init_tile_slots,proc,1,,D,0,SUPPORTED,init_tile_slots,name-pattern: tile_*: tile data manipulation,name-pattern
working/zelres3/code/312ZELA.asm,671,bound_xpos_inc,proc,1,,A,0,SUPPORTED,bound_xpos_inc,name-pattern: bound_*: boundary cmp + branch,name-pattern
working/zelres3/code/312ZELA.asm,684,bound_xpos_dec,proc,1,,A,0,SUPPORTED,bound_xpos_dec,name-pattern: bound_*: boundary cmp + branch,name-pattern
working/zelres3/code/312ZELA.asm,714,apply_scroll_offset,proc,1,,,0,SUPPORTED,apply_scroll_offset,name-pattern: apply_*: writes/calls to apply effect,name-pattern
working/zelres3/code/313MEDA.asm,89,run_mapbt_main,proc,1,,,0,SUPPORTED,run_mapbt_main,name-pattern: main entry: calls subroutines + returns/exits,name-pattern
working/zelres3/code/313MEDA.asm,116,header_tile_row_a,data,1,,,0,SUPPORTED,header_tile_row_a,data-pattern: row/col offset/data: any db/dw,data-pattern
working/zelres3/code/313MEDA.asm,127,header_const_word_a,data,1,,,0,SUPPORTED,header_const_word_a,data-pattern: row/col offset/data: any db/dw,data-pattern
working/zelres3/code/313MEDA.asm,129,header_text_table,data,1,,,0,SUPPORTED,header_text_table,data-pattern: string/cmdline buffer: db quoted/zero-buf/multi-el,data-pattern
working/zelres3/code/313MEDA.asm,368,phase_dir_compute,proc,1,,C,0,SUPPORTED,phase_dir_compute,name-pattern: phase_*: movement-phase counter or state op,name-pattern
working/zelres3/code/313MEDA.asm,424,phase_clear_cells,proc,1,,D,0,SUPPORTED,phase_clear_cells,name-pattern: phase_*: movement-phase counter or state op,name-pattern
working/zelres3/code/313MEDA.asm,455,phase_dec_clamped,proc,1,,A,0,SUPPORTED,phase_dec_clamped,name-pattern: phase_*: movement-phase counter or state op,name-pattern
working/zelres3/code/313MEDA.asm,462,phase_inc_clamped,proc,1,,A,0,SUPPORTED,phase_inc_clamped,name-pattern: phase_*: movement-phase counter or state op,name-pattern
working/zelres3/code/313MEDA.asm,470,bound_xpos_inc,proc,1,,A,0,SUPPORTED,bound_xpos_inc,name-pattern: verb_noun proc: any substantive body content,name-pattern
working/zelres3/code/313MEDA.asm,482,bound_xpos_dec,proc,1,,A,0,SUPPORTED,bound_xpos_dec,name-pattern: verb_noun proc: any substantive body content,name-pattern
working/zelres3/code/313MEDA.asm,493,render_tiles_main,proc,1,,C,0,SUPPORTED,render_tiles_main,"name-pattern: render/blit/draw: writes/reads ES, gfx call/jmp, helper call, or ES macro",name-pattern
working/zelres3/code/313MEDA.asm,603,render_tile_row,proc,1,,C,0,SUPPORTED,render_tile_row,"name-pattern: render/blit/draw: writes/reads ES, gfx call/jmp, helper call, or ES macro",name-pattern
working/zelres3/code/313MEDA.asm,646,scroll_step_finalize,proc,1,,A,0,SUPPORTED,scroll_step_finalize,name-pattern: scroll: rep movs or gfx call,name-pattern
working/zelres3/code/314LEGA.asm,107,run_lega_main,proc,1,,,0,SUPPORTED,run_lega_main,name-pattern: main entry: calls subroutines + returns/exits,name-pattern
working/zelres3/code/314LEGA.asm,122,lega_hdr_fill_a,data,1,,,0,SUPPORTED,lega_hdr_fill_a,data-pattern: enemy/boss/inn data: db/dw/dd or label marker,data-pattern
working/zelres3/code/314LEGA.asm,123,lega_hdr_const_50,data,1,,,0,SUPPORTED,lega_hdr_const_50,data-pattern: enemy/boss/inn data: db/dw/dd or label marker,data-pattern
working/zelres3/code/314LEGA.asm,124,lega_hdr_const_0a_pair,data,1,,,0,SUPPORTED,lega_hdr_const_0a_pair,data-pattern: enemy/boss/inn data: db/dw/dd or label marker,data-pattern
working/zelres3/code/314LEGA.asm,126,lega_tile_data_block_a,data,1,,,0,SUPPORTED,lega_tile_data_block_a,data-pattern: data: db/dw/dd or label marker,data-pattern
working/zelres3/code/314LEGA.asm,131,lega_ptr_table_a,data,1,,,0,SUPPORTED,lega_ptr_table_a,data-pattern: enemy/boss/inn data: db/dw/dd or label marker,data-pattern
working/zelres3/code/314LEGA.asm,153,lega_tile_data_block_b,data,1,,,0,SUPPORTED,lega_tile_data_block_b,data-pattern: data: db/dw/dd or label marker,data-pattern
working/zelres3/code/314LEGA.asm,155,lega_tile_data_block_c,data,1,,,0,SUPPORTED,lega_tile_data_block_c,data-pattern: data: db/dw/dd or label marker,data-pattern
working/zelres3/code/314LEGA.asm,423,lega_phase_step_tbl_a,data,1,,,0,SUPPORTED,lega_phase_step_tbl_a,"data-pattern: table/params/LUT: multi-element db/dw, label, or string content",data-pattern
working/zelres3/code/314LEGA.asm,425,lega_phase_step_tbl_b,data,1,,,0,SUPPORTED,lega_phase_step_tbl_b,"data-pattern: table/params/LUT: multi-element db/dw, label, or string content",data-pattern
working/zelres3/code/314LEGA.asm,430,lega_scroll_dec_step,proc,1,,A,0,SUPPORTED,lega_scroll_dec_step,name-pattern: enemy/boss proc: must return (sanity),name-pattern
working/zelres3/code/314LEGA.asm,444,lega_scroll_inc_step,proc,1,,A,0,SUPPORTED,lega_scroll_inc_step,name-pattern: enemy/boss proc: must return (sanity),name-pattern
working/zelres3/code/314LEGA.asm,656,lega_render_anim2_cell,proc,1,,C,0,SUPPORTED,lega_render_anim2_cell,name-pattern: enemy/boss proc: must return (sanity),name-pattern
working/zelres3/code/314LEGA.asm,691,lega_scroll_finalize,proc,1,,A,0,SUPPORTED,lega_scroll_finalize,name-pattern: scroll: rep movs or gfx call,name-pattern
working/zelres3/code/314LEGA.asm,735,lega_idle_xlat_tbl,data,1,,,0,SUPPORTED,lega_idle_xlat_tbl,"data-pattern: table/params/LUT: multi-element db/dw, label, or string content",data-pattern
working/zelres3/code/315ZEL2.asm,102,run_mapht_main,proc,1,,,0,SUPPORTED,run_mapht_main,name-pattern: main entry: calls subroutines + returns/exits,name-pattern
working/zelres3/code/315ZEL2.asm,136,zel2_scroll_target_base,data,1,,,0,SUPPORTED,zel2_scroll_target_base,data-pattern: enemy/boss/inn data: db/dw/dd or label marker,data-pattern
working/zelres3/code/315ZEL2.asm,143,zel2_data_word_3115,data,1,,,0,SUPPORTED,zel2_data_word_3115,data-pattern: data: db/dw/dd or label marker,data-pattern
working/zelres3/code/315ZEL2.asm,181,zel2_rng_fn_ptr,data,1,,,0,SUPPORTED,zel2_rng_fn_ptr,data-pattern: pointer/offset/address: db/dw/dd,data-pattern
working/zelres3/code/315ZEL2.asm,374,zel2_phase_step_dec,proc,1,,A,0,SUPPORTED,zel2_phase_step_dec,name-pattern: enemy/boss proc: must return (sanity),name-pattern
working/zelres3/code/315ZEL2.asm,584,zel2_npc_render_advance,label byte,0,,,0,SUPPORTED,zel2_npc_render_advance,data-pattern: code/flow label: label/colon/db/dw,data-pattern
working/zelres3/code/315ZEL2.asm,600,zel2_setup_anim_segment,proc,1,,D,0,SUPPORTED,zel2_setup_anim_segment,name-pattern: enemy/boss proc: must return (sanity),name-pattern
working/zelres3/code/315ZEL2.asm,626,zel2_scroll_inc_step,proc,1,,A,0,SUPPORTED,zel2_scroll_inc_step,name-pattern: enemy/boss proc: must return (sanity),name-pattern
working/zelres3/code/315ZEL2.asm,639,zel2_scroll_dec_step,proc,1,,A,0,SUPPORTED,zel2_scroll_dec_step,name-pattern: enemy/boss proc: must return (sanity),name-pattern
working/zelres3/code/315ZEL2.asm,663,zel2_scroll_finalize,proc,1,,A,0,SUPPORTED,zel2_scroll_finalize,name-pattern: scroll: rep movs or gfx call,name-pattern
working/zelres3/code/315ZEL2.asm,748,zel2_trailer_word,data,1,,,0,SUPPORTED,zel2_trailer_word,data-pattern: enemy/boss/inn data: db/dw/dd or label marker,data-pattern
working/zelres3/code/316DRGN.asm,119,run_drgn_main,proc,1,,,0,SUPPORTED,run_drgn_main,name-pattern: main entry: calls subroutines + returns/exits,name-pattern
working/zelres3/code/316DRGN.asm,156,drgn_tile_data_a,data,1,,,0,SUPPORTED,drgn_tile_data_a,data-pattern: data: db/dw/dd or label marker,data-pattern
working/zelres3/code/316DRGN.asm,159,drgn_tile_data_b,data,1,,,0,SUPPORTED,drgn_tile_data_b,data-pattern: data: db/dw/dd or label marker,data-pattern
working/zelres3/code/316DRGN.asm,166,drgn_tile_data_c,data,1,,,0,SUPPORTED,drgn_tile_data_c,data-pattern: data: db/dw/dd or label marker,data-pattern
working/zelres3/code/316DRGN.asm,175,drgn_tile_data_d,data,1,,,0,SUPPORTED,drgn_tile_data_d,data-pattern: data: db/dw/dd or label marker,data-pattern
working/zelres3/code/316DRGN.asm,204,drgn_tile_dispatch_word,data,1,,,0,SUPPORTED,drgn_tile_dispatch_word,data-pattern: enemy/boss/inn data: db/dw/dd or label marker,data-pattern
working/zelres3/code/316DRGN.asm,541,drgn_scroll_dec,proc,1,,A,0,SUPPORTED,drgn_scroll_dec,name-pattern: enemy/boss proc: must return (sanity),name-pattern
working/zelres3/code/316DRGN.asm,556,drgn_scroll_inc,proc,1,,A,0,SUPPORTED,drgn_scroll_inc,name-pattern: enemy/boss proc: must return (sanity),name-pattern
working/zelres3/code/316DRGN.asm,812,drgn_render_col_pack,proc,1,,C,0,SUPPORTED,drgn_render_col_pack,name-pattern: enemy/boss proc: must return (sanity),name-pattern
working/zelres3/code/316DRGN.asm,854,drgn_phase_si_tbl_words,label byte,1,,,0,SUPPORTED,drgn_phase_si_tbl_words,"data-pattern: table/params/LUT: multi-element db/dw, label, or string content",data-pattern
working/zelres3/code/316DRGN.asm,965,drgn_phase_step_cb,proc,1,,C,0,SUPPORTED,drgn_phase_step_cb,name-pattern: enemy/boss proc: must return (sanity),name-pattern
working/zelres3/code/316DRGN.asm,1019,drgn_death_finish,label byte,0,,,0,SUPPORTED,drgn_death_finish,data-pattern: code/flow label: label/colon/db/dw,data-pattern
working/zelres3/code/317AKMA.asm,114,run_mapa4_main,proc,1,,,0,SUPPORTED,run_mapa4_main,name-pattern: main entry: calls subroutines + returns/exits,name-pattern
working/zelres3/code/317AKMA.asm,143,akma_data_word_a,data,1,,,0,SUPPORTED,akma_data_word_a,data-pattern: data: db/dw/dd or label marker,data-pattern
working/zelres3/code/317AKMA.asm,145,akma_data_byte_b,data,1,,,0,SUPPORTED,akma_data_byte_b,data-pattern: data: db/dw/dd or label marker,data-pattern
working/zelres3/code/317AKMA.asm,153,akma_data_byte_c,data,1,,,0,SUPPORTED,akma_data_byte_c,data-pattern: data: db/dw/dd or label marker,data-pattern
working/zelres3/code/317AKMA.asm,472,akma_scroll_dec,proc,1,,A,0,SUPPORTED,akma_scroll_dec,name-pattern: enemy/boss proc: must return (sanity),name-pattern
working/zelres3/code/317AKMA.asm,488,akma_scroll_inc,proc,1,,A,0,SUPPORTED,akma_scroll_inc,name-pattern: enemy/boss proc: must return (sanity),name-pattern
working/zelres3/code/317AKMA.asm,813,akma_render_emit_cell,proc,1,,C,0,SUPPORTED,akma_render_emit_cell,name-pattern: enemy/boss proc: must return (sanity),name-pattern
working/zelres3/code/317AKMA.asm,842,akma_render_col_pack,proc,1,,C,0,SUPPORTED,akma_render_col_pack,name-pattern: enemy/boss proc: must return (sanity),name-pattern
working/zelres3/code/317AKMA.asm,860,akma_pack_skip,label byte,0,,,0,SUPPORTED,akma_pack_skip,data-pattern: code/flow label: label/colon/db/dw,data-pattern
working/zelres3/code/317AKMA.asm,994,akma_phase_step_cb,proc,1,,C,0,SUPPORTED,akma_phase_step_cb,name-pattern: enemy/boss proc: must return (sanity),name-pattern
working/zelres3/code/317AKMA.asm,1053,akma_death_finish,label byte,0,,,0,SUPPORTED,akma_death_finish,data-pattern: code/flow label: label/colon/db/dw,data-pattern
working/zelres3/code/318MAO1.asm,106,run_mapa5_main,proc,1,,,0,SUPPORTED,run_mapa5_main,name-pattern: main entry: calls subroutines + returns/exits,name-pattern
working/zelres3/code/318MAO1.asm,115,start,label byte,1,,,0,SUPPORTED,start,data-pattern: code/flow label: label/colon/db/dw,data-pattern
working/zelres3/code/318MAO1.asm,115,start,label word,1,,,0,SUPPORTED,start,data-pattern: code/flow label: label/colon/db/dw,data-pattern
working/zelres3/code/318MAO1.asm,149,mao1_data_word_a,data,1,,,0,SUPPORTED,mao1_data_word_a,data-pattern: data: db/dw/dd or label marker,data-pattern
working/zelres3/code/318MAO1.asm,153,mao1_data_word_b,data,1,,,0,SUPPORTED,mao1_data_word_b,data-pattern: data: db/dw/dd or label marker,data-pattern
working/zelres3/code/318MAO1.asm,157,mao1_data_word_c,data,1,,,0,SUPPORTED,mao1_data_word_c,data-pattern: data: db/dw/dd or label marker,data-pattern
working/zelres3/code/318MAO1.asm,167,mao1_data_byte_d,data,1,,,0,SUPPORTED,mao1_data_byte_d,data-pattern: data: db/dw/dd or label marker,data-pattern
working/zelres3/code/318MAO1.asm,173,mao1_data_byte_e,data,1,,,0,SUPPORTED,mao1_data_byte_e,data-pattern: data: db/dw/dd or label marker,data-pattern
working/zelres3/code/318MAO1.asm,175,mao1_layout_cells_ext,label byte,1,,,0,SUPPORTED,mao1_layout_cells_ext,data-pattern: enemy/boss/inn data: db/dw/dd or label marker,data-pattern
working/zelres3/code/318MAO1.asm,210,mao1_layout_data_a,label byte,1,,,0,SUPPORTED,mao1_layout_data_a,data-pattern: data: db/dw/dd or label marker,data-pattern
working/zelres3/code/318MAO1.asm,274,mao1_npc_scan_loop,label byte,1,,,0,SUPPORTED,mao1_npc_scan_loop,data-pattern: enemy/boss/inn data: db/dw/dd or label marker,data-pattern
working/zelres3/code/318MAO1.asm,464,mao1_text_fill_loop,label byte,0,,,0,SUPPORTED,mao1_text_fill_loop,data-pattern: code/flow label: label/colon/db/dw,data-pattern
working/zelres3/code/318MAO1.asm,523,mao1_dialog_handler_tbl,label word,1,,,0,SUPPORTED,mao1_dialog_handler_tbl,"data-pattern: table/params/LUT: multi-element db/dw, label, or string content",data-pattern
working/zelres3/code/318MAO1.asm,536,mao1_dialog_data_b,label byte,1,,,0,SUPPORTED,mao1_dialog_data_b,data-pattern: data: db/dw/dd or label marker,data-pattern
working/zelres3/code/318MAO1.asm,608,mao1_arena_ptr_tbl,label byte,1,,,0,SUPPORTED,mao1_arena_ptr_tbl,"data-pattern: table/params/LUT: multi-element db/dw, label, or string content",data-pattern
working/zelres3/code/318MAO1.asm,614,mao1_glyph_atlas,label byte,1,,,0,SUPPORTED,mao1_glyph_atlas,data-pattern: enemy/boss/inn data: db/dw/dd or label marker,data-pattern
working/zelres3/code/318MAO1.asm,626,mao1_arena_init_params,label byte,1,,,0,SUPPORTED,mao1_arena_init_params,"data-pattern: table/params/LUT: multi-element db/dw, label, or string content",data-pattern
working/zelres3/code/318MAO1.asm,633,mao1_speaker_jashiin,label byte,1,,,0,SUPPORTED,mao1_speaker_jashiin,data-pattern: enemy/boss/inn data: db/dw/dd or label marker,data-pattern
working/zelres3/code/319MAO2.asm,162,run_mapa6_main,proc,1,,,0,SUPPORTED,run_mapa6_main,name-pattern: verb_noun proc: any substantive body content,name-pattern
working/zelres3/code/319MAO2.asm,173,mao2_hdr_byte_5,data,1,,,0,SUPPORTED,mao2_hdr_byte_5,data-pattern: enemy/boss/inn data: db/dw/dd or label marker,data-pattern
working/zelres3/code/319MAO2.asm,179,mao2_layout_extended,data,1,,,0,SUPPORTED,mao2_layout_extended,data-pattern: enemy/boss/inn data: db/dw/dd or label marker,data-pattern
working/zelres3/code/319MAO2.asm,171,start,label byte,1,,,0,SUPPORTED,start,data-pattern: code/flow label: label/colon/db/dw,data-pattern
working/zelres3/code/319MAO2.asm,189,mao2_layout_count_a,data,1,,,0,SUPPORTED,mao2_layout_count_a,data-pattern: enemy/boss/inn data: db/dw/dd or label marker,data-pattern
working/zelres3/code/319MAO2.asm,191,mao2_layout_count_b,data,1,,,0,SUPPORTED,mao2_layout_count_b,data-pattern: enemy/boss/inn data: db/dw/dd or label marker,data-pattern
working/zelres3/code/319MAO2.asm,219,mao2_layout_cells_a_tail,data,1,,,0,SUPPORTED,mao2_layout_cells_a_tail,data-pattern: enemy/boss/inn data: db/dw/dd or label marker,data-pattern
working/zelres3/code/319MAO2.asm,220,mao2_dispatch_ptr,data,1,,,0,SUPPORTED,mao2_dispatch_ptr,data-pattern: pointer/offset/address: db/dw/dd,data-pattern
working/zelres3/code/319MAO2.asm,222,mao2_layout_cells_b,label byte,1,,,0,SUPPORTED,mao2_layout_cells_b,data-pattern: enemy/boss/inn data: db/dw/dd or label marker,data-pattern
working/zelres3/code/319MAO2.asm,242,mao2_main_dispatch,proc,1,,D,0,SUPPORTED,mao2_main_dispatch,name-pattern: dispatcher: indirect call/jmp or cmp-cascade discriminator,name-pattern
working/zelres3/code/319MAO2.asm,255,mao2_layout_cells_c,label byte,1,,,0,SUPPORTED,mao2_layout_cells_c,data-pattern: enemy/boss/inn data: db/dw/dd or label marker,data-pattern
working/zelres3/code/319MAO2.asm,261,mao2_layout_data_b,data,1,,,0,SUPPORTED,mao2_layout_data_b,data-pattern: data: db/dw/dd or label marker,data-pattern
working/zelres3/code/319MAO2.asm,263,mao2_layout_cells_d,label byte,1,,,0,SUPPORTED,mao2_layout_cells_d,data-pattern: enemy/boss/inn data: db/dw/dd or label marker,data-pattern
working/zelres3/code/319MAO2.asm,329,mao2_npc_scan_loop,label byte,1,,,0,SUPPORTED,mao2_npc_scan_loop,data-pattern: enemy/boss/inn data: db/dw/dd or label marker,data-pattern
working/zelres3/code/319MAO2.asm,488,mao2_phase_step_finish,label byte,0,,,0,SUPPORTED,mao2_phase_step_finish,data-pattern: code/flow label: label/colon/db/dw,data-pattern
working/zelres3/code/319MAO2.asm,495,mao2_phase_ofs_data_end,data,1,,,0,SUPPORTED,mao2_phase_ofs_data_end,data-pattern: data: db/dw/dd or label marker,data-pattern
working/zelres3/code/319MAO2.asm,497,mao2_pick_target_idx,proc,1,,,0,SUPPORTED,mao2_pick_target_idx,name-pattern: enemy/boss proc: must return (sanity),name-pattern
working/zelres3/code/319MAO2.asm,702,mao2_handler_step_done,label byte,1,,,0,SUPPORTED,mao2_handler_step_done,data-pattern: flag/state byte: db 0 / 0FFh / equ / label,data-pattern
working/zelres3/code/319MAO2.asm,724,mao2_handler_step_data_end,data,1,,,0,SUPPORTED,mao2_handler_step_data_end,data-pattern: data: db/dw/dd or label marker,data-pattern
working/zelres3/code/319MAO2.asm,726,mao2_target_dec,proc,1,,,0,SUPPORTED,mao2_target_dec,name-pattern: enemy/boss proc: must return (sanity),name-pattern
working/zelres3/code/319MAO2.asm,742,mao2_target_inc,proc,1,,,0,SUPPORTED,mao2_target_inc,name-pattern: enemy/boss proc: must return (sanity),name-pattern
working/zelres3/code/319MAO2.asm,989,mao2_dlg_a_init,proc,1,,A,0,SUPPORTED,mao2_dlg_a_init,name-pattern: init/setup: writes initial state,name-pattern
working/zelres3/code/319MAO2.asm,1006,mao2_dlg_b_init,proc,1,,A,0,SUPPORTED,mao2_dlg_b_init,name-pattern: init/setup: writes initial state,name-pattern
working/zelres3/code/319MAO2.asm,1024,mao2_unpack_bp_to_buf,proc,1,,A,0,SUPPORTED,mao2_unpack_bp_to_buf,name-pattern: enemy/boss proc: must return (sanity),name-pattern
working/zelres3/code/319MAO2.asm,1039,mao2_unpack_skip,label byte,0,,,0,SUPPORTED,mao2_unpack_skip,data-pattern: code/flow label: label/colon/db/dw,data-pattern
working/zelres3/code/319MAO2.asm,1125,mao2_dlg_msg_data_a,label byte,1,,,0,SUPPORTED,mao2_dlg_msg_data_a,data-pattern: data: db/dw/dd or label marker,data-pattern
working/zelres3/code/319MAO2.asm,1129,mao2_dlg_msg_ptr_tbl_a,label byte,1,,,0,SUPPORTED,mao2_dlg_msg_ptr_tbl_a,"data-pattern: table/params/LUT: multi-element db/dw, label, or string content",data-pattern
working/zelres3/code/319MAO2.asm,1137,mao2_dlg_state_xlat,label byte,1,,,0,SUPPORTED,mao2_dlg_state_xlat,data-pattern: enemy/boss/inn data: db/dw/dd or label marker,data-pattern
working/zelres3/code/319MAO2.asm,1157,mao2_dlg_state_xlat_tail,label byte,1,,,0,SUPPORTED,mao2_dlg_state_xlat_tail,data-pattern: enemy/boss/inn data: db/dw/dd or label marker,data-pattern
working/zelres3/code/319MAO2.asm,1161,mao2_dlg_handler_tbl_a,label byte,1,,,0,SUPPORTED,mao2_dlg_handler_tbl_a,"data-pattern: table/params/LUT: multi-element db/dw, label, or string content",data-pattern
working/zelres3/code/319MAO2.asm,1214,mao2_pos_sub_clamp,label byte,0,,,0,SUPPORTED,mao2_pos_sub_clamp,data-pattern: code/flow label: label/colon/db/dw,data-pattern
working/zelres3/code/319MAO2.asm,1208,compute_mao2_pos,proc,1,,,0,SUPPORTED,compute_mao2_pos,name-pattern: compute/calc: arithmetic or bitwise op,name-pattern
working/zelres3/code/319MAO2.asm,1238,mao2_pos_step,proc,1,,A,0,SUPPORTED,mao2_pos_step,name-pattern: enemy/boss proc: must return (sanity),name-pattern
working/zelres3/code/319MAO2.asm,1284,mao2_skip_anim_done,label byte,1,,,0,SUPPORTED,mao2_skip_anim_done,data-pattern: flag/state byte: db 0 / 0FFh / equ / label,data-pattern
