Turbo Assembler	 Version 2.01	     03/22/26 17:19:52	    Page 1
ZR2_50.asm



      1
      2
      3				     ;ÛÛÛÛÛÛÛÛÛÛÛÛÛÛÛÛÛÛÛÛÛÛÛÛÛÛÛÛÛÛÛÛÛÛÛÛÛÛÛÛÛÛÛÛÛÛÛÛÛÛÛÛÛÛÛÛÛÛÛÛÛÛÛÛÛÛÛÛÛÛÛÛÛÛ
      4				     ;ÛÛ								      ÛÛ
      5				     ;ÛÛ			     ZR2_50				      ÛÛ
      6				     ;ÛÛ								      ÛÛ
      7				     ;ÛÛ      Created:	 22-Mar-26					      ÛÛ
      8				     ;ÛÛ      Code type: zero start					      ÛÛ
      9				     ;ÛÛ      Passes:	 9	    Analysis Options on: none		      ÛÛ
     10				     ;ÛÛ								      ÛÛ
     11				     ;ÛÛÛÛÛÛÛÛÛÛÛÛÛÛÛÛÛÛÛÛÛÛÛÛÛÛÛÛÛÛÛÛÛÛÛÛÛÛÛÛÛÛÛÛÛÛÛÛÛÛÛÛÛÛÛÛÛÛÛÛÛÛÛÛÛÛÛÛÛÛÛÛÛÛ
     12
     13	      =	5432		     target	     EQU   'T2'			     ; Target assembler: TASM-2.X
     14
     15				     include  srmacros.inc
1    16
1    17				     ; Macros which may	be required for	proper re-assembly
1    18
1    19
1    20
1    21
1    22
1    23				     ;-----------------------------------------------------------------------------
1    24				     ; Some assemblers,	like TASM, check each far call and jump, to see	if it is
1    25				     ; in the same segment.  If	so, rather than	produce	the standard five byte far
1    26				     ; instruction it uses a near jump or call.
1    27
1    28				     calls	     macro   dummy1, dummy2, slocation
1    29						     db	     9Ah		     ; forced call far instruction
1    30						     dw	     offset slocation, seg slocation
1    31				     endm
1    32
1    33				     jmps	     macro   dummy1, dummy2, jlocation
1    34						     db	     0EAh		     ; forced jump far instruction
1    35						     dw	     offset jlocation, seg jlocation
1    36				     endm
1    37
1    38
1    39
1    40
1    41				     ;-----------------------------------------------------------------------------
1    42				     ;	Some compilers and some	assemblers will	code a call that goes to a far
1    43				     ;	subroutine in the same segment as:
1    44				     ;
1    45				     ;		     PUSH    CS
1    46				     ;		     CALL    near
1    47				     ;
1    48				     ;	This saves one byte, and is slightly faster.  If the assembler you are
1    49				     ;	using (i.e. MASM, Optasm) does not do this automatically, the following
1    50				     ;	macros are used	to code	the same information.  In other	words, the binary
1    51				     ;	file has "PUSH CS, CALL	near", and Sourcer ensures the same instructions
1    52				     ;	are used!  (macro CALLF)
1    53				     ;
1    54
Turbo Assembler	 Version 2.01	     03/22/26 17:19:52	    Page 2
ZR2_50.asm



1    55				     callf	     macro   location
1    56						     push    cs
1    57						     call    near ptr location
1    58				     endm
1    59
1    60				     ;	Some compilers generate	an unnecessary DS override on the call instruction
1    61				     ;	when compacting	the CALLF type function.  Macro	CALLFX handles this case.
1    62
1    63				     callfx	     macro   location
1    64						     push    cs
1    65						     db	     3Eh
1    66						     call    near ptr location
1    67				     endm
1    68
1    69
1    70				     ;-----------------------------------------------------------------------------
1    71				     ;	Some compilers and some	assemblers will	code a near call that is the
1    72				     ;	selected assembler will	convert	to a short jump	to save	a byte.	 This
1    73				     ;	reconstructs a near jump for these cases.
1    74
1    75				     jmpn	     macro   location
1    76						     db	     0E9h
1    77						     dw	     offset location-$-2
1    78				     endm
1    79
1    80
1    81
     82
     83
     84				     ; The following equates show data references outside the range of the program.
     85
     86	      =	0000		     data_1e	     equ     0
     87	      =	18D8		     data_2e	     equ     18D8h		     ;*
     88	      =	29E0		     data_3e	     equ     29E0h		     ;*
     89	      =	4000		     data_4e	     equ     4000h		     ;*
     90	      =	4CE6		     data_5e	     equ     4CE6h		     ;*
     91	      =	53C0		     data_6e	     equ     53C0h		     ;*
     92	      =	8000		     data_7e	     equ     8000h		     ;*
     93	      =	3004		     data_72e	     equ     3004h		     ;*
     94	      =	3006		     data_73e	     equ     3006h		     ;*
     95	      =	3008		     data_74e	     equ     3008h		     ;*
     96	      =	3010		     data_75e	     equ     3010h		     ;*
     97	      =	3020		     data_76e	     equ     3020h		     ;*
     98	      =	3022		     data_77e	     equ     3022h		     ;*
     99	      =	3024		     data_78e	     equ     3024h		     ;*
    100	      =	3028		     data_79e	     equ     3028h		     ;*
    101	      =	302E		     data_80e	     equ     302Eh		     ;*
    102	      =	3030		     data_81e	     equ     3030h		     ;*
    103	      =	4000		     data_82e	     equ     4000h		     ;*
    104	      =	6630		     data_83e	     equ     6630h		     ;*
    105	      =	6632		     data_84e	     equ     6632h		     ;*
    106	      =	6634		     data_85e	     equ     6634h		     ;*
    107	      =	6635		     data_86e	     equ     6635h		     ;*
    108	      =	6636		     data_87e	     equ     6636h		     ;*
Turbo Assembler	 Version 2.01	     03/22/26 17:19:52	    Page 3
ZR2_50.asm



    109	      =	6637		     data_88e	     equ     6637h		     ;*
    110	      =	6820		     data_89e	     equ     6820h		     ;*
    111	      =	6965		     data_90e	     equ     6965h		     ;*
    112	      =	6967		     data_91e	     equ     6967h		     ;*
    113	      =	6968		     data_92e	     equ     6968h		     ;*
    114	      =	6969		     data_93e	     equ     6969h		     ;*
    115	      =	696B		     data_94e	     equ     696Bh		     ;*
    116	      =	696C		     data_95e	     equ     696Ch		     ;*
    117	      =	8000		     data_96e	     equ     8000h		     ;*
    118	      =	807D		     data_97e	     equ     807Dh		     ;*
    119	      =	80DD		     data_98e	     equ     80DDh		     ;*
    120	      =	8152		     data_99e	     equ     8152h		     ;*
    121	      =	815D		     data_100e	     equ     815Dh		     ;*
    122	      =	8173		     data_101e	     equ     8173h		     ;*
    123	      =	8194		     data_102e	     equ     8194h		     ;*
    124	      =	A000		     data_103e	     equ     0A000h		     ;*
    125	      =	FF1A		     data_104e	     equ     0FF1Ah		     ;*
    126	      =	FF21		     data_105e	     equ     0FF21h		     ;*
    127	      =	FF2C		     data_106e	     equ     0FF2Ch		     ;*
    128	      =	FF50		     data_107e	     equ     0FF50h		     ;*
    129	      =	FF75		     data_108e	     equ     0FF75h		     ;*
    130
    131	0000			     seg_a	     segment byte public
    132						     assume  cs:seg_a, ds:seg_a
    133
    134
    135						     org     0
    136
    137	0000			     ZR2_50	     proc    far
    138
    139	0000			     start:
    140	0000  02 60 FA				     add     ah,[bx+si-6]
    141	0003  BC 2000				     mov     sp,2000h
    142	0006  FB				     sti			     ; Enable interrupts
    143	0007  2E: C7 06	6630 6AA8		     mov     word ptr cs:data_83e,6AA8h
    144	000E  B8 0006				     mov     ax,6
    145	0011  2E: FF 16	3008			     call    word ptr cs:data_74e
    146	0016  0E				     push    cs
    147	0017  07				     pop     es
    148	0018  BE 8152				     mov     si,data_99e
    149	001B  BF A000				     mov     di,data_103e
    150	001E  B0 02				     mov     al,2
    151	0020  2E: FF 16	010C			     call    word ptr cs:[10Ch]
    152	0025  2E: 8E 06	FF2C			     mov     es,cs:data_106e
    153	002A  BE A000				     mov     si,data_103e
    154	002D  BF 4000				     mov     di,data_82e
    155	0030  E8 093A				     call    sub_9
    156	0033  0E				     push    cs
    157	0034  07				     pop     es
    158	0035  BE 8173				     mov     si,data_101e
    159	0038  BF A000				     mov     di,data_103e
    160	003B  B0 02				     mov     al,2
    161	003D  2E: FF 16	010C			     call    word ptr cs:[10Ch]
    162	0042  2E: 8E 06	FF2C			     mov     es,cs:data_106e
Turbo Assembler	 Version 2.01	     03/22/26 17:19:52	    Page 4
ZR2_50.asm



    163	0047  BE A000				     mov     si,data_103e
    164	004A  BF 8000				     mov     di,data_96e
    165	004D  E8 091D				     call    sub_9
    166	0050  2E: 8E 06	FF2C			     mov     es,cs:data_106e
    167	0055  BF 4000				     mov     di,data_82e
    168	0058  B0 FF				     mov     al,0FFh
    169	005A  BB 0B18				     mov     bx,0B18h
    170	005D  B9 1858				     mov     cx,1858h
    171	0060  2E: FF 16	3004			     call    word ptr cs:data_72e
    172	0065  8C C8				     mov     ax,cs
    173	0067  05 2000				     add     ax,2000h
    174	006A  8E C0				     mov     es,ax
    175	006C  1E				     push    ds
    176	006D  BF 0000				     mov     di,data_1e
    177	0070  2E: 8E 1E	FF2C			     mov     ds,cs:data_106e
    178	0075  BE 8000				     mov     si,data_7e
    179	0078  B8 00B2				     mov     ax,0B2h
    180	007B  E8 09A0				     call    sub_11
    181	007E  1F				     pop     ds
    182	007F  BF 0000				     mov     di,0
    183	0082  B0 FF				     mov     al,0FFh
    184	0084  BB 2D71				     mov     bx,2D71h
    185	0087  B9 1858				     mov     cx,1858h
    186	008A  2E: FF 16	3004			     call    word ptr cs:data_72e
    187	008F  2E: C6 06	FF1A 00			     mov     byte ptr cs:data_104e,0
    188	0095  B0 FF				     mov     al,0FFh
    189	0097  E8 0254				     call    sub_1
    190	009A  B9 0059				     mov     cx,59h
    191
    192	009D			     locloop_1:
    193	009D  51				     push    cx
    194	009E  8C C8				     mov     ax,cs
    195	00A0  05 2000				     add     ax,2000h
    196	00A3  8E C0				     mov     es,ax
    197	00A5  8B C1				     mov     ax,cx
    198	00A7  48				     dec     ax
    199	00A8  03 C0				     add     ax,ax
    200	00AA  1E				     push    ds
    201	00AB  BF 0000				     mov     di,data_1e
    202	00AE  2E: 8E 1E	FF2C			     mov     ds,cs:data_106e
    203	00B3  BE 8000				     mov     si,data_7e
    204	00B6  E8 0965				     call    sub_11
    205	00B9  1F				     pop     ds
    206	00BA  59				     pop     cx
    207	00BB  51				     push    cx
    208	00BC  8B D9				     mov     bx,cx
    209	00BE  83 C3 17				     add     bx,17h
    210	00C1  B7 2D				     mov     bh,2Dh		     ; '-'
    211	00C3  BF 0000				     mov     di,0
    212	00C6  B9 1858				     mov     cx,1858h
    213	00C9  2E: FF 16	3010			     call    word ptr cs:data_75e
    214	00CE  B0 0A				     mov     al,0Ah
    215	00D0  E8 021B				     call    sub_1
    216	00D3  59				     pop     cx
Turbo Assembler	 Version 2.01	     03/22/26 17:19:52	    Page 5
ZR2_50.asm



    217	00D4  E2 C7				     loop    locloop_1		     ; Loop if cx > 0
    218
    219	00D6  0E				     push    cs
    220	00D7  07				     pop     es
    221	00D8  BE 813D				     mov     si,813Dh
    222	00DB  BF A000				     mov     di,0A000h
    223	00DE  B0 02				     mov     al,2
    224	00E0  2E: FF 16	010C			     call    word ptr cs:[10Ch]
    225	00E5  8C C8				     mov     ax,cs
    226	00E7  05 2000				     add     ax,2000h
    227	00EA  8E C0				     mov     es,ax
    228	00EC  BE A000				     mov     si,data_103e
    229	00EF  BF 0000				     mov     di,0
    230	00F2  E8 0878				     call    sub_9
    231	00F5  BF 0000				     mov     di,0
    232	00F8  2E: FF 16	3028			     call    word ptr cs:data_79e
    233	00FD  E8 0218				     call    sub_3
    234	0100  0E				     push    cs
    235	0101  07				     pop     es
    236	0102  BE 817E				     mov     si,817Eh
    237	0105  BF A000				     mov     di,0A000h
    238	0108  B0 02				     mov     al,2
    239	010A  2E: FF 16	010C			     call    word ptr cs:[10Ch]
    240	010F  2E: 8E 06	FF2C			     mov     es,cs:data_106e
    241	0114  BE A000				     mov     si,data_103e
    242	0117  BF 4000				     mov     di,data_82e
    243	011A  E8 0850				     call    sub_9
    244	011D  B8 0001				     mov     ax,1
    245	0120  2E: FF 16	3020			     call    word ptr cs:data_76e
    246	0125  B8 0007				     mov     ax,7
    247	0128  2E: FF 16	3008			     call    word ptr cs:data_74e
    248	012D  2E: 8E 06	FF2C			     mov     es,cs:data_106e
    249	0132  BF 4000				     mov     di,data_82e
    250	0135  B0 FF				     mov     al,0FFh
    251	0137  BB 1D12				     mov     bx,1D12h
    252	013A  B9 1C64				     mov     cx,1C64h
    253	013D  2E: FF 16	3004			     call    word ptr cs:data_72e
    254	0142  E8 01D3				     call    sub_3
    255	0145  0E				     push    cs
    256	0146  07				     pop     es
    257	0147  BE 8148				     mov     si,8148h
    258	014A  BF A000				     mov     di,0A000h
    259	014D  B0 02				     mov     al,2
    260	014F  2E: FF 16	010C			     call    word ptr cs:[10Ch]
    261	0154  2E: 8E 06	FF2C			     mov     es,cs:data_106e
    262	0159  BE A000				     mov     si,data_103e
    263	015C  BF 4000				     mov     di,data_82e
    264	015F  E8 080B				     call    sub_9
    265	0162  BF 4000				     mov     di,data_82e
    266	0165  BB 1610				     mov     bx,1610h
    267	0168  B9 2468				     mov     cx,2468h
    268	016B  B0 05				     mov     al,5
    269	016D  2E: FF 16	3022			     call    word ptr cs:data_77e
    270	0172  E8 01A3				     call    sub_3
Turbo Assembler	 Version 2.01	     03/22/26 17:19:52	    Page 6
ZR2_50.asm



    271	0175  0E				     push    cs
    272	0176  07				     pop     es
    273	0177  BE 8152				     mov     si,8152h
    274	017A  BF A000				     mov     di,0A000h
    275	017D  B0 02				     mov     al,2
    276	017F  2E: FF 16	010C			     call    word ptr cs:[10Ch]
    277	0184  2E: 8E 06	FF2C			     mov     es,cs:data_106e
    278	0189  BE A000				     mov     si,data_103e
    279	018C  BF 4000				     mov     di,data_82e
    280	018F  E8 07DB				     call    sub_9
    281	0192  0E				     push    cs
    282	0193  07				     pop     es
    283	0194  BE 815D				     mov     si,data_100e
    284	0197  BF A000				     mov     di,data_103e
    285	019A  B0 02				     mov     al,2
    286	019C  2E: FF 16	010C			     call    word ptr cs:[10Ch]
    287	01A1  2E: 8E 06	FF2C			     mov     es,cs:data_106e
    288	01A6  BE A000				     mov     si,data_103e
    289	01A9  BF 8000				     mov     di,data_96e
    290	01AC  E8 07BE				     call    sub_9
    291	01AF  33 C0				     xor     ax,ax		     ; Zero register
    292	01B1  2E: FF 16	3020			     call    word ptr cs:data_76e
    293	01B6  B8 0006				     mov     ax,6
    294	01B9  2E: FF 16	3008			     call    word ptr cs:data_74e
    295	01BE  BB 0A15				     mov     bx,0A15h
    296	01C1  B9 1A5D				     mov     cx,1A5Dh
    297	01C4  2E: FF 16	3024			     call    word ptr cs:data_78e
    298	01C9  2E: 8E 06	FF2C			     mov     es,cs:data_106e
    299	01CE  BF 4000				     mov     di,data_82e
    300	01D1  BB 0B18				     mov     bx,0B18h
    301	01D4  B9 1858				     mov     cx,1858h
    302	01D7  2E: FF 16	3010			     call    word ptr cs:data_75e
    303	01DC  BB 2C15				     mov     bx,2C15h
    304	01DF  B9 1A5D				     mov     cx,1A5Dh
    305	01E2  2E: FF 16	3024			     call    word ptr cs:data_78e
    306	01E7  2E: 8E 06	FF2C			     mov     es,cs:data_106e
    307	01EC  BF 8000				     mov     di,data_96e
    308	01EF  BB 2D18				     mov     bx,2D18h
    309	01F2  B9 1858				     mov     cx,1858h
    310	01F5  2E: FF 16	3010			     call    word ptr cs:data_75e
    311	01FA  E8 011B				     call    sub_3
    312	01FD  0E				     push    cs
    313	01FE  07				     pop     es
    314	01FF  BE 8168				     mov     si,8168h
    315	0202  BF A000				     mov     di,0A000h
    316	0205  B0 02				     mov     al,2
    317	0207  2E: FF 16	010C			     call    word ptr cs:[10Ch]
    318	020C  2E: 8E 06	FF2C			     mov     es,cs:data_106e
    319	0211  BE A000				     mov     si,data_103e
    320	0214  BF 8000				     mov     di,data_96e
    321	0217  E8 0753				     call    sub_9
    322	021A  2E: 8E 06	FF2C			     mov     es,cs:data_106e
    323	021F  BF 8000				     mov     di,data_96e
    324	0222  B0 FF				     mov     al,0FFh
Turbo Assembler	 Version 2.01	     03/22/26 17:19:52	    Page 7
ZR2_50.asm



    325	0224  BB 2D18				     mov     bx,2D18h
    326	0227  B9 1858				     mov     cx,1858h
    327	022A  2E: FF 16	3004			     call    word ptr cs:data_72e
    328	022F  E8 00E6				     call    sub_3
    329	0232  0E				     push    cs
    330	0233  07				     pop     es
    331	0234  BE 8189				     mov     si,8189h
    332	0237  BF A000				     mov     di,0A000h
    333	023A  B0 02				     mov     al,2
    334	023C  2E: FF 16	010C			     call    word ptr cs:[10Ch]
    335	0241  2E: 8E 06	FF2C			     mov     es,cs:data_106e
    336	0246  BE A000				     mov     si,data_103e
    337	0249  BF 4000				     mov     di,data_82e
    338	024C  E8 071E				     call    sub_9
    339	024F  0E				     push    cs
    340	0250  07				     pop     es
    341	0251  BE 8194				     mov     si,data_102e
    342	0254  BF A000				     mov     di,data_103e
    343	0257  B0 02				     mov     al,2
    344	0259  2E: FF 16	010C			     call    word ptr cs:[10Ch]
    345	025E  2E: 8E 06	FF2C			     mov     es,cs:data_106e
    346	0263  BE A000				     mov     si,data_103e
    347	0266  BF 8000				     mov     di,data_96e
    348	0269  E8 0701				     call    sub_9
    349	026C  B8 0002				     mov     ax,2
    350	026F  2E: FF 16	3020			     call    word ptr cs:data_76e
    351	0274  B8 0007				     mov     ax,7
    352	0277  2E: FF 16	3008			     call    word ptr cs:data_74e
    353	027C  2E: 8E 06	FF2C			     mov     es,cs:data_106e
    354	0281  BF 4000				     mov     di,data_82e
    355	0284  B0 FF				     mov     al,0FFh
    356	0286  BB 0B12				     mov     bx,0B12h
    357	0289  B9 1A64				     mov     cx,1A64h
    358	028C  2E: FF 16	3004			     call    word ptr cs:data_72e
    359	0291  2E: 8E 06	FF2C			     mov     es,cs:data_106e
    360	0296  BF 8000				     mov     di,data_96e
    361	0299  B0 FF				     mov     al,0FFh
    362	029B  BB 3325				     mov     bx,3325h
    363	029E  B9 1251				     mov     cx,1251h
    364	02A1  2E: FF 16	3004			     call    word ptr cs:data_72e
    365	02A6  E8 006F				     call    sub_3
    366	02A9  2E: 8E 06	FF2C			     mov     es,cs:data_106e
    367	02AE  BF 4000				     mov     di,data_4e
    368	02B1  33 C0				     xor     ax,ax		     ; Zero register
    369	02B3  B9 0F3C				     mov     cx,0F3Ch
    370	02B6  F3> AB				     rep     stosw		     ; Rep when	cx >0 Store ax to es:[di]
    371	02B8  BF 4000				     mov     di,data_4e
    372	02BB  B0 55				     mov     al,55h		     ; 'U'
    373	02BD  B9 0064				     mov     cx,64h
    374
    375	02C0			     locloop_2:
    376	02C0  51				     push    cx
    377	02C1  B9 001A				     mov     cx,1Ah
    378	02C4  F3> AA				     rep     stosb		     ; Rep when	cx >0 Store al to es:[di]
Turbo Assembler	 Version 2.01	     03/22/26 17:19:52	    Page 8
ZR2_50.asm



    379	02C6  D0 C8				     ror     al,1		     ; Rotate
    380	02C8  59				     pop     cx
    381	02C9  E2 F5				     loop    locloop_2		     ; Loop if cx > 0
    382
    383	02CB  32 C0				     xor     al,al		     ; Zero register
    384	02CD  BF 4000				     mov     di,4000h
    385	02D0  BB 0B12				     mov     bx,0B12h
    386	02D3  B9 1A64				     mov     cx,1A64h
    387	02D6  2E: FF 16	3004			     call    word ptr cs:data_72e
    388	02DB  E8 003A				     call    sub_3
    389	02DE  B0 FF				     mov     al,0FFh
    390	02E0  BB 0000				     mov     bx,0
    391	02E3  B9 50C8				     mov     cx,50C8h
    392	02E6  2E: FF 16	3006			     call    word ptr cs:data_73e
    393	02EB  E9 034A				     jmp     loc_51
    394
    395	02EE			     ZR2_50	     endp
    396
    397				     ;ßßßßßßßßßßßßßßßßßßßßßßßßßßßßßßßßßßßßßßßßßßßßßßßßßßßßßßßßßßßßßßßßßßßßßßßßßß
    398				     ;				    SUBROUTINE
    399				     ;ÜÜÜÜÜÜÜÜÜÜÜÜÜÜÜÜÜÜÜÜÜÜÜÜÜÜÜÜÜÜÜÜÜÜÜÜÜÜÜÜÜÜÜÜÜÜÜÜÜÜÜÜÜÜÜÜÜÜÜÜÜÜÜÜÜÜÜÜÜÜÜÜÜÜ
    400
    401	02EE			     sub_1	     proc    near
    402	02EE			     loc_3:
    403	02EE  E8 000E				     call    sub_2
    404	02F1  2E: 38 06	FF1A			     cmp     cs:data_104e,al
    405	02F6  72 F6				     jb	     loc_3		     ; Jump if below
    406	02F8  2E: C6 06	FF1A 00			     mov     byte ptr cs:data_104e,0
    407	02FE  C3				     retn
    408	02FF			     sub_1	     endp
    409
    410
    411				     ;ßßßßßßßßßßßßßßßßßßßßßßßßßßßßßßßßßßßßßßßßßßßßßßßßßßßßßßßßßßßßßßßßßßßßßßßßßß
    412				     ;				    SUBROUTINE
    413				     ;ÜÜÜÜÜÜÜÜÜÜÜÜÜÜÜÜÜÜÜÜÜÜÜÜÜÜÜÜÜÜÜÜÜÜÜÜÜÜÜÜÜÜÜÜÜÜÜÜÜÜÜÜÜÜÜÜÜÜÜÜÜÜÜÜÜÜÜÜÜÜÜÜÜÜ
    414
    415	02FF			     sub_2	     proc    near
    416	02FF  56				     push    si
    417	0300  50				     push    ax
    418	0301  2E: FF 16	0110			     call    word ptr cs:[110h]
    419	0306  2E: FF 16	0112			     call    word ptr cs:[112h]
    420	030B  2E: FF 16	0116			     call    word ptr cs:[116h]
    421	0310  2E: FF 16	0118			     call    word ptr cs:[118h]
    422	0315  58				     pop     ax
    423	0316  5E				     pop     si
    424	0317  C3				     retn
    425	0318			     sub_2	     endp
    426
    427
    428				     ;ßßßßßßßßßßßßßßßßßßßßßßßßßßßßßßßßßßßßßßßßßßßßßßßßßßßßßßßßßßßßßßßßßßßßßßßßßß
    429				     ;				    SUBROUTINE
    430				     ;ÜÜÜÜÜÜÜÜÜÜÜÜÜÜÜÜÜÜÜÜÜÜÜÜÜÜÜÜÜÜÜÜÜÜÜÜÜÜÜÜÜÜÜÜÜÜÜÜÜÜÜÜÜÜÜÜÜÜÜÜÜÜÜÜÜÜÜÜÜÜÜÜÜÜ
    431
    432	0318			     sub_3	     proc    near
Turbo Assembler	 Version 2.01	     03/22/26 17:19:52	    Page 9
ZR2_50.asm



    433	0318  2E: C6 06	FF1A 00			     mov     byte ptr cs:data_104e,0
    434	031E			     loc_4:
    435	031E  B0 10				     mov     al,10h
    436	0320  E8 FFCB				     call    sub_1
    437	0323			     loc_5:
    438	0323  0E				     push    cs
    439	0324  1F				     pop     ds
    440	0325  8B 36 6630			     mov     si,ds:data_83e
    441	0329  AC				     lodsb			     ; String [si] to al
    442	032A  89 36 6630			     mov     ds:data_83e,si
    443	032E  A8 80				     test    al,80h
    444	0330  74 03				     jz	     loc_6		     ; Jump if zero
    445	0332  E9 008F				     jmp     loc_10
    446	0335			     loc_6:
    447	0335  3C 20				     cmp     al,20h		     ; ' '
    448	0337  74 18				     je	     loc_7		     ; Jump if equal
    449	0339  3C 2E				     cmp     al,2Eh		     ; '.'
    450	033B  74 14				     je	     loc_7		     ; Jump if equal
    451	033D  3C 2C				     cmp     al,2Ch		     ; ','
    452	033F  74 10				     je	     loc_7		     ; Jump if equal
    453	0341  3C 22				     cmp     al,22h		     ; '"'
    454	0343  74 0C				     je	     loc_7		     ; Jump if equal
    455	0345  3C 27				     cmp     al,27h		     ; '''
    456	0347  74 08				     je	     loc_7		     ; Jump if equal
    457	0349  8A 26 6637			     mov     ah,ds:data_88e
    458	034D  88 26 FF75			     mov     ds:data_108e,ah
    459	0351			     loc_7:
    460	0351  50				     push    ax
    461	0352  8B 1E 6632			     mov     bx,ds:data_84e
    462	0356  83 C3 04				     add     bx,4
    463	0359  A0 6634				     mov     al,ds:data_85e
    464	035C  B2 0A				     mov     dl,0Ah
    465	035E  F6 E2				     mul     dl			     ; ax = reg	* al
    466	0360  05 008F				     add     ax,8Fh
    467	0363  8B C8				     mov     cx,ax
    468	0365  58				     pop     ax
    469	0366  53				     push    bx
    470	0367  8A D8				     mov     bl,al
    471	0369  80 EB 20				     sub     bl,20h		     ; ' '
    472	036C  32 FF				     xor     bh,bh		     ; Zero register
    473	036E  8A 97 807D			     mov     dl,ds:data_97e[bx]
    474	0372  8A F7				     mov     dh,bh
    475	0374  5B				     pop     bx
    476	0375  50				     push    ax
    477	0376  2B DA				     sub     bx,dx
    478	0378  50				     push    ax
    479	0379  53				     push    bx
    480	037A  51				     push    cx
    481	037B  43				     inc     bx
    482	037C  41				     inc     cx
    483	037D  8A 26 6635			     mov     ah,ds:data_86e
    484	0381  2E: FF 16	3030			     call    word ptr cs:data_81e
    485	0386  59				     pop     cx
    486	0387  5B				     pop     bx
Turbo Assembler	 Version 2.01	     03/22/26 17:19:52	    Page 10
ZR2_50.asm



    487	0388  58				     pop     ax
    488	0389  8A 26 6636			     mov     ah,ds:data_87e
    489	038D  2E: FF 16	3030			     call    word ptr cs:data_81e
    490	0392  58				     pop     ax
    491	0393  8A D8				     mov     bl,al
    492	0395  80 EB 20				     sub     bl,20h		     ; ' '
    493	0398  32 FF				     xor     bh,bh		     ; Zero register
    494	039A  8A 8F 80DD			     mov     cl,ds:data_98e[bx]
    495	039E  8A EF				     mov     ch,bh
    496	03A0  01 0E 6632			     add     ds:data_84e,cx
    497	03A4  3C 20				     cmp     al,20h		     ; ' '
    498	03A6  74 03				     je	     loc_8		     ; Jump if equal
    499	03A8  E9 FF73				     jmp     loc_4
    500	03AB			     loc_8:
    501	03AB  8B 36 6630			     mov     si,ds:data_83e
    502	03AF  E8 023E				     call    sub_4
    503	03B2  8B 16 6632			     mov     dx,ds:data_84e
    504	03B6  03 D1				     add     dx,cx
    505	03B8  81 FA 0138			     cmp     dx,138h
    506	03BC  72 03				     jb	     loc_9		     ; Jump if below
    507	03BE  E9 00EA				     jmp     loc_30
    508	03C1			     loc_9:
    509	03C1  E9 FF5A				     jmp     loc_4
    510	03C4			     loc_10:
    511	03C4  3C FF				     cmp     al,0FFh
    512	03C6  75 01				     jne     loc_11		     ; Jump if not equal
    513	03C8  C3				     retn
    514	03C9			     loc_11:
    515	03C9  3C FD				     cmp     al,0FDh
    516	03CB  75 01				     jne     loc_12		     ; Jump if not equal
    517	03CD  C3				     retn
    518	03CE			     loc_12:
    519	03CE  8A E0				     mov     ah,al
    520	03D0  80 E4 F0				     and     ah,0F0h
    521	03D3  80 FC 80				     cmp     ah,80h
    522	03D6  75 03				     jne     loc_13		     ; Jump if not equal
    523	03D8  E9 018D				     jmp     loc_38
    524	03DB			     loc_13:
    525	03DB  80 FC 90				     cmp     ah,90h
    526	03DE  75 03				     jne     loc_14		     ; Jump if not equal
    527	03E0  E9 0100				     jmp     loc_34
    528	03E3			     loc_14:
    529	03E3  80 FC A0				     cmp     ah,0A0h
    530	03E6  75 03				     jne     loc_15		     ; Jump if not equal
    531	03E8  E9 0145				     jmp     loc_36
    532	03EB			     loc_15:
    533	03EB  80 FC B0				     cmp     ah,0B0h
    534	03EE  75 03				     jne     loc_16		     ; Jump if not equal
    535	03F0  E9 0199				     jmp     loc_39
    536	03F3			     loc_16:
    537	03F3  80 FC C0				     cmp     ah,0C0h
    538	03F6  75 03				     jne     loc_17		     ; Jump if not equal
    539	03F8  E9 01DA				     jmp     loc_41
    540	03FB			     loc_17:
Turbo Assembler	 Version 2.01	     03/22/26 17:19:52	    Page 11
ZR2_50.asm



    541	03FB  BB 0701				     mov     bx,701h
    542	03FE  3C FB				     cmp     al,0FBh
    543	0400  75 03				     jne     loc_18		     ; Jump if not equal
    544	0402  E9 008E				     jmp     loc_28
    545	0405			     loc_18:
    546	0405  BB 0700				     mov     bx,700h
    547	0408  3C FA				     cmp     al,0FAh
    548	040A  75 03				     jne     loc_19		     ; Jump if not equal
    549	040C  E9 0084				     jmp     loc_28
    550	040F			     loc_19:
    551	040F  BB 0602				     mov     bx,602h
    552	0412  3C F9				     cmp     al,0F9h
    553	0414  74 7D				     je	     loc_28		     ; Jump if equal
    554	0416  3C F5				     cmp     al,0F5h
    555	0418  75 03				     jne     loc_20		     ; Jump if not equal
    556	041A  E9 00AC				     jmp     loc_32
    557	041D			     loc_20:
    558	041D  3C F6				     cmp     al,0F6h
    559	041F  75 03				     jne     loc_21		     ; Jump if not equal
    560	0421  E9 00AD				     jmp     loc_33
    561	0424			     loc_21:
    562	0424  32 E4				     xor     ah,ah		     ; Zero register
    563	0426  3C F7				     cmp     al,0F7h
    564	0428  74 74				     je	     loc_29		     ; Jump if equal
    565	042A  FE C4				     inc     ah
    566	042C  3C F3				     cmp     al,0F3h
    567	042E  74 6E				     je	     loc_29		     ; Jump if equal
    568	0430  FE C4				     inc     ah
    569	0432  3C F2				     cmp     al,0F2h
    570	0434  74 68				     je	     loc_29		     ; Jump if equal
    571	0436  FE C4				     inc     ah
    572	0438  3C F1				     cmp     al,0F1h
    573	043A  74 62				     je	     loc_29		     ; Jump if equal
    574	043C  3C FE				     cmp     al,0FEh
    575	043E  74 78				     je	     loc_31		     ; Jump if equal
    576	0440  8A 26 6637			     mov     ah,ds:data_88e
    577	0444  C6 06 6637 00			     mov     byte ptr ds:data_88e,0
    578	0449  3C F0				     cmp     al,0F0h
    579	044B  75 03				     jne     loc_22		     ; Jump if not equal
    580	044D  E9 FECE				     jmp     loc_4
    581	0450			     loc_22:
    582	0450  C6 06 6637 3D			     mov     byte ptr ds:data_88e,3Dh	     ; '='
    583	0455  3C EF				     cmp     al,0EFh
    584	0457  75 03				     jne     loc_23		     ; Jump if not equal
    585	0459  E9 FEC2				     jmp     loc_4
    586	045C			     loc_23:
    587	045C  C6 06 6637 3E			     mov     byte ptr ds:data_88e,3Eh	     ; '>'
    588	0461  3C EE				     cmp     al,0EEh
    589	0463  75 03				     jne     loc_24		     ; Jump if not equal
    590	0465  E9 FEB6				     jmp     loc_4
    591	0468			     loc_24:
    592	0468  C6 06 6637 3F			     mov     byte ptr ds:data_88e,3Fh	     ; '?'
    593	046D  3C ED				     cmp     al,0EDh
    594	046F  75 03				     jne     loc_25		     ; Jump if not equal
Turbo Assembler	 Version 2.01	     03/22/26 17:19:52	    Page 12
ZR2_50.asm



    595	0471  E9 FEAA				     jmp     loc_4
    596	0474			     loc_25:
    597	0474  C6 06 6637 40			     mov     byte ptr ds:data_88e,40h	     ; '@'
    598	0479  3C EC				     cmp     al,0ECh
    599	047B  75 03				     jne     loc_26		     ; Jump if not equal
    600	047D  E9 FE9E				     jmp     loc_4
    601	0480			     loc_26:
    602	0480  C6 06 6637 41			     mov     byte ptr ds:data_88e,41h	     ; 'A'
    603	0485  3C EB				     cmp     al,0EBh
    604	0487  75 03				     jne     loc_27		     ; Jump if not equal
    605	0489  E9 FE92				     jmp     loc_4
    606	048C			     loc_27:
    607	048C  88 26 6637			     mov     ds:data_88e,ah
    608	0490  E9 FE8B				     jmp     loc_4
    609	0493			     loc_28:
    610	0493  88 1E 6635			     mov     ds:data_86e,bl
    611	0497  88 3E 6636			     mov     ds:data_87e,bh
    612	049B  E9 FE80				     jmp     loc_4
    613	049E			     loc_29:
    614	049E  C7 06 6632 0000			     mov     word ptr ds:data_84e,0
    615	04A4  88 26 6634			     mov     ds:data_85e,ah
    616	04A8  E9 FE73				     jmp     loc_4
    617	04AB			     loc_30:
    618	04AB  C7 06 6632 0000			     mov     word ptr ds:data_84e,0
    619	04B1  FE 06 6634			     inc     byte ptr ds:data_85e
    620	04B5  E9 FE66				     jmp     loc_4
    621	04B8			     loc_31:
    622	04B8  BB 008F				     mov     bx,8Fh
    623	04BB  B9 5039				     mov     cx,5039h
    624	04BE  32 C0				     xor     al,al		     ; Zero register
    625	04C0  2E: FF 16	2000r			     call    word ptr cs:data_62
    626	04C5  32 E4				     xor     ah,ah		     ; Zero register
    627	04C7  EB D5				     jmp     short loc_29
    628	04C9			     loc_32:
    629	04C9  B0 F0				     mov     al,0F0h
    630	04CB  E8 FE20				     call    sub_1
    631	04CE  E9 FE4D				     jmp     loc_4
    632	04D1			     loc_33:
    633	04D1  B0 F0				     mov     al,0F0h
    634	04D3  E8 FE18				     call    sub_1
    635	04D6  B0 F0				     mov     al,0F0h
    636	04D8  E8 FE13				     call    sub_1
    637	04DB  B0 F0				     mov     al,0F0h
    638	04DD  E8 FE0E				     call    sub_1
    639	04E0  E9 FE3B				     jmp     loc_4
    640	04E3			     loc_34:
    641	04E3  2E: 8E 06	FF2C			     mov     es,cs:data_106e
    642	04E8  24 0F				     and     al,0Fh
    643	04EA  3C 06				     cmp     al,6
    644	04EC  73 21				     jae     loc_35		     ; Jump if above or	=
    645	04EE  B4 1B				     mov     ah,1Bh
    646	04F0  F6 E4				     mul     ah			     ; ax = reg	* al
    647	04F2  03 C0				     add     ax,ax
    648	04F4  03 C0				     add     ax,ax
Turbo Assembler	 Version 2.01	     03/22/26 17:19:52	    Page 13
ZR2_50.asm



    649	04F6  03 C0				     add     ax,ax
    650	04F8  03 C0				     add     ax,ax
    651	04FA  03 C0				     add     ax,ax
    652	04FC  05 58C0				     add     ax,58C0h
    653	04FF  8B F8				     mov     di,ax
    654	0501  BB 1350				     mov     bx,1350h
    655	0504  B9 0920				     mov     cx,920h
    656	0507  2E: FF 16	3010			     call    word ptr cs:data_75e
    657	050C  E9 FE14				     jmp     loc_5
    658	050F			     loc_35:
    659	050F  2C 06				     sub     al,6
    660	0511  B4 21				     mov     ah,21h		     ; '!'
    661	0513  F6 E4				     mul     ah			     ; ax = reg	* al
    662	0515  03 C0				     add     ax,ax
    663	0517  03 C0				     add     ax,ax
    664	0519  03 C0				     add     ax,ax
    665	051B  03 C0				     add     ax,ax
    666	051D  05 6D00				     add     ax,6D00h
    667	0520  8B F8				     mov     di,ax
    668	0522  BB 1238				     mov     bx,1238h
    669	0525  B9 0B10				     mov     cx,0B10h
    670	0528  2E: FF 16	3010			     call    word ptr cs:data_75e
    671	052D  E9 FDF3				     jmp     loc_5
    672	0530			     loc_36:
    673	0530  0E				     push    cs
    674	0531  07				     pop     es
    675	0532  24 0F				     and     al,0Fh
    676	0534  3C 03				     cmp     al,3
    677	0536  73 17				     jae     loc_37		     ; Jump if above or	=
    678	0538  B4 A5				     mov     ah,0A5h
    679	053A  F6 E4				     mul     ah			     ; ax = reg	* al
    680	053C  05 7437				     add     ax,7437h
    681	053F  8B F8				     mov     di,ax
    682	0541  BB 3548				     mov     bx,3548h
    683	0544  B9 050B				     mov     cx,50Bh
    684	0547  2E: FF 16	3010			     call    word ptr cs:data_75e
    685	054C  E9 FDD4				     jmp     loc_5
    686	054F			     loc_37:
    687	054F  2C 03				     sub     al,3
    688	0551  B4 A8				     mov     ah,0A8h
    689	0553  F6 E4				     mul     ah			     ; ax = reg	* al
    690	0555  05 7626				     add     ax,7626h
    691	0558  8B F8				     mov     di,ax
    692	055A  BB 343E				     mov     bx,343Eh
    693	055D  B9 0708				     mov     cx,708h
    694	0560  2E: FF 16	3010			     call    word ptr cs:data_75e
    695	0565  E9 FDBB				     jmp     loc_5
    696	0568			     loc_38:
    697	0568  2E: 8E 06	FF2C			     mov     es,cs:data_106e
    698	056D  24 0F				     and     al,0Fh
    699	056F  B4 3F				     mov     ah,3Fh		     ; '?'
    700	0571  F6 E4				     mul     ah			     ; ax = reg	* al
    701	0573  03 C0				     add     ax,ax
    702	0575  03 C0				     add     ax,ax
Turbo Assembler	 Version 2.01	     03/22/26 17:19:52	    Page 14
ZR2_50.asm



    703	0577  03 C0				     add     ax,ax
    704	0579  05 98C0				     add     ax,98C0h
    705	057C  8B F8				     mov     di,ax
    706	057E  BB 3850				     mov     bx,3850h
    707	0581  B9 0718				     mov     cx,718h
    708	0584  2E: FF 16	3010			     call    word ptr cs:data_75e
    709	0589  E9 FD97				     jmp     loc_5
    710	058C			     loc_39:
    711	058C  2E: 8E 06	FF2C			     mov     es,cs:data_106e
    712	0591  24 0F				     and     al,0Fh
    713	0593  3C 06				     cmp     al,6
    714	0595  73 1D				     jae     loc_40		     ; Jump if above or	=
    715	0597  B4 51				     mov     ah,51h		     ; 'Q'
    716	0599  F6 E4				     mul     ah			     ; ax = reg	* al
    717	059B  03 C0				     add     ax,ax
    718	059D  03 C0				     add     ax,ax
    719	059F  03 C0				     add     ax,ax
    720	05A1  05 98C0				     add     ax,98C0h
    721	05A4  8B F8				     mov     di,ax
    722	05A6  BB 3450				     mov     bx,3450h
    723	05A9  B9 0918				     mov     cx,918h
    724	05AC  2E: FF 16	3010			     call    word ptr cs:data_75e
    725	05B1  E9 FD6F				     jmp     loc_5
    726	05B4			     loc_40:
    727	05B4  2C 06				     sub     al,6
    728	05B6  B4 2D				     mov     ah,2Dh		     ; '-'
    729	05B8  F6 E4				     mul     ah			     ; ax = reg	* al
    730	05BA  03 C0				     add     ax,ax
    731	05BC  03 C0				     add     ax,ax
    732	05BE  03 C0				     add     ax,ax
    733	05C0  03 C0				     add     ax,ax
    734	05C2  05 A7F0				     add     ax,0A7F0h
    735	05C5  8B F8				     mov     di,ax
    736	05C7  BB 3338				     mov     bx,3338h
    737	05CA  B9 0A18				     mov     cx,0A18h
    738	05CD  2E: FF 16	3010			     call    word ptr cs:data_75e
    739	05D2  E9 FD4E				     jmp     loc_5
    740	05D5			     loc_41:
    741	05D5  24 0F				     and     al,0Fh
    742	05D7  0E				     push    cs
    743	05D8  07				     pop     es
    744	05D9  B4 30				     mov     ah,30h		     ; '0'
    745	05DB  F6 E4				     mul     ah			     ; ax = reg	* al
    746	05DD  05 781E				     add     ax,781Eh
    747	05E0  8B F8				     mov     di,ax
    748	05E2  BB 3840				     mov     bx,3840h
    749	05E5  B9 0208				     mov     cx,208h
    750	05E8  2E: FF 16	3010			     call    word ptr cs:data_75e
    751	05ED  E9 FD33				     jmp     loc_5
    752	05F0			     sub_3	     endp
    753
    754
    755				     ;ßßßßßßßßßßßßßßßßßßßßßßßßßßßßßßßßßßßßßßßßßßßßßßßßßßßßßßßßßßßßßßßßßßßßßßßßßß
    756				     ;				    SUBROUTINE
Turbo Assembler	 Version 2.01	     03/22/26 17:19:52	    Page 15
ZR2_50.asm



    757				     ;ÜÜÜÜÜÜÜÜÜÜÜÜÜÜÜÜÜÜÜÜÜÜÜÜÜÜÜÜÜÜÜÜÜÜÜÜÜÜÜÜÜÜÜÜÜÜÜÜÜÜÜÜÜÜÜÜÜÜÜÜÜÜÜÜÜÜÜÜÜÜÜÜÜÜ
    758
    759	05F0			     sub_4	     proc    near
    760	05F0  33 C9				     xor     cx,cx		     ; Zero register
    761	05F2			     loc_42:
    762	05F2  AC				     lodsb			     ; String [si] to al
    763	05F3  3C 20				     cmp     al,20h		     ; ' '
    764	05F5  75 01				     jne     loc_43		     ; Jump if not equal
    765	05F7  C3				     retn
    766	05F8			     loc_43:
    767	05F8  3C FF				     cmp     al,0FFh
    768	05FA  75 01				     jne     loc_44		     ; Jump if not equal
    769	05FC  C3				     retn
    770	05FD			     loc_44:
    771	05FD  3C FE				     cmp     al,0FEh
    772	05FF  75 01				     jne     loc_45		     ; Jump if not equal
    773	0601  C3				     retn
    774	0602			     loc_45:
    775	0602  3C FD				     cmp     al,0FDh
    776	0604  75 01				     jne     loc_46		     ; Jump if not equal
    777	0606  C3				     retn
    778	0607			     loc_46:
    779	0607  3C F7				     cmp     al,0F7h
    780	0609  75 01				     jne     loc_47		     ; Jump if not equal
    781	060B  C3				     retn
    782	060C			     loc_47:
    783	060C  3C F3				     cmp     al,0F3h
    784	060E  75 01				     jne     loc_48		     ; Jump if not equal
    785	0610  C3				     retn
    786	0611			     loc_48:
    787	0611  3C F2				     cmp     al,0F2h
    788	0613  75 01				     jne     loc_49		     ; Jump if not equal
    789	0615  C3				     retn
    790	0616			     loc_49:
    791	0616  3C F1				     cmp     al,0F1h
    792	0618  75 01				     jne     loc_50		     ; Jump if not equal
    793	061A  C3				     retn
    794	061B			     loc_50:
    795	061B  0A C0				     or	     al,al		     ; Zero ?
    796	061D  78 D3				     js	     loc_42		     ; Jump if sign=1
    797	061F  2C 20				     sub     al,20h		     ; ' '
    798	0621  72 CF				     jc	     loc_42		     ; Jump if carry Set
    799	0623  8A D8				     mov     bl,al
    800	0625  32 FF				     xor     bh,bh		     ; Zero register
    801	0627  2E: 02 8F	80DD			     add     cl,cs:data_98e[bx]
    802	062C  12 EF				     adc     ch,bh
    803	062E  EB C2				     jmp     short loc_42
    804	0630			     sub_4	     endp
    805
    806										     ;*	No entry point to code
    807	0630  A8 6A				     test    al,6Ah		     ; 'j'
    808	0632  00 00 00 00 00 00			     db	     0,	0, 0, 0, 0, 0
    809	0638			     loc_51:
    810	0638  FA				     cli			     ; Disable interrupts
Turbo Assembler	 Version 2.01	     03/22/26 17:19:52	    Page 16
ZR2_50.asm



    811	0639  BC 2000				     mov     sp,2000h
    812	063C  FB				     sti			     ; Enable interrupts
    813	063D  C6 06 696C 00			     mov     byte ptr ds:data_95e,0
    814	0642  BE 81E0				     mov     si,81E0h
    815	0645  2E: 8E 06	FF2C			     mov     es,cs:data_106e
    816	064A  BF 3000				     mov     di,3000h
    817	064D  B0 05				     mov     al,5
    818	064F  2E: FF 16	010C			     call    word ptr cs:[10Ch]
    819	0654  8C C8				     mov     ax,cs
    820	0656  05 2000				     add     ax,2000h
    821	0659  8E C0				     mov     es,ax
    822	065B  BE 819F				     mov     si,819Fh
    823	065E  BF 0000				     mov     di,0
    824	0661  B0 02				     mov     al,2
    825	0663  2E: FF 16	010C			     call    word ptr cs:[10Ch]
    826	0668  BE 81AA				     mov     si,81AAh
    827	066B  BF 3400				     mov     di,3400h
    828	066E  B0 02				     mov     al,2
    829	0670  2E: FF 16	010C			     call    word ptr cs:[10Ch]
    830	0675  BE 81B5				     mov     si,81B5h
    831	0678  BF 5E00				     mov     di,5E00h
    832	067B  B0 02				     mov     al,2
    833	067D  2E: FF 16	010C			     call    word ptr cs:[10Ch]
    834	0682  BE 81C0				     mov     si,81C0h
    835	0685  BF 8A00				     mov     di,8A00h
    836	0688  B0 02				     mov     al,2
    837	068A  2E: FF 16	010C			     call    word ptr cs:[10Ch]
    838	068F  BE 81CB				     mov     si,81CBh
    839	0692  BF B800				     mov     di,0B800h
    840	0695  B0 02				     mov     al,2
    841	0697  2E: FF 16	010C			     call    word ptr cs:[10Ch]
    842	069C  BE 81D6				     mov     si,81D6h
    843	069F  BF E200				     mov     di,0E200h
    844	06A2  B0 02				     mov     al,2
    845	06A4  2E: FF 16	010C			     call    word ptr cs:[10Ch]
    846	06A9  B8 0007				     mov     ax,7
    847	06AC  2E: FF 16	3008			     call    word ptr cs:data_74e
    848	06B1  1E				     push    ds
    849	06B2  2E: 8E 1E	FF2C			     mov     ds,cs:data_106e
    850	06B7  BE 3000				     mov     si,3000h
    851	06BA  33 C0				     xor     ax,ax		     ; Zero register
    852	06BC  CD 60				     int     60h		     ; ??INT Non-standard interrupt
    853	06BE  1F				     pop     ds
    854	06BF  C7 06 6965 787E			     mov     word ptr ds:data_90e,787Eh
    855	06C5  E8 0005				     call    sub_5
    856	06C8			     loc_52:
    857	06C8  E8 028B				     call    sub_8
    858	06CB  EB FB				     jmp     short loc_52
    859
    860				     ;ßßßßßßßßßßßßßßßßßßßßßßßßßßßßßßßßßßßßßßßßßßßßßßßßßßßßßßßßßßßßßßßßßßßßßßßßßß
    861				     ;				    SUBROUTINE
    862				     ;ÜÜÜÜÜÜÜÜÜÜÜÜÜÜÜÜÜÜÜÜÜÜÜÜÜÜÜÜÜÜÜÜÜÜÜÜÜÜÜÜÜÜÜÜÜÜÜÜÜÜÜÜÜÜÜÜÜÜÜÜÜÜÜÜÜÜÜÜÜÜÜÜÜÜ
    863
    864	06CD			     sub_5	     proc    near
Turbo Assembler	 Version 2.01	     03/22/26 17:19:52	    Page 17
ZR2_50.asm



    865	06CD  C6 06 FF1A 00			     mov     byte ptr ds:data_104e,0
    866	06D2			     loc_53:
    867	06D2  8B 36 6965			     mov     si,ds:data_90e
    868	06D6  AC				     lodsb			     ; String [si] to al
    869	06D7  89 36 6965			     mov     ds:data_90e,si
    870	06DB  3C F7				     cmp     al,0F7h
    871	06DD  74 77				     je	     loc_64		     ; Jump if equal
    872	06DF  3C F8				     cmp     al,0F8h
    873	06E1  75 03				     jne     loc_54		     ; Jump if not equal
    874	06E3  E9 0088				     jmp     loc_65
    875	06E6			     loc_54:
    876	06E6  3C F9				     cmp     al,0F9h
    877	06E8  75 03				     jne     loc_55		     ; Jump if not equal
    878	06EA  E9 008C				     jmp     loc_66
    879	06ED			     loc_55:
    880	06ED  3C FA				     cmp     al,0FAh
    881	06EF  75 03				     jne     loc_56		     ; Jump if not equal
    882	06F1  E9 009F				     jmp     loc_68
    883	06F4			     loc_56:
    884	06F4  3C FB				     cmp     al,0FBh
    885	06F6  75 03				     jne     loc_57		     ; Jump if not equal
    886	06F8  E9 00A3				     jmp     loc_69
    887	06FB			     loc_57:
    888	06FB  3C FC				     cmp     al,0FCh
    889	06FD  75 03				     jne     loc_58		     ; Jump if not equal
    890	06FF  E9 00AB				     jmp     loc_70
    891	0702			     loc_58:
    892	0702  3C FD				     cmp     al,0FDh
    893	0704  75 03				     jne     loc_59		     ; Jump if not equal
    894	0706  E9 00BE				     jmp     loc_71
    895	0709			     loc_59:
    896	0709  3C FE				     cmp     al,0FEh
    897	070B  75 03				     jne     loc_60		     ; Jump if not equal
    898	070D  E9 00F8				     jmp     loc_74
    899	0710			     loc_60:
    900	0710  3C FF				     cmp     al,0FFh
    901	0712  75 03				     jne     loc_61		     ; Jump if not equal
    902	0714  E9 00EB				     jmp     loc_73
    903	0717			     loc_61:
    904	0717  3C 09				     cmp     al,9
    905	0719  75 03				     jne     loc_62		     ; Jump if not equal
    906	071B  E9 00BA				     jmp     loc_72
    907	071E			     loc_62:
    908	071E  50				     push    ax
    909	071F  32 C0				     xor     al,al		     ; Zero register
    910	0721  E8 00C6				     call    sub_6
    911	0724  A0 6968				     mov     al,ds:data_92e
    912	0727  B1 0E				     mov     cl,0Eh
    913	0729  F6 E1				     mul     cl			     ; ax = reg	* al
    914	072B  8A C8				     mov     cl,al
    915	072D  80 C1 90				     add     cl,90h
    916	0730  8A 1E 6967			     mov     bl,ds:data_91e
    917	0734  32 FF				     xor     bh,bh		     ; Zero register
    918	0736  03 DB				     add     bx,bx
Turbo Assembler	 Version 2.01	     03/22/26 17:19:52	    Page 18
ZR2_50.asm



    919	0738  03 DB				     add     bx,bx
    920	073A  03 DB				     add     bx,bx
    921	073C  58				     pop     ax
    922	073D  B4 07				     mov     ah,7
    923	073F  2E: FF 16	3030			     call    word ptr cs:data_81e
    924	0744  FE 06 6967			     inc     byte ptr ds:data_91e
    925	0748			     loc_63:
    926	0748  B0 FF				     mov     al,0FFh
    927	074A  E8 009D				     call    sub_6
    928	074D  A0 696B				     mov     al,ds:data_94e
    929	0750  E8 01F2				     call    sub_7
    930	0753  E9 FF7C				     jmp     loc_53
    931	0756			     loc_64:
    932	0756  E8 01FD				     call    sub_8
    933	0759  F6 06 FF21 FF			     test    byte ptr ds:data_105e,0FFh
    934	075E  74 F6				     jz	     loc_64		     ; Jump if zero
    935	0760  C6 06 FF21 00			     mov     byte ptr ds:data_105e,0
    936	0765  C7 06 FF50 0000			     mov     word ptr ds:data_107e,0
    937	076B  E9 FF64				     jmp     loc_53
    938	076E			     loc_65:
    939	076E  AD				     lodsw			     ; String [si] to ax
    940	076F  89 36 6965			     mov     ds:data_90e,si
    941	0773  A3 6969				     mov     ds:data_93e,ax
    942	0776  E9 FF59				     jmp     loc_53
    943	0779			     loc_66:
    944	0779  32 C0				     xor     al,al		     ; Zero register
    945	077B  E8 006C				     call    sub_6
    946	077E			     loc_67:
    947	077E  E8 01D5				     call    sub_8
    948	0781  A1 FF50				     mov     ax,ds:data_107e
    949	0784  3B 06 6969			     cmp     ax,ds:data_93e
    950	0788  72 F4				     jb	     loc_67		     ; Jump if below
    951	078A  C7 06 FF50 0000			     mov     word ptr ds:data_107e,0
    952	0790  E9 FF3F				     jmp     loc_53
    953	0793			     loc_68:
    954	0793  AC				     lodsb			     ; String [si] to al
    955	0794  89 36 6965			     mov     ds:data_90e,si
    956	0798  A2 696B				     mov     ds:data_94e,al
    957	079B  E9 FF34				     jmp     loc_53
    958	079E			     loc_69:
    959	079E  AD				     lodsw			     ; String [si] to ax
    960	079F  A2 6968				     mov     ds:data_92e,al
    961	07A2  88 26 6967			     mov     ds:data_91e,ah
    962	07A6  89 36 6965			     mov     ds:data_90e,si
    963	07AA  E9 FF25				     jmp     loc_53
    964	07AD			     loc_70:
    965	07AD  BB 008C				     mov     bx,8Ch
    966	07B0  B9 503C				     mov     cx,503Ch
    967	07B3  32 C0				     xor     al,al		     ; Zero register
    968	07B5  2E: FF 16	2000r			     call    word ptr cs:data_62
    969	07BA  C6 06 6967 00			     mov     byte ptr ds:data_91e,0
    970	07BF  C6 06 6968 00			     mov     byte ptr ds:data_92e,0
    971	07C4  E9 FF0B				     jmp     loc_53
    972	07C7			     loc_71:
Turbo Assembler	 Version 2.01	     03/22/26 17:19:52	    Page 19
ZR2_50.asm



    973	07C7  32 C0				     xor     al,al		     ; Zero register
    974	07C9  E8 001E				     call    sub_6
    975	07CC  C6 06 6967 00			     mov     byte ptr ds:data_91e,0
    976	07D1  FE 06 6968			     inc     byte ptr ds:data_92e
    977	07D5  E9 FEFA				     jmp     loc_53
    978	07D8			     loc_72:
    979	07D8  32 C0				     xor     al,al		     ; Zero register
    980	07DA  E8 000D				     call    sub_6
    981	07DD  80 06 6967 04			     add     byte ptr ds:data_91e,4
    982	07E2  80 26 6967 FC			     and     byte ptr ds:data_91e,0FCh
    983	07E7  E9 FF5E				     jmp     loc_63
    984
    985				     ;ßßßß External Entry into Subroutine ßßßßßßßßßßßßßßßßßßßßßßßßßßßßßßßßßßßßßß
    986
    987	07EA			     sub_6:
    988	07EA  50				     push    ax
    989	07EB  A0 6968				     mov     al,ds:data_92e
    990	07EE  B1 0E				     mov     cl,0Eh
    991	07F0  F6 E1				     mul     cl			     ; ax = reg	* al
    992	07F2  04 90				     add     al,90h
    993	07F4  8A 26 6967			     mov     ah,ds:data_91e
    994	07F8  02 E4				     add     ah,ah
    995	07FA  8B D8				     mov     bx,ax
    996	07FC  58				     pop     ax
    997	07FD  2E: FF 26	302E			     jmp     word ptr cs:data_80e
    998	0802			     loc_73:
    999	0802  32 C0				     xor     al,al		     ; Zero register
   1000	0804  E8 FFE3				     call    sub_6
   1001	0807  C3				     retn
   1002	0808			     loc_74:
   1003	0808  32 C0				     xor     al,al		     ; Zero register
   1004	080A  E8 FFDD				     call    sub_6
   1005	080D  8A 1E 696C			     mov     bl,ds:data_95e
   1006	0811  32 FF				     xor     bh,bh		     ; Zero register
   1007	0813  03 DB				     add     bx,bx
   1008	0815  FF 97 6820			     call    word ptr ds:data_89e[bx]	     ;*
   1009	0819  FE 06 696C			     inc     byte ptr ds:data_95e
   1010	081D  E9 FEB2				     jmp     loc_53
   1011	0820			     sub_5	     endp
   1012
   1013										     ;*	No entry point to code
   1014	0820  2E 68 5A 68 91 68			     db	      2Eh, 68h,	5Ah, 68h, 91h, 68h
   1015	0826  B5 68 C2 68 CF 68			     db	     0B5h, 68h,0C2h, 68h,0CFh, 68h
   1016	082C  32 69 1E 8C C8 05			     db	      32h, 69h,	1Eh, 8Ch,0C8h, 05h
   1017	0832  00 20 8E D8 2E 8E			     db	      00h, 20h,	8Eh,0D8h, 2Eh, 8Eh
   1018	0838  06 2C FF BE 00 00			     db	      06h, 2Ch,0FFh,0BEh, 00h, 00h
   1019	083E  BF 00 40 E8 29 01			     db	     0BFh, 00h,	40h,0E8h, 29h, 01h
   1020	0844  1F 2E 8E 06 2C FF			     db	      1Fh, 2Eh,	8Eh, 06h, 2Ch,0FFh
   1021	084A  BF 00 40 B0 FF BB			     db	     0BFh, 00h,	40h,0B0h,0FFh,0BBh
   1022	0850  08 0B B9 9A 39 2E			     db	      08h, 0Bh,0B9h, 9Ah, 39h, 2Eh
   1023	0856  FF 26 04 30 1E 8C			     db	     0FFh, 26h,	04h, 30h, 1Eh, 8Ch
   1024	085C  C8 05 00 20 8E D8			     db	     0C8h, 05h,	00h, 20h, 8Eh,0D8h
   1025	0862  2E 8E 06 2C FF BF			     db	      2Eh, 8Eh,	06h, 2Ch,0FFh,0BFh
   1026	0868  00 40 BE 00 34 E8			     db	      00h, 40h,0BEh, 00h, 34h,0E8h
Turbo Assembler	 Version 2.01	     03/22/26 17:19:52	    Page 20
ZR2_50.asm



   1027	086E  FD 00 1F BB 08 0B			     db	     0FDh, 00h,	1Fh,0BBh, 08h, 0Bh
   1028	0874  B9 9A 39 2E FF 16			     db	     0B9h, 9Ah,	39h, 2Eh,0FFh, 16h
   1029	087A  06 30 2E 8E 06 2C			     db	      06h, 30h,	2Eh, 8Eh, 06h, 2Ch
   1030	0880  FF BF 00 40 B0 FF			     db	     0FFh,0BFh,	00h, 40h,0B0h,0FFh
   1031	0886  BB 14 21 B9 72 2F			     db	     0BBh, 14h,	21h,0B9h, 72h, 2Fh
   1032	088C  2E FF 26 04 30 1E			     db	      2Eh,0FFh,	26h, 04h, 30h, 1Eh
   1033	0892  8C C8 05 00 20 8E			     db	      8Ch,0C8h,	05h, 00h, 20h, 8Eh
   1034	0898  D8 2E 8E 06 2C FF			     db	     0D8h, 2Eh,	8Eh, 06h, 2Ch,0FFh
   1035	089E  BE 00 5E BF 00 40			     db	     0BEh, 00h,	5Eh,0BFh, 00h, 40h
   1036	08A4  E8 C6 00 1F 2E 8E			     db	     0E8h,0C6h,	00h, 1Fh, 2Eh, 8Eh
   1037	08AA  06 2C FF BF 00 40			     db	      06h, 2Ch,0FFh,0BFh, 00h, 40h
   1038	08B0  2E FF 26 2A 30 2E			     db	      2Eh,0FFh,	26h, 2Ah, 30h, 2Eh
   1039	08B6  8E 06 2C FF BF 00			     db	      8Eh, 06h,	2Ch,0FFh,0BFh, 00h
   1040	08BC  40 2E FF 26 2C 30			     db	      40h, 2Eh,0FFh, 26h, 2Ch, 30h
   1041	08C2  B0 FF BB 00 00 B9			     db	     0B0h,0FFh,0BBh, 00h, 00h,0B9h
   1042	08C8  C8 50 2E FF 26 06			     db	     0C8h, 50h,	2Eh,0FFh, 26h, 06h
   1043	08CE  30 1E 8C C8 05 00			     db	      30h, 1Eh,	8Ch,0C8h, 05h, 00h
   1044	08D4  20 8E D8 2E 8E 06			     db	      20h, 8Eh,0D8h, 2Eh, 8Eh, 06h
   1045	08DA  2C FF BE 00 8A BF			     db	      2Ch,0FFh,0BEh, 00h, 8Ah,0BFh
   1046	08E0  00 40 E8 88 00 BE			     db	      00h, 40h,0E8h, 88h, 00h,0BEh
   1047	08E6  00 B8 BF C0 93 B9			     db	      00h,0B8h,0BFh,0C0h, 93h,0B9h
   1048	08EC  F0 14 F3 A5 1F BF			     db	     0F0h, 14h,0F3h,0A5h, 1Fh,0BFh
   1049	08F2  00 40 33 C0 B9 28			     db	      00h, 40h,	33h,0C0h,0B9h, 28h
   1050	08F8  00 F3 AB 2E 8E 06			     db	      00h,0F3h,0ABh, 2Eh, 8Eh, 06h
   1051	08FE  2C FF BF 00 40 B0			     db	      2Ch,0FFh,0BFh, 00h, 40h,0B0h
   1052	0904  FF BB 00 00 B9 86			     db	     0FFh,0BBh,	00h, 00h,0B9h, 86h
   1053	090A  50 2E FF 16 04 30			     db	      50h, 2Eh,0FFh, 16h, 04h, 30h
   1054	0910  1E 8C C8 05 00 20			     db	      1Eh, 8Ch,0C8h, 05h, 00h, 20h
   1055	0916  8E D8 2E 8E 06 2C			     db	      8Eh,0D8h,	2Eh, 8Eh, 06h, 2Ch
   1056	091C  FF BE 00 E2 BF A0			     db	     0FFh,0BEh,	00h,0E2h,0BFh,0A0h
   1057	0922  BD E8 4C 00 1F 2E			     db	     0BDh,0E8h,	4Ch, 00h, 1Fh, 2Eh
   1058	0928  8E 06 2C FF BF A0			     db	      8Eh, 06h,	2Ch,0FFh,0BFh,0A0h
   1059	092E  BD E9 20 01 2E 8E			     db	     0BDh,0E9h,	20h, 01h, 2Eh, 8Eh
   1060	0934  06 2C FF BF 00 40			     db	      06h, 2Ch,0FFh,0BFh, 00h, 40h
   1061	093A  BB 00 00 B9 86 50			     db	     0BBh, 00h,	00h,0B9h, 86h, 50h
   1062	0940  2E FF 26 10			     db	      2Eh,0FFh,	26h, 10h
   1063	0944  30				     db	     30h
   1064
   1065				     ;ßßßßßßßßßßßßßßßßßßßßßßßßßßßßßßßßßßßßßßßßßßßßßßßßßßßßßßßßßßßßßßßßßßßßßßßßßß
   1066				     ;				    SUBROUTINE
   1067				     ;ÜÜÜÜÜÜÜÜÜÜÜÜÜÜÜÜÜÜÜÜÜÜÜÜÜÜÜÜÜÜÜÜÜÜÜÜÜÜÜÜÜÜÜÜÜÜÜÜÜÜÜÜÜÜÜÜÜÜÜÜÜÜÜÜÜÜÜÜÜÜÜÜÜÜ
   1068
   1069	0945			     sub_7	     proc    near
   1070	0945			     loc_75:
   1071	0945  E8 000E				     call    sub_8
   1072	0948  2E: 38 06	FF1A			     cmp     cs:data_104e,al
   1073	094D  72 F6				     jb	     loc_75		     ; Jump if below
   1074	094F  2E: C6 06	FF1A 00			     mov     byte ptr cs:data_104e,0
   1075	0955  C3				     retn
   1076	0956			     sub_7	     endp
   1077
   1078
   1079				     ;ßßßßßßßßßßßßßßßßßßßßßßßßßßßßßßßßßßßßßßßßßßßßßßßßßßßßßßßßßßßßßßßßßßßßßßßßßß
   1080				     ;				    SUBROUTINE
Turbo Assembler	 Version 2.01	     03/22/26 17:19:52	    Page 21
ZR2_50.asm



   1081				     ;ÜÜÜÜÜÜÜÜÜÜÜÜÜÜÜÜÜÜÜÜÜÜÜÜÜÜÜÜÜÜÜÜÜÜÜÜÜÜÜÜÜÜÜÜÜÜÜÜÜÜÜÜÜÜÜÜÜÜÜÜÜÜÜÜÜÜÜÜÜÜÜÜÜÜ
   1082
   1083	0956			     sub_8	     proc    near
   1084	0956  56				     push    si
   1085	0957  50				     push    ax
   1086	0958  2E: FF 16	0110			     call    word ptr cs:[110h]
   1087	095D  2E: FF 16	0112			     call    word ptr cs:[112h]
   1088	0962  58				     pop     ax
   1089	0963  5E				     pop     si
   1090	0964  C3				     retn
   1091	0965			     sub_8	     endp
   1092
   1093	0965  08*(00)				     db	     8 dup (0)
   1094
   1095				     ;ßßßßßßßßßßßßßßßßßßßßßßßßßßßßßßßßßßßßßßßßßßßßßßßßßßßßßßßßßßßßßßßßßßßßßßßßßß
   1096				     ;				    SUBROUTINE
   1097				     ;ÜÜÜÜÜÜÜÜÜÜÜÜÜÜÜÜÜÜÜÜÜÜÜÜÜÜÜÜÜÜÜÜÜÜÜÜÜÜÜÜÜÜÜÜÜÜÜÜÜÜÜÜÜÜÜÜÜÜÜÜÜÜÜÜÜÜÜÜÜÜÜÜÜÜ
   1098
   1099	096D			     sub_9	     proc    near
   1100	096D  E8 0002				     call    sub_10
   1101	0970  EB 2A				     jmp     short loc_80
   1102
   1103				     ;ßßßß External Entry into Subroutine ßßßßßßßßßßßßßßßßßßßßßßßßßßßßßßßßßßßßßß
   1104
   1105	0972			     sub_10:
   1106	0972  57				     push    di
   1107	0973  AD				     lodsw			     ; String [si] to ax
   1108	0974  8B C8				     mov     cx,ax
   1109	0976  51				     push    cx
   1110	0977  8B EE				     mov     bp,si
   1111	0979  03 F1				     add     si,cx
   1112
   1113	097B			     locloop_76:
   1114	097B  51				     push    cx
   1115	097C  32 C0				     xor     al,al		     ; Zero register
   1116	097E  B9 0008				     mov     cx,8
   1117
   1118	0981			     locloop_77:
   1119	0981  3E: D0 46	00			     rol     byte ptr ds:[bp],1	     ; Rotate
   1120	0985  72 05				     jc	     loc_78		     ; Jump if carry Set
   1121	0987  AA				     stosb			     ; Store al	to es:[di]
   1122	0988  E2 F7				     loop    locloop_77		     ; Loop if cx > 0
   1123
   1124	098A  EB 03				     jmp     short loc_79
   1125	098C			     loc_78:
   1126	098C  A4				     movsb			     ; Mov [si]	to es:[di]
   1127	098D  E2 F2				     loop    locloop_77		     ; Loop if cx > 0
   1128
   1129	098F			     loc_79:
   1130	098F  45				     inc     bp
   1131	0990  59				     pop     cx
   1132	0991  E2 E8				     loop    locloop_76		     ; Loop if cx > 0
   1133
   1134	0993  59				     pop     cx
Turbo Assembler	 Version 2.01	     03/22/26 17:19:52	    Page 22
ZR2_50.asm



   1135	0994  03 C9				     add     cx,cx
   1136	0996  03 C9				     add     cx,cx
   1137	0998  03 C9				     add     cx,cx
   1138	099A  5F				     pop     di
   1139	099B  C3				     retn
   1140	099C			     loc_80:
   1141	099C  32 F6				     xor     dh,dh		     ; Zero register
   1142
   1143	099E			     locloop_81:
   1144	099E  32 C0				     xor     al,al		     ; Zero register
   1145	09A0  26: D0 15				     rcl     byte ptr es:[di],1	     ; Rotate thru carry
   1146	09A3  12 C0				     adc     al,al
   1147	09A5  26: D0 15				     rcl     byte ptr es:[di],1	     ; Rotate thru carry
   1148	09A8  12 C0				     adc     al,al
   1149	09AA  32 F0				     xor     dh,al
   1150	09AC  8A E6				     mov     ah,dh
   1151	09AE  32 C0				     xor     al,al		     ; Zero register
   1152	09B0  26: D0 15				     rcl     byte ptr es:[di],1	     ; Rotate thru carry
   1153	09B3  12 C0				     adc     al,al
   1154	09B5  26: D0 15				     rcl     byte ptr es:[di],1	     ; Rotate thru carry
   1155	09B8  12 C0				     adc     al,al
   1156	09BA  32 F0				     xor     dh,al
   1157	09BC  02 E4				     add     ah,ah
   1158	09BE  02 E4				     add     ah,ah
   1159	09C0  0A E6				     or	     ah,dh
   1160	09C2  32 C0				     xor     al,al		     ; Zero register
   1161	09C4  26: D0 15				     rcl     byte ptr es:[di],1	     ; Rotate thru carry
   1162	09C7  12 C0				     adc     al,al
   1163	09C9  26: D0 15				     rcl     byte ptr es:[di],1	     ; Rotate thru carry
   1164	09CC  12 C0				     adc     al,al
   1165	09CE  32 F0				     xor     dh,al
   1166	09D0  02 E4				     add     ah,ah
   1167	09D2  02 E4				     add     ah,ah
   1168	09D4  0A E6				     or	     ah,dh
   1169	09D6  32 C0				     xor     al,al		     ; Zero register
   1170	09D8  26: D0 15				     rcl     byte ptr es:[di],1	     ; Rotate thru carry
   1171	09DB  12 C0				     adc     al,al
   1172	09DD  26: D0 15				     rcl     byte ptr es:[di],1	     ; Rotate thru carry
   1173	09E0  12 C0				     adc     al,al
   1174	09E2  32 F0				     xor     dh,al
   1175	09E4  02 E4				     add     ah,ah
   1176	09E6  02 E4				     add     ah,ah
   1177	09E8  0A E6				     or	     ah,dh
   1178	09EA  8A C4				     mov     al,ah
   1179	09EC  AA				     stosb			     ; Store al	to es:[di]
   1180	09ED  E2 AF				     loop    locloop_81		     ; Loop if cx > 0
   1181
   1182	09EF  C3				     retn
   1183	09F0			     sub_9	     endp
   1184
   1185	09F0			     loc_82:
   1186	09F0  F6 04 40				     test    byte ptr [si],40h	     ; '@'
   1187	09F3  74 1D				     jz	     loc_86		     ; Jump if zero
   1188	09F5  AD				     lodsw			     ; String [si] to ax
Turbo Assembler	 Version 2.01	     03/22/26 17:19:52	    Page 23
ZR2_50.asm



   1189	09F6  86 E0				     xchg    ah,al
   1190	09F8  8B C8				     mov     cx,ax
   1191	09FA  3D FFFF				     cmp     ax,0FFFFh
   1192	09FD  75 01				     jne     loc_83		     ; Jump if not equal
   1193	09FF  C3				     retn
   1194	0A00			     loc_83:
   1195	0A00  81 E1 3FFF			     and     cx,3FFFh
   1196	0A04  A9 8000				     test    ax,8000h
   1197	0A07  74 05				     jz	     loc_85		     ; Jump if zero
   1198	0A09			     loc_84:
   1199	0A09  AC				     lodsb			     ; String [si] to al
   1200	0A0A  F3> AA				     rep     stosb		     ; Rep when	cx >0 Store al to es:[di]
   1201	0A0C  EB E2				     jmp     short loc_82
   1202	0A0E			     loc_85:
   1203	0A0E  F3> A4				     rep     movsb		     ; Rep when	cx >0 Mov [si] to es:[di]
   1204	0A10  EB DE				     jmp     short loc_82
   1205	0A12			     loc_86:
   1206	0A12  AC				     lodsb			     ; String [si] to al
   1207	0A13  8A C8				     mov     cl,al
   1208	0A15  83 E1 3F				     and     cx,3Fh
   1209	0A18  A8 80				     test    al,80h
   1210	0A1A  74 F2				     jz	     loc_85		     ; Jump if zero
   1211	0A1C  EB EB				     jmp     short loc_84
   1212
   1213				     ;ßßßßßßßßßßßßßßßßßßßßßßßßßßßßßßßßßßßßßßßßßßßßßßßßßßßßßßßßßßßßßßßßßßßßßßßßßß
   1214				     ;				    SUBROUTINE
   1215				     ;ÜÜÜÜÜÜÜÜÜÜÜÜÜÜÜÜÜÜÜÜÜÜÜÜÜÜÜÜÜÜÜÜÜÜÜÜÜÜÜÜÜÜÜÜÜÜÜÜÜÜÜÜÜÜÜÜÜÜÜÜÜÜÜÜÜÜÜÜÜÜÜÜÜÜ
   1216
   1217	0A1E			     sub_11	     proc    near
   1218	0A1E  BB 0018				     mov     bx,18h
   1219	0A21  F7 E3				     mul     bx			     ; dx:ax = reg * ax
   1220	0A23  03 F0				     add     si,ax
   1221	0A25  33 C0				     xor     ax,ax		     ; Zero register
   1222	0A27  56				     push    si
   1223	0A28  B9 0414				     mov     cx,414h
   1224	0A2B  F3> A5				     rep     movsw		     ; Rep when	cx >0 Mov [si] to es:[di]
   1225	0A2D  B9 000C				     mov     cx,0Ch
   1226	0A30  F3> AB				     rep     stosw		     ; Rep when	cx >0 Store ax to es:[di]
   1227	0A32  5E				     pop     si
   1228	0A33  81 C6 18D8			     add     si,data_2e
   1229	0A37  56				     push    si
   1230	0A38  B9 0414				     mov     cx,414h
   1231	0A3B  F3> A5				     rep     movsw		     ; Rep when	cx >0 Mov [si] to es:[di]
   1232	0A3D  B9 000C				     mov     cx,0Ch
   1233	0A40  F3> AB				     rep     stosw		     ; Rep when	cx >0 Store ax to es:[di]
   1234	0A42  5E				     pop     si
   1235	0A43  81 C6 18D8			     add     si,data_2e
   1236	0A47  B9 0414				     mov     cx,414h
   1237	0A4A  F3> A5				     rep     movsw		     ; Rep when	cx >0 Mov [si] to es:[di]
   1238	0A4C  B9 000C				     mov     cx,0Ch
   1239	0A4F  F3> AB				     rep     stosw		     ; Rep when	cx >0 Store ax to es:[di]
   1240	0A51  C3				     retn
   1241	0A52			     sub_11	     endp
   1242
Turbo Assembler	 Version 2.01	     03/22/26 17:19:52	    Page 24
ZR2_50.asm



   1243										     ;*	No entry point to code
   1244	0A52  1E				     push    ds
   1245	0A53  06				     push    es
   1246	0A54  1F				     pop     ds
   1247	0A55  57				     push    di
   1248	0A56  5E				     pop     si
   1249	0A57  2E: 8E 06	FF2C			     mov     es,cs:data_106e
   1250	0A5C  BF 4CE6				     mov     di,data_5e
   1251	0A5F  B9 0035				     mov     cx,35h
   1252
   1253	0A62			     locloop_87:
   1254	0A62  51				     push    cx
   1255	0A63  57				     push    di
   1256	0A64  B9 0013				     mov     cx,13h
   1257
   1258	0A67			     locloop_88:
   1259	0A67  AD				     lodsw			     ; String [si] to ax
   1260	0A68  26: 09 05				     or	     es:[di],ax
   1261	0A6B  26: 09 85	29E0			     or	     es:data_3e[di],ax
   1262	0A70  26: 09 85	53C0			     or	     es:data_6e[di],ax
   1263	0A75  47				     inc     di
   1264	0A76  47				     inc     di
   1265	0A77  E2 EE				     loop    locloop_88		     ; Loop if cx > 0
   1266
   1267	0A79  5F				     pop     di
   1268	0A7A  83 C7 50				     add     di,50h
   1269	0A7D  59				     pop     cx
   1270	0A7E  E2 E2				     loop    locloop_87		     ; Loop if cx > 0
   1271
   1272	0A80  BF 4CE6				     mov     di,data_5e
   1273	0A83  B9 0035				     mov     cx,35h
   1274
   1275	0A86			     locloop_89:
   1276	0A86  51				     push    cx
   1277	0A87  57				     push    di
   1278	0A88  B9 0013				     mov     cx,13h
   1279
   1280	0A8B			     locloop_90:
   1281	0A8B  AD				     lodsw			     ; String [si] to ax
   1282	0A8C  F7 D0				     not     ax
   1283	0A8E  26: 21 05				     and     es:[di],ax
   1284	0A91  26: 21 85	29E0			     and     es:data_3e[di],ax
   1285	0A96  26: 21 85	53C0			     and     es:data_6e[di],ax
   1286	0A9B  47				     inc     di
   1287	0A9C  47				     inc     di
   1288	0A9D  E2 EC				     loop    locloop_90		     ; Loop if cx > 0
   1289
   1290	0A9F  5F				     pop     di
   1291	0AA0  83 C7 50				     add     di,50h
   1292	0AA3  59				     pop     cx
   1293	0AA4  E2 E0				     loop    locloop_89		     ; Loop if cx > 0
   1294
   1295	0AA6  1F				     pop     ds
   1296	0AA7  C3				     retn
Turbo Assembler	 Version 2.01	     03/22/26 17:19:52	    Page 25
ZR2_50.asm



   1297	0AA8  F0 FA F3				     db	     0F0h,0FAh,0F3h
   1298	0AAB  41 74 20 6C 6F 6E	67+		     db	     'At long last, Jashiin was	destro'
   1299	      20 6C 61 73 74 2C	20+
   1300	      4A 61 73 68 69 69	6E+
   1301	      20 77 61 73 20 64	65+
   1302	      73 74 72 6F
   1303	0ACB  79 65 64 20 61 6E	64+		     db	     'yed and the nine Tears of	Esmesa'
   1304	      20 74 68 65 20 6E	69+
   1305	      6E 65 20 54 65 61	72+
   1306	      73 20 6F 66 20 45	73+
   1307	      6D 65 73 61
   1308	0AEB  6E 74 69 20 77 65	72+		     db	     'nti were returned	to their right'
   1309	      65 20 72 65 74 75	72+
   1310	      6E 65 64 20 74 6F	20+
   1311	      74 68 65 69 72 20	72+
   1312	      69 67 68 74
   1313	0B0B  66 75 6C 20 70 6C	61+		     db	     'ful place.'
   1314	      63 65 2E
   1315	0B15  F5 F5 F5 FE F3			     db	     0F5h,0F5h,0F5h,0FEh,0F3h
   1316	0B1A  50 72 69 6E 63 65	73+		     db	     'Princess Felicia was restored to'
   1317	      73 20 46 65 6C 69	63+
   1318	      69 61 20 77 61 73	20+
   1319	      72 65 73 74 6F 72	65+
   1320	      64 20 74 6F
   1321	0B3A  20 68 65 72 20 74	72+		     db	     ' her true	form.'
   1322	      75 65 20 66 6F 72	6D+
   1323	      2E
   1324	0B49  F5 F5 F5 FB FE F3			     db	     0F5h,0F5h,0F5h,0FBh,0FEh,0F3h
   1325	0B4F  EF 22 95 59 6F 75			     db	     0EFh, 22h,	95h, 59h, 6Fh, 75h
   1326	0B55  20 90 61 72 65 94			     db	      20h, 90h,	61h, 72h, 65h, 94h
   1327	0B5B  20 90 61 95 73 20			     db	      20h, 90h,	61h, 95h, 73h, 20h
   1328	0B61  92 62 65 95 61 75			     db	      92h, 62h,	65h, 95h, 61h, 75h
   1329	0B67  92 74 69 95 66 75			     db	      92h, 74h,	69h, 95h, 66h, 75h
   1330	0B6D  93 6C 20 90 61 95			     db	      93h, 6Ch,	20h, 90h, 61h, 95h
   1331	0B73  73 20 90 61 20 93			     db	      73h, 20h,	90h, 61h, 20h, 93h
   1332	0B79  72 6F 91 73 65 20			     db	      72h, 6Fh,	91h, 73h, 65h, 20h
   1333	0B7F  92 69 94 6E 20 93			     db	      92h, 69h,	94h, 6Eh, 20h, 93h
   1334	0B85  62 95 6C 6F 6F 94			     db	      62h, 95h,	6Ch, 6Fh, 6Fh, 94h
   1335	0B8B  6D 21 22 F5 F2 EB			     db	      6Dh, 21h,	22h,0F5h,0F2h,0EBh
   1336	0B91  A3 22 A4 A0 54 A5			     db	     0A3h, 22h,0A4h,0A0h, 54h,0A5h
   1337	0B97  68 A4 61 A3 A2 6E			     db	      68h,0A4h,	61h,0A3h,0A2h, 6Eh
   1338	0B9D  A1 6B 20 A2 79 6F			     db	     0A1h, 6Bh,	20h,0A2h, 79h, 6Fh
   1339	0BA3  75 2C 20 A1 A3 44			     db	      75h, 2Ch,	20h,0A1h,0A3h, 44h
   1340	0BA9  A4 75 A5 6B A4 65			     db	     0A4h, 75h,0A5h, 6Bh,0A4h, 65h
   1341	0BAF  A3 20 A0 47 61 72			     db	     0A3h, 20h,0A0h, 47h, 61h, 72h
   1342	0BB5  A1 6C 61 A2 6E 64			     db	     0A1h, 6Ch,	61h,0A2h, 6Eh, 64h
   1343	0BBB  2E 22 A1 F5 F5 F5			     db	      2Eh, 22h,0A1h,0F5h,0F5h,0F5h
   1344	0BC1  FE F3 22 A1 59 6F			     db	     0FEh,0F3h,	22h,0A1h, 59h, 6Fh
   1345	0BC7  75 20 A0 68 61 A2			     db	      75h, 20h,0A0h, 68h, 61h,0A2h
   1346	0BCD  76 65 20 A1 64 6F			     db	      76h, 65h,	20h,0A1h, 64h, 6Fh
   1347	0BD3  A2 6E 65 20 A0 61			     db	     0A2h, 6Eh,	65h, 20h,0A0h, 61h
   1348	0BD9  20 A1 67 72 65 A0			     db	      20h,0A1h,	67h, 72h, 65h,0A0h
   1349	0BDF  61 74 20 A1 64 65			     db	      61h, 74h,	20h,0A1h, 64h, 65h
   1350	0BE5  65 64 20 A2 69 6E			     db	      65h, 64h,	20h,0A2h, 69h, 6Eh
Turbo Assembler	 Version 2.01	     03/22/26 17:19:52	    Page 26
ZR2_50.asm



   1351	0BEB  20 A0 64 65 66 65			     db	      20h,0A0h,	64h, 65h, 66h, 65h
   1352	0BF1  61 A1 74 A2 69 6E			     db	      61h,0A1h,	74h,0A2h, 69h, 6Eh
   1353	0BF7  67 20 A1 4A 61 73			     db	      67h, 20h,0A1h, 4Ah, 61h, 73h
   1354	0BFD  68 69 A2 69 6E 2E			     db	      68h, 69h,0A2h, 69h, 6Eh, 2Eh
   1355	0C03  A1 20 20 F5 A0 A4			     db	     0A1h, 20h,	20h,0F5h,0A0h,0A4h
   1356	0C09  41 A5 6C A4 A2 74			     db	      41h,0A5h,	6Ch,0A4h,0A2h, 74h
   1357	0C0F  A3 68 6F 75 A1 67			     db	     0A3h, 68h,	6Fh, 75h,0A1h, 67h
   1358	0C15  68 20 A0 6D 79 20			     db	      68h, 20h,0A0h, 6Dh, 79h, 20h
   1359	0C1B  A1 62 6F 64 A1 79			     db	     0A1h, 62h,	6Fh, 64h,0A1h, 79h
   1360	0C21  20 A0 77 61 A1 73			     db	      20h,0A0h,	77h, 61h,0A1h, 73h
   1361	0C27  20 A1 68 A0 65 72			     db	      20h,0A1h,	68h,0A0h, 65h, 72h
   1362	0C2D  65 2C 20 A4 6D A5			     db	      65h, 2Ch,	20h,0A4h, 6Dh,0A5h
   1363	0C33  A1 79 A4 20 A3 A1			     db	     0A1h, 79h,0A4h, 20h,0A3h,0A1h
   1364	0C39  73 6F A2 75 6C 20			     db	      73h, 6Fh,0A2h, 75h, 6Ch, 20h
   1365	0C3F  A0 77 61 A2 73 20			     db	     0A0h, 77h,	61h,0A2h, 73h, 20h
   1366	0C45  A2 77 A1 69 74 68			     db	     0A2h, 77h,0A1h, 69h, 74h, 68h
   1367	0C4B  20 A0 74 68 65 20			     db	      20h,0A0h,	74h, 68h, 65h, 20h
   1368	0C51  A1 48 6F A2 6C 79			     db	     0A1h, 48h,	6Fh,0A2h, 6Ch, 79h
   1369	0C57  20 A2 53 A1 70 69			     db	      20h,0A2h,	53h,0A1h, 70h, 69h
   1370	0C5D  A0 72 A2 69 74 2C			     db	     0A0h, 72h,0A2h, 69h, 74h, 2Ch
   1371	0C63  20 A0 77 61 74 A1			     db	      20h,0A0h,	77h, 61h, 74h,0A1h
   1372	0C69  63 68 A2 69 6E 67			     db	      63h, 68h,0A2h, 69h, 6Eh, 67h
   1373	0C6F  20 A1 79 6F 75 2E			     db	      20h,0A1h,	79h, 6Fh, 75h, 2Eh
   1374	0C75  22 F5 F5 F5 FE F3			     db	      22h,0F5h,0F5h,0F5h,0FEh,0F3h
   1375	0C7B  22 A0 49 20 A1 64			     db	      22h,0A0h,	49h, 20h,0A1h, 64h
   1376	0C81  6F A2 6E 27 74 20			     db	      6Fh,0A2h,	6Eh, 27h, 74h, 20h
   1377	0C87  A1 6B A2 6E 6F 77			     db	     0A1h, 6Bh,0A2h, 6Eh, 6Fh, 77h
   1378	0C8D  20 A0 68 6F A2 77			     db	      20h,0A0h,	68h, 6Fh,0A2h, 77h
   1379	0C93  20 A1 74 6F 20 A0			     db	      20h,0A1h,	74h, 6Fh, 20h,0A0h
   1380	0C99  74 68 61 A2 6E 6B			     db	      74h, 68h,	61h,0A2h, 6Eh, 6Bh
   1381	0C9F  20 A1 79 6F 75 20			     db	      20h,0A1h,	79h, 6Fh, 75h, 20h
   1382	0CA5  A2 66 6F 72 20 A1			     db	     0A2h, 66h,	6Fh, 72h, 20h,0A1h
   1383	0CAB  72 65 A2 73 63 75			     db	      72h, 65h,0A2h, 73h, 63h, 75h
   1384	0CB1  A1 69 6E 67 20 A2			     db	     0A1h, 69h,	6Eh, 67h, 20h,0A2h
   1385	0CB7  6D 65 20 A0 61 6E			     db	      6Dh, 65h,	20h,0A0h, 61h, 6Eh
   1386	0CBD  64 20 A1 73 61 76			     db	      64h, 20h,0A1h, 73h, 61h, 76h
   1387	0CC3  A2 69 6E 67 20 A0			     db	     0A2h, 69h,	6Eh, 67h, 20h,0A0h
   1388	0CC9  6D 79 20 A1 63 6F			     db	      6Dh, 79h,	20h,0A1h, 63h, 6Fh
   1389	0CCF  A0 75 6E A2 74 72			     db	     0A0h, 75h,	6Eh,0A2h, 74h, 72h
   1390	0CD5  79 2E 22 A1 F5 F5			     db	      79h, 2Eh,	22h,0A1h,0F5h,0F5h
   1391	0CDB  F5 FE FD F3			     db	     0F5h,0FEh,0FDh,0F3h
   1392	0CDF  22 46 61 74 68 65	72+		     db	     '"Father!"'
   1393	      21 22
   1394	0CE8  F5 F5 F2 EE			     db	     0F5h,0F5h,0F2h,0EEh
   1395	0CEC  22 4D 79 20 64 61	72+		     db	     '"My darling Felicia!  '
   1396	      6C 69 6E 67 20 46	65+
   1397	      6C 69 63 69 61 21	20+
   1398	      20
   1399	0D02  F5				     db	     0F5h
   1400	0D03  48 6F				     db	     'Ho'
   1401	0D05  77 20 49				     db	     'w	I'
   1402	0D08  27 76 65 20 6C 6F	6E+		     db	     27h, 've longed to	hold you in my'
   1403	      67 65 64 20 74 6F	20+
   1404	      68 6F 6C 64 20 79	6F+
Turbo Assembler	 Version 2.01	     03/22/26 17:19:52	    Page 27
ZR2_50.asm



   1405	      75 20 69 6E 20 6D	79
   1406	0D24  20 61 72 6D 73 20	61+		     db	     ' arms and	hear your sweet	voice!'
   1407	      6E 64 20 68 65 61	72+
   1408	      20 79 6F 75 72 20	73+
   1409	      77 65 65 74 20 76	6F+
   1410	      69 63 65 21
   1411	0D44  22				     db	     '"'
   1412	0D45  F5 F5 F5 FA FE F3			     db	     0F5h,0F5h,0F5h,0FAh,0FEh,0F3h
   1413	0D4B  F0				     db	     0F0h
   1414	0D4C  4F 75 74 73 69 64	65+		     db	     'Outside, the land	cursed by the '
   1415	      2C 20 74 68 65 20	6C+
   1416	      61 6E 64 20 63 75	72+
   1417	      73 65 64 20 62 79	20+
   1418	      74 68 65 20
   1419	0D6C  65 76 69 6C 20 6D	61+		     db	     'evil magic of Jashiin began to r'
   1420	      67 69 63 20 6F 66	20+
   1421	      4A 61 73 68 69 69	6E+
   1422	      20 62 65 67 61 6E	20+
   1423	      74 6F 20 72
   1424	0D8C  65 73 75 6D 65 20	69+		     db	     'esume its	original lushness.'
   1425	      74 73 20 6F 72 69	67+
   1426	      69 6E 61 6C 20 6C	75+
   1427	      73 68 6E 65 73 73	2E
   1428	0DA8  F5 F5 F5 FE F3			     db	     0F5h,0F5h,0F5h,0FEh,0F3h
   1429	0DAD  54 68 65 20 64 72	65+		     db	     'The dreadful power of Jashiin wa'
   1430	      61 64 66 75 6C 20	70+
   1431	      6F 77 65 72 20 6F	66+
   1432	      20 4A 61 73 68 69	69+
   1433	      6E 20 77 61
   1434	0DCD  73 20 77 61 73 68	65+		     db	     's	washed from the	earth, and the'
   1435	      64 20 66 72 6F 6D	20+
   1436	      74 68 65 20 65 61	72+
   1437	      74 68 2C 20 61 6E	64+
   1438	      20 74 68 65
   1439	0DED  20 6C 61 6E 64 20	6F+		     db	     ' land of Zeliard was peaceful on'
   1440	      66 20 5A 65 6C 69	61+
   1441	      72 64 20 77 61 73	20+
   1442	      70 65 61 63 65 66	75+
   1443	      6C 20 6F 6E
   1444	0E0D  63 65 20 6D 6F 72	65+		     db	     'ce more.'
   1445	      2E
   1446	0E15  F5 F5 F5 FE FD FA			     db	     0F5h,0F5h,0F5h,0FEh,0FDh,0FAh
   1447	0E1B  F3				     db	     0F3h
   1448	0E1C  54 68 65 20 47 75	61+		     db	     'The Guardian Spirit of the Holy '
   1449	      72 64 69 61 6E 20	53+
   1450	      70 69 72 69 74 20	6F+
   1451	      66 20 74 68 65 20	48+
   1452	      6F 6C 79 20
   1453	0E3C  4C 61 6E 64 20 6F	66+		     db	     'Land of Zeliard appeared before '
   1454	      20 5A 65 6C 69 61	72+
   1455	      64 20 61 70 70 65	61+
   1456	      72 65 64 20 62 65	66+
   1457	      6F 72 65 20
   1458	0E5C  44 75 6B 65 20 47	61+		     db	     'Duke Garland once	again.'
Turbo Assembler	 Version 2.01	     03/22/26 17:19:52	    Page 28
ZR2_50.asm



   1459	      72 6C 61 6E 64 20	6F+
   1460	      6E 63 65 20 61 67	61+
   1461	      69 6E 2E
   1462	0E74  F5 F5 F5 FE F3 FB			     db	     0F5h,0F5h,0F5h,0FEh,0F3h,0FBh
   1463	0E7A  EC				     db	     0ECh
   1464	0E7B  22 59 6F 75 20 68	61+		     db	     '"You have	suffered many hardship'
   1465	      76 65 20 73 75 66	66+
   1466	      65 72 65 64 20 6D	61+
   1467	      6E 79 20 68 61 72	64+
   1468	      73 68 69 70
   1469	0E9B  73 20 74 6F 20 64	65+		     db	     's	to defeat Jashiin, Duke	Garlan'
   1470	      66 65 61 74 20 4A	61+
   1471	      73 68 69 69 6E 2C	20+
   1472	      44 75 6B 65 20 47	61+
   1473	      72 6C 61 6E
   1474	0EBB  64 2E 22				     db	     'd."'
   1475	0EBE  F5 F5 F5 FE FD FB			     db	     0F5h,0F5h,0F5h,0FEh,0FDh,0FBh
   1476	0EC4  F3 22 83 59 6F 75			     db	     0F3h, 22h,	83h, 59h, 6Fh, 75h
   1477	0ECA  20 81 66 6F 75 82			     db	      20h, 81h,	66h, 6Fh, 75h, 82h
   1478	0ED0  67 68 74 20 83 62			     db	      67h, 68h,	74h, 20h, 83h, 62h
   1479	0ED6  81 72 61 83 76 65			     db	      81h, 72h,	61h, 83h, 76h, 65h
   1480	0EDC  82 6C 79 20 83 74			     db	      82h, 6Ch,	79h, 20h, 83h, 74h
   1481	0EE2  6F 20 80 61 83 63			     db	      6Fh, 20h,	80h, 61h, 83h, 63h
   1482	0EE8  63 6F 84 6D 82 70			     db	      63h, 6Fh,	84h, 6Dh, 82h, 70h
   1483	0EEE  6C 69 83 73 68 20			     db	      6Ch, 69h,	83h, 73h, 68h, 20h
   1484	0EF4  82 74 68 69 83 73			     db	      82h, 74h,	68h, 69h, 83h, 73h
   1485	0EFA  20 83 71 75 81 65			     db	      20h, 83h,	71h, 75h, 81h, 65h
   1486	0F00  83 73 74 2E 20 20			     db	      83h, 73h,	74h, 2Eh, 20h, 20h
   1487	0F06  F5 80 42 75 83 74			     db	     0F5h, 80h,	42h, 75h, 83h, 74h
   1488	0F0C  20 82 74 68 69 83			     db	      20h, 82h,	74h, 68h, 69h, 83h
   1489	0F12  73 20 80 77 61 83			     db	      73h, 20h,	80h, 77h, 61h, 83h
   1490	0F18  73 20 6F 84 6E 82			     db	      73h, 20h,	6Fh, 84h, 6Eh, 82h
   1491	0F1E  6C 79 20 81 74 68			     db	      6Ch, 79h,	20h, 81h, 74h, 68h
   1492	0F24  65 20 82 62 65 67			     db	      65h, 20h,	82h, 62h, 65h, 67h
   1493	0F2A  69 6E 84 6E 69 6E			     db	      69h, 6Eh,	84h, 6Eh, 69h, 6Eh
   1494	0F30  83 67 2E 20 20 84			     db	      83h, 67h,	2Eh, 20h, 20h, 84h
   1495	0F36  F5 83 59 6F 75 80			     db	     0F5h, 83h,	59h, 6Fh, 75h, 80h
   1496	0F3C  72 20 81 6E 65 83			     db	      72h, 20h,	81h, 6Eh, 65h, 83h
   1497	0F42  78 74 20 82 6D 69			     db	      78h, 74h,	20h, 82h, 6Dh, 69h
   1498	0F48  83 73 73 82 69 6F			     db	      83h, 73h,	73h, 82h, 69h, 6Fh
   1499	0F4E  84 6E 20 80 61 77			     db	      84h, 6Eh,	20h, 80h, 61h, 77h
   1500	0F54  61 82 69 83 74 73			     db	      61h, 82h,	69h, 83h, 74h, 73h
   1501	0F5A  20 83 79 6F 75 20			     db	      20h, 83h,	79h, 6Fh, 75h, 20h
   1502	0F60  82 69 84 6E 20 80			     db	      82h, 69h,	84h, 6Eh, 20h, 80h
   1503	0F66  61 20 82 6E 65 83			     db	      61h, 20h,	82h, 6Eh, 65h, 83h
   1504	0F6C  77 20 80 6C 61 84			     db	      77h, 20h,	80h, 6Ch, 61h, 84h
   1505	0F72  6E 64 2E 22 F5 F5			     db	      6Eh, 64h,	2Eh, 22h,0F5h,0F5h
   1506	0F78  F5 FE F7 EF 22 90			     db	     0F5h,0FEh,0F7h,0EFh, 22h, 90h
   1507	0F7E  4D 92 79 20 91 6E			     db	      4Dh, 92h,	79h, 20h, 91h, 6Eh
   1508	0F84  65 93 78 74 20 92			     db	      65h, 93h,	78h, 74h, 20h, 92h
   1509	0F8A  6D 69 93 73 73 69			     db	      6Dh, 69h,	93h, 73h, 73h, 69h
   1510	0F90  6F 94 6E 3F 22 97			     db	      6Fh, 94h,	6Eh, 3Fh, 22h, 97h
   1511	0F96  20 98 20 97 20 96			     db	      20h, 98h,	20h, 97h, 20h, 96h
   1512	0F9C  F5 F3 EC 22 81 54			     db	     0F5h,0F3h,0ECh, 22h, 81h, 54h
Turbo Assembler	 Version 2.01	     03/22/26 17:19:52	    Page 29
ZR2_50.asm



   1513	0FA2  68 65 80 72 65 20			     db	      68h, 65h,	80h, 72h, 65h, 20h
   1514	0FA8  80 61 72 65 20 81			     db	      80h, 61h,	72h, 65h, 20h, 81h
   1515	0FAE  6D 61 84 6E 79 20			     db	      6Dh, 61h,	84h, 6Eh, 79h, 20h
   1516	0FB4  83 77 68 6F 20 81			     db	      83h, 77h,	68h, 6Fh, 20h, 81h
   1517	0FBA  68 61 83 76 65 20			     db	      68h, 61h,	83h, 76h, 65h, 20h
   1518	0FC0  82 6E 65 65 83 64			     db	      82h, 6Eh,	65h, 65h, 83h, 64h
   1519	0FC6  20 6F 66 84 20 83			     db	      20h, 6Fh,	66h, 84h, 20h, 83h
   1520	0FCC  79 6F 80 75 72 20			     db	      79h, 6Fh,	80h, 75h, 72h, 20h
   1521	0FD2  83 73 81 70 65 82			     db	      83h, 73h,	81h, 70h, 65h, 82h
   1522	0FD8  63 69 80 61 83 6C			     db	      63h, 69h,	80h, 61h, 83h, 6Ch
   1523	0FDE  20 80 74 61 81 6C			     db	      20h, 80h,	74h, 61h, 81h, 6Ch
   1524	0FE4  65 84 6E 82 74 73			     db	      65h, 84h,	6Eh, 82h, 74h, 73h
   1525	0FEA  2E 20 20 84 F5 83			     db	      2Eh, 20h,	20h, 84h,0F5h, 83h
   1526	0FF0  46 6F 6C 6C 6F 77			     db	      46h, 6Fh,	6Ch, 6Ch, 6Fh, 77h
   1527	0FF6  20 82 6D 65 20 80			     db	      20h, 82h,	6Dh, 65h, 20h, 80h
   1528	0FFC  61 84 6E 64 20 80			     db	      61h, 84h,	6Eh, 64h, 20h, 80h
   1529	1002  49 20 83 77 82 69			     db	      49h, 20h,	83h, 77h, 82h, 69h
   1530	1008  6C 6C 20 83 73 68			     db	      6Ch, 6Ch,	20h, 83h, 73h, 68h
   1531	100E  6F 77 81 20 85 79			     db	      6Fh, 77h,	81h, 20h, 85h, 79h
   1532	1014  6F 75 20 81 74 68			     db	      6Fh, 75h,	20h, 81h, 74h, 68h
   1533	101A  65 20 83 77 80 61			     db	      65h, 20h,	83h, 77h, 80h, 61h
   1534	1020  82 79 2E 84 20 F5			     db	      82h, 79h,	2Eh, 84h, 20h,0F5h
   1535	1026  83 57 82 65 20 80			     db	      83h, 57h,	82h, 65h, 20h, 80h
   1536	102C  6D 75 83 73 74 20			     db	      6Dh, 75h,	83h, 73h, 74h, 20h
   1537	1032  81 64 65 80 70 61			     db	      81h, 64h,	65h, 80h, 70h, 61h
   1538	1038  72 83 74 20 85 71			     db	      72h, 83h,	74h, 20h, 85h, 71h
   1539	103E  75 82 69 63 83 6B			     db	      75h, 82h,	69h, 63h, 83h, 6Bh
   1540	1044  82 6C 79 2E 22 84			     db	      82h, 6Ch,	79h, 2Eh, 22h, 84h
   1541	104A  F5 F5 F5 FE F0 F3			     db	     0F5h,0F5h,0F5h,0FEh,0F0h,0F3h
   1542	1050  FA				     db	     0FAh
   1543	1051  54 68 65 72 65 20	77+		     db	     'There was	no time	to rest, '
   1544	      61 73 20 6E 6F 20	74+
   1545	      69 6D 65 20 74 6F	20+
   1546	      72 65 73 74 2C 20
   1547	106C  97 61 6E 98			     db	      97h, 61h,	6Eh, 98h
   1548	1070  64 20 6E 6F 20 74	69+		     db	     'd	no time	t'
   1549	      6D 65 20 74
   1550	107B  6F 20 73 74 61 79	20+		     db	     'o	stay in	this peaceful land.'
   1551	      69 6E 20 74 68 69	73+
   1552	      20 70 65 61 63 65	66+
   1553	      75 6C 20 6C 61 6E	64+
   1554	      2E
   1555	1098  F5 F5 F5 FD FE F3			     db	     0F5h,0F5h,0F5h,0FDh,0FEh,0F3h
   1556	109E  FB EB 97 22 96 B0			     db	     0FBh,0EBh,	97h, 22h, 96h,0B0h
   1557	10A4  4D 75 B3 73 B4 74			     db	      4Dh, 75h,0B3h, 73h,0B4h, 74h
   1558	10AA  20 79 6F 75 20 B2			     db	      20h, 79h,	6Fh, 75h, 20h,0B2h
   1559	10B0  6C 65 B1 61 B3 76			     db	      6Ch, 65h,0B1h, 61h,0B3h, 76h
   1560	10B6  65 B4 20 B3 73 6F			     db	      65h,0B4h,	20h,0B3h, 73h, 6Fh
   1561	10BC  20 B5 73 6F 6F B4			     db	      20h,0B5h,	73h, 6Fh, 6Fh,0B4h
   1562	10C2  6E 2C 20 B7 B3 44			     db	      6Eh, 2Ch,	20h,0B7h,0B3h, 44h
   1563	10C8  B8 75 B1 B7 6B B6			     db	     0B8h, 75h,0B1h,0B7h, 6Bh,0B6h
   1564	10CE  65 20 B0 47 61 72			     db	      65h, 20h,0B0h, 47h, 61h, 72h
   1565	10D4  6C 61 B4 6E 64 3F			     db	      6Ch, 61h,0B4h, 6Eh, 64h, 3Fh
   1566	10DA  20 20 F5 F2 B7 B0			     db	      20h, 20h,0F5h,0F2h,0B7h,0B0h
Turbo Assembler	 Version 2.01	     03/22/26 17:19:52	    Page 30
ZR2_50.asm



   1567	10E0  49 B8 20 B7 B5 77			     db	      49h,0B8h,	20h,0B7h,0B5h, 77h
   1568	10E6  B6 B0 61 73 20 B3			     db	     0B6h,0B0h,	61h, 73h, 20h,0B3h
   1569	10EC  68 6F 70 B2 69 B4			     db	      68h, 6Fh,	70h,0B2h, 69h,0B4h
   1570	10F2  6E B3 67 2E 2E 2E			     db	      6Eh,0B3h,	67h, 2Eh, 2Eh, 2Eh
   1571	10F8  B4 22 F5 F5 F5 FE			     db	     0B4h, 22h,0F5h,0F5h,0F5h,0FEh
   1572	10FE  F7 EF 22 95 50 72			     db	     0F7h,0EFh,	22h, 95h, 50h, 72h
   1573	1104  92 69 94 6E 91 63			     db	      92h, 69h,	94h, 6Eh, 91h, 63h
   1574	110A  65 93 73 73 20 91			     db	      65h, 93h,	73h, 73h, 20h, 91h
   1575	1110  46 65 92 6C 69 63			     db	      46h, 65h,	92h, 6Ch, 69h, 63h
   1576	1116  69 90 61 2C 20 97			     db	      69h, 90h,	61h, 2Ch, 20h, 97h
   1577	111C  90 49 98 92 20 97			     db	      90h, 49h,	98h, 92h, 20h, 97h
   1578	1122  90 6D 96 75 93 73			     db	      90h, 6Dh,	96h, 75h, 93h, 73h
   1579	1128  74 20 92 62 69 93			     db	      74h, 20h,	92h, 62h, 69h, 93h
   1580	112E  64 20 93 79 6F 75			     db	      64h, 20h,	93h, 79h, 6Fh, 75h
   1581	1134  20 91 66 61 90 72			     db	      20h, 91h,	66h, 61h, 90h, 72h
   1582	113A  65 91 77 65 93 6C			     db	      65h, 91h,	77h, 65h, 93h, 6Ch
   1583	1140  6C 2E 94 20 20 F5			     db	      6Ch, 2Eh,	94h, 20h, 20h,0F5h
   1584	1146  93 4D 6F 72 94 6E			     db	      93h, 4Dh,	6Fh, 72h, 94h, 6Eh
   1585	114C  69 6E 95 67 20 92			     db	      69h, 6Eh,	95h, 67h, 20h, 92h
   1586	1152  69 95 73 20 90 63			     db	      69h, 95h,	73h, 20h, 90h, 63h
   1587	1158  6F 6D 92 69 94 6E			     db	      6Fh, 6Dh,	92h, 69h, 94h, 6Eh
   1588	115E  67 20 93 73 6F 6F			     db	      67h, 20h,	93h, 73h, 6Fh, 6Fh
   1589	1164  94 6E 2C 20 90 61			     db	      94h, 6Eh,	2Ch, 20h, 90h, 61h
   1590	116A  94 6E 64 20 90 49			     db	      94h, 6Eh,	64h, 20h, 90h, 49h
   1591	1170  92 20 97 92 77 98			     db	      92h, 20h,	97h, 92h, 77h, 98h
   1592	1176  69 93 97 6C 96 6C			     db	      69h, 93h,	97h, 6Ch, 96h, 6Ch
   1593	117C  20 92 6D 69 93 73			     db	      20h, 92h,	6Dh, 69h, 93h, 73h
   1594	1182  73 20 91 74 68 65			     db	      73h, 20h,	91h, 74h, 68h, 65h
   1595	1188  20 90 6C 91 69 67			     db	      20h, 90h,	6Ch, 91h, 69h, 67h
   1596	118E  93 68 74 20 6F 95			     db	      93h, 68h,	74h, 20h, 6Fh, 95h
   1597	1194  66 20 93 53 92 70			     db	      66h, 20h,	93h, 53h, 92h, 70h
   1598	119A  69 72 69 93 74 20			     db	      69h, 72h,	69h, 93h, 74h, 20h
   1599	11A0  75 94 6E 91 6C 65			     db	      75h, 94h,	6Eh, 91h, 6Ch, 65h
   1600	11A6  93 73 73 20 90 49			     db	      93h, 73h,	73h, 20h, 90h, 49h
   1601	11AC  92 20 73 90 74 61			     db	      92h, 20h,	73h, 90h, 74h, 61h
   1602	11B2  72 94 74 20 91 62			     db	      72h, 94h,	74h, 20h, 91h, 62h
   1603	11B8  65 93 66 6F 90 72			     db	      65h, 93h,	66h, 6Fh, 90h, 72h
   1604	11BE  65 20 91 74 68 65			     db	      65h, 20h,	91h, 74h, 68h, 65h
   1605	11C4  20 90 64 61 94 77			     db	      20h, 90h,	64h, 61h, 94h, 77h
   1606	11CA  6E 2E 22 F5 F5 F5			     db	      6Eh, 2Eh,	22h,0F5h,0F5h,0F5h
   1607	11D0  FE F0 F3 FA			     db	     0FEh,0F0h,0F3h,0FAh
   1608	11D4  54 68				     db	     'Th'
   1609	11D6  65 20 44 75 6B 65	20+		     db	     'e	Duke answered quickly, as if t'
   1610	      61 6E 73 77 65 72	65+
   1611	      64 20 71 75 69 63	6B+
   1612	      6C 79 2C 20 61 73	20+
   1613	      69 66 20 74
   1614	11F6  6F 20 68 65 61 64	20+		     db	     'o	head off the'
   1615	      6F 66 66 20 74 68	65
   1616	1204  20 6E 65 78 74 20	77+		     db	     ' next words of Princess Felicia.'
   1617	      6F 72 64 73 20 6F	66+
   1618	      20 50 72 69 6E 63	65+
   1619	      73 73 20 46 65 6C	69+
   1620	      63 69 61 2E
Turbo Assembler	 Version 2.01	     03/22/26 17:19:52	    Page 31
ZR2_50.asm



   1621	1224  F5 F5 F5 FD FE F3			     db	     0F5h,0F5h,0F5h,0FDh,0FEh,0F3h
   1622	122A  FA				     db	     0FAh
   1623	122B  46 6F 72 20 69 66	20+		     db	     'For if he	heard those words, he '
   1624	      68 65 20 68 65 61	72+
   1625	      64 20 74 68 6F 73	65+
   1626	      20 77 6F 72 64 73	2C+
   1627	      20 68 65 20
   1628	124B  6D 69 67 68 74 20	6E+		     db	     'might not	be able	to leave, as h'
   1629	      6F 74 20 62 65 20	61+
   1630	      62 6C 65 20 74 6F	20+
   1631	      6C 65 61 76 65 2C	20+
   1632	      61 73 20 68
   1633	126B  65 20 6B 6E 65 77	20		     db	     'e	knew '
   1634	1272  68 65 20 6D 75 73	74+		     db	     'he must.	'
   1635	      2E 20 20
   1636	127C  F5				     db	     0F5h
   1637	127D  48 65 20 74 75 72	6E+		     db	     'He turned	and walked away...'
   1638	      65 64 20 61 6E 64	20+
   1639	      77 61 6C 6B 65 64	20+
   1640	      61 77 61 79 2E 2E	2E
   1641	1299  F5 F5 F5 FE F7 FB			     db	     0F5h,0F5h,0F5h,0FEh,0F7h,0FBh
   1642	129F  EB 22 C0 44 6F C1			     db	     0EBh, 22h,0C0h, 44h, 6Fh,0C1h
   1643	12A5  6E 27 74 20 C0 67			     db	      6Eh, 27h,	74h, 20h,0C0h, 67h
   1644	12AB  6F 2C 20 C1 44 75			     db	      6Fh, 2Ch,	20h,0C1h, 44h, 75h
   1645	12B1  C0 6B 65 20 C0 47			     db	     0C0h, 6Bh,	65h, 20h,0C0h, 47h
   1646	12B7  61 72 C1 6C 61 6E			     db	      61h, 72h,0C1h, 6Ch, 61h, 6Eh
   1647	12BD  C0 64 21 22 F5 F0			     db	     0C0h, 64h,	21h, 22h,0F5h,0F0h
   1648	12C3  F3 FA				     db	     0F3h,0FAh
   1649	12C5  2E 2E 2E 20 61 6E	64+		     db	     '... and did not look back.'
   1650	      20 64 69 64 20 6E	6F+
   1651	      74 20 6C 6F 6F 6B	20+
   1652	      62 61 63 6B 2E
   1653	12DF  F5 FD F2				     db	     0F5h,0FDh,0F2h
   1654	12E2  44 75 6B 65 20 47	61+		     db	     'Duke Garlan'
   1655	      72 6C 61 6E
   1656	12ED  64 20 6C 65 66			     db	     'd	lef'
   1657	12F2  74 20 74				     db	     't	t'
   1658	12F5  68 65 20 63 61 73	74+		     db	     'he castle, and he	felt as	if his'
   1659	      6C 65 2C 20 61 6E	64+
   1660	      20 68 65 20 66 65	6C+
   1661	      74 20 61 73 20 69	66+
   1662	      20 68 69 73
   1663	1315  20 68 65 61 72 74	20+		     db	     ' heart might break.'
   1664	      6D 69 67 68 74 20	62+
   1665	      72 65 61 6B 2E
   1666	1328  F5 F5 F5 FE F7			     db	     0F5h,0F5h,0F5h,0FEh,0F7h
   1667	132D  41 73 20 73			     db	      41h, 73h,	20h, 73h
   1668	1331  68 65 20 77 61 74	63+		     db	     'he watched him go, Princess Feli'
   1669	      68 65 64 20 68 69	6D+
   1670	      20 67 6F 2C 20 50	72+
   1671	      69 6E 63 65 73 73	20+
   1672	      46 65 6C 69
   1673	1351  63 69 61 20 73 61	69+		     db	     'cia said to herself, '
   1674	      64 20 74 6F 20 68	65+
Turbo Assembler	 Version 2.01	     03/22/26 17:19:52	    Page 32
ZR2_50.asm



   1675	      72 73 65 6C 66 2C	20
   1676	1366  F5 F2 FB				     db	     0F5h,0F2h,0FBh
   1677	1369  22 48 65 20 77 69	6C+		     db	     '"He will return.	'
   1678	      6C 20 72 65 74 75	72+
   1679	      6E 2E 20 20
   1680	137B  F5				     db	     0F5h
   1681	137C  54 68 65 20 72 6F	61+		     db	     'The road to his destiny, began h'
   1682	      64 20 74 6F 20 68	69+
   1683	      73 20 64 65 73 74	69+
   1684	      6E 79 2C 20 62 65	67+
   1685	      61 6E 20 68
   1686	139C  65 72 65 2C 20 61	6E+		     db	     'ere, and it shall	end here."'
   1687	      64 20 69 74 20 73	68+
   1688	      61 6C 6C 20 65 6E	64+
   1689	      20 68 65 72 65 2E	22
   1690	13B8  F5 F5 F5 FE F3			     db	     0F5h,0F5h,0F5h,0FEh,0F3h
   1691	13BD  22 57 68 65 6E 20	68+		     db	     '"When his	work in	the world is d'
   1692	      69 73 20 77 6F 72	6B+
   1693	      20 69 6E 20 74 68	65+
   1694	      20 77 6F 72 6C 64	20+
   1695	      69 73 20 64
   1696	13DD  6F 6E 65 2C 20 68	65+		     db	     'one, he',	27h, 'l'
   1697	      27 6C
   1698	13E6  6C 20 63 6F 6D 65	20+		     db	     'l	come back to me.  '
   1699	      62 61 63 6B 20 74	6F+
   1700	      20 6D 65 2E 20 20
   1701	13FA  F5				     db	     0F5h
   1702	13FB  55 6E 74 69 6C 20	74+		     db	     'Until then, I can	only believe i'
   1703	      68 65 6E 2C 20 49	20+
   1704	      63 61 6E 20 6F 6E	6C+
   1705	      79 20 62 65 6C 69	65+
   1706	      76 65 20 69
   1707	141B  74 2C 20 61 6E 64	20+		     db	     't, and wait for him."'
   1708	      77 61 69 74 20 66	6F+
   1709	      72 20 68 69 6D 2E	22
   1710	1430  F5 F5 F5 F5 F5 FD			     db	     0F5h,0F5h,0F5h,0F5h,0F5h,0FDh
   1711	1436  FF 77 00 77 77 70			     db	     0FFh, 77h,	00h, 77h, 77h, 70h
   1712	143C  5D DD DD DD DC 3F			     db	      5Dh,0DDh,0DDh,0DDh,0DCh, 3Fh
   1713	1442  E0 94 77 70 1D D9			     db	     0E0h, 94h,	77h, 70h, 1Dh,0D9h
   1714	1448  E3 DD C0 07 75 07			     db	     0E3h,0DDh,0C0h, 07h, 75h, 07h
   1715	144E  77 00 01 DC 1D DC			     db	      77h, 00h,	01h,0DCh, 1Dh,0DCh
   1716	1454  00 80 77 77 70 04			     db	      00h, 80h,	77h, 77h, 70h, 04h
   1717	145A  88 1D DD 80 08 B2			     db	      88h, 1Dh,0DDh, 80h, 08h,0B2h
   1718	1460  03 70 00 74 FC 00			     db	      03h, 70h,	00h, 74h,0FCh, 00h
   1719	1466  00 00 D8 D6 00 00			     db	      00h, 00h,0D8h,0D6h, 00h, 00h
   1720	146C  07 74 FF E0 7F FF			     db	      07h, 74h,0FFh,0E0h, 7Fh,0FFh
   1721	1472  F1 7F FF FF FF FC			     db	     0F1h, 7Fh,0FFh,0FFh,0FFh,0FCh
   1722	1478  3F F9 F7 FF F8 9F			     db	      3Fh,0F9h,0F7h,0FFh,0F8h, 9Fh
   1723	147E  F9 EF FF E0 C7 FF			     db	     0F9h,0EFh,0FFh,0E0h,0C7h,0FFh
   1724	1484  FF FF 84 F1 FE 1F			     db	     0FFh,0FFh,	84h,0F1h,0FEh, 1Fh
   1725	148A  FE 0C FC 7F FF F0			     db	     0FEh, 0Ch,0FCh, 7Fh,0FFh,0F0h
   1726	1490  1C FF 1F FF 80 7C			     db	      1Ch,0FFh,	1Fh,0FFh, 80h, 7Ch
   1727	1496  FF 03 F8 01 FC FF			     db	     0FFh, 03h,0F8h, 01h,0FCh,0FFh
   1728	149C  30 00 07 FC FF 30			     db	      30h, 00h,	07h,0FCh,0FFh, 30h
Turbo Assembler	 Version 2.01	     03/22/26 17:19:52	    Page 33
ZR2_50.asm



   1729	14A2  00 1F FC FF A0 7F			     db	      00h, 1Fh,0FCh,0FFh,0A0h, 7Fh
   1730	14A8  FF F1 7F FF FF FF			     db	     0FFh,0F1h,	7Fh,0FFh,0FFh,0FFh
   1731	14AE  FC 3F F0 83 FF F8			     db	     0FCh, 3Fh,0F0h, 83h,0FFh,0F8h
   1732	14B4  9F E1 E0 FF E0 C7			     db	      9Fh,0E1h,0E0h,0FFh,0E0h,0C7h
   1733	14BA  F9 03 FF 84 F1 FE			     db	     0F9h, 03h,0FFh, 84h,0F1h,0FEh
   1734	14C0  1F FE 08 F4 7F FF			     db	      1Fh,0FEh,	08h,0F4h, 7Fh,0FFh
   1735	14C6  F0 14 FD 1F FF 80			     db	     0F0h, 14h,0FDh, 1Fh,0FFh, 80h
   1736	14CC  28 F7 03 F8 01 74			     db	      28h,0F7h,	03h,0F8h, 01h, 74h
   1737	14D2  FD 20 00 02 F8 F7			     db	     0FDh, 20h,	00h, 02h,0F8h,0F7h
   1738	14D8  20 00 17 FC 77 00			     db	      20h, 00h,	17h,0FCh, 77h, 00h
   1739	14DE  77 77 70 5D DD DD			     db	      77h, 77h,	70h, 5Dh,0DDh,0DDh
   1740	14E4  DD DC 3F FF FC 77			     db	     0DDh,0DCh,	3Fh,0FFh,0FCh, 77h
   1741	14EA  70 1D D9 C3 DD C0			     db	      70h, 1Dh,0D9h,0C3h,0DDh,0C0h
   1742	14F0  07 77 FF 77 00 01			     db	      07h, 77h,0FFh, 77h, 00h, 01h
   1743	14F6  DC 1D DC 00 80 77			     db	     0DCh, 1Dh,0DCh, 00h, 80h, 77h
   1744	14FC  77 70 04 88 1D DD			     db	      77h, 70h,	04h, 88h, 1Dh,0DDh
   1745	1502  80 08 B2 03 70 00			     db	      80h, 08h,0B2h, 03h, 70h, 00h
   1746	1508  74 FC 00 00 00 D8			     db	      74h,0FCh,	00h, 00h, 00h,0D8h
   1747	150E  D6 00 00 07 74 FF			     db	     0D6h, 00h,	00h, 07h, 74h,0FFh
   1748	1514  E0 7F FF F1 7F FF			     db	     0E0h, 7Fh,0FFh,0F1h, 7Fh,0FFh
   1749	151A  FF FF FC 3F FF FF			     db	     0FFh,0FFh,0FCh, 3Fh,0FFh,0FFh
   1750	1520  FF F8 9F F9 EF FF			     db	     0FFh,0F8h,	9Fh,0F9h,0EFh,0FFh
   1751	1526  E0 C7 FF FF FF 84			     db	     0E0h,0C7h,0FFh,0FFh,0FFh, 84h
   1752	152C  F1 FE 1F FE 0C FC			     db	     0F1h,0FEh,	1Fh,0FEh, 0Ch,0FCh
   1753	1532  7F FF F0 1C FF 1F			     db	      7Fh,0FFh,0F0h, 1Ch,0FFh, 1Fh
   1754	1538  FF 80 7C FF 03 F8			     db	     0FFh, 80h,	7Ch,0FFh, 03h,0F8h
   1755	153E  01 FC FF 30 00 07			     db	      01h,0FCh,0FFh, 30h, 00h, 07h
   1756	1544  FC FF 30 00 1F FC			     db	     0FCh,0FFh,	30h, 00h, 1Fh,0FCh
   1757	154A  FF A0 7F FF F1 7F			     db	     0FFh,0A0h,	7Fh,0FFh,0F1h, 7Fh
   1758	1550  FF FF FF FC 3F FF			     db	     0FFh,0FFh,0FFh,0FCh, 3Fh,0FFh
   1759	1556  FF FF F8 9F E1 C0			     db	     0FFh,0FFh,0F8h, 9Fh,0E1h,0C0h
   1760	155C  FF E0 C7 FF 87 FF			     db	     0FFh,0E0h,0C7h,0FFh, 87h,0FFh
   1761	1562  84 F1 FE 1F FE 08			     db	      84h,0F1h,0FEh, 1Fh,0FEh, 08h
   1762	1568  F4 7F FF F0 14 FD			     db	     0F4h, 7Fh,0FFh,0F0h, 14h,0FDh
   1763	156E  1F FF 80 28 F7 03			     db	      1Fh,0FFh,	80h, 28h,0F7h, 03h
   1764	1574  F8 01 74 FD 20 00			     db	     0F8h, 01h,	74h,0FDh, 20h, 00h
   1765	157A  02 F8 F7 20 00 17			     db	      02h,0F8h,0F7h, 20h, 00h, 17h
   1766	1580  FC 77 00 77 77 70			     db	     0FCh, 77h,	00h, 77h, 77h, 70h
   1767	1586  5D DD DD DD DC 37			     db	      5Dh,0DDh,0DDh,0DDh,0DCh, 37h
   1768	158C  E0 94 77 70 1D D1			     db	     0E0h, 94h,	77h, 70h, 1Dh,0D1h
   1769	1592  E3 DD D0 07 70 03			     db	     0E3h,0DDh,0D0h, 07h, 70h, 03h
   1770	1598  77 40 05 DD 0D DD			     db	      77h, 40h,	05h,0DDh, 0Dh,0DDh
   1771	159E  00 81 76 17 74 04			     db	      00h, 81h,	76h, 17h, 74h, 04h
   1772	15A4  88 5D DD D0 08 B2			     db	      88h, 5Dh,0DDh,0D0h, 08h,0B2h
   1773	15AA  17 77 00 74 FC 01			     db	      17h, 77h,	00h, 74h,0FCh, 01h
   1774	15B0  D8 00 D8 D6 00 00			     db	     0D8h, 00h,0D8h,0D6h, 00h, 00h
   1775	15B6  07 74 FF E0 7F FF			     db	      07h, 74h,0FFh,0E0h, 7Fh,0FFh
   1776	15BC  F1 7F FF FF FF FC			     db	     0F1h, 7Fh,0FFh,0FFh,0FFh,0FCh
   1777	15C2  3F F9 F7 FF F8 9F			     db	      3Fh,0F9h,0F7h,0FFh,0F8h, 9Fh
   1778	15C8  F9 E3 FF F0 CF FE			     db	     0F9h,0E3h,0FFh,0F0h,0CFh,0FEh
   1779	15CE  0F FF C4 E7 FF FF			     db	      0Fh,0FFh,0C4h,0E7h,0FFh,0FFh
   1780	15D4  FF 0C F9 FF 1F FC			     db	     0FFh, 0Ch,0F9h,0FFh, 1Fh,0FCh
   1781	15DA  1C FE 7F FF F0 7C			     db	      1Ch,0FEh,	7Fh,0FFh,0F0h, 7Ch
   1782	15E0  FF 1F FF 81 FC FF			     db	     0FFh, 1Fh,0FFh, 81h,0FCh,0FFh
Turbo Assembler	 Version 2.01	     03/22/26 17:19:52	    Page 34
ZR2_50.asm



   1783	15E6  23 F8 07 FC FF 30			     db	      23h,0F8h,	07h,0FCh,0FFh, 30h
   1784	15EC  00 1F FC FF A0 7F			     db	      00h, 1Fh,0FCh,0FFh,0A0h, 7Fh
   1785	15F2  FF F1 7F FF FF FF			     db	     0FFh,0F1h,	7Fh,0FFh,0FFh,0FFh
   1786	15F8  FC 3F F0 83 FF F8			     db	     0FCh, 3Fh,0F0h, 83h,0FFh,0F8h
   1787	15FE  9F E1 E0 FF F0 CF			     db	      9Fh,0E1h,0E0h,0FFh,0F0h,0CFh
   1788	1604  F8 01 FF C4 E7 FD			     db	     0F8h, 01h,0FFh,0C4h,0E7h,0FDh
   1789	160A  07 FF 08 F1 FF 0F			     db	      07h,0FFh,	08h,0F1h,0FFh, 0Fh
   1790	1610  FC 14 FC 7F FF F0			     db	     0FCh, 14h,0FCh, 7Fh,0FFh,0F0h
   1791	1616  28 F7 1F FF 81 74			     db	      28h,0F7h,	1Fh,0FFh, 81h, 74h
   1792	161C  FD 23 F8 02 F8 F7			     db	     0FDh, 23h,0F8h, 02h,0F8h,0F7h
   1793	1622  20 00 17 FC 20 00			     db	      20h, 00h,	17h,0FCh, 20h, 00h
   1794	1628  70 00 00 03 02 88			     db	      70h, 00h,	00h, 03h, 02h, 88h
   1795	162E  00 0D D8 00 01 C0			     db	      00h, 0Dh,0D8h, 00h, 01h,0C0h
   1796	1634  02 00 07 77 19 81			     db	      02h, 00h,	07h, 77h, 19h, 81h
   1797	163A  40 00 26 05 DD FC			     db	      40h, 00h,	26h, 05h,0DDh,0FCh
   1798	1640  A9 80 00 75 03 77			     db	     0A9h, 80h,	00h, 75h, 03h, 77h
   1799	1646  7F 77 00 00 3F 03			     db	      7Fh, 77h,	00h, 00h, 3Fh, 03h
   1800	164C  DD D4 5D C0 03 6A			     db	     0DDh,0D4h,	5Dh,0C0h, 03h, 6Ah
   1801	1652  03 77 FF 77 08 01			     db	      03h, 77h,0FFh, 77h, 08h, 01h
   1802	1658  FD 03 DF FD C5 18			     db	     0FDh, 03h,0DFh,0FDh,0C5h, 18h
   1803	165E  F1 78 78 27 E0 1F			     db	     0F1h, 78h,	78h, 27h,0E0h, 1Fh
   1804	1664  1F F8 03 BF FF 80			     db	      1Fh,0F8h,	03h,0BFh,0FFh, 80h
   1805	166A  07 C0 1E 00 F7 FF			     db	      07h,0C0h,	1Eh, 00h,0F7h,0FFh
   1806	1670  11 81 CC 00 06 7F			     db	      11h, 81h,0CCh, 00h, 06h, 7Fh
   1807	1676  FF F0 23 90 27 41			     db	     0FFh,0F0h,	23h, 90h, 27h, 41h
   1808	167C  7B FF F8 17 82 23			     db	      7Bh,0FFh,0F8h, 17h, 82h, 23h
   1809	1682  B0 73 FF F4 5F CE			     db	     0B0h, 73h,0FFh,0F4h, 5Fh,0CEh
   1810	1688  23 EA F3 FF FF FF			     db	      23h,0EAh,0F3h,0FFh,0FFh,0FFh
   1811	168E  8E 63 FF E3 FF FF			     db	      8Eh, 63h,0FFh,0E3h,0FFh,0FFh
   1812	1694  E7 1C 71 50 78 22			     db	     0E7h, 1Ch,	71h, 50h, 78h, 22h
   1813	169A  A0 0B 17 D8 02 AF			     db	     0A0h, 0Bh,	17h,0D8h, 02h,0AFh
   1814	16A0  FD 00 07 C0 16 00			     db	     0FDh, 00h,	07h,0C0h, 16h, 00h
   1815	16A6  57 FF 11 81 CC 00			     db	      57h,0FFh,	11h, 81h,0CCh, 00h
   1816	16AC  06 2F FF F0 23 90			     db	      06h, 2Fh,0FFh,0F0h, 23h, 90h
   1817	16B2  25 41 53 FF F8 17			     db	      25h, 41h,	53h,0FFh,0F8h, 17h
   1818	16B8  82 22 B0 63 FF F4			     db	      82h, 22h,0B0h, 63h,0FFh,0F4h
   1819	16BE  5F CE 23 EA D3 FF			     db	      5Fh,0CEh,	23h,0EAh,0D3h,0FFh
   1820	16C4  FF FF 8E 63 FF A3			     db	     0FFh,0FFh,	8Eh, 63h,0FFh,0A3h
   1821	16CA  FF FF E7 1C 20 00			     db	     0FFh,0FFh,0E7h, 1Ch, 20h, 00h
   1822	16D0  70 00 00 03 02 88			     db	      70h, 00h,	00h, 03h, 02h, 88h
   1823	16D6  00 0D D8 00 01 C0			     db	      00h, 0Dh,0D8h, 00h, 01h,0C0h
   1824	16DC  02 00 07 77 00 01			     db	      02h, 00h,	07h, 77h, 00h, 01h
   1825	16E2  40 00 00 05 DD FC			     db	      40h, 00h,	00h, 05h,0DDh,0FCh
   1826	16E8  29 80 00 61 03 77			     db	      29h, 80h,	00h, 61h, 03h, 77h
   1827	16EE  7F 77 00 00 3F 03			     db	      7Fh, 77h,	00h, 00h, 3Fh, 03h
   1828	16F4  DD D4 5D C0 03 6A			     db	     0DDh,0D4h,	5Dh,0C0h, 03h, 6Ah
   1829	16FA  03 77 FF 77 08 01			     db	      03h, 77h,0FFh, 77h, 08h, 01h
   1830	1700  FD 03 DF FD C5 18			     db	     0FDh, 03h,0DFh,0FDh,0C5h, 18h
   1831	1706  F1 78 78 27 FF FF			     db	     0F1h, 78h,	78h, 27h,0FFh,0FFh
   1832	170C  1F F8 5B BF FF F4			     db	      1Fh,0F8h,	5Bh,0BFh,0FFh,0F4h
   1833	1712  07 C0 1E 26 F7 FF			     db	      07h,0C0h,	1Eh, 26h,0F7h,0FFh
   1834	1718  40 01 CC 00 00 7F			     db	      40h, 01h,0CCh, 00h, 00h, 7Fh
   1835	171E  FF F0 23 90 27 41			     db	     0FFh,0F0h,	23h, 90h, 27h, 41h
   1836	1724  7B FF F8 17 82 23			     db	      7Bh,0FFh,0F8h, 17h, 82h, 23h
Turbo Assembler	 Version 2.01	     03/22/26 17:19:52	    Page 35
ZR2_50.asm



   1837	172A  B0 73 FF F4 5F CE			     db	     0B0h, 73h,0FFh,0F4h, 5Fh,0CEh
   1838	1730  23 EA F3 FF FF FF			     db	      23h,0EAh,0F3h,0FFh,0FFh,0FFh
   1839	1736  8E 63 FF E3 FF FF			     db	      8Eh, 63h,0FFh,0E3h,0FFh,0FFh
   1840	173C  E7 1C 71 50 78 22			     db	     0E7h, 1Ch,	71h, 50h, 78h, 22h
   1841	1742  A0 0B 17 D8 02 AF			     db	     0A0h, 0Bh,	17h,0D8h, 02h,0AFh
   1842	1748  FD 00 07 C0 16 00			     db	     0FDh, 00h,	07h,0C0h, 16h, 00h
   1843	174E  57 FF 00 01 CC 00			     db	      57h,0FFh,	00h, 01h,0CCh, 00h
   1844	1754  00 2F FF F0 23 90			     db	      00h, 2Fh,0FFh,0F0h, 23h, 90h
   1845	175A  25 41 53 FF F8 17			     db	      25h, 41h,	53h,0FFh,0F8h, 17h
   1846	1760  82 22 B0 63 FF F4			     db	      82h, 22h,0B0h, 63h,0FFh,0F4h
   1847	1766  5F CE 23 EA D3 FF			     db	      5Fh,0CEh,	23h,0EAh,0D3h,0FFh
   1848	176C  FF FF 8E 63 FF A3			     db	     0FFh,0FFh,	8Eh, 63h,0FFh,0A3h
   1849	1772  FF FF E7 1C 20 00			     db	     0FFh,0FFh,0E7h, 1Ch, 20h, 00h
   1850	1778  70 00 00 02 02 88			     db	      70h, 00h,	00h, 02h, 02h, 88h
   1851	177E  00 0D D8 00 01 40			     db	      00h, 0Dh,0D8h, 00h, 01h, 40h
   1852	1784  02 00 07 77 00 01			     db	      02h, 00h,	07h, 77h, 00h, 01h
   1853	178A  40 00 00 05 DD 80			     db	      40h, 00h,	00h, 05h,0DDh, 80h
   1854	1790  01 80 00 00 03 77			     db	      01h, 80h,	00h, 00h, 03h, 77h
   1855	1796  40 03 00 00 00 03			     db	      40h, 03h,	00h, 00h, 00h, 03h
   1856	179C  DD D0 0D C0 03 40			     db	     0DDh,0D0h,	0Dh,0C0h, 03h, 40h
   1857	17A2  03 77 FF 77 08 01			     db	      03h, 77h,0FFh, 77h, 08h, 01h
   1858	17A8  FD 03 DF FD C5 18			     db	     0FDh, 03h,0DFh,0FDh,0C5h, 18h
   1859	17AE  F1 78 78 27 E7 5F			     db	     0F1h, 78h,	78h, 27h,0E7h, 5Fh
   1860	17B4  1F F9 EF BF FF 3F			     db	      1Fh,0F9h,0EFh,0BFh,0FFh, 3Fh
   1861	17BA  F7 C0 1E BF F7 FF			     db	     0F7h,0C0h,	1Eh,0BFh,0F7h,0FFh
   1862	17C0  FF FF CC 00 7F FF			     db	     0FFh,0FFh,0CCh, 00h, 7Fh,0FFh
   1863	17C6  FF 9F E1 90 27 3F			     db	     0FFh, 9Fh,0E1h, 90h, 27h, 3Fh
   1864	17CC  7B FF C0 03 82 23			     db	      7Bh,0FFh,0C0h, 03h, 82h, 23h
   1865	17D2  00 73 FF F0 0F CE			     db	      00h, 73h,0FFh,0F0h, 0Fh,0CEh
   1866	17D8  23 C0 F3 FF FF FF			     db	      23h,0C0h,0F3h,0FFh,0FFh,0FFh
   1867	17DE  8E 63 FF E3 FF FF			     db	      8Eh, 63h,0FFh,0E3h,0FFh,0FFh
   1868	17E4  E7 1C 71 50 78 22			     db	     0E7h, 1Ch,	71h, 50h, 78h, 22h
   1869	17EA  A2 0A 17 D8 AA AF			     db	     0A2h, 0Ah,	17h,0D8h,0AAh,0AFh
   1870	17F0  FD 1D 23 40 16 18			     db	     0FDh, 1Dh,	23h, 40h, 16h, 18h
   1871	17F6  57 FF BA 41 CC 00			     db	      57h,0FFh,0BAh, 41h,0CCh, 00h
   1872	17FC  30 2F FF 94 01 90			     db	      30h, 2Fh,0FFh, 94h, 01h, 90h
   1873	1802  25 00 13 FF C0 03			     db	      25h, 00h,	13h,0FFh,0C0h, 03h
   1874	1808  82 22 00 63 FF F0			     db	      82h, 22h,	00h, 63h,0FFh,0F0h
   1875	180E  0F CE 23 C0 D3 FF			     db	      0Fh,0CEh,	23h,0C0h,0D3h,0FFh
   1876	1814  FF FF 8E 63 FF A3			     db	     0FFh,0FFh,	8Eh, 63h,0FFh,0A3h
   1877	181A  FF FF E7 1C AA AA			     db	     0FFh,0FFh,0E7h, 1Ch,0AAh,0AAh
   1878	1820  5F 55 B1 AA 56 54			     db	      5Fh, 55h,0B1h,0AAh, 56h, 54h
   1879	1826  0A A0 05 00 80 00			     db	      0Ah,0A0h,	05h, 00h, 80h, 00h
   1880	182C  40 00 FF FF FF FF			     db	      40h, 00h,0FFh,0FFh,0FFh,0FFh
   1881	1832  F9 FF 7F FE 1F F0			     db	     0F9h,0FFh,	7Fh,0FEh, 1Fh,0F0h
   1882	1838  8F 83 C0 07 C0 1E			     db	      8Fh, 83h,0C0h, 07h,0C0h, 1Eh
   1883	183E  FF FF E6 FF E0 7F			     db	     0FFh,0FFh,0E6h,0FFh,0E0h, 7Fh
   1884	1844  79 FC 1F F0 8F 80			     db	      79h,0FCh,	1Fh,0F0h, 8Fh, 80h
   1885	184A  C0 05 C0 0A AA AA			     db	     0C0h, 05h,0C0h, 0Ah,0AAh,0AAh
   1886	1850  55 D5 A0 2A 56 54			     db	      55h,0D5h,0A0h, 2Ah, 56h, 54h
   1887	1856  0A A0 05 00 80 00			     db	      0Ah,0A0h,	05h, 00h, 80h, 00h
   1888	185C  40 00 FF FF FF FF			     db	      40h, 00h,0FFh,0FFh,0FFh,0FFh
   1889	1862  FF FF 7F FE 1F F0			     db	     0FFh,0FFh,	7Fh,0FEh, 1Fh,0F0h
   1890	1868  8F 83 C0 07 C0 1E			     db	      8Fh, 83h,0C0h, 07h,0C0h, 1Eh
Turbo Assembler	 Version 2.01	     03/22/26 17:19:52	    Page 36
ZR2_50.asm



   1891	186E  FF FF E4 7F FF FF			     db	     0FFh,0FFh,0E4h, 7Fh,0FFh,0FFh
   1892	1874  79 FC 1F F0 8F 80			     db	      79h,0FCh,	1Fh,0F0h, 8Fh, 80h
   1893	187A  C0 05 C0 0A FE F7			     db	     0C0h, 05h,0C0h, 0Ah,0FEh,0F7h
   1894	1880  F8 00 04 FE FC FB			     db	     0F8h, 00h,	04h,0FEh,0FCh,0FBh
   1895	1886  01 11 FA 00 53 54			     db	      01h, 11h,0FAh, 00h, 53h, 54h
   1896	188C  41 46 46 F9 FC F8			     db	      41h, 46h,	46h,0F9h,0FCh,0F8h
   1897	1892  20 01 F9 FC FA 07			     db	      20h, 01h,0F9h,0FCh,0FAh, 07h
   1898	1898  F8 25 05 FD			     db	     0F8h, 25h,	05h,0FDh
   1899	189C  09 50 52 4F 44 55	43+		     db	     9,	'PRODUCER - JAPANESE VERSION'
   1900	      45 52 20 2D 20 4A	41+
   1901	      50 41 4E 45 53 45	20+
   1902	      56 45 52 53 49 4F	4E
   1903	18B8  FD				     db	     0FDh
   1904	18B9  09 09 09 09 20 20	20+		     db	     9,	9, 9, 9, '   Mitsuhiro Mazda'
   1905	      4D 69 74 73 75 68	69+
   1906	      72 6F 20 4D 61 7A	64+
   1907	      61
   1908	18CF  F9 FC FD				     db	     0F9h,0FCh,0FDh
   1909	18D2  09 50 52 4F 44 55	43+		     db	     9,	'PRODUCER - ENGLISH VERSION'
   1910	      45 52 20 2D 20 45	4E+
   1911	      47 4C 49 53 48 20	56+
   1912	      45 52 53 49 4F 4E
   1913	18ED  FD				     db	     0FDh
   1914	18EE  09 09 09 09 20 20	20+		     db	     9,	9, 9, 9, '     Josh Mandel'
   1915	      20 20 4A 6F 73 68	20+
   1916	      4D 61 6E 64 65 6C
   1917	1902  F9 FC FD				     db	     0F9h,0FCh,0FDh
   1918	1905  09 4C 45 41 44 20	50+		     db	     9,	'LEAD PROGRAMMER'
   1919	      52 4F 47 52 41 4D	4D+
   1920	      45 52
   1921	1915  FD				     db	     0FDh
   1922	1916  09 09 09 09 09 54	6F+		     db	     9,	9, 9, 9, 9, 'Tomoyuki Shimada'
   1923	      6D 6F 79 75 6B 69	20+
   1924	      53 68 69 6D 61 64	61
   1925	192B  F9 FC FD				     db	     0F9h,0FCh,0FDh
   1926	192E  09 47 52 41 50 48	49+		     db	     9,	'GRAPHIC DESIGNERS'
   1927	      43 20 44 45 53 49	47+
   1928	      4E 45 52 53
   1929	1940  FD				     db	     0FDh
   1930	1941  09 09 09 09 09 41	6B+		     db	     9,	9, 9, 9, 9, 'Akihiko Yoshida'
   1931	      69 68 69 6B 6F 20	59+
   1932	      6F 73 68 69 64 61
   1933	1955  FD				     db	     0FDh
   1934	1956  09 09 09 09 09 4D	61+		     db	     9,	9, 9, 9, 9, 'Masatoshi Azumi'
   1935	      73 61 74 6F 73 68	69+
   1936	      20 41 7A 75 6D 69
   1937	196A  F9 FC FD				     db	     0F9h,0FCh,0FDh
   1938	196D  09 45 4E 47 4C 49	53+		     db	     9,	'ENGLISH TEXT TRANSLATION'
   1939	      48 20 54 45 58 54	20+
   1940	      54 52 41 4E 53 4C	41+
   1941	      54 49 4F 4E
   1942	1986  FD				     db	     0FDh
   1943	1987  09 09 09 09 09 20	4D+		     db	     9,	9, 9, 9, 9, ' Marti McKenna'
   1944	      61 72 74 69 20 4D	63+
Turbo Assembler	 Version 2.01	     03/22/26 17:19:52	    Page 37
ZR2_50.asm



   1945	      4B 65 6E 6E 61
   1946	199A  F9 FC				     db	     0F9h,0FCh
   1947	199C  09 4D 55 53 49 43	20+		     db	     9,	'MUSIC COMPOSERS'
   1948	      43 4F 4D 50 4F 53	45+
   1949	      52 53
   1950	19AC  FD				     db	     0FDh
   1951	19AD  09 09 09 09 2D 2D	20+		     db	     9,	9, 9, 9, '-- MECANO ASSOCIATES'
   1952	      4D 45 43 41 4E 4F	20+
   1953	      41 53 53 4F 43 49	41+
   1954	      54 45 53
   1955	19C5  20 2D 2D				     db	     ' --'
   1956	19C8  FD				     db	     0FDh
   1957	19C9  09 09 09 09 20 20	20+		     db	     9,	9, 9, 9, '   Fumihito Kasatani'
   1958	      46 75 6D 69 68 69	74+
   1959	      6F 20 4B 61 73 61	74+
   1960	      61 6E 69
   1961	19E1  FD				     db	     0FDh
   1962	19E2  09 09 09 09 20 20	20+		     db	     9,	9, 9, 9, '   Nobuyuki Aoshima'
   1963	      4E 6F 62 75 79 75	6B+
   1964	      69 20 41 6F 73 68	69+
   1965	      6D 61
   1966	19F9  F9 FC FD				     db	     0F9h,0FCh,0FDh
   1967	19FC  09 53 54 4F 52 59	20+		     db	     9,	'STORY MAKER'
   1968	      4D 41 4B 45 52
   1969	1A08  FD				     db	     0FDh
   1970	1A09  09 09 09 09 09 4D	61+		     db	     9,	9, 9, 9, 9, 'Masaru Takeuchi'
   1971	      73 61 72 75 20 54	61+
   1972	      6B 65 75 63 68 69
   1973	1A1D  F9 FC FD				     db	     0F9h,0FCh,0FDh
   1974	1A20  09 53 4F 55 4E 44	20+		     db	     9,	'SOUND EFFECTS'
   1975	      45 46 46 45 43 54	53
   1976	1A2E  FD				     db	     0FDh
   1977	1A2F  09 09 09 09 09 54	6F+		     db	     9,	9, 9, 9, 9, 'Tomoyuki Shimada'
   1978	      6D 6F 79 75 6B 69	20+
   1979	      53 68 69 6D 61 64	61
   1980	1A44  F9 F8 00 03 FC FE			     db	     0F9h,0F8h,	00h, 03h,0FCh,0FEh
   1981	1A4A  F7 FE FB 01 0D FA			     db	     0F7h,0FEh,0FBh, 01h, 0Dh,0FAh
   1982	1A50  00				     db	      00h
   1983	1A51  53 50 45 43 49 41	4C+		     db	     'SPECIAL THANKS'
   1984	      20 54 48 41 4E 4B	53
   1985	1A5F  F9 FC F8 20 01 F9			     db	     0F9h,0FCh,0F8h, 20h, 01h,0F9h
   1986	1A65  FC FA 07 F8 00 07			     db	     0FCh,0FAh,	07h,0F8h, 00h, 07h
   1987	1A6B  FD				     db	     0FDh
   1988	1A6C  09 54 6F 73 68 69	79+		     db	     9,	'Toshiyuki Uchida', 9, 'Yuzo S'
   1989	      75 6B 69 20 55 63	68+
   1990	      69 64 61 09 59 75	7A+
   1991	      6F 20 53
   1992	1A84  75 6E 61 67 61			     db	     'unaga'
   1993	1A89  FD				     db	     0FDh
   1994	1A8A  09 54 61 6B 65 73	68+		     db	     9,	'Takeshi Miyaji', 9, 9,	'Naozu'
   1995	      69 20 4D 69 79 61	6A+
   1996	      69 09 09 4E 61 6F	7A+
   1997	      75
   1998	1AA0  6D 69 20 48 6F 6E	6D+		     db	     'mi Honma'
Turbo Assembler	 Version 2.01	     03/22/26 17:19:52	    Page 38
ZR2_50.asm



   1999	      61
   2000	1AA8  FD				     db	     0FDh
   2001	1AA9  09 52 61 79 20 45			     db	     9,	'Ray E'
   2002	1AAF  2E 20 4E 61 6B 61	7A+		     db	     '.	Nakazato', 9, 9, 'Toshi	Masubu'
   2003	      61 74 6F 09 09 54	6F+
   2004	      73 68 69 20 4D 61	73+
   2005	      75 62 75
   2006	1AC7  63 68 69				     db	     'chi'
   2007	1ACA  F9 FC FD				     db	     0F9h,0FCh,0FDh
   2008	1ACD  09 48 69 72 6F 79	75+		     db	     9,	'Hiroyuki Koyama', 9, 9, 'Sato'
   2009	      6B 69 20 4B 6F 79	61+
   2010	      6D 61 09 09 53 61	74+
   2011	      6F
   2012	1AE3  73 68 69 20 55 65	73+		     db	     'shi Uesaka'
   2013	      61 6B 61
   2014	1AED  FD				     db	     0FDh
   2015	1AEE  20 20 20				     db	     '	 '
   2016	1AF1  20 20 2D 2D 20 53	69		     db	     '	-- Si'
   2017	1AF8  65 72 72 61 20 4F	6E+		     db	     'erra On-Line Japan, Inc. --'
   2018	      2D 4C 69 6E 65 20	4A+
   2019	      61 70 61 6E 2C 20	49+
   2020	      6E 63 2E 20 2D 2D
   2021	1B13  FD				     db	     0FDh
   2022	1B14  09 09 09 20 45 69	6A+		     db	     9,	9, 9, '	Eiji (Ed) Nagano'
   2023	      69 20 28 45 64 29	20+
   2024	      4E 61 67 61 6E 6F
   2025	1B28  F9 FC				     db	     0F9h,0FCh
   2026	1B2A  09 41 44 56 49 53	45+		     db	     9,	'ADVISERS'
   2027	      52 53
   2028	1B33  FD				     db	     0FDh
   2029	1B34  09 09 09 09 09 20	20+		     db	     9,	9, 9, 9, 9, '  Osamu Harada'
   2030	      4F 73 61 6D 75 20	48+
   2031	      61 72 61 64 61
   2032	1B47  FD				     db	     0FDh
   2033	1B48  09 09 09 09 09 20	20+		     db	     9,	9, 9, 9, 9, '  Hiromi Ohba'
   2034	      48 69 72 6F 6D 69	20+
   2035	      4F 68 62 61
   2036	1B5A  FD				     db	     0FDh
   2037	1B5B  09 09 09 09 09 20	20+		     db	     9,	9, 9, 9, 9, '  Greg Miyaji'
   2038	      47 72 65 67 20 4D	69+
   2039	      79 61 6A 69
   2040	1B6D  F9 FC F8 80 05 FD			     db	     0F9h,0FCh,0F8h, 80h, 05h,0FDh
   2041	1B73  09 53 59 53 54 45	4D+		     db	     9,	'SYSTEM	DESIGNER'
   2042	      20 44 45 53 49 47	4E+
   2043	      45 52
   2044	1B83  FD				     db	     0FDh
   2045	1B84  09 09 09 09 09 52	6F+		     db	     9,	9, 9, 9, 9, 'Rocky Cave	Maker'
   2046	      63 6B 79 20 43 61	76+
   2047	      65 20 4D 61 6B 65	72
   2048	1B99  F9 F8 20 01 FC F9			     db	     0F9h,0F8h,	20h, 01h,0FCh,0F9h
   2049	1B9F  F8 00 03 FC FB 01			     db	     0F8h, 00h,	03h,0FCh,0FBh, 01h
   2050	1BA5  0C FA 00				     db	      0Ch,0FAh,	00h
   2051	1BA8  53 45 52 56 49 4E	47+		     db	     'SERVING MONSTERS'
   2052	      20 4D 4F 4E 53 54	45+
Turbo Assembler	 Version 2.01	     03/22/26 17:19:52	    Page 39
ZR2_50.asm



   2053	      52 53
   2054	1BB8  F9 FC F8 20 01 F9			     db	     0F9h,0FCh,0F8h, 20h, 01h,0F9h
   2055	1BBE  FC FA 07 F8 40 01			     db	     0FCh,0FAh,	07h,0F8h, 40h, 01h
   2056	1BC4  09 43 61 76 65 72	6E+		     db	     9,	'Cavern	of Maricia', 9,	9, 'CA'
   2057	      20 6F 66 20 4D 61	72+
   2058	      69 63 69 61 09 09	43+
   2059	      41
   2060	1BDA  4E 47 52 45 4A 4F			     db	     'NGREJO'
   2061	1BE0  F9 FD				     db	     0F9h,0FDh
   2062	1BE2  09 09 50 65 6C 69	67+		     db	     9,	9, 'Peligro', 9, 9, 9, 9, 'PUL'
   2063	      72 6F 09 09 09 09	50+
   2064	      55 4C
   2065	1BF2  50 4F				     db	     'PO'
   2066	1BF4  F9 FD				     db	     0F9h,0FDh
   2067	1BF6  09 09 52 69 7A 61	09+		     db	     9,	9, 'Riza', 9, 9, 9, 9, 'POLLO'
   2068	      09 09 09 50 4F 4C	4C+
   2069	      4F
   2070	1C05  F9 F9 FC				     db	     0F9h,0F9h,0FCh
   2071	1C08  09 43 61 76 65 72	6E+		     db	     9,	'Cavern	of Glacial', 9,	9, 'AG'
   2072	      20 6F 66 20 47 6C	61+
   2073	      63 69 61 6C 09 09	41+
   2074	      47
   2075	1C1E  45 52				     db	     'ER'
   2076	1C20  F9 FD				     db	     0F9h,0FDh
   2077	1C22  09 09 43 65 6D 65	6E+		     db	     9,	9, 'Cementar', 9, 9, 9,	'VISTA'
   2078	      74 61 72 09 09 09	56+
   2079	      49 53 54 41
   2080	1C34  F9 FD				     db	     0F9h,0FDh
   2081	1C36  09 09 54 65 73 6F	72+		     db	     9,	9, 'Tesoro', 9,	9, 9, 9, 'TARS'
   2082	      6F 09 09 09 09 54	41+
   2083	      52 53
   2084	1C46  4F				     db	     'O'
   2085	1C47  F9 F9 FC				     db	     0F9h,0F9h,0FCh
   2086	1C4A  09 09 4C 6C 61 6D	61+		     db	     9,	9, 'Llama Town', 9, 9, 9, 'PAG'
   2087	      20 54 6F 77 6E 09	09+
   2088	      09 50 41 47
   2089	1C5C  55 52 4F				     db	     'URO'
   2090	1C5F  F9 FD				     db	     0F9h,0FDh
   2091	1C61  09 43 61 76 65 72	6E+		     db	     9,	'Cavern	of Caliente', 9, 9, 'D'
   2092	      20 6F 66 20 43 61	6C+
   2093	      69 65 6E 74 65 09	09+
   2094	      44
   2095	1C77  52 41 47 4F 4E			     db	     'RAGON'
   2096	1C7C  F9 FD				     db	     0F9h,0FDh
   2097	1C7E  09 09 41 62 73 6F	72+		     db	     9,	9, 'Absor', 9, 9, 9, 9,	'ALGUI'
   2098	      09 09 09 09 41 4C	47+
   2099	      55 49
   2100	1C8E  45 4E				     db	     'EN'
   2101	1C90  F9 F9 FC FA 00 FE			     db	     0F9h,0F9h,0FCh,0FAh, 00h,0FEh
   2102	1C96  09 43 6F 70 79 72	69+		     db	     9,	'Copyright (C)1987,19'
   2103	      67 68 74 20 28 43	29+
   2104	      31 39 38 37 2C 31	39
   2105	1CAB  39 30 20 47 41 4D	45+		     db	     '90 GAME ARTS'
   2106	      20 41 52 54 53
Turbo Assembler	 Version 2.01	     03/22/26 17:19:52	    Page 40
ZR2_50.asm



   2107	1CB7  FD				     db	     0FDh
   2108	1CB8  09 43 6F 70 79 72	69+		     db	     9,	'Copyright ('
   2109	      67 68 74 20 28
   2110	1CC4  43 29 31 39 39 30	20+		     db	     'C)1990 Sierra On-Line'
   2111	      53 69 65 72 72 61	20+
   2112	      4F 6E 2D 4C 69 6E	65
   2113	1CD9  FD				     db	     0FDh
   2114	1CDA  20 20 54 68 69 73	20+		     db	     '	This edition first publ'
   2115	      65 64 69 74 69 6F	6E+
   2116	      20 66 69 72 73 74	20+
   2117	      70 75 62 6C
   2118	1CF3  69 73 68 65 64 20	31+		     db	     'ished 1987 by'
   2119	      39 38 37 20 62 79
   2120	1D00  FD				     db	     0FDh
   2121	1D01  20 20 47 41 4D 45	20+		     db	     '	GAME ARTS Co.,Ltd./ Tomoyuki S'
   2122	      41 52 54 53 20 43	6F+
   2123	      2E 2C 4C 74 64 2E	2F+
   2124	      20 54 6F 6D 6F 79	75+
   2125	      6B 69 20 53
   2126	1D21  68 69 6D 61 64 61			     db	     'himada'
   2127	1D27  FE F7 FE FF 00 00			     db	     0FEh,0F7h,0FEh,0FFh, 00h, 00h
   2128	1D2D  00 00 00 00 01 02			     db	      00h, 00h,	00h, 00h, 01h, 02h
   2129	1D33  03 04 00 00 00 00			     db	      03h, 04h,	00h, 00h, 00h, 00h
   2130	1D39  00 00 05 06 07 08			     db	      00h, 00h,	05h, 06h, 07h, 08h
   2131	1D3F  09 0A 0B 0C 0D 0E			     db	      09h, 0Ah,	0Bh, 0Ch, 0Dh, 0Eh
   2132	1D45  0F 10 11 12 13 14			     db	      0Fh, 10h,	11h, 12h, 13h, 14h
   2133	1D4B  15 16 00 00 00 17			     db	      15h, 16h,	00h, 00h, 00h, 17h
   2134	1D51  18 19 1A 1B 1C 1D			     db	      18h, 19h,	1Ah, 1Bh, 1Ch, 1Dh
   2135	1D57  1E 1F				     db	      1Eh, 1Fh
   2136	1D59  20 21 22 23 24			     db	     ' !"#$'
   2137	1D5E  25 26 27 28 29 2A	2B+		     db	     '%&', 27h,	'()*+,-.'
   2138	      2C 2D 2E
   2139	1D68  00 00 2F 30 31 32			     db	      00h, 00h,	2Fh, 30h, 31h, 32h
   2140	1D6E  33 00 00 34 35 36			     db	      33h, 00h,	00h, 34h, 35h, 36h
   2141	1D74  37 38 00 39 26 3A			     db	      37h, 38h,	00h, 39h, 26h, 3Ah
   2142	1D7A  00				     db	      00h
   2143	1D7B  12*(00)				     db	     18	dup (0)
   2144	1D8D  3B 3C 3D 00 00 00			     db	      3Bh, 3Ch,	3Dh, 00h, 00h, 00h
   2145	1D93  3E 3F 40 41			     db	      3Eh, 3Fh,	40h, 41h
   2146	1D97  1E*(00)				     db	     30	dup (0)
   2147	1DB5  42 43 44 45			     db	      42h, 43h,	44h, 45h
   2148	1DB9  1E*(00)				     db	     30	dup (0)
   2149	1DD7  46 47 16				     db	      46h, 47h,	16h
   2150	1DDA  1F*(00)				     db	     31	dup (0)
   2151	1DF9  48 49 4A				     db	      48h, 49h,	4Ah
   2152	1DFC  61*(00)				     db	     97	dup (0)
   2153	1E5D  4B 4C 4D				     db	      4Bh, 4Ch,	4Dh
   2154	1E60  1F*(00)				     db	     31	dup (0)
   2155	1E7F  4E 4F 50				     db	      4Eh, 4Fh,	50h
   2156	1E82  20*(00)				     db	     32	dup (0)
   2157	1EA2  51				     db	     51h
   2158	1EA3  21*(00)				     db	     33	dup (0)
   2159	1EC4  52 53				     db	      52h, 53h
   2160	1EC6  20*(00)				     db	     32	dup (0)
Turbo Assembler	 Version 2.01	     03/22/26 17:19:52	    Page 41
ZR2_50.asm



   2161	1EE6  54 55 56				     db	      54h, 55h,	56h
   2162	1EE9  1F*(00)				     db	     31	dup (0)
   2163	1F08  57 58 59 5A			     db	      57h, 58h,	59h, 5Ah
   2164	1F0C  1E*(00)				     db	     30	dup (0)
   2165	1F2A  5B 5C 5D 5E			     db	      5Bh, 5Ch,	5Dh, 5Eh
   2166	1F2E  1E*(00)				     db	     30	dup (0)
   2167	1F4C  5F 60 61 62			     db	      5Fh, 60h,	61h, 62h
   2168	1F50  1E*(00)				     db	     30	dup (0)
   2169	1F6E  63 64				     db	      63h, 64h
   2170	1F70  20*(00)				     db	     32	dup (0)
   2171	1F90  65 66 67 68 69			     db	      65h, 66h,	67h, 68h, 69h
   2172	1F95  1D*(00)				     db	     29	dup (0)
   2173	1FB2  6A 6B 6C 6D 6E 6F	70+		     db	     'jklmnopqrs'
   2174	      71 72 73
   2175	1FBC  18*(00)				     db	     24	dup (0)
   2176	1FD4  74 75 76 77 78 79	7A+		     db	     'tuvwxyz{|}'
   2177	      7B 7C 7D
   2178	1FDE  18*(00)				     db	     24	dup (0)
   2179	1FF6  7E 7F 80 81 82 83			     db	      7Eh, 7Fh,	80h, 81h, 82h, 83h
   2180	1FFC  84 85 86 87			     db	      84h, 85h,	86h, 87h
   2181	2000  8988		     data_62	     dw	     8988h
   2182	2002  00 00 00 00 0F 8A			     db	      00h, 00h,	00h, 00h, 0Fh, 8Ah
   2183	2008  8B 8C 00				     db	      8Bh, 8Ch,	00h
   2184	200B  0D*(00)				     db	     13	dup (0)
   2185	2018  2F 8D 8E 8F 90 91			     db	      2Fh, 8Dh,	8Eh, 8Fh, 90h, 91h
   2186	201E  92 93 94 95 96 97			     db	      92h, 93h,	94h, 95h, 96h, 97h
   2187	2024  00 00 00 98 99 9A			     db	      00h, 00h,	00h, 98h, 99h, 9Ah
   2188	202A  9B 9C 9D				     db	      9Bh, 9Ch,	9Dh
   2189	202D  0E*(00)				     db	     14	dup (0)
   2190	203B  9E 9F A0 A1 A2 A3			     db	      9Eh, 9Fh,0A0h,0A1h,0A2h,0A3h
   2191	2041  A4 A5 A6 A7 A8 A9			     db	     0A4h,0A5h,0A6h,0A7h,0A8h,0A9h
   2192	2047  16 00 AA AB AC AD			     db	      16h, 00h,0AAh,0ABh,0ACh,0ADh
   2193	204D  AE AF				     db	     0AEh,0AFh
   2194	204F  0E*(00)				     db	     14	dup (0)
   2195	205D  B0 B1 B2 B3 B4 B5			     db	     0B0h,0B1h,0B2h,0B3h,0B4h,0B5h
   2196	2063  B6 B7 B8 26 26 B9			     db	     0B6h,0B7h,0B8h, 26h, 26h,0B9h
   2197	2069  BA BB BC BD BE BF			     db	     0BAh,0BBh,0BCh,0BDh,0BEh,0BFh
   2198	206F  C0 C1				     db	     0C0h,0C1h
   2199	2071  0D*(00)				     db	     13	dup (0)
   2200	207E  02 02 03 01 00 00			     db	     2,	2, 3, 1, 0, 0
   2201	2084  02 02 03 01 01 01			     db	     2,	2, 3, 1, 1, 1
   2202	208A  02 02 00 01 02 01			     db	     2,	2, 0, 1, 2, 1
   2203	2090  07*(01)				     db	     7 dup (1)
   2204	2097  03 02 01 01 02 01			     db	     3,	2, 1, 1, 2, 1
   2205	209D  09*(00)				     db	     9 dup (0)
   2206	20A6  02 00				     db	     2,	0
   2207	20A8  09*(00)				     db	     9 dup (0)
   2208	20B1  01 00 00 00 00 00			     db	     1,	0, 0, 0, 0, 0
   2209	20B7  01 02 02 02 01 01			     db	     1,	2, 2, 2, 1, 1
   2210	20BD  01 00 00 01 00 01			     db	     1,	0, 0, 1, 0, 1
   2211	20C3  01 00 00 02 01 00			     db	     1,	0, 0, 2, 1, 0
   2212	20C9  02 00 01 01 00 00			     db	     2,	0, 1, 1, 0, 0
   2213	20CF  00 01 01 00 00 00			     db	     0,	1, 1, 0, 0, 0
   2214	20D5  01 01 01 02 00 03			     db	     1,	1, 1, 2, 0, 3
Turbo Assembler	 Version 2.01	     03/22/26 17:19:52	    Page 42
ZR2_50.asm



   2215	20DB  01 00 05 04 04 04			     db	     1,	0, 5, 4, 4, 4
   2216	20E1  06 08 05 03 04 04			     db	     6,	8, 5, 3, 4, 4
   2217	20E7  06 06 06 05 06 08			     db	     6,	6, 6, 5, 6, 8
   2218	20ED  07 05 07 07 07 07			     db	     7,	5, 7, 7, 7, 7
   2219	20F3  07 07 07 07 03 04			     db	     7,	7, 7, 7, 3, 4
   2220	20F9  06 06 06 07			     db	     6,	6, 6, 7
   2221	20FD  09*(08)				     db	     9 dup (8)
   2222	2106  05 08 08				     db	     5,	8, 8
   2223	2109  08*(08)				     db	     8 dup (8)
   2224	2111  07 08 08 08 08 08			     db	     7,	8, 8, 8, 8, 8
   2225	2117  07 05 03 05 06 07			     db	     7,	5, 3, 5, 6, 7
   2226	211D  07 08 08 07 08 07			     db	     7,	8, 8, 7, 8, 7
   2227	2123  07 08 08 05 06 08			     db	     7,	8, 8, 5, 6, 8
   2228	2129  05 08 07 07 08 08			     db	     5,	8, 7, 7, 8, 8
   2229	212F  08 07 06 08 08 08			     db	     8,	7, 6, 8, 8, 8
   2230	2135  07 07 07 04 08 04			     db	     7,	7, 7, 4, 8, 4
   2231	213B  07 08 00				     db	     7,	8, 0
   2232	213E  21 77 61 6B 75 2E	67+		     db	     '!waku.grp'
   2233	      72 70
   2234	2147  00 00 1C 73 65 69			     db	      00h, 00h,	1Ch, 73h, 65h, 69h
   2235	214D  2E 67 72 70 00 00			     db	      2Eh, 67h,	72h, 70h, 00h, 00h
   2236	2153  26 79 75 75 70 2E	67+		     db	     '&yuup.grp'
   2237	      72 70
   2238	215C  00 00 1D				     db	      00h, 00h,	1Dh
   2239	215F  73 65 69 70 2E 67	72+		     db	     'seip.grp'
   2240	      70
   2241	2167  00 00 11				     db	      00h, 00h,	11h
   2242	216A  68 69 6D 70 2E 67	72+		     db	     'himp.grp'
   2243	      70
   2244	2172  00 00 18				     db	      00h, 00h,	18h
   2245	2175  6E 65 77 31 2E 67	72+		     db	     'new1.grp'
   2246	      70
   2247	217D  00 00 19				     db	      00h, 00h,	19h
   2248	2180  6E 65 77 32 2E 67	72+		     db	     'new2.grp'
   2249	      70
   2250	2188  00 00 15				     db	      00h, 00h,	15h
   2251	218B  6E 65 38 30 2E 67	72+		     db	     'ne80.grp'
   2252	      70
   2253	2193  00 00 16				     db	      00h, 00h,	16h
   2254	2196  6E 65 38 31 2E 67	72+		     db	     'ne81.grp'
   2255	      70
   2256	219E  00 01				     db	     0,	1
   2257	21A0  36 65 6E 64 35 2E	67+		     db	     '6end5.grp'
   2258	      72 70
   2259	21A9  00 01				     db	     0,	1
   2260	21AB  35 65 6E 64 34 2E	67+		     db	     '5end4.grp'
   2261	      72 70
   2262	21B4  00 01				     db	     0,	1
   2263	21B6  37 65 6E 64 36 2E	67+		     db	     '7end6.grp'
   2264	      72 70
   2265	21BF  00 01				     db	     0,	1
   2266	21C1  38 65 6E 64 37 2E	67+		     db	     '8end7.grp'
   2267	      72 70
   2268	21CA  00 01				     db	     0,	1
Turbo Assembler	 Version 2.01	     03/22/26 17:19:52	    Page 43
ZR2_50.asm



   2269	21CC  34 65 6E 37 32 2E	67+		     db	     '4en72.grp'
   2270	      72 70
   2271	21D5  00 01				     db	     0,	1
   2272	21D7  39 66 69 6E 2E 67	72+		     db	     '9fin.grp'
   2273	      70
   2274	21DF  00 00				     db	     0,	0
   2275	21E1  27 7A 65 6E 64 2E	6D+		     db	     27h, 'zend.msd'
   2276	      73 64
   2277	21EA  00				     db	     0
   2278
   2279	21EB			     seg_a	     ends
   2280
   2281
   2282
   2283						     end     start
Turbo Assembler	 Version 2.01	     03/22/26 17:19:52	    Page 44
Symbol Table




Symbol Name			  Type	 Value

??DATE				  Text	 "03/22/26"
??FILENAME			  Text	 "ZR2_50  "
??TIME				  Text	 "17:19:51"
??VERSION			  Number 0201
@CPU				  Text	 0101H
@CURSEG				  Text	 SEG_A
@FILENAME			  Text	 ZR2_50
@WORDSIZE			  Text	 2
DATA_100E			  Number 815D
DATA_101E			  Number 8173
DATA_102E			  Number 8194
DATA_103E			  Number A000
DATA_104E			  Number FF1A
DATA_105E			  Number FF21
DATA_106E			  Number FF2C
DATA_107E			  Number FF50
DATA_108E			  Number FF75
DATA_1E				  Number 0000
DATA_2E				  Number 18D8
DATA_3E				  Number 29E0
DATA_4E				  Number 4000
DATA_5E				  Number 4CE6
DATA_62				  Word	 SEG_A:2000
DATA_6E				  Number 53C0
DATA_72E			  Number 3004
DATA_73E			  Number 3006
DATA_74E			  Number 3008
DATA_75E			  Number 3010
DATA_76E			  Number 3020
DATA_77E			  Number 3022
DATA_78E			  Number 3024
DATA_79E			  Number 3028
DATA_7E				  Number 8000
DATA_80E			  Number 302E
DATA_81E			  Number 3030
DATA_82E			  Number 4000
DATA_83E			  Number 6630
DATA_84E			  Number 6632
DATA_85E			  Number 6634
DATA_86E			  Number 6635
DATA_87E			  Number 6636
DATA_88E			  Number 6637
DATA_89E			  Number 6820
DATA_90E			  Number 6965
DATA_91E			  Number 6967
DATA_92E			  Number 6968
DATA_93E			  Number 6969
DATA_94E			  Number 696B
DATA_95E			  Number 696C
DATA_96E			  Number 8000
DATA_97E			  Number 807D
Turbo Assembler	 Version 2.01	     03/22/26 17:19:52	    Page 45
Symbol Table



DATA_98E			  Number 80DD
DATA_99E			  Number 8152
LOCLOOP_1			  Near	 SEG_A:009D
LOCLOOP_2			  Near	 SEG_A:02C0
LOCLOOP_76			  Near	 SEG_A:097B
LOCLOOP_77			  Near	 SEG_A:0981
LOCLOOP_81			  Near	 SEG_A:099E
LOCLOOP_87			  Near	 SEG_A:0A62
LOCLOOP_88			  Near	 SEG_A:0A67
LOCLOOP_89			  Near	 SEG_A:0A86
LOCLOOP_90			  Near	 SEG_A:0A8B
LOC_10				  Near	 SEG_A:03C4
LOC_11				  Near	 SEG_A:03C9
LOC_12				  Near	 SEG_A:03CE
LOC_13				  Near	 SEG_A:03DB
LOC_14				  Near	 SEG_A:03E3
LOC_15				  Near	 SEG_A:03EB
LOC_16				  Near	 SEG_A:03F3
LOC_17				  Near	 SEG_A:03FB
LOC_18				  Near	 SEG_A:0405
LOC_19				  Near	 SEG_A:040F
LOC_20				  Near	 SEG_A:041D
LOC_21				  Near	 SEG_A:0424
LOC_22				  Near	 SEG_A:0450
LOC_23				  Near	 SEG_A:045C
LOC_24				  Near	 SEG_A:0468
LOC_25				  Near	 SEG_A:0474
LOC_26				  Near	 SEG_A:0480
LOC_27				  Near	 SEG_A:048C
LOC_28				  Near	 SEG_A:0493
LOC_29				  Near	 SEG_A:049E
LOC_3				  Near	 SEG_A:02EE
LOC_30				  Near	 SEG_A:04AB
LOC_31				  Near	 SEG_A:04B8
LOC_32				  Near	 SEG_A:04C9
LOC_33				  Near	 SEG_A:04D1
LOC_34				  Near	 SEG_A:04E3
LOC_35				  Near	 SEG_A:050F
LOC_36				  Near	 SEG_A:0530
LOC_37				  Near	 SEG_A:054F
LOC_38				  Near	 SEG_A:0568
LOC_39				  Near	 SEG_A:058C
LOC_4				  Near	 SEG_A:031E
LOC_40				  Near	 SEG_A:05B4
LOC_41				  Near	 SEG_A:05D5
LOC_42				  Near	 SEG_A:05F2
LOC_43				  Near	 SEG_A:05F8
LOC_44				  Near	 SEG_A:05FD
LOC_45				  Near	 SEG_A:0602
LOC_46				  Near	 SEG_A:0607
LOC_47				  Near	 SEG_A:060C
LOC_48				  Near	 SEG_A:0611
LOC_49				  Near	 SEG_A:0616
LOC_5				  Near	 SEG_A:0323
Turbo Assembler	 Version 2.01	     03/22/26 17:19:52	    Page 46
Symbol Table



LOC_50				  Near	 SEG_A:061B
LOC_51				  Near	 SEG_A:0638
LOC_52				  Near	 SEG_A:06C8
LOC_53				  Near	 SEG_A:06D2
LOC_54				  Near	 SEG_A:06E6
LOC_55				  Near	 SEG_A:06ED
LOC_56				  Near	 SEG_A:06F4
LOC_57				  Near	 SEG_A:06FB
LOC_58				  Near	 SEG_A:0702
LOC_59				  Near	 SEG_A:0709
LOC_6				  Near	 SEG_A:0335
LOC_60				  Near	 SEG_A:0710
LOC_61				  Near	 SEG_A:0717
LOC_62				  Near	 SEG_A:071E
LOC_63				  Near	 SEG_A:0748
LOC_64				  Near	 SEG_A:0756
LOC_65				  Near	 SEG_A:076E
LOC_66				  Near	 SEG_A:0779
LOC_67				  Near	 SEG_A:077E
LOC_68				  Near	 SEG_A:0793
LOC_69				  Near	 SEG_A:079E
LOC_7				  Near	 SEG_A:0351
LOC_70				  Near	 SEG_A:07AD
LOC_71				  Near	 SEG_A:07C7
LOC_72				  Near	 SEG_A:07D8
LOC_73				  Near	 SEG_A:0802
LOC_74				  Near	 SEG_A:0808
LOC_75				  Near	 SEG_A:0945
LOC_78				  Near	 SEG_A:098C
LOC_79				  Near	 SEG_A:098F
LOC_8				  Near	 SEG_A:03AB
LOC_80				  Near	 SEG_A:099C
LOC_82				  Near	 SEG_A:09F0
LOC_83				  Near	 SEG_A:0A00
LOC_84				  Near	 SEG_A:0A09
LOC_85				  Near	 SEG_A:0A0E
LOC_86				  Near	 SEG_A:0A12
LOC_9				  Near	 SEG_A:03C1
START				  Near	 SEG_A:0000
SUB_1				  Near	 SEG_A:02EE
SUB_10				  Near	 SEG_A:0972
SUB_11				  Near	 SEG_A:0A1E
SUB_2				  Near	 SEG_A:02FF
SUB_3				  Near	 SEG_A:0318
SUB_4				  Near	 SEG_A:05F0
SUB_5				  Near	 SEG_A:06CD
SUB_6				  Near	 SEG_A:07EA
SUB_7				  Near	 SEG_A:0945
SUB_8				  Near	 SEG_A:0956
SUB_9				  Near	 SEG_A:096D
TARGET				  Number 5432
ZR2_50				  Far	 SEG_A:0000
Turbo Assembler	 Version 2.01	     03/22/26 17:19:52	    Page 47
Symbol Table




Macro Name

CALLF
CALLFX
CALLS
JMPN
JMPS

Groups & Segments		  Bit Size Align  Combine Class

SEG_A				  16  21EB Byte	  Public
