Turbo Assembler	 Version 2.01	     03/22/26 12:29:05	    Page 1
106PLADV.asm



      1
      2
      3				     ;==========================================================================
      4				     ;
      5				     ;	PLAYER_ADVANCED	- Code Module
      6				     ;
      7				     ;==========================================================================
      8
      9	      =	5432		     target	     EQU   'T2'			     ; Target assembler: TASM-2.X
     10
     11				     include  srmacros.inc
1    12
1    13				     ; Macros which may	be required for	proper re-assembly
1    14
1    15
1    16
1    17
1    18
1    19				     ;-----------------------------------------------------------------------------
1    20				     ; Some assemblers,	like TASM, check each far call and jump, to see	if it is
1    21				     ; in the same segment.  If	so, rather than	produce	the standard five byte far
1    22				     ; instruction it uses a near jump or call.
1    23
1    24				     calls	     macro   dummy1, dummy2, slocation
1    25						     db	     9Ah		     ; forced call far instruction
1    26						     dw	     offset slocation, seg slocation
1    27				     endm
1    28
1    29				     jmps	     macro   dummy1, dummy2, jlocation
1    30						     db	     0EAh		     ; forced jump far instruction
1    31						     dw	     offset jlocation, seg jlocation
1    32				     endm
1    33
1    34
1    35
1    36
1    37				     ;-----------------------------------------------------------------------------
1    38				     ;	Some compilers and some	assemblers will	code a call that goes to a far
1    39				     ;	subroutine in the same segment as:
1    40				     ;
1    41				     ;		     PUSH    CS
1    42				     ;		     CALL    near
1    43				     ;
1    44				     ;	This saves one byte, and is slightly faster.  If the assembler you are
1    45				     ;	using (i.e. MASM, Optasm) does not do this automatically, the following
1    46				     ;	macros are used	to code	the same information.  In other	words, the binary
1    47				     ;	file has "PUSH CS, CALL	near", and Sourcer ensures the same instructions
1    48				     ;	are used!  (macro CALLF)
1    49				     ;
1    50
1    51				     callf	     macro   location
1    52						     push    cs
1    53						     call    near ptr location
1    54				     endm
Turbo Assembler	 Version 2.01	     03/22/26 12:29:05	    Page 2
106PLADV.asm



1    55
1    56				     ;	Some compilers generate	an unnecessary DS override on the call instruction
1    57				     ;	when compacting	the CALLF type function.  Macro	CALLFX handles this case.
1    58
1    59				     callfx	     macro   location
1    60						     push    cs
1    61						     db	     3Eh
1    62						     call    near ptr location
1    63				     endm
1    64
1    65
1    66				     ;-----------------------------------------------------------------------------
1    67				     ;	Some compilers and some	assemblers will	code a near call that is the
1    68				     ;	selected assembler will	convert	to a short jump	to save	a byte.	 This
1    69				     ;	reconstructs a near jump for these cases.
1    70
1    71				     jmpn	     macro   location
1    72						     db	     0E9h
1    73						     dw	     offset location-$-2
1    74				     endm
1    75
1    76
1    77
     78
     79
     80				     ; The following equates show data references outside the range of the program.
     81
     82	      =	4100		     data_1e	     equ     4100h		     ;*
     83	      =	8002		     data_2e	     equ     8002h		     ;*
     84	      =	C000		     data_3e	     equ     0C000h		     ;*
     85	      =	2000		     data_47e	     equ     2000h		     ;*
     86	      =	2002		     data_48e	     equ     2002h		     ;*
     87	      =	2004		     data_49e	     equ     2004h		     ;*
     88	      =	2006		     data_50e	     equ     2006h		     ;*
     89	      =	2008		     data_51e	     equ     2008h		     ;*
     90	      =	200E		     data_52e	     equ     200Eh		     ;*
     91	      =	2010		     data_53e	     equ     2010h		     ;*
     92	      =	2012		     data_54e	     equ     2012h		     ;*
     93	      =	2014		     data_55e	     equ     2014h		     ;*
     94	      =	2016		     data_56e	     equ     2016h		     ;*
     95	      =	2018		     data_57e	     equ     2018h		     ;*
     96	      =	201A		     data_58e	     equ     201Ah		     ;*
     97	      =	2022		     data_59e	     equ     2022h		     ;*
     98	      =	2024		     data_60e	     equ     2024h		     ;*
     99	      =	2026		     data_61e	     equ     2026h		     ;*
    100	      =	2028		     data_62e	     equ     2028h		     ;*
    101	      =	202A		     data_63e	     equ     202Ah		     ;*
    102	      =	2038		     data_64e	     equ     2038h		     ;*
    103	      =	2040		     data_65e	     equ     2040h		     ;*
    104	      =	2042		     data_66e	     equ     2042h		     ;*
    105	      =	278B		     data_67e	     equ     278Bh		     ;*
    106	      =	3002		     data_68e	     equ     3002h		     ;*
    107	      =	3004		     data_69e	     equ     3004h		     ;*
    108	      =	3006		     data_70e	     equ     3006h		     ;*
Turbo Assembler	 Version 2.01	     03/22/26 12:29:05	    Page 3
106PLADV.asm



    109	      =	3008		     data_71e	     equ     3008h		     ;*
    110	      =	300A		     data_72e	     equ     300Ah		     ;*
    111	      =	300C		     data_73e	     equ     300Ch		     ;*
    112	      =	300E		     data_74e	     equ     300Eh		     ;*
    113	      =	3010		     data_75e	     equ     3010h		     ;*
    114	      =	3012		     data_76e	     equ     3012h		     ;*
    115	      =	3014		     data_77e	     equ     3014h		     ;*
    116	      =	3018		     data_78e	     equ     3018h		     ;*
    117	      =	301A		     data_79e	     equ     301Ah		     ;*
    118	      =	301C		     data_80e	     equ     301Ch		     ;*
    119	      =	301E		     data_81e	     equ     301Eh		     ;*
    120	      =	3020		     data_82e	     equ     3020h		     ;*
    121	      =	3024		     data_83e	     equ     3024h		     ;*
    122	      =	3026		     data_84e	     equ     3026h		     ;*
    123	      =	481C		     data_85e	     equ     481Ch		     ;*
    124	      =	4D4D		     data_86e	     equ     4D4Dh		     ;*
    125	      =	534D		     data_87e	     equ     534Dh		     ;*
    126	      =	6014		     data_88e	     equ     6014h		     ;*
    127	      =	6018		     data_89e	     equ     6018h		     ;*
    128	      =	601A		     data_90e	     equ     601Ah		     ;*
    129	      =	6A59		     data_91e	     equ     6A59h		     ;*
    130	      =	6AEB		     data_92e	     equ     6AEBh		     ;*
    131	      =	6C93		     data_93e	     equ     6C93h		     ;*
    132	      =	6C9B		     data_94e	     equ     6C9Bh		     ;*
    133	      =	6CA4		     data_95e	     equ     6CA4h		     ;*
    134	      =	6CAC		     data_96e	     equ     6CACh		     ;*
    135	      =	6D88		     data_97e	     equ     6D88h		     ;*
    136	      =	6FED		     data_98e	     equ     6FEDh		     ;*
    137	      =	77BA		     data_99e	     equ     77BAh		     ;*
    138	      =	7B82		     data_100e	     equ     7B82h		     ;*
    139	      =	7BE2		     data_101e	     equ     7BE2h		     ;*
    140	      =	7C42		     data_102e	     equ     7C42h		     ;*
    141	      =	7C43		     data_103e	     equ     7C43h		     ;*
    142	      =	7C44		     data_104e	     equ     7C44h		     ;*
    143	      =	7C45		     data_105e	     equ     7C45h		     ;*
    144	      =	7C46		     data_106e	     equ     7C46h		     ;*
    145	      =	7C47		     data_107e	     equ     7C47h		     ;*
    146	      =	7C49		     data_108e	     equ     7C49h		     ;*
    147	      =	7C4B		     data_109e	     equ     7C4Bh		     ;*
    148	      =	7C4C		     data_110e	     equ     7C4Ch		     ;*
    149	      =	7C4E		     data_111e	     equ     7C4Eh		     ;*
    150	      =	7C50		     data_112e	     equ     7C50h		     ;*
    151	      =	7C52		     data_113e	     equ     7C52h		     ;*
    152	      =	7C53		     data_114e	     equ     7C53h		     ;*
    153	      =	7C54		     data_115e	     equ     7C54h		     ;*
    154	      =	7C55		     data_116e	     equ     7C55h		     ;*
    155	      =	7C56		     data_117e	     equ     7C56h		     ;*
    156	      =	7C57		     data_118e	     equ     7C57h		     ;*
    157	      =	7C58		     data_119e	     equ     7C58h		     ;*
    158	      =	7C5A		     data_120e	     equ     7C5Ah		     ;*
    159	      =	7C5C		     data_121e	     equ     7C5Ch		     ;*
    160	      =	7C5D		     data_122e	     equ     7C5Dh		     ;*
    161	      =	7C5E		     data_123e	     equ     7C5Eh		     ;*
    162	      =	7C5F		     data_124e	     equ     7C5Fh		     ;*
Turbo Assembler	 Version 2.01	     03/22/26 12:29:05	    Page 4
106PLADV.asm



    163	      =	7C60		     data_125e	     equ     7C60h		     ;*
    164	      =	7C62		     data_126e	     equ     7C62h		     ;*
    165	      =	7C63		     data_127e	     equ     7C63h		     ;*
    166	      =	7C64		     data_128e	     equ     7C64h		     ;*
    167	      =	7C67		     data_129e	     equ     7C67h		     ;*
    168	      =	7C6E		     data_130e	     equ     7C6Eh		     ;*
    169	      =	7C74		     data_131e	     equ     7C74h		     ;*
    170	      =	7C7A		     data_132e	     equ     7C7Ah		     ;*
    171	      =	A000		     data_133e	     equ     0A000h		     ;*
    172	      =	A002		     data_134e	     equ     0A002h		     ;*
    173	      =	A004		     data_135e	     equ     0A004h		     ;*
    174	      =	C000		     data_136e	     equ     0C000h		     ;*
    175	      =	C002		     data_137e	     equ     0C002h		     ;*
    176	      =	C004		     data_138e	     equ     0C004h		     ;*
    177	      =	C007		     data_139e	     equ     0C007h		     ;*
    178	      =	C009		     data_140e	     equ     0C009h		     ;*
    179	      =	C00D		     data_141e	     equ     0C00Dh		     ;*
    180	      =	C00F		     data_142e	     equ     0C00Fh		     ;*
    181	      =	C011		     data_143e	     equ     0C011h		     ;*
    182	      =	C015		     data_144e	     equ     0C015h		     ;*
    183	      =	C01C		     data_145e	     equ     0C01Ch		     ;*
    184	      =	E000		     data_146e	     equ     0E000h		     ;*
    185	      =	E001		     data_147e	     equ     0E001h		     ;*
    186	      =	E1FD		     data_148e	     equ     0E1FDh		     ;*
    187	      =	E1FF		     data_149e	     equ     0E1FFh		     ;*
    188	      =	F605		     data_150e	     equ     0F605h		     ;*
    189	      =	FF00		     data_151e	     equ     0FF00h		     ;*
    190	      =	FF18		     data_152e	     equ     0FF18h		     ;*
    191	      =	FF1A		     data_153e	     equ     0FF1Ah		     ;*
    192	      =	FF1D		     data_154e	     equ     0FF1Dh		     ;*
    193	      =	FF1E		     data_155e	     equ     0FF1Eh		     ;*
    194	      =	FF24		     data_156e	     equ     0FF24h		     ;*
    195	      =	FF26		     data_157e	     equ     0FF26h		     ;*
    196	      =	FF29		     data_158e	     equ     0FF29h		     ;*
    197	      =	FF2A		     data_159e	     equ     0FF2Ah		     ;*
    198	      =	FF2C		     data_160e	     equ     0FF2Ch		     ;*
    199	      =	FF33		     data_161e	     equ     0FF33h		     ;*
    200	      =	FF4C		     data_162e	     equ     0FF4Ch		     ;*
    201	      =	FF4E		     data_163e	     equ     0FF4Eh		     ;*
    202	      =	FF4F		     data_164e	     equ     0FF4Fh		     ;*
    203	      =	FF52		     data_165e	     equ     0FF52h		     ;*
    204	      =	FF53		     data_166e	     equ     0FF53h		     ;*
    205	      =	FF54		     data_167e	     equ     0FF54h		     ;*
    206	      =	FF56		     data_168e	     equ     0FF56h		     ;*
    207	      =	FF57		     data_169e	     equ     0FF57h		     ;*
    208	      =	FF58		     data_170e	     equ     0FF58h		     ;*
    209	      =	FF6A		     data_171e	     equ     0FF6Ah		     ;*
    210	      =	FF6C		     data_172e	     equ     0FF6Ch		     ;*
    211	      =	FF74		     data_173e	     equ     0FF74h		     ;*
    212	      =	FF75		     data_174e	     equ     0FF75h		     ;*
    213	      =	FF78		     data_175e	     equ     0FF78h		     ;*
    214	      =	0049		     data_176e	     equ     49h
    215	      =	0083		     data_177e	     equ     83h
    216	      =	00C2		     data_178e	     equ     0C2h
Turbo Assembler	 Version 2.01	     03/22/26 12:29:05	    Page 5
106PLADV.asm



    217	      =	6AE9		     data_179e	     equ     6AE9h
    218	      =	7686		     data_180e	     equ     7686h
    219	      =	77BA		     data_181e	     equ     77BAh
    220	      =	7B82		     data_182e	     equ     7B82h
    221	      =	7BE2		     data_183e	     equ     7BE2h
    222	      =	7C42		     data_184e	     equ     7C42h
    223	      =	7C44		     data_185e	     equ     7C44h
    224	      =	7C47		     data_186e	     equ     7C47h
    225	      =	7C4B		     data_187e	     equ     7C4Bh
    226	      =	7C4C		     data_188e	     equ     7C4Ch
    227	      =	7C4E		     data_189e	     equ     7C4Eh
    228	      =	7C52		     data_190e	     equ     7C52h
    229	      =	7C53		     data_191e	     equ     7C53h
    230	      =	7C54		     data_192e	     equ     7C54h
    231	      =	7C56		     data_193e	     equ     7C56h
    232	      =	7C57		     data_194e	     equ     7C57h
    233	      =	7C58		     data_195e	     equ     7C58h
    234	      =	7C5A		     data_196e	     equ     7C5Ah
    235	      =	7C5C		     data_197e	     equ     7C5Ch
    236	      =	7C5D		     data_198e	     equ     7C5Dh
    237	      =	7C5E		     data_199e	     equ     7C5Eh
    238	      =	7C5F		     data_200e	     equ     7C5Fh
    239	      =	7C60		     data_201e	     equ     7C60h
    240	      =	7C62		     data_202e	     equ     7C62h
    241	      =	7C63		     data_203e	     equ     7C63h
    242	      =	7C67		     data_204e	     equ     7C67h
    243	      =	7C74		     data_205e	     equ     7C74h
    244	      =	A000		     data_206e	     equ     0A000h
    245	      =	C007		     data_207e	     equ     0C007h
    246	      =	FF14		     data_208e	     equ     0FF14h
    247	      =	FF17		     data_209e	     equ     0FF17h
    248	      =	FF18		     data_210e	     equ     0FF18h
    249	      =	FF1A		     data_211e	     equ     0FF1Ah
    250	      =	FF1D		     data_212e	     equ     0FF1Dh
    251	      =	FF1E		     data_213e	     equ     0FF1Eh
    252	      =	FF29		     data_214e	     equ     0FF29h
    253	      =	FF4C		     data_215e	     equ     0FF4Ch
    254	      =	FF52		     data_216e	     equ     0FF52h
    255	      =	FF53		     data_217e	     equ     0FF53h
    256	      =	FF54		     data_218e	     equ     0FF54h
    257	      =	FF56		     data_219e	     equ     0FF56h
    258	      =	FF58		     data_220e	     equ     0FF58h
    259	      =	FF6A		     data_221e	     equ     0FF6Ah
    260	      =	FF74		     data_222e	     equ     0FF74h
    261	      =	FF75		     data_223e	     equ     0FF75h
    262
    263	0000			     seg_a	     segment byte public
    264						     assume  cs:seg_a, ds:seg_a
    265
    266
    267						     org     0
    268
    269	0000			     zr1_06	     proc    far
    270
Turbo Assembler	 Version 2.01	     03/22/26 12:29:05	    Page 6
106PLADV.asm



    271	0000			     start:
    272	0000  7D 1C				     jge     loc_1		     ; Jump if > or =
    273	0002  00 00				     add     [bx+si],al
    274	0004  26 60				     db	      26h, 60h
    275	0006  1E		     data_5	     db	     1Eh
    276	0007  60 6C 70 C7 72 D3			     db	      60h, 6Ch,	70h,0C7h, 72h,0D3h
    277	000D  74 70 75 89 75 1A			     db	      74h, 70h,	75h, 89h, 75h, 1Ah
    278	0013  75 44 73 39 75 69	74+		     db	     'uDs9uitBp{t'
    279	      42 70 7B 74
    280	001E			     loc_1:
    281	001E  A7				     cmpsw			     ; Cmp [si]	to es:[di]
    282	001F  74 92				     jz	     $-6Ch		     ; Jump if zero
    283	0021  75 2E				     jnz     loc_4		     ; Jump if not zero
    284	0023  C6 06 7C43 FF			     mov     byte ptr ds:data_103e,0FFh
    285	0028  EB 06				     jmp     short loc_3
    286										     ;*	No entry point to code
    287	002A  2E: C6 06	7C43 00			     mov     byte ptr cs:data_103e,0
    288	0030			     loc_3:
    289	0030  2E: 8E 1E	FF2C			     mov     ds,cs:data_160e
    290	0035  BE 4100				     mov     si,4100h
    291	0038  8C C8				     mov     ax,cs
    292	003A  05 2000				     add     ax,2000h
    293	003D  8E C0				     mov     es,ax
    294	003F  BF 7000				     mov     di,7000h
    295	0042  B9 00A4				     mov     cx,0A4h
    296	0045  2E: FF 16	3026			     call    word ptr cs:data_84e
    297	004A  FA				     cli			     ; Disable interrupts
    298	004B  BC 2000				     mov     sp,2000h
    299	004E  FB				     sti			     ; Enable interrupts
    300	004F  0E				     push    cs
    301	0050  1F				     pop     ds
    302	0051			     loc_4:
    303	0051  E8 0D9F				     call    player_func_33
    304	0054  C6 06 00E7 00			     mov     byte ptr ds:[0E7h],0
    305	0059  F6 06 0049 FF			     test    byte ptr ds:[49h],0FFh
    306	005E  74 05				     jz	     loc_5		     ; Jump if zero
    307	0060  C6 06 00E8 00			     mov     byte ptr ds:[0E8h],0
    308	0065			     loc_5:
    309	0065  2E: FF 16	2002			     call    word ptr cs:data_48e
    310	006A  8B 36 C000			     mov     si,ds:data_136e
    311	006E  46				     inc     si
    312	006F			     loc_6:
    313	006F  AC				     lodsb			     ; String [si] to al
    314	0070  FE C0				     inc     al
    315	0072  75 FB				     jnz     loc_6		     ; Jump if not zero
    316	0074  AC				     lodsb			     ; String [si] to al
    317	0075  A2 7C45				     mov     ds:data_105e,al
    318	0078  AC				     lodsb			     ; String [si] to al
    319	0079  A2 7C46				     mov     ds:data_106e,al
    320	007C  C6 06 7C44 00			     mov     byte ptr ds:data_104e,0
    321	0081  F6 06 00E8 FF			     test    byte ptr ds:[0E8h],0FFh
    322	0086  75 33				     jnz     loc_8		     ; Jump if not zero
    323	0088  F6 06 7C45 01			     test    byte ptr ds:data_105e,1
    324	008D  74 0C				     jz	     loc_7		     ; Jump if zero
Turbo Assembler	 Version 2.01	     03/22/26 12:29:05	    Page 7
106PLADV.asm



    325	008F  F6 06 7C43 FF			     test    byte ptr ds:data_103e,0FFh
    326	0094  75 05				     jnz     loc_7		     ; Jump if not zero
    327	0096  C6 06 7C44 FF			     mov     byte ptr ds:data_104e,0FFh
    328	009B			     loc_7:
    329	009B  E8 0A15				     call    player_load_chunk
    330	009E  E8 0A05				     call    player_func_22
    331	00A1  2E: FF 16	3002			     call    word ptr cs:data_68e
    332	00A6  F6 06 0049 FF			     test    byte ptr ds:[49h],0FFh
    333	00AB  75 0E				     jnz     loc_8		     ; Jump if not zero
    334	00AD  1E				     push    ds
    335	00AE  2E: 8E 1E	FF2C			     mov     ds,cs:data_160e
    336	00B3  BE 3000				     mov     si,3000h
    337	00B6  33 C0				     xor     ax,ax		     ; Zero register
    338	00B8  CD 60				     int     60h		     ; ??INT Non-standard interrupt
    339	00BA  1F				     pop     ds
    340	00BB			     loc_8:
    341	00BB  FA				     cli			     ; Disable interrupts
    342	00BC  BC 2000				     mov     sp,2000h
    343	00BF  FB				     sti			     ; Enable interrupts
    344	00C0  0E				     push    cs
    345	00C1  1F				     pop     ds
    346	00C2  E8 0A2C				     call    player_func_25
    347	00C5  32 C0				     xor     al,al		     ; Zero register
    348	00C7  A2 FF1D				     mov     ds:data_154e,al
    349	00CA  A2 FF1E				     mov     ds:data_155e,al
    350	00CD  A2 00E4				     mov     byte ptr ds:[0E4h],al
    351	00D0  A2 009F				     mov     byte ptr ds:[9Fh],al
    352	00D3  BB 0204				     mov     bx,204h
    353	00D6  32 C0				     xor     al,al		     ; Zero register
    354	00D8  B5 21				     mov     ch,21h		     ; '!'
    355	00DA  2E: FF 16	2004			     call    word ptr cs:data_49e
    356	00DF  BB 021C				     mov     bx,21Ch
    357	00E2  32 C0				     xor     al,al		     ; Zero register
    358	00E4  B5 42				     mov     ch,42h		     ; 'B'
    359	00E6  2E: FF 16	2004			     call    word ptr cs:data_49e
    360	00EB  BB 481C				     mov     bx,data_85e
    361	00EE  32 C0				     xor     al,al		     ; Zero register
    362	00F0  B5 42				     mov     ch,42h		     ; 'B'
    363	00F2  2E: FF 16	2004			     call    word ptr cs:data_49e
    364	00F7  2E: FF 16	2012			     call    word ptr cs:data_54e
    365	00FC  E8 0B77				     call    player_func_29
    366	00FF  2E: FF 16	2006			     call    word ptr cs:data_50e
    367	0104  2E: FF 16	2008			     call    word ptr cs:data_51e
    368	0109  2E: FF 16	2014			     call    word ptr cs:data_55e
    369	010E  2E: FF 16	2016			     call    word ptr cs:data_56e
    370	0113  F6 06 009D FF			     test    byte ptr ds:[9Dh],0FFh
    371	0118  74 11				     jz	     loc_9		     ; Jump if zero
    372	011A  BB AA1C				     mov     bx,0AA1Ch
    373	011D  32 C0				     xor     al,al		     ; Zero register
    374	011F  B5 17				     mov     ch,17h
    375	0121  2E: FF 16	2004			     call    word ptr cs:data_49e
    376	0126  2E: FF 16	2018			     call    word ptr cs:data_57e
    377	012B			     loc_9:
    378	012B  F6 06 0093 FF			     test    byte ptr ds:[93h],0FFh
Turbo Assembler	 Version 2.01	     03/22/26 12:29:05	    Page 8
106PLADV.asm



    379	0130  74 11				     jz	     loc_10		     ; Jump if zero
    380	0132  BB C61C				     mov     bx,0C61Ch
    381	0135  32 C0				     xor     al,al		     ; Zero register
    382	0137  B5 17				     mov     ch,17h
    383	0139  2E: FF 16	2004			     call    word ptr cs:data_49e
    384	013E  2E: FF 16	201A			     call    word ptr cs:data_58e
    385	0143			     loc_10:
    386	0143  8B 36 C000			     mov     si,ds:data_136e
    387	0147  46				     inc     si
    388	0148			     loc_11:
    389	0148  AC				     lodsb			     ; String [si] to al
    390	0149  FE C0				     inc     al
    391	014B  75 FB				     jnz     loc_11		     ; Jump if not zero
    392	014D  46				     inc     si
    393	014E  AC				     lodsb			     ; String [si] to al
    394	014F  A2 7C46				     mov     ds:data_106e,al
    395	0152  8B 36 C004			     mov     si,ds:data_138e
    396	0156  2E: FF 16	2010			     call    word ptr cs:data_53e
    397	015B  A0 0080				     mov     al,byte ptr ds:[80h]
    398	015E  32 E4				     xor     ah,ah		     ; Zero register
    399	0160  D1 E0				     shl     ax,1		     ; Shift w/zeros fill
    400	0162  D1 E0				     shl     ax,1		     ; Shift w/zeros fill
    401	0164  D1 E0				     shl     ax,1		     ; Shift w/zeros fill
    402	0166  05 C017				     add     ax,0C017h
    403	0169  A3 FF2A				     mov     ds:data_159e,ax
    404	016C  E8 0AC0				     call    player_func_27
    405	016F  F6 06 00E8 FF			     test    byte ptr ds:[0E8h],0FFh
    406	0174  74 33				     jz	     loc_12		     ; Jump if zero
    407	0176  C6 06 00E8 00			     mov     byte ptr ds:[0E8h],0
    408	017B  E8 0935				     call    player_load_chunk
    409	017E  BB 61FC				     mov     bx,61FCh
    410	0181  53				     push    bx
    411	0182  BB 6EAF				     mov     bx,6EAFh
    412	0185  53				     push    bx
    413	0186  BE 6F23				     mov     si,6F23h
    414	0189  0E				     push    cs
    415	018A  07				     pop     es
    416	018B  BF A000				     mov     di,0A000h
    417	018E  B0 03				     mov     al,3
    418	0190  2E: FF 16	010C			     call    word ptr cs:[10Ch]
    419	0195  2E: FF 16	2040			     call    word ptr cs:data_65e
    420	019A  B8 0001				     mov     ax,1
    421	019D  CD 60				     int     60h		     ; ??INT Non-standard interrupt
    422	019F  C6 06 7C42 FF			     mov     byte ptr ds:data_102e,0FFh
    423	01A4  2E: FF 26	A004			     jmp     word ptr cs:data_135e
    424	01A9			     loc_12:
    425	01A9  0E				     push    cs
    426	01AA  07				     pop     es
    427	01AB  B0 FE				     mov     al,0FEh
    428	01AD  BF E000				     mov     di,data_146e
    429	01B0  B9 00E0				     mov     cx,0E0h
    430	01B3  F3> AA				     rep     stosb		     ; Rep when	cx >0 Store al to es:[di]
    431	01B5  E8 06F8				     call    player_multiply_2
    432	01B8  F6 06 7C44 FF			     test    byte ptr ds:data_185e,0FFh
Turbo Assembler	 Version 2.01	     03/22/26 12:29:05	    Page 9
106PLADV.asm



    433	01BD  74 27				     jz	     loc_15		     ; Jump if zero
    434	01BF  C7 06 7C47 6781			     mov     word ptr ds:data_186e,6781h
    435	01C5  F6 06 00C2 01			     test    byte ptr ds:data_178e,1
    436	01CA  75 06				     jnz     loc_13		     ; Jump if not zero
    437	01CC  C7 06 7C47 67F4			     mov     word ptr ds:data_186e,67F4h
    438	01D2			     loc_13:
    439	01D2  B9 0004				     mov     cx,4
    440
    441	01D5			     locloop_14:
    442	01D5  51				     push    cx
    443	01D6  2E: FF 16	7C47			     call    word ptr cs:data_107e
    444	01DB  E8 06D2				     call    player_multiply_2
    445	01DE  59				     pop     cx
    446	01DF  E2 F4				     loop    locloop_14		     ; Loop if cx > 0
    447
    448	01E1  2E: FF 16	7C47			     call    word ptr cs:data_107e
    449	01E6			     loc_15:
    450	01E6  C6 06 7C4B 00			     mov     byte ptr ds:data_187e,0
    451	01EB  F6 06 0049 FF			     test    byte ptr ds:data_176e,0FFh
    452	01F0  74 0E				     jz	     loc_16		     ; Jump if zero
    453	01F2  1E				     push    ds
    454	01F3  2E: 8E 1E	FF2C			     mov     ds,cs:data_160e
    455	01F8  BE 3000				     mov     si,3000h
    456	01FB  33 C0				     xor     ax,ax		     ; Zero register
    457	01FD  CD 60				     int     60h		     ; ??INT Non-standard interrupt
    458	01FF  1F				     pop     ds
    459	0200			     loc_16:
    460	0200  E8 06AD				     call    player_multiply_2
    461	0203  E8 06F1				     call    fill_buffer
    462	0206  E8 0AB0				     call    player_func_30
    463	0209  E8 0037				     call    player_func_1
    464	020C  F6 06 7C4B FF			     test    byte ptr ds:data_109e,0FFh
    465	0211  75 03				     jnz     loc_17		     ; Jump if not zero
    466	0213  E8 00DB				     call    player_func_2
    467	0216			     loc_17:
    468	0216  C6 06 7C4B 00			     mov     byte ptr ds:data_109e,0
    469	021B  BA 61FC				     mov     dx,61FCh
    470	021E  52				     push    dx
    471	021F  CD 61				     int     61h		     ; ??INT Non-standard interrupt
    472	0221  3C 01				     cmp     al,1
    473	0223  75 03				     jne     loc_18		     ; Jump if not equal
    474	0225  E9 0C05				     jmp     loc_151
    475	0228			     loc_18:
    476	0228  24 0C				     and     al,0Ch
    477	022A  3C 04				     cmp     al,4
    478	022C  75 03				     jne     loc_19		     ; Jump if not equal
    479	022E  E9 0554				     jmp     loc_86
    480	0231			     loc_19:
    481	0231  3C 08				     cmp     al,8
    482	0233  75 03				     jne     loc_20		     ; Jump if not equal
    483	0235  E9 05C0				     jmp     loc_92
    484	0238			     loc_20:
    485	0238  80 0E 00E7 01			     or	     byte ptr ds:[0E7h],1
    486	023D  C6 06 7C4B FF			     mov     byte ptr ds:data_109e,0FFh
Turbo Assembler	 Version 2.01	     03/22/26 12:29:05	    Page 10
106PLADV.asm



    487	0242  C3				     retn
    488
    489	0243			     zr1_06	     endp
    490
    491				     ;ßßßßßßßßßßßßßßßßßßßßßßßßßßßßßßßßßßßßßßßßßßßßßßßßßßßßßßßßßßßßßßßßßßßßßßßßßß
    492				     ;				    SUBROUTINE
    493				     ;ÜÜÜÜÜÜÜÜÜÜÜÜÜÜÜÜÜÜÜÜÜÜÜÜÜÜÜÜÜÜÜÜÜÜÜÜÜÜÜÜÜÜÜÜÜÜÜÜÜÜÜÜÜÜÜÜÜÜÜÜÜÜÜÜÜÜÜÜÜÜÜÜÜÜ
    494
    495	0243			     player_func_1	     proc    near
    496	0243  F6 06 FF1D FF			     test    byte ptr ds:data_154e,0FFh
    497	0248  75 01				     jnz     loc_21		     ; Jump if not zero
    498	024A  C3				     retn
    499	024B			     loc_21:
    500	024B  C6 06 FF1D 00			     mov     byte ptr ds:data_154e,0
    501	0250  8A 1E 0083			     mov     bl,byte ptr ds:[83h]
    502	0254  80 C3 04				     add     bl,4
    503	0257  32 FF				     xor     bh,bh		     ; Zero register
    504	0259  8B D3				     mov     dx,bx
    505	025B  03 16 0080			     add     dx,word ptr ds:[80h]
    506	025F  02 DB				     add     bl,bl
    507	0261  02 DB				     add     bl,bl
    508	0263  02 DB				     add     bl,bl
    509	0265  80 C3 05				     add     bl,5
    510	0268  03 1E FF2A			     add     bx,ds:data_159e
    511	026C  F6 06 00C2 01			     test    byte ptr ds:[0C2h],1
    512	0271  75 3F				     jnz     loc_24		     ; Jump if not zero
    513	0273  42				     inc     dx
    514	0274  80 7F 08 FD			     cmp     byte ptr [bx+8],0FDh
    515	0278  74 0F				     je	     loc_22		     ; Jump if equal
    516	027A  42				     inc     dx
    517	027B  80 7F 10 FD			     cmp     byte ptr [bx+10h],0FDh
    518	027F  74 08				     je	     loc_22		     ; Jump if equal
    519	0281  42				     inc     dx
    520	0282  80 7F 18 FD			     cmp     byte ptr [bx+18h],0FDh
    521	0286  74 01				     je	     loc_22		     ; Jump if equal
    522	0288  C3				     retn
    523	0289			     loc_22:
    524	0289  E8 080C				     call    player_func_20
    525	028C  8A 44 06				     mov     al,[si+6]
    526	028F  24 C0				     and     al,0C0h
    527	0291  74 01				     jz	     loc_23		     ; Jump if zero
    528	0293  C3				     retn
    529	0294			     loc_23:
    530	0294  8A 44 02				     mov     al,[si+2]
    531	0297  8A 64 05				     mov     ah,[si+5]
    532	029A  50				     push    ax
    533	029B  C6 44 05 07			     mov     byte ptr [si+5],7
    534	029F  80 4C 02 80			     or	     byte ptr [si+2],80h
    535	02A3  80 4C 04 01			     or	     byte ptr [si+4],1
    536	02A7  E8 00B4				     call    player_func_3
    537	02AA  58				     pop     ax
    538	02AB  88 64 05				     mov     [si+5],ah
    539	02AE  88 44 02				     mov     [si+2],al
    540	02B1  C3				     retn
Turbo Assembler	 Version 2.01	     03/22/26 12:29:05	    Page 11
106PLADV.asm



    541	02B2			     loc_24:
    542	02B2  4A				     dec     dx
    543	02B3  80 7F F8 FD			     cmp     byte ptr [bx-8],0FDh
    544	02B7  74 0F				     je	     loc_25		     ; Jump if equal
    545	02B9  4A				     dec     dx
    546	02BA  80 7F F0 FD			     cmp     byte ptr [bx-10h],0FDh
    547	02BE  74 08				     je	     loc_25		     ; Jump if equal
    548	02C0  4A				     dec     dx
    549	02C1  80 7F E8 FD			     cmp     byte ptr [bx-18h],0FDh
    550	02C5  74 01				     je	     loc_25		     ; Jump if equal
    551	02C7  C3				     retn
    552	02C8			     loc_25:
    553	02C8  E8 07CD				     call    player_func_20
    554	02CB  8A 44 06				     mov     al,[si+6]
    555	02CE  24 C0				     and     al,0C0h
    556	02D0  74 01				     jz	     loc_26		     ; Jump if zero
    557	02D2  C3				     retn
    558	02D3			     loc_26:
    559	02D3  8A 44 02				     mov     al,[si+2]
    560	02D6  8A 64 05				     mov     ah,[si+5]
    561	02D9  50				     push    ax
    562	02DA  C6 44 05 07			     mov     byte ptr [si+5],7
    563	02DE  80 64 02 7F			     and     byte ptr [si+2],7Fh
    564	02E2  80 4C 04 01			     or	     byte ptr [si+4],1
    565	02E6  E8 0075				     call    player_func_3
    566	02E9  58				     pop     ax
    567	02EA  88 64 05				     mov     [si+5],ah
    568	02ED  88 44 02				     mov     [si+2],al
    569	02F0  C3				     retn
    570	02F1			     player_func_1	     endp
    571
    572
    573				     ;ßßßßßßßßßßßßßßßßßßßßßßßßßßßßßßßßßßßßßßßßßßßßßßßßßßßßßßßßßßßßßßßßßßßßßßßßßß
    574				     ;				    SUBROUTINE
    575				     ;ÜÜÜÜÜÜÜÜÜÜÜÜÜÜÜÜÜÜÜÜÜÜÜÜÜÜÜÜÜÜÜÜÜÜÜÜÜÜÜÜÜÜÜÜÜÜÜÜÜÜÜÜÜÜÜÜÜÜÜÜÜÜÜÜÜÜÜÜÜÜÜÜÜÜ
    576
    577	02F1			     player_func_2	     proc    near
    578	02F1  8A 1E 0083			     mov     bl,byte ptr ds:[83h]
    579	02F5  80 C3 04				     add     bl,4
    580	02F8  32 FF				     xor     bh,bh		     ; Zero register
    581	02FA  8B D3				     mov     dx,bx
    582	02FC  03 16 0080			     add     dx,word ptr ds:[80h]
    583	0300  02 DB				     add     bl,bl
    584	0302  02 DB				     add     bl,bl
    585	0304  02 DB				     add     bl,bl
    586	0306  80 C3 05				     add     bl,5
    587	0309  03 1E FF2A			     add     bx,ds:data_159e
    588	030D  F6 06 00C2 01			     test    byte ptr ds:[0C2h],1
    589	0312  75 25				     jnz     loc_30		     ; Jump if not zero
    590	0314  42				     inc     dx
    591	0315  42				     inc     dx
    592	0316  80 7F 10 FD			     cmp     byte ptr [bx+10h],0FDh
    593	031A  74 01				     je	     loc_27		     ; Jump if equal
    594	031C  C3				     retn
Turbo Assembler	 Version 2.01	     03/22/26 12:29:05	    Page 12
106PLADV.asm



    595	031D			     loc_27:
    596	031D  E8 0778				     call    player_func_20
    597	0320  F6 44 02 80			     test    byte ptr [si+2],80h
    598	0324  75 01				     jnz     loc_28		     ; Jump if not zero
    599	0326  C3				     retn
    600	0327			     loc_28:
    601	0327  F6 44 06 80			     test    byte ptr [si+6],80h
    602	032B  75 01				     jnz     loc_29		     ; Jump if not zero
    603	032D  C3				     retn
    604	032E			     loc_29:
    605	032E  80 4C 04 01			     or	     byte ptr [si+4],1
    606	0332  C6 06 7C5C FF			     mov     byte ptr ds:data_121e,0FFh
    607	0337  EB 25				     jmp     short loc_34
    608	0339			     loc_30:
    609	0339  4A				     dec     dx
    610	033A  4A				     dec     dx
    611	033B  80 7F F0 FD			     cmp     byte ptr [bx-10h],0FDh
    612	033F  74 01				     je	     loc_31		     ; Jump if equal
    613	0341  C3				     retn
    614	0342			     loc_31:
    615	0342  E8 0753				     call    player_func_20
    616	0345  F6 44 02 80			     test    byte ptr [si+2],80h
    617	0349  74 01				     jz	     loc_32		     ; Jump if zero
    618	034B  C3				     retn
    619	034C			     loc_32:
    620	034C  F6 44 06 80			     test    byte ptr [si+6],80h
    621	0350  75 01				     jnz     loc_33		     ; Jump if not zero
    622	0352  C3				     retn
    623	0353			     loc_33:
    624	0353  80 4C 04 01			     or	     byte ptr [si+4],1
    625	0357  C6 06 7C5C FF			     mov     byte ptr ds:data_121e,0FFh
    626	035C  EB 00				     jmp     short loc_34
    627
    628				     ;ßßßß External Entry into Subroutine ßßßßßßßßßßßßßßßßßßßßßßßßßßßßßßßßßßßßßß
    629
    630	035E			     player_func_3:
    631	035E			     loc_34:
    632	035E  80 64 06 7F			     and     byte ptr [si+6],7Fh
    633	0362  8A 44 07				     mov     al,[si+7]
    634	0365  56				     push    si
    635	0366  50				     push    ax
    636	0367  C6 06 FF1A 28			     mov     byte ptr ds:data_153e,28h	     ; '('
    637	036C  E8 0544				     call    player_func_14
    638	036F  C6 06 FF75 1E			     mov     byte ptr ds:data_174e,1Eh
    639	0374  B8 0718				     mov     ax,718h
    640	0377  F6 06 00C2 01			     test    byte ptr ds:[0C2h],1
    641	037C  75 03				     jnz     loc_35		     ; Jump if not zero
    642	037E  B8 0B18				     mov     ax,0B18h
    643	0381			     loc_35:
    644	0381  A3 7C4C				     mov     ds:data_110e,ax
    645	0384  33 FF				     xor     di,di		     ; Zero register
    646	0386  B9 1658				     mov     cx,1658h
    647	0389  2E: FF 16	2026			     call    word ptr cs:data_61e
    648	038E  C6 06 FF1D 00			     mov     byte ptr ds:data_154e,0
Turbo Assembler	 Version 2.01	     03/22/26 12:29:05	    Page 13
106PLADV.asm



    649	0393  5B				     pop     bx
    650	0394  A1 7C4C				     mov     ax,ds:data_110e
    651	0397  E8 002F				     call    player_multiply
    652	039A  A1 7C4C				     mov     ax,ds:data_188e
    653	039D  33 FF				     xor     di,di		     ; Zero register
    654	039F  B9 1658				     mov     cx,1658h
    655	03A2  2E: FF 16	2028			     call    word ptr cs:data_62e
    656	03A7  5E				     pop     si
    657	03A8  C6 06 FF1D 00			     mov     byte ptr ds:data_212e,0
    658	03AD  0E				     push    cs
    659	03AE  07				     pop     es
    660	03AF  B0 FE				     mov     al,0FEh
    661	03B1  BF E000				     mov     di,data_146e
    662	03B4  B9 00E0				     mov     cx,0E0h
    663	03B7  F3> AA				     rep     stosb		     ; Rep when	cx >0 Store al to es:[di]
    664	03B9  C6 06 7C5C 00			     mov     byte ptr ds:data_197e,0
    665	03BE  C6 06 FF1D 00			     mov     byte ptr ds:data_212e,0
    666	03C3  C6 06 FF1E 00			     mov     byte ptr ds:data_213e,0
    667	03C8  C3				     retn
    668	03C9			     player_func_2	     endp
    669
    670
    671				     ;ßßßßßßßßßßßßßßßßßßßßßßßßßßßßßßßßßßßßßßßßßßßßßßßßßßßßßßßßßßßßßßßßßßßßßßßßßß
    672				     ;				    SUBROUTINE
    673				     ;ÜÜÜÜÜÜÜÜÜÜÜÜÜÜÜÜÜÜÜÜÜÜÜÜÜÜÜÜÜÜÜÜÜÜÜÜÜÜÜÜÜÜÜÜÜÜÜÜÜÜÜÜÜÜÜÜÜÜÜÜÜÜÜÜÜÜÜÜÜÜÜÜÜÜ
    674
    675	03C9			     player_multiply	     proc    near
    676	03C9			     loc_36:
    677	03C9  80 0E 00E7 01			     or	     byte ptr ds:[0E7h],1
    678
    679				     ;ßßßß External Entry into Subroutine ßßßßßßßßßßßßßßßßßßßßßßßßßßßßßßßßßßßßßß
    680
    681	03CE			     player_func_5:
    682	03CE  A3 7C50				     mov     ds:data_112e,ax
    683	03D1  A3 7C4E				     mov     ds:data_111e,ax
    684	03D4  32 FF				     xor     bh,bh		     ; Zero register
    685	03D6  03 DB				     add     bx,bx
    686	03D8  03 1E C00D			     add     bx,ds:data_141e
    687	03DC  8B 37				     mov     si,[bx]
    688	03DE  C6 06 7C53 00			     mov     byte ptr ds:data_114e,0
    689	03E3  C6 06 7C54 00			     mov     byte ptr ds:data_115e,0
    690	03E8  C6 06 7C55 00			     mov     byte ptr ds:data_116e,0
    691	03ED  C6 06 7C57 00			     mov     byte ptr ds:data_118e,0
    692	03F2  89 36 7C58			     mov     ds:data_119e,si
    693	03F6  E8 0214				     call    player_func_8
    694	03F9  8A C1				     mov     al,cl
    695	03FB  A2 7C56				     mov     ds:data_117e,al
    696	03FE  3C 08				     cmp     al,8
    697	0400  72 02				     jb	     loc_37		     ; Jump if below
    698	0402  B0 08				     mov     al,8
    699	0404			     loc_37:
    700	0404  50				     push    ax
    701	0405  B1 0A				     mov     cl,0Ah
    702	0407  F6 E1				     mul     cl			     ; ax = reg	* al
Turbo Assembler	 Version 2.01	     03/22/26 12:29:05	    Page 14
106PLADV.asm



    703	0409  04 06				     add     al,6
    704	040B  8A C8				     mov     cl,al
    705	040D  B5 2C				     mov     ch,2Ch		     ; ','
    706	040F  89 0E 7C5A			     mov     ds:data_120e,cx
    707	0413  B0 56				     mov     al,56h		     ; 'V'
    708	0415  2A C1				     sub     al,cl
    709	0417  8B 1E 7C4E			     mov     bx,ds:data_111e
    710	041B  02 D8				     add     bl,al
    711	041D  58				     pop     ax
    712	041E  24 FE				     and     al,0FEh
    713	0420  02 C0				     add     al,al
    714	0422  02 C0				     add     al,al
    715	0424  02 C0				     add     al,al
    716	0426  B4 40				     mov     ah,40h		     ; '@'
    717	0428  2A E0				     sub     ah,al
    718	042A  D0 EC				     shr     ah,1		     ; Shift w/zeros fill
    719	042C  2A DC				     sub     bl,ah
    720	042E  89 1E 7C4E			     mov     ds:data_111e,bx
    721	0432  02 FF				     add     bh,bh
    722	0434  B0 FF				     mov     al,0FFh
    723	0436  2E: FF 16	2000			     call    word ptr cs:data_47e
    724	043B			     loc_38:
    725	043B  8B 36 7C58			     mov     si,ds:data_195e
    726	043F  AC				     lodsb			     ; String [si] to al
    727	0440  89 36 7C58			     mov     ds:data_195e,si
    728	0444  3C 2F				     cmp     al,2Fh		     ; '/'
    729	0446  75 03				     jne     loc_39		     ; Jump if not equal
    730	0448  E9 009F				     jmp     loc_48
    731	044B			     loc_39:
    732	044B  3C 81				     cmp     al,81h
    733	044D  75 03				     jne     loc_40		     ; Jump if not equal
    734	044F  E9 0207				     jmp     loc_71
    735	0452			     loc_40:
    736	0452  3C 83				     cmp     al,83h
    737	0454  75 03				     jne     loc_41		     ; Jump if not equal
    738	0456  E9 0230				     jmp     loc_73
    739	0459			     loc_41:
    740	0459  3C 85				     cmp     al,85h
    741	045B  75 03				     jne     loc_42		     ; Jump if not equal
    742	045D  E9 0239				     jmp     loc_74
    743	0460			     loc_42:
    744	0460  3C 87				     cmp     al,87h
    745	0462  75 03				     jne     loc_43		     ; Jump if not equal
    746	0464  E9 023F				     jmp     loc_75
    747	0467			     loc_43:
    748	0467  3C 89				     cmp     al,89h
    749	0469  75 03				     jne     loc_44		     ; Jump if not equal
    750	046B  E9 0243				     jmp     loc_76
    751	046E			     loc_44:
    752	046E  3C 8B				     cmp     al,8Bh
    753	0470  75 03				     jne     loc_45		     ; Jump if not equal
    754	0472  E9 01DC				     jmp     loc_70
    755	0475			     loc_45:
    756	0475  3C FF				     cmp     al,0FFh
Turbo Assembler	 Version 2.01	     03/22/26 12:29:05	    Page 15
106PLADV.asm



    757	0477  75 03				     jne     loc_46		     ; Jump if not equal
    758	0479  E9 0129				     jmp     loc_55
    759	047C			     loc_46:
    760	047C  50				     push    ax
    761	047D  8B 0E 7C4E			     mov     cx,ds:data_189e
    762	0481  32 FF				     xor     bh,bh		     ; Zero register
    763	0483  8A DD				     mov     bl,ch
    764	0485  03 DB				     add     bx,bx
    765	0487  03 DB				     add     bx,bx
    766	0489  03 DB				     add     bx,bx
    767	048B  A0 7C53				     mov     al,ds:data_191e
    768	048E  32 E4				     xor     ah,ah		     ; Zero register
    769	0490  03 D8				     add     bx,ax
    770	0492  83 C3 04				     add     bx,4
    771	0495  A0 7C54				     mov     al,ds:data_192e
    772	0498  B2 0A				     mov     dl,0Ah
    773	049A  F6 E2				     mul     dl			     ; ax = reg	* al
    774	049C  02 C8				     add     cl,al
    775	049E  80 C1 04				     add     cl,4
    776	04A1  58				     pop     ax
    777	04A2  53				     push    bx
    778	04A3  8A D8				     mov     bl,al
    779	04A5  80 EB 20				     sub     bl,20h		     ; ' '
    780	04A8  32 FF				     xor     bh,bh		     ; Zero register
    781	04AA  8A 97 7B82			     mov     dl,ds:data_182e[bx]
    782	04AE  8A F7				     mov     dh,bh
    783	04B0  5B				     pop     bx
    784	04B1  50				     push    ax
    785	04B2  2B DA				     sub     bx,dx
    786	04B4  B4 01				     mov     ah,1
    787	04B6  2E: FF 16	2022			     call    word ptr cs:data_59e
    788	04BB  58				     pop     ax
    789	04BC  8A D8				     mov     bl,al
    790	04BE  80 EB 20				     sub     bl,20h		     ; ' '
    791	04C1  32 FF				     xor     bh,bh		     ; Zero register
    792	04C3  8A 8F 7BE2			     mov     cl,ds:data_183e[bx]
    793	04C7  00 0E 7C53			     add     ds:data_191e,cl
    794	04CB  3C 20				     cmp     al,20h		     ; ' '
    795	04CD  74 03				     je	     loc_47		     ; Jump if equal
    796	04CF  E9 FF69				     jmp     loc_38
    797	04D2			     loc_47:
    798	04D2  8B 36 7C58			     mov     si,ds:data_195e
    799	04D6  E8 0111				     call    player_func_7
    800	04D9  8A 16 7C53			     mov     dl,ds:data_191e
    801	04DD  32 F6				     xor     dh,dh		     ; Zero register
    802	04DF  03 D1				     add     dx,cx
    803	04E1  81 FA 00A8			     cmp     dx,0A8h
    804	04E5  73 03				     jae     loc_48		     ; Jump if above or	=
    805	04E7  E9 FF51				     jmp     loc_38
    806	04EA			     loc_48:
    807	04EA  C6 06 7C53 00			     mov     byte ptr ds:data_191e,0
    808	04EF  FE 06 7C54			     inc     byte ptr ds:data_192e
    809	04F3  80 3E 7C54 08			     cmp     byte ptr ds:data_192e,8
    810	04F8  75 20				     jne     loc_50		     ; Jump if not equal
Turbo Assembler	 Version 2.01	     03/22/26 12:29:05	    Page 16
106PLADV.asm



    811	04FA  FE 0E 7C54			     dec     byte ptr ds:data_192e
    812	04FE  B9 000A				     mov     cx,0Ah
    813
    814	0501			     locloop_49:
    815	0501  51				     push    cx
    816	0502  8B 1E 7C4E			     mov     bx,ds:data_189e
    817	0506  80 C3 04				     add     bl,4
    818	0509  8B 0E 7C5A			     mov     cx,ds:data_196e
    819	050D  D0 ED				     shr     ch,1		     ; Shift w/zeros fill
    820	050F  80 E9 08				     sub     cl,8
    821	0512  2E: FF 16	2024			     call    word ptr cs:data_60e
    822	0517  59				     pop     cx
    823	0518  E2 E7				     loop    locloop_49		     ; Loop if cx > 0
    824
    825	051A			     loc_50:
    826	051A  FE 06 7C57			     inc     byte ptr ds:data_194e
    827	051E  80 3E 7C57 07			     cmp     byte ptr ds:data_194e,7
    828	0523  73 03				     jae     loc_51		     ; Jump if above or	=
    829	0525  E9 FF13				     jmp     loc_38
    830	0528			     loc_51:
    831	0528  80 3E 7C56 08			     cmp     byte ptr ds:data_193e,8
    832	052D  75 03				     jne     loc_52		     ; Jump if not equal
    833	052F  E9 FF09				     jmp     loc_38
    834	0532			     loc_52:
    835	0532  80 2E 7C56 07			     sub     byte ptr ds:data_193e,7
    836	0537  8B 0E 7C4E			     mov     cx,ds:data_189e
    837	053B  32 FF				     xor     bh,bh		     ; Zero register
    838	053D  8A DD				     mov     bl,ch
    839	053F  03 DB				     add     bx,bx
    840	0541  03 DB				     add     bx,bx
    841	0543  03 DB				     add     bx,bx
    842	0545  83 C3 54				     add     bx,54h
    843	0548  80 C1 4A				     add     cl,4Ah		     ; 'J'
    844	054B  51				     push    cx
    845	054C  53				     push    bx
    846	054D  B8 027C				     mov     ax,27Ch
    847	0550  2E: FF 16	2022			     call    word ptr cs:data_59e
    848	0555  C6 06 FF1D 00			     mov     byte ptr ds:data_212e,0
    849	055A  C6 06 FF1E 00			     mov     byte ptr ds:data_213e,0
    850	055F  5B				     pop     bx
    851	0560  59				     pop     cx
    852	0561			     loc_53:
    853	0561  51				     push    cx
    854	0562  53				     push    bx
    855	0563  E8 01E1				     call    math_calc
    856	0566  E8 0347				     call    player_multiply_2
    857	0569  5B				     pop     bx
    858	056A  59				     pop     cx
    859	056B  F6 06 7C5C FF			     test    byte ptr ds:data_197e,0FFh
    860	0570  75 08				     jnz     loc_54		     ; Jump if not zero
    861	0572  F6 06 FF1E FF			     test    byte ptr ds:data_213e,0FFh
    862	0577  74 01				     jz	     loc_54		     ; Jump if zero
    863	0579  C3				     retn
    864	057A			     loc_54:
Turbo Assembler	 Version 2.01	     03/22/26 12:29:05	    Page 17
106PLADV.asm



    865	057A  F6 06 FF1D FF			     test    byte ptr ds:data_212e,0FFh
    866	057F  74 E0				     jz	     loc_53		     ; Jump if zero
    867	0581  D1 EB				     shr     bx,1		     ; Shift w/zeros fill
    868	0583  D1 EB				     shr     bx,1		     ; Shift w/zeros fill
    869	0585  8A FB				     mov     bh,bl
    870	0587  8A D9				     mov     bl,cl
    871	0589  32 C0				     xor     al,al		     ; Zero register
    872	058B  B9 0208				     mov     cx,208h
    873	058E  2E: FF 16	2000			     call    word ptr cs:data_47e
    874	0593  C6 06 FF1D 00			     mov     byte ptr ds:data_212e,0
    875	0598  C6 06 7C57 00			     mov     byte ptr ds:data_194e,0
    876	059D  C6 06 FF75 1D			     mov     byte ptr ds:data_223e,1Dh
    877	05A2  E9 FE96				     jmp     loc_38
    878
    879				     ;ßßßß External Entry into Subroutine ßßßßßßßßßßßßßßßßßßßßßßßßßßßßßßßßßßßßßß
    880
    881	05A5			     player_func_6:
    882	05A5			     loc_55:
    883	05A5  C6 06 FF1D 00			     mov     byte ptr ds:data_154e,0
    884	05AA  C6 06 FF1E 00			     mov     byte ptr ds:data_155e,0
    885	05AF			     loc_56:
    886	05AF  E8 0195				     call    math_calc
    887	05B2  E8 02FB				     call    player_multiply_2
    888	05B5  F6 06 FF1D FF			     test    byte ptr ds:data_212e,0FFh
    889	05BA  74 01				     jz	     loc_57		     ; Jump if zero
    890	05BC  C3				     retn
    891	05BD			     loc_57:
    892	05BD  F6 06 FF1E FF			     test    byte ptr ds:data_213e,0FFh
    893	05C2  74 01				     jz	     loc_58		     ; Jump if zero
    894	05C4  C3				     retn
    895	05C5			     loc_58:
    896	05C5  F6 06 FF17 FF			     test    byte ptr ds:data_209e,0FFh
    897	05CA  75 E3				     jnz     loc_56		     ; Jump if not zero
    898	05CC			     loc_59:
    899	05CC  E8 0178				     call    math_calc
    900	05CF  E8 02DE				     call    player_multiply_2
    901	05D2  F6 06 FF1D FF			     test    byte ptr ds:data_212e,0FFh
    902	05D7  74 01				     jz	     loc_60		     ; Jump if zero
    903	05D9  C3				     retn
    904	05DA			     loc_60:
    905	05DA  F6 06 FF1E FF			     test    byte ptr ds:data_213e,0FFh
    906	05DF  74 01				     jz	     loc_61		     ; Jump if zero
    907	05E1  C3				     retn
    908	05E2			     loc_61:
    909	05E2  F6 06 FF17 FF			     test    byte ptr ds:data_209e,0FFh
    910	05E7  74 E3				     jz	     loc_59		     ; Jump if zero
    911	05E9  C3				     retn
    912
    913				     ;ßßßß External Entry into Subroutine ßßßßßßßßßßßßßßßßßßßßßßßßßßßßßßßßßßßßßß
    914
    915	05EA			     player_func_7:
    916	05EA  33 C9				     xor     cx,cx		     ; Zero register
    917	05EC			     loc_62:
    918	05EC  AC				     lodsb			     ; String [si] to al
Turbo Assembler	 Version 2.01	     03/22/26 12:29:05	    Page 18
106PLADV.asm



    919	05ED  0A C0				     or	     al,al		     ; Zero ?
    920	05EF  79 01				     jns     loc_63		     ; Jump if not sign
    921	05F1  C3				     retn
    922	05F2			     loc_63:
    923	05F2  3C 20				     cmp     al,20h		     ; ' '
    924	05F4  75 01				     jne     loc_64		     ; Jump if not equal
    925	05F6  C3				     retn
    926	05F7			     loc_64:
    927	05F7  3C 2F				     cmp     al,2Fh		     ; '/'
    928	05F9  75 01				     jne     loc_65		     ; Jump if not equal
    929	05FB  C3				     retn
    930	05FC			     loc_65:
    931	05FC  2C 20				     sub     al,20h		     ; ' '
    932	05FE  72 EC				     jc	     loc_62		     ; Jump if carry Set
    933	0600  8A D8				     mov     bl,al
    934	0602  32 FF				     xor     bh,bh		     ; Zero register
    935	0604  2E: 02 8F	7BE2			     add     cl,cs:data_101e[bx]
    936	0609  12 EF				     adc     ch,bh
    937	060B  EB DF				     jmp     short loc_62
    938
    939				     ;ßßßß External Entry into Subroutine ßßßßßßßßßßßßßßßßßßßßßßßßßßßßßßßßßßßßßß
    940
    941	060D			     player_func_8:
    942	060D  33 C9				     xor     cx,cx		     ; Zero register
    943	060F  33 D2				     xor     dx,dx		     ; Zero register
    944	0611			     loc_66:
    945	0611  AC				     lodsb			     ; String [si] to al
    946	0612  0A C0				     or	     al,al		     ; Zero ?
    947	0614  78 34				     js	     loc_68		     ; Jump if sign=1
    948	0616  3C 2F				     cmp     al,2Fh		     ; '/'
    949	0618  75 05				     jne     loc_67		     ; Jump if not equal
    950	061A  41				     inc     cx
    951	061B  33 D2				     xor     dx,dx		     ; Zero register
    952	061D  EB F2				     jmp     short loc_66
    953	061F			     loc_67:
    954	061F  51				     push    cx
    955	0620  8A D8				     mov     bl,al
    956	0622  80 EB 20				     sub     bl,20h		     ; ' '
    957	0625  32 FF				     xor     bh,bh		     ; Zero register
    958	0627  8A 8F 7BE2			     mov     cl,ds:data_101e[bx]
    959	062B  8A EF				     mov     ch,bh
    960	062D  03 D1				     add     dx,cx
    961	062F  59				     pop     cx
    962	0630  3C 20				     cmp     al,20h		     ; ' '
    963	0632  75 DD				     jne     loc_66		     ; Jump if not equal
    964	0634  51				     push    cx
    965	0635  56				     push    si
    966	0636  52				     push    dx
    967	0637  E8 FFB0				     call    player_func_7
    968	063A  03 D1				     add     dx,cx
    969	063C  81 FA 00A8			     cmp     dx,0A8h
    970	0640  5A				     pop     dx
    971	0641  5E				     pop     si
    972	0642  59				     pop     cx
Turbo Assembler	 Version 2.01	     03/22/26 12:29:05	    Page 19
106PLADV.asm



    973	0643  72 CC				     jc	     loc_66		     ; Jump if carry Set
    974	0645  33 D2				     xor     dx,dx		     ; Zero register
    975	0647  41				     inc     cx
    976	0648  EB C7				     jmp     short loc_66
    977	064A			     loc_68:
    978	064A  0B D2				     or	     dx,dx		     ; Zero ?
    979	064C  75 01				     jnz     loc_69		     ; Jump if not zero
    980	064E  C3				     retn
    981	064F			     loc_69:
    982	064F  41				     inc     cx
    983	0650  C3				     retn
    984	0651			     loc_70:
    985	0651  80 0E 0004 80			     or	     byte ptr ds:[4],80h
    986	0656  E9 0498				     jmp     loc_119
    987	0659			     loc_71:
    988	0659  8B 1E 7C4C			     mov     bx,ds:data_110e
    989	065D  02 FF				     add     bh,bh
    990	065F  81 C3 193F			     add     bx,193Fh
    991	0663  53				     push    bx
    992	0664  B9 0C19				     mov     cx,0C19h
    993	0667  B0 FF				     mov     al,0FFh
    994	0669  2E: FF 16	2000			     call    word ptr cs:data_47e
    995	066E  5B				     pop     bx
    996	066F  81 C3 0103			     add     bx,103h
    997	0673  89 1E FF54			     mov     ds:data_167e,bx
    998	0677  E8 0E5D				     call    player_func_47
    999	067A  A1 7C4C				     mov     ax,ds:data_188e
   1000	067D  B3 0D				     mov     bl,0Dh
   1001	067F  73 03				     jnc     loc_72		     ; Jump if carry=0
   1002	0681  E9 FD45				     jmp     loc_36
   1003	0684			     loc_72:
   1004	0684  B3 0C				     mov     bl,0Ch
   1005	0686  E9 FD40				     jmp     loc_36
   1006	0689			     loc_73:
   1007	0689  80 0E 0034 80			     or	     byte ptr ds:[34h],80h
   1008	068E  C6 06 009A FF			     mov     byte ptr ds:[9Ah],0FFh
   1009	0693  E8 045B				     call    player_func_25
   1010	0696  E9 FF0C				     jmp     loc_55
   1011	0699			     loc_74:
   1012	0699  C6 06 7C5C FF			     mov     byte ptr ds:data_197e,0FFh
   1013	069E  B3 04				     mov     bl,4
   1014	06A0  A1 7C50				     mov     ax,word ptr ds:[7C50h]
   1015	06A3  E9 FD23				     jmp     loc_36
   1016	06A6			     loc_75:
   1017	06A6  E8 FEFC				     call    player_func_6
   1018	06A9  B3 05				     mov     bl,5
   1019	06AB  A1 7C50				     mov     ax,word ptr ds:[7C50h]
   1020	06AE  E9 FD18				     jmp     loc_36
   1021	06B1			     loc_76:
   1022	06B1  8B 1E 7C4C			     mov     bx,ds:data_188e
   1023	06B5  02 FF				     add     bh,bh
   1024	06B7  81 C3 1832			     add     bx,1832h
   1025	06BB  53				     push    bx
   1026	06BC  B9 1219				     mov     cx,1219h
Turbo Assembler	 Version 2.01	     03/22/26 12:29:05	    Page 20
106PLADV.asm



   1027	06BF  B0 FF				     mov     al,0FFh
   1028	06C1  2E: FF 16	2000			     call    word ptr cs:data_47e
   1029	06C6  5B				     pop     bx
   1030	06C7  81 C3 0203			     add     bx,203h
   1031	06CB  89 1E FF54			     mov     ds:data_218e,bx
   1032	06CF  E8 0040				     call    player_func_9
   1033	06D2  A1 7C4C				     mov     ax,ds:data_188e
   1034	06D5  B3 06				     mov     bl,6
   1035	06D7  73 03				     jnc     loc_77		     ; Jump if carry=0
   1036	06D9  E9 FCED				     jmp     loc_36
   1037	06DC			     loc_77:
   1038	06DC  8B 16 008B			     mov     dx,word ptr ds:[8Bh]
   1039	06E0  81 EA 09C4			     sub     dx,9C4h
   1040	06E4  B3 07				     mov     bl,7
   1041	06E6  73 03				     jnc     loc_78		     ; Jump if carry=0
   1042	06E8  E9 FCDE				     jmp     loc_36
   1043	06EB			     loc_78:
   1044	06EB  89 16 008B			     mov     word ptr ds:[8Bh],dx
   1045	06EF  2E: FF 16	2014			     call    word ptr cs:data_55e
   1046	06F4  80 0E 0034 40			     or	     byte ptr ds:[34h],40h   ; '@'
   1047	06F9  BE 00A1				     mov     si,0A1h
   1048	06FC			     loc_79:
   1049	06FC  F6 04 FF				     test    byte ptr [si],0FFh
   1050	06FF  74 03				     jz	     loc_80		     ; Jump if zero
   1051	0701  46				     inc     si
   1052	0702  EB F8				     jmp     short loc_79
   1053	0704			     loc_80:
   1054	0704  C6 04 05				     mov     byte ptr [si],5
   1055	0707  E8 03E7				     call    player_func_25
   1056	070A  A1 7C4C				     mov     ax,ds:data_110e
   1057	070D  B3 08				     mov     bl,8
   1058	070F  E9 FCB7				     jmp     loc_36
   1059	0712			     player_multiply	     endp
   1060
   1061
   1062				     ;ßßßßßßßßßßßßßßßßßßßßßßßßßßßßßßßßßßßßßßßßßßßßßßßßßßßßßßßßßßßßßßßßßßßßßßßßßß
   1063				     ;				    SUBROUTINE
   1064				     ;ÜÜÜÜÜÜÜÜÜÜÜÜÜÜÜÜÜÜÜÜÜÜÜÜÜÜÜÜÜÜÜÜÜÜÜÜÜÜÜÜÜÜÜÜÜÜÜÜÜÜÜÜÜÜÜÜÜÜÜÜÜÜÜÜÜÜÜÜÜÜÜÜÜÜ
   1065
   1066	0712			     player_func_9	     proc    near
   1067	0712  C6 06 FF52 02			     mov     byte ptr ds:data_216e,2
   1068	0717  C6 06 FF53 02			     mov     byte ptr ds:data_217e,2
   1069	071C  B9 0002				     mov     cx,2
   1070	071F  BE 6736				     mov     si,6736h
   1071	0722  E8 0DF9				     call    player_multiply_6
   1072	0725  C6 06 FF56 00			     mov     byte ptr ds:data_219e,0
   1073	072A  32 DB				     xor     bl,bl		     ; Zero register
   1074	072C  E8 0C19				     call    player_func_43
   1075	072F  73 02				     jnc     loc_81		     ; Jump if carry=0
   1076	0731  B3 01				     mov     bl,1
   1077	0733			     loc_81:
   1078	0733  0A DB				     or	     bl,bl		     ; Zero ?
   1079	0735  75 01				     jnz     loc_82		     ; Jump if not zero
   1080	0737  C3				     retn
Turbo Assembler	 Version 2.01	     03/22/26 12:29:05	    Page 21
106PLADV.asm



   1081	0738			     loc_82:
   1082	0738  F9				     stc			     ; Set carry flag
   1083	0739  C3				     retn
   1084	073A			     player_func_9	     endp
   1085
   1086	073A  54 61 6B 65 00 4E			     db	      54h, 61h,	6Bh, 65h, 00h, 4Eh
   1087	0740  6F 20 54 61 6B 65			     db	      6Fh, 20h,	54h, 61h, 6Bh, 65h
   1088	0746  00				     db	      00h
   1089
   1090				     ;ßßßßßßßßßßßßßßßßßßßßßßßßßßßßßßßßßßßßßßßßßßßßßßßßßßßßßßßßßßßßßßßßßßßßßßßßßß
   1091				     ;				    SUBROUTINE
   1092				     ;ÜÜÜÜÜÜÜÜÜÜÜÜÜÜÜÜÜÜÜÜÜÜÜÜÜÜÜÜÜÜÜÜÜÜÜÜÜÜÜÜÜÜÜÜÜÜÜÜÜÜÜÜÜÜÜÜÜÜÜÜÜÜÜÜÜÜÜÜÜÜÜÜÜÜ
   1093
   1094	0747			     math_calc		     proc    near
   1095	0747  A1 7C4E				     mov     ax,ds:data_189e
   1096	074A  80 EC 06				     sub     ah,6
   1097	074D  8B 0E 7C5A			     mov     cx,ds:data_196e
   1098	0751  02 C1				     add     al,cl
   1099	0753  3C 56				     cmp     al,56h		     ; 'V'
   1100	0755  73 01				     jae     loc_83		     ; Jump if above or	=
   1101	0757  C3				     retn
   1102	0758			     loc_83:
   1103	0758  50				     push    ax
   1104	0759  32 E4				     xor     ah,ah		     ; Zero register
   1105	075B  2C 4E				     sub     al,4Eh		     ; 'N'
   1106	075D  B9 0008				     mov     cx,8
   1107	0760  F6 F1				     div     cl			     ; al, ah rem = ax/reg
   1108	0762  8A C8				     mov     cl,al
   1109	0764  58				     pop     ax
   1110	0765  0E				     push    cs
   1111	0766  07				     pop     es
   1112	0767  BF E000				     mov     di,data_146e
   1113	076A  8A C4				     mov     al,ah
   1114	076C  B2 08				     mov     dl,8
   1115	076E  F6 E2				     mul     dl			     ; ax = reg	* al
   1116	0770  03 F8				     add     di,ax
   1117	0772  B0 FF				     mov     al,0FFh
   1118
   1119	0774			     locloop_84:
   1120	0774  51				     push    cx
   1121	0775  57				     push    di
   1122	0776  B9 0016				     mov     cx,16h
   1123
   1124	0779			     locloop_85:
   1125	0779  AA				     stosb			     ; Store al	to es:[di]
   1126	077A  83 C7 07				     add     di,7
   1127	077D  E2 FA				     loop    locloop_85		     ; Loop if cx > 0
   1128
   1129	077F  5F				     pop     di
   1130	0780  47				     inc     di
   1131	0781  59				     pop     cx
   1132	0782  E2 F0				     loop    locloop_84		     ; Loop if cx > 0
   1133
   1134	0784  C3				     retn
Turbo Assembler	 Version 2.01	     03/22/26 12:29:05	    Page 22
106PLADV.asm



   1135	0785			     math_calc		     endp
   1136
   1137	0785			     loc_86:
   1138	0785  33 DB				     xor     bx,bx		     ; Zero register
   1139	0787  8A 1E 0083			     mov     bl,byte ptr ds:[83h]
   1140	078B  80 C3 03				     add     bl,3
   1141	078E  03 DB				     add     bx,bx
   1142	0790  03 DB				     add     bx,bx
   1143	0792  03 DB				     add     bx,bx
   1144	0794  03 1E FF2A			     add     bx,ds:data_159e
   1145	0798  8A 47 07				     mov     al,[bx+7]
   1146	079B  E8 00D4				     call    player_scan_loop
   1147	079E  75 01				     jnz     loc_87		     ; Jump if not zero
   1148	07A0  C3				     retn
   1149	07A1			     loc_87:
   1150	07A1  33 DB				     xor     bx,bx		     ; Zero register
   1151	07A3  8A 1E 0083			     mov     bl,byte ptr ds:[83h]
   1152	07A7  80 C3 04				     add     bl,4
   1153	07AA  03 1E 0080			     add     bx,word ptr ds:[80h]
   1154	07AE  4B				     dec     bx
   1155	07AF  E8 00E2				     call    player_func_12
   1156	07B2  74 01				     jz	     loc_88		     ; Jump if zero
   1157	07B4  C3				     retn
   1158	07B5			     loc_88:
   1159	07B5  FE 06 00E7			     inc     byte ptr ds:[0E7h]
   1160	07B9  80 26 00E7 03			     and     byte ptr ds:[0E7h],3
   1161	07BE  80 0E 00C2 01			     or	     byte ptr ds:[0C2h],1
   1162	07C3  80 3E 0083 0B			     cmp     byte ptr ds:[83h],0Bh
   1163	07C8  72 05				     jb	     loc_89		     ; Jump if below
   1164	07CA  FE 0E 0083			     dec     byte ptr ds:[83h]
   1165	07CE  C3				     retn
   1166	07CF			     loc_89:
   1167	07CF  F7 06 0080 FFFF			     test    word ptr ds:[80h],0FFFFh
   1168	07D5  75 05				     jnz     loc_90		     ; Jump if not zero
   1169	07D7  FE 0E 0083			     dec     byte ptr ds:[83h]
   1170	07DB  C3				     retn
   1171	07DC			     loc_90:
   1172	07DC  FF 0E 0080			     dec     word ptr ds:[80h]
   1173	07E0  83 2E FF2A 08			     sub     word ptr ds:data_159e,8
   1174	07E5  2E: FF 16	3006			     call    word ptr cs:data_70e
   1175	07EA  80 3E 7C45 01			     cmp     byte ptr ds:data_105e,1
   1176	07EF  74 01				     je	     loc_91		     ; Jump if equal
   1177	07F1  C3				     retn
   1178	07F2			     loc_91:
   1179	07F2  2E: FF 16	3008			     call    word ptr cs:data_71e
   1180	07F7  C3				     retn
   1181	07F8			     loc_92:
   1182	07F8  33 DB				     xor     bx,bx		     ; Zero register
   1183	07FA  8A 1E 0083			     mov     bl,byte ptr ds:[83h]
   1184	07FE  80 C3 06				     add     bl,6
   1185	0801  03 DB				     add     bx,bx
   1186	0803  03 DB				     add     bx,bx
   1187	0805  03 DB				     add     bx,bx
   1188	0807  03 1E FF2A			     add     bx,ds:data_159e
Turbo Assembler	 Version 2.01	     03/22/26 12:29:05	    Page 23
106PLADV.asm



   1189	080B  8A 47 07				     mov     al,[bx+7]
   1190	080E  E8 0061				     call    player_scan_loop
   1191	0811  75 01				     jnz     loc_93		     ; Jump if not zero
   1192	0813  C3				     retn
   1193	0814			     loc_93:
   1194	0814  33 DB				     xor     bx,bx		     ; Zero register
   1195	0816  8A 1E 0083			     mov     bl,byte ptr ds:[83h]
   1196	081A  80 C3 04				     add     bl,4
   1197	081D  03 1E 0080			     add     bx,word ptr ds:[80h]
   1198	0821  43				     inc     bx
   1199	0822  E8 006F				     call    player_func_12
   1200	0825  74 01				     jz	     loc_94		     ; Jump if zero
   1201	0827  C3				     retn
   1202	0828			     loc_94:
   1203	0828  FE 06 00E7			     inc     byte ptr ds:[0E7h]
   1204	082C  80 26 00E7 03			     and     byte ptr ds:[0E7h],3
   1205	0831  80 26 00C2 FE			     and     byte ptr ds:[0C2h],0FEh
   1206	0836  80 3E 0083 10			     cmp     byte ptr ds:[83h],10h
   1207	083B  73 05				     jae     loc_95		     ; Jump if above or	=
   1208	083D  FE 06 0083			     inc     byte ptr ds:[83h]
   1209	0841  C3				     retn
   1210	0842			     loc_95:
   1211	0842  A1 C002				     mov     ax,ds:data_137e
   1212	0845  2D 0023				     sub     ax,23h
   1213	0848  8B 1E 0080			     mov     bx,word ptr ds:[80h]
   1214	084C  43				     inc     bx
   1215	084D  3B C3				     cmp     ax,bx
   1216	084F  75 05				     jne     loc_96		     ; Jump if not equal
   1217	0851  FE 06 0083			     inc     byte ptr ds:[83h]
   1218	0855  C3				     retn
   1219	0856			     loc_96:
   1220	0856  FF 06 0080			     inc     word ptr ds:[80h]
   1221	085A  83 06 FF2A 08			     add     word ptr ds:data_159e,8
   1222	085F  2E: FF 16	300A			     call    word ptr cs:data_72e
   1223	0864  80 3E 7C45 01			     cmp     byte ptr ds:data_105e,1
   1224	0869  74 01				     je	     loc_97		     ; Jump if equal
   1225	086B  C3				     retn
   1226	086C			     loc_97:
   1227	086C  2E: FF 16	300C			     call    word ptr cs:data_73e
   1228	0871  C3				     retn
   1229
   1230				     ;ßßßßßßßßßßßßßßßßßßßßßßßßßßßßßßßßßßßßßßßßßßßßßßßßßßßßßßßßßßßßßßßßßßßßßßßßßß
   1231				     ;				    SUBROUTINE
   1232				     ;ÜÜÜÜÜÜÜÜÜÜÜÜÜÜÜÜÜÜÜÜÜÜÜÜÜÜÜÜÜÜÜÜÜÜÜÜÜÜÜÜÜÜÜÜÜÜÜÜÜÜÜÜÜÜÜÜÜÜÜÜÜÜÜÜÜÜÜÜÜÜÜÜÜÜ
   1233
   1234	0872			     player_scan_loop		     proc    near
   1235	0872  2E: 8E 06	FF2C			     mov     es,cs:data_160e
   1236	0877  26: 8B 36	8002			     mov     si,es:data_2e
   1237	087C  26: 8A 0C				     mov     cl,es:[si]
   1238	087F  0A C9				     or	     cl,cl		     ; Zero ?
   1239	0881  74 0C				     jz	     loc_100		     ; Jump if zero
   1240	0883  32 ED				     xor     ch,ch		     ; Zero register
   1241	0885  46				     inc     si
   1242
Turbo Assembler	 Version 2.01	     03/22/26 12:29:05	    Page 24
106PLADV.asm



   1243	0886			     locloop_98:
   1244	0886  26: 3A 04				     cmp     al,es:[si]
   1245	0889  75 01				     jne     loc_99		     ; Jump if not equal
   1246	088B  C3				     retn
   1247	088C			     loc_99:
   1248	088C  46				     inc     si
   1249	088D  E2 F7				     loop    locloop_98		     ; Loop if cx > 0
   1250
   1251	088F			     loc_100:
   1252	088F  F6 D1				     not     cl
   1253	0891  0A C9				     or	     cl,cl		     ; Zero ?
   1254	0893  C3				     retn
   1255	0894			     player_scan_loop		     endp
   1256
   1257
   1258				     ;ßßßßßßßßßßßßßßßßßßßßßßßßßßßßßßßßßßßßßßßßßßßßßßßßßßßßßßßßßßßßßßßßßßßßßßßßßß
   1259				     ;				    SUBROUTINE
   1260				     ;ÜÜÜÜÜÜÜÜÜÜÜÜÜÜÜÜÜÜÜÜÜÜÜÜÜÜÜÜÜÜÜÜÜÜÜÜÜÜÜÜÜÜÜÜÜÜÜÜÜÜÜÜÜÜÜÜÜÜÜÜÜÜÜÜÜÜÜÜÜÜÜÜÜÜ
   1261
   1262	0894			     player_func_12	     proc    near
   1263	0894  8B 36 C00F			     mov     si,ds:data_142e
   1264	0898			     loc_101:
   1265	0898  8B 04				     mov     ax,[si]
   1266	089A  3D FFFF				     cmp     ax,0FFFFh
   1267	089D  75 01				     jne     loc_102		     ; Jump if not equal
   1268	089F  C3				     retn
   1269	08A0			     loc_102:
   1270	08A0  2B C3				     sub     ax,bx
   1271	08A2  75 07				     jnz     loc_103		     ; Jump if not zero
   1272	08A4  F6 44 06 40			     test    byte ptr [si+6],40h     ; '@'
   1273	08A8  74 01				     jz	     loc_103		     ; Jump if zero
   1274	08AA  C3				     retn
   1275	08AB			     loc_103:
   1276	08AB  83 C6 08				     add     si,8
   1277	08AE  EB E8				     jmp     short loc_101
   1278	08B0			     player_func_12	     endp
   1279
   1280
   1281				     ;ßßßßßßßßßßßßßßßßßßßßßßßßßßßßßßßßßßßßßßßßßßßßßßßßßßßßßßßßßßßßßßßßßßßßßßßßßß
   1282				     ;				    SUBROUTINE
   1283				     ;ÜÜÜÜÜÜÜÜÜÜÜÜÜÜÜÜÜÜÜÜÜÜÜÜÜÜÜÜÜÜÜÜÜÜÜÜÜÜÜÜÜÜÜÜÜÜÜÜÜÜÜÜÜÜÜÜÜÜÜÜÜÜÜÜÜÜÜÜÜÜÜÜÜÜ
   1284
   1285	08B0			     player_multiply_2		     proc    near
   1286	08B0  E8 026D				     call    player_func_26
   1287
   1288				     ;ßßßß External Entry into Subroutine ßßßßßßßßßßßßßßßßßßßßßßßßßßßßßßßßßßßßßß
   1289
   1290	08B3			     player_func_14:
   1291	08B3  E8 00C3				     call    player_func_18
   1292	08B6  E8 009B				     call    player_func_17
   1293	08B9  2E: FF 16	3004			     call    word ptr cs:data_69e
   1294	08BE  8A 0E FF33			     mov     cl,ds:data_161e
   1295	08C2  B0 04				     mov     al,4
   1296	08C4  F6 E1				     mul     cl			     ; ax = reg	* al
Turbo Assembler	 Version 2.01	     03/22/26 12:29:05	    Page 25
106PLADV.asm



   1297	08C6			     loc_104:
   1298	08C6  50				     push    ax
   1299	08C7  2E: FF 16	0110			     call    word ptr cs:[110h]
   1300	08CC  2E: FF 16	0112			     call    word ptr cs:[112h]
   1301	08D1  2E: FF 16	0114			     call    word ptr cs:[114h]
   1302	08D6  2E: FF 16	0116			     call    word ptr cs:[116h]
   1303	08DB  2E: FF 16	0118			     call    word ptr cs:[118h]
   1304	08E0  2E: FF 16	011E			     call    word ptr cs:[11Eh]
   1305	08E5  73 03				     jnc     loc_105		     ; Jump if carry=0
   1306	08E7  E8 0CAC				     call    clear_buffer
   1307	08EA			     loc_105:
   1308	08EA  58				     pop     ax
   1309	08EB  38 06 FF1A			     cmp     ds:data_211e,al
   1310	08EF  72 D5				     jb	     loc_104		     ; Jump if below
   1311	08F1  C6 06 FF1A 00			     mov     byte ptr ds:data_211e,0
   1312	08F6  C3				     retn
   1313	08F7			     player_multiply_2		     endp
   1314
   1315
   1316				     ;ßßßßßßßßßßßßßßßßßßßßßßßßßßßßßßßßßßßßßßßßßßßßßßßßßßßßßßßßßßßßßßßßßßßßßßßßßß
   1317				     ;				    SUBROUTINE
   1318				     ;ÜÜÜÜÜÜÜÜÜÜÜÜÜÜÜÜÜÜÜÜÜÜÜÜÜÜÜÜÜÜÜÜÜÜÜÜÜÜÜÜÜÜÜÜÜÜÜÜÜÜÜÜÜÜÜÜÜÜÜÜÜÜÜÜÜÜÜÜÜÜÜÜÜÜ
   1319
   1320	08F7			     fill_buffer	     proc    near
   1321	08F7  F7 06 FF18 0001			     test    word ptr ds:data_210e,1
   1322	08FD  75 01				     jnz     loc_106		     ; Jump if not zero
   1323	08FF  C3				     retn
   1324	0900			     loc_106:
   1325	0900  C6 06 FF75 0B			     mov     byte ptr ds:data_223e,0Bh
   1326	0905  2E: FF 16	2002			     call    word ptr cs:data_48e
   1327	090A  E8 002F				     call    player_process_loop
   1328	090D  2E: FF 16	A002			     call    word ptr cs:data_134e
   1329	0912  E8 0027				     call    player_process_loop
   1330	0915  2E: FF 16	2002			     call    word ptr cs:data_48e
   1331	091A  E8 018C				     call    player_func_23
   1332	091D  2E: FF 16	3002			     call    word ptr cs:data_68e
   1333	0922  0E				     push    cs
   1334	0923  07				     pop     es
   1335	0924  B0 FE				     mov     al,0FEh
   1336	0926  BF E000				     mov     di,data_146e
   1337	0929  B9 00E0				     mov     cx,0E0h
   1338	092C  F3> AA				     rep     stosb		     ; Rep when	cx >0 Store al to es:[di]
   1339	092E  E8 FF82				     call    player_func_14
   1340	0931  C6 06 FF1D 00			     mov     byte ptr ds:data_212e,0
   1341	0936  C6 06 FF1E 00			     mov     byte ptr ds:data_213e,0
   1342	093B  C3				     retn
   1343	093C			     fill_buffer	     endp
   1344
   1345
   1346				     ;ßßßßßßßßßßßßßßßßßßßßßßßßßßßßßßßßßßßßßßßßßßßßßßßßßßßßßßßßßßßßßßßßßßßßßßßßßß
   1347				     ;				    SUBROUTINE
   1348				     ;ÜÜÜÜÜÜÜÜÜÜÜÜÜÜÜÜÜÜÜÜÜÜÜÜÜÜÜÜÜÜÜÜÜÜÜÜÜÜÜÜÜÜÜÜÜÜÜÜÜÜÜÜÜÜÜÜÜÜÜÜÜÜÜÜÜÜÜÜÜÜÜÜÜÜ
   1349
   1350	093C			     player_process_loop	     proc    near
Turbo Assembler	 Version 2.01	     03/22/26 12:29:05	    Page 26
106PLADV.asm



   1351	093C  2E: 8E 06	FF2C			     mov     es,cs:data_160e
   1352	0941  BF C000				     mov     di,data_3e
   1353	0944  BE A000				     mov     si,data_206e
   1354	0947  B9 0800				     mov     cx,800h
   1355
   1356	094A			     locloop_107:
   1357	094A  26: 8B 05				     mov     ax,es:[di]
   1358	094D  A5				     movsw			     ; Mov [si]	to es:[di]
   1359	094E  89 44 FE				     mov     [si-2],ax
   1360	0951  E2 F7				     loop    locloop_107	     ; Loop if cx > 0
   1361
   1362	0953  C3				     retn
   1363	0954			     player_process_loop	     endp
   1364
   1365
   1366				     ;ßßßßßßßßßßßßßßßßßßßßßßßßßßßßßßßßßßßßßßßßßßßßßßßßßßßßßßßßßßßßßßßßßßßßßßßßßß
   1367				     ;				    SUBROUTINE
   1368				     ;ÜÜÜÜÜÜÜÜÜÜÜÜÜÜÜÜÜÜÜÜÜÜÜÜÜÜÜÜÜÜÜÜÜÜÜÜÜÜÜÜÜÜÜÜÜÜÜÜÜÜÜÜÜÜÜÜÜÜÜÜÜÜÜÜÜÜÜÜÜÜÜÜÜÜ
   1369
   1370	0954			     player_func_17	     proc    near
   1371	0954  A0 0083				     mov     al,byte ptr ds:[83h]
   1372	0957  3C 1B				     cmp     al,1Bh
   1373	0959  72 01				     jb	     loc_108		     ; Jump if below
   1374	095B  C3				     retn
   1375	095C			     loc_108:
   1376	095C  02 C0				     add     al,al
   1377	095E  02 C0				     add     al,al
   1378	0960  02 C0				     add     al,al
   1379	0962  04 05				     add     al,5
   1380	0964  32 E4				     xor     ah,ah		     ; Zero register
   1381	0966  05 E000				     add     ax,0E000h
   1382	0969  8B F8				     mov     di,ax
   1383	096B  0E				     push    cs
   1384	096C  07				     pop     es
   1385	096D  B0 FF				     mov     al,0FFh
   1386	096F  AA				     stosb			     ; Store al	to es:[di]
   1387	0970  AA				     stosb			     ; Store al	to es:[di]
   1388	0971  AA				     stosb			     ; Store al	to es:[di]
   1389	0972  83 C7 05				     add     di,5
   1390	0975  AA				     stosb			     ; Store al	to es:[di]
   1391	0976  AA				     stosb			     ; Store al	to es:[di]
   1392	0977  AA				     stosb			     ; Store al	to es:[di]
   1393	0978  C3				     retn
   1394	0979			     player_func_17	     endp
   1395
   1396
   1397				     ;ßßßßßßßßßßßßßßßßßßßßßßßßßßßßßßßßßßßßßßßßßßßßßßßßßßßßßßßßßßßßßßßßßßßßßßßßßß
   1398				     ;				    SUBROUTINE
   1399				     ;ÜÜÜÜÜÜÜÜÜÜÜÜÜÜÜÜÜÜÜÜÜÜÜÜÜÜÜÜÜÜÜÜÜÜÜÜÜÜÜÜÜÜÜÜÜÜÜÜÜÜÜÜÜÜÜÜÜÜÜÜÜÜÜÜÜÜÜÜÜÜÜÜÜÜ
   1400
   1401	0979			     player_func_18	     proc    near
   1402	0979  0E				     push    cs
   1403	097A  07				     pop     es
   1404	097B  33 C0				     xor     ax,ax		     ; Zero register
Turbo Assembler	 Version 2.01	     03/22/26 12:29:05	    Page 27
106PLADV.asm



   1405	097D  A0 0083				     mov     al,byte ptr ds:[83h]
   1406	0980  04 04				     add     al,4
   1407	0982  03 C0				     add     ax,ax
   1408	0984  03 C0				     add     ax,ax
   1409	0986  03 C0				     add     ax,ax
   1410	0988  05 0005				     add     ax,5
   1411	098B  03 06 FF2A			     add     ax,ds:data_159e
   1412	098F  50				     push    ax
   1413	0990  8B F0				     mov     si,ax
   1414	0992  BF 7C74				     mov     di,data_131e
   1415	0995  A5				     movsw			     ; Mov [si]	to es:[di]
   1416	0996  A4				     movsb			     ; Mov [si]	to es:[di]
   1417	0997  83 C6 05				     add     si,5
   1418	099A  B9 0003				     mov     cx,3
   1419	099D  A5				     movsw			     ; Mov [si]	to es:[di]
   1420	099E  A4				     movsb			     ; Mov [si]	to es:[di]
   1421	099F  33 D2				     xor     dx,dx		     ; Zero register
   1422	09A1  8A 16 0083			     mov     dl,byte ptr ds:[83h]
   1423	09A5  80 C2 04				     add     dl,4
   1424	09A8  03 16 0080			     add     dx,word ptr ds:[80h]
   1425	09AC  52				     push    dx
   1426	09AD  BE 7C74				     mov     si,data_205e
   1427	09B0  B9 0002				     mov     cx,2
   1428
   1429	09B3			     locloop_109:
   1430	09B3  56				     push    si
   1431	09B4  8A 04				     mov     al,[si]
   1432	09B6  3C FD				     cmp     al,0FDh
   1433	09B8  75 12				     jne     loc_111		     ; Jump if not equal
   1434	09BA  E8 00DB				     call    player_func_20
   1435	09BD			     loc_110:
   1436	09BD  8A 44 03				     mov     al,[si+3]
   1437	09C0  3C FD				     cmp     al,0FDh
   1438	09C2  75 08				     jne     loc_111		     ; Jump if not equal
   1439	09C4  83 C6 08				     add     si,8
   1440	09C7  E8 00D2				     call    player_func_21
   1441	09CA  EB F1				     jmp     short loc_110
   1442	09CC			     loc_111:
   1443	09CC  5E				     pop     si
   1444	09CD  88 04				     mov     [si],al
   1445	09CF  83 C6 03				     add     si,3
   1446	09D2  42				     inc     dx
   1447	09D3  E2 DE				     loop    locloop_109	     ; Loop if cx > 0
   1448
   1449	09D5  BE 7C74				     mov     si,data_131e
   1450	09D8  2E: FF 16	300E			     call    word ptr cs:data_74e
   1451	09DD  5A				     pop     dx
   1452	09DE  4A				     dec     dx
   1453	09DF  89 16 7C49			     mov     ds:data_108e,dx
   1454	09E3  5E				     pop     si
   1455	09E4  0E				     push    cs
   1456	09E5  07				     pop     es
   1457	09E6  BF 7C7A				     mov     di,data_132e
   1458	09E9  8A 44 F8				     mov     al,[si-8]
Turbo Assembler	 Version 2.01	     03/22/26 12:29:05	    Page 28
106PLADV.asm



   1459	09EC  AA				     stosb			     ; Store al	to es:[di]
   1460	09ED  8A 04				     mov     al,[si]
   1461	09EF  AA				     stosb			     ; Store al	to es:[di]
   1462	09F0  8A 44 08				     mov     al,[si+8]
   1463	09F3  AA				     stosb			     ; Store al	to es:[di]
   1464	09F4  8B 36 C00F			     mov     si,ds:data_142e
   1465	09F8			     loc_112:
   1466	09F8  E8 0080				     call    player_scan_loop_2
   1467	09FB  0A C0				     or	     al,al		     ; Zero ?
   1468	09FD  74 16				     jz	     loc_113		     ; Jump if zero
   1469	09FF  50				     push    ax
   1470	0A00  2E: FF 16	3014			     call    word ptr cs:data_77e
   1471	0A05  5B				     pop     bx
   1472	0A06  2E: 8E 06	FF2C			     mov     es,cs:data_160e
   1473	0A0B  56				     push    si
   1474	0A0C  BE 7C74				     mov     si,data_131e
   1475	0A0F  2E: FF 16	3010			     call    word ptr cs:data_75e
   1476	0A14  5E				     pop     si
   1477	0A15			     loc_113:
   1478	0A15  83 C6 08				     add     si,8
   1479				     ;*		     cmp     word ptr [si],0FFFFh
   1480	0A18  83 3C FF				     db	      83h, 3Ch,0FFh	     ;	Fixup -	byte match
   1481	0A1B  75 DB				     jnz     loc_112		     ; Jump if not zero
   1482	0A1D  BE 6A3B				     mov     si,6A3Bh
   1483	0A20  F6 06 00C2 01			     test    byte ptr ds:[0C2h],1
   1484	0A25  75 03				     jnz     loc_114		     ; Jump if not zero
   1485	0A27  BE 6A59				     mov     si,data_91e
   1486	0A2A			     loc_114:
   1487	0A2A  33 C0				     xor     ax,ax		     ; Zero register
   1488	0A2C  A0 00E7				     mov     al,byte ptr ds:[0E7h]
   1489	0A2F  03 C0				     add     ax,ax
   1490	0A31  8B D8				     mov     bx,ax
   1491	0A33  03 C0				     add     ax,ax
   1492	0A35  03 C3				     add     ax,bx
   1493	0A37  03 F0				     add     si,ax
   1494	0A39  2E: FF 16	3012			     call    word ptr cs:data_76e
   1495	0A3E  C3				     retn
   1496	0A3F			     player_func_18	     endp
   1497
   1498	0A3F  00 02 04 01 03 05			     db	      00h, 02h,	04h, 01h, 03h, 05h
   1499	0A45  06 08 0A 07 09 0B			     db	      06h, 08h,	0Ah, 07h, 09h, 0Bh
   1500	0A4B  00 0C 0E 01 0D 0F			     db	      00h, 0Ch,	0Eh, 01h, 0Dh, 0Fh
   1501	0A51  06 10 12 07 11 13			     db	      06h, 10h,	12h, 07h, 11h, 13h
   1502	0A57  14 16 18 15 17 19			     db	      14h, 16h,	18h, 15h, 17h, 19h
   1503	0A5D  1A 1C 1E 1B 1D 1F			     db	      1Ah, 1Ch,	1Eh, 1Bh, 1Dh, 1Fh
   1504	0A63  20 22 24 21 23 25			     db	      20h, 22h,	24h, 21h, 23h, 25h
   1505	0A69  1A				     db	      1Ah
   1506	0A6A  26 28 1B 27 29 20	2A+		     db	     '&(', 1Bh,	27h, ')	*,!+-'
   1507	      2C 21 2B 2D
   1508	0A75  14 16 18 15 17 19			     db	      14h, 16h,	18h, 15h, 17h, 19h
   1509
   1510				     ;ßßßßßßßßßßßßßßßßßßßßßßßßßßßßßßßßßßßßßßßßßßßßßßßßßßßßßßßßßßßßßßßßßßßßßßßßßß
   1511				     ;				    SUBROUTINE
   1512				     ;ÜÜÜÜÜÜÜÜÜÜÜÜÜÜÜÜÜÜÜÜÜÜÜÜÜÜÜÜÜÜÜÜÜÜÜÜÜÜÜÜÜÜÜÜÜÜÜÜÜÜÜÜÜÜÜÜÜÜÜÜÜÜÜÜÜÜÜÜÜÜÜÜÜÜ
Turbo Assembler	 Version 2.01	     03/22/26 12:29:05	    Page 29
106PLADV.asm



   1513
   1514	0A7B			     player_scan_loop_2		     proc    near
   1515	0A7B  B9 0003				     mov     cx,3
   1516	0A7E  8B 16 7C49			     mov     dx,ds:data_108e
   1517	0A82  BF 7C7A				     mov     di,data_132e
   1518
   1519	0A85			     locloop_115:
   1520	0A85  80 3D FD				     cmp     byte ptr [di],0FDh
   1521	0A88  75 07				     jne     loc_116		     ; Jump if not equal
   1522	0A8A  8A C1				     mov     al,cl
   1523	0A8C  3B 14				     cmp     dx,[si]
   1524	0A8E  75 01				     jne     loc_116		     ; Jump if not equal
   1525	0A90  C3				     retn
   1526	0A91			     loc_116:
   1527	0A91  47				     inc     di
   1528	0A92  42				     inc     dx
   1529	0A93  E2 F0				     loop    locloop_115	     ; Loop if cx > 0
   1530
   1531	0A95  32 C0				     xor     al,al		     ; Zero register
   1532	0A97  C3				     retn
   1533	0A98			     player_scan_loop_2		     endp
   1534
   1535
   1536				     ;ßßßßßßßßßßßßßßßßßßßßßßßßßßßßßßßßßßßßßßßßßßßßßßßßßßßßßßßßßßßßßßßßßßßßßßßßßß
   1537				     ;				    SUBROUTINE
   1538				     ;ÜÜÜÜÜÜÜÜÜÜÜÜÜÜÜÜÜÜÜÜÜÜÜÜÜÜÜÜÜÜÜÜÜÜÜÜÜÜÜÜÜÜÜÜÜÜÜÜÜÜÜÜÜÜÜÜÜÜÜÜÜÜÜÜÜÜÜÜÜÜÜÜÜÜ
   1539
   1540	0A98			     player_func_20	     proc    near
   1541	0A98  8B 36 C00F			     mov     si,ds:data_142e
   1542
   1543				     ;ßßßß External Entry into Subroutine ßßßßßßßßßßßßßßßßßßßßßßßßßßßßßßßßßßßßßß
   1544
   1545	0A9C			     player_func_21:
   1546	0A9C			     loc_117:
   1547	0A9C  3B 14				     cmp     dx,[si]
   1548	0A9E  75 01				     jne     loc_118		     ; Jump if not equal
   1549	0AA0  C3				     retn
   1550	0AA1			     loc_118:
   1551	0AA1  83 C6 08				     add     si,8
   1552	0AA4  EB F6				     jmp     short loc_117
   1553	0AA6			     player_func_20	     endp
   1554
   1555
   1556				     ;ßßßßßßßßßßßßßßßßßßßßßßßßßßßßßßßßßßßßßßßßßßßßßßßßßßßßßßßßßßßßßßßßßßßßßßßßßß
   1557				     ;				    SUBROUTINE
   1558				     ;ÜÜÜÜÜÜÜÜÜÜÜÜÜÜÜÜÜÜÜÜÜÜÜÜÜÜÜÜÜÜÜÜÜÜÜÜÜÜÜÜÜÜÜÜÜÜÜÜÜÜÜÜÜÜÜÜÜÜÜÜÜÜÜÜÜÜÜÜÜÜÜÜÜÜ
   1559
   1560	0AA6			     player_func_22	     proc    near
   1561	0AA6  E8 02F9				     call    player_func_32
   1562
   1563				     ;ßßßß External Entry into Subroutine ßßßßßßßßßßßßßßßßßßßßßßßßßßßßßßßßßßßßßß
   1564
   1565	0AA9			     player_func_23:
   1566	0AA9  A0 FF14				     mov     al,ds:data_208e
Turbo Assembler	 Version 2.01	     03/22/26 12:29:05	    Page 30
106PLADV.asm



   1567	0AAC  1E				     push    ds
   1568	0AAD  FF 1E 6AE9			     call    dword ptr ds:data_179e
   1569	0AB1  1F				     pop     ds
   1570	0AB2  C3				     retn
   1571	0AB3			     player_func_22	     endp
   1572
   1573
   1574				     ;ßßßßßßßßßßßßßßßßßßßßßßßßßßßßßßßßßßßßßßßßßßßßßßßßßßßßßßßßßßßßßßßßßßßßßßßßßß
   1575				     ;				    SUBROUTINE
   1576				     ;ÜÜÜÜÜÜÜÜÜÜÜÜÜÜÜÜÜÜÜÜÜÜÜÜÜÜÜÜÜÜÜÜÜÜÜÜÜÜÜÜÜÜÜÜÜÜÜÜÜÜÜÜÜÜÜÜÜÜÜÜÜÜÜÜÜÜÜÜÜÜÜÜÜÜ
   1577
   1578	0AB3			     player_load_chunk		     proc    near
   1579	0AB3  A0 7C45				     mov     al,ds:data_105e
   1580	0AB6  24 01				     and     al,1
   1581	0AB8  B1 0B				     mov     cl,0Bh
   1582	0ABA  F6 E1				     mul     cl			     ; ax = reg	* al
   1583	0ABC  8B F0				     mov     si,ax
   1584	0ABE  81 C6 6AD3			     add     si,6AD3h
   1585	0AC2  8C C8				     mov     ax,cs
   1586	0AC4  05 2000				     add     ax,2000h
   1587	0AC7  A3 6AEB				     mov     ds:data_92e,ax
   1588	0ACA  8E C0				     mov     es,ax
   1589	0ACC  BF 3300				     mov     di,3300h
   1590	0ACF  B0 03				     mov     al,3
   1591	0AD1  2E: FF 16	010C			     call    word ptr cs:[10Ch]
   1592	0AD6  C3				     retn
   1593	0AD7			     player_load_chunk		     endp
   1594
   1595										     ;*	No entry point to code
   1596	0AD7  01 09				     add     [bx+di],cx
   1597	0AD9  59				     pop     cx
   1598	0ADA  4D				     dec     bp
   1599	0ADB  50				     push    ax
   1600	0ADC  44				     inc     sp
   1601	0ADD  2E 42 49 4E 00 01			     db	      2Eh, 42h,	49h, 4Eh, 00h, 01h
   1602	0AE3  0A 43 4B 50 44 2E	42+		     db	     0Ah, 'CKPD.BIN'
   1603	      49 4E
   1604	0AEC  00 00 33 00 30			     db	      00h, 00h,	33h, 00h, 30h
   1605
   1606				     ;ßßßßßßßßßßßßßßßßßßßßßßßßßßßßßßßßßßßßßßßßßßßßßßßßßßßßßßßßßßßßßßßßßßßßßßßßßß
   1607				     ;				    SUBROUTINE
   1608				     ;ÜÜÜÜÜÜÜÜÜÜÜÜÜÜÜÜÜÜÜÜÜÜÜÜÜÜÜÜÜÜÜÜÜÜÜÜÜÜÜÜÜÜÜÜÜÜÜÜÜÜÜÜÜÜÜÜÜÜÜÜÜÜÜÜÜÜÜÜÜÜÜÜÜÜ
   1609
   1610	0AF1			     player_func_25	     proc    near
   1611	0AF1			     loc_119:
   1612	0AF1  8B 36 C015			     mov     si,ds:data_144e
   1613	0AF5			     loc_120:
   1614	0AF5  AD				     lodsw			     ; String [si] to ax
   1615	0AF6  8B D8				     mov     bx,ax
   1616	0AF8  22 C4				     and     al,ah
   1617	0AFA  FE C0				     inc     al
   1618	0AFC  75 01				     jnz     loc_121		     ; Jump if not zero
   1619	0AFE  C3				     retn
   1620	0AFF			     loc_121:
Turbo Assembler	 Version 2.01	     03/22/26 12:29:05	    Page 31
106PLADV.asm



   1621	0AFF  AC				     lodsb			     ; String [si] to al
   1622	0B00  22 07				     and     al,[bx]
   1623	0B02  75 0A				     jnz     loc_123		     ; Jump if not zero
   1624	0B04			     loc_122:
   1625	0B04  AD				     lodsw			     ; String [si] to ax
   1626	0B05  22 C4				     and     al,ah
   1627	0B07  FE C0				     inc     al
   1628	0B09  74 13				     jz	     loc_124		     ; Jump if zero
   1629	0B0B  46				     inc     si
   1630	0B0C  EB F6				     jmp     short loc_122
   1631	0B0E			     loc_123:
   1632	0B0E  AD				     lodsw			     ; String [si] to ax
   1633	0B0F  8B D8				     mov     bx,ax
   1634	0B11  22 C4				     and     al,ah
   1635	0B13  FE C0				     inc     al
   1636	0B15  74 07				     jz	     loc_124		     ; Jump if zero
   1637	0B17  8A 04				     mov     al,[si]
   1638	0B19  88 07				     mov     [bx],al
   1639	0B1B  46				     inc     si
   1640	0B1C  EB F0				     jmp     short loc_123
   1641	0B1E			     loc_124:
   1642	0B1E  EB D5				     jmp     short loc_120
   1643	0B20			     player_func_25	     endp
   1644
   1645
   1646				     ;ßßßßßßßßßßßßßßßßßßßßßßßßßßßßßßßßßßßßßßßßßßßßßßßßßßßßßßßßßßßßßßßßßßßßßßßßßß
   1647				     ;				    SUBROUTINE
   1648				     ;ÜÜÜÜÜÜÜÜÜÜÜÜÜÜÜÜÜÜÜÜÜÜÜÜÜÜÜÜÜÜÜÜÜÜÜÜÜÜÜÜÜÜÜÜÜÜÜÜÜÜÜÜÜÜÜÜÜÜÜÜÜÜÜÜÜÜÜÜÜÜÜÜÜÜ
   1649
   1650	0B20			     player_func_26	     proc    near
   1651	0B20  E8 012F				     call    player_func_28
   1652	0B23  8B 36 C00F			     mov     si,ds:data_142e
   1653	0B27  8B 14				     mov     dx,[si]
   1654				     ;*		     cmp     dx,0FFFFh
   1655	0B29  83 FA FF				     db	      83h,0FAh,0FFh	     ;	Fixup -	byte match
   1656	0B2C  75 03				     jnz     $+5		     ; Jump if not zero
   1657	0B2E  E9 00FE				     jmp     loc_136
   1658										     ;*	No entry point to code
   1659	0B31  8A 5C 05				     mov     bl,[si+5]
   1660	0B34  32 FF				     xor     bh,bh		     ; Zero register
   1661	0B36  03 DB				     add     bx,bx
   1662	0B38  8B 87 6B41			     mov     ax,word ptr ds:[6B41h][bx]
   1663	0B3C  FF D0				     call    ax			     ;*
   1664	0B3E  89 14				     mov     [si],dx
   1665	0B40  83 C6 08				     add     si,8
   1666	0B43  EB E2				     jmp     short $-1Ch
   1667										     ;*	No entry point to code
   1668	0B45  51				     push    cx
   1669	0B46  6B 6C 6B A6 6B B7			     db	      6Bh, 6Ch,	6Bh,0A6h, 6Bh,0B7h
   1670	0B4C  6B D2 6B EC 6B 19			     db	      6Bh,0D2h,	6Bh,0ECh, 6Bh, 19h
   1671	0B52  6C 2A 6C 80 4C 02			     db	      6Ch, 2Ah,	6Ch, 80h, 4Ch, 02h
   1672	0B58  80 8A 1E 83 00 80			     db	      80h, 8Ah,	1Eh, 83h, 00h, 80h
   1673	0B5E  C3 04 32 FF 03 1E			     db	     0C3h, 04h,	32h,0FFh, 03h, 1Eh
   1674	0B64  80 00 3B DA 72 6C			     db	      80h, 00h,	3Bh,0DAh, 72h, 6Ch
Turbo Assembler	 Version 2.01	     03/22/26 12:29:05	    Page 32
106PLADV.asm



   1675	0B6A  80 64 02 7F EB 66			     db	      80h, 64h,	02h, 7Fh,0EBh, 66h
   1676	0B70  8A 44 04 04 10 88			     db	      8Ah, 44h,	04h, 04h, 10h, 88h
   1677	0B76  44 04 8A E8 24 10			     db	      44h, 04h,	8Ah,0E8h, 24h, 10h
   1678	0B7C  74 01 C3				     db	      74h, 01h,0C3h
   1679	0B7F			     loc_125:
   1680	0B7F  FE C5				     inc     ch
   1681	0B81  80 E5 0F				     and     ch,0Fh
   1682	0B84  0A E8				     or	     ch,al
   1683	0B86  88 6C 04				     mov     [si+4],ch
   1684	0B89  8B 1E C011			     mov     bx,ds:data_143e
   1685	0B8D  F6 44 02 80			     test    byte ptr [si+2],80h
   1686	0B91  74 0B				     jz	     loc_127		     ; Jump if zero
   1687	0B93  4A				     dec     dx
   1688	0B94  39 17				     cmp     [bx],dx
   1689	0B96  73 01				     jae     loc_126		     ; Jump if above or	=
   1690	0B98  C3				     retn
   1691	0B99			     loc_126:
   1692	0B99  80 64 02 7F			     and     byte ptr [si+2],7Fh
   1693	0B9D  C3				     retn
   1694	0B9E			     loc_127:
   1695	0B9E  42				     inc     dx
   1696	0B9F  39 57 02				     cmp     [bx+2],dx
   1697	0BA2  72 01				     jb	     loc_128		     ; Jump if below
   1698	0BA4  C3				     retn
   1699	0BA5			     loc_128:
   1700	0BA5  80 4C 02 80			     or	     byte ptr [si+2],80h
   1701	0BA9  C3				     retn
   1702										     ;*	No entry point to code
   1703	0BAA  8A 44 04				     mov     al,[si+4]
   1704	0BAD  04 10				     add     al,10h
   1705	0BAF  88 44 04				     mov     [si+4],al
   1706	0BB2  8A E8				     mov     ch,al
   1707	0BB4  24 30				     and     al,30h		     ; '0'
   1708	0BB6  74 01				     jz	     loc_129		     ; Jump if zero
   1709	0BB8  C3				     retn
   1710	0BB9			     loc_129:
   1711	0BB9  EB C4				     jmp     short loc_125
   1712										     ;*	No entry point to code
   1713	0BBB  80 4C 02 80			     or	     byte ptr [si+2],80h
   1714	0BBF  8A 1E 0083			     mov     bl,byte ptr ds:[83h]
   1715	0BC3  80 C3 04				     add     bl,4
   1716	0BC6  32 FF				     xor     bh,bh		     ; Zero register
   1717	0BC8  03 1E 0080			     add     bx,word ptr ds:[80h]
   1718	0BCC  3B DA				     cmp     bx,dx
   1719	0BCE  73 01				     jae     loc_130		     ; Jump if above or	=
   1720	0BD0  C3				     retn
   1721	0BD1			     loc_130:
   1722	0BD1  80 64 02 7F			     and     byte ptr [si+2],7Fh
   1723	0BD5  C3				     retn
   1724										     ;*	No entry point to code
   1725	0BD6  8A 44 04				     mov     al,[si+4]
   1726	0BD9  04 10				     add     al,10h
   1727	0BDB  88 44 04				     mov     [si+4],al
   1728	0BDE  8A E8				     mov     ch,al
Turbo Assembler	 Version 2.01	     03/22/26 12:29:05	    Page 33
106PLADV.asm



   1729	0BE0  24 30				     and     al,30h		     ; '0'
   1730	0BE2  74 01				     jz	     loc_131		     ; Jump if zero
   1731	0BE4  C3				     retn
   1732	0BE5			     loc_131:
   1733	0BE5  FE C5				     inc     ch
   1734	0BE7  80 E5 01				     and     ch,1
   1735	0BEA  0A C5				     or	     al,ch
   1736	0BEC  88 44 04				     mov     [si+4],al
   1737	0BEF  C3				     retn
   1738										     ;*	No entry point to code
   1739	0BF0  8A 44 04				     mov     al,[si+4]
   1740	0BF3  04 10				     add     al,10h
   1741	0BF5  88 44 04				     mov     [si+4],al
   1742	0BF8  8A E8				     mov     ch,al
   1743	0BFA  24 10				     and     al,10h
   1744	0BFC  74 01				     jz	     loc_132		     ; Jump if zero
   1745	0BFE  C3				     retn
   1746	0BFF			     loc_132:
   1747	0BFF  FE C5				     inc     ch
   1748	0C01  80 E5 0F				     and     ch,0Fh
   1749	0C04  0A E8				     or	     ch,al
   1750	0C06  88 6C 04				     mov     [si+4],ch
   1751	0C09  80 E5 07				     and     ch,7
   1752	0C0C  75 05				     jnz     loc_133		     ; Jump if not zero
   1753	0C0E  80 74 02 80			     xor     byte ptr [si+2],80h
   1754	0C12  C3				     retn
   1755	0C13			     loc_133:
   1756	0C13  F6 44 02 80			     test    byte ptr [si+2],80h
   1757	0C17  74 02				     jz	     loc_134		     ; Jump if zero
   1758	0C19  4A				     dec     dx
   1759	0C1A  C3				     retn
   1760	0C1B			     loc_134:
   1761	0C1B  42				     inc     dx
   1762	0C1C  C3				     retn
   1763										     ;*	No entry point to code
   1764	0C1D  8A 44 04				     mov     al,[si+4]
   1765	0C20  04 10				     add     al,10h
   1766	0C22  88 44 04				     mov     [si+4],al
   1767	0C25  8A E8				     mov     ch,al
   1768	0C27  24 30				     and     al,30h		     ; '0'
   1769	0C29  74 01				     jz	     loc_135		     ; Jump if zero
   1770	0C2B  C3				     retn
   1771	0C2C			     loc_135:
   1772	0C2C  EB D1				     jmp     short loc_132
   1773	0C2E  C3				     db	     0C3h
   1774
   1775				     ;ßßßß External Entry into Subroutine ßßßßßßßßßßßßßßßßßßßßßßßßßßßßßßßßßßßßßß
   1776
   1777	0C2F			     player_func_27:
   1778	0C2F			     loc_136:
   1779	0C2F  8B 36 C00F			     mov     si,ds:data_142e
   1780	0C33			     loc_137:
   1781	0C33  8B 1C				     mov     bx,[si]
   1782				     ;*		     cmp     bx,0FFFFh
Turbo Assembler	 Version 2.01	     03/22/26 12:29:05	    Page 34
106PLADV.asm



   1783	0C35  83 FB FF				     db	      83h,0FBh,0FFh	     ;	Fixup -	byte match
   1784	0C38  75 01				     jnz     loc_138		     ; Jump if not zero
   1785	0C3A  C3				     retn
   1786	0C3B			     loc_138:
   1787	0C3B  03 DB				     add     bx,bx
   1788	0C3D  03 DB				     add     bx,bx
   1789	0C3F  03 DB				     add     bx,bx
   1790	0C41  8A 87 C01C			     mov     al,ds:data_145e[bx]
   1791	0C45  C6 87 C01C FD			     mov     byte ptr ds:data_145e[bx],0FDh
   1792	0C4A  88 44 03				     mov     [si+3],al
   1793	0C4D  83 C6 08				     add     si,8
   1794	0C50  EB E1				     jmp     short loc_137
   1795	0C52			     player_func_26	     endp
   1796
   1797
   1798				     ;ßßßßßßßßßßßßßßßßßßßßßßßßßßßßßßßßßßßßßßßßßßßßßßßßßßßßßßßßßßßßßßßßßßßßßßßßßß
   1799				     ;				    SUBROUTINE
   1800				     ;ÜÜÜÜÜÜÜÜÜÜÜÜÜÜÜÜÜÜÜÜÜÜÜÜÜÜÜÜÜÜÜÜÜÜÜÜÜÜÜÜÜÜÜÜÜÜÜÜÜÜÜÜÜÜÜÜÜÜÜÜÜÜÜÜÜÜÜÜÜÜÜÜÜÜ
   1801
   1802	0C52			     player_func_28	     proc    near
   1803	0C52  8B 36 C00F			     mov     si,ds:data_142e
   1804	0C56			     loc_139:
   1805	0C56  8B 1C				     mov     bx,[si]
   1806				     ;*		     cmp     bx,0FFFFh
   1807	0C58  83 FB FF				     db	      83h,0FBh,0FFh	     ;	Fixup -	byte match
   1808	0C5B  75 01				     jnz     loc_140		     ; Jump if not zero
   1809	0C5D  C3				     retn
   1810	0C5E			     loc_140:
   1811	0C5E  8A 44 03				     mov     al,[si+3]
   1812	0C61  3C FD				     cmp     al,0FDh
   1813	0C63  74 0C				     je	     loc_141		     ; Jump if equal
   1814	0C65  03 DB				     add     bx,bx
   1815	0C67  03 DB				     add     bx,bx
   1816	0C69  03 DB				     add     bx,bx
   1817	0C6B  81 C3 C01C			     add     bx,data_145e
   1818	0C6F  88 07				     mov     [bx],al
   1819	0C71			     loc_141:
   1820	0C71  83 C6 08				     add     si,8
   1821	0C74  EB E0				     jmp     short loc_139
   1822	0C76			     player_func_28	     endp
   1823
   1824
   1825				     ;ßßßßßßßßßßßßßßßßßßßßßßßßßßßßßßßßßßßßßßßßßßßßßßßßßßßßßßßßßßßßßßßßßßßßßßßßßß
   1826				     ;				    SUBROUTINE
   1827				     ;ÜÜÜÜÜÜÜÜÜÜÜÜÜÜÜÜÜÜÜÜÜÜÜÜÜÜÜÜÜÜÜÜÜÜÜÜÜÜÜÜÜÜÜÜÜÜÜÜÜÜÜÜÜÜÜÜÜÜÜÜÜÜÜÜÜÜÜÜÜÜÜÜÜÜ
   1828
   1829	0C76			     player_func_29	     proc    near
   1830	0C76  BE 6C93				     mov     si,data_93e
   1831	0C79  2E: FF 16	200E			     call    word ptr cs:data_52e
   1832	0C7E  BE 6C9B				     mov     si,data_94e
   1833	0C81  2E: FF 16	200E			     call    word ptr cs:data_52e
   1834	0C86  BE 6CA4				     mov     si,data_95e
   1835	0C89  2E: FF 16	200E			     call    word ptr cs:data_52e
   1836	0C8E  BE 6CAC				     mov     si,data_96e
Turbo Assembler	 Version 2.01	     03/22/26 12:29:05	    Page 35
106PLADV.asm



   1837	0C91  2E: FF 16	200E			     call    word ptr cs:data_52e
   1838	0C96  C3				     retn
   1839	0C97			     player_func_29	     endp
   1840
   1841										     ;*	No entry point to code
   1842	0C97  0E				     push    cs
   1843	0C98  A3 0400				     mov     word ptr ds:[400h],ax
   1844	0C9B  4C				     dec     sp
   1845	0C9C  49				     dec     cx
   1846	0C9D  46				     inc     si
   1847	0C9E  45				     inc     bp
   1848	0C9F  1E				     push    ds
   1849	0CA0  BB 0503				     mov     bx,503h
   1850	0CA3  41				     inc     cx
   1851	0CA4  4C				     dec     sp
   1852	0CA5  4D				     dec     bp
   1853	0CA6  41				     inc     cx
   1854	0CA7  53				     push    bx
   1855	0CA8  0D 01BB				     or	     ax,1BBh
   1856	0CAB  04 47				     add     al,47h		     ; 'G'
   1857	0CAD  4F				     dec     di
   1858	0CAE  4C				     dec     sp
   1859	0CAF  44				     inc     sp
   1860	0CB0  0D 01AF				     or	     ax,1AFh
   1861	0CB3  05 4C50				     add     ax,4C50h
   1862	0CB6  41				     inc     cx
   1863	0CB7  43				     inc     bx
   1864	0CB8  45				     inc     bp
   1865
   1866				     ;ßßßßßßßßßßßßßßßßßßßßßßßßßßßßßßßßßßßßßßßßßßßßßßßßßßßßßßßßßßßßßßßßßßßßßßßßßß
   1867				     ;				    SUBROUTINE
   1868				     ;ÜÜÜÜÜÜÜÜÜÜÜÜÜÜÜÜÜÜÜÜÜÜÜÜÜÜÜÜÜÜÜÜÜÜÜÜÜÜÜÜÜÜÜÜÜÜÜÜÜÜÜÜÜÜÜÜÜÜÜÜÜÜÜÜÜÜÜÜÜÜÜÜÜÜ
   1869
   1870	0CB9			     player_func_30	     proc    near
   1871	0CB9  A0 0083				     mov     al,ds:data_177e
   1872	0CBC  FE C0				     inc     al
   1873	0CBE  75 39				     jnz     loc_145		     ; Jump if not zero
   1874	0CC0  E8 FF8F				     call    player_func_28
   1875	0CC3  C6 06 FF1A 28			     mov     byte ptr ds:data_211e,28h	     ; '('
   1876	0CC8  E8 FBE8				     call    player_func_14
   1877	0CCB  8B 36 C007			     mov     si,ds:data_207e
   1878	0CCF			     loc_142:
   1879	0CCF  F6 04 01				     test    byte ptr [si],1
   1880	0CD2  75 05				     jnz     loc_143		     ; Jump if not zero
   1881	0CD4  83 C6 04				     add     si,4
   1882	0CD7  EB F6				     jmp     short loc_142
   1883	0CD9			     loc_143:
   1884	0CD9  AC				     lodsb			     ; String [si] to al
   1885	0CDA  8A E0				     mov     ah,al
   1886	0CDC  AC				     lodsb			     ; String [si] to al
   1887	0CDD  80 E4 FE				     and     ah,0FEh
   1888	0CE0  74 03				     jz	     loc_144		     ; Jump if zero
   1889				     ;*		     jmp     loc_160		     ;*
   1890	0CE2  E9 17 03				     db	     0E9h, 17h,	03h	     ;	Fixup -	byte match
Turbo Assembler	 Version 2.01	     03/22/26 12:29:05	    Page 36
106PLADV.asm



   1891	0CE5			     loc_144:
   1892	0CE5  E8 004C				     call    player_func_31
   1893	0CE8  C6 06 0083 1A			     mov     byte ptr ds:[83h],1Ah
   1894	0CED  A1 C002				     mov     ax,ds:data_137e
   1895	0CF0  2D 0024				     sub     ax,24h
   1896	0CF3  A3 0080				     mov     word ptr ds:[80h],ax
   1897	0CF6  E9 F3C2				     jmp     loc_8
   1898	0CF9			     loc_145:
   1899	0CF9  3C 1C				     cmp     al,1Ch
   1900	0CFB  74 01				     je	     loc_146		     ; Jump if equal
   1901	0CFD  C3				     retn
   1902	0CFE			     loc_146:
   1903	0CFE  E8 FF51				     call    player_func_28
   1904	0D01  C6 06 FF1A 28			     mov     byte ptr ds:data_153e,28h	     ; '('
   1905	0D06  E8 FBAA				     call    player_func_14
   1906	0D09  8B 36 C007			     mov     si,ds:data_139e
   1907	0D0D			     loc_147:
   1908	0D0D  F6 04 01				     test    byte ptr [si],1
   1909	0D10  74 05				     jz	     loc_148		     ; Jump if zero
   1910	0D12  83 C6 04				     add     si,4
   1911	0D15  EB F6				     jmp     short loc_147
   1912	0D17			     loc_148:
   1913	0D17  AC				     lodsb			     ; String [si] to al
   1914	0D18  8A E0				     mov     ah,al
   1915	0D1A  AC				     lodsb			     ; String [si] to al
   1916	0D1B  80 E4 FE				     and     ah,0FEh
   1917	0D1E  74 03				     jz	     loc_149		     ; Jump if zero
   1918				     ;*		     jmp     loc_160		     ;*
   1919	0D20  E9 D9 02				     db	     0E9h,0D9h,	02h	     ;	Fixup -	byte match
   1920	0D23			     loc_149:
   1921	0D23  E8 000E				     call    player_func_31
   1922	0D26  C6 06 0083 00			     mov     byte ptr ds:[83h],0
   1923	0D2B  C7 06 0080 0000			     mov     word ptr ds:[80h],0
   1924	0D31  E9 F387				     jmp     loc_8
   1925
   1926				     ;ßßßß External Entry into Subroutine ßßßßßßßßßßßßßßßßßßßßßßßßßßßßßßßßßßßßßß
   1927
   1928	0D34			     player_func_31:
   1929	0D34  0C 80				     or	     al,80h
   1930	0D36  A2 00C4				     mov     byte ptr ds:[0C4h],al
   1931	0D39  AD				     lodsw			     ; String [si] to ax
   1932	0D3A  50				     push    ax
   1933	0D3B  8A 26 00C4			     mov     ah,byte ptr ds:[0C4h]
   1934	0D3F  B0 01				     mov     al,1
   1935	0D41  2E: FF 16	010C			     call    word ptr cs:[10Ch]
   1936	0D46  58				     pop     ax
   1937	0D47  50				     push    ax
   1938	0D48  B1 0B				     mov     cl,0Bh
   1939	0D4A  F6 E1				     mul     cl			     ; ax = reg	* al
   1940	0D4C  8B F0				     mov     si,ax
   1941	0D4E  81 C6 6D88			     add     si,data_97e
   1942	0D52  2E: 8E 06	FF2C			     mov     es,cs:data_160e
   1943	0D57  BF 4000				     mov     di,4000h
   1944	0D5A  B0 02				     mov     al,2
Turbo Assembler	 Version 2.01	     03/22/26 12:29:05	    Page 37
106PLADV.asm



   1945	0D5C  2E: FF 16	010C			     call    word ptr cs:[10Ch]
   1946	0D61  1E				     push    ds
   1947	0D62  2E: 8E 1E	FF2C			     mov     ds,cs:data_160e
   1948	0D67  BE 4100				     mov     si,data_1e
   1949	0D6A  8C C8				     mov     ax,cs
   1950	0D6C  05 2000				     add     ax,2000h
   1951	0D6F  8E C0				     mov     es,ax
   1952	0D71  BF 7000				     mov     di,7000h
   1953	0D74  B9 00A0				     mov     cx,0A0h
   1954	0D77  2E: FF 16	3026			     call    word ptr cs:data_84e
   1955	0D7C  1F				     pop     ds
   1956	0D7D  58				     pop     ax
   1957	0D7E  3A 26 7C46			     cmp     ah,ds:data_106e
   1958	0D82  74 07				     je	     loc_ret_150	     ; Jump if equal
   1959	0D84  88 26 7C46			     mov     ds:data_106e,ah
   1960	0D88  E8 0017				     call    player_func_32
   1961
   1962	0D8B			     loc_ret_150:
   1963	0D8B  C3				     retn
   1964										     ;*	No entry point to code
   1965	0D8C  01 1E 4D4D			     add     ds:data_86e,bx
   1966	0D90  41				     inc     cx
   1967	0D91  4E				     dec     si
   1968	0D92  2E 47 52 50 00 01			     db	      2Eh, 47h,	52h, 50h, 00h, 01h
   1969	0D98  1F				     db	      1Fh
   1970	0D99  43 4D 41 4E 2E 47	52+		     db	     'CMAN.GRP'
   1971	      50
   1972	0DA1  00				     db	     0
   1973
   1974				     ;ßßßß External Entry into Subroutine ßßßßßßßßßßßßßßßßßßßßßßßßßßßßßßßßßßßßßß
   1975
   1976	0DA2			     player_func_32:
   1977	0DA2  B0 0B				     mov     al,0Bh
   1978	0DA4  F6 26 7C46			     mul     byte ptr ds:data_106e   ; ax = data * al
   1979	0DA8  05 6DCE				     add     ax,6DCEh
   1980	0DAB  8B F0				     mov     si,ax
   1981	0DAD  2E: 8E 06	FF2C			     mov     es,cs:data_160e
   1982	0DB2  BF 8000				     mov     di,8000h
   1983	0DB5  B0 02				     mov     al,2
   1984	0DB7  2E: FF 16	010C			     call    word ptr cs:[10Ch]
   1985	0DBC  26: 81 05	8000			     add     word ptr es:[di],8000h
   1986	0DC1  26: 81 45	02 8000			     add     word ptr es:[di+2],8000h
   1987	0DC7  26: 81 45	04 8000			     add     word ptr es:[di+4],8000h
   1988	0DCD  2E: FF 26	3024			     jmp     word ptr cs:data_83e
   1989										     ;*	No entry point to code
   1990	0DD2  01 22				     add     [bp+si],sp
   1991	0DD4  43				     inc     bx
   1992	0DD5  50				     push    ax
   1993	0DD6  41				     inc     cx
   1994	0DD7  54				     push    sp
   1995	0DD8  2E 47 52 50 00 01			     db	      2Eh, 47h,	52h, 50h, 00h, 01h
   1996	0DDE  23 4D 50 41 54 2E	47+		     db	     '#MPAT.GRP'
   1997	      52 50
   1998	0DE7  00 01				     db	     0,	1
Turbo Assembler	 Version 2.01	     03/22/26 12:29:05	    Page 38
106PLADV.asm



   1999	0DE9  24				     db	     '$'
   2000	0DEA  44 50 41 54 2E 47	52+		     db	     'DPAT.GRP'
   2001	      50
   2002	0DF2  00				     db	     0
   2003
   2004				     ;ßßßß External Entry into Subroutine ßßßßßßßßßßßßßßßßßßßßßßßßßßßßßßßßßßßßßß
   2005
   2006	0DF3			     player_func_33:
   2007	0DF3  2E: 8E 06	FF2C			     mov     es,cs:data_160e
   2008	0DF8  BE 6E1E				     mov     si,6E1Eh
   2009	0DFB  BF 6000				     mov     di,6000h
   2010	0DFE  B0 02				     mov     al,2
   2011	0E00  2E: FF 16	010C			     call    word ptr cs:[10Ch]
   2012	0E05  1E				     push    ds
   2013	0E06  2E: 8E 1E	FF2C			     mov     ds,cs:data_160e
   2014	0E0B  BE 6000				     mov     si,6000h
   2015	0E0E  8C C8				     mov     ax,cs
   2016	0E10  05 2000				     add     ax,2000h
   2017	0E13  8E C0				     mov     es,ax
   2018	0E15  BF 8000				     mov     di,8000h
   2019	0E18  B9 002E				     mov     cx,2Eh
   2020	0E1B  2E: FF 16	3026			     call    word ptr cs:data_84e
   2021	0E20  1F				     pop     ds
   2022	0E21  C3				     retn
   2023										     ;*	No entry point to code
   2024	0E22  01 20				     add     [bx+si],sp
   2025	0E24  54				     push    sp
   2026	0E25  4D				     dec     bp
   2027	0E26  41				     inc     cx
   2028	0E27  4E				     dec     si
   2029	0E28  2E 47 52 50 00			     db	      2Eh, 47h,	52h, 50h, 00h
   2030	0E2D			     loc_151:
   2031	0E2D  80 0E 00E7 01			     or	     byte ptr ds:[0E7h],1
   2032	0E32  A1 0080				     mov     ax,word ptr ds:[80h]
   2033	0E35  8A 1E 0083			     mov     bl,byte ptr ds:[83h]
   2034	0E39  32 FF				     xor     bh,bh		     ; Zero register
   2035	0E3B  03 C3				     add     ax,bx
   2036	0E3D  05 0004				     add     ax,4
   2037	0E40  8B 36 C009			     mov     si,ds:data_140e
   2038	0E44			     loc_152:
   2039				     ;*		     cmp     word ptr [si],0FFFFh
   2040	0E44  83 3C FF				     db	      83h, 3Ch,0FFh	     ;	Fixup -	byte match
   2041	0E47  75 01				     jnz     loc_153		     ; Jump if not zero
   2042	0E49  C3				     retn
   2043	0E4A			     loc_153:
   2044	0E4A  39 04				     cmp     [si],ax
   2045	0E4C  74 11				     je	     loc_154		     ; Jump if equal
   2046	0E4E  40				     inc     ax
   2047	0E4F  39 04				     cmp     [si],ax
   2048	0E51  74 0C				     je	     loc_154		     ; Jump if equal
   2049	0E53  48				     dec     ax
   2050	0E54  48				     dec     ax
   2051	0E55  39 04				     cmp     [si],ax
   2052	0E57  74 06				     je	     loc_154		     ; Jump if equal
Turbo Assembler	 Version 2.01	     03/22/26 12:29:05	    Page 39
106PLADV.asm



   2053	0E59  40				     inc     ax
   2054	0E5A  83 C6 03				     add     si,3
   2055	0E5D  EB E5				     jmp     short loc_152
   2056	0E5F			     loc_154:
   2057	0E5F  C6 06 00E7 04			     mov     byte ptr ds:[0E7h],4
   2058	0E64  56				     push    si
   2059	0E65  E8 FDEA				     call    player_func_28
   2060	0E68  C6 06 FF1A 28			     mov     byte ptr ds:data_153e,28h	     ; '('
   2061	0E6D  E8 FA43				     call    player_func_14
   2062	0E70  5E				     pop     si
   2063	0E71  8A 44 02				     mov     al,[si+2]
   2064	0E74  3C FF				     cmp     al,0FFh
   2065	0E76  75 03				     jne     loc_155		     ; Jump if not equal
   2066	0E78  E9 0100				     jmp     loc_157
   2067	0E7B			     loc_155:
   2068	0E7B  2C 08				     sub     al,8
   2069	0E7D  72 03				     jc	     loc_156		     ; Jump if carry Set
   2070				     ;*		     jmp     loc_160		     ;*
   2071	0E7F  E9 7A 01				     db	     0E9h, 7Ah,	01h	     ;	Fixup -	byte match
   2072	0E82			     loc_156:
   2073	0E82  C6 06 FF24 04			     mov     byte ptr ds:data_156e,4
   2074	0E87  8A 5C 02				     mov     bl,[si+2]
   2075	0E8A  B0 0E				     mov     al,0Eh
   2076	0E8C  F6 E3				     mul     bl			     ; ax = reg	* al
   2077	0E8E  05 6F07				     add     ax,6F07h
   2078	0E91  8B F0				     mov     si,ax
   2079	0E93  0E				     push    cs
   2080	0E94  07				     pop     es
   2081	0E95  BF A000				     mov     di,0A000h
   2082	0E98  B0 03				     mov     al,3
   2083	0E9A  2E: FF 16	010C			     call    word ptr cs:[10Ch]
   2084	0E9F  2E: FF 16	2040			     call    word ptr cs:data_65e
   2085	0EA4  B8 0001				     mov     ax,1
   2086	0EA7  CD 60				     int     60h		     ; ??INT Non-standard interrupt
   2087	0EA9  C6 06 7C42 FF			     mov     byte ptr ds:data_102e,0FFh
   2088	0EAE  2E: FF 16	A000			     call    word ptr cs:data_133e
   2089	0EB3  2E: FF 16	2002			     call    word ptr cs:data_48e
   2090	0EB8  C6 06 7C42 00			     mov     byte ptr ds:data_102e,0
   2091	0EBD  2E: FF 16	2012			     call    word ptr cs:data_54e
   2092	0EC2  E8 FDB1				     call    player_func_29
   2093	0EC5  8B 36 C004			     mov     si,ds:data_138e
   2094	0EC9  2E: FF 16	2010			     call    word ptr cs:data_53e
   2095	0ECE  E8 FBD5				     call    player_func_22
   2096	0ED1  2E: FF 16	3002			     call    word ptr cs:data_68e
   2097	0ED6  0E				     push    cs
   2098	0ED7  07				     pop     es
   2099	0ED8  B0 FE				     mov     al,0FEh
   2100	0EDA  BF E000				     mov     di,data_146e
   2101	0EDD  B9 00E0				     mov     cx,0E0h
   2102	0EE0  F3> AA				     rep     stosb		     ; Rep when	cx >0 Store al to es:[di]
   2103	0EE2  E8 FC0C				     call    player_func_25
   2104	0EE5  C6 06 FF1A 28			     mov     byte ptr ds:data_153e,28h	     ; '('
   2105	0EEA  E8 F9C6				     call    player_func_14
   2106	0EED  C6 06 FF1D 00			     mov     byte ptr ds:data_154e,0
Turbo Assembler	 Version 2.01	     03/22/26 12:29:05	    Page 40
106PLADV.asm



   2107	0EF2  C6 06 FF1E 00			     mov     byte ptr ds:data_155e,0
   2108	0EF7  C6 06 00E7 01			     mov     byte ptr ds:[0E7h],1
   2109	0EFC  1E				     push    ds
   2110	0EFD  2E: 8E 1E	FF2C			     mov     ds,cs:data_160e
   2111	0F02  BE 3000				     mov     si,3000h
   2112	0F05  33 C0				     xor     ax,ax		     ; Zero register
   2113	0F07  CD 60				     int     60h		     ; ??INT Non-standard interrupt
   2114	0F09  1F				     pop     ds
   2115	0F0A  C3				     retn
   2116										     ;*	No entry point to code
   2117	0F0B  01 0B				     add     [bp+di],cx
   2118	0F0D  4B				     dec     bx
   2119	0F0E  49				     dec     cx
   2120	0F0F  4E				     dec     si
   2121	0F10  47				     inc     di
   2122	0F11  50				     push    ax
   2123	0F12  52				     push    dx
   2124	0F13  4F				     dec     di
   2125	0F14  2E 42 49 4E 00 01			     db	      2Eh, 42h,	49h, 4Eh, 00h, 01h
   2126	0F1A  0C 4F 4D 4F 59 50	52+		     db	     0Ch, 'OMOYPRO.BIN'
   2127	      4F 2E 42 49 4E
   2128	0F26  00 01 12				     db	      00h, 01h,	12h
   2129	0F29  4B 45 4E 4A 50 52	4F+		     db	     'KENJPRO.BIN'
   2130	      2E 42 49 4E
   2131	0F34  00 01				     db	     0,	1
   2132	0F36  0D 41 52 4D 52 50	52+		     db	     0Dh, 'ARMRPRO.BIN'
   2133	      4F 2E 42 49 4E
   2134	0F42  00 01 10				     db	      00h, 01h,	10h
   2135	0F45  44 52 55 47 50 52	4F+		     db	     'DRUGPRO.BIN'
   2136	      2E 42 49 4E
   2137	0F50  00 01 0F				     db	      00h, 01h,	0Fh
   2138	0F53  43 48 55 52 50 52	4F+		     db	     'CHURPRO.BIN'
   2139	      2E 42 49 4E
   2140	0F5E  00 01 0E				     db	      00h, 01h,	0Eh
   2141	0F61  42 41 4E 4B 50 52	4F+		     db	     'BANKPRO.BIN'
   2142	      2E 42 49 4E
   2143	0F6C  00 01 11				     db	      00h, 01h,	11h
   2144	0F6F  49 4E 4E 41 50 52	4F+		     db	     'INNAPRO.BIN'
   2145	      2E 42 49 4E
   2146	0F7A  00				     db	     0
   2147	0F7B			     loc_157:
   2148	0F7B  C6 06 00E7 04			     mov     byte ptr ds:[0E7h],4
   2149	0F80  E8 F930				     call    player_func_14
   2150	0F83  F6 06 0045 80			     test    byte ptr ds:[45h],80h
   2151	0F88  75 17				     jnz     loc_158		     ; Jump if not zero
   2152	0F8A  C6 06 7C5C FF			     mov     byte ptr ds:data_121e,0FFh
   2153	0F8F  B8 0918				     mov     ax,918h
   2154	0F92  32 DB				     xor     bl,bl		     ; Zero register
   2155	0F94  E8 F437				     call    player_func_5
   2156	0F97  C6 06 7C5C 00			     mov     byte ptr ds:data_121e,0
   2157	0F9C  80 0E 0045 80			     or	     byte ptr ds:[45h],80h
   2158	0FA1			     loc_158:
   2159	0FA1  C6 06 FF24 04			     mov     byte ptr ds:data_156e,4
   2160	0FA6  B4 86				     mov     ah,86h
Turbo Assembler	 Version 2.01	     03/22/26 12:29:05	    Page 41
106PLADV.asm



   2161	0FA8  88 26 00C4			     mov     byte ptr ds:[0C4h],ah
   2162	0FAC  B0 01				     mov     al,1
   2163	0FAE  2E: FF 16	010C			     call    word ptr cs:[10Ch]
   2164	0FB3  BE 6D88				     mov     si,data_97e
   2165	0FB6  2E: 8E 06	FF2C			     mov     es,cs:data_160e
   2166	0FBB  BF 4000				     mov     di,4000h
   2167	0FBE  B0 02				     mov     al,2
   2168	0FC0  2E: FF 16	010C			     call    word ptr cs:[10Ch]
   2169	0FC5			     loc_159:
   2170	0FC5  F6 06 FF26 FF			     test    byte ptr ds:data_157e,0FFh
   2171	0FCA  74 F9				     jz	     loc_159		     ; Jump if zero
   2172	0FCC  BE 6FED				     mov     si,data_98e
   2173	0FCF  2E: 8E 06	FF2C			     mov     es,cs:data_160e
   2174	0FD4  BF 3000				     mov     di,3000h
   2175	0FD7  B0 05				     mov     al,5
   2176	0FD9  2E: FF 16	010C			     call    word ptr cs:[10Ch]
   2177	0FDE  C7 06 0080 0084			     mov     word ptr ds:[80h],84h
   2178	0FE4  C6 06 0083 0D			     mov     byte ptr ds:[83h],0Dh
   2179	0FE9  2E: FF 16	2040			     call    word ptr cs:data_65e
   2180				     ;*		     jmp     loc_2		     ;*
   2181	0FEE  E9 31 F0				     db	     0E9h, 31h,0F0h	     ;	Fixup -	byte match
   2182										     ;*	No entry point to code
   2183	0FF1  01 32				     add     [bp+si],si
   2184	0FF3  55				     push    bp
   2185	0FF4  47				     inc     di
   2186	0FF5  4D				     dec     bp
   2187	0FF6  32 2E 534D			     xor     ch,ds:data_87e
   2188	0FFA  44				     inc     sp
   2189	0FFB  00 B3 F605			     add     ss:data_150e[bp+di],dh
   2190	0FFF  E3 03				     jcxz    loc_161		     ; Jump if cx=0
   2191	1001  06				     push    es
   2192	1002  0B C0				     or	     ax,ax		     ; Zero ?
   2193	1004			     loc_161:
   2194	1004  8B F0				     mov     si,ax
   2195	1006  AD				     lodsw			     ; String [si] to ax
   2196	1007  50				     push    ax
   2197	1008  AC				     lodsb			     ; String [si] to al
   2198	1009  2C 0A				     sub     al,0Ah
   2199	100B  24 3F				     and     al,3Fh		     ; '?'
   2200	100D  A2 0082				     mov     byte ptr ds:[82h],al
   2201	1010  AC				     lodsb			     ; String [si] to al
   2202	1011  D0 E8				     shr     al,1		     ; Shift w/zeros fill
   2203	1013  1A C0				     sbb     al,al
   2204	1015  A2 00C3				     mov     byte ptr ds:[0C3h],al
   2205	1018  AC				     lodsb			     ; String [si] to al
   2206	1019  A2 00C4				     mov     byte ptr ds:[0C4h],al
   2207	101C  8A E0				     mov     ah,al
   2208	101E  B0 01				     mov     al,1
   2209	1020  2E: FF 16	010C			     call    word ptr cs:[10Ch]
   2210	1025  58				     pop     ax
   2211	1026  05 FFF0				     add     ax,0FFF0h
   2212	1029  79 04				     jns     loc_162		     ; Jump if not sign
   2213	102B  03 06 C002			     add     ax,ds:data_137e
   2214	102F			     loc_162:
Turbo Assembler	 Version 2.01	     03/22/26 12:29:05	    Page 42
106PLADV.asm



   2215	102F  A3 0080				     mov     word ptr ds:[80h],ax
   2216	1032  C6 06 0006r FF			     mov     data_5,0FFh
   2217	1037  2E: FF 16	2040			     call    word ptr cs:data_65e
   2218	103C  BB 6002				     mov     bx,6002h
   2219	103F  32 C0				     xor     al,al		     ; Zero register
   2220	1041  2E: FF 26	010C			     jmp     word ptr cs:[10Ch]
   2221	1046			     player_func_30	     endp
   2222
   2223
   2224				     ;ßßßßßßßßßßßßßßßßßßßßßßßßßßßßßßßßßßßßßßßßßßßßßßßßßßßßßßßßßßßßßßßßßßßßßßßßßß
   2225				     ;				    SUBROUTINE
   2226				     ;ÜÜÜÜÜÜÜÜÜÜÜÜÜÜÜÜÜÜÜÜÜÜÜÜÜÜÜÜÜÜÜÜÜÜÜÜÜÜÜÜÜÜÜÜÜÜÜÜÜÜÜÜÜÜÜÜÜÜÜÜÜÜÜÜÜÜÜÜÜÜÜÜÜÜ
   2227
   2228	1046			     player_func_34	     proc    near
   2229	1046  56				     push    si
   2230	1047  57				     push    di
   2231	1048  2E: FF 16	0110			     call    word ptr cs:[110h]
   2232	104D  2E: FF 16	0112			     call    word ptr cs:[112h]
   2233	1052  2E: FF 16	011E			     call    word ptr cs:[11Eh]
   2234	1057  73 03				     jnc     loc_163		     ; Jump if carry=0
   2235	1059  E8 053A				     call    clear_buffer
   2236	105C			     loc_163:
   2237	105C  5F				     pop     di
   2238	105D  5E				     pop     si
   2239	105E  F6 06 7C42 FF			     test    byte ptr ds:data_184e,0FFh
   2240	1063  75 01				     jnz     loc_164		     ; Jump if not zero
   2241	1065  C3				     retn
   2242	1066			     loc_164:
   2243	1066  56				     push    si
   2244	1067  57				     push    di
   2245	1068  2E: FF 16	A002			     call    word ptr cs:data_134e
   2246	106D  5F				     pop     di
   2247	106E  5E				     pop     si
   2248	106F  C3				     retn
   2249	1070			     player_func_34	     endp
   2250
   2251										     ;*	No entry point to code
   2252	1070  8B 36 FF4C			     mov     si,ds:data_162e
   2253	1074  E8 01B1				     call    player_check_state
   2254	1077  8A 16 FF4E			     mov     dl,ds:data_163e
   2255	107B  32 F6				     xor     dh,dh		     ; Zero register
   2256	107D  03 D1				     add     dx,cx
   2257	107F  81 FA 00D0			     cmp     dx,0D0h
   2258	1083  72 03				     jb	     loc_165		     ; Jump if below
   2259	1085  E8 00E5				     call    player_scan_loop_3
   2260	1088			     loc_165:
   2261	1088  C6 06 FF1A 00			     mov     byte ptr ds:data_153e,0
   2262	108D			     loc_166:
   2263	108D  E8 FFB6				     call    player_func_34
   2264	1090  80 3E FF1A 06			     cmp     byte ptr ds:data_211e,6
   2265	1095  72 F6				     jb	     loc_166		     ; Jump if below
   2266	1097  8B 36 FF4C			     mov     si,ds:data_215e
   2267	109B  AC				     lodsb			     ; String [si] to al
   2268	109C  89 36 FF4C			     mov     ds:data_215e,si
Turbo Assembler	 Version 2.01	     03/22/26 12:29:05	    Page 43
106PLADV.asm



   2269	10A0  3C 2F				     cmp     al,2Fh		     ; '/'
   2270	10A2  75 03				     jne     loc_167		     ; Jump if not equal
   2271	10A4  E9 00C0				     jmp     loc_179
   2272	10A7			     loc_167:
   2273	10A7  3C 0D				     cmp     al,0Dh
   2274	10A9  75 03				     jne     loc_168		     ; Jump if not equal
   2275	10AB  E9 00B9				     jmp     loc_179
   2276	10AE			     loc_168:
   2277	10AE  3C 0C				     cmp     al,0Ch
   2278	10B0  75 03				     jne     loc_169		     ; Jump if not equal
   2279	10B2  E9 0154				     jmp     loc_187
   2280	10B5			     loc_169:
   2281	10B5  3C 0F				     cmp     al,0Fh
   2282	10B7  75 03				     jne     loc_170		     ; Jump if not equal
   2283	10B9  E9 00F8				     jmp     loc_184
   2284	10BC			     loc_170:
   2285	10BC  3C 11				     cmp     al,11h
   2286	10BE  75 03				     jne     loc_171		     ; Jump if not equal
   2287	10C0  E9 00F7				     jmp     loc_185
   2288	10C3			     loc_171:
   2289	10C3  3C 13				     cmp     al,13h
   2290	10C5  75 07				     jne     loc_172		     ; Jump if not equal
   2291	10C7  C6 06 7C5D FF			     mov     byte ptr ds:data_198e,0FFh
   2292	10CC  EB BA				     jmp     short loc_165
   2293	10CE			     loc_172:
   2294	10CE  3C 15				     cmp     al,15h
   2295	10D0  75 07				     jne     loc_173		     ; Jump if not equal
   2296	10D2  C6 06 7C5D 00			     mov     byte ptr ds:data_198e,0
   2297	10D7  EB AF				     jmp     short loc_165
   2298	10D9			     loc_173:
   2299	10D9  3C FF				     cmp     al,0FFh
   2300	10DB  75 06				     jne     loc_174		     ; Jump if not equal
   2301	10DD  AC				     lodsb			     ; String [si] to al
   2302	10DE  89 36 FF4C			     mov     ds:data_215e,si
   2303	10E2  C3				     retn
   2304	10E3			     loc_174:
   2305	10E3  0A C0				     or	     al,al		     ; Zero ?
   2306	10E5  75 01				     jnz     loc_175		     ; Jump if not zero
   2307	10E7  C3				     retn
   2308	10E8			     loc_175:
   2309	10E8  50				     push    ax
   2310	10E9  80 3E FF4E D0			     cmp     byte ptr ds:data_163e,0D0h
   2311	10EE  72 03				     jb	     loc_176		     ; Jump if below
   2312	10F0  E8 007A				     call    player_scan_loop_3
   2313	10F3			     loc_176:
   2314	10F3  8A 1E FF4E			     mov     bl,byte ptr ds:[0FF4Eh]
   2315	10F7  32 FF				     xor     bh,bh		     ; Zero register
   2316	10F9  8A 0E FF4F			     mov     cl,byte ptr ds:[0FF4Fh]
   2317	10FD  B0 0A				     mov     al,0Ah
   2318	10FF  F6 E1				     mul     cl			     ; ax = reg	* al
   2319	1101  8A C8				     mov     cl,al
   2320	1103  58				     pop     ax
   2321	1104  53				     push    bx
   2322	1105  8A D8				     mov     bl,al
Turbo Assembler	 Version 2.01	     03/22/26 12:29:05	    Page 44
106PLADV.asm



   2323	1107  80 EB 20				     sub     bl,20h		     ; ' '
   2324	110A  32 FF				     xor     bh,bh		     ; Zero register
   2325	110C  8A 97 7B82			     mov     dl,ds:data_182e[bx]
   2326	1110  8A F7				     mov     dh,bh
   2327	1112  5B				     pop     bx
   2328	1113  53				     push    bx
   2329	1114  50				     push    ax
   2330	1115  2B DA				     sub     bx,dx
   2331	1117  B4 01				     mov     ah,1
   2332	1119  83 C3 38				     add     bx,38h
   2333	111C  80 C1 63				     add     cl,63h		     ; 'c'
   2334	111F  2E: FF 16	2022			     call    word ptr cs:data_59e
   2335	1124  58				     pop     ax
   2336	1125  8A D8				     mov     bl,al
   2337	1127  80 EB 20				     sub     bl,20h		     ; ' '
   2338	112A  32 FF				     xor     bh,bh		     ; Zero register
   2339	112C  8A 8F 7BE2			     mov     cl,ds:data_183e[bx]
   2340	1130  8A EF				     mov     ch,bh
   2341	1132  5B				     pop     bx
   2342	1133  03 D9				     add     bx,cx
   2343	1135  88 1E FF4E			     mov     byte ptr ds:[0FF4Eh],bl
   2344	1139  F6 06 7C5D FF			     test    byte ptr ds:data_198e,0FFh
   2345	113E  75 0C				     jnz     loc_177		     ; Jump if not zero
   2346	1140  3C 20				     cmp     al,20h		     ; ' '
   2347	1142  74 08				     je	     loc_177		     ; Jump if equal
   2348	1144  C6 06 FF75 05			     mov     byte ptr ds:data_223e,5
   2349	1149  E9 FF3C				     jmp     loc_165
   2350	114C			     loc_177:
   2351	114C  8B 36 FF4C			     mov     si,ds:data_215e
   2352	1150  E8 00D5				     call    player_check_state
   2353	1153  8A 16 FF4E			     mov     dl,byte ptr ds:[0FF4Eh]
   2354	1157  32 F6				     xor     dh,dh		     ; Zero register
   2355	1159  03 D1				     add     dx,cx
   2356	115B  81 FA 00D0			     cmp     dx,0D0h
   2357	115F  72 03				     jb	     loc_178		     ; Jump if below
   2358	1161  E8 0009				     call    player_scan_loop_3
   2359	1164			     loc_178:
   2360	1164  E9 FF21				     jmp     loc_165
   2361	1167			     loc_179:
   2362	1167  E8 0003				     call    player_scan_loop_3
   2363	116A  E9 FF1B				     jmp     loc_165
   2364
   2365				     ;ßßßßßßßßßßßßßßßßßßßßßßßßßßßßßßßßßßßßßßßßßßßßßßßßßßßßßßßßßßßßßßßßßßßßßßßßßß
   2366				     ;				    SUBROUTINE
   2367				     ;ÜÜÜÜÜÜÜÜÜÜÜÜÜÜÜÜÜÜÜÜÜÜÜÜÜÜÜÜÜÜÜÜÜÜÜÜÜÜÜÜÜÜÜÜÜÜÜÜÜÜÜÜÜÜÜÜÜÜÜÜÜÜÜÜÜÜÜÜÜÜÜÜÜÜ
   2368
   2369	116D			     player_scan_loop_3		     proc    near
   2370	116D  C6 06 FF4E 00			     mov     byte ptr ds:data_163e,0
   2371	1172  FE 06 7C52			     inc     byte ptr ds:data_113e
   2372	1176  FE 06 FF4F			     inc     byte ptr ds:data_164e
   2373	117A  80 3E 7C52 04			     cmp     byte ptr ds:data_113e,4
   2374	117F  72 11				     jb	     loc_181		     ; Jump if below
   2375	1181  E8 00E9				     call    player_check_state_2
   2376	1184  51				     push    cx
Turbo Assembler	 Version 2.01	     03/22/26 12:29:05	    Page 45
106PLADV.asm



   2377	1185  E8 000A				     call    player_func_36
   2378	1188  59				     pop     cx
   2379	1189  83 F9 02				     cmp     cx,2
   2380	118C  72 03				     jb	     loc_ret_180	     ; Jump if below
   2381	118E  E8 002F				     call    player_func_37
   2382
   2383	1191			     loc_ret_180:
   2384	1191  C3				     retn
   2385
   2386				     ;ßßßß External Entry into Subroutine ßßßßßßßßßßßßßßßßßßßßßßßßßßßßßßßßßßßßßß
   2387
   2388	1192			     player_func_36:
   2389	1192			     loc_181:
   2390	1192  80 3E FF4F 05			     cmp     byte ptr ds:data_164e,5
   2391	1197  73 01				     jae     loc_182		     ; Jump if above or	=
   2392	1199  C3				     retn
   2393	119A			     loc_182:
   2394	119A  FE 0E FF4F			     dec     byte ptr ds:data_164e
   2395	119E  B9 000A				     mov     cx,0Ah
   2396
   2397	11A1			     locloop_183:
   2398	11A1  51				     push    cx
   2399	11A2  E8 FEA1				     call    player_func_34
   2400	11A5  BB 0762				     mov     bx,762h
   2401	11A8  B9 1A32				     mov     cx,1A32h
   2402	11AB  2E: FF 16	2024			     call    word ptr cs:data_60e
   2403	11B0  59				     pop     cx
   2404	11B1  E2 EE				     loop    locloop_183	     ; Loop if cx > 0
   2405
   2406	11B3  C3				     retn
   2407	11B4			     player_scan_loop_3		     endp
   2408
   2409	11B4			     loc_184:
   2410	11B4  E8 0009				     call    player_func_37
   2411	11B7  E9 FECE				     jmp     loc_165
   2412	11BA			     loc_185:
   2413	11BA  E8 0026				     call    player_func_38
   2414	11BD  E9 FEC8				     jmp     loc_165
   2415
   2416				     ;ßßßßßßßßßßßßßßßßßßßßßßßßßßßßßßßßßßßßßßßßßßßßßßßßßßßßßßßßßßßßßßßßßßßßßßßßßß
   2417				     ;				    SUBROUTINE
   2418				     ;ÜÜÜÜÜÜÜÜÜÜÜÜÜÜÜÜÜÜÜÜÜÜÜÜÜÜÜÜÜÜÜÜÜÜÜÜÜÜÜÜÜÜÜÜÜÜÜÜÜÜÜÜÜÜÜÜÜÜÜÜÜÜÜÜÜÜÜÜÜÜÜÜÜÜ
   2419
   2420	11C0			     player_func_37	     proc    near
   2421	11C0  BB 009C				     mov     bx,9Ch
   2422	11C3  B1 8B				     mov     cl,8Bh
   2423	11C5  B8 027C				     mov     ax,27Ch
   2424	11C8  2E: FF 16	2022			     call    word ptr cs:data_59e
   2425	11CD  E8 0013				     call    player_func_38
   2426	11D0  BB 278B				     mov     bx,data_67e
   2427	11D3  B9 020A				     mov     cx,20Ah
   2428	11D6  32 C0				     xor     al,al		     ; Zero register
   2429	11D8  2E: FF 16	2000			     call    word ptr cs:data_47e
   2430	11DD  C6 06 7C52 00			     mov     byte ptr ds:data_113e,0
Turbo Assembler	 Version 2.01	     03/22/26 12:29:05	    Page 46
106PLADV.asm



   2431	11E2  C3				     retn
   2432	11E3			     player_func_37	     endp
   2433
   2434
   2435				     ;ßßßßßßßßßßßßßßßßßßßßßßßßßßßßßßßßßßßßßßßßßßßßßßßßßßßßßßßßßßßßßßßßßßßßßßßßßß
   2436				     ;				    SUBROUTINE
   2437				     ;ÜÜÜÜÜÜÜÜÜÜÜÜÜÜÜÜÜÜÜÜÜÜÜÜÜÜÜÜÜÜÜÜÜÜÜÜÜÜÜÜÜÜÜÜÜÜÜÜÜÜÜÜÜÜÜÜÜÜÜÜÜÜÜÜÜÜÜÜÜÜÜÜÜÜ
   2438
   2439	11E3			     player_func_38	     proc    near
   2440	11E3  C6 06 FF1D 00			     mov     byte ptr ds:data_212e,0
   2441	11E8  C6 06 FF1E 00			     mov     byte ptr ds:data_213e,0
   2442	11ED			     loc_186:
   2443	11ED  E8 FE56				     call    player_func_34
   2444	11F0  A0 FF1D				     mov     al,ds:data_212e
   2445	11F3  0A 06 FF1E			     or	     al,ds:data_213e
   2446	11F7  74 F4				     jz	     loc_186		     ; Jump if zero
   2447	11F9  C6 06 FF1D 00			     mov     byte ptr ds:data_212e,0
   2448	11FE  C6 06 FF1E 00			     mov     byte ptr ds:data_213e,0
   2449	1203  C6 06 FF75 1D			     mov     byte ptr ds:data_223e,1Dh
   2450	1208  C3				     retn
   2451	1209			     player_func_38	     endp
   2452
   2453	1209			     loc_187:
   2454	1209  C6 06 FF4E 00			     mov     byte ptr ds:data_163e,0
   2455	120E  C6 06 FF4F 00			     mov     byte ptr ds:data_164e,0
   2456	1213  C6 06 7C52 00			     mov     byte ptr ds:data_113e,0
   2457	1218  BB 0D60				     mov     bx,0D60h
   2458	121B  B9 3637				     mov     cx,3637h
   2459	121E  B0 FF				     mov     al,0FFh
   2460	1220  2E: FF 16	2000			     call    word ptr cs:data_47e
   2461	1225  E9 FE60				     jmp     loc_165
   2462
   2463				     ;ßßßßßßßßßßßßßßßßßßßßßßßßßßßßßßßßßßßßßßßßßßßßßßßßßßßßßßßßßßßßßßßßßßßßßßßßßß
   2464				     ;				    SUBROUTINE
   2465				     ;ÜÜÜÜÜÜÜÜÜÜÜÜÜÜÜÜÜÜÜÜÜÜÜÜÜÜÜÜÜÜÜÜÜÜÜÜÜÜÜÜÜÜÜÜÜÜÜÜÜÜÜÜÜÜÜÜÜÜÜÜÜÜÜÜÜÜÜÜÜÜÜÜÜÜ
   2466
   2467	1228			     player_check_state		     proc    near
   2468	1228  33 C9				     xor     cx,cx		     ; Zero register
   2469	122A  33 D2				     xor     dx,dx		     ; Zero register
   2470	122C			     loc_188:
   2471	122C  AC				     lodsb			     ; String [si] to al
   2472	122D  0A C0				     or	     al,al		     ; Zero ?
   2473	122F  74 28				     jz	     loc_189		     ; Jump if zero
   2474	1231  3C FF				     cmp     al,0FFh
   2475	1233  74 24				     je	     loc_189		     ; Jump if equal
   2476	1235  3C 20				     cmp     al,20h		     ; ' '
   2477	1237  74 20				     je	     loc_189		     ; Jump if equal
   2478	1239  3C 2F				     cmp     al,2Fh		     ; '/'
   2479	123B  74 1C				     je	     loc_189		     ; Jump if equal
   2480	123D  3C 0D				     cmp     al,0Dh
   2481	123F  74 18				     je	     loc_189		     ; Jump if equal
   2482	1241  3C 0C				     cmp     al,0Ch
   2483	1243  74 14				     je	     loc_189		     ; Jump if equal
   2484	1245  8A E0				     mov     ah,al
Turbo Assembler	 Version 2.01	     03/22/26 12:29:05	    Page 47
106PLADV.asm



   2485	1247  2C 20				     sub     al,20h		     ; ' '
   2486	1249  72 E1				     jc	     loc_188		     ; Jump if carry Set
   2487	124B  42				     inc     dx
   2488	124C  8A D8				     mov     bl,al
   2489	124E  32 FF				     xor     bh,bh		     ; Zero register
   2490	1250  2E: 02 8F	7BE2			     add     cl,cs:data_101e[bx]
   2491	1255  12 EF				     adc     ch,bh
   2492	1257  EB D3				     jmp     short loc_188
   2493	1259			     loc_189:
   2494	1259  83 FA 01				     cmp     dx,1
   2495	125C  74 01				     je	     loc_190		     ; Jump if equal
   2496	125E  C3				     retn
   2497	125F			     loc_190:
   2498	125F  80 FC 2E				     cmp     ah,2Eh		     ; '.'
   2499	1262  74 06				     je	     loc_191		     ; Jump if equal
   2500	1264  80 FC 2C				     cmp     ah,2Ch		     ; ','
   2501	1267  74 01				     je	     loc_191		     ; Jump if equal
   2502	1269  C3				     retn
   2503	126A			     loc_191:
   2504	126A  33 C9				     xor     cx,cx		     ; Zero register
   2505	126C  C3				     retn
   2506	126D			     player_check_state		     endp
   2507
   2508
   2509				     ;ßßßßßßßßßßßßßßßßßßßßßßßßßßßßßßßßßßßßßßßßßßßßßßßßßßßßßßßßßßßßßßßßßßßßßßßßßß
   2510				     ;				    SUBROUTINE
   2511				     ;ÜÜÜÜÜÜÜÜÜÜÜÜÜÜÜÜÜÜÜÜÜÜÜÜÜÜÜÜÜÜÜÜÜÜÜÜÜÜÜÜÜÜÜÜÜÜÜÜÜÜÜÜÜÜÜÜÜÜÜÜÜÜÜÜÜÜÜÜÜÜÜÜÜÜ
   2512
   2513	126D			     player_check_state_2	     proc    near
   2514	126D  8B 36 FF4C			     mov     si,ds:data_162e
   2515	1271  33 C9				     xor     cx,cx		     ; Zero register
   2516	1273  33 D2				     xor     dx,dx		     ; Zero register
   2517	1275			     loc_192:
   2518	1275  AC				     lodsb			     ; String [si] to al
   2519	1276  0A C0				     or	     al,al		     ; Zero ?
   2520	1278  74 4A				     jz	     loc_196		     ; Jump if zero
   2521	127A  3C FF				     cmp     al,0FFh
   2522	127C  75 07				     jne     loc_193		     ; Jump if not equal
   2523	127E  AC				     lodsb			     ; String [si] to al
   2524	127F  3C FF				     cmp     al,0FFh
   2525	1281  74 41				     je	     loc_196		     ; Jump if equal
   2526	1283  EB F0				     jmp     short loc_192
   2527	1285			     loc_193:
   2528	1285  3C 0C				     cmp     al,0Ch
   2529	1287  74 3B				     je	     loc_196		     ; Jump if equal
   2530	1289  3C 2F				     cmp     al,2Fh		     ; '/'
   2531	128B  75 05				     jne     loc_194		     ; Jump if not equal
   2532	128D  33 D2				     xor     dx,dx		     ; Zero register
   2533	128F  41				     inc     cx
   2534	1290  EB E3				     jmp     short loc_192
   2535	1292			     loc_194:
   2536	1292  3C 0D				     cmp     al,0Dh
   2537	1294  75 05				     jne     loc_195		     ; Jump if not equal
   2538	1296  33 D2				     xor     dx,dx		     ; Zero register
Turbo Assembler	 Version 2.01	     03/22/26 12:29:05	    Page 48
106PLADV.asm



   2539	1298  41				     inc     cx
   2540	1299  EB DA				     jmp     short loc_192
   2541	129B			     loc_195:
   2542	129B  8A D8				     mov     bl,al
   2543	129D  80 EB 20				     sub     bl,20h		     ; ' '
   2544	12A0  32 FF				     xor     bh,bh		     ; Zero register
   2545	12A2  8A 9F 7BE2			     mov     bl,ds:data_101e[bx]
   2546	12A6  03 D3				     add     dx,bx
   2547	12A8  3C 20				     cmp     al,20h		     ; ' '
   2548	12AA  75 C9				     jne     loc_192		     ; Jump if not equal
   2549	12AC  51				     push    cx
   2550	12AD  56				     push    si
   2551	12AE  52				     push    dx
   2552	12AF  52				     push    dx
   2553	12B0  E8 FF75				     call    player_check_state
   2554	12B3  5A				     pop     dx
   2555	12B4  03 D1				     add     dx,cx
   2556	12B6  81 FA 00D0			     cmp     dx,0D0h
   2557	12BA  5A				     pop     dx
   2558	12BB  5E				     pop     si
   2559	12BC  59				     pop     cx
   2560	12BD  72 B6				     jc	     loc_192		     ; Jump if carry Set
   2561	12BF  33 D2				     xor     dx,dx		     ; Zero register
   2562	12C1  41				     inc     cx
   2563	12C2  EB B1				     jmp     short loc_192
   2564	12C4			     loc_196:
   2565	12C4  0B D2				     or	     dx,dx		     ; Zero ?
   2566	12C6  75 01				     jnz     loc_197		     ; Jump if not zero
   2567	12C8  C3				     retn
   2568	12C9			     loc_197:
   2569	12C9  41				     inc     cx
   2570	12CA  C3				     retn
   2571	12CB			     player_check_state_2	     endp
   2572
   2573										     ;*	No entry point to code
   2574	12CB  1E				     push    ds
   2575	12CC  07				     pop     es
   2576	12CD  57				     push    di
   2577	12CE  B3 0F				     mov     bl,0Fh
   2578	12D0  B9 4240				     mov     cx,4240h
   2579	12D3  E8 0045				     call    player_func_41
   2580	12D6  B3 01				     mov     bl,1
   2581	12D8  B9 86A0				     mov     cx,86A0h
   2582	12DB  E8 003D				     call    player_func_41
   2583	12DE  32 DB				     xor     bl,bl		     ; Zero register
   2584	12E0  B9 2710				     mov     cx,2710h
   2585	12E3  E8 0035				     call    player_func_41
   2586	12E6  B9 03E8				     mov     cx,3E8h
   2587	12E9  E8 004D				     call    player_func_42
   2588	12EC  B9 0064				     mov     cx,64h
   2589	12EF  E8 0047				     call    player_func_42
   2590	12F2  B9 000A				     mov     cx,0Ah
   2591	12F5  E8 0041				     call    player_func_42
   2592	12F8  AA				     stosb			     ; Store al	to es:[di]
Turbo Assembler	 Version 2.01	     03/22/26 12:29:05	    Page 49
106PLADV.asm



   2593	12F9  B0 FF				     mov     al,0FFh
   2594	12FB  AA				     stosb			     ; Store al	to es:[di]
   2595	12FC  5F				     pop     di
   2596	12FD  8B F7				     mov     si,di
   2597	12FF  B9 0007				     mov     cx,7
   2598
   2599	1302			     locloop_198:
   2600	1302  AC				     lodsb			     ; String [si] to al
   2601	1303  0A C0				     or	     al,al		     ; Zero ?
   2602	1305  75 02				     jnz     loc_199		     ; Jump if not zero
   2603	1307  E2 F9				     loop    locloop_198	     ; Loop if cx > 0
   2604
   2605	1309			     loc_199:
   2606	1309  04 30				     add     al,30h		     ; '0'
   2607	130B  AA				     stosb			     ; Store al	to es:[di]
   2608	130C  E3 09				     jcxz    loc_201		     ; Jump if cx=0
   2609	130E  49				     dec     cx
   2610	130F  74 06				     jz	     loc_201		     ; Jump if zero
   2611
   2612	1311			     locloop_200:
   2613	1311  AC				     lodsb			     ; String [si] to al
   2614	1312  04 30				     add     al,30h		     ; '0'
   2615	1314  AA				     stosb			     ; Store al	to es:[di]
   2616	1315  E2 FA				     loop    locloop_200	     ; Loop if cx > 0
   2617
   2618	1317			     loc_201:
   2619	1317  B0 FF				     mov     al,0FFh
   2620	1319  AA				     stosb			     ; Store al	to es:[di]
   2621	131A  C3				     retn
   2622
   2623				     ;ßßßßßßßßßßßßßßßßßßßßßßßßßßßßßßßßßßßßßßßßßßßßßßßßßßßßßßßßßßßßßßßßßßßßßßßßßß
   2624				     ;				    SUBROUTINE
   2625				     ;ÜÜÜÜÜÜÜÜÜÜÜÜÜÜÜÜÜÜÜÜÜÜÜÜÜÜÜÜÜÜÜÜÜÜÜÜÜÜÜÜÜÜÜÜÜÜÜÜÜÜÜÜÜÜÜÜÜÜÜÜÜÜÜÜÜÜÜÜÜÜÜÜÜÜ
   2626
   2627	131B			     player_func_41	     proc    near
   2628	131B  32 F6				     xor     dh,dh		     ; Zero register
   2629	131D			     loc_202:
   2630	131D  2A D3				     sub     dl,bl
   2631	131F  72 10				     jc	     loc_205		     ; Jump if carry Set
   2632	1321  2B C1				     sub     ax,cx
   2633	1323  73 06				     jnc     loc_203		     ; Jump if carry=0
   2634	1325  0A D2				     or	     dl,dl		     ; Zero ?
   2635	1327  74 06				     jz	     loc_204		     ; Jump if zero
   2636	1329  FE CA				     dec     dl
   2637	132B			     loc_203:
   2638	132B  FE C6				     inc     dh
   2639	132D  EB EE				     jmp     short loc_202
   2640	132F			     loc_204:
   2641	132F  03 C1				     add     ax,cx
   2642	1331			     loc_205:
   2643	1331  02 D3				     add     dl,bl
   2644	1333  50				     push    ax
   2645	1334  8A C6				     mov     al,dh
   2646	1336  AA				     stosb			     ; Store al	to es:[di]
Turbo Assembler	 Version 2.01	     03/22/26 12:29:05	    Page 50
106PLADV.asm



   2647	1337  58				     pop     ax
   2648	1338  C3				     retn
   2649	1339			     player_func_41	     endp
   2650
   2651
   2652				     ;ßßßßßßßßßßßßßßßßßßßßßßßßßßßßßßßßßßßßßßßßßßßßßßßßßßßßßßßßßßßßßßßßßßßßßßßßßß
   2653				     ;				    SUBROUTINE
   2654				     ;ÜÜÜÜÜÜÜÜÜÜÜÜÜÜÜÜÜÜÜÜÜÜÜÜÜÜÜÜÜÜÜÜÜÜÜÜÜÜÜÜÜÜÜÜÜÜÜÜÜÜÜÜÜÜÜÜÜÜÜÜÜÜÜÜÜÜÜÜÜÜÜÜÜÜ
   2655
   2656	1339			     player_func_42	     proc    near
   2657	1339  32 F6				     xor     dh,dh		     ; Zero register
   2658	133B  F7 F1				     div     cx			     ; ax,dx rem=dx:ax/reg
   2659	133D  92				     xchg    dx,ax
   2660	133E  8A F2				     mov     dh,dl
   2661	1340  32 D2				     xor     dl,dl		     ; Zero register
   2662	1342  50				     push    ax
   2663	1343  8A C6				     mov     al,dh
   2664	1345  AA				     stosb			     ; Store al	to es:[di]
   2665	1346  58				     pop     ax
   2666	1347  C3				     retn
   2667	1348			     player_func_42	     endp
   2668
   2669
   2670				     ;ßßßßßßßßßßßßßßßßßßßßßßßßßßßßßßßßßßßßßßßßßßßßßßßßßßßßßßßßßßßßßßßßßßßßßßßßßß
   2671				     ;				    SUBROUTINE
   2672				     ;ÜÜÜÜÜÜÜÜÜÜÜÜÜÜÜÜÜÜÜÜÜÜÜÜÜÜÜÜÜÜÜÜÜÜÜÜÜÜÜÜÜÜÜÜÜÜÜÜÜÜÜÜÜÜÜÜÜÜÜÜÜÜÜÜÜÜÜÜÜÜÜÜÜÜ
   2673
   2674	1348			     player_func_43	     proc    near
   2675	1348  C6 06 FF1D 00			     mov     byte ptr ds:data_212e,0
   2676	134D  C6 06 FF1E 00			     mov     byte ptr ds:data_213e,0
   2677	1352  53				     push    bx
   2678	1353  E8 0117				     call    player_multiply_3
   2679	1356  5B				     pop     bx
   2680	1357  53				     push    bx
   2681	1358  E8 FCEB				     call    player_func_34
   2682	135B  5B				     pop     bx
   2683	135C  C6 06 FF1A 00			     mov     byte ptr ds:data_211e,0
   2684	1361  F6 06 FF1E FF			     test    byte ptr ds:data_213e,0FFh
   2685	1366  F9				     stc			     ; Set carry flag
   2686	1367  74 01				     jz	     loc_206		     ; Jump if zero
   2687	1369  C3				     retn
   2688	136A			     loc_206:
   2689	136A  F6 06 FF1D FF			     test    byte ptr ds:data_212e,0FFh
   2690	136F  74 07				     jz	     loc_207		     ; Jump if zero
   2691	1371  F8				     clc			     ; Clear carry flag
   2692	1372  C6 06 FF75 1F			     mov     byte ptr ds:data_223e,1Fh
   2693	1377  C3				     retn
   2694	1378			     loc_207:
   2695	1378  B8 7353				     mov     ax,7353h
   2696	137B  50				     push    ax
   2697	137C  CD 61				     int     61h		     ; ??INT Non-standard interrupt
   2698	137E  24 03				     and     al,3
   2699	1380  3C 01				     cmp     al,1
   2700	1382  75 69				     jne     loc_212		     ; Jump if not equal
Turbo Assembler	 Version 2.01	     03/22/26 12:29:05	    Page 51
106PLADV.asm



   2701	1384  0A DB				     or	     bl,bl		     ; Zero ?
   2702	1386  74 08				     jz	     loc_208		     ; Jump if zero
   2703	1388  53				     push    bx
   2704	1389  E8 00F3				     call    player_multiply_4
   2705	138C  5B				     pop     bx
   2706	138D  FE CB				     dec     bl
   2707	138F  C3				     retn
   2708	1390			     loc_208:
   2709	1390  F6 06 FF56 FF			     test    byte ptr ds:data_219e,0FFh
   2710	1395  75 01				     jnz     loc_209		     ; Jump if not zero
   2711	1397  C3				     retn
   2712	1398			     loc_209:
   2713	1398  57				     push    di
   2714	1399  56				     push    si
   2715	139A  53				     push    bx
   2716	139B  FE 0E FF56			     dec     byte ptr ds:data_219e
   2717	139F  A0 FF56				     mov     al,ds:data_219e
   2718	13A2  02 C3				     add     al,bl
   2719	13A4  BB FF58				     mov     bx,data_220e
   2720	13A7  D7				     xlat			     ; al=[al+[bx]] table
   2721	13A8  2E: FF 16	301A			     call    word ptr cs:data_79e
   2722	13AD  B9 000A				     mov     cx,0Ah
   2723
   2724	13B0			     locloop_210:
   2725	13B0  51				     push    cx
   2726	13B1  8B 1E FF54			     mov     bx,ds:data_218e
   2727	13B5  81 C3 0301			     add     bx,301h
   2728	13B9  8A C1				     mov     al,cl
   2729	13BB  FE C8				     dec     al
   2730	13BD  8A 0E FF52			     mov     cl,ds:data_216e
   2731	13C1  02 C9				     add     cl,cl
   2732	13C3  8A D1				     mov     dl,cl
   2733	13C5  02 C9				     add     cl,cl
   2734	13C7  02 C9				     add     cl,cl
   2735	13C9  02 CA				     add     cl,dl
   2736	13CB  80 E9 02				     sub     cl,2
   2737	13CE  8A 2E FF6A			     mov     ch,ds:data_221e
   2738	13D2  2E: FF 16	301E			     call    word ptr cs:data_81e
   2739	13D7			     loc_211:
   2740	13D7  E8 FC6C				     call    player_func_34
   2741	13DA  80 3E FF1A 04			     cmp     byte ptr ds:data_211e,4
   2742	13DF  72 F6				     jb	     loc_211		     ; Jump if below
   2743	13E1  C6 06 FF1A 00			     mov     byte ptr ds:data_211e,0
   2744	13E6  59				     pop     cx
   2745	13E7  E2 C7				     loop    locloop_210	     ; Loop if cx > 0
   2746
   2747	13E9  5B				     pop     bx
   2748	13EA  5E				     pop     si
   2749	13EB  5F				     pop     di
   2750	13EC  C3				     retn
   2751	13ED			     loc_212:
   2752	13ED  3C 02				     cmp     al,2
   2753	13EF  74 01				     je	     loc_213		     ; Jump if equal
   2754	13F1  C3				     retn
Turbo Assembler	 Version 2.01	     03/22/26 12:29:05	    Page 52
106PLADV.asm



   2755	13F2			     loc_213:
   2756	13F2  A0 FF52				     mov     al,ds:data_216e
   2757	13F5  FE C8				     dec     al
   2758	13F7  3A D8				     cmp     bl,al
   2759	13F9  73 08				     jae     loc_214		     ; Jump if above or	=
   2760	13FB  53				     push    bx
   2761	13FC  E8 00AC				     call    player_multiply_5
   2762	13FF  5B				     pop     bx
   2763	1400  FE C3				     inc     bl
   2764	1402  C3				     retn
   2765	1403			     loc_214:
   2766	1403  8A C3				     mov     al,bl
   2767	1405  02 06 FF56			     add     al,ds:data_219e
   2768	1409  FE C0				     inc     al
   2769	140B  8A 26 FF53			     mov     ah,ds:data_217e
   2770	140F  FE CC				     dec     ah
   2771	1411  3A E0				     cmp     ah,al
   2772	1413  73 01				     jae     loc_215		     ; Jump if above or	=
   2773	1415  C3				     retn
   2774	1416			     loc_215:
   2775	1416  57				     push    di
   2776	1417  56				     push    si
   2777	1418  53				     push    bx
   2778	1419  FE 06 FF56			     inc     byte ptr ds:data_219e
   2779	141D  A0 FF56				     mov     al,ds:data_219e
   2780	1420  02 C3				     add     al,bl
   2781	1422  BB FF58				     mov     bx,data_220e
   2782	1425  D7				     xlat			     ; al=[al+[bx]] table
   2783	1426  2E: FF 16	301A			     call    word ptr cs:data_79e
   2784	142B  B9 000A				     mov     cx,0Ah
   2785
   2786	142E			     locloop_216:
   2787	142E  51				     push    cx
   2788	142F  8B 1E FF54			     mov     bx,ds:data_218e
   2789	1433  81 C3 0301			     add     bx,301h
   2790	1437  8A C1				     mov     al,cl
   2791	1439  F6 D8				     neg     al
   2792	143B  04 0A				     add     al,0Ah
   2793	143D  8A 0E FF52			     mov     cl,ds:data_216e
   2794	1441  02 C9				     add     cl,cl
   2795	1443  8A D1				     mov     dl,cl
   2796	1445  02 C9				     add     cl,cl
   2797	1447  02 C9				     add     cl,cl
   2798	1449  02 CA				     add     cl,dl
   2799	144B  80 E9 02				     sub     cl,2
   2800	144E  8A 2E FF6A			     mov     ch,ds:data_221e
   2801	1452  2E: FF 16	3020			     call    word ptr cs:data_82e
   2802	1457			     loc_217:
   2803	1457  E8 FBEC				     call    player_func_34
   2804	145A  80 3E FF1A 04			     cmp     byte ptr ds:data_211e,4
   2805	145F  72 F6				     jb	     loc_217		     ; Jump if below
   2806	1461  C6 06 FF1A 00			     mov     byte ptr ds:data_211e,0
   2807	1466  59				     pop     cx
   2808	1467  E2 C5				     loop    locloop_216	     ; Loop if cx > 0
Turbo Assembler	 Version 2.01	     03/22/26 12:29:05	    Page 53
106PLADV.asm



   2809
   2810	1469  5B				     pop     bx
   2811	146A  5E				     pop     si
   2812	146B  5F				     pop     di
   2813	146C  C3				     retn
   2814	146D			     player_func_43	     endp
   2815
   2816
   2817				     ;ßßßßßßßßßßßßßßßßßßßßßßßßßßßßßßßßßßßßßßßßßßßßßßßßßßßßßßßßßßßßßßßßßßßßßßßßßß
   2818				     ;				    SUBROUTINE
   2819				     ;ÜÜÜÜÜÜÜÜÜÜÜÜÜÜÜÜÜÜÜÜÜÜÜÜÜÜÜÜÜÜÜÜÜÜÜÜÜÜÜÜÜÜÜÜÜÜÜÜÜÜÜÜÜÜÜÜÜÜÜÜÜÜÜÜÜÜÜÜÜÜÜÜÜÜ
   2820
   2821	146D			     player_multiply_3		     proc    near
   2822	146D  B0 0A				     mov     al,0Ah
   2823	146F  F6 E3				     mul     bl			     ; ax = reg	* al
   2824	1471  03 06 FF54			     add     ax,ds:data_218e
   2825	1475  05 0100				     add     ax,100h
   2826	1478  8B D8				     mov     bx,ax
   2827	147A  2E: FF 26	3018			     jmp     word ptr cs:data_78e
   2828	147F			     player_multiply_3		     endp
   2829
   2830
   2831				     ;ßßßßßßßßßßßßßßßßßßßßßßßßßßßßßßßßßßßßßßßßßßßßßßßßßßßßßßßßßßßßßßßßßßßßßßßßßß
   2832				     ;				    SUBROUTINE
   2833				     ;ÜÜÜÜÜÜÜÜÜÜÜÜÜÜÜÜÜÜÜÜÜÜÜÜÜÜÜÜÜÜÜÜÜÜÜÜÜÜÜÜÜÜÜÜÜÜÜÜÜÜÜÜÜÜÜÜÜÜÜÜÜÜÜÜÜÜÜÜÜÜÜÜÜÜ
   2834
   2835	147F			     player_multiply_4		     proc    near
   2836	147F  B0 0A				     mov     al,0Ah
   2837	1481  F6 E3				     mul     bl			     ; ax = reg	* al
   2838	1483  03 06 FF54			     add     ax,ds:data_218e
   2839	1487  05 0100				     add     ax,100h
   2840	148A  8B D8				     mov     bx,ax
   2841	148C  B9 000A				     mov     cx,0Ah
   2842
   2843	148F			     locloop_218:
   2844	148F  51				     push    cx
   2845	1490  C6 06 FF1A 00			     mov     byte ptr ds:data_211e,0
   2846	1495  4B				     dec     bx
   2847	1496  53				     push    bx
   2848	1497  2E: FF 16	3018			     call    word ptr cs:data_78e
   2849	149C			     loc_219:
   2850	149C  E8 FBA7				     call    player_func_34
   2851	149F  80 3E FF1A 04			     cmp     byte ptr ds:data_211e,4
   2852	14A4  72 F6				     jb	     loc_219		     ; Jump if below
   2853	14A6  5B				     pop     bx
   2854	14A7  59				     pop     cx
   2855	14A8  E2 E5				     loop    locloop_218	     ; Loop if cx > 0
   2856
   2857	14AA  C3				     retn
   2858	14AB			     player_multiply_4		     endp
   2859
   2860
   2861				     ;ßßßßßßßßßßßßßßßßßßßßßßßßßßßßßßßßßßßßßßßßßßßßßßßßßßßßßßßßßßßßßßßßßßßßßßßßßß
   2862				     ;				    SUBROUTINE
Turbo Assembler	 Version 2.01	     03/22/26 12:29:05	    Page 54
106PLADV.asm



   2863				     ;ÜÜÜÜÜÜÜÜÜÜÜÜÜÜÜÜÜÜÜÜÜÜÜÜÜÜÜÜÜÜÜÜÜÜÜÜÜÜÜÜÜÜÜÜÜÜÜÜÜÜÜÜÜÜÜÜÜÜÜÜÜÜÜÜÜÜÜÜÜÜÜÜÜÜ
   2864
   2865	14AB			     player_multiply_5		     proc    near
   2866	14AB  B0 0A				     mov     al,0Ah
   2867	14AD  F6 E3				     mul     bl			     ; ax = reg	* al
   2868	14AF  03 06 FF54			     add     ax,ds:data_218e
   2869	14B3  05 0100				     add     ax,100h
   2870	14B6  8B D8				     mov     bx,ax
   2871	14B8  B9 000A				     mov     cx,0Ah
   2872
   2873	14BB			     locloop_220:
   2874	14BB  51				     push    cx
   2875	14BC  C6 06 FF1A 00			     mov     byte ptr ds:data_211e,0
   2876	14C1  43				     inc     bx
   2877	14C2  53				     push    bx
   2878	14C3  2E: FF 16	3018			     call    word ptr cs:data_78e
   2879	14C8			     loc_221:
   2880	14C8  E8 FB7B				     call    player_func_34
   2881	14CB  80 3E FF1A 04			     cmp     byte ptr ds:data_211e,4
   2882	14D0  72 F6				     jb	     loc_221		     ; Jump if below
   2883	14D2  5B				     pop     bx
   2884	14D3  59				     pop     cx
   2885	14D4  E2 E5				     loop    locloop_220	     ; Loop if cx > 0
   2886
   2887	14D6  C3				     retn
   2888	14D7			     player_multiply_5		     endp
   2889
   2890
   2891				     ;ßßßßßßßßßßßßßßßßßßßßßßßßßßßßßßßßßßßßßßßßßßßßßßßßßßßßßßßßßßßßßßßßßßßßßßßßßß
   2892				     ;				    SUBROUTINE
   2893				     ;ÜÜÜÜÜÜÜÜÜÜÜÜÜÜÜÜÜÜÜÜÜÜÜÜÜÜÜÜÜÜÜÜÜÜÜÜÜÜÜÜÜÜÜÜÜÜÜÜÜÜÜÜÜÜÜÜÜÜÜÜÜÜÜÜÜÜÜÜÜÜÜÜÜÜ
   2894
   2895	14D7			     player_func_47	     proc    near
   2896	14D7  A0 FF52				     mov     al,ds:data_165e
   2897	14DA  8A 26 FF53			     mov     ah,ds:data_166e
   2898	14DE  50				     push    ax
   2899	14DF  A0 FF56				     mov     al,ds:data_168e
   2900	14E2  50				     push    ax
   2901	14E3  C6 06 FF52 02			     mov     byte ptr ds:data_165e,2
   2902	14E8  C6 06 FF53 02			     mov     byte ptr ds:data_166e,2
   2903	14ED  B9 0002				     mov     cx,2
   2904	14F0  BE 7513				     mov     si,7513h
   2905	14F3  E8 0028				     call    player_multiply_6
   2906	14F6  C6 06 FF56 00			     mov     byte ptr ds:data_168e,0
   2907	14FB  32 DB				     xor     bl,bl		     ; Zero register
   2908	14FD  E8 FE48				     call    player_func_43
   2909	1500  73 02				     jnc     loc_222		     ; Jump if carry=0
   2910	1502  B3 01				     mov     bl,1
   2911	1504			     loc_222:
   2912	1504  58				     pop     ax
   2913	1505  A2 FF56				     mov     ds:data_219e,al
   2914	1508  58				     pop     ax
   2915	1509  A2 FF52				     mov     ds:data_216e,al
   2916	150C  88 26 FF53			     mov     ds:data_217e,ah
Turbo Assembler	 Version 2.01	     03/22/26 12:29:05	    Page 55
106PLADV.asm



   2917	1510  0A DB				     or	     bl,bl		     ; Zero ?
   2918	1512  75 01				     jnz     loc_223		     ; Jump if not zero
   2919	1514  C3				     retn
   2920	1515			     loc_223:
   2921	1515  F9				     stc			     ; Set carry flag
   2922	1516  C3				     retn
   2923	1517			     player_func_47	     endp
   2924
   2925	1517  59 65 73 00 4E 6F			     db	      59h, 65h,	73h, 00h, 4Eh, 6Fh
   2926	151D  00				     db	      00h
   2927
   2928				     ;ßßßßßßßßßßßßßßßßßßßßßßßßßßßßßßßßßßßßßßßßßßßßßßßßßßßßßßßßßßßßßßßßßßßßßßßßßß
   2929				     ;				    SUBROUTINE
   2930				     ;ÜÜÜÜÜÜÜÜÜÜÜÜÜÜÜÜÜÜÜÜÜÜÜÜÜÜÜÜÜÜÜÜÜÜÜÜÜÜÜÜÜÜÜÜÜÜÜÜÜÜÜÜÜÜÜÜÜÜÜÜÜÜÜÜÜÜÜÜÜÜÜÜÜÜ
   2931
   2932	151E			     player_multiply_6		     proc    near
   2933	151E  32 D2				     xor     dl,dl		     ; Zero register
   2934
   2935	1520			     locloop_224:
   2936	1520  51				     push    cx
   2937	1521  52				     push    dx
   2938	1522  B0 0A				     mov     al,0Ah
   2939	1524  F6 E2				     mul     dl			     ; ax = reg	* al
   2940	1526  03 06 FF54			     add     ax,ds:data_218e
   2941	152A  05 0301				     add     ax,301h
   2942	152D  8B D8				     mov     bx,ax
   2943	152F  32 C9				     xor     cl,cl		     ; Zero register
   2944	1531  2E: FF 16	2038			     call    word ptr cs:data_64e
   2945	1536  5A				     pop     dx
   2946	1537  59				     pop     cx
   2947	1538  FE C2				     inc     dl
   2948	153A  E2 E4				     loop    locloop_224	     ; Loop if cx > 0
   2949
   2950	153C  C3				     retn
   2951	153D			     player_multiply_6		     endp
   2952
   2953	153D  32 E4				     db	      32h,0E4h
   2954
   2955	153F			     locloop_225:
   2956	153F  51				     push    cx
   2957	1540  56				     push    si
   2958	1541  57				     push    di
   2959	1542  50				     push    ax
   2960	1543  BB FF58				     mov     bx,data_170e
   2961	1546  D7				     xlat			     ; al=[al+[bx]] table
   2962	1547  2E: FF 16	301A			     call    word ptr cs:data_79e
   2963	154C  58				     pop     ax
   2964	154D  50				     push    ax
   2965	154E  8A C4				     mov     al,ah
   2966	1550  32 E4				     xor     ah,ah		     ; Zero register
   2967	1552  03 C0				     add     ax,ax
   2968	1554  8B D8				     mov     bx,ax
   2969	1556  03 C0				     add     ax,ax
   2970	1558  03 C0				     add     ax,ax
Turbo Assembler	 Version 2.01	     03/22/26 12:29:05	    Page 56
106PLADV.asm



   2971	155A  03 D8				     add     bx,ax
   2972	155C  03 1E FF54			     add     bx,ds:data_167e
   2973	1560  81 C3 0300			     add     bx,300h
   2974	1564  2E: FF 16	301C			     call    word ptr cs:data_80e
   2975	1569  58				     pop     ax
   2976	156A  FE C0				     inc     al
   2977	156C  FE C4				     inc     ah
   2978	156E  5F				     pop     di
   2979	156F  5E				     pop     si
   2980	1570  59				     pop     cx
   2981	1571  E2 CC				     loop    locloop_225	     ; Loop if cx > 0
   2982
   2983	1573  C3				     retn
   2984										     ;*	No entry point to code
   2985	1574  8A 1E 0085			     mov     bl,byte ptr ds:[85h]
   2986	1578  2A DA				     sub     bl,dl
   2987	157A  73 01				     jnc     loc_226		     ; Jump if carry=0
   2988	157C  C3				     retn
   2989	157D			     loc_226:
   2990	157D  8A D3				     mov     dl,bl
   2991	157F  8B 1E 0086			     mov     bx,word ptr ds:[86h]
   2992	1583  93				     xchg    bx,ax
   2993	1584  2B C3				     sub     ax,bx
   2994	1586  72 01				     jc	     loc_227		     ; Jump if carry Set
   2995	1588  C3				     retn
   2996	1589			     loc_227:
   2997	1589  80 EA 01				     sub     dl,1
   2998	158C  C3				     retn
   2999										     ;*	No entry point to code
   3000	158D  01 06 0086			     add     word ptr ds:[86h],ax
   3001	1591  10 16 0085			     adc     byte ptr ds:[85h],dl
   3002	1595  C3				     retn
   3003
   3004				     ;ßßßßßßßßßßßßßßßßßßßßßßßßßßßßßßßßßßßßßßßßßßßßßßßßßßßßßßßßßßßßßßßßßßßßßßßßßß
   3005				     ;				    SUBROUTINE
   3006				     ;ÜÜÜÜÜÜÜÜÜÜÜÜÜÜÜÜÜÜÜÜÜÜÜÜÜÜÜÜÜÜÜÜÜÜÜÜÜÜÜÜÜÜÜÜÜÜÜÜÜÜÜÜÜÜÜÜÜÜÜÜÜÜÜÜÜÜÜÜÜÜÜÜÜÜ
   3007
   3008	1596			     clear_buffer	     proc    near
   3009	1596			     loc_228:
   3010	1596  B1 FF				     mov     cl,0FFh
   3011	1598  B8 0003				     mov     ax,3
   3012	159B  CD 60				     int     60h		     ; ??INT Non-standard interrupt
   3013	159D  0E				     push    cs
   3014	159E  07				     pop     es
   3015	159F  BE 7688				     mov     si,7688h
   3016	15A2  B0 06				     mov     al,6
   3017	15A4  2E: FF 16	010C			     call    word ptr cs:[10Ch]
   3018	15A9  C6 06 FF57 00			     mov     byte ptr ds:data_169e,0
   3019	15AE  E8 00E8				     call    copy_buffer
   3020	15B1  0E				     push    cs
   3021	15B2  07				     pop     es
   3022	15B3  2E: F6 06	7C64 FF			     test    byte ptr cs:data_128e,0FFh
   3023	15B9  74 0F				     jz	     loc_229		     ; Jump if zero
   3024	15BB  BF FF6C				     mov     di,data_172e
Turbo Assembler	 Version 2.01	     03/22/26 12:29:05	    Page 57
106PLADV.asm



   3025	15BE  32 C0				     xor     al,al		     ; Zero register
   3026	15C0  B9 0008				     mov     cx,8
   3027	15C3  F3> AA				     rep     stosb		     ; Rep when	cx >0 Store al to es:[di]
   3028	15C5  BE 7688				     mov     si,7688h
   3029	15C8  EB 32				     jmp     short loc_232
   3030	15CA			     loc_229:
   3031	15CA  BE FF6C				     mov     si,data_172e
   3032	15CD  BF 7C67				     mov     di,data_129e
   3033	15D0  B9 0008				     mov     cx,8
   3034
   3035	15D3			     locloop_230:
   3036	15D3  AC				     lodsb			     ; String [si] to al
   3037	15D4  0A C0				     or	     al,al		     ; Zero ?
   3038	15D6  74 03				     jz	     loc_231		     ; Jump if zero
   3039	15D8  AA				     stosb			     ; Store al	to es:[di]
   3040	15D9  E2 F8				     loop    locloop_230	     ; Loop if cx > 0
   3041
   3042	15DB			     loc_231:
   3043	15DB  26: C6 05	2E			     mov     byte ptr es:[di],2Eh    ; '.'
   3044	15DF  26: C6 45	01 55			     mov     byte ptr es:[di+1],55h  ; 'U'
   3045	15E4  26: C6 45	02 53			     mov     byte ptr es:[di+2],53h  ; 'S'
   3046	15E9  26: C6 45	03 52			     mov     byte ptr es:[di+3],52h  ; 'R'
   3047	15EE  26: C6 45	04 00			     mov     byte ptr es:[di+4],0
   3048	15F3  BE 7C65				     mov     si,7C65h
   3049	15F6  2E: C6 06	FF78 FF			     mov     byte ptr cs:data_175e,0FFh
   3050	15FC			     loc_232:
   3051	15FC  BF 0000				     mov     di,0
   3052	15FF  B0 03				     mov     al,3
   3053	1601  2E: FF 16	010C			     call    word ptr cs:[10Ch]
   3054	1606  2E: C6 06	FF78 00			     mov     byte ptr cs:data_175e,0
   3055	160C  72 25				     jc	     loc_233		     ; Jump if carry Set
   3056	160E  BE 767B				     mov     si,767Bh
   3057	1611  BF A000				     mov     di,0A000h
   3058	1614  B0 03				     mov     al,3
   3059	1616  2E: FF 16	010C			     call    word ptr cs:[10Ch]
   3060	161B  2E: FF 16	2042			     call    word ptr cs:data_66e
   3061	1620  B8 0001				     mov     ax,1
   3062	1623  CD 60				     int     60h		     ; ??INT Non-standard interrupt
   3063	1625  32 C9				     xor     cl,cl		     ; Zero register
   3064	1627  B8 0003				     mov     ax,3
   3065	162A  CD 60				     int     60h		     ; ??INT Non-standard interrupt
   3066	162C  B8 FFFF				     mov     ax,0FFFFh
   3067	162F  FF 26 7686			     jmp     word ptr ds:data_180e
   3068	1633			     loc_233:
   3069	1633  BB 1A46				     mov     bx,1A46h
   3070	1636  B9 1E1A				     mov     cx,1E1Ah
   3071	1639  B0 FF				     mov     al,0FFh
   3072	163B  2E: FF 16	2000			     call    word ptr cs:data_47e
   3073	1640  0E				     push    cs
   3074	1641  1F				     pop     ds
   3075	1642  BE 7667				     mov     si,7667h
   3076	1645  BB 0080				     mov     bx,80h
   3077	1648  B1 4C				     mov     cl,4Ch		     ; 'L'
   3078	164A  2E: FF 16	202A			     call    word ptr cs:data_63e
Turbo Assembler	 Version 2.01	     03/22/26 12:29:05	    Page 58
106PLADV.asm



   3079	164F  2E: C6 06	FF1D 00			     mov     byte ptr cs:data_154e,0
   3080	1655			     loc_234:
   3081	1655  2E: FF 16	0110			     call    word ptr cs:[110h]
   3082	165A  2E: F6 06	FF1D FF			     test    byte ptr cs:data_154e,0FFh
   3083	1660  74 F3				     jz	     loc_234		     ; Jump if zero
   3084	1662  2E: C6 06	FF1D 00			     mov     byte ptr cs:data_154e,0
   3085	1668  E9 FF2B				     jmp     loc_228
   3086	166B			     clear_buffer	     endp
   3087
   3088	166B  55 73 65 72 20 46	69+		     db	     'User File', 0Dh, 'Not Found'
   3089	      6C 65 0D 4E 6F 74	20+
   3090	      46 6F 75 6E 64
   3091	167E  FF 00 00				     db	     0FFh, 00h,	00h
   3092	1681  47 41 4D 45 2E 42	49+		     db	     'GAME.BIN'
   3093	      4E
   3094	1689  00 00 A0 00 00			     db	      00h, 00h,0A0h, 00h, 00h
   3095	168E  53 54 44 50 4C 59	2E+		     db	     'STDPLY.BIN'
   3096	      42 49 4E
   3097	1698  00				     db	     0
   3098
   3099				     ;ßßßßßßßßßßßßßßßßßßßßßßßßßßßßßßßßßßßßßßßßßßßßßßßßßßßßßßßßßßßßßßßßßßßßßßßßßß
   3100				     ;				    SUBROUTINE
   3101				     ;ÜÜÜÜÜÜÜÜÜÜÜÜÜÜÜÜÜÜÜÜÜÜÜÜÜÜÜÜÜÜÜÜÜÜÜÜÜÜÜÜÜÜÜÜÜÜÜÜÜÜÜÜÜÜÜÜÜÜÜÜÜÜÜÜÜÜÜÜÜÜÜÜÜÜ
   3102
   3103	1699			     copy_buffer	     proc    near
   3104	1699  8C C8				     mov     ax,cs
   3105	169B  8E C0				     mov     es,ax
   3106	169D  8E D8				     mov     ds,ax
   3107	169F  BF E000				     mov     di,0E000h
   3108	16A2  BA 77A8				     mov     dx,77A8h
   3109	16A5  2E: FF 16	011C			     call    word ptr cs:[11Ch]
   3110	16AA  BF E000				     mov     di,data_146e
   3111	16AD  FE 05				     inc     byte ptr [di]
   3112	16AF  75 02				     jnz     loc_235		     ; Jump if not zero
   3113	16B1  FE 0D				     dec     byte ptr [di]
   3114	16B3			     loc_235:
   3115	16B3  FD				     std			     ; Set direction flag
   3116	16B4  BE E1FD				     mov     si,data_148e
   3117	16B7  BF E1FF				     mov     di,data_149e
   3118	16BA  B9 00FF				     mov     cx,0FFh
   3119	16BD  F3> A5				     rep     movsw		     ; Rep when	cx >0 Mov [si] to es:[di]
   3120	16BF  FC				     cld			     ; Clear direction
   3121	16C0  C7 06 E001 77BA			     mov     word ptr ds:data_147e,77BAh
   3122	16C6  BB 0D38				     mov     bx,0D38h
   3123	16C9  B9 3637				     mov     cx,3637h
   3124	16CC  B0 FF				     mov     al,0FFh
   3125	16CE  2E: FF 16	2000			     call    word ptr cs:data_47e
   3126	16D3  BB 0D38				     mov     bx,0D38h
   3127	16D6  B9 2637				     mov     cx,2637h
   3128	16D9  B0 FF				     mov     al,0FFh
   3129	16DB  2E: FF 16	2000			     call    word ptr cs:data_47e
   3130	16E0  0E				     push    cs
   3131	16E1  07				     pop     es
   3132	16E2  BF 7C67				     mov     di,data_129e
Turbo Assembler	 Version 2.01	     03/22/26 12:29:05	    Page 59
106PLADV.asm



   3133	16E5  B0 60				     mov     al,60h		     ; '`'
   3134	16E7  B9 0008				     mov     cx,8
   3135	16EA  F3> AA				     rep     stosb		     ; Rep when	cx >0 Store al to es:[di]
   3136	16EC  B0 FF				     mov     al,0FFh
   3137	16EE  AA				     stosb			     ; Store al	to es:[di]
   3138	16EF  C6 06 7C5E 00			     mov     byte ptr ds:data_123e,0
   3139	16F4  BE FF6C				     mov     si,data_172e
   3140	16F7  BF 7C67				     mov     di,data_129e
   3141	16FA  B9 0008				     mov     cx,8
   3142
   3143	16FD			     locloop_236:
   3144	16FD  AC				     lodsb			     ; String [si] to al
   3145	16FE  0A C0				     or	     al,al		     ; Zero ?
   3146	1700  74 07				     jz	     loc_237		     ; Jump if zero
   3147	1702  FE 06 7C5E			     inc     byte ptr ds:data_123e
   3148	1706  AA				     stosb			     ; Store al	to es:[di]
   3149	1707  E2 F4				     loop    locloop_236	     ; Loop if cx > 0
   3150
   3151	1709			     loc_237:
   3152	1709  A0 7C5E				     mov     al,ds:data_123e
   3153	170C  A2 7C5F				     mov     ds:data_124e,al
   3154	170F  0E				     push    cs
   3155	1710  07				     pop     es
   3156	1711  BF 7C67				     mov     di,data_129e
   3157	1714  B0 60				     mov     al,60h		     ; '`'
   3158	1716  B9 0008				     mov     cx,8
   3159
   3160	1719			     locloop_238:
   3161	1719  AE				     scasb			     ; Scan es:[di] for	al
   3162	171A  75 0D				     jnz     loc_239		     ; Jump if not zero
   3163	171C  E2 FB				     loop    locloop_238	     ; Loop if cx > 0
   3164
   3165	171E  BE 77BA				     mov     si,data_99e
   3166	1721  BF 7C67				     mov     di,data_129e
   3167	1724  B9 0008				     mov     cx,8
   3168	1727  F3> A4				     rep     movsb		     ; Rep when	cx >0 Mov [si] to es:[di]
   3169	1729			     loc_239:
   3170	1729  BB 003C				     mov     bx,3Ch
   3171	172C  B1 44				     mov     cl,44h		     ; 'D'
   3172	172E  BE 77AE				     mov     si,77AEh
   3173	1731  2E: FF 16	202A			     call    word ptr cs:data_63e
   3174	1736  C7 06 7C60 0060			     mov     word ptr ds:data_125e,60h
   3175	173C  C6 06 7C62 56			     mov     byte ptr ds:data_126e,56h	     ; 'V'
   3176	1741  C7 06 FF54 343B			     mov     word ptr ds:data_167e,343Bh
   3177	1747  C7 06 FF6A 000A			     mov     word ptr ds:data_171e,0Ah
   3178	174D  A0 E000				     mov     al,ds:data_146e
   3179	1750  0A C0				     or	     al,al		     ; Zero ?
   3180	1752  74 50				     jz	     loc_246		     ; Jump if zero
   3181	1754  3C 05				     cmp     al,5
   3182	1756  72 02				     jb	     loc_240		     ; Jump if below
   3183	1758  B0 05				     mov     al,5
   3184	175A			     loc_240:
   3185	175A  32 E4				     xor     ah,ah		     ; Zero register
   3186	175C  8B C8				     mov     cx,ax
Turbo Assembler	 Version 2.01	     03/22/26 12:29:05	    Page 60
106PLADV.asm



   3187	175E  32 C0				     xor     al,al		     ; Zero register
   3188	1760  BE E001				     mov     si,0E001h
   3189	1763  E3 03				     jcxz    loc_241		     ; Jump if cx=0
   3190	1765  E8 00A3				     call    player_process_loop_2
   3191	1768			     loc_241:
   3192	1768  BE E001				     mov     si,0E001h
   3193	176B  A0 E000				     mov     al,ds:data_146e
   3194	176E  A2 FF53				     mov     ds:data_166e,al
   3195	1771  C6 06 FF52 05			     mov     byte ptr ds:data_165e,5
   3196	1776  E8 00C3				     call    player_copy_buf
   3197	1779  0E				     push    cs
   3198	177A  07				     pop     es
   3199	177B  BF FF6C				     mov     di,data_172e
   3200	177E  B9 0008				     mov     cx,8
   3201	1781  32 C0				     xor     al,al		     ; Zero register
   3202	1783  F3> AA				     rep     stosb		     ; Rep when	cx >0 Store al to es:[di]
   3203	1785  80 3E 7C5F 00			     cmp     byte ptr ds:data_200e,0
   3204	178A  F9				     stc			     ; Set carry flag
   3205	178B  75 01				     jnz     loc_242		     ; Jump if not zero
   3206	178D  C3				     retn
   3207	178E			     loc_242:
   3208	178E  BE 7C67				     mov     si,data_129e
   3209	1791  BF FF6C				     mov     di,data_172e
   3210	1794			     loc_243:
   3211	1794  AC				     lodsb			     ; String [si] to al
   3212	1795  3C FF				     cmp     al,0FFh
   3213	1797  F8				     clc			     ; Clear carry flag
   3214	1798  75 01				     jnz     loc_244		     ; Jump if not zero
   3215	179A  C3				     retn
   3216	179B			     loc_244:
   3217	179B  3C 60				     cmp     al,60h		     ; '`'
   3218	179D  F8				     clc			     ; Clear carry flag
   3219	179E  75 01				     jnz     loc_245		     ; Jump if not zero
   3220	17A0  C3				     retn
   3221	17A1			     loc_245:
   3222	17A1  AA				     stosb			     ; Store al	to es:[di]
   3223	17A2  EB F0				     jmp     short loc_243
   3224	17A4			     loc_246:
   3225	17A4  B8 FFFF				     mov     ax,0FFFFh
   3226	17A7  2E: FF 2E	FF00			     jmp     dword ptr cs:data_151e
   3227	17AC			     copy_buffer	     endp
   3228
   3229	17AC  2A 2E 75 73 72 00			     db	      2Ah, 2Eh,	75h, 73h, 72h, 00h
   3230	17B2  49 6E 70 75 74 20	6E+		     db	     'Input name:'
   3231	      61 6D 65 3A
   3232	17BD  FF				     db	     0FFh
   3233	17BE  52 65 2D 53 74 61	72+		     db	     'Re-Start'
   3234	      74
   3235	17C6  00				     db	     0
   3236
   3237				     ;ßßßßßßßßßßßßßßßßßßßßßßßßßßßßßßßßßßßßßßßßßßßßßßßßßßßßßßßßßßßßßßßßßßßßßßßßßß
   3238				     ;				    SUBROUTINE
   3239				     ;ÜÜÜÜÜÜÜÜÜÜÜÜÜÜÜÜÜÜÜÜÜÜÜÜÜÜÜÜÜÜÜÜÜÜÜÜÜÜÜÜÜÜÜÜÜÜÜÜÜÜÜÜÜÜÜÜÜÜÜÜÜÜÜÜÜÜÜÜÜÜÜÜÜÜ
   3240
Turbo Assembler	 Version 2.01	     03/22/26 12:29:05	    Page 61
106PLADV.asm



   3241	17C7			     player_func_51	     proc    near
   3242	17C7  2E: C6 06	7C64 00			     mov     byte ptr cs:data_128e,0
   3243	17CD  0E				     push    cs
   3244	17CE  07				     pop     es
   3245	17CF  BF 7C67				     mov     di,data_129e
   3246	17D2  B0 2D				     mov     al,2Dh		     ; '-'
   3247	17D4  B9 0008				     mov     cx,8
   3248	17D7  F2> AE				     repne   scasb		     ; Rep zf=0+cx >0 Scan es:[di] for al
   3249	17D9  74 01				     jz	     loc_247		     ; Jump if zero
   3250	17DB  C3				     retn
   3251	17DC			     loc_247:
   3252	17DC  2E: C6 06	7C64 FF			     mov     byte ptr cs:data_128e,0FFh
   3253	17E2  2E: C6 06	7C5E 00			     mov     byte ptr cs:data_123e,0
   3254	17E8  C3				     retn
   3255	17E9			     player_func_51	     endp
   3256
   3257
   3258				     ;ßßßßßßßßßßßßßßßßßßßßßßßßßßßßßßßßßßßßßßßßßßßßßßßßßßßßßßßßßßßßßßßßßßßßßßßßßß
   3259				     ;				    SUBROUTINE
   3260				     ;ÜÜÜÜÜÜÜÜÜÜÜÜÜÜÜÜÜÜÜÜÜÜÜÜÜÜÜÜÜÜÜÜÜÜÜÜÜÜÜÜÜÜÜÜÜÜÜÜÜÜÜÜÜÜÜÜÜÜÜÜÜÜÜÜÜÜÜÜÜÜÜÜÜÜ
   3261
   3262	17E9			     fill_buffer_2	     proc    near
   3263	17E9  2E: F6 06	7C64 FF			     test    byte ptr cs:data_128e,0FFh
   3264	17EF  75 01				     jnz     loc_248		     ; Jump if not zero
   3265	17F1  C3				     retn
   3266	17F2			     loc_248:
   3267	17F2  2E: C6 06	7C64 00			     mov     byte ptr cs:data_128e,0
   3268	17F8  0E				     push    cs
   3269	17F9  07				     pop     es
   3270	17FA  BF 7C67				     mov     di,data_129e
   3271	17FD  B0 60				     mov     al,60h		     ; '`'
   3272	17FF  B9 0008				     mov     cx,8
   3273	1802  F3> AA				     rep     stosb		     ; Rep when	cx >0 Store al to es:[di]
   3274	1804  2E: C6 06	7C5F 00			     mov     byte ptr cs:data_124e,0
   3275	180A  C3				     retn
   3276	180B			     fill_buffer_2	     endp
   3277
   3278
   3279				     ;ßßßßßßßßßßßßßßßßßßßßßßßßßßßßßßßßßßßßßßßßßßßßßßßßßßßßßßßßßßßßßßßßßßßßßßßßßß
   3280				     ;				    SUBROUTINE
   3281				     ;ÜÜÜÜÜÜÜÜÜÜÜÜÜÜÜÜÜÜÜÜÜÜÜÜÜÜÜÜÜÜÜÜÜÜÜÜÜÜÜÜÜÜÜÜÜÜÜÜÜÜÜÜÜÜÜÜÜÜÜÜÜÜÜÜÜÜÜÜÜÜÜÜÜÜ
   3282
   3283	180B			     player_process_loop_2	     proc    near
   3284	180B  32 E4				     xor     ah,ah		     ; Zero register
   3285
   3286	180D			     locloop_249:
   3287	180D  51				     push    cx
   3288	180E  56				     push    si
   3289	180F  50				     push    ax
   3290	1810  2E: FF 16	301A			     call    word ptr cs:data_79e
   3291	1815  58				     pop     ax
   3292	1816  50				     push    ax
   3293	1817  8A C4				     mov     al,ah
   3294	1819  32 E4				     xor     ah,ah		     ; Zero register
Turbo Assembler	 Version 2.01	     03/22/26 12:29:05	    Page 62
106PLADV.asm



   3295	181B  03 C0				     add     ax,ax
   3296	181D  8B D8				     mov     bx,ax
   3297	181F  03 C0				     add     ax,ax
   3298	1821  03 C0				     add     ax,ax
   3299	1823  03 D8				     add     bx,ax
   3300	1825  03 1E FF54			     add     bx,ds:data_167e
   3301	1829  81 C3 0300			     add     bx,300h
   3302	182D  2E: FF 16	301C			     call    word ptr cs:data_80e
   3303	1832  58				     pop     ax
   3304	1833  FE C0				     inc     al
   3305	1835  FE C4				     inc     ah
   3306	1837  5E				     pop     si
   3307	1838  59				     pop     cx
   3308	1839  E2 D2				     loop    locloop_249	     ; Loop if cx > 0
   3309
   3310	183B  C3				     retn
   3311	183C			     player_process_loop_2	     endp
   3312
   3313
   3314				     ;ßßßßßßßßßßßßßßßßßßßßßßßßßßßßßßßßßßßßßßßßßßßßßßßßßßßßßßßßßßßßßßßßßßßßßßßßßß
   3315				     ;				    SUBROUTINE
   3316				     ;ÜÜÜÜÜÜÜÜÜÜÜÜÜÜÜÜÜÜÜÜÜÜÜÜÜÜÜÜÜÜÜÜÜÜÜÜÜÜÜÜÜÜÜÜÜÜÜÜÜÜÜÜÜÜÜÜÜÜÜÜÜÜÜÜÜÜÜÜÜÜÜÜÜÜ
   3317
   3318	183C			     player_copy_buf	     proc    near
   3319	183C  E8 FF88				     call    player_func_51
   3320	183F  C6 06 FF74 FF			     mov     byte ptr ds:data_173e,0FFh
   3321	1844  C6 06 FF29 00			     mov     byte ptr ds:data_158e,0
   3322	1849  C6 06 FF1D 00			     mov     byte ptr ds:data_154e,0
   3323	184E  C6 06 FF1E 00			     mov     byte ptr ds:data_155e,0
   3324	1853  C6 06 FF56 00			     mov     byte ptr ds:data_168e,0
   3325	1858  C6 06 7C63 00			     mov     byte ptr ds:data_127e,0
   3326	185D  32 DB				     xor     bl,bl		     ; Zero register
   3327	185F  F6 06 FF53 FF			     test    byte ptr ds:data_166e,0FFh
   3328	1864  74 05				     jz	     loc_250		     ; Jump if zero
   3329	1866  2E: FF 16	6014			     call    word ptr cs:data_88e
   3330	186B			     loc_250:
   3331	186B  E8 02B0				     call    player_func_56
   3332	186E  32 C0				     xor     al,al		     ; Zero register
   3333	1870  E8 023E				     call    player_func_55
   3334	1873			     loc_251:
   3335	1873  C6 06 FF1A 00			     mov     byte ptr ds:data_211e,0
   3336	1878  2E: F7 06	FF18 0001		     test    word ptr cs:data_152e,1
   3337	187F  74 42				     jz	     loc_255		     ; Jump if zero
   3338	1881  0E				     push    cs
   3339	1882  07				     pop     es
   3340	1883  BF 7C67				     mov     di,data_129e
   3341	1886  B0 60				     mov     al,60h		     ; '`'
   3342	1888  B9 0008				     mov     cx,8
   3343
   3344	188B			     locloop_252:
   3345	188B  AE				     scasb			     ; Scan es:[di] for	al
   3346	188C  75 25				     jnz     loc_254		     ; Jump if not zero
   3347	188E  E2 FB				     loop    locloop_252	     ; Loop if cx > 0
   3348
Turbo Assembler	 Version 2.01	     03/22/26 12:29:05	    Page 63
106PLADV.asm



   3349	1890  56				     push    si
   3350	1891  BE 77BA				     mov     si,data_181e
   3351	1894  BF 7C67				     mov     di,data_129e
   3352	1897  B9 0008				     mov     cx,8
   3353	189A  F3> A4				     rep     movsb		     ; Rep when	cx >0 Mov [si] to es:[di]
   3354	189C  5E				     pop     si
   3355	189D  E8 FF27				     call    player_func_51
   3356	18A0  E8 027B				     call    player_func_56
   3357	18A3  C6 06 FF75 01			     mov     byte ptr ds:data_223e,1
   3358	18A8			     loc_253:
   3359	18A8  2E: F7 06	FF18 0001		     test    word ptr cs:data_152e,1
   3360	18AF  75 F7				     jnz     loc_253		     ; Jump if not zero
   3361	18B1  EB C0				     jmp     short loc_251
   3362	18B3			     loc_254:
   3363	18B3  C6 06 FF75 1F			     mov     byte ptr ds:data_223e,1Fh
   3364	18B8  C6 06 FF74 00			     mov     byte ptr ds:data_222e,0
   3365	18BD  C6 06 FF1E 00			     mov     byte ptr ds:data_213e,0
   3366	18C2  C3				     retn
   3367	18C3			     loc_255:
   3368	18C3  F6 06 FF1D FF			     test    byte ptr ds:data_212e,0FFh
   3369	18C8  74 6B				     jz	     loc_258		     ; Jump if zero
   3370	18CA  C6 06 FF75 01			     mov     byte ptr ds:data_223e,1
   3371	18CF  56				     push    si
   3372	18D0  32 FF				     xor     bh,bh		     ; Zero register
   3373	18D2  8A 1E FF56			     mov     bl,ds:data_219e
   3374	18D6  02 1E 7C63			     add     bl,ds:data_203e
   3375	18DA  03 DB				     add     bx,bx
   3376	18DC  8B 30				     mov     si,[bx+si]
   3377	18DE  0E				     push    cs
   3378	18DF  07				     pop     es
   3379	18E0  BF 7C67				     mov     di,data_129e
   3380	18E3  B0 60				     mov     al,60h		     ; '`'
   3381	18E5  B9 0008				     mov     cx,8
   3382	18E8  F3> AA				     rep     stosb		     ; Rep when	cx >0 Store al to es:[di]
   3383	18EA  B0 FF				     mov     al,0FFh
   3384	18EC  AA				     stosb			     ; Store al	to es:[di]
   3385	18ED  C6 06 7C5E 00			     mov     byte ptr ds:data_199e,0
   3386	18F2  BF 7C67				     mov     di,data_129e
   3387	18F5  B9 0008				     mov     cx,8
   3388
   3389	18F8			     locloop_256:
   3390	18F8  AC				     lodsb			     ; String [si] to al
   3391	18F9  0A C0				     or	     al,al		     ; Zero ?
   3392	18FB  74 07				     jz	     loc_257		     ; Jump if zero
   3393	18FD  FE 06 7C5E			     inc     byte ptr ds:data_199e
   3394	1901  AA				     stosb			     ; Store al	to es:[di]
   3395	1902  E2 F4				     loop    locloop_256	     ; Loop if cx > 0
   3396
   3397	1904			     loc_257:
   3398	1904  A0 7C5E				     mov     al,ds:data_199e
   3399	1907  A2 7C5F				     mov     ds:data_200e,al
   3400	190A  5E				     pop     si
   3401	190B  E8 FEB9				     call    player_func_51
   3402	190E  C6 06 FF1D 00			     mov     byte ptr ds:data_212e,0
Turbo Assembler	 Version 2.01	     03/22/26 12:29:05	    Page 64
106PLADV.asm



   3403	1913  A1 7C60				     mov     ax,ds:data_201e
   3404	1916  D1 E8				     shr     ax,1		     ; Shift w/zeros fill
   3405	1918  D1 E8				     shr     ax,1		     ; Shift w/zeros fill
   3406	191A  8A F8				     mov     bh,al
   3407	191C  8A 1E 7C62			     mov     bl,ds:data_202e
   3408	1920  B9 1010				     mov     cx,1010h
   3409	1923  32 C0				     xor     al,al		     ; Zero register
   3410	1925  2E: FF 16	2000			     call    word ptr cs:data_47e
   3411	192A  E8 01F1				     call    player_func_56
   3412	192D  32 C0				     xor     al,al		     ; Zero register
   3413	192F  E8 017F				     call    player_func_55
   3414	1932  E9 FF3E				     jmp     loc_251
   3415	1935			     loc_258:
   3416	1935  B9 786F				     mov     cx,786Fh
   3417	1938  51				     push    cx
   3418	1939  F6 06 FF29 FF			     test    byte ptr ds:data_214e,0FFh
   3419	193E  74 40				     jz	     loc_262		     ; Jump if zero
   3420	1940  C6 06 FF75 01			     mov     byte ptr ds:data_223e,1
   3421	1945  A0 FF29				     mov     al,ds:data_214e
   3422	1948  C6 06 FF29 00			     mov     byte ptr ds:data_214e,0
   3423	194D  3C 0D				     cmp     al,0Dh
   3424	194F  75 01				     jne     loc_259		     ; Jump if not equal
   3425	1951  C3				     retn
   3426	1952			     loc_259:
   3427	1952  3C 08				     cmp     al,8
   3428	1954  75 03				     jne     loc_260		     ; Jump if not equal
   3429	1956  E9 01EF				     jmp     loc_282
   3430	1959			     loc_260:
   3431	1959  50				     push    ax
   3432	195A  E8 FE8C				     call    fill_buffer_2
   3433	195D  58				     pop     ax
   3434	195E  33 DB				     xor     bx,bx		     ; Zero register
   3435	1960  8A 1E 7C5E			     mov     bl,ds:data_199e
   3436	1964  80 BF 7C67 60			     cmp     byte ptr ds:data_204e[bx],60h   ; '`'
   3437	1969  75 04				     jne     loc_261		     ; Jump if not equal
   3438	196B  FE 06 7C5F			     inc     byte ptr ds:data_200e
   3439	196F			     loc_261:
   3440	196F  88 87 7C67			     mov     ds:data_204e[bx],al
   3441	1973  E8 01A8				     call    player_func_56
   3442	1976  C6 06 FF75 01			     mov     byte ptr ds:data_223e,1
   3443	197B  B0 01				     mov     al,1
   3444	197D  E9 0131				     jmp     loc_278
   3445	1980			     loc_262:
   3446	1980  CD 61				     int     61h		     ; ??INT Non-standard interrupt
   3447	1982  A8 08				     test    al,8
   3448	1984  74 16				     jz	     loc_264		     ; Jump if zero
   3449	1986  C6 06 FF75 01			     mov     byte ptr ds:data_223e,1
   3450	198B  B0 01				     mov     al,1
   3451	198D  E8 0121				     call    player_func_55
   3452	1990			     loc_263:
   3453	1990  CD 61				     int     61h		     ; ??INT Non-standard interrupt
   3454	1992  A8 08				     test    al,8
   3455	1994  75 FA				     jnz     loc_263		     ; Jump if not zero
   3456	1996  C6 06 FF29 00			     mov     byte ptr ds:data_214e,0
Turbo Assembler	 Version 2.01	     03/22/26 12:29:05	    Page 65
106PLADV.asm



   3457	199B  C3				     retn
   3458	199C			     loc_264:
   3459	199C  A8 04				     test    al,4
   3460	199E  74 16				     jz	     loc_266		     ; Jump if zero
   3461	19A0  C6 06 FF75 01			     mov     byte ptr ds:data_223e,1
   3462	19A5  B0 FF				     mov     al,0FFh
   3463	19A7  E8 0107				     call    player_func_55
   3464	19AA			     loc_265:
   3465	19AA  CD 61				     int     61h		     ; ??INT Non-standard interrupt
   3466	19AC  A8 04				     test    al,4
   3467	19AE  75 FA				     jnz     loc_265		     ; Jump if not zero
   3468	19B0  C6 06 FF29 00			     mov     byte ptr ds:data_214e,0
   3469	19B5  C3				     retn
   3470	19B6			     loc_266:
   3471	19B6  F6 06 FF53 FF			     test    byte ptr ds:data_217e,0FFh
   3472	19BB  75 01				     jnz     loc_267		     ; Jump if not zero
   3473	19BD  C3				     retn
   3474	19BE			     loc_267:
   3475	19BE  24 03				     and     al,3
   3476	19C0  3C 01				     cmp     al,1
   3477	19C2  75 6B				     jne     loc_272		     ; Jump if not equal
   3478	19C4  F6 06 7C63 FF			     test    byte ptr ds:data_203e,0FFh
   3479	19C9  74 0E				     jz	     loc_268		     ; Jump if zero
   3480	19CB  8A 1E 7C63			     mov     bl,ds:data_203e
   3481	19CF  2E: FF 16	6018			     call    word ptr cs:data_89e
   3482	19D4  FE 0E 7C63			     dec     byte ptr ds:data_203e
   3483	19D8  C3				     retn
   3484	19D9			     loc_268:
   3485	19D9  F6 06 FF56 FF			     test    byte ptr ds:data_219e,0FFh
   3486	19DE  75 01				     jnz     loc_269		     ; Jump if not zero
   3487	19E0  C3				     retn
   3488	19E1			     loc_269:
   3489	19E1  57				     push    di
   3490	19E2  56				     push    si
   3491	19E3  FE 0E FF56			     dec     byte ptr ds:data_219e
   3492	19E7  A0 FF56				     mov     al,ds:data_219e
   3493	19EA  02 06 7C63			     add     al,ds:data_203e
   3494	19EE  2E: FF 16	301A			     call    word ptr cs:data_79e
   3495	19F3  B9 000A				     mov     cx,0Ah
   3496
   3497	19F6			     locloop_270:
   3498	19F6  51				     push    cx
   3499	19F7  8B 1E FF54			     mov     bx,ds:data_218e
   3500	19FB  81 C3 0301			     add     bx,301h
   3501	19FF  8A C1				     mov     al,cl
   3502	1A01  FE C8				     dec     al
   3503	1A03  8A 0E FF52			     mov     cl,ds:data_216e
   3504	1A07  02 C9				     add     cl,cl
   3505	1A09  8A D1				     mov     dl,cl
   3506	1A0B  02 C9				     add     cl,cl
   3507	1A0D  02 C9				     add     cl,cl
   3508	1A0F  02 CA				     add     cl,dl
   3509	1A11  80 E9 02				     sub     cl,2
   3510	1A14  8A 2E FF6A			     mov     ch,ds:data_221e
Turbo Assembler	 Version 2.01	     03/22/26 12:29:05	    Page 66
106PLADV.asm



   3511	1A18  2E: FF 16	301E			     call    word ptr cs:data_81e
   3512	1A1D			     loc_271:
   3513	1A1D  80 3E FF1A 04			     cmp     byte ptr ds:data_211e,4
   3514	1A22  72 F9				     jb	     loc_271		     ; Jump if below
   3515	1A24  C6 06 FF1A 00			     mov     byte ptr ds:data_211e,0
   3516	1A29  59				     pop     cx
   3517	1A2A  E2 CA				     loop    locloop_270	     ; Loop if cx > 0
   3518
   3519	1A2C  5E				     pop     si
   3520	1A2D  5F				     pop     di
   3521	1A2E  C3				     retn
   3522	1A2F			     loc_272:
   3523	1A2F  3C 02				     cmp     al,2
   3524	1A31  74 01				     je	     loc_273		     ; Jump if equal
   3525	1A33  C3				     retn
   3526	1A34			     loc_273:
   3527	1A34  A0 7C63				     mov     al,ds:data_203e
   3528	1A37  02 06 FF56			     add     al,ds:data_219e
   3529	1A3B  FE C0				     inc     al
   3530	1A3D  8A 26 FF53			     mov     ah,ds:data_217e
   3531	1A41  FE CC				     dec     ah
   3532	1A43  3A E0				     cmp     ah,al
   3533	1A45  73 01				     jae     loc_274		     ; Jump if above or	=
   3534	1A47  C3				     retn
   3535	1A48			     loc_274:
   3536	1A48  A0 FF52				     mov     al,ds:data_216e
   3537	1A4B  FE C8				     dec     al
   3538	1A4D  38 06 7C63			     cmp     ds:data_203e,al
   3539	1A51  73 0E				     jae     loc_275		     ; Jump if above or	=
   3540	1A53  8A 1E 7C63			     mov     bl,ds:data_203e
   3541	1A57  2E: FF 16	601A			     call    word ptr cs:data_90e
   3542	1A5C  FE 06 7C63			     inc     byte ptr ds:data_203e
   3543	1A60  C3				     retn
   3544	1A61			     loc_275:
   3545	1A61  57				     push    di
   3546	1A62  56				     push    si
   3547	1A63  FE 06 FF56			     inc     byte ptr ds:data_219e
   3548	1A67  A0 FF56				     mov     al,ds:data_219e
   3549	1A6A  02 06 7C63			     add     al,ds:data_203e
   3550	1A6E  2E: FF 16	301A			     call    word ptr cs:data_79e
   3551	1A73  B9 000A				     mov     cx,0Ah
   3552
   3553	1A76			     locloop_276:
   3554	1A76  51				     push    cx
   3555	1A77  8B 1E FF54			     mov     bx,ds:data_218e
   3556	1A7B  81 C3 0301			     add     bx,301h
   3557	1A7F  8A C1				     mov     al,cl
   3558	1A81  F6 D8				     neg     al
   3559	1A83  04 0A				     add     al,0Ah
   3560	1A85  8A 0E FF52			     mov     cl,ds:data_216e
   3561	1A89  02 C9				     add     cl,cl
   3562	1A8B  8A D1				     mov     dl,cl
   3563	1A8D  02 C9				     add     cl,cl
   3564	1A8F  02 C9				     add     cl,cl
Turbo Assembler	 Version 2.01	     03/22/26 12:29:05	    Page 67
106PLADV.asm



   3565	1A91  02 CA				     add     cl,dl
   3566	1A93  80 E9 02				     sub     cl,2
   3567	1A96  8A 2E FF6A			     mov     ch,ds:data_221e
   3568	1A9A  2E: FF 16	3020			     call    word ptr cs:data_82e
   3569	1A9F			     loc_277:
   3570	1A9F  80 3E FF1A 04			     cmp     byte ptr ds:data_211e,4
   3571	1AA4  72 F9				     jb	     loc_277		     ; Jump if below
   3572	1AA6  C6 06 FF1A 00			     mov     byte ptr ds:data_211e,0
   3573	1AAB  59				     pop     cx
   3574	1AAC  E2 C8				     loop    locloop_276	     ; Loop if cx > 0
   3575
   3576	1AAE  5E				     pop     si
   3577	1AAF  5F				     pop     di
   3578	1AB0  C3				     retn
   3579
   3580				     ;ßßßß External Entry into Subroutine ßßßßßßßßßßßßßßßßßßßßßßßßßßßßßßßßßßßßßß
   3581
   3582	1AB1			     player_func_55:
   3583	1AB1			     loc_278:
   3584	1AB1  56				     push    si
   3585	1AB2  50				     push    ax
   3586	1AB3  A1 7C60				     mov     ax,ds:data_125e
   3587	1AB6  D1 E8				     shr     ax,1		     ; Shift w/zeros fill
   3588	1AB8  D1 E8				     shr     ax,1		     ; Shift w/zeros fill
   3589	1ABA  8A F8				     mov     bh,al
   3590	1ABC  A0 7C5E				     mov     al,ds:data_123e
   3591	1ABF  02 C0				     add     al,al
   3592	1AC1  02 F8				     add     bh,al
   3593	1AC3  8A 1E 7C62			     mov     bl,ds:data_126e
   3594	1AC7  80 C3 08				     add     bl,8
   3595	1ACA  B9 0208				     mov     cx,208h
   3596	1ACD  32 C0				     xor     al,al		     ; Zero register
   3597	1ACF  2E: FF 16	2000			     call    word ptr cs:data_47e
   3598	1AD4  58				     pop     ax
   3599	1AD5  00 06 7C5E			     add     ds:data_123e,al
   3600	1AD9  F6 06 7C5E 80			     test    byte ptr ds:data_123e,80h
   3601	1ADE  74 05				     jz	     loc_279		     ; Jump if zero
   3602	1AE0  C6 06 7C5E 00			     mov     byte ptr ds:data_123e,0
   3603	1AE5			     loc_279:
   3604	1AE5  80 3E 7C5E 08			     cmp     byte ptr ds:data_123e,8
   3605	1AEA  72 04				     jb	     loc_280		     ; Jump if below
   3606	1AEC  FE 0E 7C5E			     dec     byte ptr ds:data_123e
   3607	1AF0			     loc_280:
   3608	1AF0  A0 7C5F				     mov     al,ds:data_124e
   3609	1AF3  38 06 7C5E			     cmp     ds:data_123e,al
   3610	1AF7  72 03				     jb	     loc_281		     ; Jump if below
   3611	1AF9  A2 7C5E				     mov     ds:data_123e,al
   3612	1AFC			     loc_281:
   3613	1AFC  8B 1E 7C60			     mov     bx,ds:data_125e
   3614	1B00  8A 0E 7C62			     mov     cl,ds:data_126e
   3615	1B04  33 C0				     xor     ax,ax		     ; Zero register
   3616	1B06  A0 7C5E				     mov     al,ds:data_123e
   3617	1B09  03 C0				     add     ax,ax
   3618	1B0B  03 C0				     add     ax,ax
Turbo Assembler	 Version 2.01	     03/22/26 12:29:05	    Page 68
106PLADV.asm



   3619	1B0D  03 C0				     add     ax,ax
   3620	1B0F  03 D8				     add     bx,ax
   3621	1B11  80 C1 08				     add     cl,8
   3622	1B14  B8 067F				     mov     ax,67Fh
   3623	1B17  2E: FF 16	2022			     call    word ptr cs:data_59e
   3624	1B1C  5E				     pop     si
   3625	1B1D  C3				     retn
   3626
   3627				     ;ßßßß External Entry into Subroutine ßßßßßßßßßßßßßßßßßßßßßßßßßßßßßßßßßßßßßß
   3628
   3629	1B1E			     player_func_56:
   3630	1B1E  56				     push    si
   3631	1B1F  A1 7C60				     mov     ax,ds:data_125e
   3632	1B22  D1 E8				     shr     ax,1		     ; Shift w/zeros fill
   3633	1B24  D1 E8				     shr     ax,1		     ; Shift w/zeros fill
   3634	1B26  8A F8				     mov     bh,al
   3635	1B28  8A 1E 7C62			     mov     bl,ds:data_126e
   3636	1B2C  B9 1008				     mov     cx,1008h
   3637	1B2F  32 C0				     xor     al,al		     ; Zero register
   3638	1B31  2E: FF 16	2000			     call    word ptr cs:data_47e
   3639	1B36  8B 1E 7C60			     mov     bx,ds:data_125e
   3640	1B3A  8A 0E 7C62			     mov     cl,ds:data_126e
   3641	1B3E  BE 7C67				     mov     si,7C67h
   3642	1B41  2E: FF 16	202A			     call    word ptr cs:data_63e
   3643	1B46  5E				     pop     si
   3644	1B47  C3				     retn
   3645	1B48			     loc_282:
   3646	1B48  E8 FC9E				     call    fill_buffer_2
   3647	1B4B  56				     push    si
   3648	1B4C  8A 1E 7C5E			     mov     bl,ds:data_123e
   3649	1B50  0A DB				     or	     bl,bl		     ; Zero ?
   3650	1B52  75 02				     jnz     loc_283		     ; Jump if not zero
   3651	1B54  FE C3				     inc     bl
   3652	1B56			     loc_283:
   3653	1B56  32 FF				     xor     bh,bh		     ; Zero register
   3654	1B58  0E				     push    cs
   3655	1B59  07				     pop     es
   3656	1B5A  BE 7C67				     mov     si,data_129e
   3657	1B5D  03 F3				     add     si,bx
   3658	1B5F  8B FE				     mov     di,si
   3659	1B61  4F				     dec     di
   3660	1B62  B0 08				     mov     al,8
   3661	1B64  2A C3				     sub     al,bl
   3662	1B66  8A C8				     mov     cl,al
   3663	1B68  32 ED				     xor     ch,ch		     ; Zero register
   3664	1B6A  F3> A4				     rep     movsb		     ; Rep when	cx >0 Mov [si] to es:[di]
   3665	1B6C  F6 06 7C5F FF			     test    byte ptr ds:data_124e,0FFh
   3666	1B71  74 04				     jz	     loc_284		     ; Jump if zero
   3667	1B73  FE 0E 7C5F			     dec     byte ptr ds:data_124e
   3668	1B77			     loc_284:
   3669	1B77  C6 06 7C6E 60			     mov     byte ptr ds:data_130e,60h	     ; '`'
   3670	1B7C  B0 FF				     mov     al,0FFh
   3671	1B7E  E8 FF30				     call    player_func_55
   3672	1B81  E8 FF9A				     call    player_func_56
Turbo Assembler	 Version 2.01	     03/22/26 12:29:05	    Page 69
106PLADV.asm



   3673	1B84  5E				     pop     si
   3674	1B85  C3				     retn
   3675	1B86			     player_copy_buf	     endp
   3676
   3677	1B86  00 02 02 03 01 00			     db	     0,	2, 2, 3, 1, 0
   3678	1B8C  00 02 02 03 01 01			     db	     0,	2, 2, 3, 1, 1
   3679	1B92  01 02 02 00 01 02			     db	     1,	2, 2, 0, 1, 2
   3680	1B98  08*(01)				     db	     8 dup (1)
   3681	1BA0  03 02 01 01 02 01			     db	     3,	2, 1, 1, 2, 1
   3682	1BA6  09*(00)				     db	     9 dup (0)
   3683	1BAF  02 00				     db	     2,	0
   3684	1BB1  09*(00)				     db	     9 dup (0)
   3685	1BBA  01 00 00 00 00 00			     db	     1,	0, 0, 0, 0, 0
   3686	1BC0  01 02 02 02 01 01			     db	     1,	2, 2, 2, 1, 1
   3687	1BC6  01 00 00 01 00 01			     db	     1,	0, 0, 1, 0, 1
   3688	1BCC  01 00 00 02 01 00			     db	     1,	0, 0, 2, 1, 0
   3689	1BD2  02 00 01 01 00 00			     db	     2,	0, 1, 1, 0, 0
   3690	1BD8  00 01 01 00 00 00			     db	     0,	1, 1, 0, 0, 0
   3691	1BDE  01 01 01 02 00 03			     db	     1,	1, 1, 2, 0, 3
   3692	1BE4  01 00 05 04 04 04			     db	     1,	0, 5, 4, 4, 4
   3693	1BEA  06 08 05 03 04 04			     db	     6,	8, 5, 3, 4, 4
   3694	1BF0  06 06 06 05 06 08			     db	     6,	6, 6, 5, 6, 8
   3695	1BF6  07 05 07 07 07 07			     db	     7,	5, 7, 7, 7, 7
   3696	1BFC  07 07 07 07 03 04			     db	     7,	7, 7, 7, 3, 4
   3697	1C02  06 06 06 07			     db	     6,	6, 6, 7
   3698	1C06  09*(08)				     db	     9 dup (8)
   3699	1C0F  05 08 08				     db	     5,	8, 8
   3700	1C12  08*(08)				     db	     8 dup (8)
   3701	1C1A  07 08 08 08 08 08			     db	     7,	8, 8, 8, 8, 8
   3702	1C20  07 05 03 05 06 07			     db	     7,	5, 3, 5, 6, 7
   3703	1C26  07 08 08 07 08 07			     db	     7,	8, 8, 7, 8, 7
   3704	1C2C  07 08 08 05 06 08			     db	     7,	8, 8, 5, 6, 8
   3705	1C32  05 08 07 07 08 08			     db	     5,	8, 7, 7, 8, 8
   3706	1C38  08 07 06 08 08 08			     db	     8,	7, 6, 8, 8, 8
   3707	1C3E  07 07 07 04 08 04			     db	     7,	7, 7, 4, 8, 4
   3708	1C44  07 08 00				     db	     7,	8, 0
   3709	1C47  3A*(00)				     db	     58	dup (0)
   3710
   3711	1C81			     seg_a	     ends
   3712
   3713
   3714
   3715						     end     start
Turbo Assembler	 Version 2.01	     03/22/26 12:29:05	    Page 70
Symbol Table




Symbol Name			  Type	 Value

??DATE				  Text	 "03/22/26"
??FILENAME			  Text	 "106PLADV"
??TIME				  Text	 "12:29:04"
??VERSION			  Number 0201
@CPU				  Text	 0101H
@CURSEG				  Text	 SEG_A
@FILENAME			  Text	 106PLADV
@WORDSIZE			  Text	 2
CLEAR_BUFFER			  Near	 SEG_A:1596
COPY_BUFFER			  Near	 SEG_A:1699
DATA_100E			  Number 7B82
DATA_101E			  Number 7BE2
DATA_102E			  Number 7C42
DATA_103E			  Number 7C43
DATA_104E			  Number 7C44
DATA_105E			  Number 7C45
DATA_106E			  Number 7C46
DATA_107E			  Number 7C47
DATA_108E			  Number 7C49
DATA_109E			  Number 7C4B
DATA_110E			  Number 7C4C
DATA_111E			  Number 7C4E
DATA_112E			  Number 7C50
DATA_113E			  Number 7C52
DATA_114E			  Number 7C53
DATA_115E			  Number 7C54
DATA_116E			  Number 7C55
DATA_117E			  Number 7C56
DATA_118E			  Number 7C57
DATA_119E			  Number 7C58
DATA_120E			  Number 7C5A
DATA_121E			  Number 7C5C
DATA_122E			  Number 7C5D
DATA_123E			  Number 7C5E
DATA_124E			  Number 7C5F
DATA_125E			  Number 7C60
DATA_126E			  Number 7C62
DATA_127E			  Number 7C63
DATA_128E			  Number 7C64
DATA_129E			  Number 7C67
DATA_130E			  Number 7C6E
DATA_131E			  Number 7C74
DATA_132E			  Number 7C7A
DATA_133E			  Number A000
DATA_134E			  Number A002
DATA_135E			  Number A004
DATA_136E			  Number C000
DATA_137E			  Number C002
DATA_138E			  Number C004
DATA_139E			  Number C007
DATA_140E			  Number C009
Turbo Assembler	 Version 2.01	     03/22/26 12:29:05	    Page 71
Symbol Table



DATA_141E			  Number C00D
DATA_142E			  Number C00F
DATA_143E			  Number C011
DATA_144E			  Number C015
DATA_145E			  Number C01C
DATA_146E			  Number E000
DATA_147E			  Number E001
DATA_148E			  Number E1FD
DATA_149E			  Number E1FF
DATA_150E			  Number F605
DATA_151E			  Number FF00
DATA_152E			  Number FF18
DATA_153E			  Number FF1A
DATA_154E			  Number FF1D
DATA_155E			  Number FF1E
DATA_156E			  Number FF24
DATA_157E			  Number FF26
DATA_158E			  Number FF29
DATA_159E			  Number FF2A
DATA_160E			  Number FF2C
DATA_161E			  Number FF33
DATA_162E			  Number FF4C
DATA_163E			  Number FF4E
DATA_164E			  Number FF4F
DATA_165E			  Number FF52
DATA_166E			  Number FF53
DATA_167E			  Number FF54
DATA_168E			  Number FF56
DATA_169E			  Number FF57
DATA_170E			  Number FF58
DATA_171E			  Number FF6A
DATA_172E			  Number FF6C
DATA_173E			  Number FF74
DATA_174E			  Number FF75
DATA_175E			  Number FF78
DATA_176E			  Number 0049
DATA_177E			  Number 0083
DATA_178E			  Number 00C2
DATA_179E			  Number 6AE9
DATA_180E			  Number 7686
DATA_181E			  Number 77BA
DATA_182E			  Number 7B82
DATA_183E			  Number 7BE2
DATA_184E			  Number 7C42
DATA_185E			  Number 7C44
DATA_186E			  Number 7C47
DATA_187E			  Number 7C4B
DATA_188E			  Number 7C4C
DATA_189E			  Number 7C4E
DATA_190E			  Number 7C52
DATA_191E			  Number 7C53
DATA_192E			  Number 7C54
DATA_193E			  Number 7C56
DATA_194E			  Number 7C57
Turbo Assembler	 Version 2.01	     03/22/26 12:29:05	    Page 72
Symbol Table



DATA_195E			  Number 7C58
DATA_196E			  Number 7C5A
DATA_197E			  Number 7C5C
DATA_198E			  Number 7C5D
DATA_199E			  Number 7C5E
DATA_1E				  Number 4100
DATA_200E			  Number 7C5F
DATA_201E			  Number 7C60
DATA_202E			  Number 7C62
DATA_203E			  Number 7C63
DATA_204E			  Number 7C67
DATA_205E			  Number 7C74
DATA_206E			  Number A000
DATA_207E			  Number C007
DATA_208E			  Number FF14
DATA_209E			  Number FF17
DATA_210E			  Number FF18
DATA_211E			  Number FF1A
DATA_212E			  Number FF1D
DATA_213E			  Number FF1E
DATA_214E			  Number FF29
DATA_215E			  Number FF4C
DATA_216E			  Number FF52
DATA_217E			  Number FF53
DATA_218E			  Number FF54
DATA_219E			  Number FF56
DATA_220E			  Number FF58
DATA_221E			  Number FF6A
DATA_222E			  Number FF74
DATA_223E			  Number FF75
DATA_2E				  Number 8002
DATA_3E				  Number C000
DATA_47E			  Number 2000
DATA_48E			  Number 2002
DATA_49E			  Number 2004
DATA_5				  Byte	 SEG_A:0006
DATA_50E			  Number 2006
DATA_51E			  Number 2008
DATA_52E			  Number 200E
DATA_53E			  Number 2010
DATA_54E			  Number 2012
DATA_55E			  Number 2014
DATA_56E			  Number 2016
DATA_57E			  Number 2018
DATA_58E			  Number 201A
DATA_59E			  Number 2022
DATA_60E			  Number 2024
DATA_61E			  Number 2026
DATA_62E			  Number 2028
DATA_63E			  Number 202A
DATA_64E			  Number 2038
DATA_65E			  Number 2040
DATA_66E			  Number 2042
DATA_67E			  Number 278B
Turbo Assembler	 Version 2.01	     03/22/26 12:29:05	    Page 73
Symbol Table



DATA_68E			  Number 3002
DATA_69E			  Number 3004
DATA_70E			  Number 3006
DATA_71E			  Number 3008
DATA_72E			  Number 300A
DATA_73E			  Number 300C
DATA_74E			  Number 300E
DATA_75E			  Number 3010
DATA_76E			  Number 3012
DATA_77E			  Number 3014
DATA_78E			  Number 3018
DATA_79E			  Number 301A
DATA_80E			  Number 301C
DATA_81E			  Number 301E
DATA_82E			  Number 3020
DATA_83E			  Number 3024
DATA_84E			  Number 3026
DATA_85E			  Number 481C
DATA_86E			  Number 4D4D
DATA_87E			  Number 534D
DATA_88E			  Number 6014
DATA_89E			  Number 6018
DATA_90E			  Number 601A
DATA_91E			  Number 6A59
DATA_92E			  Number 6AEB
DATA_93E			  Number 6C93
DATA_94E			  Number 6C9B
DATA_95E			  Number 6CA4
DATA_96E			  Number 6CAC
DATA_97E			  Number 6D88
DATA_98E			  Number 6FED
DATA_99E			  Number 77BA
FILL_BUFFER			  Near	 SEG_A:08F7
FILL_BUFFER_2			  Near	 SEG_A:17E9
LOCLOOP_107			  Near	 SEG_A:094A
LOCLOOP_109			  Near	 SEG_A:09B3
LOCLOOP_115			  Near	 SEG_A:0A85
LOCLOOP_14			  Near	 SEG_A:01D5
LOCLOOP_183			  Near	 SEG_A:11A1
LOCLOOP_198			  Near	 SEG_A:1302
LOCLOOP_200			  Near	 SEG_A:1311
LOCLOOP_210			  Near	 SEG_A:13B0
LOCLOOP_216			  Near	 SEG_A:142E
LOCLOOP_218			  Near	 SEG_A:148F
LOCLOOP_220			  Near	 SEG_A:14BB
LOCLOOP_224			  Near	 SEG_A:1520
LOCLOOP_225			  Near	 SEG_A:153F
LOCLOOP_230			  Near	 SEG_A:15D3
LOCLOOP_236			  Near	 SEG_A:16FD
LOCLOOP_238			  Near	 SEG_A:1719
LOCLOOP_249			  Near	 SEG_A:180D
LOCLOOP_252			  Near	 SEG_A:188B
LOCLOOP_256			  Near	 SEG_A:18F8
LOCLOOP_270			  Near	 SEG_A:19F6
Turbo Assembler	 Version 2.01	     03/22/26 12:29:05	    Page 74
Symbol Table



LOCLOOP_276			  Near	 SEG_A:1A76
LOCLOOP_49			  Near	 SEG_A:0501
LOCLOOP_84			  Near	 SEG_A:0774
LOCLOOP_85			  Near	 SEG_A:0779
LOCLOOP_98			  Near	 SEG_A:0886
LOC_1				  Near	 SEG_A:001E
LOC_10				  Near	 SEG_A:0143
LOC_100				  Near	 SEG_A:088F
LOC_101				  Near	 SEG_A:0898
LOC_102				  Near	 SEG_A:08A0
LOC_103				  Near	 SEG_A:08AB
LOC_104				  Near	 SEG_A:08C6
LOC_105				  Near	 SEG_A:08EA
LOC_106				  Near	 SEG_A:0900
LOC_108				  Near	 SEG_A:095C
LOC_11				  Near	 SEG_A:0148
LOC_110				  Near	 SEG_A:09BD
LOC_111				  Near	 SEG_A:09CC
LOC_112				  Near	 SEG_A:09F8
LOC_113				  Near	 SEG_A:0A15
LOC_114				  Near	 SEG_A:0A2A
LOC_116				  Near	 SEG_A:0A91
LOC_117				  Near	 SEG_A:0A9C
LOC_118				  Near	 SEG_A:0AA1
LOC_119				  Near	 SEG_A:0AF1
LOC_12				  Near	 SEG_A:01A9
LOC_120				  Near	 SEG_A:0AF5
LOC_121				  Near	 SEG_A:0AFF
LOC_122				  Near	 SEG_A:0B04
LOC_123				  Near	 SEG_A:0B0E
LOC_124				  Near	 SEG_A:0B1E
LOC_125				  Near	 SEG_A:0B7F
LOC_126				  Near	 SEG_A:0B99
LOC_127				  Near	 SEG_A:0B9E
LOC_128				  Near	 SEG_A:0BA5
LOC_129				  Near	 SEG_A:0BB9
LOC_13				  Near	 SEG_A:01D2
LOC_130				  Near	 SEG_A:0BD1
LOC_131				  Near	 SEG_A:0BE5
LOC_132				  Near	 SEG_A:0BFF
LOC_133				  Near	 SEG_A:0C13
LOC_134				  Near	 SEG_A:0C1B
LOC_135				  Near	 SEG_A:0C2C
LOC_136				  Near	 SEG_A:0C2F
LOC_137				  Near	 SEG_A:0C33
LOC_138				  Near	 SEG_A:0C3B
LOC_139				  Near	 SEG_A:0C56
LOC_140				  Near	 SEG_A:0C5E
LOC_141				  Near	 SEG_A:0C71
LOC_142				  Near	 SEG_A:0CCF
LOC_143				  Near	 SEG_A:0CD9
LOC_144				  Near	 SEG_A:0CE5
LOC_145				  Near	 SEG_A:0CF9
LOC_146				  Near	 SEG_A:0CFE
Turbo Assembler	 Version 2.01	     03/22/26 12:29:05	    Page 75
Symbol Table



LOC_147				  Near	 SEG_A:0D0D
LOC_148				  Near	 SEG_A:0D17
LOC_149				  Near	 SEG_A:0D23
LOC_15				  Near	 SEG_A:01E6
LOC_151				  Near	 SEG_A:0E2D
LOC_152				  Near	 SEG_A:0E44
LOC_153				  Near	 SEG_A:0E4A
LOC_154				  Near	 SEG_A:0E5F
LOC_155				  Near	 SEG_A:0E7B
LOC_156				  Near	 SEG_A:0E82
LOC_157				  Near	 SEG_A:0F7B
LOC_158				  Near	 SEG_A:0FA1
LOC_159				  Near	 SEG_A:0FC5
LOC_16				  Near	 SEG_A:0200
LOC_161				  Near	 SEG_A:1004
LOC_162				  Near	 SEG_A:102F
LOC_163				  Near	 SEG_A:105C
LOC_164				  Near	 SEG_A:1066
LOC_165				  Near	 SEG_A:1088
LOC_166				  Near	 SEG_A:108D
LOC_167				  Near	 SEG_A:10A7
LOC_168				  Near	 SEG_A:10AE
LOC_169				  Near	 SEG_A:10B5
LOC_17				  Near	 SEG_A:0216
LOC_170				  Near	 SEG_A:10BC
LOC_171				  Near	 SEG_A:10C3
LOC_172				  Near	 SEG_A:10CE
LOC_173				  Near	 SEG_A:10D9
LOC_174				  Near	 SEG_A:10E3
LOC_175				  Near	 SEG_A:10E8
LOC_176				  Near	 SEG_A:10F3
LOC_177				  Near	 SEG_A:114C
LOC_178				  Near	 SEG_A:1164
LOC_179				  Near	 SEG_A:1167
LOC_18				  Near	 SEG_A:0228
LOC_181				  Near	 SEG_A:1192
LOC_182				  Near	 SEG_A:119A
LOC_184				  Near	 SEG_A:11B4
LOC_185				  Near	 SEG_A:11BA
LOC_186				  Near	 SEG_A:11ED
LOC_187				  Near	 SEG_A:1209
LOC_188				  Near	 SEG_A:122C
LOC_189				  Near	 SEG_A:1259
LOC_19				  Near	 SEG_A:0231
LOC_190				  Near	 SEG_A:125F
LOC_191				  Near	 SEG_A:126A
LOC_192				  Near	 SEG_A:1275
LOC_193				  Near	 SEG_A:1285
LOC_194				  Near	 SEG_A:1292
LOC_195				  Near	 SEG_A:129B
LOC_196				  Near	 SEG_A:12C4
LOC_197				  Near	 SEG_A:12C9
LOC_199				  Near	 SEG_A:1309
LOC_20				  Near	 SEG_A:0238
Turbo Assembler	 Version 2.01	     03/22/26 12:29:05	    Page 76
Symbol Table



LOC_201				  Near	 SEG_A:1317
LOC_202				  Near	 SEG_A:131D
LOC_203				  Near	 SEG_A:132B
LOC_204				  Near	 SEG_A:132F
LOC_205				  Near	 SEG_A:1331
LOC_206				  Near	 SEG_A:136A
LOC_207				  Near	 SEG_A:1378
LOC_208				  Near	 SEG_A:1390
LOC_209				  Near	 SEG_A:1398
LOC_21				  Near	 SEG_A:024B
LOC_211				  Near	 SEG_A:13D7
LOC_212				  Near	 SEG_A:13ED
LOC_213				  Near	 SEG_A:13F2
LOC_214				  Near	 SEG_A:1403
LOC_215				  Near	 SEG_A:1416
LOC_217				  Near	 SEG_A:1457
LOC_219				  Near	 SEG_A:149C
LOC_22				  Near	 SEG_A:0289
LOC_221				  Near	 SEG_A:14C8
LOC_222				  Near	 SEG_A:1504
LOC_223				  Near	 SEG_A:1515
LOC_226				  Near	 SEG_A:157D
LOC_227				  Near	 SEG_A:1589
LOC_228				  Near	 SEG_A:1596
LOC_229				  Near	 SEG_A:15CA
LOC_23				  Near	 SEG_A:0294
LOC_231				  Near	 SEG_A:15DB
LOC_232				  Near	 SEG_A:15FC
LOC_233				  Near	 SEG_A:1633
LOC_234				  Near	 SEG_A:1655
LOC_235				  Near	 SEG_A:16B3
LOC_237				  Near	 SEG_A:1709
LOC_239				  Near	 SEG_A:1729
LOC_24				  Near	 SEG_A:02B2
LOC_240				  Near	 SEG_A:175A
LOC_241				  Near	 SEG_A:1768
LOC_242				  Near	 SEG_A:178E
LOC_243				  Near	 SEG_A:1794
LOC_244				  Near	 SEG_A:179B
LOC_245				  Near	 SEG_A:17A1
LOC_246				  Near	 SEG_A:17A4
LOC_247				  Near	 SEG_A:17DC
LOC_248				  Near	 SEG_A:17F2
LOC_25				  Near	 SEG_A:02C8
LOC_250				  Near	 SEG_A:186B
LOC_251				  Near	 SEG_A:1873
LOC_253				  Near	 SEG_A:18A8
LOC_254				  Near	 SEG_A:18B3
LOC_255				  Near	 SEG_A:18C3
LOC_257				  Near	 SEG_A:1904
LOC_258				  Near	 SEG_A:1935
LOC_259				  Near	 SEG_A:1952
LOC_26				  Near	 SEG_A:02D3
LOC_260				  Near	 SEG_A:1959
Turbo Assembler	 Version 2.01	     03/22/26 12:29:05	    Page 77
Symbol Table



LOC_261				  Near	 SEG_A:196F
LOC_262				  Near	 SEG_A:1980
LOC_263				  Near	 SEG_A:1990
LOC_264				  Near	 SEG_A:199C
LOC_265				  Near	 SEG_A:19AA
LOC_266				  Near	 SEG_A:19B6
LOC_267				  Near	 SEG_A:19BE
LOC_268				  Near	 SEG_A:19D9
LOC_269				  Near	 SEG_A:19E1
LOC_27				  Near	 SEG_A:031D
LOC_271				  Near	 SEG_A:1A1D
LOC_272				  Near	 SEG_A:1A2F
LOC_273				  Near	 SEG_A:1A34
LOC_274				  Near	 SEG_A:1A48
LOC_275				  Near	 SEG_A:1A61
LOC_277				  Near	 SEG_A:1A9F
LOC_278				  Near	 SEG_A:1AB1
LOC_279				  Near	 SEG_A:1AE5
LOC_28				  Near	 SEG_A:0327
LOC_280				  Near	 SEG_A:1AF0
LOC_281				  Near	 SEG_A:1AFC
LOC_282				  Near	 SEG_A:1B48
LOC_283				  Near	 SEG_A:1B56
LOC_284				  Near	 SEG_A:1B77
LOC_29				  Near	 SEG_A:032E
LOC_3				  Near	 SEG_A:0030
LOC_30				  Near	 SEG_A:0339
LOC_31				  Near	 SEG_A:0342
LOC_32				  Near	 SEG_A:034C
LOC_33				  Near	 SEG_A:0353
LOC_34				  Near	 SEG_A:035E
LOC_35				  Near	 SEG_A:0381
LOC_36				  Near	 SEG_A:03C9
LOC_37				  Near	 SEG_A:0404
LOC_38				  Near	 SEG_A:043B
LOC_39				  Near	 SEG_A:044B
LOC_4				  Near	 SEG_A:0051
LOC_40				  Near	 SEG_A:0452
LOC_41				  Near	 SEG_A:0459
LOC_42				  Near	 SEG_A:0460
LOC_43				  Near	 SEG_A:0467
LOC_44				  Near	 SEG_A:046E
LOC_45				  Near	 SEG_A:0475
LOC_46				  Near	 SEG_A:047C
LOC_47				  Near	 SEG_A:04D2
LOC_48				  Near	 SEG_A:04EA
LOC_5				  Near	 SEG_A:0065
LOC_50				  Near	 SEG_A:051A
LOC_51				  Near	 SEG_A:0528
LOC_52				  Near	 SEG_A:0532
LOC_53				  Near	 SEG_A:0561
LOC_54				  Near	 SEG_A:057A
LOC_55				  Near	 SEG_A:05A5
LOC_56				  Near	 SEG_A:05AF
Turbo Assembler	 Version 2.01	     03/22/26 12:29:05	    Page 78
Symbol Table



LOC_57				  Near	 SEG_A:05BD
LOC_58				  Near	 SEG_A:05C5
LOC_59				  Near	 SEG_A:05CC
LOC_6				  Near	 SEG_A:006F
LOC_60				  Near	 SEG_A:05DA
LOC_61				  Near	 SEG_A:05E2
LOC_62				  Near	 SEG_A:05EC
LOC_63				  Near	 SEG_A:05F2
LOC_64				  Near	 SEG_A:05F7
LOC_65				  Near	 SEG_A:05FC
LOC_66				  Near	 SEG_A:0611
LOC_67				  Near	 SEG_A:061F
LOC_68				  Near	 SEG_A:064A
LOC_69				  Near	 SEG_A:064F
LOC_7				  Near	 SEG_A:009B
LOC_70				  Near	 SEG_A:0651
LOC_71				  Near	 SEG_A:0659
LOC_72				  Near	 SEG_A:0684
LOC_73				  Near	 SEG_A:0689
LOC_74				  Near	 SEG_A:0699
LOC_75				  Near	 SEG_A:06A6
LOC_76				  Near	 SEG_A:06B1
LOC_77				  Near	 SEG_A:06DC
LOC_78				  Near	 SEG_A:06EB
LOC_79				  Near	 SEG_A:06FC
LOC_8				  Near	 SEG_A:00BB
LOC_80				  Near	 SEG_A:0704
LOC_81				  Near	 SEG_A:0733
LOC_82				  Near	 SEG_A:0738
LOC_83				  Near	 SEG_A:0758
LOC_86				  Near	 SEG_A:0785
LOC_87				  Near	 SEG_A:07A1
LOC_88				  Near	 SEG_A:07B5
LOC_89				  Near	 SEG_A:07CF
LOC_9				  Near	 SEG_A:012B
LOC_90				  Near	 SEG_A:07DC
LOC_91				  Near	 SEG_A:07F2
LOC_92				  Near	 SEG_A:07F8
LOC_93				  Near	 SEG_A:0814
LOC_94				  Near	 SEG_A:0828
LOC_95				  Near	 SEG_A:0842
LOC_96				  Near	 SEG_A:0856
LOC_97				  Near	 SEG_A:086C
LOC_99				  Near	 SEG_A:088C
LOC_RET_150			  Near	 SEG_A:0D8B
LOC_RET_180			  Near	 SEG_A:1191
MATH_CALC			  Near	 SEG_A:0747
PLAYER_CHECK_STATE		  Near	 SEG_A:1228
PLAYER_CHECK_STATE_2		  Near	 SEG_A:126D
PLAYER_COPY_BUF			  Near	 SEG_A:183C
PLAYER_FUNC_1			  Near	 SEG_A:0243
PLAYER_FUNC_12			  Near	 SEG_A:0894
PLAYER_FUNC_14			  Near	 SEG_A:08B3
PLAYER_FUNC_17			  Near	 SEG_A:0954
Turbo Assembler	 Version 2.01	     03/22/26 12:29:05	    Page 79
Symbol Table



PLAYER_FUNC_18			  Near	 SEG_A:0979
PLAYER_FUNC_2			  Near	 SEG_A:02F1
PLAYER_FUNC_20			  Near	 SEG_A:0A98
PLAYER_FUNC_21			  Near	 SEG_A:0A9C
PLAYER_FUNC_22			  Near	 SEG_A:0AA6
PLAYER_FUNC_23			  Near	 SEG_A:0AA9
PLAYER_FUNC_25			  Near	 SEG_A:0AF1
PLAYER_FUNC_26			  Near	 SEG_A:0B20
PLAYER_FUNC_27			  Near	 SEG_A:0C2F
PLAYER_FUNC_28			  Near	 SEG_A:0C52
PLAYER_FUNC_29			  Near	 SEG_A:0C76
PLAYER_FUNC_3			  Near	 SEG_A:035E
PLAYER_FUNC_30			  Near	 SEG_A:0CB9
PLAYER_FUNC_31			  Near	 SEG_A:0D34
PLAYER_FUNC_32			  Near	 SEG_A:0DA2
PLAYER_FUNC_33			  Near	 SEG_A:0DF3
PLAYER_FUNC_34			  Near	 SEG_A:1046
PLAYER_FUNC_36			  Near	 SEG_A:1192
PLAYER_FUNC_37			  Near	 SEG_A:11C0
PLAYER_FUNC_38			  Near	 SEG_A:11E3
PLAYER_FUNC_41			  Near	 SEG_A:131B
PLAYER_FUNC_42			  Near	 SEG_A:1339
PLAYER_FUNC_43			  Near	 SEG_A:1348
PLAYER_FUNC_47			  Near	 SEG_A:14D7
PLAYER_FUNC_5			  Near	 SEG_A:03CE
PLAYER_FUNC_51			  Near	 SEG_A:17C7
PLAYER_FUNC_55			  Near	 SEG_A:1AB1
PLAYER_FUNC_56			  Near	 SEG_A:1B1E
PLAYER_FUNC_6			  Near	 SEG_A:05A5
PLAYER_FUNC_7			  Near	 SEG_A:05EA
PLAYER_FUNC_8			  Near	 SEG_A:060D
PLAYER_FUNC_9			  Near	 SEG_A:0712
PLAYER_LOAD_CHUNK		  Near	 SEG_A:0AB3
PLAYER_MULTIPLY			  Near	 SEG_A:03C9
PLAYER_MULTIPLY_2		  Near	 SEG_A:08B0
PLAYER_MULTIPLY_3		  Near	 SEG_A:146D
PLAYER_MULTIPLY_4		  Near	 SEG_A:147F
PLAYER_MULTIPLY_5		  Near	 SEG_A:14AB
PLAYER_MULTIPLY_6		  Near	 SEG_A:151E
PLAYER_PROCESS_LOOP		  Near	 SEG_A:093C
PLAYER_PROCESS_LOOP_2		  Near	 SEG_A:180B
PLAYER_SCAN_LOOP		  Near	 SEG_A:0872
PLAYER_SCAN_LOOP_2		  Near	 SEG_A:0A7B
PLAYER_SCAN_LOOP_3		  Near	 SEG_A:116D
START				  Near	 SEG_A:0000
TARGET				  Number 5432
ZR1_06				  Far	 SEG_A:0000

Macro Name

CALLF
CALLFX
CALLS
JMPN
Turbo Assembler	 Version 2.01	     03/22/26 12:29:05	    Page 80
Symbol Table



JMPS

Groups & Segments		  Bit Size Align  Combine Class

SEG_A				  16  1C81 Byte	  Public
