Microsoft (R) Macro Assembler  Version 4.00                 3/29/26 15:17:39

                                                            Page     1-1
                                                            

                                 
                                PAGE  59,132 
                                 
                                ;лллллллллллллллллллллллллллллллллллллллллллллллллллллллллллллллллллллллллл 
                                ;лл					                                 лл 
                                ;лл				_332MP51                                 лл 
                                ;лл					                                 лл 
                                ;лл      Created:   29-Mar-26		                                 лл 
                                ;лл      Code type: zero start		                                 лл 
                                ;лл      Passes:    9          Analysis	Options on: none                 лл 
                                ;лл					                                 лл 
                                ;лллллллллллллллллллллллллллллллллллллллллллллллллллллллллллллллллллллллллл 
                                 
 = 4D34                         target		EQU   'M4'                      ; Target assembler: MASM-4.0 
                                 
                             C  include  srmacros.inc 
                             C   
                             C  ; Macros which may be required for proper re-assembly 
                             C   
                             C  IF (target EQ 'M4') 
                             C  ;----------------------------------------------------------------------------- 
                             C  ;  MASM 4.0 does not allow retf and retn, allowed by current assemblers. 
                             C  ;  These marcos, convert RETF and RETN into data bytes that are acceptable 
                             C  ;  to MASM 4.0. 
                             C   
                             C   
                             C  retf            macro   ret_count               ; Fixup for Assembler 
                             C                  if      ret_count+0 GT 1 
                             C                  db      0CAh 
                             C                  dw      ret_count 
                             C                  else 
                             C                  db      0CBh 
                             C                  endif 
                             C  endm 
                             C   
                             C  retn            macro  ret_count 
                             C                  if     ret_count+0 GT 1 
                             C                  db     0C2h 
                             C                  dw     ret_count 
                             C                  else 
                             C                  db     0C3h 
                             C                  endif 
                             C  endm 
                             C   
                             C  ENDIF 
                             C   
                             C   
                             C  IF (target EQ 'M4') OR (target EQ 'M5')  
                             C  ;----------------------------------------------------------------------------- 
                             C  ; Due to a bug in earlier MASM assemblers, the valid instruction type  
                             C  ; "mov segreg, reg"  cannot be used, if the register is not AX.   
                             C  ; For example:  mov  es, bx 
                             C   
                             C  movseg          macro reg16, unused, Imm16      ; Fixup for Assembler 
                             C                  ifidn  <reg16>, <bx>             
Microsoft (R) Macro Assembler  Version 4.00                 3/29/26 15:17:39

                                                            Page     1-2
                                                            

                             C                  db     0BBh                      
                             C                  endif                            
                             C                  ifidn  <reg16>, <cx>             
                             C                  db     0B9h                      
                             C                  endif 
                             C                  ifidn  <reg16>, <dx> 
                             C                  db     0BAh 
                             C                  endif 
                             C                  ifidn  <reg16>, <si> 
                             C                  db     0BEh 
                             C                  endif 
                             C                  ifidn  <reg16>, <di> 
                             C                  db     0BFh 
                             C                  endif 
                             C                  ifidn  <reg16>, <bp> 
                             C                  db     0BDh 
                             C                  endif 
                             C                  ifidn  <reg16>, <sp> 
                             C                  db     0BCh 
                             C                  endif 
                             C                  ifidn  <reg16>, <BX> 
                             C                  db     0BBH 
                             C                  endif 
                             C                  ifidn  <reg16>, <CX> 
                             C                  db     0B9H 
                             C                  endif 
                             C                  ifidn  <reg16>, <DX> 
                             C                  db     0BAH 
                             C                  endif 
                             C                  ifidn  <reg16>, <SI> 
                             C                  db     0BEH 
                             C                  endif 
                             C                  ifidn  <reg16>, <DI> 
                             C                  db     0BFH 
                             C                  endif 
                             C                  ifidn  <reg16>, <BP> 
                             C                  db     0BDH 
                             C                  endif 
                             C                  ifidn  <reg16>, <SP> 
                             C                  db     0BCH 
                             C                  endif 
                             C                  dw     seg Imm16 
                             C  endm 
                             C   
                             C  ENDIF 
                             C   
                             C   
                             C  ENDIF 
                             C   
                             C   
                             C   
                             C  IFE (target EQ 'NO') 
                             C  ;----------------------------------------------------------------------------- 
                             C  ;  Some compilers and some assemblers will code a call that goes to a far 
                             C  ;  subroutine in the same segment as: 
Microsoft (R) Macro Assembler  Version 4.00                 3/29/26 15:17:39

                                                            Page     1-3
                                                            

                             C  ; 
                             C  ;               PUSH    CS 
                             C  ;               CALL    near 
                             C  ; 
                             C  ;  This saves one byte, and is slightly faster.  If the assembler you are 
                             C  ;  using (i.e. MASM, Optasm) does not do this automatically, the following 
                             C  ;  macros are used to code the same information.  In other words, the binary 
                             C  ;  file has "PUSH CS, CALL near", and Sourcer ensures the same instructions 
                             C  ;  are used!  (macro CALLF) 
                             C  ; 
                             C   
                             C  callf           macro   location 
                             C                  push    cs 
                             C                  call    near ptr location 
                             C  endm 
                             C   
                             C  ;  Some compilers generate an unnecessary DS override on the call instruction 
                             C  ;  when compacting the CALLF type function.  Macro CALLFX handles this case. 
                             C   
                             C  callfx          macro   location 
                             C                  push    cs 
                             C                  db      3Eh 
                             C                  call    near ptr location 
                             C  endm 
                             C   
                             C   
                             C  ;----------------------------------------------------------------------------- 
                             C  ;  Some compilers and some assemblers will code a near call that is the 
                             C  ;  selected assembler will convert to a short jump to save a byte.  This 
                             C  ;  reconstructs a near jump for these cases. 
                             C   
                             C  jmpn            macro   location 
                             C                  db      0E9h 
                             C                  dw      offset location-$-2 
                             C  endm 
                             C   
                             C  ENDIF 
                             C   
                                 
                                 
                                 
 0000                           seg_a		segment	byte public 
                                		assume	cs:seg_a, ds:seg_a 
                                 
                                 
 0000                           		org	0 
                                 
 0000                           _332MP51	proc	far 
                                 
 0000                           start: 
 0000  71 0F                    		jno	loc_2			; Jump if not overflw 
 0002  00 00                    		add	[bx+si],al 
 0004  0A DB                    		or	bl,bl			; Zero ? 
                                ;*                         lock	add	cl,al 
 0006  F0/ 02 C8                				lock add cl,al			; was: db 0F0h,000h,0C1h 
Microsoft (R) Macro Assembler  Version 4.00                 3/29/26 15:17:39

                                                            Page     1-4
                                                            

                                ;*		fld	st(6)			; Push onto stack 
                                				fld st(6)			; was: db 0D9h,0C6h 
332MP51.asm(34) : error 10: Syntax error 
                                ;*		fxch	st			; Exchange st & st(#) 
                                				fxch st(0)			; was: db 0D9h,0C8h 
332MP51.asm(36) : error 10: Syntax error 
                                ;*		fst	dword ptr [bx+si]	; Store st to memory 
                                				fst dword ptr [bx+si]			; was: db 0D9h,010h 
332MP51.asm(38) : error 10: Syntax error 
                                ;*		fisub	dword ptr [bp-26h]	; st = st - memory 
                                				fisub dword ptr [bp-26h]			; was: db 0DAh,066h,0DAh 
332MP51.asm(40) : error 10: Syntax error 
 0009  F4                       		hlt				; Halt processor 
                                ;*		fimul	dword ptr [bx]		; st = st * memory 
                                				fimul dword ptr [bx]			; was: db 0DAh,00Fh 
332MP51.asm(43) : error 10: Syntax error 
                                ;*		fild	dword ptr [di]		; Push integer to stk 
                                				fild dword ptr [di]			; was: db 0DBh,005h 
332MP51.asm(45) : error 10: Syntax error 
 000A  9D                       		popf				; Pop flags 
 000B  00 11                    		add	[bx+di],dl 
 000D  0A 00                    		or	al,[bx+si] 
                                ;*		add	cl,al 
 000F  02 C8                    				add cl,al			; was: db 000h,0C1h 
                                ;*		fldenv	byte ptr [bp-34h]	; Load Envirnmt state 
                                				fldenv [bp-34h]			; was: db 0D9h,066h,0CCh 
332MP51.asm(52) : error 10: Syntax error 
 0011                           loc_2: 
 0011  86 C4                    		xchg	al,ah 
 0013  C5 09                    		lds	cx,dword ptr [bx+di]	; Load seg:offset ptr 
 0015  07                       		pop	es 
                                		retf 
 0016  CB                     1                 db      0CBh
                                			                        ;* No entry point to code 
 0017  50                       		push	ax 
                                		retn	0C2C1h 
 0018  C2                     1                 db     0C2h
 0019  C2C1                   1                 dw     0C2C1h
                                			                        ;* No entry point to code 
 001B  40                       		inc	ax 
                                		retn	8150h 
 001C  C2                     1                 db     0C2h
 001D  8150                   1                 dw     8150h
                                			                        ;* No entry point to code 
 001F  C4 46 85                 		les	ax,dword ptr [bp-7Bh]	; Load seg:offset ptr 
 0022  C4 56 CC                 		les	dx,dword ptr [bp-34h]	; Load seg:offset ptr 
 0025  8A DA                    		mov	bl,dl 
                                ;*		fiadd	word ptr [bp+66h] 
                                				fiadd word ptr [bp+66h]			; was: db 0DEh,046h,066h 
332MP51.asm(69) : error 10: Syntax error 
 0027  01 18                    		add	[bx+si],bx 
 0029  85 C4                    		test	ax,sp 
                                ;*		jbe	loc_1			;*Jump if below or = 
 002B  76 08                    				jna 8h			; was: db 076h,0C8h 
332MP51.asm(73) : error 56: No immediate mode 
Microsoft (R) Macro Assembler  Version 4.00                 3/29/26 15:17:39

                                                            Page     1-5
                                                            

 002D  76 14                    		jbe	$-70h			; Jump if below or = 
                                		retn 
 002F  C3                     1                 db     0C3h
                                			                        ;* No entry point to code 
 0030  46                       		inc	si 
 0031  85 C3                    		test	ax,bx 
 0033  C7 C9 C7 8B DB DF        		db	0C7h,0C9h,0C7h, 8Bh,0DBh,0DFh 
 0039  C9 C7 56 CC 87 C3        		db	0C9h,0C7h, 56h,0CCh, 87h,0C3h 
 003F  46 CA C7 D8 82 C4        		db	 46h,0CAh,0C7h,0D8h, 82h,0C4h 
 0045  56 01 18 84 C4 C7        		db	 56h, 01h, 18h, 84h,0C4h,0C7h 
 004B  D8 85 C3 C8 01 18        		db	0D8h, 85h,0C3h,0C8h, 01h, 18h 
 0051  84 C4 56 C6 8A DB        		db	 84h,0C4h, 56h,0C6h, 8Ah,0DBh 
 0057  DF 46 56 C8 02 18        		db	0DFh, 46h, 56h,0C8h, 02h, 18h 
 005D  84 C3 56 01 18 82        		db	 84h,0C3h, 56h, 01h, 18h, 82h 
 0063  C3 46 C8 02 18 83        		db	0C3h, 46h,0C8h, 02h, 18h, 83h 
 0069  C4 C7 86 C3 C7 D8        		db	0C4h,0C7h, 86h,0C3h,0C7h,0D8h 
 006F  85 C3 66 D8 89 DB        		db	 85h,0C3h, 66h,0D8h, 89h,0DBh 
 0075  DF 46 66 D8 86 C3        		db	0DFh, 46h, 66h,0D8h, 86h,0C3h 
 007B  C7 C8 01 18 83 C3        		db	0C7h,0C8h, 01h, 18h, 83h,0C3h 
 0081  01 2C C7 D8 85 C3        		db	 01h, 2Ch,0C7h,0D8h, 85h,0C3h 
 0087  C7 01 18 84 C4 87        		db	0C7h, 01h, 18h, 84h,0C4h, 87h 
 008D  C3 56 C8 02 18 87        		db	0C3h, 56h,0C8h, 02h, 18h, 87h 
 0093  DB DF 46 56 CC 87        		db	0DBh,0DFh, 46h, 56h,0CCh, 87h 
 0099  C4 C7 CC 85 C3 EC        		db	0C4h,0C7h,0CCh, 85h,0C3h,0ECh 
 009F  C7 CC 86 C3 C5 C7        		db	0C7h,0CCh, 86h,0C3h,0C5h,0C7h 
 00A5  C6 8C C3 66 D8 89        		db	0C6h, 8Ch,0C3h, 66h,0D8h, 89h 
 00AB  DB DF 46 56 CC 8F        		db	0DBh,0DFh, 46h, 56h,0CCh, 8Fh 
 00B1  C3 56 D8 85 C3 46        		db	0C3h, 56h,0D8h, 85h,0C3h, 46h 
 00B7  C8 01 18 8A C3 66        		db	0C8h, 01h, 18h, 8Ah,0C3h, 66h 
 00BD  8A DB DF 46 46 C8        		db	 8Ah,0DBh,0DFh, 46h, 46h,0C8h 
 00C3  01 18 8E C3 46 C8        		db	 01h, 18h, 8Eh,0C3h, 46h,0C8h 
 00C9  01 18 84 C4 46 01        		db	 01h, 18h, 84h,0C4h, 46h, 01h 
 00CF  18 8B C3 56 CB 8A        		db	 18h, 8Bh,0C3h, 56h,0CBh, 8Ah 
 00D5  DB DF C7 C9 56 D9        		db	0DBh,0DFh,0C7h,0C9h, 56h,0D9h 
 00DB  01 18 8D C3 C5 C7        		db	 01h, 18h, 8Dh,0C3h,0C5h,0C7h 
 00E1  CC 86 C3 C7 CA 01        		db	0CCh, 86h,0C3h,0C7h,0CAh, 01h 
 00E7  18 8B C3 C5 46 C9        		db	 18h, 8Bh,0C3h,0C5h, 46h,0C9h 
 00ED  01 18 88 DB DF 46        		db	 01h, 18h, 88h,0DBh,0DFh, 46h 
 00F3  46 CC 90 C4 C7 CB        		db	 46h,0CCh, 90h,0C4h,0C7h,0CBh 
 00F9  87 C4 46 CC 8C C3        		db	 87h,0C4h, 46h,0CCh, 8Ch,0C3h 
 00FF  66 D8 89 DB DF 46        		db	 66h,0D8h, 89h,0DBh,0DFh, 46h 
 0105  C7 C9 03 18 8D C4        		db	0C7h,0C9h, 03h, 18h, 8Dh,0C4h 
 010B  46 87 C4 EC C6 8D        		db	 46h, 87h,0C4h,0ECh,0C6h, 8Dh 
 0111  C3 56 CC 8A DD E0        		db	0C3h, 56h,0CCh, 8Ah,0DDh,0E0h 
 0117  46 46 CC 90 C3 46        		db	 46h, 46h,0CCh, 90h,0C3h, 46h 
 011D  C6 86 C3 46 01 18        		db	0C6h, 86h,0C3h, 46h, 01h, 18h 
 0123  8B C3 56 8C DB DF        		db	 8Bh,0C3h, 56h, 8Ch,0DBh,0DFh 
 0129  C7 46 CC 90 C3 46        		db	0C7h, 46h,0CCh, 90h,0C3h, 46h 
 012F  CA 01 18 84 C3 C7        		db	0CAh, 01h, 18h, 84h,0C3h,0C7h 
 0135  C8 02 18 8A C3 C5        		db	0C8h, 02h, 18h, 8Ah,0C3h,0C5h 
 013B  C7 C9 86 C3 85 DD        		db	0C7h,0C9h, 86h,0C3h, 85h,0DDh 
 0141  DF C7 46 C8 01 18        		db	0DFh,0C7h, 46h,0C8h, 01h, 18h 
 0147  8E C3 56 D8 85 C3        		db	 8Eh,0C3h, 56h,0D8h, 85h,0C3h 
 014D  EC CC 8D C3 56 C6        		db	0ECh,0CCh, 8Dh,0C3h, 56h,0C6h 
 0153  85 C4 C7 85 C4 C9        		db	 85h,0C4h,0C7h, 85h,0C4h,0C9h 
Microsoft (R) Macro Assembler  Version 4.00                 3/29/26 15:17:39

                                                            Page     1-6
                                                            

 0159  46 01 18 85 C4 C7        		db	 46h, 01h, 18h, 85h,0C4h,0C7h 
 015F  C6 87 C3 C5 C7 CC        		db	0C6h, 87h,0C3h,0C5h,0C7h,0CCh 
 0165  86 C3 C7 CC 8D C4        		db	 86h,0C3h,0C7h,0CCh, 8Dh,0C4h 
 016B  56 C6 85 C3 46 84        		db	 56h,0C6h, 85h,0C3h, 46h, 84h 
 0171  C3 C7 46 CC 86 C4        		db	0C3h,0C7h, 46h,0CCh, 86h,0C4h 
 0177  C5 46 D8 85 C3 56        		db	0C5h, 46h,0D8h, 85h,0C3h, 56h 
 017D  86 C4 C7 CC 8D C4        		db	 86h,0C4h,0C7h,0CCh, 8Dh,0C4h 
 0183  56 C8 01 18 83 C4        		db	 56h,0C8h, 01h, 18h, 83h,0C4h 
 0189  C7 C8 D8 83 C4 C7        		db	0C7h,0C8h,0D8h, 83h,0C4h,0C7h 
 018F  46 CC 86 C4 46 C8        		db	 46h,0CCh, 86h,0C4h, 46h,0C8h 
 0195  01 18 84 C4 46 CC        		db	 01h, 18h, 84h,0C4h, 46h,0CCh 
 019B  86 C3 CA C7 01 18        		db	 86h,0C3h,0CAh,0C7h, 01h, 18h 
 01A1  83 C4 87 C3 66 D8        		db	 83h,0C4h, 87h,0C3h, 66h,0D8h 
 01A7  85 C3 CC 84 C3 C7        		db	 85h,0C3h,0CCh, 84h,0C3h,0C7h 
 01AD  56 02 18 83 C3 46        		db	 56h, 02h, 18h, 83h,0C3h, 46h 
 01B3  CC 86 C3 EC C7 C6        		db	0CCh, 86h,0C3h,0ECh,0C7h,0C6h 
 01B9  86 C3 C7 01 18 84        		db	 86h,0C3h,0C7h, 01h, 18h, 84h 
 01BF  C4 C7 86 C3 56 CC        		db	0C4h,0C7h, 86h,0C3h, 56h,0CCh 
 01C5  86 C4 85 C3 C7 C7        		db	 86h,0C4h, 85h,0C3h,0C7h,0C7h 
 01CB  C8 D8 D9 D8 84 C3        		db	0C8h,0D8h,0D9h,0D8h, 84h,0C3h 
 01D1  C9 46 02 18 83 C3        		db	0C9h, 46h, 02h, 18h, 83h,0C3h 
 01D7  46 C8 D8 85 C4 01        		db	 46h,0C8h,0D8h, 85h,0C4h, 01h 
 01DD  18 85 C3 C8 01 18        		db	 18h, 85h,0C3h,0C8h, 01h, 18h 
 01E3  84 C3 56 8D C3 C7        		db	 84h,0C3h, 56h, 8Dh,0C3h,0C7h 
 01E9  46 CC 86 C4 C7 01        		db	 46h,0CCh, 86h,0C4h,0C7h, 01h 
 01EF  18 86 C3 01 2C CC        		db	 18h, 86h,0C3h, 01h, 2Ch,0CCh 
 01F5  8E C3 C7 CC 85 C3        		db	 8Eh,0C3h,0C7h,0CCh, 85h,0C3h 
 01FB  56 8D C3 C7 C7 CC        		db	 56h, 8Dh,0C3h,0C7h,0C7h,0CCh 
 0201  91 C3 01 2C C7 02        		db	 91h,0C3h, 01h, 2Ch,0C7h, 02h 
 0207  18 8B C3 C9 86 C3        		db	 18h, 8Bh,0C3h,0C9h, 86h,0C3h 
 020D  66 01 18 8A C3 C7        		db	 66h, 01h, 18h, 8Ah,0C3h,0C7h 
 0213  56 50 C2 C1 C2 50        		db	 56h, 50h,0C2h,0C1h,0C2h, 50h 
 0219  C2 C1 C2 50 81 C3        		db	0C2h,0C1h,0C2h, 50h, 81h,0C3h 
 021F  46 CA D8 8D C4 C7        		db	 46h,0CAh,0D8h, 8Dh,0C4h,0C7h 
 0225  C6 85 C3 46 CA 01        		db	0C6h, 85h,0C3h, 46h,0CAh, 01h 
 022B  18 8B C4 C7 46 CC        		db	 18h, 8Bh,0C4h,0C7h, 46h,0CCh 
 0231  90 C4 56 D8 8D C3        		db	 90h,0C4h, 56h,0D8h, 8Dh,0C3h 
 0237  C7 C8 01 18 83 C3        		db	0C7h,0C8h, 01h, 18h, 83h,0C3h 
 023D  46 CC 8D C3 C7 C7        		db	 46h,0CCh, 8Dh,0C3h,0C7h,0C7h 
 0243  C8 01 18 85 C4 C7        		db	0C8h, 01h, 18h, 85h,0C4h,0C7h 
 0249  01 18 86 C3 46 CC        		db	 01h, 18h, 86h,0C3h, 46h,0CCh 
 024F  8E C3 C7 01 18 84        		db	 8Eh,0C3h,0C7h, 01h, 18h, 84h 
 0255  C3 56 02 18 8A C4        		db	0C3h, 56h, 02h, 18h, 8Ah,0C4h 
 025B  C7 46 D8 86 C3 C7        		db	0C7h, 46h,0D8h, 86h,0C3h,0C7h 
 0261  C8 01 18 85 EB C7        		db	0C8h, 01h, 18h, 85h,0EBh,0C7h 
 0267  C9 8F C3 46 85 C3        		db	0C9h, 8Fh,0C3h, 46h, 85h,0C3h 
 026D  56 C8 D8 8B C3 C7        		db	 56h,0C8h,0D8h, 8Bh,0C3h,0C7h 
 0273  56 86 C3 56 01 18        		db	 56h, 86h,0C3h, 56h, 01h, 18h 
 0279  84 C4 EC C7 C6 8E        		db	 84h,0C4h,0ECh,0C7h,0C6h, 8Eh 
 027F  C3 46 85 C4 66 01        		db	0C3h, 46h, 85h,0C4h, 66h, 01h 
 0285  18 8A C3 C7 46 C9        		db	 18h, 8Ah,0C3h,0C7h, 46h,0C9h 
 028B  D8 85 C4 56 C8 D8        		db	0D8h, 85h,0C4h, 56h,0C8h,0D8h 
 0291  84 EB 01 2C C7 01        		db	 84h,0EBh, 01h, 2Ch,0C7h, 01h 
 0297  18 84 C4 C7 C8 46        		db	 18h, 84h,0C4h,0C7h,0C8h, 46h 
 029D  CA 82 EC C7 01 18        		db	0CAh, 82h,0ECh,0C7h, 01h, 18h 
Microsoft (R) Macro Assembler  Version 4.00                 3/29/26 15:17:39

                                                            Page     1-7
                                                            

 02A3  84 C3 C7 CA C7 8D        		db	 84h,0C3h,0C7h,0CAh,0C7h, 8Dh 
 02A9  C3 C7 46 02 18 84        		db	0C3h,0C7h, 46h, 02h, 18h, 84h 
 02AF  C4 46 02 18 84 EB        		db	0C4h, 46h, 02h, 18h, 84h,0EBh 
 02B5  EC 01 18 86 C3 66        		db	0ECh, 01h, 18h, 86h,0C3h, 66h 
 02BB  EC 82 EC 46 01 18        		db	0ECh, 82h,0ECh, 46h, 01h, 18h 
 02C1  83 C4 C7 CC 8E C3        		db	 83h,0C4h,0C7h,0CCh, 8Eh,0C3h 
 02C7  C5 46 CC 86 C3 46        		db	0C5h, 46h,0CCh, 86h,0C3h, 46h 
 02CD  CC 88 01 18 86 C3        		db	0CCh, 88h, 01h, 18h, 86h,0C3h 
 02D3  56 01 2C C7 C5 C7        		db	 56h, 01h, 2Ch,0C7h,0C5h,0C7h 
 02D9  EC C9 96 C3 C7 46        		db	0ECh,0C9h, 96h,0C3h,0C7h, 46h 
 02DF  CC 86 C4 C7 CA C7        		db	0CCh, 86h,0C4h,0C7h,0CAh,0C7h 
 02E5  01 18 86 D9 02 18        		db	 01h, 18h, 86h,0D9h, 02h, 18h 
 02EB  84 C4 C5 46 EC CA        		db	 84h,0C4h,0C5h, 46h,0ECh,0CAh 
 02F1  D8 76 95 C3 C7 C7        		db	0D8h, 76h, 95h,0C3h,0C7h,0C7h 
 02F7  C6 C7 01 18 90 D9        		db	0C6h,0C7h, 01h, 18h, 90h,0D9h 
 02FD  87 C4 66 01 18 81        		db	 87h,0C4h, 66h, 01h, 18h, 81h 
 0303  C3 56 02 18 92 C3        		db	0C3h, 56h, 02h, 18h, 92h,0C3h 
 0309  C7 46 C8 02 18 97        		db	0C7h, 46h,0C8h, 02h, 18h, 97h 
 030F  C3 46 C8 01 18 83        		db	0C3h, 46h,0C8h, 01h, 18h, 83h 
 0315  C3 46 01 18 93 C4        		db	0C3h, 46h, 01h, 18h, 93h,0C4h 
 031B  C7 46 01 18 85 C4        		db	0C7h, 46h, 01h, 18h, 85h,0C4h 
 0321  C7 C6 89 01 18 86        		db	0C7h,0C6h, 89h, 01h, 18h, 86h 
 0327  C3 56 85 C3 56 94        		db	0C3h, 56h, 85h,0C3h, 56h, 94h 
 032D  C4 C7 C7 C9 CC 86        		db	0C4h,0C7h,0C7h,0C9h,0CCh, 86h 
 0333  C3 C7 CA 01 18 87        		db	0C3h,0C7h,0CAh, 01h, 18h, 87h 
 0339  D9 87 C3 C7 C9 86        		db	0D9h, 87h,0C3h,0C7h,0C9h, 86h 
 033F  C4 C5 C7 C9 94 C3        		db	0C4h,0C5h,0C7h,0C9h, 94h,0C3h 
 0345  C7 46 CC 86 C3 56        		db	0C7h, 46h,0CCh, 86h,0C3h, 56h 
 034B  C6 D8 84 EB 01 2C        		db	0C6h,0D8h, 84h,0EBh, 01h, 2Ch 
 0351  87 C3 C7 D8 86 C4        		db	 87h,0C3h,0C7h,0D8h, 86h,0C4h 
 0357  56 D8 93 C3 C7 C7        		db	 56h,0D8h, 93h,0C3h,0C7h,0C7h 
 035D  CC C8 D8 85 C4 46        		db	0CCh,0C8h,0D8h, 85h,0C4h, 46h 
 0363  C8 D8 85 EB 01 2C        		db	0C8h,0D8h, 85h,0EBh, 01h, 2Ch 
 0369  C7 02 18 83 C3 C7        		db	0C7h, 02h, 18h, 83h,0C3h,0C7h 
 036F  87 C3 46 C8 01 18        		db	 87h,0C3h, 46h,0C8h, 01h, 18h 
 0375  92 C3 C7 46 D9 01        		db	 92h,0C3h,0C7h, 46h,0D9h, 01h 
 037B  18 84 C4 C7 C8 01        		db	 18h, 84h,0C4h,0C7h,0C8h, 01h 
 0381  18 85 EB 01 2C C8        		db	 18h, 85h,0EBh, 01h, 2Ch,0C8h 
 0387  C7 D8                    		db	0C7h,0D8h 
 0389  84 C4 D8 87 C3 56        		db	 84h,0C4h,0D8h, 87h,0C3h, 56h 
 038F  D8 93 C3 C7 46 CC        		db	0D8h, 93h,0C3h,0C7h, 46h,0CCh 
 0395  86 C4 C7 01 18 86        		db	 86h,0C4h,0C7h, 01h, 18h, 86h 
 039B  EB EC 46 CC 8E C3        		db	0EBh,0ECh, 46h,0CCh, 8Eh,0C3h 
 03A1  56 01 18 92 C4 C7        		db	 56h, 01h, 18h, 92h,0C4h,0C7h 
 03A7  46 C6 90 C3 C5 56        		db	 46h,0C6h, 90h,0C3h,0C5h, 56h 
 03AD  40 C2 C1 C2 40 87        		db	 40h,0C2h,0C1h,0C2h, 40h, 87h 
 03B3  C3 EC C7 CA D8 93        		db	0C3h,0ECh,0C7h,0CAh,0D8h, 93h 
 03B9  C3 C7 56 70 C2 C1        		db	0C3h,0C7h, 56h, 70h,0C2h,0C1h 
 03BF  C2 C1 C2 40 C2 40        		db	0C2h,0C1h,0C2h, 40h,0C2h, 40h 
 03C5  81 C3 66 8E C3 46        		db	 81h,0C3h, 66h, 8Eh,0C3h, 46h 
 03CB  CC 94 C3 C5 46 C8        		db	0CCh, 94h,0C3h,0C5h, 46h,0C8h 
 03D1  02 18 8D C4 66 01        		db	 02h, 18h, 8Dh,0C4h, 66h, 01h 
 03D7  18 8C C3 C7 C9 95        		db	 18h, 8Ch,0C3h,0C7h,0C9h, 95h 
 03DD  C3 C7 56 C9 C7 55        		db	0C3h,0C7h, 56h,0C9h,0C7h, 55h 
 03E3  02 18 88 C4 C7 01        		db	 02h, 18h, 88h,0C4h,0C7h, 01h 
Microsoft (R) Macro Assembler  Version 4.00                 3/29/26 15:17:39

                                                            Page     1-8
                                                            

 03E9  2C C8 D8 8D C3 46        		db	 2Ch,0C8h,0D8h, 8Dh,0C3h, 46h 
 03EF  C6 94 C3 C7 05 07        		db	0C6h, 94h,0C3h,0C7h, 05h, 07h 
 03F5  C6 C8 C7 C6 C8 01        		db	0C6h,0C8h,0C7h,0C6h,0C8h, 01h 
 03FB  18 86 C3 02 2C CC        		db	 18h, 86h,0C3h, 02h, 2Ch,0CCh 
 0401  8E C3 C5 C7 C8 D8        		db	 8Eh,0C3h,0C5h,0C7h,0C8h,0D8h 
 0407  84 C4 8E C4 C7 66        		db	 84h,0C4h, 8Eh,0C4h,0C7h, 66h 
 040D  CC CA 76 C6 87 C3        		db	0CCh,0CAh, 76h,0C6h, 87h,0C3h 
 0413  C7 01 2C C7 86 C4        		db	0C7h, 01h, 2Ch,0C7h, 86h,0C4h 
 0419  C6 86 C3 46 02 18        		db	0C6h, 86h,0C3h, 46h, 02h, 18h 
 041F  83 C3 C7 01 18 8B        		db	 83h,0C3h,0C7h, 01h, 18h, 8Bh 
 0425  C4 C7 66 C8 46 CA        		db	0C4h,0C7h, 66h,0C8h, 46h,0CAh 
 042B  66 02 18 84 C3 56        		db	 66h, 02h, 18h, 84h,0C3h, 56h 
 0431  C9 86 C4 CC 86 C4        		db	0C9h, 86h,0C4h,0CCh, 86h,0C4h 
 0437  C7 CC 86 C3 C6 8B        		db	0C7h,0CCh, 86h,0C3h,0C6h, 8Bh 
 043D  C3 C6 46 56 4B C3        		db	0C3h,0C6h, 46h, 56h, 4Bh,0C3h 
 0443  4B 56 C8 C6 D8 85        		db	 4Bh, 56h,0C8h,0C6h,0D8h, 85h 
 0449  C3 C5 56 01 18 8C        		db	0C3h,0C5h, 56h, 01h, 18h, 8Ch 
 044F  C4 46 86 C3 C7 CA        		db	0C4h, 46h, 86h,0C3h,0C7h,0CAh 
 0455  01 18 88 C4 C7 C5        		db	 01h, 18h, 88h,0C4h,0C7h,0C5h 
 045B  C7 CA C7 01 18 84        		db	0C7h,0CAh,0C7h, 01h, 18h, 84h 
 0461  C4 56 C6 86 C3 66        		db	0C4h, 56h,0C6h, 86h,0C3h, 66h 
 0467  D8 8D C3 46 01 18        		db	0D8h, 8Dh,0C3h, 46h, 01h, 18h 
 046D  84 C4 46 D8 89 C3        		db	 84h,0C4h, 46h,0D8h, 89h,0C3h 
 0473  56 CC 87 C3 66 02        		db	 56h,0CCh, 87h,0C3h, 66h, 02h 
 0479  18 83 C3 56 C8 D8        		db	 18h, 83h,0C3h, 56h,0C8h,0D8h 
 047F  8D C3 46 CC 85 C3        		db	 8Dh,0C3h, 46h,0CCh, 85h,0C3h 
 0485  C7 C6 8A C3 56 88        		db	0C7h,0C6h, 8Ah,0C3h, 56h, 88h 
 048B  C3 46 C5 C7 C6 85        		db	0C3h, 46h,0C5h,0C7h,0C6h, 85h 
 0491  C3 56 CC 8E C3 EC        		db	0C3h, 56h,0CCh, 8Eh,0C3h,0ECh 
 0497  C7 D8 85 C3 56 01        		db	0C7h,0D8h, 85h,0C3h, 56h, 01h 
 049D  18 85 C4 C6 66 C1        		db	 18h, 85h,0C4h,0C6h, 66h,0C1h 
 04A3  C2 40 84 C3 C5 66        		db	0C2h, 40h, 84h,0C3h,0C5h, 66h 
 04A9  D8 84 C3 56 C9 8E        		db	0D8h, 84h,0C3h, 56h,0C9h, 8Eh 
 04AF  C3 EC C8 02 18 83        		db	0C3h,0ECh,0C8h, 02h, 18h, 83h 
 04B5  C4 46 C8 D8 86 C3        		db	0C4h, 46h,0C8h,0D8h, 86h,0C3h 
 04BB  56 CA C7 D8 87 C4        		db	 56h,0CAh,0C7h,0D8h, 87h,0C4h 
 04C1  56 C8 C7 D8 84 C4        		db	 56h,0C8h,0C7h,0D8h, 84h,0C4h 
 04C7  56 02 18 8C C4 56        		db	 56h, 02h, 18h, 8Ch,0C4h, 56h 
 04CD  D8 84 C3 46 01 18        		db	0D8h, 84h,0C3h, 46h, 01h, 18h 
 04D3  86 C3 66 D8 88 C3        		db	 86h,0C3h, 66h,0D8h, 88h,0C3h 
 04D9  CC 56 CC 85 C3 56        		db	0CCh, 56h,0CCh, 85h,0C3h, 56h 
 04DF  C8 02 18 8B C3 C5        		db	0C8h, 02h, 18h, 8Bh,0C3h,0C5h 
 04E5  C7 CC 85 C3 CA CC        		db	0C7h,0CCh, 85h,0C3h,0CAh,0CCh 
 04EB  88 C3 66 81 D8 89        		db	 88h,0C3h, 66h, 81h,0D8h, 89h 
 04F1  C4 56 85 C4 56 CC        		db	0C4h, 56h, 85h,0C4h, 56h,0CCh 
 04F7  8E C3 56 85 C3 C7        		db	 8Eh,0C3h, 56h, 85h,0C3h,0C7h 
 04FD  C6 86 C3 C6 66 01        		db	0C6h, 86h,0C3h,0C6h, 66h, 01h 
 0503  18 8A C3 46 CC 85        		db	 18h, 8Ah,0C3h, 46h,0CCh, 85h 
 0509  C3 46 CC 86 C3 C7        		db	0C3h, 46h,0CCh, 86h,0C3h,0C7h 
 050F  87 C3 46 CC 85 C4        		db	 87h,0C3h, 46h,0CCh, 85h,0C4h 
 0515  46 CC 85 C4 56 C8        		db	 46h,0CCh, 85h,0C4h, 56h,0C8h 
 051B  C7 D8 81 8A C3 46        		db	0C7h,0D8h, 81h, 8Ah,0C3h, 46h 
 0521  C6 85 C3 CA C7 C8        		db	0C6h, 85h,0C3h,0CAh,0C7h,0C8h 
 0527  86 C3 C5 C7 86 C3        		db	 86h,0C3h,0C5h,0C7h, 86h,0C3h 
 052D  C7 C6 86 C4 C7 CC        		db	0C7h,0C6h, 86h,0C4h,0C7h,0CCh 
Microsoft (R) Macro Assembler  Version 4.00                 3/29/26 15:17:39

                                                            Page     1-9
                                                            

 0533  86 C4 56 CC 83 8A        		db	 86h,0C4h, 56h,0CCh, 83h, 8Ah 
 0539  C4 56 D8 84 C3 66        		db	0C4h, 56h,0D8h, 84h,0C3h, 66h 
 053F  D8 84 C3 56 85 C3        		db	0D8h, 84h,0C3h, 56h, 85h,0C3h 
 0545  C7 CA 02 18 83 C3        		db	0C7h,0CAh, 02h, 18h, 83h,0C3h 
 054B  C7 C6 86 C3 56 C6        		db	0C7h,0C6h, 86h,0C3h, 56h,0C6h 
 0551  83 8A C3 46 C8 01        		db	 83h, 8Ah,0C3h, 46h,0C8h, 01h 
 0557  18 83 C3 56 02 18        		db	 18h, 83h,0C3h, 56h, 02h, 18h 
 055D  83 C3 56 D8 84 C4        		db	 83h,0C3h, 56h,0D8h, 84h,0C4h 
 0563  46 01 18 84 C3 46        		db	 46h, 01h, 18h, 84h,0C3h, 46h 
 0569  02 18 83 C3 C5 56        		db	 02h, 18h, 83h,0C3h,0C5h, 56h 
 056F  D8 82 8A C3 C5 46        		db	0D8h, 82h, 8Ah,0C3h,0C5h, 46h 
 0575  D8 84 C3 46 CC C8        		db	0D8h, 84h,0C3h, 46h,0CCh,0C8h 
 057B  D8 84 C3 C8 C7 01        		db	0D8h, 84h,0C3h,0C8h,0C7h, 01h 
 0581  18 84 C3 C7 CC 86        		db	 18h, 84h,0C3h,0C7h,0CCh, 86h 
 0587  C3 46 CA 01 18 83        		db	0C3h, 46h,0CAh, 01h, 18h, 83h 
 058D  C3 56 CA 02 18 8A        		db	0C3h, 56h,0CAh, 02h, 18h, 8Ah 
 0593  C3 46 01 18 84 C4        		db	0C3h, 46h, 01h, 18h, 84h,0C4h 
 0599  46 CA C7 85 C3 C7        		db	 46h,0CAh,0C7h, 85h,0C3h,0C7h 
 059F  D8 86 C3 C7 D8 86        		db	0D8h, 86h,0C3h,0C7h,0D8h, 86h 
 05A5  C3 C7 C9 C7 D8 84        		db	0C3h,0C7h,0C9h,0C7h,0D8h, 84h 
 05AB  C3 56 02 18 81 8A        		db	0C3h, 56h, 02h, 18h, 81h, 8Ah 
 05B1  C3 C7 CC 86 C3 66        		db	0C3h,0C7h,0CCh, 86h,0C3h, 66h 
 05B7  97 C3 46 CC 85 C3        		db	 97h,0C3h, 46h,0CCh, 85h,0C3h 
 05BD  46 C8 D8 83 8A C3        		db	 46h,0C8h,0D8h, 83h, 8Ah,0C3h 
 05C3  C7 87 C3 66 40 C2        		db	0C7h, 87h,0C3h, 66h, 40h,0C2h 
 05C9  C1 C2 70 C2 C1 C2        		db	0C1h,0C2h, 70h,0C2h,0C1h,0C2h 
 05CF  50 C2 C1 C2 40 82        		db	 50h,0C2h,0C1h,0C2h, 40h, 82h 
 05D5  C4 46 C6 85 C3 56        		db	0C4h, 46h,0C6h, 85h,0C3h, 56h 
 05DB  D8 83 8A C3 C7 C6        		db	0D8h, 83h, 8Ah,0C3h,0C7h,0C6h 
 05E1  86 C3 56 CA 01 18        		db	 86h,0C3h, 56h,0CAh, 01h, 18h 
 05E7  95 C3 56 01 18 83        		db	 95h,0C3h, 56h, 01h, 18h, 83h 
 05ED  C3 46 CC 84 8A C3        		db	0C3h, 46h,0CCh, 84h, 8Ah,0C3h 
 05F3  46 02 18 83 C3 C9        		db	 46h, 02h, 18h, 83h,0C3h,0C9h 
 05F9  66 C8 66 55 46 C8        		db	 66h,0C8h, 66h, 55h, 46h,0C8h 
 05FF  56 65 C7 C6 66 C8        		db	 56h, 65h,0C7h,0C6h, 66h,0C8h 
 0605  C7 D8 84 C3 56 84        		db	0C7h,0D8h, 84h,0C3h, 56h, 84h 
 060B  C1 41 C1 86 C3 46        		db	0C1h, 41h,0C1h, 86h,0C3h, 46h 
 0611  01 18 84 C3 0F 07        		db	 01h, 18h, 84h,0C3h, 0Fh, 07h 
 0617  C6 C8 56 CA 07 07        		db	0C6h,0C8h, 56h,0CAh, 07h, 07h 
 061D  D8 85 C3 56 C1 C2        		db	0D8h, 85h,0C3h, 56h,0C1h,0C2h 
 0623  40 8A C3 56 85 C3        		db	 40h, 8Ah,0C3h, 56h, 85h,0C3h 
 0629  46 C8 66 C8 56 CA        		db	 46h,0C8h, 66h,0C8h, 56h,0CAh 
 062F  C8 CC 0E 07 01 18        		db	0C8h,0CCh, 0Eh, 07h, 01h, 18h 
 0635  85 C3 56 84 81 C4        		db	 85h,0C3h, 56h, 84h, 81h,0C4h 
 063B  C7 C6 86 C3 56 85        		db	0C7h,0C6h, 86h,0C3h, 56h, 85h 
 0641  C4 46 01 18 85 C3        		db	0C4h, 46h, 01h, 18h, 85h,0C3h 
 0647  C7 4B 46 4B 46 C5        		db	0C7h, 4Bh, 46h, 4Bh, 46h,0C5h 
 064D  66 C8 C7 01 18 88        		db	 66h,0C8h,0C7h, 01h, 18h, 88h 
 0653  C3 46 CA 01 18 82        		db	0C3h, 46h,0CAh, 01h, 18h, 82h 
 0659  81 C4 C7 C8 46 84        		db	 81h,0C4h,0C7h,0C8h, 46h, 84h 
 065F  C4 56 98 C4 C7 EC        		db	0C4h, 56h, 98h,0C4h,0C7h,0ECh 
 0665  56 01 18 8A C4 56        		db	 56h, 01h, 18h, 8Ah,0C4h, 56h 
 066B  D8 83 81 C3 66 D8        		db	0D8h, 83h, 81h,0C3h, 66h,0D8h 
 0671  83 C4 C7 C5 C7 60        		db	 83h,0C4h,0C7h,0C5h,0C7h, 60h 
 0677  C2 50 C2 60 C2 C1        		db	0C2h, 50h,0C2h, 60h,0C2h,0C1h 
Microsoft (R) Macro Assembler  Version 4.00                 3/29/26 15:17:39

                                                            Page     1-10
                                                            

 067D  C2 50 C2 50 81 C3        		db	0C2h, 50h,0C2h, 50h, 81h,0C3h 
 0683  C7 EC 56 8C C3 46        		db	0C7h,0ECh, 56h, 8Ch,0C3h, 46h 
 0689  CC 84 81 C3 46 CA        		db	0CCh, 84h, 81h,0C3h, 46h,0CAh 
 068F  D8 84 C3 56 01 18        		db	0D8h, 84h,0C3h, 56h, 01h, 18h 
 0695  96 C4 46 C5 C8 01        		db	 96h,0C4h, 46h,0C5h,0C8h, 01h 
 069B  18 8B C3 46 D8 84        		db	 18h, 8Bh,0C3h, 46h,0D8h, 84h 
 06A1  81 C4 46 CC 85 C3        		db	 81h,0C4h, 46h,0CCh, 85h,0C3h 
 06A7  08 07 04 18 8D C3        		db	 08h, 07h, 04h, 18h, 8Dh,0C3h 
 06AD  EC 46 01 18 84 C4        		db	0ECh, 46h, 01h, 18h, 84h,0C4h 
 06B3  C7 C6 85 C4 56 D8        		db	0C7h,0C6h, 85h,0C4h, 56h,0D8h 
 06B9  83 81 C3 C7 CA 01        		db	 83h, 81h,0C3h,0C7h,0CAh, 01h 
 06BF  18 84 C3 0B 07 02        		db	 18h, 84h,0C3h, 0Bh, 07h, 02h 
 06C5  18 8C C3 EC C7 CC        		db	 18h, 8Ch,0C3h,0ECh,0C7h,0CCh 
 06CB  86 C3 C7 02 18 83        		db	 86h,0C3h,0C7h, 02h, 18h, 83h 
 06D1  C3 46 C6 84 81 C3        		db	0C3h, 46h,0C6h, 84h, 81h,0C3h 
 06D7  46 02 18 83 C3 09        		db	 46h, 02h, 18h, 83h,0C3h, 09h 
 06DD  07 CC 46 CA 03 18        		db	 07h,0CCh, 46h,0CAh, 03h, 18h 
 06E3  89 C4 EC 46 C6 85        		db	 89h,0C4h,0ECh, 46h,0C6h, 85h 
 06E9  C3 C7 C8 D8 84 C3        		db	0C3h,0C7h,0C8h,0D8h, 84h,0C3h 
 06EF  56 84 81 C3 46 D8        		db	 56h, 84h, 81h,0C3h, 46h,0D8h 
 06F5  85 C3 76 CC C8 C7        		db	 85h,0C3h, 76h,0CCh,0C8h,0C7h 
 06FB  4B C8 06 07 01 18        		db	 4Bh,0C8h, 06h, 07h, 01h, 18h 
 0701  87 C3 C7 EC C7 02        		db	 87h,0C3h,0C7h,0ECh,0C7h, 02h 
 0707  18 83 C3 46 D8 84        		db	 18h, 83h,0C3h, 46h,0D8h, 84h 
 070D  C3 46 C9 01 18 82        		db	0C3h, 46h,0C9h, 01h, 18h, 82h 
 0713  81 C4 C7 CC 86 C4        		db	 81h,0C4h,0C7h,0CCh, 86h,0C4h 
 0719  C7 C9 46 02 18 82        		db	0C7h,0C9h, 46h, 02h, 18h, 82h 
 071F  C4 07 07 C8 02 18        		db	0C4h, 07h, 07h,0C8h, 02h, 18h 
 0725  85 C3 C7 EC C8 01        		db	 85h,0C3h,0C7h,0ECh,0C8h, 01h 
 072B  18 84 C3 C7 C6 85        		db	 18h, 84h,0C3h,0C7h,0C6h, 85h 
 0731  C3 56 D8 83 81 C3        		db	0C3h, 56h,0D8h, 83h, 81h,0C3h 
 0737  C7 96 C4 76 D8 86        		db	0C7h, 96h,0C4h, 76h,0D8h, 86h 
 073D  C3 C7 EC C7 D8 85        		db	0C3h,0C7h,0ECh,0C7h,0D8h, 85h 
 0743  C4 46 D8 84 C3 56        		db	0C4h, 46h,0D8h, 84h,0C3h, 56h 
 0749  84 81 C3 C9 C7 70        		db	 84h, 81h,0C3h,0C9h,0C7h, 70h 
 074F  C2 C1 C2 60 C2 40        		db	0C2h,0C1h,0C2h, 60h,0C2h, 40h 
 0755  C2 60 82 C3 56 C8        		db	0C2h, 60h, 82h,0C3h, 56h,0C8h 
 075B  D8 86 C4 46 CC 86        		db	0D8h, 86h,0C4h, 46h,0CCh, 86h 
 0761  C4 C7 C8 01 18 83        		db	0C4h,0C7h,0C8h, 01h, 18h, 83h 
 0767  C3 46 D8 84 81 C3        		db	0C3h, 46h,0D8h, 84h, 81h,0C3h 
 076D  46 D8 95 C3 56 CC        		db	 46h,0D8h, 95h,0C3h, 56h,0CCh 
 0773  87 C4 46 C6 86 C3        		db	 87h,0C4h, 46h,0C6h, 86h,0C3h 
 0779  46 D8 84 C3 C7 C9        		db	 46h,0D8h, 84h,0C3h,0C7h,0C9h 
 077F  D8 84 81 C3 46 85        		db	0D8h, 84h, 81h,0C3h, 46h, 85h 
 0785  C4 C7 D8 8E C4 56        		db	0C4h,0C7h,0D8h, 8Eh,0C4h, 56h 
 078B  C6 87 C3 46 C8 01        		db	0C6h, 87h,0C3h, 46h,0C8h, 01h 
 0791  18 84 C3 C5 C7 D8        		db	 18h, 84h,0C3h,0C5h,0C7h,0D8h 
 0797  84 C3 C7 CC 85 81        		db	 84h,0C3h,0C7h,0CCh, 85h, 81h 
 079D  C3 C7 C8 01 18 83        		db	0C3h,0C7h,0C8h, 01h, 18h, 83h 
 07A3  C4 46 01 18 8C C4        		db	0C4h, 46h, 01h, 18h, 8Ch,0C4h 
 07A9  46 CA C7 01 18 85        		db	 46h,0CAh,0C7h, 01h, 18h, 85h 
 07AF  C3 56 02 18 83 C3        		db	0C3h, 56h, 02h, 18h, 83h,0C3h 
 07B5  C7 CC 85 C4 C7 CC        		db	0C7h,0CCh, 85h,0C4h,0C7h,0CCh 
 07BB  85 81 C4 46 D8 84        		db	 85h, 81h,0C4h, 46h,0D8h, 84h 
 07C1  C3 46 8E C3 56 C6        		db	0C3h, 46h, 8Eh,0C3h, 56h,0C6h 
Microsoft (R) Macro Assembler  Version 4.00                 3/29/26 15:17:39

                                                            Page     1-11
                                                            

 07C7  D8 86 C3 56 D8 85        		db	0D8h, 86h,0C3h, 56h,0D8h, 85h 
 07CD  C3 C7 86 C3 C7 01        		db	0C3h,0C7h, 86h,0C3h,0C7h, 01h 
 07D3  18 84 81 C4 C7 CC        		db	 18h, 84h, 81h,0C4h,0C7h,0CCh 
 07D9  85 C3 46 C6 8D C3        		db	 85h,0C3h, 46h,0C6h, 8Dh,0C3h 
 07DF  C7 C5 46 D8 86 C3        		db	0C7h,0C5h, 46h,0D8h, 86h,0C3h 
 07E5  46 CC 86 C3 C7 C6        		db	 46h,0CCh, 86h,0C3h,0C7h,0C6h 
 07EB  D8 84 C3 C7 02 18        		db	0D8h, 84h,0C3h,0C7h, 02h, 18h 
 07F1  83 81 C3 C7 86 C3        		db	 83h, 81h,0C3h,0C7h, 86h,0C3h 
 07F7  C7 C5 C6 8D C3 56        		db	0C7h,0C5h,0C6h, 8Dh,0C3h, 56h 
 07FD  CC 87 C4 46 C9 86        		db	0CCh, 87h,0C4h, 46h,0C9h, 86h 
 0803  C3 46 01 18 83 C3        		db	0C3h, 46h, 01h, 18h, 83h,0C3h 
 0809  C7 D8 85 C4 46 CC        		db	0C7h,0D8h, 85h,0C4h, 46h,0CCh 
 080F  85 C4 66 D8 8B C3        		db	 85h,0C4h, 66h,0D8h, 8Bh,0C3h 
 0815  46 C6 88 C3 46 CC        		db	 46h,0C6h, 88h,0C3h, 46h,0CCh 
 081B  86 C3 46 C8 01 18        		db	 86h,0C3h, 46h,0C8h, 01h, 18h 
 0821  82 C4 C7 86 66 D8        		db	 82h,0C4h,0C7h, 86h, 66h,0D8h 
 0827  84 C3 66 01 18 8A        		db	 84h,0C3h, 66h, 01h, 18h, 8Ah 
 082D  C4 46 C6 88 C3 46        		db	0C4h, 46h,0C6h, 88h,0C3h, 46h 
 0833  02 18 84 C3 56 C6        		db	 02h, 18h, 84h,0C3h, 56h,0C6h 
 0839  83 C3 CC 85 C4 C5        		db	 83h,0C3h,0CCh, 85h,0C4h,0C5h 
 083F  46 CA 02 18 82 C4        		db	 46h,0CAh, 02h, 18h, 82h,0C4h 
 0845  56 CC 8C C4 C5 46        		db	 56h,0CCh, 8Ch,0C4h,0C5h, 46h 
 084B  C6 87 C3 C7 C8 D8        		db	0C6h, 87h,0C3h,0C7h,0C8h,0D8h 
 0851  86 C4 76 C8 46 CC        		db	 86h,0C4h, 76h,0C8h, 46h,0CCh 
 0857  85 C3 46 C8 01 18        		db	 85h,0C3h, 46h,0C8h, 01h, 18h 
 085D  84 C3 C9 56 01 18        		db	 84h,0C3h,0C9h, 56h, 01h, 18h 
 0863  8A C3 56 CA 01 18        		db	 8Ah,0C3h, 56h,0CAh, 01h, 18h 
 0869  85 C3 46 01 18 85        		db	 85h,0C3h, 46h, 01h, 18h, 85h 
 086F  C4 C5 07 07 85 C3        		db	0C4h,0C5h, 07h, 07h, 85h,0C3h 
 0875  56 CC 85 C3 C7 C9        		db	 56h,0CCh, 85h,0C3h,0C7h,0C9h 
 087B  46 D8 8B C4 66 D8        		db	 46h,0D8h, 8Bh,0C4h, 66h,0D8h 
 0881  86 C3 56 86 C3 06        		db	 86h,0C3h, 56h, 86h,0C3h, 06h 
 0887  07 C8 C7 01 18 83        		db	 07h,0C8h,0C7h, 01h, 18h, 83h 
 088D  C3 56 CC 85 C3 56        		db	0C3h, 56h,0CCh, 85h,0C3h, 56h 
 0893  CC 8C C3 56 CC 87        		db	0CCh, 8Ch,0C3h, 56h,0CCh, 87h 
 0899  C4 46 C9 86 C3 06        		db	0C4h, 46h,0C9h, 86h,0C3h, 06h 
 089F  07 02 18 84 C4 46        		db	 07h, 02h, 18h, 84h,0C4h, 46h 
 08A5  CC 86 C3 56 C8 01        		db	0CCh, 86h,0C3h, 56h,0C8h, 01h 
 08AB  18 8A C3 46 CC           		db	 18h, 8Ah,0C3h, 46h,0CCh 
 08B0  C388 8656                data_1		dw	0C388h, 8656h		; Data table (indexed access) 
 08B4  C3 06 07 D8 86 C3        		db	0C3h, 06h, 07h,0D8h, 86h,0C3h 
 08BA  46 87 C3 C7 C9 C7        		db	 46h, 87h,0C3h,0C7h,0C9h,0C7h 
 08C0  CC 8C C3 46 C9 88        		db	0CCh, 8Ch,0C3h, 46h,0C9h, 88h 
 08C6  C3 56 01 18 84 C3        		db	0C3h, 56h, 01h, 18h, 84h,0C3h 
 08CC  05 07 CC 87 C3 46        		db	 05h, 07h,0CCh, 87h,0C3h, 46h 
 08D2  CC 86 C4 56 CC 8C        		db	0CCh, 86h,0C4h, 56h,0CCh, 8Ch 
 08D8  C3 C7 C6 C8 C6 87        		db	0C3h,0C7h,0C6h,0C8h,0C6h, 87h 
 08DE  C4 46 C8 D8 85 C4        		db	0C4h, 46h,0C8h,0D8h, 85h,0C4h 
 08E4  05 07 01 18 86 C3        		db	 05h, 07h, 01h, 18h, 86h,0C3h 
 08EA  46 CA 01 18 84 C3        		db	 46h,0CAh, 01h, 18h, 84h,0C3h 
 08F0  C9 46 8D C3 66 D8        		db	0C9h, 46h, 8Dh,0C3h, 66h,0D8h 
 08F6  86 C4 46 CC D8 85        		db	 86h,0C4h, 46h,0CCh,0D8h, 85h 
 08FC  C3 C7 C5 66 C8 01        		db	0C3h,0C7h,0C5h, 66h,0C8h, 01h 
 0902  18 85 C3 56 02 18        		db	 18h, 85h,0C3h, 56h, 02h, 18h 
 0908  83 C3 46 01 18 8C        		db	 83h,0C3h, 46h, 01h, 18h, 8Ch 
Microsoft (R) Macro Assembler  Version 4.00                 3/29/26 15:17:39

                                                            Page     1-12
                                                            

 090E  C3 56 C6 87 C3 56        		db	0C3h, 56h,0C6h, 87h,0C3h, 56h 
 0914  86 C3 05 07 CC 87        		db	 86h,0C3h, 05h, 07h,0CCh, 87h 
 091A  C4 46 CC 86 C4 46        		db	0C4h, 46h,0CCh, 86h,0C4h, 46h 
 0920  CC 85 C4 46 C6 84        		db	0CCh, 85h,0C4h, 46h,0C6h, 84h 
 0926  C4 56 CA 02 18 84        		db	0C4h, 56h,0CAh, 02h, 18h, 84h 
 092C  C3 C5 46 86 C3 66        		db	0C3h,0C5h, 46h, 86h,0C3h, 66h 
 0932  48 88 C4 46 87 C4        		db	 48h, 88h,0C4h, 46h, 87h,0C4h 
 0938  46 C8 01 18 83 C3        		db	 46h,0C8h, 01h, 18h, 83h,0C3h 
 093E  C7 C9 C7 C8 C6 C7        		db	0C7h,0C9h,0C7h,0C8h,0C6h,0C7h 
 0944  C9 76 01 18 85 C3        		db	0C9h, 76h, 01h, 18h, 85h,0C3h 
 094A  46 CC 86 C3 46 48        		db	 46h,0CCh, 86h,0C3h, 46h, 48h 
 0950  C7 C6 88 C3 46 C6        		db	0C7h,0C6h, 88h,0C3h, 46h,0C6h 
 0956  86 C3 56 D8 84 C3        		db	 86h,0C3h, 56h,0D8h, 84h,0C3h 
 095C  56 C6 C8 C7 CA 66        		db	 56h,0C6h,0C8h,0C7h,0CAh, 66h 
 0962  CC 87 C3 56 86 C3        		db	0CCh, 87h,0C3h, 56h, 86h,0C3h 
 0968  05 07 02 18 85 C3        		db	 05h, 07h, 02h, 18h, 85h,0C3h 
 096E  56 02 18 83 C3 C5        		db	 56h, 02h, 18h, 83h,0C3h,0C5h 
 0974  C7 CC 85 C4 0A 07        		db	0C7h,0CCh, 85h,0C4h, 0Ah, 07h 
 097A  C6 87 C3 56 86 C3        		db	0C6h, 87h,0C3h, 56h, 86h,0C3h 
 0980  76 C8 01 18 86 C4        		db	 76h,0C8h, 01h, 18h, 86h,0C4h 
 0986  56 C8 D8 84 C3 46        		db	 56h,0C8h,0D8h, 84h,0C3h, 46h 
 098C  86 C4 56 C8 56 C5        		db	 86h,0C4h, 56h,0C8h, 56h,0C5h 
 0992  66 C6 86 C3 46 CA        		db	 66h,0C6h, 86h,0C3h, 46h,0CAh 
 0998  86 C3 C5 76 D8 87        		db	 86h,0C3h,0C5h, 76h,0D8h, 87h 
 099E  C3 C5 56 85 C4 46        		db	0C3h,0C5h, 56h, 85h,0C4h, 46h 
 09A4  CC 85 C3 66 4B 05        		db	0CCh, 85h,0C3h, 66h, 4Bh, 05h 
 09AA  07 C8 01 18 84 C4        		db	 07h,0C8h, 01h, 18h, 84h,0C4h 
 09B0  46 02 18 84 C3 76        		db	 46h, 02h, 18h, 84h,0C3h, 76h 
 09B6  CC 88 C3 C5 46 CC        		db	0CCh, 88h,0C3h,0C5h, 46h,0CCh 
 09BC  85 C3 56 D8 84 C3        		db	 85h,0C3h, 56h,0D8h, 84h,0C3h 
 09C2  C5 C7 02 18 84 C4        		db	0C5h,0C7h, 02h, 18h, 84h,0C4h 
 09C8  56 D8 85 C4 56 D8        		db	 56h,0D8h, 85h,0C4h, 56h,0D8h 
 09CE  85 C3 66 C9 89 C3        		db	 85h,0C3h, 66h,0C9h, 89h,0C3h 
 09D4  56 86 C3 C9 C8 02        		db	 56h, 86h,0C3h,0C9h,0C8h, 02h 
 09DA  18 83 C3 46 C8 D8        		db	 18h, 83h,0C3h, 46h,0C8h,0D8h 
 09E0  85 C3 C7 CA C7 D8        		db	 85h,0C3h,0C7h,0CAh,0C7h,0D8h 
 09E6  85 C3 46 C8 02 18        		db	 85h,0C3h, 46h,0C8h, 02h, 18h 
 09EC  83 C4 76 CC 88 C4        		db	 83h,0C4h, 76h,0CCh, 88h,0C4h 
 09F2  56 01 18 84 C3 46        		db	 56h, 01h, 18h, 84h,0C3h, 46h 
 09F8  01 18 84 C3 46 CC        		db	 01h, 18h, 84h,0C3h, 46h,0CCh 
 09FE  01 18 84 C3 C7 CC        		db	 01h, 18h, 84h,0C3h,0C7h,0CCh 
 0A04  87 C3 56 D8 85 C4        		db	 87h,0C3h, 56h,0D8h, 85h,0C4h 
 0A0A  46 48 C7 C6 88 C4        		db	 46h, 48h,0C7h,0C6h, 88h,0C4h 
 0A10  56 02 18 83 C3 46        		db	 56h, 02h, 18h, 83h,0C3h, 46h 
 0A16  CC 85 C3 C7 CC 87        		db	0CCh, 85h,0C3h,0C7h,0CCh, 87h 
 0A1C  C4 46 C6 86 C3 56        		db	0C4h, 46h,0C6h, 86h,0C3h, 56h 
 0A22  86 C3 05 07 01 18        		db	 86h,0C3h, 05h, 07h, 01h, 18h 
 0A28  86 C3 56 02 18 83        		db	 86h,0C3h, 56h, 02h, 18h, 83h 
 0A2E  C3 46 86 C3 C7 C6        		db	0C3h, 46h, 86h,0C3h,0C7h,0C6h 
 0A34  87 C4 46 CA 01 18        		db	 87h,0C4h, 46h,0CAh, 01h, 18h 
 0A3A  83 C4 66 86 C3 66        		db	 83h,0C4h, 66h, 86h,0C3h, 66h 
 0A40  CA C7 C8 02 18 84        		db	0CAh,0C7h,0C8h, 02h, 18h, 84h 
 0A46  C3 46 CC 86 C4 46        		db	0C3h, 46h,0CCh, 86h,0C4h, 46h 
 0A4C  C6 85 C4 C7 C8 01        		db	0C6h, 85h,0C4h,0C7h,0C8h, 01h 
 0A52  18 85 C3 66 01 18        		db	 18h, 85h,0C3h, 66h, 01h, 18h 
Microsoft (R) Macro Assembler  Version 4.00                 3/29/26 15:17:39

                                                            Page     1-13
                                                            

 0A58  81 C3 76 86 C3 05        		db	 81h,0C3h, 76h, 86h,0C3h, 05h 
 0A5E  07 CC 87 C3 56 86        		db	 07h,0CCh, 87h,0C3h, 56h, 86h 
 0A64  C4 C7 C8 01 18 84        		db	0C4h,0C7h,0C8h, 01h, 18h, 84h 
 0A6A  C4 C7 CC 89 C4 08        		db	0C4h,0C7h,0CCh, 89h,0C4h, 08h 
 0A70  07 CA C8 01 18 84        		db	 07h,0CAh,0C8h, 01h, 18h, 84h 
 0A76  C3 06 07 01 18 85        		db	0C3h, 06h, 07h, 01h, 18h, 85h 
 0A7C  C3 46 4B 85 C3 56        		db	0C3h, 46h, 4Bh, 85h,0C3h, 56h 
 0A82  D8 84 C3 C7 C9 89        		db	0D8h, 84h,0C3h,0C7h,0C9h, 89h 
 0A88  C3 76 C5 76 D8 85        		db	0C3h, 76h,0C5h, 76h,0D8h, 85h 
 0A8E  C3 C5 76 CC 87 C4        		db	0C3h,0C5h, 76h,0CCh, 87h,0C4h 
 0A94  66 85 C3 46 CC 85        		db	 66h, 85h,0C3h, 46h,0CCh, 85h 
 0A9A  C3 46 C6 8A C3 07        		db	0C3h, 46h,0C6h, 8Ah,0C3h, 07h 
 0AA0  07 CC 86 C3 06 07        		db	 07h,0CCh, 86h,0C3h, 06h, 07h 
 0AA6  D8 86 C3 66 85 C3        		db	0D8h, 86h,0C3h, 66h, 85h,0C3h 
 0AAC  C7 C9 86 C3 46 C8        		db	0C7h,0C9h, 86h,0C3h, 46h,0C8h 
 0AB2  01 18 88 C4 06 07        		db	 01h, 18h, 88h,0C4h, 06h, 07h 
 0AB8  C6 87 C4 06 07 D8        		db	0C6h, 87h,0C4h, 06h, 07h,0D8h 
 0ABE  86 C4 46 CA C7 D8        		db	 86h,0C4h, 46h,0CAh,0C7h,0D8h 
 0AC4  84 C3 46 C6 85 C3        		db	 84h,0C3h, 46h,0C6h, 85h,0C3h 
 0ACA  C5 46 D8 89 C3 C9        		db	0C5h, 46h,0D8h, 89h,0C3h,0C9h 
 0AD0  76 CA 01 18 86 C3        		db	 76h,0CAh, 01h, 18h, 86h,0C3h 
 0AD6  05 07 C8 02 18 84        		db	 05h, 07h,0C8h, 02h, 18h, 84h 
 0ADC  C3 56 02 18 83 C3        		db	0C3h, 56h, 02h, 18h, 83h,0C3h 
 0AE2  46 C8 01 18 83 C3        		db	 46h,0C8h, 01h, 18h, 83h,0C3h 
 0AE8  C7 CC 8B C3 05 07        		db	0C7h,0CCh, 8Bh,0C3h, 05h, 07h 
 0AEE  CC 88 C3 C7 C5 46        		db	0CCh, 88h,0C3h,0C7h,0C5h, 46h 
 0AF4  CC C7 CC 87 C3 56        		db	0CCh,0C7h,0CCh, 87h,0C3h, 56h 
 0AFA  86 C3 C9 46 D8 84        		db	 86h,0C3h,0C9h, 46h,0D8h, 84h 
 0B00  C4 46 D8 8A C3 06        		db	0C4h, 46h,0D8h, 8Ah,0C3h, 06h 
 0B06  07 C6 87 C3 C7 C9        		db	 07h,0C6h, 87h,0C3h,0C7h,0C9h 
 0B0C  46 C8 C7 88 C3 46        		db	 46h,0C8h,0C7h, 88h,0C3h, 46h 
 0B12  4B 85 C3 56 93 C3        		db	 4Bh, 85h,0C3h, 56h, 93h,0C3h 
 0B18  46 C5 56 C8 01 18        		db	 46h,0C5h, 56h,0C8h, 01h, 18h 
 0B1E  86 C3 46 C9 56 C6        		db	 86h,0C3h, 46h,0C9h, 56h,0C6h 
 0B24  87 C4 66 85 C4 56        		db	 87h,0C4h, 66h, 85h,0C4h, 56h 
 0B2A  40 C2 40 C2 40 C2        		db	 40h,0C2h, 40h,0C2h, 40h,0C2h 
 0B30  40 88 C3 66 C8 C7        		db	 40h, 88h,0C3h, 66h,0C8h,0C7h 
 0B36  01 18 87 C3 06 07        		db	 01h, 18h, 87h,0C3h, 06h, 07h 
 0B3C  01 18 85 C4 66 85        		db	 01h, 18h, 85h,0C4h, 66h, 85h 
 0B42  C3 46 C9 01 18 91        		db	0C3h, 46h,0C9h, 01h, 18h, 91h 
 0B48  C3 46 02 18 8A C3        		db	0C3h, 46h, 02h, 18h, 8Ah,0C3h 
 0B4E  C7 48 56 CA D8 86        		db	0C7h, 48h, 56h,0CAh,0D8h, 86h 
 0B54  C3 56 C8 D8 84 C3        		db	0C3h, 56h,0C8h,0D8h, 84h,0C3h 
 0B5A  76 C6 C7 45 9D C3        		db	 76h,0C6h,0C7h, 45h, 9Dh,0C3h 
 0B60  05 07 01 18 86 C3        		db	 05h, 07h, 01h, 18h, 86h,0C3h 
 0B66  66 85 C3 66 CA 56        		db	 66h, 85h,0C3h, 66h,0CAh, 56h 
 0B6C  C8 02 18 9A C3 66        		db	0C8h, 02h, 18h, 9Ah,0C3h, 66h 
 0B72  01 18 88 C3 66 01        		db	 01h, 18h, 88h,0C3h, 66h, 01h 
 0B78  18 83 C3 56 4B 01        		db	 18h, 83h,0C3h, 56h, 4Bh, 01h 
 0B7E  18 66 9B C3 EC 46        		db	 18h, 66h, 9Bh,0C3h,0ECh, 46h 
 0B84  CA 02 18 87 C3 66        		db	0CAh, 02h, 18h, 87h,0C3h, 66h 
 0B8A  D8 84 C3 C7 CA 02        		db	0D8h, 84h,0C3h,0C7h,0CAh, 02h 
 0B90  18 82 C3 46 CA 01        		db	 18h, 82h,0C3h, 46h,0CAh, 01h 
 0B96  18 89 C4 C7 C6 01        		db	 18h, 89h,0C4h,0C7h,0C6h, 01h 
 0B9C  18 83 C4 C7 45 05        		db	 18h, 83h,0C4h,0C7h, 45h, 05h 
Microsoft (R) Macro Assembler  Version 4.00                 3/29/26 15:17:39

                                                            Page     1-14
                                                            

 0BA2  2C 46 CC 8A C4 66        		db	 2Ch, 46h,0CCh, 8Ah,0C4h, 66h 
 0BA8  85 C4 46 D8 84 C4        		db	 85h,0C4h, 46h,0D8h, 84h,0C4h 
 0BAE  56 D8 8A C4 46 C5        		db	 56h,0D8h, 8Ah,0C4h, 46h,0C5h 
 0BB4  76 4A EC 46 03 2C        		db	 76h, 4Ah,0ECh, 46h, 03h, 2Ch 
 0BBA  46 01 18 88 E1 C7        		db	 46h, 01h, 18h, 88h,0E1h,0C7h 
 0BC0  58 CC 85 C3 46 C6        		db	 58h,0CCh, 85h,0C3h, 46h,0C6h 
 0BC6  85 C3 56 8A C3 05        		db	 85h,0C3h, 56h, 8Ah,0C3h, 05h 
 0BCC  07 C5 66 C5 C7 01        		db	 07h,0C5h, 66h,0C5h,0C7h, 01h 
 0BD2  2C 66 D8 88 E1 46        		db	 2Ch, 66h,0D8h, 88h,0E1h, 46h 
 0BD8  46 C9 CC 85 C3 46        		db	 46h,0C9h,0CCh, 85h,0C3h, 46h 
 0BDE  C6 85 C3 56 C8 01        		db	0C6h, 85h,0C3h, 56h,0C8h, 01h 
 0BE4  18 87 C3 08 07 CC        		db	 18h, 87h,0C3h, 08h, 07h,0CCh 
 0BEA  C8 5B C7 C9 EC 46        		db	0C8h, 5Bh,0C7h,0C9h,0ECh, 46h 
 0BF0  D8 87 E1 44 C7 66        		db	0D8h, 87h,0E1h, 44h,0C7h, 66h 
 0BF6  85 C4 46 CA 01 18        		db	 85h,0C4h, 46h,0CAh, 01h, 18h 
 0BFC  83 C4 76 D8 87 C4        		db	 83h,0C4h, 76h,0D8h, 87h,0C4h 
 0C02  C7 C9 56 CC C7 C9        		db	0C7h,0C9h, 56h,0CCh,0C7h,0C9h 
 0C08  C7 01 18 83 C3 58        		db	0C7h, 01h, 18h, 83h,0C3h, 58h 
 0C0E  C7 D8 86 E1 C5 56        		db	0C7h,0D8h, 86h,0E1h,0C5h, 56h 
 0C14  C7 C8 C7 01 18 84        		db	0C7h,0C8h,0C7h, 01h, 18h, 84h 
 0C1A  C4 46 01 18 84 C3        		db	0C4h, 46h, 01h, 18h, 84h,0C3h 
 0C20  66 CA C7 87 C4 66        		db	 66h,0CAh,0C7h, 87h,0C4h, 66h 
 0C26  C8 01 18 87 C3 56        		db	0C8h, 01h, 18h, 87h,0C3h, 56h 
 0C2C  CC 86 E1 76 4B 46        		db	0CCh, 86h,0E1h, 76h, 4Bh, 46h 
 0C32  D8 84 C3 C7 CC 86        		db	0D8h, 84h,0C3h,0C7h,0CCh, 86h 
 0C38  C3 C7 C5 56 C8 46        		db	0C3h,0C7h,0C5h, 56h,0C8h, 46h 
 0C3E  01 18 83 C3 66 03        		db	 01h, 18h, 83h,0C3h, 66h, 03h 
 0C44  18 86 C3 56 C6 85        		db	 18h, 86h,0C3h, 56h,0C6h, 85h 
 0C4A  E1 56 C8 C7 CC 84        		db	0E1h, 56h,0C8h,0C7h,0CCh, 84h 
 0C50  D8 84 C3 46 CC 85        		db	0D8h, 84h,0C3h, 46h,0CCh, 85h 
 0C56  C4 07 07 85 C4 46        		db	0C4h, 07h, 07h, 85h,0C4h, 46h 
 0C5C  CA 01 18 89 C4 66        		db	0CAh, 01h, 18h, 89h,0C4h, 66h 
 0C62  01 18 83 C4 56 01        		db	 01h, 18h, 83h,0C4h, 56h, 01h 
 0C68  18 81 89 C3 C7 C8        		db	 18h, 81h, 89h,0C3h,0C7h,0C8h 
 0C6E  01 18 84 C3 05 07        		db	 01h, 18h, 84h,0C3h, 05h, 07h 
 0C74  C8 01 18 84 C3 46        		db	0C8h, 01h, 18h, 84h,0C3h, 46h 
 0C7A  D8 8B C4 48 C7 CA        		db	0D8h, 8Bh,0C4h, 48h,0C7h,0CAh 
 0C80  D8 84 C4 C5 56 D8        		db	0D8h, 84h,0C4h,0C5h, 56h,0D8h 
 0C86  81 82 C3 46 D8 83        		db	 81h, 82h,0C3h, 46h,0D8h, 83h 
 0C8C  C4 C7 CC 86 C3 C7        		db	0C4h,0C7h,0CCh, 86h,0C3h,0C7h 
 0C92  C5 66 C9 86 C3 46        		db	0C5h, 66h,0C9h, 86h,0C3h, 46h 
 0C98  50 C2 40 C2 C1 C2        		db	 50h,0C2h, 40h,0C2h,0C1h,0C2h 
 0C9E  40 81 C3 66 85 C3        		db	 40h, 81h,0C3h, 66h, 85h,0C3h 
 0CA4  46 C8 01 18 81 82        		db	 46h,0C8h, 01h, 18h, 81h, 82h 
 0CAA  C3 46 CA D8 C7 C6        		db	0C3h, 46h,0CAh,0D8h,0C7h,0C6h 
 0CB0  56 C6 85 C3 06 07        		db	 56h,0C6h, 85h,0C3h, 06h, 07h 
 0CB6  02 18 83 C3 C7 CA        		db	 02h, 18h, 83h,0C3h,0C7h,0CAh 
 0CBC  D8 8B C3 66 85 C3        		db	0D8h, 8Bh,0C3h, 66h, 85h,0C3h 
 0CC2  56 83 82 C4 C9 56        		db	 56h, 83h, 82h,0C4h,0C9h, 56h 
 0CC8  C6 C8 56 C8 01 18        		db	0C6h,0C8h, 56h,0C8h, 01h, 18h 
 0CCE  83 C3 76 C8 C7 D8        		db	 83h,0C3h, 76h,0C8h,0C7h,0D8h 
 0CD4  85 C4 C7 02 18 83        		db	 85h,0C4h,0C7h, 02h, 18h, 83h 
 0CDA  C3 C7 D8 84 C4 46        		db	0C3h,0C7h,0D8h, 84h,0C4h, 46h 
 0CE0  C9 C6 D8 84 C3 46        		db	0C9h,0C6h,0D8h, 84h,0C3h, 46h 
 0CE6  01 18 82 82 C3 C7        		db	 01h, 18h, 82h, 82h,0C3h,0C7h 
Microsoft (R) Macro Assembler  Version 4.00                 3/29/26 15:17:39

                                                            Page     1-15
                                                            

 0CEC  C9 05 07 02 18 84        		db	0C9h, 05h, 07h, 02h, 18h, 84h 
 0CF2  C3 46 C9 C7 01 18        		db	0C3h, 46h,0C9h,0C7h, 01h, 18h 
 0CF8  87 C3 46 85 C3 C7        		db	 87h,0C3h, 46h, 85h,0C3h,0C7h 
 0CFE  85 DA DF 46 CC 85        		db	 85h,0DAh,0DFh, 46h,0CCh, 85h 
 0D04  C4 46 84 82 DA DF        		db	0C4h, 46h, 84h, 82h,0DAh,0DFh 
 0D0A  46 CC C8 02 18 87        		db	 46h,0CCh,0C8h, 02h, 18h, 87h 
 0D10  C4 C7 02 18 89 C3        		db	0C4h,0C7h, 02h, 18h, 89h,0C3h 
 0D16  46 85 EB EC 01 18        		db	 46h, 85h,0EBh,0ECh, 01h, 18h 
 0D1C  83 DB E0 56 85 C3        		db	 83h,0DBh,0E0h, 56h, 85h,0C3h 
 0D22  C7 C8 01 18 82 82        		db	0C7h,0C8h, 01h, 18h, 82h, 82h 
 0D28  DB E0 C7 C8 01 18        		db	0DBh,0E0h,0C7h,0C8h, 01h, 18h 
 0D2E  98 C3 C7 D8 85 EB        		db	 98h,0C3h,0C7h,0D8h, 85h,0EBh 
 0D34  D8 85 DB DE C9 46        		db	0D8h, 85h,0DBh,0DEh,0C9h, 46h 
 0D3A  85 C4 46 02 18 81        		db	 85h,0C4h, 46h, 02h, 18h, 81h 
 0D40  82 DB DE 46 60 C2        		db	 82h,0DBh,0DEh, 46h, 60h,0C2h 
 0D46  40 C2 50 41 70 C2        		db	 40h,0C2h, 50h, 41h, 70h,0C2h 
 0D4C  40 C2 50 81 C3 C8        		db	 40h,0C2h, 50h, 81h,0C3h,0C8h 
 0D52  01 18 8B DB DF 46        		db	 01h, 18h, 8Bh,0DBh,0DFh, 46h 
 0D58  CC 85 C4 46 84 82        		db	0CCh, 85h,0C4h, 46h, 84h, 82h 
 0D5E  DB DF C7 CC 9A C3        		db	0DBh,0DFh,0C7h,0CCh, 9Ah,0C3h 
 0D64  46 87 01 18 83 DB        		db	 46h, 87h, 01h, 18h, 83h,0DBh 
 0D6A  DF C7 C9 CC 85 C3        		db	0DFh,0C7h,0C9h,0CCh, 85h,0C3h 
 0D70  46 84 82 DD DF C7        		db	 46h, 84h, 82h,0DDh,0DFh,0C7h 
 0D76  CC 85 C4 C7 C6 89        		db	0CCh, 85h,0C4h,0C7h,0C6h, 89h 
 0D7C  C4 C7 D8 86 C3 46        		db	0C4h,0C7h,0D8h, 86h,0C3h, 46h 
 0D82  8C DB DF 46 CC 85        		db	 8Ch,0DBh,0DFh, 46h,0CCh, 85h 
 0D88  C3 C5 C7 84 82 C4        		db	0C3h,0C5h,0C7h, 84h, 82h,0C4h 
 0D8E  C7 C8 D8 85 C4 56        		db	0C7h,0C8h,0D8h, 85h,0C4h, 56h 
 0D94  D8 87 C3 46 01 18        		db	0D8h, 87h,0C3h, 46h, 01h, 18h 
 0D9A  84 C4 C7 CA D8 8B        		db	 84h,0C4h,0C7h,0CAh,0D8h, 8Bh 
 0DA0  DB DF 56 85 C3 46        		db	0DBh,0DFh, 56h, 85h,0C3h, 46h 
 0DA6  01 18 82 82 C3 46        		db	 01h, 18h, 82h, 82h,0C3h, 46h 
 0DAC  01 18 84 C3              		db	 01h, 18h, 84h,0C3h 
 0DB0  46                       data_2		db	46h			; Data table (indexed access) 
 0DB1  C8 01 18 86 C3 C7        		db	0C8h, 01h, 18h, 86h,0C3h,0C7h 
 0DB7  D8 86 C4 C7 01 18        		db	0D8h, 86h,0C4h,0C7h, 01h, 18h 
 0DBD  86 D8 84 DB DF 46        		db	 86h,0D8h, 84h,0DBh,0DFh, 46h 
 0DC3  CC 85 C3 46 CC 83        		db	0CCh, 85h,0C3h, 46h,0CCh, 83h 
 0DC9  82 C4 46 CC 85 C3        		db	 82h,0C4h, 46h,0CCh, 85h,0C3h 
 0DCF  C9 46 02 18 85 C3        		db	0C9h, 46h, 02h, 18h, 85h,0C3h 
 0DD5  C7 C8 01 18 84 C3        		db	0C7h,0C8h, 01h, 18h, 84h,0C3h 
 0DDB  C7 8D DB DF C7 C8        		db	0C7h, 8Dh,0DBh,0DFh,0C7h,0C8h 
 0DE1  02 18 83 C3 46 84        		db	 02h, 18h, 83h,0C3h, 46h, 84h 
 0DE7  82 C3 46 CA D8 84        		db	 82h,0C3h, 46h,0CAh,0D8h, 84h 
 0DED  C3 66 C8 02 18 83        		db	0C3h, 66h,0C8h, 02h, 18h, 83h 
 0DF3  C3 46 D8 84 C4 46        		db	0C3h, 46h,0D8h, 84h,0C4h, 46h 
 0DF9  86 EB C7 D8 84 DB        		db	 86h,0EBh,0C7h,0D8h, 84h,0DBh 
 0DFF  DF C7 C6 C8 01 18        		db	0DFh,0C7h,0C6h,0C8h, 01h, 18h 
 0E05  83 C4 46 84 82 C3        		db	 83h,0C4h, 46h, 84h, 82h,0C3h 
 0E0B  C5 C7 CC 85 C3 76        		db	0C5h,0C7h,0CCh, 85h,0C3h, 76h 
 0E11  01 18 84 C4 46 C8        		db	 01h, 18h, 84h,0C4h, 46h,0C8h 
 0E17  01 18 82 C3 56 D8        		db	 01h, 18h, 82h,0C3h, 56h,0D8h 
 0E1D  84 EB EC 85 DB DF        		db	 84h,0EBh,0ECh, 85h,0DBh,0DFh 
 0E23  56 D8 84 C3 46 84        		db	 56h,0D8h, 84h,0C3h, 46h, 84h 
 0E29  82 C3 46 CC 85 C3        		db	 82h,0C3h, 46h,0CCh, 85h,0C3h 
Microsoft (R) Macro Assembler  Version 4.00                 3/29/26 15:17:39

                                                            Page     1-16
                                                            

 0E2F  EC 56 CC 86 C4 76        		db	0ECh, 56h,0CCh, 86h,0C4h, 76h 
 0E35  45 56 C8 01 18 83        		db	 45h, 56h,0C8h, 01h, 18h, 83h 
 0E3B  EB EC D9 84 DB DF        		db	0EBh,0ECh,0D9h, 84h,0DBh,0DFh 
 0E41  46 CC 85 DA DF C7        		db	 46h,0CCh, 85h,0DAh,0DFh,0C7h 
 0E47  84 82 C4 46 01 18        		db	 84h, 82h,0C4h, 46h, 01h, 18h 
 0E4D  84 C3 EC 46 C8 01        		db	 84h,0C3h,0ECh, 46h,0C8h, 01h 
 0E53  18 85 C3 08 07 CC        		db	 18h, 85h,0C3h, 08h, 07h,0CCh 
 0E59  86 EB EC D9 D8 83        		db	 86h,0EBh,0ECh,0D9h,0D8h, 83h 
 0E5F  DB DF C7 C9 86 DB        		db	0DBh,0DFh,0C7h,0C9h, 86h,0DBh 
 0E65  DF C9 84 82 C4 46        		db	0DFh,0C9h, 84h, 82h,0C4h, 46h 
 0E6B  C8 01 18 83 C4 EC        		db	0C8h, 01h, 18h, 83h,0C4h,0ECh 
 0E71  56 C8 01 18 84 C4        		db	 56h,0C8h, 01h, 18h, 84h,0C4h 
 0E77  06 07 C9 46 D8 8C        		db	 06h, 07h,0C9h, 46h,0D8h, 8Ch 
 0E7D  DB DF 46 C6 85 DB        		db	0DBh,0DFh, 46h,0C6h, 85h,0DBh 
 0E83  DF C7 CC 83 82 C3        		db	0DFh,0C7h,0CCh, 83h, 82h,0C3h 
 0E89  46 D8 85 C3 EC 56        		db	 46h,0D8h, 85h,0C3h,0ECh, 56h 
 0E8F  01 18 86 C4 46 C5        		db	 01h, 18h, 86h,0C4h, 46h,0C5h 
 0E95  05 07 01 18 8B DB        		db	 05h, 07h, 01h, 18h, 8Bh,0DBh 
 0E9B  DF 46 C8 01 18 83        		db	0DFh, 46h,0C8h, 01h, 18h, 83h 
 0EA1  DB DF C7 84 82 C3        		db	0DBh,0DFh,0C7h, 84h, 82h,0C3h 
 0EA7  46 CC 85 C3 01 2C        		db	 46h,0CCh, 85h,0C3h, 01h, 2Ch 
 0EAD  CA C7 D8 87 C3 56        		db	0CAh,0C7h,0D8h, 87h,0C3h, 56h 
 0EB3  EC 56 CC 89 D8 84        		db	0ECh, 56h,0CCh, 89h,0D8h, 84h 
 0EB9  DB DF C9 46 D8 84        		db	0DBh,0DFh,0C9h, 46h,0D8h, 84h 
 0EBF  DB DF C7 CB D8 82        		db	0DBh,0DFh,0C7h,0CBh,0D8h, 82h 
 0EC5  82 C4 46 CC 85 C3        		db	 82h,0C4h, 46h,0CCh, 85h,0C3h 
 0ECB  01 2C C7 CC 88 C4        		db	 01h, 2Ch,0C7h,0CCh, 88h,0C4h 
 0ED1  56 EC 46 CC C8 02        		db	 56h,0ECh, 46h,0CCh,0C8h, 02h 
 0ED7  18 8B DB DF 56 85        		db	 18h, 8Bh,0DBh,0DFh, 56h, 85h 
 0EDD  DB E0 C7 CC 83 82        		db	0DBh,0E0h,0C7h,0CCh, 83h, 82h 
 0EE3  C3 46 C9 85 C3 01        		db	0C3h, 46h,0C9h, 85h,0C3h, 01h 
 0EE9  2C C7 CC 8A C4 C7        		db	 2Ch,0C7h,0CCh, 8Ah,0C4h,0C7h 
 0EEF  EC 46 C8 C7 D8 88        		db	0ECh, 46h,0C8h,0C7h,0D8h, 88h 
 0EF5  D8 84 DB DF 46 C8        		db	0D8h, 84h,0DBh,0DFh, 46h,0C8h 
 0EFB  01 18 83 DB DE C9        		db	 01h, 18h, 83h,0DBh,0DEh,0C9h 
 0F01  84 82 C3 46 CC 85        		db	 84h, 82h,0C3h, 46h,0CCh, 85h 
 0F07  C3 46 CC 8B C3 C7        		db	0C3h, 46h,0CCh, 8Bh,0C3h,0C7h 
 0F0D  01 2C 46 02 18 87        		db	 01h, 2Ch, 46h, 02h, 18h, 87h 
 0F13  D9 D8 83 DB DF C9        		db	0D9h,0D8h, 83h,0DBh,0DFh,0C9h 
 0F19  C7 CC 85 DB DF C7        		db	0C7h,0CCh, 85h,0DBh,0DFh,0C7h 
 0F1F  01 18 82 82 C4 56        		db	 01h, 18h, 82h, 82h,0C4h, 56h 
 0F25  D8 84 C3 56 D8 8A        		db	0D8h, 84h,0C3h, 56h,0D8h, 8Ah 
 0F2B  C4 C7 01 2C C7 CC        		db	0C4h,0C7h, 01h, 2Ch,0C7h,0CCh 
 0F31  88 EB EC 85 DB DF        		db	 88h,0EBh,0ECh, 85h,0DBh,0DFh 
 0F37  56 85 DB DF C7 D8        		db	 56h, 85h,0DBh,0DFh,0C7h,0D8h 
 0F3D  83 82 C3 C7 C8 01        		db	 83h, 82h,0C3h,0C7h,0C8h, 01h 
 0F43  18 84 C4 46 CA 01        		db	 18h, 84h,0C4h, 46h,0CAh, 01h 
 0F49  18 89 C3 C7 01 2C        		db	 18h, 89h,0C3h,0C7h, 01h, 2Ch 
 0F4F  C7 CC 88 EB CA D8        		db	0C7h,0CCh, 88h,0EBh,0CAh,0D8h 
 0F55  84 DB DF 46 CC D8        		db	 84h,0DBh,0DFh, 46h,0CCh,0D8h 
 0F5B  84 DB DF                 		db	 84h,0DBh,0DFh 
 0F5E  CC 84 82 C3 46 D8        		db	0CCh, 84h, 82h,0C3h, 46h,0D8h 
 0F64  85 C3 46 CC 8B C3        		db	 85h,0C3h, 46h,0CCh, 8Bh,0C3h 
 0F6A  46 EC C7 01 18 87        		db	 46h,0ECh,0C7h, 01h, 18h, 87h 
 0F70  EB EC 85 DB DF 46        		db	0EBh,0ECh, 85h,0DBh,0DFh, 46h 
Microsoft (R) Macro Assembler  Version 4.00                 3/29/26 15:17:39

                                                            Page     1-17
                                                            

 0F76  CC 85 DB DF C7 84        		db	0CCh, 85h,0DBh,0DFh,0C7h, 84h 
 0F7C  82 C3 C7 CC 86 C3        		db	 82h,0C3h,0C7h,0CCh, 86h,0C3h 
 0F82  46 03 18 82 C4 D8        		db	 46h, 03h, 18h, 82h,0C4h,0D8h 
 0F88  84 C4 C7 C5 EC C7        		db	 84h,0C4h,0C7h,0C5h,0ECh,0C7h 
 0F8E  CC 88 C3 EC 85 DB        		db	0CCh, 88h,0C3h,0ECh, 85h,0DBh 
 0F94  DF C7 C6 86 DB DF        		db	0DFh,0C7h,0C6h, 86h,0DBh,0DFh 
 0F9A  C6 84 82 C3 C7 C9        		db	0C6h, 84h, 82h,0C3h,0C7h,0C9h 
 0FA0  86 C4 46 D8 85 C4        		db	 86h,0C4h, 46h,0D8h, 85h,0C4h 
 0FA6  C6 84 C3 46 EC C8        		db	0C6h, 84h,0C3h, 46h,0ECh,0C8h 
 0FAC  C7 D8 87 C3 C7 85        		db	0C7h,0D8h, 87h,0C3h,0C7h, 85h 
 0FB2  DB DF C7 C8 02 18        		db	0DBh,0DFh,0C7h,0C8h, 02h, 18h 
 0FB8  83 DB DF C7 01 18        		db	 83h,0DBh,0DFh,0C7h, 01h, 18h 
 0FBE  82 82 C3 C7 CC 86        		db	 82h, 82h,0C3h,0C7h,0CCh, 86h 
 0FC4  C3 C7 CC 86 C3 C7        		db	0C3h,0C7h,0CCh, 86h,0C3h,0C7h 
 0FCA  D8 83 C3 46 EC C6        		db	0D8h, 83h,0C3h, 46h,0ECh,0C6h 
 0FD0  C8 02 18 83 DA DE        		db	0C8h, 02h, 18h, 83h,0DAh,0DEh 
 0FD6  46 01 18 83 DB DF        		db	 46h, 01h, 18h, 83h,0DBh,0DFh 
 0FDC  56 D8 84 DB E0 C7        		db	 56h,0D8h, 84h,0DBh,0E0h,0C7h 
 0FE2  D8 83 82 C4 46 CC        		db	0D8h, 83h, 82h,0C4h, 46h,0CCh 
 0FE8  85 C3 46 CC 85 C4        		db	 85h,0C3h, 46h,0CCh, 85h,0C4h 
 0FEE  C7 84 C3 46 EC 46        		db	0C7h, 84h,0C3h, 46h,0ECh, 46h 
 0FF4  01 18 84 DB DF 46        		db	 01h, 18h, 84h,0DBh,0DFh, 46h 
 0FFA  85 DB DF 56 D8 84        		db	 85h,0DBh,0DFh, 56h,0D8h, 84h 
 1000  DB DE C6 84 82 C4        		db	0DBh,0DEh,0C6h, 84h, 82h,0C4h 
 1006  46 D8 85 C3 C7 C8        		db	 46h,0D8h, 85h,0C3h,0C7h,0C8h 
 100C  CC 85 C4 C7 84 C3        		db	0CCh, 85h,0C4h,0C7h, 84h,0C3h 
 1012  02 2C C7 CC 86 DB        		db	 02h, 2Ch,0C7h,0CCh, 86h,0DBh 
 1018  DF C7 CA D8 84 DB        		db	0DFh,0C7h,0CAh,0D8h, 84h,0DBh 
 101E  DF 46 CC 85 DB DF        		db	0DFh, 46h,0CCh, 85h,0DBh,0DFh 
 1024  C7 01 18 82 82 C3        		db	0C7h, 01h, 18h, 82h, 82h,0C3h 
 102A  C7 C8 01 18 84 C3        		db	0C7h,0C8h, 01h, 18h, 84h,0C3h 
 1030  46 CC 85 C3 D8 84        		db	 46h,0CCh, 85h,0C3h,0D8h, 84h 
 1036  C3 02 2C CA CC 85        		db	0C3h, 02h, 2Ch,0CAh,0CCh, 85h 
 103C  DA DE 56 85 DB DF        		db	0DAh,0DEh, 56h, 85h,0DBh,0DFh 
 1042  56 85 DD DF C7 02        		db	 56h, 85h,0DDh,0DFh,0C7h, 02h 
 1048  18 81 82 C3 46 86        		db	 18h, 81h, 82h,0C3h, 46h, 86h 
 104E  C3 46 CC 85 C3 C7        		db	0C3h, 46h,0CCh, 85h,0C3h,0C7h 
 1054  D8 83 C4 02 2C C7        		db	0D8h, 83h,0C4h, 02h, 2Ch,0C7h 
 105A  CC 85 DB DF 56 85        		db	0CCh, 85h,0DBh,0DFh, 56h, 85h 
 1060  DB DF C9 46 85 C3        		db	0DBh,0DFh,0C9h, 46h, 85h,0C3h 
 1066  C7 C6 84 82 C3 C7        		db	0C7h,0C6h, 84h, 82h,0C3h,0C7h 
 106C  C8 C7 85 C3 C7 C8        		db	0C8h,0C7h, 85h,0C3h,0C7h,0C8h 
 1072  01 18 84 C4 C7 D8        		db	 01h, 18h, 84h,0C4h,0C7h,0D8h 
 1078  83 C4 46 EC C7 CC        		db	 83h,0C4h, 46h,0ECh,0C7h,0CCh 
 107E  85 DB DF 46 CA 85        		db	 85h,0DBh,0DFh, 46h,0CAh, 85h 
 1084  DB DF 56 85 C3 46        		db	0DBh,0DFh, 56h, 85h,0C3h, 46h 
 108A  C6 83 82 C3 46 01        		db	0C6h, 83h, 82h,0C3h, 46h, 01h 
 1090  18 84 C3 46 CC 85        		db	 18h, 84h,0C3h, 46h,0CCh, 85h 
 1096  C3 C7 C8 01 18 81        		db	0C3h,0C7h,0C8h, 01h, 18h, 81h 
 109C  C3 C7 C9 EC C7 D8        		db	0C3h,0C7h,0C9h,0ECh,0C7h,0D8h 
 10A2  85 DB DF 56 01 18        		db	 85h,0DBh,0DFh, 56h, 01h, 18h 
 10A8  83 DB DF 46 C6 85        		db	 83h,0DBh,0DFh, 46h,0C6h, 85h 
 10AE  C4 46 01 18 82 82        		db	0C4h, 46h, 01h, 18h, 82h, 82h 
 10B4  C4 C7 D8 86 C3 56        		db	0C4h,0C7h,0D8h, 86h,0C3h, 56h 
 10BA  85 C3 66 C6 56 EC        		db	 85h,0C3h, 66h,0C6h, 56h,0ECh 
Microsoft (R) Macro Assembler  Version 4.00                 3/29/26 15:17:39

                                                            Page     1-18
                                                            

 10C0  46 D8 84 DB DF C7        		db	 46h,0D8h, 84h,0DBh,0DFh,0C7h 
 10C6  CA 02 18 83 DB DF        		db	0CAh, 02h, 18h, 83h,0DBh,0DFh 
 10CC  46 C8 D8 84 DA DF        		db	 46h,0C8h,0D8h, 84h,0DAh,0DFh 
 10D2  46 01 18 81 8B C4        		db	 46h, 01h, 18h, 81h, 8Bh,0C4h 
 10D8  46 CA D8 84 C3 01        		db	 46h,0CAh,0D8h, 84h,0C3h, 01h 
 10DE  2C 66 EC C7 EC C7        		db	 2Ch, 66h,0ECh,0C7h,0ECh,0C7h 
 10E4  CA D9 01 18 82 DB        		db	0CAh,0D9h, 01h, 18h, 82h,0DBh 
 10EA  DF 46 86 DB DF 46        		db	0DFh, 46h, 86h,0DBh,0DFh, 46h 
 10F0  01 18 84 DB DF C7        		db	 01h, 18h, 84h,0DBh,0DFh,0C7h 
 10F6  CC 83 C2 50 C2 C1        		db	0CCh, 83h,0C2h, 50h,0C2h,0C1h 
 10FC  C2 C1 83 C4 C7 EC        		db	0C2h,0C1h, 83h,0C4h,0C7h,0ECh 
 1102  CC 85 C3 01 2C 46        		db	0CCh, 85h,0C3h, 01h, 2Ch, 46h 
 1108  4B 66 EC 01 18 83        		db	 4Bh, 66h,0ECh, 01h, 18h, 83h 
 110E  DB DF 56 01 18 83        		db	0DBh,0DFh, 56h, 01h, 18h, 83h 
 1114  DB DF C7 CC 86 DB        		db	0DBh,0DFh,0C7h,0CCh, 86h,0DBh 
 111A  DF C7 CA C7 C1 C2        		db	0DFh,0C7h,0CAh,0C7h,0C1h,0C2h 
 1120  8B C3 EC C7 CC 85        		db	 8Bh,0C3h,0ECh,0C7h,0CCh, 85h 
 1126  C3 EC C7 CA D8 83        		db	0C3h,0ECh,0C7h,0CAh,0D8h, 83h 
 112C  DB DF C7 CC 85 DB        		db	0DBh,0DFh,0C7h,0CCh, 85h,0DBh 
 1132  DF 46 CC 85 DB DF        		db	0DFh, 46h,0CCh, 85h,0DBh,0DFh 
 1138  46 86 DB DF 46 CC        		db	 46h, 86h,0DBh,0DFh, 46h,0CCh 
 113E  82 D8 8A C3 EC C7        		db	 82h,0D8h, 8Ah,0C3h,0ECh,0C7h 
 1144  C6 85 C3 C5 C7 02        		db	0C6h, 85h,0C3h,0C5h,0C7h, 02h 
 114A  18 82 DB DF C7 CC        		db	 18h, 82h,0DBh,0DFh,0C7h,0CCh 
 1150  85 DB E0 46 D8 85        		db	 85h,0DBh,0E0h, 46h,0D8h, 85h 
 1156  DB DF 46 C6 85 DB        		db	0DBh,0DFh, 46h,0C6h, 85h,0DBh 
 115C  E0 66 D8 C7 02 18        		db	0E0h, 66h,0D8h,0C7h, 02h, 18h 
 1162  87 C3 EC 46 D8 84        		db	 87h,0C3h,0ECh, 46h,0D8h, 84h 
 1168  C3 46 D8 84 DB DF        		db	0C3h, 46h,0D8h, 84h,0DBh,0DFh 
 116E  46 D9 D8 83 DB DE        		db	 46h,0D9h,0D8h, 83h,0DBh,0DEh 
 1174  46 01 18 84 DB DF        		db	 46h, 01h, 18h, 84h,0DBh,0DFh 
 117A  56 D8 84 DB DE C9        		db	 56h,0D8h, 84h,0DBh,0DEh,0C9h 
 1180  46 CA C7 C8 46 01        		db	 46h,0CAh,0C7h,0C8h, 46h, 01h 
 1186  18 86 C4 EC C7 C8        		db	 18h, 86h,0C4h,0ECh,0C7h,0C8h 
 118C  01 18 83 C4 C7 01        		db	 01h, 18h, 83h,0C4h,0C7h, 01h 
 1192  18 84 DB DF C7 D9        		db	 18h, 84h,0DBh,0DFh,0C7h,0D9h 
 1198  D8 84 DB DF 46 CC        		db	0D8h, 84h,0DBh,0DFh, 46h,0CCh 
 119E  85 DB DF 46 CA 01        		db	 85h,0DBh,0DFh, 46h,0CAh, 01h 
 11A4  18 83 DB DF 76 C6        		db	 18h, 83h,0DBh,0DFh, 76h,0C6h 
 11AA  C8 02 18 86 C3 EC        		db	0C8h, 02h, 18h, 86h,0C3h,0ECh 
 11B0  C7 CC 8D DB DF C9        		db	0C7h,0CCh, 8Dh,0DBh,0DFh,0C9h 
 11B6  01 18 84 DB DF 46        		db	 01h, 18h, 84h,0DBh,0DFh, 46h 
 11BC  CA 85 DB DF 46 CC        		db	0CAh, 85h,0DBh,0DFh, 46h,0CCh 
 11C2  85 DB DF 76 56 45        		db	 85h,0DBh,0DFh, 76h, 56h, 45h 
 11C8  82 C3 C6 82 C3 56        		db	 82h,0C3h,0C6h, 82h,0C3h, 56h 
 11CE  50 C2 C1 C2 40 C2        		db	 50h,0C2h,0C1h,0C2h, 40h,0C2h 
 11D4  C1 83 DB DF 46 01        		db	0C1h, 83h,0DBh,0DFh, 46h, 01h 
 11DA  18 83 DB DF 46 CC        		db	 18h, 83h,0DBh,0DFh, 46h,0CCh 
 11E0  85 DB DF 56 85 DB        		db	 85h,0DBh,0DFh, 56h, 85h,0DBh 
 11E6  DF 56 EC C7 08 07        		db	0DFh, 56h,0ECh,0C7h, 08h, 07h 
 11EC  C9 66 CC 8D DB DF        		db	0C9h, 66h,0CCh, 8Dh,0DBh,0DFh 
 11F2  C7 CC 85 DB DF 46        		db	0C7h,0CCh, 85h,0DBh,0DFh, 46h 
 11F8  CC 85 DB DF C5 46        		db	0CCh, 85h,0DBh,0DFh,0C5h, 46h 
 11FE  85 DB DF C7 C9 C7        		db	 85h,0DBh,0DFh,0C7h,0C9h,0C7h 
 1204  01 2C 66 EC C7 C9        		db	 01h, 2Ch, 66h,0ECh,0C7h,0C9h 
Microsoft (R) Macro Assembler  Version 4.00                 3/29/26 15:17:39

                                                            Page     1-19
                                                            

 120A  05 07 CA CC 85 C4        		db	 05h, 07h,0CAh,0CCh, 85h,0C4h 
 1210  C6 86 DB DF C7 CC        		db	0C6h, 86h,0DBh,0DFh,0C7h,0CCh 
 1216  85 DB DF 46 C8 01        		db	 85h,0DBh,0DFh, 46h,0C8h, 01h 
 121C  18 83 DB DF 46 C6        		db	 18h, 83h,0DBh,0DFh, 46h,0C6h 
 1222  85 DB DF 66 EC C8        		db	 85h,0DBh,0DFh, 66h,0ECh,0C8h 
 1228  CC 01 18 CC 08 07        		db	0CCh, 01h, 18h,0CCh, 08h, 07h 
 122E  01 18 84 C3 C7 01        		db	 01h, 18h, 84h,0C3h,0C7h, 01h 
 1234  18 84 DB DF C7 CC        		db	 18h, 84h,0DBh,0DFh,0C7h,0CCh 
 123A  85 DB DE 46 C8 85        		db	 85h,0DBh,0DEh, 46h,0C8h, 85h 
 1240  DB DF 56 01 18 83        		db	0DBh,0DFh, 56h, 01h, 18h, 83h 
 1246  DB DF 66 CC 02 18        		db	0DBh,0DFh, 66h,0CCh, 02h, 18h 
 124C  86 C3 66 D8 85 C4        		db	 86h,0C3h, 66h,0D8h, 85h,0C4h 
 1252  46 01 18 83 DB DF        		db	 46h, 01h, 18h, 83h,0DBh,0DFh 
 1258  C7 C8 01 18 83 DB        		db	0C7h,0C8h, 01h, 18h, 83h,0DBh 
 125E  DF 46 01 18 84 DB        		db	0DFh, 46h, 01h, 18h, 84h,0DBh 
 1264  DF 46 C8 D8 84 DB        		db	0DFh, 46h,0C8h,0D8h, 84h,0DBh 
 126A  DF 66 C8 D8 89 DB        		db	0DFh, 66h,0C8h,0D8h, 89h,0DBh 
 1270  DF 46 C6 85 C4 46        		db	0DFh, 46h,0C6h, 85h,0C4h, 46h 
 1276  C6 84 DB DF C7 D9        		db	0C6h, 84h,0DBh,0DFh,0C7h,0D9h 
 127C  D8 84 DB DF 46 C6        		db	0D8h, 84h,0DBh,0DFh, 46h,0C6h 
 1282  85 DB DF 46 01 18        		db	 85h,0DBh,0DFh, 46h, 01h, 18h 
 1288  84 DB DE C9 56 D8        		db	 84h,0DBh,0DEh,0C9h, 56h,0D8h 
 128E  60 C2 C1 C2 40 81        		db	 60h,0C2h,0C1h,0C2h, 40h, 81h 
 1294  DB DF C9 C8 01 18        		db	0DBh,0DFh,0C9h,0C8h, 01h, 18h 
 129A  84 C3 C7 C8 02 18        		db	 84h,0C3h,0C7h,0C8h, 02h, 18h 
 12A0  82 DB DF C7 CC 85        		db	 82h,0DBh,0DFh,0C7h,0CCh, 85h 
 12A6  DB DF 56 D8 84 DB        		db	0DBh,0DFh, 56h,0D8h, 84h,0DBh 
 12AC  DF C7 CA CC 85 DB        		db	0DFh,0C7h,0CAh,0CCh, 85h,0DBh 
 12B2  DF 56 40 8A DB DF        		db	0DFh, 56h, 40h, 8Ah,0DBh,0DFh 
 12B8  46 C6 85 C3 46 01        		db	 46h,0C6h, 85h,0C3h, 46h, 01h 
 12BE  18 83 DB DF C7 CC        		db	 18h, 83h,0DBh,0DFh,0C7h,0CCh 
 12C4  85 DB DF 56 D8 84        		db	 85h,0DBh,0DFh, 56h,0D8h, 84h 
 12CA  DB DF C7 CC 86 DB        		db	0DBh,0DFh,0C7h,0CCh, 86h,0DBh 
 12D0  E0 56 82 83 C4 86        		db	0E0h, 56h, 82h, 83h,0C4h, 86h 
 12D6  DB DF 46 CC 85 C3        		db	0DBh,0DFh, 46h,0CCh, 85h,0C3h 
 12DC  46 CC 84 DB DF C9        		db	 46h,0CCh, 84h,0DBh,0DFh,0C9h 
 12E2  D9 85 DB DF 56 01        		db	0D9h, 85h,0DBh,0DFh, 56h, 01h 
 12E8  18 83 DB DF C7 D8        		db	 18h, 83h,0DBh,0DFh,0C7h,0D8h 
 12EE  86 DB DE 46 C8 01        		db	 86h,0DBh,0DEh, 46h,0C8h, 01h 
 12F4  18 D8 82 C4 01 18        		db	 18h,0D8h, 82h,0C4h, 01h, 18h 
 12FA  84 DB DF 46 CC 85        		db	 84h,0DBh,0DFh, 46h,0CCh, 85h 
 1300  C3 C9 4B 84 DB DF        		db	0C3h,0C9h, 4Bh, 84h,0DBh,0DFh 
 1306  C7 CC 85 DB DF 46        		db	0C7h,0CCh, 85h,0DBh,0DFh, 46h 
 130C  02 18 83 DD E0 01        		db	 02h, 18h, 83h,0DDh,0E0h, 01h 
 1312  18 86 DB DF 56 01        		db	 18h, 86h,0DBh,0DFh, 56h, 01h 
 1318  18 83 C3 C8 01 18        		db	 18h, 83h,0C3h,0C8h, 01h, 18h 
 131E  83 DB DF 46 01 18        		db	 83h,0DBh,0DFh, 46h, 01h, 18h 
 1324  84 C3 C7 CC 85 DB        		db	 84h,0C3h,0C7h,0CCh, 85h,0DBh 
 132A  DF C7 CC 85 DB DF        		db	0DFh,0C7h,0CCh, 85h,0DBh,0DFh 
 1330  46 C6 8F C4 C7 EC        		db	 46h,0C6h, 8Fh,0C4h,0C7h,0ECh 
 1336  46 82 83 C3 C7 CA        		db	 46h, 82h, 83h,0C3h,0C7h,0CAh 
 133C  C6 83 DD E0 56 01        		db	0C6h, 83h,0DDh,0E0h, 56h, 01h 
 1342  18 83 C4 46 CC 84        		db	 18h, 83h,0C4h, 46h,0CCh, 84h 
 1348  DB DF C7 86 DB DF        		db	0DBh,0DFh,0C7h, 86h,0DBh,0DFh 
 134E  56 50 C2 C1 C2 60        		db	 56h, 50h,0C2h,0C1h,0C2h, 60h 
Microsoft (R) Macro Assembler  Version 4.00                 3/29/26 15:17:39

                                                            Page     1-20
                                                            

 1354  41 40 81 C4 C7 EC        		db	 41h, 40h, 81h,0C4h,0C7h,0ECh 
 135A  46 82 83 C3 46 D8        		db	 46h, 82h, 83h,0C3h, 46h,0D8h 
 1360  84 DB DF 46 C6 84        		db	 84h,0DBh,0DFh, 46h,0C6h, 84h 
 1366  C3 EC C7 CC 84 DB        		db	0C3h,0ECh,0C7h,0CCh, 84h,0DBh 
 136C  DF C8 02 18 83 DB        		db	0DFh,0C8h, 02h, 18h, 83h,0DBh 
 1372  DF 56 8F C3 C7 EC        		db	0DFh, 56h, 8Fh,0C3h,0C7h,0ECh 
 1378  C7 C8 01 18 83 C3        		db	0C7h,0C8h, 01h, 18h, 83h,0C3h 
 137E  C7 86 DB DF 46 C6        		db	0C7h, 86h,0DBh,0DFh, 46h,0C6h 
 1384  84 C3 EC C7 C8 D8        		db	 84h,0C3h,0ECh,0C7h,0C8h,0D8h 
 138A  83 DB DF 46 D9 D8        		db	 83h,0DBh,0DFh, 46h,0D9h,0D8h 
 1390  83 DB E0 56 02 18        		db	 83h,0DBh,0E0h, 56h, 02h, 18h 
 1396  8C C4 66 D8 81 83        		db	 8Ch,0C4h, 66h,0D8h, 81h, 83h 
 139C  C4 C7 86 DB DF C9        		db	0C4h,0C7h, 86h,0DBh,0DFh,0C9h 
 13A2  56 D8 81 C4 C7 EC        		db	 56h,0D8h, 81h,0C4h,0C7h,0ECh 
 13A8  C7 CC 84 DB DF 46        		db	0C7h,0CCh, 84h,0DBh,0DFh, 46h 
 13AE  D9 01 18 82 DB DE        		db	0D9h, 01h, 18h, 82h,0DBh,0DEh 
 13B4  76 04 18 88 DA DF        		db	 76h, 04h, 18h, 88h,0DAh,0DFh 
 13BA  46 CC 82 83 C3 D8        		db	 46h,0CCh, 82h, 83h,0C3h,0D8h 
 13C0  86 DB DF 56 C8 C6        		db	 86h,0DBh,0DFh, 56h,0C8h,0C6h 
 13C6  C8 66 01 18 83 DB        		db	0C8h, 66h, 01h, 18h, 83h,0DBh 
 13CC  DF C7 C9 D8 84 DB        		db	0DFh,0C7h,0C9h,0D8h, 84h,0DBh 
 13D2  DF 05 07 C8 C7 02        		db	0DFh, 05h, 07h,0C8h,0C7h, 02h 
 13D8  18 87 DB DF C9 46        		db	 18h, 87h,0DBh,0DFh,0C9h, 46h 
 13DE  82 8B DB DF 07 07        		db	 82h, 8Bh,0DBh,0DFh, 07h, 07h 
 13E4  C8 C7 01 18 83 DB        		db	0C8h,0C7h, 01h, 18h, 83h,0DBh 
 13EA  DF C7 CC 85 DB DF        		db	0DFh,0C7h,0CCh, 85h,0DBh,0DFh 
 13F0  06 07 C6 8A DB DF        		db	 06h, 07h,0C6h, 8Ah,0DBh,0DFh 
 13F6  56 82 8B DD E0 C7        		db	 56h, 82h, 8Bh,0DDh,0E0h,0C7h 
 13FC  C9 56 EC 56 C6 85        		db	0C9h, 56h,0ECh, 56h,0C6h, 85h 
 1402  DB DF C7 CC 85 DB        		db	0DBh,0DFh,0C7h,0CCh, 85h,0DBh 
 1408  DF 06 07 C8 C6 89        		db	0DFh, 06h, 07h,0C8h,0C6h, 89h 
 140E  DB DF 46 CC 82 8C        		db	0DBh,0DFh, 46h,0CCh, 82h, 8Ch 
 1414  DB DF 46 CC CA 46        		db	0DBh,0DFh, 46h,0CCh,0CAh, 46h 
 141A  CA C7 02 18 83 DB        		db	0CAh,0C7h, 02h, 18h, 83h,0DBh 
 1420  DF C7 CC 85 DB DF        		db	0DFh,0C7h,0CCh, 85h,0DBh,0DFh 
 1426  05 07 C5 56 C6 D8        		db	 05h, 07h,0C5h, 56h,0C6h,0D8h 
 142C  86 DB DF C7 C8 C7        		db	 86h,0DBh,0DFh,0C7h,0C8h,0C7h 
 1432  01 18 D8 8B DB DF        		db	 01h, 18h,0D8h, 8Bh,0DBh,0DFh 
 1438  46 C8 76 C6 85 DB        		db	 46h,0C8h, 76h,0C6h, 85h,0DBh 
 143E  DF C7 C8 01 18 83        		db	0DFh,0C7h,0C8h, 01h, 18h, 83h 
 1444  DB DF 09 07 C8 02        		db	0DBh,0DFh, 09h, 07h,0C8h, 02h 
 144A  18 84 DB DF 56 01        		db	 18h, 84h,0DBh,0DFh, 56h, 01h 
 1450  18 8C DB DF 46 4B        		db	 18h, 8Ch,0DBh,0DFh, 46h, 4Bh 
 1456  D8 81 C3 46 D8 84        		db	0D8h, 81h,0C3h, 46h,0D8h, 84h 
 145C  DB DF 46 85 DB E0        		db	0DBh,0DFh, 46h, 85h,0DBh,0E0h 
 1462  07 07 C8 4B 87 DB        		db	 07h, 07h,0C8h, 4Bh, 87h,0DBh 
 1468  DF C9 C7 CC 82 8C        		db	0DFh,0C9h,0C7h,0CCh, 82h, 8Ch 
 146E  DB DF C8 01 18 83        		db	0DBh,0DFh,0C8h, 01h, 18h, 83h 
 1474  C3 C7 C8 01 18 83        		db	0C3h,0C7h,0C8h, 01h, 18h, 83h 
 147A  DB DF C8 02 18 83        		db	0DBh,0DFh,0C8h, 02h, 18h, 83h 
 1480  DB E0 0A 07 D8 86        		db	0DBh,0E0h, 0Ah, 07h,0D8h, 86h 
 1486  DB DF 46 CC 82 8C        		db	0DBh,0DFh, 46h,0CCh, 82h, 8Ch 
 148C  DB DF C7 D8 84 C4        		db	0DBh,0DFh,0C7h,0D8h, 84h,0C4h 
 1492  C7 CC 85 DB DF C7        		db	0C7h,0CCh, 85h,0DBh,0DFh,0C7h 
 1498  C6 85 DB DF 09 07        		db	0C6h, 85h,0DBh,0DFh, 09h, 07h 
Microsoft (R) Macro Assembler  Version 4.00                 3/29/26 15:17:39

                                                            Page     1-21
                                                            

 149E  CC 87 DB DF 56 82        		db	0CCh, 87h,0DBh,0DFh, 56h, 82h 
 14A4  8C DB DF C7 CC 84        		db	 8Ch,0DBh,0DFh,0C7h,0CCh, 84h 
 14AA  C3 46 CC 84 DB DF        		db	0C3h, 46h,0CCh, 84h,0DBh,0DFh 
 14B0  C7 CC 85 DB DF 46        		db	0C7h,0CCh, 85h,0DBh,0DFh, 46h 
 14B6  EC 66 EC 46 88 DB        		db	0ECh, 66h,0ECh, 46h, 88h,0DBh 
 14BC  DF 56 01 18 D8 8B        		db	0DFh, 56h, 01h, 18h,0D8h, 8Bh 
 14C2  DD E0 C7 01 18 83        		db	0DDh,0E0h,0C7h, 01h, 18h, 83h 
 14C8  C3 46 CC 84 DB DF        		db	0C3h, 46h,0CCh, 84h,0DBh,0DFh 
 14CE  C7 CC 85 DB DF 05        		db	0C7h,0CCh, 85h,0DBh,0DFh, 05h 
 14D4  07 EC 56 88 DB DF        		db	 07h,0ECh, 56h, 88h,0DBh,0DFh 
 14DA  46 CA 01 18 8D DB        		db	 46h,0CAh, 01h, 18h, 8Dh,0DBh 
 14E0  DF D8 84 C3 46 01        		db	0DFh,0D8h, 84h,0C3h, 46h, 01h 
 14E6  18 83 DD DF C7 D9        		db	 18h, 83h,0DDh,0DFh,0C7h,0D9h 
 14EC  01 18 83 DB DF 56        		db	 01h, 18h, 83h,0DBh,0DFh, 56h 
 14F2  EC 46 EC 56 C6 87        		db	0ECh, 46h,0ECh, 56h,0C6h, 87h 
 14F8  DB DF 46 CC 82 83        		db	0DBh,0DFh, 46h,0CCh, 82h, 83h 
 14FE  C4 46 87 DD E0 85        		db	0C4h, 46h, 87h,0DDh,0E0h, 85h 
 1504  C4 C7 CA CC 85 C3        		db	0C4h,0C7h,0CAh,0CCh, 85h,0C3h 
 150A  C7 C8 D8 84 DD DF        		db	0C7h,0C8h,0D8h, 84h,0DDh,0DFh 
 1510  56 EC 56 EC 46 C8        		db	 56h,0ECh, 56h,0ECh, 46h,0C8h 
 1516  02 18 84 DB DF 46        		db	 02h, 18h, 84h,0DBh,0DFh, 46h 
 151C  C6 82 83 C3 C5 C7        		db	0C6h, 82h, 83h,0C3h,0C5h,0C7h 
 1522  01 18 8C C4 46 CC        		db	 01h, 18h, 8Ch,0C4h, 46h,0CCh 
 1528  85 C3 C7 01 18 84        		db	 85h,0C3h,0C7h, 01h, 18h, 84h 
 152E  C3 66 EC 66 EC 46        		db	0C3h, 66h,0ECh, 66h,0ECh, 46h 
 1534  01 18 85 DB DF 46        		db	 01h, 18h, 85h,0DBh,0DFh, 46h 
 153A  C6 82 83 C4 56 C1        		db	0C6h, 82h, 83h,0C4h, 56h,0C1h 
 1540  C2 40 C2 C1 41 60        		db	0C2h, 40h,0C2h,0C1h, 41h, 60h 
 1546  81 C3 46 01 18 84        		db	 81h,0C3h, 46h, 01h, 18h, 84h 
 154C  C4 C7 D8 85 C4 08        		db	0C4h,0C7h,0D8h, 85h,0C4h, 08h 
 1552  07 EC C7 CA 87 DB        		db	 07h,0ECh,0C7h,0CAh, 87h,0DBh 
 1558  DF 56 D8 81 83 C3        		db	0DFh, 56h,0D8h, 81h, 83h,0C3h 
 155E  56 01 18 8B C3 46        		db	 56h, 01h, 18h, 8Bh,0C3h, 46h 
 1564  CC 8B C3 66 5B 05        		db	0CCh, 8Bh,0C3h, 66h, 5Bh, 05h 
 156A  07 CC 87 DB DF C9        		db	 07h,0CCh, 87h,0DBh,0DFh,0C9h 
 1570  C7 CC 82 83 C3 C7        		db	0C7h,0CCh, 82h, 83h,0C3h,0C7h 
 1576  C8 56 CA C7 01 18        		db	0C8h, 56h,0CAh,0C7h, 01h, 18h 
 157C  87 C3 56 40 C2 40        		db	 87h,0C3h, 56h, 40h,0C2h, 40h 
 1582  C2 C1 C2 40 81 C3        		db	0C2h,0C1h,0C2h, 40h, 81h,0C3h 
 1588  56 4B 82 C4 76 CC        		db	 56h, 4Bh, 82h,0C4h, 76h,0CCh 
 158E  87 DB DF C7 C9 01        		db	 87h,0DBh,0DFh,0C7h,0C9h, 01h 
 1594  18 81 84 C3 07 07        		db	 18h, 81h, 84h,0C3h, 07h, 07h 
 159A  01 18 85 C3 66 D8        		db	 01h, 18h, 85h,0C3h, 66h,0D8h 
 15A0  89 C3 46 01 18 83        		db	 89h,0C3h, 46h, 01h, 18h, 83h 
 15A6  C3 56 CA C6 88 DB        		db	0C3h, 56h,0CAh,0C6h, 88h,0DBh 
 15AC  DF 46 CC 82 D8 83        		db	0DFh, 46h,0CCh, 82h,0D8h, 83h 
 15B2  C3 46 C8 66 C8 D8        		db	0C3h, 46h,0C8h, 66h,0C8h,0D8h 
 15B8  86 C3 56 C8 C7 02        		db	 86h,0C3h, 56h,0C8h,0C7h, 02h 
 15BE  18 85 C3 56 D8 84        		db	 18h, 85h,0C3h, 56h,0D8h, 84h 
 15C4  C4 76 C6 87 DB DF        		db	0C4h, 76h,0C6h, 87h,0DBh,0DFh 
 15CA  46 CB 01 18 84 C4        		db	 46h,0CBh, 01h, 18h, 84h,0C4h 
 15D0  C7 01 18 81 C3 56        		db	0C7h, 01h, 18h, 81h,0C3h, 56h 
 15D6  01 18 85 C3 05 07        		db	 01h, 18h, 85h,0C3h, 05h, 07h 
 15DC  CA C8 02 18 82 C4        		db	0CAh,0C8h, 02h, 18h, 82h,0C4h 
 15E2  46 CC 85 C3 76 C8        		db	 46h,0CCh, 85h,0C3h, 76h,0C8h 
Microsoft (R) Macro Assembler  Version 4.00                 3/29/26 15:17:39

                                                            Page     1-22
                                                            

 15E8  01 18 85 DB DF 46        		db	 01h, 18h, 85h,0DBh,0DFh, 46h 
 15EE  C8 D8 81 8A EB 48        		db	0C8h,0D8h, 81h, 8Ah,0EBh, 48h 
 15F4  87 C3 07 07 C6 C8        		db	 87h,0C3h, 07h, 07h,0C6h,0C8h 
 15FA  C7 CB 66 D8 85 C3        		db	0C7h,0CBh, 66h,0D8h, 85h,0C3h 
 1600  05 07 03 18 83 DB        		db	 05h, 07h, 03h, 18h, 83h,0DBh 
 1606  DF 46 CC 82 08 01        		db	0DFh, 46h,0CCh, 82h, 08h, 01h 
 160C  81 EB EC D8 87 C4        		db	 81h,0EBh,0ECh,0D8h, 87h,0C4h 
 1612  56 C9 06 07 C8 56        		db	 56h,0C9h, 06h, 07h,0C8h, 56h 
 1618  C9 86 C4 05 07 87        		db	0C9h, 86h,0C4h, 05h, 07h, 87h 
 161E  DB DF 56 40 8A EB        		db	0DBh,0DFh, 56h, 40h, 8Ah,0EBh 
 1624  01 2C D8 86 C3 05        		db	 01h, 2Ch,0D8h, 86h,0C3h, 05h 
 162A  07 CB 56 CA CB 66        		db	 07h,0CBh, 56h,0CAh,0CBh, 66h 
 1630  D8 85 C3 76 01 18        		db	0D8h, 85h,0C3h, 76h, 01h, 18h 
 1636  86 DB DF 56 82 84        		db	 86h,0DBh,0DFh, 56h, 82h, 84h 
 163C  C4 88 D9 D8 85 C3        		db	0C4h, 88h,0D9h,0D8h, 85h,0C3h 
 1642  08 07 D8 CC 81 C3        		db	 08h, 07h,0D8h,0CCh, 81h,0C3h 
 1648  46 C8 01 18 84 C3        		db	 46h,0C8h, 01h, 18h, 84h,0C3h 
 164E  05 07 87 DB DF 46        		db	 05h, 07h, 87h,0DBh,0DFh, 46h 
 1654  01 18 81 84 C3 D8        		db	 01h, 18h, 81h, 84h,0C3h,0D8h 
 165A  87 D8 86 C3 76 CC        		db	 87h,0D8h, 86h,0C3h, 76h,0CCh 
 1660  CA 02 18 82 C3 46        		db	0CAh, 02h, 18h, 82h,0C3h, 46h 
 1666  CC 86 C3 C5 66 CC        		db	0CCh, 86h,0C3h,0C5h, 66h,0CCh 
 166C  87 DB DF C9 C7 CC        		db	 87h,0DBh,0DFh,0C9h,0C7h,0CCh 
 1672  82 84 C3 D8 8E C3        		db	 82h, 84h,0C3h,0D8h, 8Eh,0C3h 
 1678  C7 C9 66 D8 85 C4        		db	0C7h,0C9h, 66h,0D8h, 85h,0C4h 
 167E  C7 C9 87 C4 76 CC        		db	0C7h,0C9h, 87h,0C4h, 76h,0CCh 
 1684  87 DB DF 46 CB D8        		db	 87h,0DBh,0DFh, 46h,0CBh,0D8h 
 168A  81 83 E1 C7 01 18        		db	 81h, 83h,0E1h,0C7h, 01h, 18h 
 1690  86 D8 86 C4 66 CB        		db	 86h,0D8h, 86h,0C4h, 66h,0CBh 
 1696  01 18 85 C4 46 C6        		db	 01h, 18h, 85h,0C4h, 46h,0C6h 
 169C  86 C4 66 C8 C7 01        		db	 86h,0C4h, 66h,0C8h,0C7h, 01h 
 16A2  18 85 DB DF C7 C8        		db	 18h, 85h,0DBh,0DFh,0C7h,0C8h 
 16A8  01 18 81 82 E1 C7        		db	 01h, 18h, 81h, 82h,0E1h,0C7h 
 16AE  01 18 85 EB EC 01        		db	 01h, 18h, 85h,0EBh,0ECh, 01h 
 16B4  18 85 C3 66 CC 87        		db	 18h, 85h,0C3h, 66h,0CCh, 87h 
 16BA  C3 46 C8 01 18 84        		db	0C3h, 46h,0C8h, 01h, 18h, 84h 
 16C0  C3 C7 C5 46 C6 C8        		db	0C3h,0C7h,0C5h, 46h,0C6h,0C8h 
 16C6  02 18 84 DB DF C7        		db	 02h, 18h, 84h,0DBh,0DFh,0C7h 
 16CC  CC 83 81 E1 46 01        		db	0CCh, 83h, 81h,0E1h, 46h, 01h 
 16D2  18 84 EB 02 2C D8        		db	 18h, 84h,0EBh, 02h, 2Ch,0D8h 
 16D8  85 C3 46 CC C8 CC        		db	 85h,0C3h, 46h,0CCh,0C8h,0CCh 
 16DE  87 C3 46 D8 86 C4        		db	 87h,0C3h, 46h,0D8h, 86h,0C4h 
 16E4  76 CC 87 DB DF C7        		db	 76h,0CCh, 87h,0DBh,0DFh,0C7h 
 16EA  01 18 82 81 C4 C7        		db	 01h, 18h, 82h, 81h,0C4h,0C7h 
 16F0  D8 86 EB EC C7 EC        		db	0D8h, 86h,0EBh,0ECh,0C7h,0ECh 
 16F6  C8 01 18 83 C3 46        		db	0C8h, 01h, 18h, 83h,0C3h, 46h 
 16FC  C8 C5 01 18 86 C3        		db	0C8h,0C5h, 01h, 18h, 86h,0C3h 
 1702  46 C6 86 C3 66 CA        		db	 46h,0C6h, 86h,0C3h, 66h,0CAh 
 1708  CC 87 DD DF C7 CC        		db	0CCh, 87h,0DDh,0DFh,0C7h,0CCh 
 170E  83 81 C3 C7 CC 85        		db	 83h, 81h,0C3h,0C7h,0CCh, 85h 
 1714  DA DF 05 07 D8 C8        		db	0DAh,0DFh, 05h, 07h,0D8h,0C8h 
 171A  66 CC 89 C3 46 C6        		db	 66h,0CCh, 89h,0C3h, 46h,0C6h 
 1720  86 C3 66 CC 88 C3        		db	 86h,0C3h, 66h,0CCh, 88h,0C3h 
 1726  C7 CB 84 81 C4 C7        		db	0C7h,0CBh, 84h, 81h,0C4h,0C7h 
 172C  01 18 84 DB DF 06        		db	 01h, 18h, 84h,0DBh,0DFh, 06h 
Microsoft (R) Macro Assembler  Version 4.00                 3/29/26 15:17:39

                                                            Page     1-23
                                                            

 1732  07 C6 C8 46 C8 C7        		db	 07h,0C6h,0C8h, 46h,0C8h,0C7h 
 1738  01 18 87 C4 56 D8        		db	 01h, 18h, 87h,0C4h, 56h,0D8h 
 173E  85 C3 76 C6 87 C3        		db	 85h,0C3h, 76h,0C6h, 87h,0C3h 
 1744  C8 C7 01 18 82 81        		db	0C8h,0C7h, 01h, 18h, 82h, 81h 
 174A  C3 C9 86 DB DF 06        		db	0C3h,0C9h, 86h,0DBh,0DFh, 06h 
 1750  07 CA 56 02 18 88        		db	 07h,0CAh, 56h, 02h, 18h, 88h 
 1756  C3 C7 C8 01 18 85        		db	0C3h,0C7h,0C8h, 01h, 18h, 85h 
 175C  C3 76 C8 01 18 85        		db	0C3h, 76h,0C8h, 01h, 18h, 85h 
 1762  C3 C7 D8 84 81 C3        		db	0C3h,0C7h,0D8h, 84h, 81h,0C3h 
 1768  C7 01 18 84 DB DF        		db	0C7h, 01h, 18h, 84h,0DBh,0DFh 
 176E  05 07 CC 46 CC 8C        		db	 05h, 07h,0CCh, 46h,0CCh, 8Ch 
 1774  C3 46 02 18 84 C3        		db	0C3h, 46h, 02h, 18h, 84h,0C3h 
 177A  76 C6 87 C4 01 18        		db	 76h,0C6h, 87h,0C4h, 01h, 18h 
 1780  84 89 DB DF C7 C9        		db	 84h, 89h,0DBh,0DFh,0C7h,0C9h 
 1786  46 C8 02 18 8E C4        		db	 46h,0C8h, 02h, 18h, 8Eh,0C4h 
 178C  C7 D8 87 C3 66 CA        		db	0C7h,0D8h, 87h,0C3h, 66h,0CAh 
 1792  C6 8E C1 C2 60 C2        		db	0C6h, 8Eh,0C1h,0C2h, 60h,0C2h 
 1798  C1 81 DB DF 76 01        		db	0C1h, 81h,0DBh,0DFh, 76h, 01h 
 179E  18 99 C4 05 07 40        		db	 18h, 99h,0C4h, 05h, 07h, 40h 
 17A4  C2 40 C2 50 C2 C1        		db	0C2h, 40h,0C2h, 50h,0C2h,0C1h 
 17AA  C2 40 89 DB DF 76        		db	0C2h, 40h, 89h,0DBh,0DFh, 76h 
 17B0  50 C2 40 C2 50 C2        		db	 50h,0C2h, 40h,0C2h, 50h,0C2h 
 17B6  C1 C2 40 C2 70 C2        		db	0C1h,0C2h, 40h,0C2h, 70h,0C2h 
 17BC  60 81 C4 C7 CB 56        		db	 60h, 81h,0C4h,0C7h,0CBh, 56h 
 17C2  C6 8E C6 88 DB DF        		db	0C6h, 8Eh,0C6h, 88h,0DBh,0DFh 
 17C8  66 01 18 9A C3 66        		db	 66h, 01h, 18h, 9Ah,0C3h, 66h 
 17CE  C8 C7 02 18 8A C4        		db	0C8h,0C7h, 02h, 18h, 8Ah,0C4h 
 17D4  C8 C6 87 DB DF 56        		db	0C8h,0C6h, 87h,0DBh,0DFh, 56h 
 17DA  01 18 86 C4 46 02        		db	 01h, 18h, 86h,0C4h, 46h, 02h 
 17E0  18 8F C3 05 07 C6        		db	 18h, 8Fh,0C3h, 05h, 07h,0C6h 
 17E6  01 18 CA C6 01 18        		db	 01h, 18h,0CAh,0C6h, 01h, 18h 
 17EC  86 C3 C7 CA C8 C6        		db	 86h,0C3h,0C7h,0CAh,0C8h,0C6h 
 17F2  85 DB DF C9 56 CA        		db	 85h,0DBh,0DFh,0C9h, 56h,0CAh 
 17F8  01 18 84 C3 66 C8        		db	 01h, 18h, 84h,0C3h, 66h,0C8h 
 17FE  02 18 8C C4 0D 07        		db	 02h, 18h, 8Ch,0C4h, 0Dh, 07h 
 1804  02 18 82 C3 66 01        		db	 02h, 18h, 82h,0C3h, 66h, 01h 
 180A  18 83 DB DF 56 01        		db	 18h, 83h,0DBh,0DFh, 56h, 01h 
 1810  18 86 C4 06 07 C9        		db	 18h, 86h,0C4h, 06h, 07h,0C9h 
 1816  01 18 05 07 C6 76        		db	 01h, 18h, 05h, 07h,0C6h, 76h 
 181C  C5 76 CA 76 CA 46        		db	0C5h, 76h,0CAh, 76h,0CAh, 46h 
 1822  C6 CA C6 C7 05 07        		db	0C6h,0CAh,0C6h,0C7h, 05h, 07h 
 1828  C8 45 66 CC 88 C3        		db	0C8h, 45h, 66h,0CCh, 88h,0C3h 
 182E  46 C9 76 C8 66 C5        		db	 46h,0C9h, 76h,0C8h, 66h,0C5h 
 1834  66 C5 0E 07 C6 C8        		db	 66h,0C5h, 0Eh, 07h,0C6h,0C8h 
 183A  76 08 07 CA 66 CC        		db	 76h, 08h, 07h,0CAh, 66h,0CCh 
 1840  87 C3 11 07 4B 0F        		db	 87h,0C3h, 11h, 07h, 4Bh, 0Fh 
 1846  07 CC C8 C7 01 2C        		db	 07h,0CCh,0C8h,0C7h, 01h, 2Ch 
 184C  0C 07 C8 01 18 86        		db	 0Ch, 07h,0C8h, 01h, 18h, 86h 
 1852  C4 09 07 CB 66 C8        		db	0C4h, 09h, 07h,0CBh, 66h,0C8h 
 1858  D8 83 C4 0D 07 CC        		db	0D8h, 83h,0C4h, 0Dh, 07h,0CCh 
 185E  C8 82 46 66 CC C8        		db	0C8h, 82h, 46h, 66h,0CCh,0C8h 
 1864  C7 CC C8 05 07 01        		db	0C7h,0CCh,0C8h, 05h, 07h, 01h 
 186A  18 85 C4 0C 07 CA        		db	 18h, 85h,0C4h, 0Ch, 07h,0CAh 
 1870  01 18 84 C3 06 07        		db	 01h, 18h, 84h,0C3h, 06h, 07h 
 1876  C8 06 07 EC 82 01        		db	0C8h, 06h, 07h,0ECh, 82h, 01h 
Microsoft (R) Macro Assembler  Version 4.00                 3/29/26 15:17:39

                                                            Page     1-24
                                                            

 187C  2C 06 07 C8 05 07        		db	 2Ch, 06h, 07h,0C8h, 05h, 07h 
 1882  CA 02 18 84 C3 0D        		db	0CAh, 02h, 18h, 84h,0C3h, 0Dh 
 1888  07 02 18 83 C3 56        		db	 07h, 02h, 18h, 83h,0C3h, 56h 
 188E  CA 66 D8 81 C4 C7        		db	0CAh, 66h,0D8h, 81h,0C4h,0C7h 
 1894  C8 C7 D8 83 C3 C7        		db	0C8h,0C7h,0D8h, 83h,0C3h,0C7h 
 189A  56 C8 C7 03 18 81        		db	 56h,0C8h,0C7h, 03h, 18h, 81h 
 18A0  C3 56 CC 87 C3 C7        		db	0C3h, 56h,0CCh, 87h,0C3h,0C7h 
 18A6  C5 0B 07 D8 85 C3        		db	0C5h, 0Bh, 07h,0D8h, 85h,0C3h 
 18AC  76 02 18 83 C3 C7        		db	 76h, 02h, 18h, 83h,0C3h,0C7h 
 18B2  D8 84 C3 C7 76 CC        		db	0D8h, 84h,0C3h,0C7h, 76h,0CCh 
 18B8  01 18 83 C3 46 CC        		db	 01h, 18h, 83h,0C3h, 46h,0CCh 
 18BE  87 C3 06 07 EC 66        		db	 87h,0C3h, 06h, 07h,0ECh, 66h 
 18C4  C8 02 18 84 C4 46        		db	0C8h, 02h, 18h, 84h,0C4h, 46h 
 18CA  02 18 86 C3 46 D8        		db	 02h, 18h, 86h,0C3h, 46h,0D8h 
 18D0  83 C3 C5 66 CC 86        		db	 83h,0C3h,0C5h, 66h,0CCh, 86h 
 18D6  C3 C7 C8 01 18 86        		db	0C3h,0C7h,0C8h, 01h, 18h, 86h 
 18DC  C3 06 07 EC 76 93        		db	0C3h, 06h, 07h,0ECh, 76h, 93h 
 18E2  C4 C7 85 C4 C7 66        		db	0C4h,0C7h, 85h,0C4h,0C7h, 66h 
 18E8  CA 01 18 84 C3 C7        		db	0CAh, 01h, 18h, 84h,0C3h,0C7h 
 18EE  01 18 87 C4 06 07        		db	 01h, 18h, 87h,0C4h, 06h, 07h 
 18F4  01 2C 66 C1 C2 40        		db	 01h, 2Ch, 66h,0C1h,0C2h, 40h 
 18FA  C2 50 C2 C1 C2 50        		db	0C2h, 50h,0C2h,0C1h,0C2h, 50h 
 1900  C2 50 81 C3 D8 85        		db	0C2h, 50h, 81h,0C3h,0D8h, 85h 
 1906  C4 C7 66 CC 86 C4        		db	0C4h,0C7h, 66h,0CCh, 86h,0C4h 
 190C  CC 89 C3 07 07 02        		db	0CCh, 89h,0C3h, 07h, 07h, 02h 
 1912  2C 46 01 18 91 C3        		db	 2Ch, 46h, 01h, 18h, 91h,0C3h 
 1918  D8 85 C3 C7 56 CC        		db	0D8h, 85h,0C3h,0C7h, 56h,0CCh 
 191E  92 C3 C7 C5 76 CA        		db	 92h,0C3h,0C7h,0C5h, 76h,0CAh 
 1924  CC C7 EC 56 88 C4        		db	0CCh,0C7h,0ECh, 56h, 88h,0C4h 
 192A  02 18 86 C4 D8 85        		db	 02h, 18h, 86h,0C4h,0D8h, 85h 
 1930  C3 C7 76 C1 C2 C1        		db	0C3h,0C7h, 76h,0C1h,0C2h,0C1h 
 1936  C2 60 C2 40 C2 40        		db	0C2h, 60h,0C2h, 40h,0C2h, 40h 
 193C  C2 C1 81 C3 05 07        		db	0C2h,0C1h, 81h,0C3h, 05h, 07h 
 1942  CC C8 76 C8 02 18        		db	0CCh,0C8h, 76h,0C8h, 02h, 18h 
 1948  85 C3 46 02 18 8B        		db	 85h,0C3h, 46h, 02h, 18h, 8Bh 
 194E  C3 C7 66 CC 91 C4        		db	0C3h,0C7h, 66h,0CCh, 91h,0C4h 
 1954  09 07 CA 76 01 18        		db	 09h, 07h,0CAh, 76h, 01h, 18h 
 195A  84 C3 C7 CA C7 C6        		db	 84h,0C3h,0C7h,0CAh,0C7h,0C6h 
 1960  8C C3 C7 76 D8 85        		db	 8Ch,0C3h,0C7h, 76h,0D8h, 85h 
 1966  C4 C7 45 01 18 84        		db	0C4h,0C7h, 45h, 01h, 18h, 84h 
 196C  C4 05 07 C8 02 18        		db	0C4h, 05h, 07h,0C8h, 02h, 18h 
 1972  05 07 CA 02 18 83        		db	 05h, 07h,0CAh, 02h, 18h, 83h 
 1978  C3 56 01 18 8B C4        		db	0C3h, 56h, 01h, 18h, 8Bh,0C4h 
 197E  C7 56 C8 02 18 84        		db	0C7h, 56h,0C8h, 02h, 18h, 84h 
 1984  C3 56 CA 56 C6 81        		db	0C3h, 56h,0CAh, 56h,0C6h, 81h 
 198A  C3 56 C8 01 18 88        		db	0C3h, 56h,0C8h, 01h, 18h, 88h 
 1990  C4 46 D8 85 C3 56        		db	0C4h, 46h,0D8h, 85h,0C3h, 56h 
 1996  C6 8B DA DF C9 66        		db	0C6h, 8Bh,0DAh,0DFh,0C9h, 66h 
 199C  CC 86 C3 76 C6 C8        		db	0CCh, 86h,0C3h, 76h,0C6h,0C8h 
 19A2  66 01 18 8C C3 46        		db	 66h, 01h, 18h, 8Ch,0C3h, 46h 
 19A8  85 C4 56 C8 01 18        		db	 85h,0C4h, 56h,0C8h, 01h, 18h 
 19AE  89 DB DF C7 5A 00        		db	 89h,0DBh,0DFh,0C7h, 5Ah, 00h 
 19B4  12 FF FF FF FF 04        		db	 12h,0FFh,0FFh,0FFh,0FFh, 04h 
 19BA  80 B9 E7 00 0B 00        		db	 80h,0B9h,0E7h, 00h, 0Bh, 00h 
 19C0  09 40 A6 04 00 0E        		db	 09h, 40h,0A6h, 04h, 00h, 0Eh 
Microsoft (R) Macro Assembler  Version 4.00                 3/29/26 15:17:39

                                                            Page     1-25
                                                            

 19C6  00 0A 40 8C 06 00        		db	 00h, 0Ah, 40h, 8Ch, 06h, 00h 
 19CC  0C 00 19 80 38 12        		db	 0Ch, 00h, 19h, 80h, 38h, 12h 
 19D2  00 20 00 22 80 B0        		db	 00h, 20h, 00h, 22h, 80h,0B0h 
 19D8  1B 00 28 00 2A 80        		db	 1Bh, 00h, 28h, 00h, 2Ah, 80h 
 19DE  B8 23 00 31 00 2B        		db	0B8h, 23h, 00h, 31h, 00h, 2Bh 
 19E4  80 A0 21 00 34 00        		db	 80h,0A0h, 21h, 00h, 34h, 00h 
 19EA  37 40 85 2E 00 3F        		db	 37h, 40h, 85h, 2Eh, 00h, 3Fh 
 19F0  00 70 80 9A 63 00        		db	 00h, 70h, 80h, 9Ah, 63h, 00h 
 19F6  79 00 BD 80 85 B6        		db	 79h, 00h,0BDh, 80h, 85h,0B6h 
 19FC  00 C0 00 FF FF 09        		db	 00h,0C0h, 00h,0FFh,0FFh, 09h 
 1A02  00 19 82 0B 09 00        		db	 00h, 19h, 82h, 0Bh, 09h, 00h 
 1A08  19 00 FF FF FF 58        		db	 19h, 00h,0FFh,0FFh,0FFh, 58h 
 1A0E  00 22 83 0B 58 00        		db	 00h, 22h, 83h, 0Bh, 58h, 00h 
 1A14  22 00 FF FF FF 64        		db	 22h, 00h,0FFh,0FFh,0FFh, 64h 
 1A1A  00 3B 84 0B 64 00        		db	 00h, 3Bh, 84h, 0Bh, 64h, 00h 
 1A20  3B 00 FF FF FF 83        		db	 3Bh, 00h,0FFh,0FFh,0FFh, 83h 
 1A26  00 35 82 0B 83 00        		db	 00h, 35h, 82h, 0Bh, 83h, 00h 
 1A2C  35 00 FF FF FF 8D        		db	 35h, 00h,0FFh,0FFh,0FFh, 8Dh 
 1A32  00 3E 82 0B 8D 00        		db	 00h, 3Eh, 82h, 0Bh, 8Dh, 00h 
 1A38  3E 00 FF FF FF 9D        		db	 3Eh, 00h,0FFh,0FFh,0FFh, 9Dh 
 1A3E  00 10 01 0D 11 00        		db	 00h, 10h, 01h, 0Dh, 11h, 00h 
 1A44  15 00 24 00 10 CE        		db	 15h, 00h, 24h, 00h, 10h,0CEh 
 1A4A  00 27 84 0B CE 00        		db	 00h, 27h, 84h, 0Bh,0CEh, 00h 
 1A50  27 00 FF FF FF FF        		db	 27h, 00h,0FFh,0FFh,0FFh,0FFh 
 1A56  FF 20 00 FF 13 C0        		db	0FFh, 20h, 00h,0FFh, 13h,0C0h 
 1A5C  FF FF FF FF 23 00        		db	0FFh,0FFh,0FFh,0FFh, 23h, 00h 
 1A62  40 88 DB 00 00 FF        		db	 40h, 88h,0DBh, 00h, 00h,0FFh 
 1A68  FF 23 00 20 5F DC        		db	0FFh, 23h, 00h, 20h, 5Fh,0DCh 
 1A6E  00 FF 6A DC FF FF        		db	 00h,0FFh, 6Ah,0DCh,0FFh,0FFh 
 1A74  FF FF 23 00 10 AF        		db	0FFh,0FFh, 23h, 00h, 10h,0AFh 
 1A7A  DC 00 FF BA DC FF        		db	0DCh, 00h,0FFh,0BAh,0DCh,0FFh 
 1A80  FF FF FF 23 00 08        		db	0FFh,0FFh,0FFh, 23h, 00h, 08h 
 1A86  CF DD 00 FF DA DD        		db	0CFh,0DDh, 00h,0FFh,0DAh,0DDh 
 1A8C  FF FF FF FF 23 00        		db	0FFh,0FFh,0FFh,0FFh, 23h, 00h 
 1A92  04 FF DD 00 FF 0A        		db	 04h,0FFh,0DDh, 00h,0FFh, 0Ah 
 1A98  DE FF FF FF FF 23        		db	0DEh,0FFh,0FFh,0FFh,0FFh, 23h 
 1A9E  00 02 1F DE 00 FF        		db	 00h, 02h, 1Fh,0DEh, 00h,0FFh 
 1AA4  2A DE FF FF FF FF        		db	 2Ah,0DEh,0FFh,0FFh,0FFh,0FFh 
 1AAA  23 00 01 5F DE 00        		db	 23h, 00h, 01h, 5Fh,0DEh, 00h 
 1AB0  FF 6A DE FF FF FF        		db	0FFh, 6Ah,0DEh,0FFh,0FFh,0FFh 
 1AB6  FF 24 00 80 7F DE        		db	0FFh, 24h, 00h, 80h, 7Fh,0DEh 
 1ABC  00 FF 8A DE FF FF        		db	 00h,0FFh, 8Ah,0DEh,0FFh,0FFh 
 1AC2  FF FF 24 00 40 DF        		db	0FFh,0FFh, 24h, 00h, 40h,0DFh 
 1AC8  DE 00 00 FF FF 24        		db	0DEh, 00h, 00h,0FFh,0FFh, 24h 
 1ACE  00 20 CF DE 00 FF        		db	 00h, 20h,0CFh,0DEh, 00h,0FFh 
 1AD4  DA DE FF FF FF FF        		db	0DAh,0DEh,0FFh,0FFh,0FFh,0FFh 
 1ADA  24 00 10 4F DA 81        		db	 24h, 00h, 10h, 4Fh,0DAh, 81h 
 1AE0  0D FF FF FF FF 16        		db	 0Dh,0FFh,0FFh,0FFh,0FFh, 16h 
 1AE6  AF 00 12                 		db	0AFh, 00h, 12h 
 1AE9  43 61 76 65 72 6E 20     		db	'Cavern of Cementar' 
       6F 66 20 43 65 6D 65     
       6E 74 61 72              
 1AFB  11 00 04 08 08 03        		db	 11h, 00h, 04h, 08h, 08h, 03h 
 1B01  00 2B FF 02 00 00        		db	 00h, 2Bh,0FFh, 02h, 00h, 00h 
 1B07  00 00 00 00 03 00        		db	 00h, 00h, 00h, 00h, 03h, 00h 
Microsoft (R) Macro Assembler  Version 4.00                 3/29/26 15:17:39

                                                            Page     1-26
                                                            

 1B0D  2B 02 00 05 00 3B        		db	 2Bh, 02h, 00h, 05h, 00h, 3Bh 
 1B13  FF 02 00 00 00 00        		db	0FFh, 02h, 00h, 00h, 00h, 00h 
 1B19  00 00 05 00 3B 02        		db	 00h, 00h, 05h, 00h, 3Bh, 02h 
 1B1F  00 08 00 11 FF 03        		db	 00h, 08h, 00h, 11h,0FFh, 03h 
 1B25  00 00 00 00 00 00        		db	 00h, 00h, 00h, 00h, 00h, 00h 
 1B2B  08 00 11 03 00 0F        		db	 08h, 00h, 11h, 03h, 00h, 0Fh 
 1B31  00 2B FF 02 00 00        		db	 00h, 2Bh,0FFh, 02h, 00h, 00h 
 1B37  00 00 00 00 0F 00        		db	 00h, 00h, 00h, 00h, 0Fh, 00h 
 1B3D  2B 02 00 12 00 3C        		db	 2Bh, 02h, 00h, 12h, 00h, 3Ch 
 1B43  FF 03 00 00 00 00        		db	0FFh, 03h, 00h, 00h, 00h, 00h 
 1B49  00 00 12 00 3C 03        		db	 00h, 00h, 12h, 00h, 3Ch, 03h 
 1B4F  00 17 00 17 FF 04        		db	 00h, 17h, 00h, 17h,0FFh, 04h 
 1B55  00 00 00 00 00 00        		db	 00h, 00h, 00h, 00h, 00h, 00h 
 1B5B  17 00 17 04 00 19        		db	 17h, 00h, 17h, 04h, 00h, 19h 
 1B61  00 03 FF 04 00 00        		db	 00h, 03h,0FFh, 04h, 00h, 00h 
 1B67  00 00 00 00 19 00        		db	 00h, 00h, 00h, 00h, 19h, 00h 
 1B6D  03 04 00 1A 00 23        		db	 03h, 04h, 00h, 1Ah, 00h, 23h 
 1B73  FF D0 00 00 20 00        		db	0FFh,0D0h, 00h, 00h, 20h, 00h 
 1B79  19 00 23 00 40 00        		db	 19h, 00h, 23h, 00h, 40h, 00h 
 1B7F  00 1C 00 13 FF F1        		db	 00h, 1Ch, 00h, 13h,0FFh,0F1h 
 1B85  00 00 00 00 00 00        		db	 00h, 00h, 00h, 00h, 00h, 00h 
 1B8B  FF FF FF 00 00 1E        		db	0FFh,0FFh,0FFh, 00h, 00h, 1Eh 
 1B91  00 13 FF F1 00 00        		db	 00h, 13h,0FFh,0F1h, 00h, 00h 
 1B97  00 00 00 00 FF FF        		db	 00h, 00h, 00h, 00h,0FFh,0FFh 
 1B9D  FF 00 00 1F 00 3C        		db	0FFh, 00h, 00h, 1Fh, 00h, 3Ch 
 1BA3  FF 03 00 00 00 00        		db	0FFh, 03h, 00h, 00h, 00h, 00h 
 1BA9  00 00 1F 00 3C 03        		db	 00h, 00h, 1Fh, 00h, 3Ch, 03h 
 1BAF  00 20 00 13 FF F1        		db	 00h, 20h, 00h, 13h,0FFh,0F1h 
 1BB5  00 00 00 00 00 00        		db	 00h, 00h, 00h, 00h, 00h, 00h 
 1BBB  FF FF FF 00 00 21        		db	0FFh,0FFh,0FFh, 00h, 00h, 21h 
 1BC1  00 03 FF 04 00 00        		db	 00h, 03h,0FFh, 04h, 00h, 00h 
 1BC7  00 00 00 00 21 00        		db	 00h, 00h, 00h, 00h, 21h, 00h 
 1BCD  03 04 00 24 00 22        		db	 03h, 04h, 00h, 24h, 00h, 22h 
 1BD3  FF 00 00 00 10 00        		db	0FFh, 00h, 00h, 00h, 10h, 00h 
 1BD9  00 00 24 00 22 00        		db	 00h, 00h, 24h, 00h, 22h, 00h 
 1BDF  00 24 00 24 FF 01        		db	 00h, 24h, 00h, 24h,0FFh, 01h 
 1BE5  00 00 10 00 00 00        		db	 00h, 00h, 10h, 00h, 00h, 00h 
 1BEB  24 00 24 01 00 2C        		db	 24h, 00h, 24h, 01h, 00h, 2Ch 
 1BF1  00 11 FF 03 00 00        		db	 00h, 11h,0FFh, 03h, 00h, 00h 
 1BF7  00 00 00 00 2C 00        		db	 00h, 00h, 00h, 00h, 2Ch, 00h 
 1BFD  11 03 00 3A 00 08        		db	 11h, 03h, 00h, 3Ah, 00h, 08h 
 1C03  FF 02 00 00 00 00        		db	0FFh, 02h, 00h, 00h, 00h, 00h 
 1C09  00 00 3A 00 08 02        		db	 00h, 00h, 3Ah, 00h, 08h, 02h 
 1C0F  00 3B 00 36 FF 02        		db	 00h, 3Bh, 00h, 36h,0FFh, 02h 
 1C15  00 00 00 00 00 00        		db	 00h, 00h, 00h, 00h, 00h, 00h 
 1C1B  3B 00 36 02 00 48        		db	 3Bh, 00h, 36h, 02h, 00h, 48h 
 1C21  00 22 FF 00 00 00        		db	 00h, 22h,0FFh, 00h, 00h, 00h 
 1C27  10 00 00 00 48 00        		db	 10h, 00h, 00h, 00h, 48h, 00h 
 1C2D  22 00 00 48 00 24        		db	 22h, 00h, 00h, 48h, 00h, 24h 
 1C33  FF 01 00 00 10 00        		db	0FFh, 01h, 00h, 00h, 10h, 00h 
 1C39  00 00 48 00 24 01        		db	 00h, 00h, 48h, 00h, 24h, 01h 
 1C3F  00 51 00 2E FF 03        		db	 00h, 51h, 00h, 2Eh,0FFh, 03h 
 1C45  00 00 00 00 00 00        		db	 00h, 00h, 00h, 00h, 00h, 00h 
 1C4B  51 00 2E 03 00 52        		db	 51h, 00h, 2Eh, 03h, 00h, 52h 
 1C51  00 36 FF 73 00 05        		db	 00h, 36h,0FFh, 73h, 00h, 05h 
Microsoft (R) Macro Assembler  Version 4.00                 3/29/26 15:17:39

                                                            Page     1-27
                                                            

 1C57  20 00 00 00 23 00        		db	 20h, 00h, 00h, 00h, 23h, 00h 
 1C5D  20 00 00 53 00 18        		db	 20h, 00h, 00h, 53h, 00h, 18h 
 1C63  FF 02 00 00 00 00        		db	0FFh, 02h, 00h, 00h, 00h, 00h 
 1C69  00 00 53 00 18 02        		db	 00h, 00h, 53h, 00h, 18h, 02h 
 1C6F  00 58 00 03 FF 04        		db	 00h, 58h, 00h, 03h,0FFh, 04h 
 1C75  00 00 00 00 00 00        		db	 00h, 00h, 00h, 00h, 00h, 00h 
 1C7B  58 00 03 04 00 5D        		db	 58h, 00h, 03h, 04h, 00h, 5Dh 
 1C81  00 37 FF 04 00 00        		db	 00h, 37h,0FFh, 04h, 00h, 00h 
 1C87  00 00 00 00 5D 00        		db	 00h, 00h, 00h, 00h, 5Dh, 00h 
 1C8D  37 04 00 60 00 07        		db	 37h, 04h, 00h, 60h, 00h, 07h 
 1C93  FF 03 00 00 00 00        		db	0FFh, 03h, 00h, 00h, 00h, 00h 
 1C99  00 00 60 00 07 03        		db	 00h, 00h, 60h, 00h, 07h, 03h 
 1C9F  00 61 00 10 FF 76        		db	 00h, 61h, 00h, 10h,0FFh, 76h 
 1CA5  00 00 20 00 00 00        		db	 00h, 00h, 20h, 00h, 00h, 00h 
 1CAB  23 00 10 00 00 63        		db	 23h, 00h, 10h, 00h, 00h, 63h 
 1CB1  00 2E FF 03 00 00        		db	 00h, 2Eh,0FFh, 03h, 00h, 00h 
 1CB7  00 00 00 00 63 00        		db	 00h, 00h, 00h, 00h, 63h, 00h 
 1CBD  2E 03 00 64 00 24        		db	 2Eh, 03h, 00h, 64h, 00h, 24h 
 1CC3  FF 03 00 00 00 00        		db	0FFh, 03h, 00h, 00h, 00h, 00h 
 1CC9  00 00 64 00 24 03        		db	 00h, 00h, 64h, 00h, 24h, 03h 
 1CCF  00 6D 00 1E FF 02        		db	 00h, 6Dh, 00h, 1Eh,0FFh, 02h 
 1CD5  00 00 00 00 00 00        		db	 00h, 00h, 00h, 00h, 00h, 00h 
 1CDB  6D 00 1E 02 00 78        		db	 6Dh, 00h, 1Eh, 02h, 00h, 78h 
 1CE1  00 10 FF 03 00 00        		db	 00h, 10h,0FFh, 03h, 00h, 00h 
 1CE7  00 00 00 00 78 00        		db	 00h, 00h, 00h, 00h, 78h, 00h 
 1CED  10 03 00 7D 00 02        		db	 10h, 03h, 00h, 7Dh, 00h, 02h 
 1CF3  FF F1 00 00 00 00        		db	0FFh,0F1h, 00h, 00h, 00h, 00h 
 1CF9  00 00 FF FF FF 00        		db	 00h, 00h,0FFh,0FFh,0FFh, 00h 
 1CFF  00 85 00 28 FF F1        		db	 00h, 85h, 00h, 28h,0FFh,0F1h 
 1D05  00 00 00 00 00 00        		db	 00h, 00h, 00h, 00h, 00h, 00h 
 1D0B  FF FF FF 00 00 87        		db	0FFh,0FFh,0FFh, 00h, 00h, 87h 
 1D11  00 28 FF F1 00 00        		db	 00h, 28h,0FFh,0F1h, 00h, 00h 
 1D17  00 00 00 00 FF FF        		db	 00h, 00h, 00h, 00h,0FFh,0FFh 
 1D1D  FF 00 00 89 00 28        		db	0FFh, 00h, 00h, 89h, 00h, 28h 
 1D23  FF F1 00 00 00 00        		db	0FFh,0F1h, 00h, 00h, 00h, 00h 
 1D29  00 00 FF FF FF 00        		db	 00h, 00h,0FFh,0FFh,0FFh, 00h 
 1D2F  00 8D 00 26 FF 02        		db	 00h, 8Dh, 00h, 26h,0FFh, 02h 
 1D35  00 00 00 00 00 00        		db	 00h, 00h, 00h, 00h, 00h, 00h 
 1D3B  8D 00 26 02 00 8F        		db	 8Dh, 00h, 26h, 02h, 00h, 8Fh 
 1D41  00 28 FF F1 00 00        		db	 00h, 28h,0FFh,0F1h, 00h, 00h 
 1D47  00 00 00 00 FF FF        		db	 00h, 00h, 00h, 00h,0FFh,0FFh 
 1D4D  FF 00 00 90 00 09        		db	0FFh, 00h, 00h, 90h, 00h, 09h 
 1D53  FF 03 00 00 00 00        		db	0FFh, 03h, 00h, 00h, 00h, 00h 
 1D59  00 00 90 00 09 03        		db	 00h, 00h, 90h, 00h, 09h, 03h 
 1D5F  00 91 00 28 FF F1        		db	 00h, 91h, 00h, 28h,0FFh,0F1h 
 1D65  00 00 00 00 00 00        		db	 00h, 00h, 00h, 00h, 00h, 00h 
 1D6B  FF FF FF 00 00 93        		db	0FFh,0FFh,0FFh, 00h, 00h, 93h 
 1D71  00 28 FF F1 00 00        		db	 00h, 28h,0FFh,0F1h, 00h, 00h 
 1D77  00 00 00 00 FF FF        		db	 00h, 00h, 00h, 00h,0FFh,0FFh 
 1D7D  FF 00 00 93 00 38        		db	0FFh, 00h, 00h, 93h, 00h, 38h 
 1D83  FF 02 00 00 00 00        		db	0FFh, 02h, 00h, 00h, 00h, 00h 
 1D89  00 00 93 00 38 02        		db	 00h, 00h, 93h, 00h, 38h, 02h 
 1D8F  00 96 00 16 FF 00        		db	 00h, 96h, 00h, 16h,0FFh, 00h 
 1D95  00 00 10 00 00 00        		db	 00h, 00h, 10h, 00h, 00h, 00h 
 1D9B  96 00 16 00 00 96        		db	 96h, 00h, 16h, 00h, 00h, 96h 
Microsoft (R) Macro Assembler  Version 4.00                 3/29/26 15:17:39

                                                            Page     1-28
                                                            

 1DA1  00 18 FF 01 00 00        		db	 00h, 18h,0FFh, 01h, 00h, 00h 
 1DA7  10 00 00 00 96 00        		db	 10h, 00h, 00h, 00h, 96h, 00h 
 1DAD  18 01 00 98 00 05        		db	 18h, 01h, 00h, 98h, 00h, 05h 
 1DB3  FF 04 00 00 00 00        		db	0FFh, 04h, 00h, 00h, 00h, 00h 
 1DB9  00 00 98 00 05 04        		db	 00h, 00h, 98h, 00h, 05h, 04h 
 1DBF  00 9E 00 18 FF 73        		db	 00h, 9Eh, 00h, 18h,0FFh, 73h 
 1DC5  00 01 20 00 00 00        		db	 00h, 01h, 20h, 00h, 00h, 00h 
 1DCB  23 00 08 00 00 A7        		db	 23h, 00h, 08h, 00h, 00h,0A7h 
 1DD1  00 2E FF 03 00 00        		db	 00h, 2Eh,0FFh, 03h, 00h, 00h 
 1DD7  00 00 00 00 A7 00        		db	 00h, 00h, 00h, 00h,0A7h, 00h 
 1DDD  2E 03 00 AC 00 24        		db	 2Eh, 03h, 00h,0ACh, 00h, 24h 
 1DE3  FF 02 00 00 00 00        		db	0FFh, 02h, 00h, 00h, 00h, 00h 
 1DE9  00 00 AC 00 24 02        		db	 00h, 00h,0ACh, 00h, 24h, 02h 
 1DEF  00 B5 00 12 FF 73        		db	 00h,0B5h, 00h, 12h,0FFh, 73h 
 1DF5  00 00 20 00 19 00        		db	 00h, 00h, 20h, 00h, 19h, 00h 
 1DFB  23 00 04 00 00 B9        		db	 23h, 00h, 04h, 00h, 00h,0B9h 
 1E01  00 1B FF 02 00 00        		db	 00h, 1Bh,0FFh, 02h, 00h, 00h 
 1E07  00 00 00 00 B9 00        		db	 00h, 00h, 00h, 00h,0B9h, 00h 
 1E0D  1B 02 00 BF 00 12        		db	 1Bh, 02h, 00h,0BFh, 00h, 12h 
 1E13  FF 76 00 00 20 00        		db	0FFh, 76h, 00h, 00h, 20h, 00h 
 1E19  00 00 23 00 02 00        		db	 00h, 00h, 23h, 00h, 02h, 00h 
 1E1F  00 BF 00 38 FF 02        		db	 00h,0BFh, 00h, 38h,0FFh, 02h 
 1E25  00 00 00 00 00 00        		db	 00h, 00h, 00h, 00h, 00h, 00h 
 1E2B  BF 00 38 02 00 C3        		db	0BFh, 00h, 38h, 02h, 00h,0C3h 
 1E31  00 18 FF 04 00 00        		db	 00h, 18h,0FFh, 04h, 00h, 00h 
 1E37  00 00 00 00 C3 00        		db	 00h, 00h, 00h, 00h,0C3h, 00h 
 1E3D  18 04 00 CE 00 0B        		db	 18h, 04h, 00h,0CEh, 00h, 0Bh 
 1E43  FF F1 00 00 00 00        		db	0FFh,0F1h, 00h, 00h, 00h, 00h 
 1E49  00 00 FF FF FF 00        		db	 00h, 00h,0FFh,0FFh,0FFh, 00h 
 1E4F  00 CF 00 1F FF 73        		db	 00h,0CFh, 00h, 1Fh,0FFh, 73h 
 1E55  00 00 20 00 18 00        		db	 00h, 00h, 20h, 00h, 18h, 00h 
 1E5B  23 00 01 00 00 CF        		db	 23h, 00h, 01h, 00h, 00h,0CFh 
 1E61  00 32 FF 04 00 00        		db	 00h, 32h,0FFh, 04h, 00h, 00h 
 1E67  00 00 00 00 CF 00        		db	 00h, 00h, 00h, 00h,0CFh, 00h 
 1E6D  32 04 00 D0 00 09        		db	 32h, 04h, 00h,0D0h, 00h, 09h 
 1E73  FF 73 00 06 20 00        		db	0FFh, 73h, 00h, 06h, 20h, 00h 
 1E79  00 00 24 00 80 00        		db	 00h, 00h, 24h, 00h, 80h, 00h 
 1E7F  00 D0 00 0B FF F1        		db	 00h,0D0h, 00h, 0Bh,0FFh,0F1h 
 1E85  00 00 00 00 00 00        		db	 00h, 00h, 00h, 00h, 00h, 00h 
 1E8B  FF FF FF 00 00 D3        		db	0FFh,0FFh,0FFh, 00h, 00h,0D3h 
 1E91  00 10 FF 00 00 00        		db	 00h, 10h,0FFh, 00h, 00h, 00h 
 1E97  10 00 00 00 D3 00        		db	 10h, 00h, 00h, 00h,0D3h, 00h 
 1E9D  10 00 00 D3 00 12        		db	 10h, 00h, 00h,0D3h, 00h, 12h 
 1EA3  FF 01 00 00 10 00        		db	0FFh, 01h, 00h, 00h, 10h, 00h 
 1EA9  00 00 D3 00 12 01        		db	 00h, 00h,0D3h, 00h, 12h, 01h 
 1EAF  00 E0 00 0E FF 04        		db	 00h,0E0h, 00h, 0Eh,0FFh, 04h 
 1EB5  00 00 00 00 00 00        		db	 00h, 00h, 00h, 00h, 00h, 00h 
 1EBB  E0 00 0E 04 00 E2        		db	0E0h, 00h, 0Eh, 04h, 00h,0E2h 
 1EC1  00 29 FF 73 00 00        		db	 00h, 29h,0FFh, 73h, 00h, 00h 
 1EC7  20 00 19 00 24 00        		db	 20h, 00h, 19h, 00h, 24h, 00h 
 1ECD  20 00 00 E2 00           		db	 20h, 00h, 00h,0E2h, 00h 
                                 
 1ED2                           locloop_3: 
 1ED2  3C FF                    		cmp	al,0FFh 
 1ED4  D0 00                    		rol	byte ptr [bx+si],1	; Rotate 
Microsoft (R) Macro Assembler  Version 4.00                 3/29/26 15:17:39

                                                            Page     1-29
                                                            

 1ED6  00 20                    		add	[bx+si],ah 
 1ED8  00 1B                    		add	[bp+di],bl 
 1EDA  00 24                    		add	[si],ah 
                                ;*		add	[bx+si+0],al 
 1EDC  00 00                    				add [bx+si+0h],al			; was: db 000h,040h,000h 
 1EDE  00 00 FF 00 FF 00        		db	 00h, 00h,0FFh, 00h,0FFh, 00h 
 1EE4  00 00 00 00 00 00        		db	 00h, 00h, 00h, 00h, 00h, 00h 
 1EEA  FF FF 00 00 00 00        		db	0FFh,0FFh, 00h, 00h, 00h, 00h 
 1EF0  FF 00 FF                 		db	0FFh, 00h,0FFh 
 1EF3  0007[                    		db	7 dup (0) 
            00                  
                         ]      
                                
 1EFA  FF FF 00 00 00 00        		db	0FFh,0FFh, 00h, 00h, 00h, 00h 
 1F00  FF 00 FF                 		db	0FFh, 00h,0FFh 
 1F03  0007[                    		db	7 dup (0) 
            00                  
                         ]      
                                
 1F0A  FF FF 00 00 00 00        		db	0FFh,0FFh, 00h, 00h, 00h, 00h 
 1F10  FF 00 FF                 		db	0FFh, 00h,0FFh 
 1F13  0007[                    		db	7 dup (0) 
            00                  
                         ]      
                                
 1F1A  FF FF 00 00 00 00        		db	0FFh,0FFh, 00h, 00h, 00h, 00h 
 1F20  FF 00 FF                 		db	0FFh, 00h,0FFh 
 1F23  0007[                    		db	7 dup (0) 
            00                  
                         ]      
                                
 1F2A  FF FF 00 00 00 00        		db	0FFh,0FFh, 00h, 00h, 00h, 00h 
 1F30  FF 00 FF                 		db	0FFh, 00h,0FFh 
 1F33  0007[                    		db	7 dup (0) 
            00                  
                         ]      
                                
 1F3A  FF FF 00 00 00 00        		db	0FFh,0FFh, 00h, 00h, 00h, 00h 
 1F40  FF 00 FF                 		db	0FFh, 00h,0FFh 
 1F43  0007[                    		db	7 dup (0) 
            00                  
                         ]      
                                
 1F4A  FF FF 00 00 00 00        		db	0FFh,0FFh, 00h, 00h, 00h, 00h 
 1F50  FF 00 FF                 		db	0FFh, 00h,0FFh 
 1F53  0007[                    		db	7 dup (0) 
            00                  
                         ]      
                                
 1F5A  FF FF 00 00 00 FF        		db	0FFh,0FFh, 00h, 00h, 00h,0FFh 
 1F60  FF                       		db	0FFh 
                                 
                                _332MP51	endp 
                                 
 1F61                           seg_a		ends 
Microsoft (R) Macro Assembler  Version 4.00                 3/29/26 15:17:39

                                                            Page     1-30
                                                            

                                 
                                 
                                 
                                		end	start 

Microsoft (R) Macro Assembler  Version 4.00                 3/29/26 15:17:39

                                                            Symbols-1
                                                             

Macros:

		N a m e			Lines

CALLF  . . . . . . . . . . . . .  	   2
CALLFX . . . . . . . . . . . . .  	   3
JMPN . . . . . . . . . . . . . .  	   2
MOVSEG . . . . . . . . . . . . .  	  43
RETF . . . . . . . . . . . . . .  	   6
RETN . . . . . . . . . . . . . .  	   6

Segments and Groups:

                N a m e         	Size	Align	Combine Class

SEG_A  . . . . . . . . . . . . .  	1F61	BYTE	PUBLIC	

Symbols:            

                N a m e         	Type	Value	Attr         

DATA_1 . . . . . . . . . . . . .  	L WORD 	08B0	SEG_A
DATA_2 . . . . . . . . . . . . .  	L BYTE 	0DB0	SEG_A

LOCLOOP_3  . . . . . . . . . . .  	L NEAR	1ED2	SEG_A
LOC_2  . . . . . . . . . . . . .  	L NEAR	0011	SEG_A

START  . . . . . . . . . . . . .  	L NEAR	0000	SEG_A

TARGET . . . . . . . . . . . . .  	Number	4D34	

_332MP51 . . . . . . . . . . . .  	F PROC	0000	SEG_A	Length = 1F61


   1576 Source  Lines
   1601 Total   Lines
     35 Symbols

  49058 Bytes symbol space free

      0 Warning Errors
      9 Severe  Errors
