Microsoft (R) Macro Assembler  Version 4.00                 3/29/26 15:17:51

                                                            Page     1-1
                                                            

                                 
                                PAGE  59,132 
                                 
                                ;лллллллллллллллллллллллллллллллллллллллллллллллллллллллллллллллллллллллллл 
                                ;лл					                                 лл 
                                ;лл				_334MP60                                 лл 
                                ;лл					                                 лл 
                                ;лл      Created:   29-Mar-26		                                 лл 
                                ;лл      Code type: special		                                 лл 
                                ;лл      Passes:    9          Analysis	Options on: none                 лл 
                                ;лл					                                 лл 
                                ;лллллллллллллллллллллллллллллллллллллллллллллллллллллллллллллллллллллллллл 
                                 
 = 4D34                         target		EQU   'M4'                      ; Target assembler: MASM-4.0 
                                 
                             C  include  srmacros.inc 
                             C   
                             C  ; Macros which may be required for proper re-assembly 
                             C   
                             C  IF (target EQ 'M4') 
                             C  ;----------------------------------------------------------------------------- 
                             C  ;  MASM 4.0 does not allow retf and retn, allowed by current assemblers. 
                             C  ;  These marcos, convert RETF and RETN into data bytes that are acceptable 
                             C  ;  to MASM 4.0. 
                             C   
                             C   
                             C  retf            macro   ret_count               ; Fixup for Assembler 
                             C                  if      ret_count+0 GT 1 
                             C                  db      0CAh 
                             C                  dw      ret_count 
                             C                  else 
                             C                  db      0CBh 
                             C                  endif 
                             C  endm 
                             C   
                             C  retn            macro  ret_count 
                             C                  if     ret_count+0 GT 1 
                             C                  db     0C2h 
                             C                  dw     ret_count 
                             C                  else 
                             C                  db     0C3h 
                             C                  endif 
                             C  endm 
                             C   
                             C  ENDIF 
                             C   
                             C   
                             C  IF (target EQ 'M4') OR (target EQ 'M5')  
                             C  ;----------------------------------------------------------------------------- 
                             C  ; Due to a bug in earlier MASM assemblers, the valid instruction type  
                             C  ; "mov segreg, reg"  cannot be used, if the register is not AX.   
                             C  ; For example:  mov  es, bx 
                             C   
                             C  movseg          macro reg16, unused, Imm16      ; Fixup for Assembler 
                             C                  ifidn  <reg16>, <bx>             
Microsoft (R) Macro Assembler  Version 4.00                 3/29/26 15:17:51

                                                            Page     1-2
                                                            

                             C                  db     0BBh                      
                             C                  endif                            
                             C                  ifidn  <reg16>, <cx>             
                             C                  db     0B9h                      
                             C                  endif 
                             C                  ifidn  <reg16>, <dx> 
                             C                  db     0BAh 
                             C                  endif 
                             C                  ifidn  <reg16>, <si> 
                             C                  db     0BEh 
                             C                  endif 
                             C                  ifidn  <reg16>, <di> 
                             C                  db     0BFh 
                             C                  endif 
                             C                  ifidn  <reg16>, <bp> 
                             C                  db     0BDh 
                             C                  endif 
                             C                  ifidn  <reg16>, <sp> 
                             C                  db     0BCh 
                             C                  endif 
                             C                  ifidn  <reg16>, <BX> 
                             C                  db     0BBH 
                             C                  endif 
                             C                  ifidn  <reg16>, <CX> 
                             C                  db     0B9H 
                             C                  endif 
                             C                  ifidn  <reg16>, <DX> 
                             C                  db     0BAH 
                             C                  endif 
                             C                  ifidn  <reg16>, <SI> 
                             C                  db     0BEH 
                             C                  endif 
                             C                  ifidn  <reg16>, <DI> 
                             C                  db     0BFH 
                             C                  endif 
                             C                  ifidn  <reg16>, <BP> 
                             C                  db     0BDH 
                             C                  endif 
                             C                  ifidn  <reg16>, <SP> 
                             C                  db     0BCH 
                             C                  endif 
                             C                  dw     seg Imm16 
                             C  endm 
                             C   
                             C  ENDIF 
                             C   
                             C   
                             C  ENDIF 
                             C   
                             C   
                             C   
                             C  IFE (target EQ 'NO') 
                             C  ;----------------------------------------------------------------------------- 
                             C  ;  Some compilers and some assemblers will code a call that goes to a far 
                             C  ;  subroutine in the same segment as: 
Microsoft (R) Macro Assembler  Version 4.00                 3/29/26 15:17:51

                                                            Page     1-3
                                                            

                             C  ; 
                             C  ;               PUSH    CS 
                             C  ;               CALL    near 
                             C  ; 
                             C  ;  This saves one byte, and is slightly faster.  If the assembler you are 
                             C  ;  using (i.e. MASM, Optasm) does not do this automatically, the following 
                             C  ;  macros are used to code the same information.  In other words, the binary 
                             C  ;  file has "PUSH CS, CALL near", and Sourcer ensures the same instructions 
                             C  ;  are used!  (macro CALLF) 
                             C  ; 
                             C   
                             C  callf           macro   location 
                             C                  push    cs 
                             C                  call    near ptr location 
                             C  endm 
                             C   
                             C  ;  Some compilers generate an unnecessary DS override on the call instruction 
                             C  ;  when compacting the CALLF type function.  Macro CALLFX handles this case. 
                             C   
                             C  callfx          macro   location 
                             C                  push    cs 
                             C                  db      3Eh 
                             C                  call    near ptr location 
                             C  endm 
                             C   
                             C   
                             C  ;----------------------------------------------------------------------------- 
                             C  ;  Some compilers and some assemblers will code a near call that is the 
                             C  ;  selected assembler will convert to a short jump to save a byte.  This 
                             C  ;  reconstructs a near jump for these cases. 
                             C   
                             C  jmpn            macro   location 
                             C                  db      0E9h 
                             C                  dw      offset location-$-2 
                             C  endm 
                             C   
                             C  ENDIF 
                             C   
                                 
                                 
                                 
                                ; The following equates show data references outside the range of the program. 
                                 
 = 2001                         data_1e		equ	2001h			;* 
 = 53C3                         data_2e		equ	53C3h			;* 
 = 2FD9                         data_9e		equ	2FD9h			;* 
 = 43C3                         data_10e	equ	43C3h			;* 
 = 53C3                         data_11e	equ	53C3h			;* 
 = 63C3                         data_12e	equ	63C3h			;* 
 = 69D7                         data_13e	equ	69D7h			;* 
 = C4C3                         data_14e	equ	0C4C3h			;* 
 = DDC3                         data_15e	equ	0DDC3h			;* 
                                 
                                ;------------------------------------------------------------  seg_a   ---- 
                                 
Microsoft (R) Macro Assembler  Version 4.00                 3/29/26 15:17:51

                                                            Page     1-4
                                                            

 0000                           seg_a		segment	byte public 
                                		assume cs:seg_a  , ds:seg_a 
                                 
                                			                        ;* No entry point to code 
 0000  01 1D                    		add	[di],bx 
 0002  00 00                    		add	[bx+si],al 
 0004  2A D9                    		sub	bl,cl 
 0006  40                       		inc	ax 
 0007  01 45 D7                 		add	[di-29h],ax 
 000A  59                       		pop	cx 
 000B  D7                       		xlat				; al=[al+[bx]] table 
 000C  5B                       		pop	bx 
 000D  D7                       		xlat				; al=[al+[bx]] table 
 000E  BF 69D7                  		mov	di,data_13e 
                                ;*		fcom	dword ptr ds:data_9e	; Compare with st 
                                				fcom dword ptr [2FD9h]			; was: db 0D8h,016h,0D9h,02Fh 
334MP60.asm(48) : error 10: Syntax error 
                                ;*		fld	dword ptr data_3	; Push onto stack 
                                				fld dword ptr [135h]			; was: db 0D9h,006h,035h,001h 
334MP60.asm(50) : error 10: Syntax error 
 0011  2A 0A                    		sub	cl,[bp+si] 
 0013  00 00                    		add	[bx+si],al 
 0015  45                       		inc	bp 
 0016  D7                       		xlat				; al=[al+[bx]] table 
 0017  C4 88 C4C3               		les	cx,dword ptr ds:data_14e[bx+si]	; Load seg:offset ptr 
 001B  C7 C9 CA 8A C3 53        		db	0C7h,0C9h,0CAh, 8Ah,0C3h, 53h 
 0021  85 C3 63 87 C3 C4        		db	 85h,0C3h, 63h, 87h,0C3h,0C4h 
 0027  85 C3 43 86 C3 43        		db	 85h,0C3h, 43h, 86h,0C3h, 43h 
 002D  C4 02 20 53 01 20        		db	0C4h, 02h, 20h, 53h, 01h, 20h 
 0033  43 C9 CA C9 CB 89        		db	 43h,0C9h,0CAh,0C9h,0CBh, 89h 
 0039  C3 53 85 C3 53 DD        		db	0C3h, 53h, 85h,0C3h, 53h,0DDh 
 003F  87 C3 C4 85 C3 43        		db	 87h,0C3h,0C4h, 85h,0C3h, 43h 
 0045  86 C3 43 63 DD 05        		db	 86h,0C3h, 43h, 63h,0DDh, 05h 
 004B  04 C7 59 89 C3 53        		db	 04h,0C7h, 59h, 89h,0C3h, 53h 
 0051  85 C3 08 04 E0 53        		db	 85h,0C3h, 08h, 04h,0E0h, 53h 
 0057  85 C3 C4 E0 86 C3        		db	 85h,0C3h,0C4h,0E0h, 86h,0C3h 
 005D  43 43 DD 08 04 C7        		db	 43h, 43h,0DDh, 08h, 04h,0C7h 
 0063  C9 CB 89 C3 C4 87        		db	0C9h,0CBh, 89h,0C3h,0C4h, 87h 
 0069  C3 0C 04 8E C3 43        		db	0C3h, 0Ch, 04h, 8Eh,0C3h, 43h 
 006F  0B 04 C7 CA CB 89        		db	 0Bh, 04h,0C7h,0CAh,0CBh, 89h 
 0075  C3 C4 87 C3 0C 04        		db	0C3h,0C4h, 87h,0C3h, 0Ch, 04h 
 007B  51 C1 51 60 41 81        		db	 51h,0C1h, 51h, 60h, 41h, 81h 
 0081  C3 43 06 04 DD 53        		db	0C3h, 43h, 06h, 04h,0DDh, 53h 
 0087  C7 48 CA CB 88 C3        		db	0C7h, 48h,0CAh,0CBh, 88h,0C3h 
 008D  C4 87 C3 05 04 E0        		db	0C4h, 87h,0C3h, 05h, 04h,0E0h 
 0093  63 E0 C4 8E C3 43        		db	 63h,0E0h,0C4h, 8Eh,0C3h, 43h 
 0099  73 DD 05 04 C7 C8        		db	 73h,0DDh, 05h, 04h,0C7h,0C8h 
 009F  CA CB 88 C3 C4 87        		db	0CAh,0CBh, 88h,0C3h,0C4h, 87h 
 00A5  C3 63 97 C3 43 C4        		db	0C3h, 63h, 97h,0C3h, 43h,0C4h 
 00AB  01 20 63 01 20 63        		db	 01h, 20h, 63h, 01h, 20h, 63h 
 00B1  C7 CA CB 88 C3 C4        		db	0C7h,0CAh,0CBh, 88h,0C3h,0C4h 
 00B7  85 C3 63 01 1D 97        		db	 85h,0C3h, 63h, 01h, 1Dh, 97h 
 00BD  C3 43 C4 88 C3 43        		db	0C3h, 43h,0C4h, 88h,0C3h, 43h 
 00C3  C7 C9 CA CB 88 C8        		db	0C7h,0C9h,0CAh,0CBh, 88h,0C8h 
 00C9  C4 85 C3 05 04 87        		db	0C4h, 85h,0C3h, 05h, 04h, 87h 
Microsoft (R) Macro Assembler  Version 4.00                 3/29/26 15:17:51

                                                            Page     1-5
                                                            

 00CF  C3 C4 E0 C4 E0 43        		db	0C3h,0C4h,0E0h,0C4h,0E0h, 43h 
 00D5  E0 C4 87 C3 43 DD        		db	0E0h,0C4h, 87h,0C3h, 43h,0DDh 
 00DB  88 C3 53 C9 49 88        		db	 88h,0C3h, 53h,0C9h, 49h, 88h 
 00E1  C9 C4 85 C3 05 04        		db	0C9h,0C4h, 85h,0C3h, 05h, 04h 
 00E7  87 C3 07 04 87 C3        		db	 87h,0C3h, 07h, 04h, 87h,0C3h 
 00ED  43 C4 88 C3 C4 C7        		db	 43h,0C4h, 88h,0C3h,0C4h,0C7h 
 00F3  C8 C7 CA CB 84 C3        		db	0C8h,0C7h,0CAh,0CBh, 84h,0C3h 
 00F9  82 CC C8 C4 85 C3        		db	 82h,0CCh,0C8h,0C4h, 85h,0C3h 
 00FF  05 04 87 C3 07 04        		db	 05h, 04h, 87h,0C3h, 07h, 04h 
 0105  87 C3 43 C4 88 C3        		db	 87h,0C3h, 43h,0C4h, 88h,0C3h 
 010B  63 C8 C9 84 C3 CA        		db	 63h,0C8h,0C9h, 84h,0C3h,0CAh 
 0111  CB C9 C8 C4 85 C3        		db	0CBh,0C9h,0C8h,0C4h, 85h,0C3h 
 0117  63 DD C4 87 C3 07        		db	 63h,0DDh,0C4h, 87h,0C3h, 07h 
 011D  04 87 C3 43 C4 88        		db	 04h, 87h,0C3h, 43h,0C4h, 88h 
 0123  C3 C4 DD C4 C7 C8        		db	0C3h,0C4h,0DDh,0C4h,0C7h,0C8h 
 0129  43 83 C3 C7              		db	 43h, 83h,0C3h,0C7h 
 012D  C848 85C4                data_3		dw	0C848h, 85C4h 
 0131  C3 05 04 87 C3 63        		db	0C3h, 05h, 04h, 87h,0C3h, 63h 
 0137  DD 43 DD 87 C3 43        		db	0DDh, 43h,0DDh, 87h,0C3h, 43h 
 013D  C4 88 C3 73 85 C3        		db	0C4h, 88h,0C3h, 73h, 85h,0C3h 
 0143  C8 CD 48 C4 85 C3        		db	0C8h,0CDh, 48h,0C4h, 85h,0C3h 
 0149  05 04 87 C3 63 DD        		db	 05h, 04h, 87h,0C3h, 63h,0DDh 
 014F  53 87 C3 43 C4 88        		db	 53h, 87h,0C3h, 43h,0C4h, 88h 
 0155  C3 63 89 CD C8 C4        		db	0C3h, 63h, 89h,0CDh,0C8h,0C4h 
 015B  85 C3 05 04 87 C3        		db	 85h,0C3h, 05h, 04h, 87h,0C3h 
 0161  63 DD 53 87 C3 43        		db	 63h,0DDh, 53h, 87h,0C3h, 43h 
 0167  C4 88 C3 43 8C C9        		db	0C4h, 88h,0C3h, 43h, 8Ch,0C9h 
 016D  C4 85 C3 05 04 87        		db	0C4h, 85h,0C3h, 05h, 04h, 87h 
 0173  C3 07 04 87 C3 43        		db	0C3h, 07h, 04h, 87h,0C3h, 43h 
 0179  C4 88 C3 43 8C CD        		db	0C4h, 88h,0C3h, 43h, 8Ch,0CDh 
 017F  C4 85                    		db	0C4h, 85h 
                                 
 0181                           loc_ret_1: 
                                		retn 
 0181  C3                     1                 db     0C3h
                                			                        ;* No entry point to code 
 0182  05 8704                  		add	ax,8704h 
                                		retn 
 0185  C3                     1                 db     0C3h
                                			                        ;* No entry point to code 
 0186  07                       		pop	es 
 0187  04 87                    		add	al,87h 
                                		retn 
 0189  C3                     1                 db     0C3h
                                			                        ;* No entry point to code 
 018A  43                       		inc	bx 
 018B  C4 88 63C3               		les	cx,dword ptr ds:data_12e[bx+si]	; Load seg:offset ptr 
 018F  8B C4                    		mov	ax,sp 
 0191  85 C3                    		test	ax,bx 
 0193  C4 DD 53 DD 87 C3        		db	0C4h,0DDh, 53h,0DDh, 87h,0C3h 
 0199  05 04 89 C3 43 C4        		db	 05h, 04h, 89h,0C3h, 43h,0C4h 
 019F  88 C3 63 8A CC C4        		db	 88h,0C3h, 63h, 8Ah,0CCh,0C4h 
 01A5  85 C3 05 04 87 C3        		db	 85h,0C3h, 05h, 04h, 87h,0C3h 
 01AB  43 DD 53 89 C3 43        		db	 43h,0DDh, 53h, 89h,0C3h, 43h 
 01B1  DD 88 C3 43 DD C4        		db	0DDh, 88h,0C3h, 43h,0DDh,0C4h 
Microsoft (R) Macro Assembler  Version 4.00                 3/29/26 15:17:51

                                                            Page     1-6
                                                            

 01B7  8A C3 C4 85              		db	 8Ah,0C3h,0C4h, 85h 
 01BB  05C3 8704 07D8           data_4		dw	5C3h, 8704h, 7D8h	; Data table (indexed access) 
 01C1  8704                     		dw	8704h 
 01C3  C3 43 C4 88 C3 43        		db	0C3h, 43h,0C4h, 88h,0C3h, 43h 
 01C9  8C C3 C4 85 C3 05        		db	 8Ch,0C3h,0C4h, 85h,0C3h, 05h 
 01CF  04 88 D8 63 DD 43        		db	 04h, 88h,0D8h, 63h,0DDh, 43h 
 01D5  87 C3 43 C4 88 C3        		db	 87h,0C3h, 43h,0C4h, 88h,0C3h 
 01DB  DD C4 8C C3 DD 85        		db	0DDh,0C4h, 8Ch,0C3h,0DDh, 85h 
 01E1  C3 05 04 89 D8 05        		db	0C3h, 05h, 04h, 89h,0D8h, 05h 
 01E7  04 87 C3 43 C4 88        		db	 04h, 87h,0C3h, 43h,0C4h, 88h 
 01ED  C3 DD C4 8B C3 0D        		db	0C3h,0DDh,0C4h, 8Bh,0C3h, 0Dh 
 01F3  04 E0 53 86 D8 73        		db	 04h,0E0h, 53h, 86h,0D8h, 73h 
 01F9  87 C3 43 C4 88 C3        		db	 87h,0C3h, 43h,0C4h, 88h,0C3h 
 01FF  43 85 C3 85 C3 0A        		db	 43h, 85h,0C3h, 85h,0C3h, 0Ah 
 0205  04 DD 05 04 87 D8        		db	 04h,0DDh, 05h, 04h, 87h,0D8h 
 020B  63 87 C3 01 1D 89        		db	 63h, 87h,0C3h, 01h, 1Dh, 89h 
 0211  C3 43 85 C3 C4 84        		db	0C3h, 43h, 85h,0C3h,0C4h, 84h 
 0217  C3 73 E0 73 DD 05        		db	0C3h, 73h,0E0h, 73h,0DDh, 05h 
 021D  04 88 C3 53 8A C2        		db	 04h, 88h,0C3h, 53h, 8Ah,0C2h 
 0223  40 51 40 81 C3 43        		db	 40h, 51h, 40h, 81h,0C3h, 43h 
 0229  85 C3 C4 84 C3 53        		db	 85h,0C3h,0C4h, 84h,0C3h, 53h 
 022F  85 C3 08 04 88 C3        		db	 85h,0C3h, 08h, 04h, 88h,0C3h 
 0235  DD 43 50 51 60 89        		db	0DDh, 43h, 50h, 51h, 60h, 89h 
 023B  C3 43 85 C3 C4 84        		db	0C3h, 43h, 85h,0C3h,0C4h, 84h 
 0241  C3 53 85 C3 05 04        		db	0C3h, 53h, 85h,0C3h, 05h, 04h 
 0247  E0 43 88 C3 53 8A        		db	0E0h, 43h, 88h,0C3h, 53h, 8Ah 
 024D  89 C3 43 8B C3 53        		db	 89h,0C3h, 43h, 8Bh,0C3h, 53h 
 0253  85 C3 53 85 C3 88        		db	 85h,0C3h, 53h, 85h,0C3h, 88h 
 0259  C3 43 E0 8A 89 C3        		db	0C3h, 43h,0E0h, 8Ah, 89h,0C3h 
 025F  43 C1 C2 50 C2 60        		db	 43h,0C1h,0C2h, 50h,0C2h, 60h 
 0265  81 C3 53 85 C3 53        		db	 81h,0C3h, 53h, 85h,0C3h, 53h 
 026B  85 C3 88 C3 43 E0        		db	 85h,0C3h, 88h,0C3h, 43h,0E0h 
 0271  8A 89 C3 43 8B C3        		db	 8Ah, 89h,0C3h, 43h, 8Bh,0C3h 
 0277  53 85 C3 43 DD 85        		db	 53h, 85h,0C3h, 43h,0DDh, 85h 
 027D  C3 53 85 C3 43 E0        		db	0C3h, 53h, 85h,0C3h, 43h,0E0h 
 0283  8A 89 C3 43 8B C3        		db	 8Ah, 89h,0C3h, 43h, 8Bh,0C3h 
 0289  53 85 C3 53 85           		db	 53h, 85h,0C3h, 53h, 85h 
                                 
 028E                           locloop_2: 
                                		retn 
 028E  C3                     1                 db     0C3h
 028F  53 85 C3 53 8A 89        		db	 53h, 85h,0C3h, 53h, 8Ah, 89h 
 0295  C3 43 8B C3 53 85        		db	0C3h, 43h, 8Bh,0C3h, 53h, 85h 
 029B  C3 DD 87 C3 53 85        		db	0C3h,0DDh, 87h,0C3h, 53h, 85h 
 02A1  C3 53 8A 89 C3 43        		db	0C3h, 53h, 8Ah, 89h,0C3h, 43h 
 02A7  8B C3 53 85 C3 C4        		db	 8Bh,0C3h, 53h, 85h,0C3h,0C4h 
 02AD  87 C3 C4 DD C4 85        		db	 87h,0C3h,0C4h,0DDh,0C4h, 85h 
 02B3  C3 43 E0 8A 89 C3        		db	0C3h, 43h,0E0h, 8Ah, 89h,0C3h 
 02B9  43 8B C3 C4 DD C4        		db	 43h, 8Bh,0C3h,0C4h,0DDh,0C4h 
 02BF  85 C3 C4 87 C3 43        		db	 85h,0C3h,0C4h, 87h,0C3h, 43h 
 02C5  E0 85 C3 53 8A 89        		db	0E0h, 85h,0C3h, 53h, 8Ah, 89h 
 02CB  C3 C4 DD 8B C3 53        		db	0C3h,0C4h,0DDh, 8Bh,0C3h, 53h 
 02D1  85 C3 C4 87 C3 53        		db	 85h,0C3h,0C4h, 87h,0C3h, 53h 
 02D7  85 C3 53 8A 89 C3        		db	 85h,0C3h, 53h, 8Ah, 89h,0C3h 
 02DD  43 8B C3 53 85 C3        		db	 43h, 8Bh,0C3h, 53h, 85h,0C3h 
Microsoft (R) Macro Assembler  Version 4.00                 3/29/26 15:17:51

                                                            Page     1-7
                                                            

 02E3  C4 87 C3 53 85 C3        		db	0C4h, 87h,0C3h, 53h, 85h,0C3h 
 02E9  53 8A 43 87 C3 8D        		db	 53h, 8Ah, 43h, 87h,0C3h, 8Dh 
 02EF  C3 53 85 E0 C4 87        		db	0C3h, 53h, 85h,0E0h,0C4h, 87h 
 02F5  C3 73 E0 05 04 E0        		db	0C3h, 73h,0E0h, 05h, 04h,0E0h 
 02FB  53 84 C3                 		db	 53h, 84h,0C3h 
                                 
 02FE                           locloop_3: 
 02FE  C4 43 87                 		les	ax,dword ptr [bp+di-79h]	; Load seg:offset ptr 
                                		retn 
 0301  C3                     1                 db     0C3h
 0302  8D C3 53 8E C3 0F        		db	 8Dh,0C3h, 53h, 8Eh,0C3h, 0Fh 
 0308  04 84 C3 C4 43 87        		db	 04h, 84h,0C3h,0C4h, 43h, 87h 
 030E  C3 43 8B C3 53 8E        		db	0C3h, 43h, 8Bh,0C3h, 53h, 8Eh 
 0314  C3 0F 04 84 C3 C4        		db	0C3h, 0Fh, 04h, 84h,0C3h,0C4h 
 031A  43 87 C3 43 8B C3        		db	 43h, 87h,0C3h, 43h, 8Bh,0C3h 
 0320  53 8E C3 0E 04 DD        		db	 53h, 8Eh,0C3h, 0Eh, 04h,0DDh 
 0326  84 C3 C4 43 87 C3        		db	 84h,0C3h,0C4h, 43h, 87h,0C3h 
 032C  43 8B C3 53 8E C3        		db	 43h, 8Bh,0C3h, 53h, 8Eh,0C3h 
 0332  05 04 E0 08 04 84        		db	 05h, 04h,0E0h, 08h, 04h, 84h 
 0338  C3 C4 43 87 C3 C4        		db	0C3h,0C4h, 43h, 87h,0C3h,0C4h 
 033E  DD 8B C3 53 8E C3        		db	0DDh, 8Bh,0C3h, 53h, 8Eh,0C3h 
 0344  53 89 C3 53 84 C3        		db	 53h, 89h,0C3h, 53h, 84h,0C3h 
 034A  DD 43 87 C3 43 84        		db	0DDh, 43h, 87h,0C3h, 43h, 84h 
 0350  C3 43 84 C3 53 8E        		db	0C3h, 43h, 84h,0C3h, 53h, 8Eh 
 0356  C3 53 89 C3 53 84        		db	0C3h, 53h, 89h,0C3h, 53h, 84h 
 035C  C3 C4 43 8E C3 C4        		db	0C3h,0C4h, 43h, 8Eh,0C3h,0C4h 
 0362  DD 84 C3 53 85 C3        		db	0DDh, 84h,0C3h, 53h, 85h,0C3h 
 0368  E0 87 C3 53 89 C3        		db	0E0h, 87h,0C3h, 53h, 89h,0C3h 
 036E  43 DD 84 C3 C4 43        		db	 43h,0DDh, 84h,0C3h,0C4h, 43h 
 0374  C2 40 51 40 41 50        		db	0C2h, 40h, 51h, 40h, 41h, 50h 
 037A  81 C3 C4 DD 84 C3        		db	 81h,0C3h,0C4h,0DDh, 84h,0C3h 
 0380  53 85 C3 C4 87 C3        		db	 53h, 85h,0C3h,0C4h, 87h,0C3h 
 0386  C4 01 1D 89 C3 DD        		db	0C4h, 01h, 1Dh, 89h,0C3h,0DDh 
 038C  43 84 C3 C4 43 8E        		db	 43h, 84h,0C3h,0C4h, 43h, 8Eh 
 0392  C3 43 84 C3 53 85        		db	0C3h, 43h, 84h,0C3h, 53h, 85h 
 0398  C3 C4 87 C3 C4 DD        		db	0C3h,0C4h, 87h,0C3h,0C4h,0DDh 
 039E  C4 89 C3 53 84 C3        		db	0C4h, 89h,0C3h, 53h, 84h,0C3h 
 03A4  C4 43 87 C3 43 84        		db	0C4h, 43h, 87h,0C3h, 43h, 84h 
 03AA  C3 43 84 C3 53 85        		db	0C3h, 43h, 84h,0C3h, 53h, 85h 
 03B0  C3 43 E0 85 C3 53        		db	0C3h, 43h,0E0h, 85h,0C3h, 53h 
 03B6  89 C3 53 84 C3 C4        		db	 89h,0C3h, 53h, 84h,0C3h,0C4h 
 03BC  C4 DD 87 C3 43 84        		db	0C4h,0DDh, 87h,0C3h, 43h, 84h 
 03C2  C3 43 84 C3 43 DD        		db	0C3h, 43h, 84h,0C3h, 43h,0DDh 
 03C8  85 C3 53 85 C3 C4        		db	 85h,0C3h, 53h, 85h,0C3h,0C4h 
 03CE  8B C3 C4 DD C4 84        		db	 8Bh,0C3h,0C4h,0DDh,0C4h, 84h 
 03D4  C3 C4 43 87 C3 E0        		db	0C3h,0C4h, 43h, 87h,0C3h,0E0h 
 03DA  C4 84 C3 C4 DD 84        		db	0C4h, 84h,0C3h,0C4h,0DDh, 84h 
 03E0  C3 53 85 C3 53 85        		db	0C3h, 53h, 85h,0C3h, 53h, 85h 
 03E6  C3 C4 8B C3 C4 86        		db	0C3h,0C4h, 8Bh,0C3h,0C4h, 86h 
 03EC  C3 C4 43 8E C3 43        		db	0C3h,0C4h, 43h, 8Eh,0C3h, 43h 
 03F2  84 C3 53 85 C3 53        		db	 84h,0C3h, 53h, 85h,0C3h, 53h 
 03F8  85 C3 C4 40 71 40        		db	 85h,0C3h,0C4h, 40h, 71h, 40h 
 03FE  C2 81 C3 C4 86 C3        		db	0C2h, 81h,0C3h,0C4h, 86h,0C3h 
 0404  C4 43 8E C3 43 84        		db	0C4h, 43h, 8Eh,0C3h, 43h, 84h 
 040A  C3 53 85 C3 C4 DD        		db	0C3h, 53h, 85h,0C3h,0C4h,0DDh 
Microsoft (R) Macro Assembler  Version 4.00                 3/29/26 15:17:51

                                                            Page     1-8
                                                            

 0410  C4 85 C3 8C C3 C4        		db	0C4h, 85h,0C3h, 8Ch,0C3h,0C4h 
 0416  86 C3 C4 43 8E C3        		db	 86h,0C3h,0C4h, 43h, 8Eh,0C3h 
 041C  43 84 C3 C4 87 C3        		db	 43h, 84h,0C3h,0C4h, 87h,0C3h 
 0422  53 85 C3 85 C3 C5        		db	 53h, 85h,0C3h, 85h,0C3h,0C5h 
 0428  C4 8C C3 C4 43 8E        		db	0C4h, 8Ch,0C3h,0C4h, 43h, 8Eh 
 042E  C3 43 84 C3 C4 87        		db	0C3h, 43h, 84h,0C3h,0C4h, 87h 
 0434  C3 53 85 C5 85 C3        		db	0C3h, 53h, 85h,0C5h, 85h,0C3h 
 043A  43 8C C3 C4 43 8E        		db	 43h, 8Ch,0C3h,0C4h, 43h, 8Eh 
 0440  C3 43 84 C3 53 85        		db	0C3h, 43h, 84h,0C3h, 53h, 85h 
 0446  C3 53 8B C3 43 8C        		db	0C3h, 53h, 8Bh,0C3h, 43h, 8Ch 
 044C  C3 C4 43 8E C3 43        		db	0C3h,0C4h, 43h, 8Eh,0C3h, 43h 
 0452  84 C3 53 85 C3 53        		db	 84h,0C3h, 53h, 85h,0C3h, 53h 
 0458  8B C3 43 8C C3 C4        		db	 8Bh,0C3h, 43h, 8Ch,0C3h,0C4h 
 045E  43 8E C3 43 84 C3        		db	 43h, 8Eh,0C3h, 43h, 84h,0C3h 
 0464  53 85 C3 DD 43 8B        		db	 53h, 85h,0C3h,0DDh, 43h, 8Bh 
 046A  C3 43 8C C3 C4 43        		db	0C3h, 43h, 8Ch,0C3h,0C4h, 43h 
 0470  8E C3 DD C4 84 C3        		db	 8Eh,0C3h,0DDh,0C4h, 84h,0C3h 
 0476  53 85 C3 53 8B C3        		db	 53h, 85h,0C3h, 53h, 8Bh,0C3h 
 047C  43 8C C3 C4 43 8E        		db	 43h, 8Ch,0C3h,0C4h, 43h, 8Eh 
 0482  C3 43 84 C3 E0 43        		db	0C3h, 43h, 84h,0C3h,0E0h, 43h 
 0488  85 C3 53 8B C3 43        		db	 85h,0C3h, 53h, 8Bh,0C3h, 43h 
 048E  8C C3 C4 43 87 C3        		db	 8Ch,0C3h,0C4h, 43h, 87h,0C3h 
 0494  96 C3 53 8B C3 43        		db	 96h,0C3h, 53h, 8Bh,0C3h, 43h 
 049A  8C C3 DD 43 87 C3        		db	 8Ch,0C3h,0DDh, 43h, 87h,0C3h 
 04A0  40 41 50 C2 60 51        		db	 40h, 41h, 50h,0C2h, 60h, 51h 
 04A6  60 41 81 C3 53 8B        		db	 60h, 41h, 81h,0C3h, 53h, 8Bh 
 04AC  C3 C4 DD 8C C3 C4        		db	0C3h,0C4h,0DDh, 8Ch,0C3h,0C4h 
 04B2  43 87 C3 96 C3 53        		db	 43h, 87h,0C3h, 96h,0C3h, 53h 
 04B8  8B C3 43 8C C3 C4        		db	 8Bh,0C3h, 43h, 8Ch,0C3h,0C4h 
 04BE  DD C4 87 C3 53 8A        		db	0DDh,0C4h, 87h,0C3h, 53h, 8Ah 
 04C4  C3 53 85 C3 53 8B        		db	0C3h, 53h, 85h,0C3h, 53h, 8Bh 
 04CA  C3 43 8C C3 C4 43        		db	0C3h, 43h, 8Ch,0C3h,0C4h, 43h 
 04D0  87 C3 53 8A C3 53        		db	 87h,0C3h, 53h, 8Ah,0C3h, 53h 
 04D6  85 C3 53 8B C3 43        		db	 85h,0C3h, 53h, 8Bh,0C3h, 43h 
 04DC  8C C3 C4 89 C3 53        		db	 8Ch,0C3h,0C4h, 89h,0C3h, 53h 
 04E2  8A C3 53 85 C3 53        		db	 8Ah,0C3h, 53h, 85h,0C3h, 53h 
 04E8  8B C3 43 8C C3 C4        		db	 8Bh,0C3h, 43h, 8Ch,0C3h,0C4h 
 04EE  89 C3 53 8A C3 53        		db	 89h,0C3h, 53h, 8Ah,0C3h, 53h 
 04F4  85 C3 53 8B C3 43        		db	 85h,0C3h, 53h, 8Bh,0C3h, 43h 
 04FA  8C C3 C4 43 87 C3        		db	 8Ch,0C3h,0C4h, 43h, 87h,0C3h 
 0500  C4 DD C4 8A C3 53        		db	0C4h,0DDh,0C4h, 8Ah,0C3h, 53h 
 0506  85 C3 43 DD 8B C3        		db	 85h,0C3h, 43h,0DDh, 8Bh,0C3h 
 050C  43 8C C3 C4 43 87        		db	 43h, 8Ch,0C3h,0C4h, 43h, 87h 
 0512  C3 53 8A C3 53 85        		db	0C3h, 53h, 8Ah,0C3h, 53h, 85h 
 0518  C3 53 8B C3 43 8C        		db	0C3h, 53h, 8Bh,0C3h, 43h, 8Ch 
 051E  C3 C4 43 87 C3 C4        		db	0C3h,0C4h, 43h, 87h,0C3h,0C4h 
 0524  8C C3 01 20 C4 85        		db	 8Ch,0C3h, 01h, 20h,0C4h, 85h 
 052A  C3 53 8B C3 43 8C        		db	0C3h, 53h, 8Bh,0C3h, 43h, 8Ch 
 0530  C3 C4 43 87 C3 C4        		db	0C3h,0C4h, 43h, 87h,0C3h,0C4h 
 0536  95 C3 53 8B C3 43        		db	 95h,0C3h, 53h, 8Bh,0C3h, 43h 
 053C  8C C3 C4 43 87 C3        		db	 8Ch,0C3h,0C4h, 43h, 87h,0C3h 
 0542  C4 95 C3 53 85 C3        		db	0C4h, 95h,0C3h, 53h, 85h,0C3h 
 0548  85 C3 43 8C C3 C4        		db	 85h,0C3h, 43h, 8Ch,0C3h,0C4h 
 054E  43 87 C3 C4 95 C3        		db	 43h, 87h,0C3h,0C4h, 95h,0C3h 
 0554  53 85 C3 85 C5 43        		db	 53h, 85h,0C3h, 85h,0C5h, 43h 
Microsoft (R) Macro Assembler  Version 4.00                 3/29/26 15:17:51

                                                            Page     1-9
                                                            

 055A  8C C3 DD 43 9E C3        		db	 8Ch,0C3h,0DDh, 43h, 9Eh,0C3h 
 0560  53 85 C3 C4 8B C5        		db	 53h, 85h,0C3h,0C4h, 8Bh,0C5h 
 0566  C4 86 C3 C4 DD C4        		db	0C4h, 86h,0C3h,0C4h,0DDh,0C4h 
 056C  9E C3 53 85 C3 C4        		db	 9Eh,0C3h, 53h, 85h,0C3h,0C4h 
 0572  8B C3 C4 86 C3 C4        		db	 8Bh,0C3h,0C4h, 86h,0C3h,0C4h 
 0578  43 9E C3 53 85 C3        		db	 43h, 9Eh,0C3h, 53h, 85h,0C3h 
 057E  C4 8B C3 43 85 C3        		db	0C4h, 8Bh,0C3h, 43h, 85h,0C3h 
 0584  C4 C5 C4 92 D9 C4        		db	0C4h,0C5h,0C4h, 92h,0D9h,0C4h 
 058A  8A C3 C4 E0 C4 85        		db	 8Ah,0C3h,0C4h,0E0h,0C4h, 85h 
 0590  C3 C4 8B C3 43 85        		db	0C3h,0C4h, 8Bh,0C3h, 43h, 85h 
 0596  C3 C4 93 D9 C8 C4        		db	0C3h,0C4h, 93h,0D9h,0C8h,0C4h 
 059C  C7 92 C3 73 87 C3        		db	0C7h, 92h,0C3h, 73h, 87h,0C3h 
 05A2  43 87 70 51 C1 C2        		db	 43h, 87h, 70h, 51h,0C1h,0C2h 
 05A8  88 D9 48 43 C7 CA        		db	 88h,0D9h, 48h, 43h,0C7h,0CAh 
 05AE  40 C2 50 41 50 C2        		db	 40h,0C2h, 50h, 41h, 50h,0C2h 
 05B4  50 81 C3 63 DD 87        		db	 50h, 81h,0C3h, 63h,0DDh, 87h 
 05BA  C3 43 C2 40 61 91        		db	0C3h, 43h,0C2h, 40h, 61h, 91h 
 05C0  D9 C9 47 C4 49 4A        		db	0D9h,0C9h, 47h,0C4h, 49h, 4Ah 
 05C6  8F C3 73 87 C3 43        		db	 8Fh,0C3h, 73h, 87h,0C3h, 43h 
 05CC  87 C5 C4 8E D9 58        		db	 87h,0C5h,0C4h, 8Eh,0D9h, 58h 
 05D2  C8 C4 C7 C9 49 86        		db	0C8h,0C4h,0C7h,0C9h, 49h, 86h 
 05D8  C3 C4 E0 C4 85 C3        		db	0C3h,0C4h,0E0h,0C4h, 85h,0C3h 
 05DE  73 87 C3 C4 DD 85        		db	 73h, 87h,0C3h,0C4h,0DDh, 85h 
 05E4  C3 C4 43 8D D9 CC        		db	0C3h,0C4h, 43h, 8Dh,0D9h,0CCh 
 05EA  C9 C8 C7 C8 C4 46        		db	0C9h,0C8h,0C7h,0C8h,0C4h, 46h 
 05F0  C9 CA CB 85 C3 53        		db	0C9h,0CAh,0CBh, 85h,0C3h, 53h 
 05F6  85 C3 73 87 C3 43        		db	 85h,0C3h, 73h, 87h,0C3h, 43h 
 05FC  85 C3 C4 43 8C D9        		db	 85h,0C3h,0C4h, 43h, 8Ch,0D9h 
 0602  CC 48 57 C4 DD C7        		db	0CCh, 48h, 57h,0C4h,0DDh,0C7h 
 0608  48 CA CB 84 C3 63        		db	 48h,0CAh,0CBh, 84h,0C3h, 63h 
 060E  E0 63 DD 63 87 C3        		db	0E0h, 63h,0DDh, 63h, 87h,0C3h 
 0614  43 85 C3 C4 43 CB        		db	 43h, 85h,0C3h,0C4h, 43h,0CBh 
 061A  8A D9 CC 68 C8 C7        		db	 8Ah,0D9h,0CCh, 68h,0C8h,0C7h 
 0620  C4 C7 48 CA 81 CB        		db	0C4h,0C7h, 48h,0CAh, 81h,0CBh 
 0626  84 C3 0D 04 87 C3        		db	 84h,0C3h, 0Dh, 04h, 87h,0C3h 
 062C  C4 DD 85 C3 C4 C4        		db	0C4h,0DDh, 85h,0C3h,0C4h,0C4h 
 0632  C7 CA 8D C8 C4 C8        		db	0C7h,0CAh, 8Dh,0C8h,0C4h,0C8h 
 0638  43 C7 48 49 86 C3        		db	 43h,0C7h, 48h, 49h, 86h,0C3h 
 063E  0D 04 87 C3 43 85        		db	 0Dh, 04h, 87h,0C3h, 43h, 85h 
 0644  C3 C4 CA C9 CA CB        		db	0C3h,0C4h,0CAh,0C9h,0CAh,0CBh 
 064A  8C C3 63 46 48 CA        		db	 8Ch,0C3h, 63h, 46h, 48h,0CAh 
 0650  81 CB 84 C3 05 04        		db	 81h,0CBh, 84h,0C3h, 05h, 04h 
 0656  E0 06 04 87 C3 43        		db	0E0h, 06h, 04h, 87h,0C3h, 43h 
 065C  85 C3 C4 C7 C9 CB        		db	 85h,0C3h,0C4h,0C7h,0C9h,0CBh 
 0662  CA CB 8E C3 43 46        		db	0CAh,0CBh, 8Eh,0C3h, 43h, 46h 
 0668  49 86 C3 43 DD 85        		db	 49h, 86h,0C3h, 43h,0DDh, 85h 
 066E  C3 73 87 C3 07 04        		db	0C3h, 73h, 87h,0C3h, 07h, 04h 
 0674  CA 68 CA CB 8D C3        		db	0CAh, 68h,0CAh,0CBh, 8Dh,0C3h 
 067A  63 88 C3 43 DD 85        		db	 63h, 88h,0C3h, 43h,0DDh, 85h 
 0680  C3 53 89 C3 07 04        		db	0C3h, 53h, 89h,0C3h, 07h, 04h 
 0686  C7 C8 C7 C9 CA 8F        		db	0C7h,0C8h,0C7h,0C9h,0CAh, 8Fh 
 068C  C3 C4 DD 43 88 C3        		db	0C3h,0C4h,0DDh, 43h, 88h,0C3h 
 0692  53 85 C3 53 89 C3        		db	 53h, 85h,0C3h, 53h, 89h,0C3h 
 0698  06 04 81 C9 C9 49        		db	 06h, 04h, 81h,0C9h,0C9h, 49h 
 069E  CB 8F C3 63 88 C3        		db	0CBh, 8Fh,0C3h, 63h, 88h,0C3h 
Microsoft (R) Macro Assembler  Version 4.00                 3/29/26 15:17:51

                                                            Page     1-10
                                                            

 06A4  53 85 C3 C4 DD 53        		db	 53h, 85h,0C3h,0C4h,0DDh, 53h 
 06AA  87 C3 06 04 81 C9        		db	 87h,0C3h, 06h, 04h, 81h,0C9h 
 06B0  CA 4A 90 C3 63 88        		db	0CAh, 4Ah, 90h,0C3h, 63h, 88h 
 06B6  C3 DD 43 85 C3 73        		db	0C3h,0DDh, 43h, 85h,0C3h, 73h 
 06BC  87 C3 43 DD 43 C5        		db	 87h,0C3h, 43h,0DDh, 43h,0C5h 
 06C2  CA C8 C7 48 CA 90        		db	0CAh,0C8h,0C7h, 48h,0CAh, 90h 
 06C8  C3 63 88 C3 53 85        		db	0C3h, 63h, 88h,0C3h, 53h, 85h 
 06CE  C3 63 DD 87 C3 43        		db	0C3h, 63h,0DDh, 87h,0C3h, 43h 
 06D4  E0 C4 44 C7 C8 C9        		db	0E0h,0C4h, 44h,0C7h,0C8h,0C9h 
 06DA  C9 47 C7 40 C2 C1        		db	0C9h, 47h,0C7h, 40h,0C2h,0C1h 
 06E0  C2 C1 89 C3 63 88        		db	0C2h,0C1h, 89h,0C3h, 63h, 88h 
 06E6  C3 53 85 C3 73 87        		db	0C3h, 53h, 85h,0C3h, 73h, 87h 
 06EC  C3 53 44 C4 CA 48        		db	0C3h, 53h, 44h,0C4h,0CAh, 48h 
 06F2  68 CA CB 8D C3 53        		db	 68h,0CAh,0CBh, 8Dh,0C3h, 53h 
 06F8  DD 88 C3 53 85 C3        		db	0DDh, 88h,0C3h, 53h, 85h,0C3h 
 06FE  73 87 C3 43 44 C4        		db	 73h, 87h,0C3h, 43h, 44h,0C4h 
 0704  C5 C7 48 05 09 CA        		db	0C5h,0C7h, 48h, 05h, 09h,0CAh 
 070A  8C C3 43 8A C3 DD        		db	 8Ch,0C3h, 43h, 8Ah,0C3h,0DDh 
 0710  43 85 C3 73 87 C3        		db	 43h, 85h,0C3h, 73h, 87h,0C3h 
 0716  C4 44 C4 C5 C4 C7        		db	0C4h, 44h,0C4h,0C5h,0C4h,0C7h 
 071C  C8 C9 58 C8 C7 48        		db	0C8h,0C9h, 58h,0C8h,0C7h, 48h 
 0722  C8 C4 8A C3 43 8A        		db	0C8h,0C4h, 8Ah,0C3h, 43h, 8Ah 
 0728  C3 53 85 C3 73 87        		db	0C3h, 53h, 85h,0C3h, 73h, 87h 
 072E  C3 C5 73 C7 47 68        		db	0C3h,0C5h, 73h,0C7h, 47h, 68h 
 0734  CA CB CD C8 43 89        		db	0CAh,0CBh,0CDh,0C8h, 43h, 89h 
 073A  C3 63 88 C3 53 85        		db	0C3h, 63h, 88h,0C3h, 53h, 85h 
 0740  C3 73 87 C3 53 DD        		db	0C3h, 73h, 87h,0C3h, 53h,0DDh 
 0746  43 46 C8 48 CA CB        		db	 43h, 46h,0C8h, 48h,0CAh,0CBh 
 074C  8F C3 63 88 C3 53        		db	 8Fh,0C3h, 63h, 88h,0C3h, 53h 
 0752  85 C3 73 87 C3 05        		db	 85h,0C3h, 73h, 87h,0C3h, 05h 
 0758  04 46 C9 93 C3 63        		db	 04h, 46h,0C9h, 93h,0C3h, 63h 
 075E  88 C3 53 85 C3 73        		db	 88h,0C3h, 53h, 85h,0C3h, 73h 
 0764  87 C3 05 04 C7 82        		db	 87h,0C3h, 05h, 04h,0C7h, 82h 
 076A  C1 41 40 C2 40 8B        		db	0C1h, 41h, 40h,0C2h, 40h, 8Bh 
 0770  C3 C4 DD 43 88 C3        		db	0C3h,0C4h,0DDh, 43h, 88h,0C3h 
 0776  53 87 C3 53 87 C3        		db	 53h, 87h,0C3h, 53h, 87h,0C3h 
 077C  05 04 40 C2 93 C3        		db	 05h, 04h, 40h,0C2h, 93h,0C3h 
 0782  63 88 C3 53 87 C3        		db	 63h, 88h,0C3h, 53h, 87h,0C3h 
 0788  53 87 C3 05 04 83        		db	 53h, 87h,0C3h, 05h, 04h, 83h 
 078E  84 C3 C4 8D C3 63        		db	 84h,0C3h,0C4h, 8Dh,0C3h, 63h 
 0794  88 C3 53 87 C3 C4        		db	 88h,0C3h, 53h, 87h,0C3h,0C4h 
 079A  DD C4 87 C3 C4 E0        		db	0DDh,0C4h, 87h,0C3h,0C4h,0E0h 
 07A0  63 83 84 C3 C4 8D        		db	 63h, 83h, 84h,0C3h,0C4h, 8Dh 
 07A6  C3 43 DD C4 88 C3        		db	0C3h, 43h,0DDh,0C4h, 88h,0C3h 
 07AC  43 DD 87 C3 53 8B        		db	 43h,0DDh, 87h,0C3h, 53h, 8Bh 
 07B2  C3 43 83 84 C3 C4        		db	0C3h, 43h, 83h, 84h,0C3h,0C4h 
 07B8  8D C3                    		db	 8Dh,0C3h 
 07BA  63                       		db	63h 
 07BB  C388 8753 53C3           data_5		dw	0C388h, 8753h, 53C3h	; Data table (indexed access) 
 07C1  4160                     		dw	4160h 
 07C3  40 C2 C1 81 C3 43        		db	 40h,0C2h,0C1h, 81h,0C3h, 43h 
 07C9  83 84 C3 C4 8D C3        		db	 83h, 84h,0C3h,0C4h, 8Dh,0C3h 
 07CF  63 88 C3 53 87 C3        		db	 63h, 88h,0C3h, 53h, 87h,0C3h 
 07D5  53 8B C3 43 83 84        		db	 53h, 8Bh,0C3h, 43h, 83h, 84h 
 07DB  C3 C4 8D C3 63 88        		db	0C3h,0C4h, 8Dh,0C3h, 63h, 88h 
Microsoft (R) Macro Assembler  Version 4.00                 3/29/26 15:17:51

                                                            Page     1-11
                                                            

 07E1  C3 53 87 C3 53 8B        		db	0C3h, 53h, 87h,0C3h, 53h, 8Bh 
 07E7  C3 43 83 84 C3 DD        		db	0C3h, 43h, 83h, 84h,0C3h,0DDh 
 07ED  85 C3 43 85 C3 E0        		db	 85h,0C3h, 43h, 85h,0C3h,0E0h 
 07F3  43 E0 88 C3 53 87        		db	 43h,0E0h, 88h,0C3h, 53h, 87h 
 07F9  C3 53 8B C3 C4 DD        		db	0C3h, 53h, 8Bh,0C3h,0C4h,0DDh 
 07FF  83 84 C3 DD 85 C3        		db	 83h, 84h,0C3h,0DDh, 85h,0C3h 
 0805  43 92 C3 53 87 C3        		db	 43h, 92h,0C3h, 53h, 87h,0C3h 
 080B  53 8B C3 43 83 84        		db	 53h, 8Bh,0C3h, 43h, 83h, 84h 
 0811  C3 43 84 C3 43 40        		db	0C3h, 43h, 84h,0C3h, 43h, 40h 
 0817  C2 C1 07 02 40 51        		db	0C2h,0C1h, 07h, 02h, 40h, 51h 
 081D  81 C3 DD 43 87 C3        		db	 81h,0C3h,0DDh, 43h, 87h,0C3h 
 0823  53 8B C3 43 83 84        		db	 53h, 8Bh,0C3h, 43h, 83h, 84h 
 0829  C3 43 84 C3 43 92        		db	0C3h, 43h, 84h,0C3h, 43h, 92h 
 082F  C3 53 87 C3 53 8B        		db	0C3h, 53h, 87h,0C3h, 53h, 8Bh 
 0835  C3 43 83 85 C3 53        		db	0C3h, 43h, 83h, 85h,0C3h, 53h 
 083B  82 C3 43 85 C3 E0        		db	 82h,0C3h, 43h, 85h,0C3h,0E0h 
 0841  43 E0 88 C3 C4 DD        		db	 43h,0E0h, 88h,0C3h,0C4h,0DDh 
 0847  C4 87 C3 53 8B C3        		db	0C4h, 87h,0C3h, 53h, 8Bh,0C3h 
 084D  43 83 85 C3 53 8A        		db	 43h, 83h, 85h,0C3h, 53h, 8Ah 
 0853  C3 63 88 C3 53 87        		db	0C3h, 63h, 88h,0C3h, 53h, 87h 
 0859  C3 53 8B C3 43 83        		db	0C3h, 53h, 8Bh,0C3h, 43h, 83h 
 085F  85 C3 53 8A C3 63        		db	 85h,0C3h, 53h, 8Ah,0C3h, 63h 
 0865  88 C3 53 87 C3 53        		db	 88h,0C3h, 53h, 87h,0C3h, 53h 
 086B  8B C3 43 83 85 C3        		db	 8Bh,0C3h, 43h, 83h, 85h,0C3h 
 0871  53 8A C3 43 DD C4        		db	 53h, 8Ah,0C3h, 43h,0DDh,0C4h 
 0877  88 C3 C4 89 C3 DD        		db	 88h,0C3h,0C4h, 89h,0C3h,0DDh 
 087D  43 8B C3 01 1D 83        		db	 43h, 8Bh,0C3h, 01h, 1Dh, 83h 
 0883  85 C3 43 DD 8A C3        		db	 85h,0C3h, 43h,0DDh, 8Ah,0C3h 
 0889  63 88 C3 C4 89 C3        		db	 63h, 88h,0C3h,0C4h, 89h,0C3h 
 088F  DD 43 8B C3 43 83        		db	0DDh, 43h, 8Bh,0C3h, 43h, 83h 
 0895  85 C3 53 8A C3 63        		db	 85h,0C3h, 53h, 8Ah,0C3h, 63h 
 089B  88 C3 53 87 C3 DD        		db	 88h,0C3h, 53h, 87h,0C3h,0DDh 
 08A1  43 87 C3 E0 73 83        		db	 43h, 87h,0C3h,0E0h, 73h, 83h 
 08A7  85 C3 53 8A C3 63        		db	 85h,0C3h, 53h, 8Ah,0C3h, 63h 
 08AD  88 C3 DD 43 87 C3        		db	 88h,0C3h,0DDh, 43h, 87h,0C3h 
 08B3  53 87 C3 05 04 83        		db	 53h, 87h,0C3h, 05h, 04h, 83h 
 08B9  85 C3 53 8A C3 63        		db	 85h,0C3h, 53h, 8Ah,0C3h, 63h 
 08BF  88 C3 53 87 C3 53        		db	 88h,0C3h, 53h, 87h,0C3h, 53h 
 08C5  87 C3 05 04 83 85        		db	 87h,0C3h, 05h, 04h, 83h, 85h 
 08CB  C3 73 E0 0B 04 88        		db	0C3h, 73h,0E0h, 0Bh, 04h, 88h 
 08D1  C3 53 87 C3 53 87        		db	0C3h, 53h, 87h,0C3h, 53h, 87h 
 08D7  C3 05 04 83 85 C3        		db	0C3h, 05h, 04h, 83h, 85h,0C3h 
 08DD  10 04 DD 88 C3 53        		db	 10h, 04h,0DDh, 88h,0C3h, 53h 
 08E3  87 C3 53 87 C3 C4        		db	 87h,0C3h, 53h, 87h,0C3h,0C4h 
 08E9  E0 63 83 85 C3 06        		db	0E0h, 63h, 83h, 85h,0C3h, 06h 
 08EF  04 01 20 08 04 88        		db	 04h, 01h, 20h, 08h, 04h, 88h 
 08F5  C3 53 87 C3 53 91        		db	0C3h, 53h, 87h,0C3h, 53h, 91h 
 08FB  C1 C2 40 81 C3 53        		db	0C1h,0C2h, 40h, 81h,0C3h, 53h 
 0901  86 C3 06 04 DD 88        		db	 86h,0C3h, 06h, 04h,0DDh, 88h 
 0907  C3 53 87 C3 53 41        		db	0C3h, 53h, 87h,0C3h, 53h, 41h 
 090D  C1 41 60 C2 40 41        		db	0C1h, 41h, 60h,0C2h, 40h, 41h 
 0913  C1 C2 C1 85 C3 53        		db	0C1h,0C2h,0C1h, 85h,0C3h, 53h 
 0919  86 C3 0D 04 E0 73        		db	 86h,0C3h, 0Dh, 04h,0E0h, 73h 
 091F  87 C3 43 DD 91 85        		db	 87h,0C3h, 43h,0DDh, 91h, 85h 
 0925  C3 53 86 C3 13 04        		db	0C3h, 53h, 86h,0C3h, 13h, 04h 
Microsoft (R) Macro Assembler  Version 4.00                 3/29/26 15:17:51

                                                            Page     1-12
                                                            

 092B  87 C3 53 87 C3 C4        		db	 87h,0C3h, 53h, 87h,0C3h,0C4h 
 0931  E0 63 83 85 C3 C4        		db	0E0h, 63h, 83h, 85h,0C3h,0C4h 
 0937  DD C4 86 C3 08 04        		db	0DDh,0C4h, 86h,0C3h, 08h, 04h 
 093D  E0 09 04 87 C3 53        		db	0E0h, 09h, 04h, 87h,0C3h, 53h 
 0943  87 C3 05 04 83 85        		db	 87h,0C3h, 05h, 04h, 83h, 85h 
 0949  C3 53 86 C3 08 04        		db	0C3h, 53h, 86h,0C3h, 08h, 04h 
 094F  E0 08 04 DD 87 C3        		db	0E0h, 08h, 04h,0DDh, 87h,0C3h 
 0955  53 87 C3 05 04 83        		db	 53h, 87h,0C3h, 05h, 04h, 83h 
 095B  85 C3 53 86 C3 63        		db	 85h,0C3h, 53h, 86h,0C3h, 63h 
 0961  97 C3 53 87 C3 05        		db	 97h,0C3h, 53h, 87h,0C3h, 05h 
 0967  04 83 85 C3 53 86        		db	 04h, 83h, 85h,0C3h, 53h, 86h 
 096D  C3 63 97 C3 C4 89        		db	0C3h, 63h, 97h,0C3h,0C4h, 89h 
 0973  C3 E0 73 83 85 C3        		db	0C3h,0E0h, 73h, 83h, 85h,0C3h 
 0979  43 DD 86 C3 53 DD        		db	 43h,0DDh, 86h,0C3h, 53h,0DDh 
 097F  97 C3 C4 8D C3 43        		db	 97h,0C3h,0C4h, 8Dh,0C3h, 43h 
 0985  83 85 C3 43 DD 86        		db	 83h, 85h,0C3h, 43h,0DDh, 86h 
 098B  C3 63 85 C3 53 85        		db	0C3h, 63h, 85h,0C3h, 53h, 85h 
 0991  C3 C4 87 C3 53 8B        		db	0C3h,0C4h, 87h,0C3h, 53h, 8Bh 
 0997  C3 43 83 85 C3 53        		db	0C3h, 43h, 83h, 85h,0C3h, 53h 
 099D  86 C3 63 85 C3 53        		db	 86h,0C3h, 63h, 85h,0C3h, 53h 
 09A3  85 C3 C4 87 C3 DD        		db	 85h,0C3h,0C4h, 87h,0C3h,0DDh 
 09A9  43 8B C3 01 1D 83        		db	 43h, 8Bh,0C3h, 01h, 1Dh, 83h 
 09AF  85 C3 53 86 C3 C4        		db	 85h,0C3h, 53h, 86h,0C3h,0C4h 
 09B5  E0 43 85 C3 53 85        		db	0E0h, 43h, 85h,0C3h, 53h, 85h 
 09BB  C3 C4 87 C3 53 8B        		db	0C3h,0C4h, 87h,0C3h, 53h, 8Bh 
 09C1  C3 43 83 85 C3 53        		db	0C3h, 43h, 83h, 85h,0C3h, 53h 
 09C7  90 C3 43 DD 85 C3        		db	 90h,0C3h, 43h,0DDh, 85h,0C3h 
 09CD  DD 87 C3 53 8B C3        		db	0DDh, 87h,0C3h, 53h, 8Bh,0C3h 
 09D3  43 83 85 C3 53 40        		db	 43h, 83h, 85h,0C3h, 53h, 40h 
 09D9  C2 40 C2 40 41 C1        		db	0C2h, 40h,0C2h, 40h, 41h,0C1h 
 09DF  C2 40 81 C3 63 85        		db	0C2h, 40h, 81h,0C3h, 63h, 85h 
 09E5  C3 C4 87 C3 53 8B        		db	0C3h,0C4h, 87h,0C3h, 53h, 8Bh 
 09EB  C3 43 83 85 C3 53        		db	0C3h, 43h, 83h, 85h,0C3h, 53h 
 09F1  8F C3 DD 53 85 C3        		db	 8Fh,0C3h,0DDh, 53h, 85h,0C3h 
 09F7  C4 87 C3 C4 DD C4        		db	0C4h, 87h,0C3h,0C4h,0DDh,0C4h 
 09FD  8B C3 43 83 85 C3        		db	 8Bh,0C3h, 43h, 83h, 85h,0C3h 
 0A03  53 85 C3 53 86 C3        		db	 53h, 85h,0C3h, 53h, 86h,0C3h 
 0A09  63 85 C3 C4 87 C3        		db	 63h, 85h,0C3h,0C4h, 87h,0C3h 
 0A0F  53 8B C3 43 83 85        		db	 53h, 8Bh,0C3h, 43h, 83h, 85h 
 0A15  C3 53 85 C3 53 86        		db	0C3h, 53h, 85h,0C3h, 53h, 86h 
 0A1B  C3 63 85 C3 C4 87        		db	0C3h, 63h, 85h,0C3h,0C4h, 87h 
 0A21  C3 53 8B C3 C4 DD        		db	0C3h, 53h, 8Bh,0C3h,0C4h,0DDh 
 0A27  83 53 DD 53 C5 DD        		db	 83h, 53h,0DDh, 53h,0C5h,0DDh 
 0A2D  85 C3 53 86 C3 63        		db	 85h,0C3h, 53h, 86h,0C3h, 63h 
 0A33  85 C3 C4 87 C3 53        		db	 85h,0C3h,0C4h, 87h,0C3h, 53h 
 0A39  8B C3 73 73 44 73        		db	 8Bh,0C3h, 73h, 73h, 44h, 73h 
 0A3F  E0 63 DD 86 C3 63        		db	0E0h, 63h,0DDh, 86h,0C3h, 63h 
 0A45  85 C3 DD 87 C3 43        		db	 85h,0C3h,0DDh, 87h,0C3h, 43h 
 0A4B  DD 8B C3 73 63 44        		db	0DDh, 8Bh,0C3h, 73h, 63h, 44h 
 0A51  0B 04 86 C3 63 85        		db	 0Bh, 04h, 86h,0C3h, 63h, 85h 
 0A57  C3 C4 87 C3 53 8B        		db	0C3h,0C4h, 87h,0C3h, 53h, 8Bh 
 0A5D  C3 73 C4 DD C4 44        		db	0C3h, 73h,0C4h,0DDh,0C4h, 44h 
 0A63  0D 04 E0 08 04 85        		db	 0Dh, 04h,0E0h, 08h, 04h, 85h 
 0A69  C3 C4 89 C3 C4 8D        		db	0C3h,0C4h, 89h,0C3h,0C4h, 8Dh 
 0A6F  C3 53 C5 C4 44 08        		db	0C3h, 53h,0C5h,0C4h, 44h, 08h 
Microsoft (R) Macro Assembler  Version 4.00                 3/29/26 15:17:51

                                                            Page     1-13
                                                            

 0A75  04 E0 11 04 E0 53        		db	 04h,0E0h, 11h, 04h,0E0h, 53h 
 0A7B  89 C3 C4 50 41 50        		db	 89h,0C3h,0C4h, 50h, 41h, 50h 
 0A81  41 40 81 C3 53 C4        		db	 41h, 40h, 81h,0C3h, 53h,0C4h 
 0A87  C5 63 DD 53 86 C3        		db	0C5h, 63h,0DDh, 53h, 86h,0C3h 
 0A8D  73 DD 0C 04 89 C3        		db	 73h,0DDh, 0Ch, 04h, 89h,0C3h 
 0A93  C4 8D C3 43 C5 C5        		db	0C4h, 8Dh,0C3h, 43h,0C5h,0C5h 
 0A99  08 04 86 C3 08 04        		db	 08h, 04h, 86h,0C3h, 08h, 04h 
 0A9F  DD 53 E0 73 89 C3        		db	0DDh, 53h,0E0h, 73h, 89h,0C3h 
 0AA5  C4 85 C3 43 85 C3        		db	0C4h, 85h,0C3h, 43h, 85h,0C3h 
 0AAB  C4 C5 C4 09 04 86        		db	0C4h,0C5h,0C4h, 09h, 04h, 86h 
 0AB1  C3 63 85 C3 43 90        		db	0C3h, 63h, 85h,0C3h, 43h, 90h 
 0AB7  C3 C4 85 C3 43 85        		db	0C3h,0C4h, 85h,0C3h, 43h, 85h 
 0ABD  C3 C5 43 C4 01 1D        		db	0C3h,0C5h, 43h,0C4h, 01h, 1Dh 
 0AC3  06 04 86 C3 43 DD        		db	 06h, 04h, 86h,0C3h, 43h,0DDh 
 0AC9  C4 85 C3 43 90 C3        		db	0C4h, 85h,0C3h, 43h, 90h,0C3h 
 0ACF  C4 85 C3 C5 DD 85        		db	0C4h, 85h,0C3h,0C5h,0DDh, 85h 
 0AD5  C3 53 07 04 DD C4        		db	0C3h, 53h, 07h, 04h,0DDh,0C4h 
 0ADB  86 C3 63 85 C3 43        		db	 86h,0C3h, 63h, 85h,0C3h, 43h 
 0AE1  90 C3 DD 8D C3 53        		db	 90h,0C3h,0DDh, 8Dh,0C3h, 53h 
 0AE7  08 04 DD 86 C3 63        		db	 08h, 04h,0DDh, 86h,0C3h, 63h 
 0AED  85 C3 01 1D 85 C3        		db	 85h,0C3h, 01h, 1Dh, 85h,0C3h 
 0AF3  C4 98 C3 53 09 04        		db	0C4h, 98h,0C3h, 53h, 09h, 04h 
 0AF9  86 C3 63 85 C3 43        		db	 86h,0C3h, 63h, 85h,0C3h, 43h 
 0AFF  85 C3 C4 98 C3 53        		db	 85h,0C3h,0C4h, 98h,0C3h, 53h 
 0B05  07 04 88 C3 63 85        		db	 07h, 04h, 88h,0C3h, 63h, 85h 
 0B0B  C3 43 85 C3 C4 98        		db	0C3h, 43h, 85h,0C3h,0C4h, 98h 
 0B11  C3 53 07 04 88 C3        		db	0C3h, 53h, 07h, 04h, 88h,0C3h 
 0B17  C4 88 C3 43 85 C3        		db	0C4h, 88h,0C3h, 43h, 85h,0C3h 
 0B1D  C4 50 C2 40 41 40        		db	0C4h, 50h,0C2h, 40h, 41h, 40h 
 0B23  C2 40 8B C3 53 43        		db	0C2h, 40h, 8Bh,0C3h, 53h, 43h 
 0B29  01 20 05 04 86 C3        		db	 01h, 20h, 05h, 04h, 86h,0C3h 
 0B2F  C4 87 C3 53 85 C3        		db	0C4h, 87h,0C3h, 53h, 85h,0C3h 
 0B35  C4 98 C3 C4 E0 C4        		db	0C4h, 98h,0C3h,0C4h,0E0h,0C4h 
 0B3B  85 C3 63 86 C3 C4        		db	 85h,0C3h, 63h, 86h,0C3h,0C4h 
 0B41  87 C3 53 85 C3 C4        		db	 87h,0C3h, 53h, 85h,0C3h,0C4h 
 0B47  86 C3 43 E0 73 8D        		db	 86h,0C3h, 43h,0E0h, 73h, 8Dh 
 0B4D  85 C3 53 DD 86 C3        		db	 85h,0C3h, 53h,0DDh, 86h,0C3h 
 0B53  DD 87 C3 53 85 C3        		db	0DDh, 87h,0C3h, 53h, 85h,0C3h 
 0B59  DD 86 C3 73 DD 43        		db	0DDh, 86h,0C3h, 73h,0DDh, 43h 
 0B5F  8D 85 C3 63 8F C3        		db	 8Dh, 85h,0C3h, 63h, 8Fh,0C3h 
 0B65  C4 DD C4 85 C3 DD        		db	0C4h,0DDh,0C4h, 85h,0C3h,0DDh 
 0B6B  86 C3 07 04 8D 85        		db	 86h,0C3h, 07h, 04h, 8Dh, 85h 
 0B71  C3 63 50 51 C1 C2        		db	0C3h, 63h, 50h, 51h,0C1h,0C2h 
 0B77  50 C2 40 81 C3 53        		db	 50h,0C2h, 40h, 81h,0C3h, 53h 
 0B7D  85 C3 C4 86 C3 07        		db	 85h,0C3h,0C4h, 86h,0C3h, 07h 
 0B83  04 8D 85 C3 63 8F        		db	 04h, 8Dh, 85h,0C3h, 63h, 8Fh 
 0B89  C3 53 85 C3 C4 86        		db	0C3h, 53h, 85h,0C3h,0C4h, 86h 
 0B8F  C3 73 E0 43 8D 85        		db	0C3h, 73h,0E0h, 43h, 8Dh, 85h 
 0B95  C3 63 87 C3 C4 86        		db	0C3h, 63h, 87h,0C3h,0C4h, 86h 
 0B9B  C3 E0 43 85 C3 87        		db	0C3h,0E0h, 43h, 85h,0C3h, 87h 
 0BA1  C3 63 85 C3 43 89        		db	0C3h, 63h, 85h,0C3h, 43h, 89h 
 0BA7  85 C3 73 86 C3 DD        		db	 85h,0C3h, 73h, 86h,0C3h,0DDh 
 0BAD  8F C3 87 C3 63 85        		db	 8Fh,0C3h, 87h,0C3h, 63h, 85h 
 0BB3  C3 43 89 85 C3 05        		db	0C3h, 43h, 89h, 85h,0C3h, 05h 
 0BB9  04 85 C3 C4 50 C2        		db	 04h, 85h,0C3h,0C4h, 50h,0C2h 
Microsoft (R) Macro Assembler  Version 4.00                 3/29/26 15:17:51

                                                            Page     1-14
                                                            

 0BBF  60 C2 40 51 81 C3        		db	 60h,0C2h, 40h, 51h, 81h,0C3h 
 0BC5  43 85 C3 DD 53 85        		db	 43h, 85h,0C3h,0DDh, 53h, 85h 
 0BCB  C3 43 89 85 C3 C4        		db	0C3h, 43h, 89h, 85h,0C3h,0C4h 
 0BD1  DD 63 E0 05 04 8F        		db	0DDh, 63h,0E0h, 05h, 04h, 8Fh 
 0BD7  C3 43 85 C3 63 85        		db	0C3h, 43h, 85h,0C3h, 63h, 85h 
 0BDD  C3 43 89 85 C3 0F        		db	0C3h, 43h, 89h, 85h,0C3h, 0Fh 
 0BE3  04 83 C3 63 83 C3        		db	 04h, 83h,0C3h, 63h, 83h,0C3h 
 0BE9  63 01 20 06 04 85        		db	 63h, 01h, 20h, 06h, 04h, 85h 
 0BEF  C3 C4 DD 89 85 C3        		db	0C3h,0C4h,0DDh, 89h, 85h,0C3h 
 0BF5  08 04 DD 63 DD 0A        		db	 08h, 04h,0DDh, 63h,0DDh, 0Ah 
 0BFB  04 E0 0D 04 85 C3        		db	 04h,0E0h, 0Dh, 04h, 85h,0C3h 
 0C01  43 89 85 C3 11 04        		db	 43h, 89h, 85h,0C3h, 11h, 04h 
 0C07  E0 0E 04 82              		db	0E0h, 0Eh, 04h, 82h 
                                 
 0C0B                           locloop_4: 
 0C0B  53                       		push	bx 
                                ;*		ffree	st(4)			; Set tag to empty 
                                				ffree st(4)			; was: db 0DDh,0C4h 
334MP60.asm(593) : error 10: Syntax error 
 0C0C  85 C3                    		test	ax,bx 
 0C0E  43                       		inc	bx 
 0C0F  89 85 0FB9 R             		mov	data_7[di],ax 
 0C13  04 83                    		add	al,83h 
                                		retn 
 0C15  C3                     1                 db     0C3h
 0C16  43 01 20 83 C3 63        		db	 43h, 01h, 20h, 83h,0C3h, 63h 
 0C1C  01 20 82 73 85 C5        		db	 01h, 20h, 82h, 73h, 85h,0C5h 
 0C22  43 89 85 C3 07 04        		db	 43h, 89h, 85h,0C3h, 07h, 04h 
 0C28  E0 53 DD 8F C3 C4        		db	0E0h, 53h,0DDh, 8Fh,0C3h,0C4h 
 0C2E  86 C3 63 91 C1 C2        		db	 86h,0C3h, 63h, 91h,0C1h,0C2h 
 0C34  40 81 C3 05 04 85        		db	 40h, 81h,0C3h, 05h, 04h, 85h 
 0C3A  C3 C4 50 C2 60 C2        		db	0C3h,0C4h, 50h,0C2h, 60h,0C2h 
 0C40  40 51 81 C3 C4 86        		db	 40h, 51h, 81h,0C3h,0C4h, 86h 
 0C46  C3 53 C5 C1 51 60        		db	0C3h, 53h,0C5h,0C1h, 51h, 60h 
 0C4C  41 50 C2 40 C2 85        		db	 41h, 50h,0C2h, 40h,0C2h, 85h 
 0C52  C3 73 86 C3 C4 8F        		db	0C3h, 73h, 86h,0C3h,0C4h, 8Fh 
 0C58  C3 C4 86 C3 43 C5        		db	0C3h,0C4h, 86h,0C3h, 43h,0C5h 
 0C5E  C4 91 85 C3 63 87        		db	0C4h, 91h, 85h,0C3h, 63h, 87h 
 0C64  C3 C4 86 C3 53 85        		db	0C3h,0C4h, 86h,0C3h, 53h, 85h 
 0C6A  C3 C4 86 C3 63 86        		db	0C3h,0C4h, 86h,0C3h, 63h, 86h 
 0C70  C3 73 85 85 C3 63        		db	0C3h, 73h, 85h, 85h,0C3h, 63h 
 0C76  8F C3 53 85 C3 C4        		db	 8Fh,0C3h, 53h, 85h,0C3h,0C4h 
 0C7C  86 C3 63 86 C3 73        		db	 86h,0C3h, 63h, 86h,0C3h, 73h 
 0C82  85 85 C3 C4 DD 43        		db	 85h, 85h,0C3h,0C4h,0DDh, 43h 
 0C88  50 41 40 C2 50 C2        		db	 50h, 41h, 40h,0C2h, 50h,0C2h 
 0C8E  40 81 C3 DD 43 85        		db	 40h, 81h,0C3h,0DDh, 43h, 85h 
 0C94  C3 DD 86 C3 43 88        		db	0C3h,0DDh, 86h,0C3h, 43h, 88h 
 0C9A  C3 C4 DD 53 85 85        		db	0C3h,0C4h,0DDh, 53h, 85h, 85h 
 0CA0  C3 63 8F C3 43 DD        		db	0C3h, 63h, 8Fh,0C3h, 43h,0DDh 
 0CA6  85 C3 C4 86 C3 43        		db	 85h,0C3h,0C4h, 86h,0C3h, 43h 
 0CAC  88 C3 53 DD C4 85        		db	 88h,0C3h, 53h,0DDh,0C4h, 85h 
 0CB2  85 C3 63 86 C3 C4        		db	 85h,0C3h, 63h, 86h,0C3h,0C4h 
 0CB8  87 C3 53 85 C3 C4        		db	 87h,0C3h, 53h, 85h,0C3h,0C4h 
 0CBE  86 C3 63 86 C3 73        		db	 86h,0C3h, 63h, 86h,0C3h, 73h 
 0CC4  85 85 C3 63 86 C3        		db	 85h, 85h,0C3h, 63h, 86h,0C3h 
Microsoft (R) Macro Assembler  Version 4.00                 3/29/26 15:17:51

                                                            Page     1-15
                                                            

 0CCA  C4 87 C3 53 85 C3        		db	0C4h, 87h,0C3h, 53h, 85h,0C3h 
 0CD0  C4 86 C3 53 DD 86        		db	0C4h, 86h,0C3h, 53h,0DDh, 86h 
 0CD6  C3 73 85 85 C3 63        		db	0C3h, 73h, 85h, 85h,0C3h, 63h 
 0CDC  86 C3 DD 87 C3 53        		db	 86h,0C3h,0DDh, 87h,0C3h, 53h 
 0CE2  85 C3 C4 86 C3 63        		db	 85h,0C3h,0C4h, 86h,0C3h, 63h 
 0CE8  86 C3 73 85 85 C3        		db	 86h,0C3h, 73h, 85h, 85h,0C3h 
 0CEE  43 88 C3 C4 88 C3        		db	 43h, 88h,0C3h,0C4h, 88h,0C3h 
 0CF4  43 85 C3 DD 86 C3        		db	 43h, 85h,0C3h,0DDh, 86h,0C3h 
 0CFA  53 C5 86 C3 53 87        		db	 53h,0C5h, 86h,0C3h, 53h, 87h 
 0D00  85 C3 43 88 C3 63        		db	 85h,0C3h, 43h, 88h,0C3h, 63h 
 0D06  85 C3 43 85 C3 C4        		db	 85h,0C3h, 43h, 85h,0C3h,0C4h 
 0D0C  86 C3 43 C5 C4 86        		db	 86h,0C3h, 43h,0C5h,0C4h, 86h 
 0D12  C3 53 87 85 C3 53        		db	0C3h, 53h, 87h, 85h,0C3h, 53h 
 0D18  DD 86 C3 43 DD C4        		db	0DDh, 86h,0C3h, 43h,0DDh,0C4h 
 0D1E  85 C3 43 85 C3 C4        		db	 85h,0C3h, 43h, 85h,0C3h,0C4h 
 0D24  86 C3 C4 DD 43 86        		db	 86h,0C3h,0C4h,0DDh, 43h, 86h 
 0D2A  C3 DD 63 85 85 C3        		db	0C3h,0DDh, 63h, 85h, 85h,0C3h 
 0D30  63 86 C3 63 85 C3        		db	 63h, 86h,0C3h, 63h, 85h,0C3h 
 0D36  43 85 C3 C4 86 C3        		db	 43h, 85h,0C3h,0C4h, 86h,0C3h 
 0D3C  63 86 C3 73 85 85        		db	 63h, 86h,0C3h, 73h, 85h, 85h 
 0D42  C3 63 86 C3 63 85        		db	0C3h, 63h, 86h,0C3h, 63h, 85h 
 0D48  C3 C4 DD 8D C3 53        		db	0C3h,0C4h,0DDh, 8Dh,0C3h, 53h 
 0D4E  C5 86 C3 73 85 85        		db	0C5h, 86h,0C3h, 73h, 85h, 85h 
 0D54  C3 63 86 C3 53 DD        		db	0C3h, 63h, 86h,0C3h, 53h,0DDh 
 0D5A  85 C3 43 8D C3 43        		db	 85h,0C3h, 43h, 8Dh,0C3h, 43h 
 0D60  44 86 C3 63 DD 85        		db	 44h, 86h,0C3h, 63h,0DDh, 85h 
 0D66  85 C3 63 86 C3 63        		db	 85h,0C3h, 63h, 86h,0C3h, 63h 
 0D6C  85 C3 43 8D C3 C4        		db	 85h,0C3h, 43h, 8Dh,0C3h,0C4h 
 0D72  44 C4 86 C3 73 85        		db	 44h,0C4h, 86h,0C3h, 73h, 85h 
 0D78  85 C3 63 86 C3 0E        		db	 85h,0C3h, 63h, 86h,0C3h, 0Eh 
 0D7E  04 E0 53 86 C3 C5        		db	 04h,0E0h, 53h, 86h,0C3h,0C5h 
 0D84  53 86 C3 73 85 85        		db	 53h, 86h,0C3h, 73h, 85h, 85h 
 0D8A  C3 63 86 C3 12 04        		db	0C3h, 63h, 86h,0C3h, 12h, 04h 
 0D90  86 C3 53 C5 86 C3        		db	 86h,0C3h, 53h,0C5h, 86h,0C3h 
 0D96  73 85 85 C3 73 E0        		db	 73h, 85h, 85h,0C3h, 73h,0E0h 
 0D9C  0C 04 E0 63 E0 53        		db	 0Ch, 04h,0E0h, 63h,0E0h, 53h 
 0DA2  DD C4 86 C3 43 C5        		db	0DDh,0C4h, 86h,0C3h, 43h,0C5h 
 0DA8  C4 86 C3 43 DD 43        		db	0C4h, 86h,0C3h, 43h,0DDh, 43h 
 0DAE  85 85 C3 09 04 DD        		db	 85h, 85h,0C3h, 09h, 04h,0DDh 
 0DB4  43 01 20 53 E0           		db	 43h, 01h, 20h, 53h,0E0h 
 0DB9  8563 C4C3                data_6		dw	8563h, 0C4C3h		; Data table (indexed access) 
 0DBD  86 C3 63 86 C3 73        		db	 86h,0C3h, 63h, 86h,0C3h, 73h 
 0DC3  85 85 C3 0B 04 87        		db	 85h, 85h,0C3h, 0Bh, 04h, 87h 
 0DC9  C3 53 85 C3 C4 86        		db	0C3h, 53h, 85h,0C3h,0C4h, 86h 
 0DCF  C3 E0 43 E0 86 C3        		db	0C3h,0E0h, 43h,0E0h, 86h,0C3h 
 0DD5  C4 DD 53 85 85 C3        		db	0C4h,0DDh, 53h, 85h, 85h,0C3h 
 0DDB  53 E0 53 E0 63 87        		db	 53h,0E0h, 53h,0E0h, 63h, 87h 
 0DE1  C3 53 85 C3 C4 91        		db	0C3h, 53h, 85h,0C3h,0C4h, 91h 
 0DE7  C3 73 85 85 C3 53        		db	0C3h, 73h, 85h, 85h,0C3h, 53h 
 0DED  85 C3 53 87 C3 53        		db	 85h,0C3h, 53h, 87h,0C3h, 53h 
 0DF3  85 C3 C4 91 C3 73        		db	 85h,0C3h,0C4h, 91h,0C3h, 73h 
 0DF9  85 85 C3 53 85 C3        		db	 85h, 85h,0C3h, 53h, 85h,0C3h 
 0DFF  DD 43 87 C3 53 85        		db	0DDh, 43h, 87h,0C3h, 53h, 85h 
 0E05  C3 C4 91 C3 43 88        		db	0C3h,0C4h, 91h,0C3h, 43h, 88h 
 0E0B  85 C3 53 85 C3 53        		db	 85h,0C3h, 53h, 85h,0C3h, 53h 
Microsoft (R) Macro Assembler  Version 4.00                 3/29/26 15:17:51

                                                            Page     1-16
                                                            

 0E11  87 C3 53 85 C3 C4        		db	 87h,0C3h, 53h, 85h,0C3h,0C4h 
 0E17  86 C3 C4 E0 43 86        		db	 86h,0C3h,0C4h,0E0h, 43h, 86h 
 0E1D  C3 43 88 85 C3 53        		db	0C3h, 43h, 88h, 85h,0C3h, 53h 
 0E23  90 C3 DD 43 85 C3        		db	 90h,0C3h,0DDh, 43h, 85h,0C3h 
 0E29  C4 86 C3 63 86 C3        		db	0C4h, 86h,0C3h, 63h, 86h,0C3h 
 0E2F  43 88 85 C3 53 40        		db	 43h, 88h, 85h,0C3h, 53h, 40h 
 0E35  C2 70 41 C1 C2 40        		db	0C2h, 70h, 41h,0C1h,0C2h, 40h 
 0E3B  82 C3 53 85 C3 C4        		db	 82h,0C3h, 53h, 85h,0C3h,0C4h 
 0E41  86 C3 63 86 C3 43        		db	 86h,0C3h, 63h, 86h,0C3h, 43h 
 0E47  88 85 C3 DD 43 90        		db	 88h, 85h,0C3h,0DDh, 43h, 90h 
 0E4D  C3 53 85 C3 C4 86        		db	0C3h, 53h, 85h,0C3h,0C4h, 86h 
 0E53  E0 53 DD 86 C3 01        		db	0E0h, 53h,0DDh, 86h,0C3h, 01h 
 0E59  1D 88 85 C3 53 86        		db	 1Dh, 88h, 85h,0C3h, 53h, 86h 
 0E5F  C3 63 85 C3 53 85        		db	0C3h, 63h, 85h,0C3h, 53h, 85h 
 0E65  C3 DD 87 C3 53 86        		db	0C3h,0DDh, 87h,0C3h, 53h, 86h 
 0E6B  C3 43 88 85 C3 53        		db	0C3h, 43h, 88h, 85h,0C3h, 53h 
 0E71  86 C3 63 85 C3 53        		db	 86h,0C3h, 63h, 85h,0C3h, 53h 
 0E77  85 C3 C4 87 C3 C4        		db	 85h,0C3h,0C4h, 87h,0C3h,0C4h 
 0E7D  C7 C8 C4 85 E0 43        		db	0C7h,0C8h,0C4h, 85h,0E0h, 43h 
 0E83  88 85 C3 53 86 C3        		db	 88h, 85h,0C3h, 53h, 86h,0C3h 
 0E89  63 85 C3 43 DD 85        		db	 63h, 85h,0C3h, 43h,0DDh, 85h 
 0E8F  C3 C4 87 C3 C4 C9        		db	0C3h,0C4h, 87h,0C3h,0C4h,0C9h 
 0E95  43 90 85 C3 C4 88        		db	 43h, 90h, 85h,0C3h,0C4h, 88h 
 0E9B  C3 63 97 C3 C7 C9        		db	0C3h, 63h, 97h,0C3h,0C7h,0C9h 
 0EA1  C8 C4 C1 41 40 C2        		db	0C8h,0C4h,0C1h, 41h, 40h,0C2h 
 0EA7  C1 89 85 C3 C4 88        		db	0C1h, 89h, 85h,0C3h,0C4h, 88h 
 0EAD  C3 53 DD 97 C3 CB        		db	0C3h, 53h,0DDh, 97h,0C3h,0CBh 
 0EB3  C9 C8 C4 90 85 C3        		db	0C9h,0C8h,0C4h, 90h, 85h,0C3h 
 0EB9  43 DD 86 C3 63 97        		db	 43h,0DDh, 86h,0C3h, 63h, 97h 
 0EBF  CC 48 C8 C7 90 85        		db	0CCh, 48h,0C8h,0C7h, 90h, 85h 
 0EC5  C3 53 86 C3 DD 06        		db	0C3h, 53h, 86h,0C3h,0DDh, 06h 
 0ECB  04 54 08 04 86 D9        		db	 04h, 54h, 08h, 04h, 86h,0D9h 
 0ED1  58 49 CB 8A C3 E0        		db	 58h, 49h,0CBh, 8Ah,0C3h,0E0h 
 0ED7  C4 82 85 C3 53 86        		db	0C4h, 82h, 85h,0C3h, 53h, 86h 
 0EDD  C3 06 04 54 73 C5        		db	0C3h, 06h, 04h, 54h, 73h,0C5h 
 0EE3  63 85 D9 CC 58 49        		db	 63h, 85h,0D9h,0CCh, 58h, 49h 
 0EE9  CB 8A C3 43 82 85        		db	0CBh, 8Ah,0C3h, 43h, 82h, 85h 
 0EEF  C3 53 86 C3 05 04        		db	0C3h, 53h, 86h,0C3h, 05h, 04h 
 0EF5  44 05 04 C5 63 DD        		db	 44h, 05h, 04h,0C5h, 63h,0DDh 
 0EFB  84 D9 CC 68 CA 8C        		db	 84h,0D9h,0CCh, 68h,0CAh, 8Ch 
 0F01  C3 43 82 85 C3 53        		db	0C3h, 43h, 82h, 85h,0C3h, 53h 
 0F07  86 C3 73 C5 05 04        		db	 86h,0C3h, 73h,0C5h, 05h, 04h 
 0F0D  44 C4 C5 63 84 CC        		db	 44h,0C4h,0C5h, 63h, 84h,0CCh 
 0F13  68 CA 8D C3 C4 DD        		db	 68h,0CAh, 8Dh,0C3h,0C4h,0DDh 
 0F19  82 85 C3 53 86 C3        		db	 82h, 85h,0C3h, 53h, 86h,0C3h 
 0F1F  0A 04 44 C4 C5 73        		db	 0Ah, 04h, 44h,0C4h,0C5h, 73h 
 0F25  84 78 49 8C C3 43        		db	 84h, 78h, 49h, 8Ch,0C3h, 43h 
 0F2B  82 85 C3 53 E0 07        		db	 82h, 85h,0C3h, 53h,0E0h, 07h 
 0F31  04 E0 43 8B C3 53        		db	 04h,0E0h, 43h, 8Bh,0C3h, 53h 
 0F37  84 05 09 49 8B C3        		db	 84h, 05h, 09h, 49h, 8Bh,0C3h 
 0F3D  84 85 C3 0B 04 8E        		db	 84h, 85h,0C3h, 0Bh, 04h, 8Eh 
 0F43  C3 53 84 05 09 49        		db	0C3h, 53h, 84h, 05h, 09h, 49h 
 0F49  CB 8A C3 84 85 C3        		db	0CBh, 8Ah,0C3h, 84h, 85h,0C3h 
 0F4F  DD 05 04 E0 63 8E        		db	0DDh, 05h, 04h,0E0h, 63h, 8Eh 
 0F55  C3 53 84 05 09 49        		db	0C3h, 53h, 84h, 05h, 09h, 49h 
Microsoft (R) Macro Assembler  Version 4.00                 3/29/26 15:17:51

                                                            Page     1-17
                                                            

 0F5B  CB 8A C3 43 82 85        		db	0CBh, 8Ah,0C3h, 43h, 82h, 85h 
 0F61  C3 63 96 C3 53 84        		db	0C3h, 63h, 96h,0C3h, 53h, 84h 
 0F67  CD 78 49 8B C3 43        		db	0CDh, 78h, 49h, 8Bh,0C3h, 43h 
 0F6D  82 85 C3 63 96 C3        		db	 82h, 85h,0C3h, 63h, 96h,0C3h 
 0F73  53 85 78 49 8B C3        		db	 53h, 85h, 78h, 49h, 8Bh,0C3h 
 0F79  43 82 85 C3 63 40        		db	 43h, 82h, 85h,0C3h, 63h, 40h 
 0F7F  C2 40 41 C1 C2 40        		db	0C2h, 40h, 41h,0C1h,0C2h, 40h 
 0F85  8B C3 43 DD 85 CD        		db	 8Bh,0C3h, 43h,0DDh, 85h,0CDh 
 0F8B  68 CA 8C C3 01 20        		db	 68h,0CAh, 8Ch,0C3h, 01h, 20h 
 0F91  82 83 C3 05 04 96        		db	 82h, 83h,0C3h, 05h, 04h, 96h 
 0F97  C3 53 86 CD 58 81        		db	0C3h, 53h, 86h,0CDh, 58h, 81h 
 0F9D  C8 53 88 C3 C4 83        		db	0C8h, 53h, 88h,0C3h,0C4h, 83h 
 0FA3  83 C3 05 04 84 C3        		db	 83h,0C3h, 05h, 04h, 84h,0C3h 
 0FA9  C4 90 C3 53 81 CE        		db	0C4h, 90h,0C3h, 53h, 81h,0CEh 
 0FAF  5E D0 81 68 63 88        		db	 5Eh,0D0h, 81h, 68h, 63h, 88h 
 0FB5  C3 C4 83 83              		db	0C3h,0C4h, 83h, 83h 
 0FB9  DDC3                     data_7		dw	0DDC3h			; Data table (indexed access) 
 0FBB  73 96 C3 C4 89 68        		db	 73h, 96h,0C3h,0C4h, 89h, 68h 
 0FC1  C8 53 88 C3 C4 83        		db	0C8h, 53h, 88h,0C3h,0C4h, 83h 
 0FC7  83 C3 73 DD 85 C3        		db	 83h,0C3h, 73h,0DDh, 85h,0C3h 
 0FCD  E0 8F C3 C4 89 CD        		db	0E0h, 8Fh,0C3h,0C4h, 89h,0CDh 
 0FD3  58 C8 53 88 C3 84        		db	 58h,0C8h, 53h, 88h,0C3h, 84h 
 0FD9  81 C3 E0 06 04 85        		db	 81h,0C3h,0E0h, 06h, 04h, 85h 
 0FDF  C3 43 8E C3 53 81        		db	0C3h, 43h, 8Eh,0C3h, 53h, 81h 
 0FE5  D2 03 13 D4 81 58        		db	0D2h, 03h, 13h,0D4h, 81h, 58h 
 0FEB  C8 53 88 C3 84 81        		db	0C8h, 53h, 88h,0C3h, 84h, 81h 
 0FF1  C3 07 04 85 C3 C4        		db	0C3h, 07h, 04h, 85h,0C3h,0C4h 
 0FF7  DD 43 8C C3 53 88        		db	0DDh, 43h, 8Ch,0C3h, 53h, 88h 
 0FFD  58 C8 43 8E 81 C3        		db	 58h,0C8h, 43h, 8Eh, 81h,0C3h 
 1003  07 04 85 C3 53 DD        		db	 07h, 04h, 85h,0C3h, 53h,0DDh 
 1009  84 C3 C4 86 C3 01        		db	 84h,0C3h,0C4h, 86h,0C3h, 01h 
 100F  20 C4 88 CD 48 C8        		db	 20h,0C4h, 88h,0CDh, 48h,0C8h 
 1015  C4 8F 81 C3 53 E0        		db	0C4h, 8Fh, 81h,0C3h, 53h,0E0h 
 101B  63 85 C3 63 84 C3        		db	 63h, 85h,0C3h, 63h, 84h,0C3h 
 1021  C4 93 C9 C8 43 8F        		db	0C4h, 93h,0C9h,0C8h, 43h, 8Fh 
 1027  53 85 C3 C4 85 C3        		db	 53h, 85h,0C3h,0C4h, 85h,0C3h 
 102D  C4 E0 86 C3 C4 93        		db	0C4h,0E0h, 86h,0C3h,0C4h, 93h 
 1033  53 8F C3 53 85 C3        		db	 53h, 8Fh,0C3h, 53h, 85h,0C3h 
 1039  E0 85 C3 C4 87 C3        		db	0E0h, 85h,0C3h,0C4h, 87h,0C3h 
 103F  C4 93 C4 88 C3 C4        		db	0C4h, 93h,0C4h, 88h,0C3h,0C4h 
 1045  87 C3 53 8C C3 E0        		db	 87h,0C3h, 53h, 8Ch,0C3h,0E0h 
 104B  87 C3 C4 86 C3 01        		db	 87h,0C3h,0C4h, 86h,0C3h, 01h 
 1051  20 C4 92 C3 C4 87        		db	 20h,0C4h, 92h,0C3h,0C4h, 87h 
 1057  C3 43 DD 41 C1 61        		db	0C3h, 43h,0DDh, 41h,0C1h, 61h 
 105D  C1 51 88 C3 53 86        		db	0C1h, 51h, 88h,0C3h, 53h, 86h 
 1063  C3 E0 43 C1 C2 C1        		db	0C3h,0E0h, 43h,0C1h,0C2h,0C1h 
 1069  41 50 C2 40 87 C3        		db	 41h, 50h,0C2h, 40h, 87h,0C3h 
 106F  43 86 C3 53 93 C3        		db	 43h, 86h,0C3h, 53h, 93h,0C3h 
 1075  53 86 C3 53 92 C3        		db	 53h, 86h,0C3h, 53h, 92h,0C3h 
 107B  43 86 C3 53 85 C3        		db	 43h, 86h,0C3h, 53h, 85h,0C3h 
 1081  C4 E0 C4 8A C3 53        		db	0C4h,0E0h,0C4h, 8Ah,0C3h, 53h 
 1087  86 C3 53 92 C3 43        		db	 86h,0C3h, 53h, 92h,0C3h, 43h 
 108D  86 C3 53 85 C3 53        		db	 86h,0C3h, 53h, 85h,0C3h, 53h 
 1093  8A C3 C4 DD C4 86        		db	 8Ah,0C3h,0C4h,0DDh,0C4h, 86h 
 1099  C3 53 81 CE 07 0F        		db	0C3h, 53h, 81h,0CEh, 07h, 0Fh 
Microsoft (R) Macro Assembler  Version 4.00                 3/29/26 15:17:51

                                                            Page     1-18
                                                            

 109F  D0 87 C3 43 86 C3        		db	0D0h, 87h,0C3h, 43h, 86h,0C3h 
 10A5  53 85 C3 53 8A C3        		db	 53h, 85h,0C3h, 53h, 8Ah,0C3h 
 10AB  53 86 C3 53 92 C3        		db	 53h, 86h,0C3h, 53h, 92h,0C3h 
 10B1  43 86 C3 53 85 C3        		db	 43h, 86h,0C3h, 53h, 85h,0C3h 
 10B7  53 8A DD 53 86 C3        		db	 53h, 8Ah,0DDh, 53h, 86h,0C3h 
 10BD  53 92 C3 43 86 C3        		db	 53h, 92h,0C3h, 43h, 86h,0C3h 
 10C3  53 85 C3 43 DD 85        		db	 53h, 85h,0C3h, 43h,0DDh, 85h 
 10C9  C3 05 04 88 C3 43        		db	0C3h, 05h, 04h, 88h,0C3h, 43h 
 10CF  DD 81 D2 07 13 D4        		db	0DDh, 81h,0D2h, 07h, 13h,0D4h 
 10D5  87 C3 43 86 C3 DD        		db	 87h,0C3h, 43h, 86h,0C3h,0DDh 
 10DB  43 85 C3 43 DD 85        		db	 43h, 85h,0C3h, 43h,0DDh, 85h 
 10E1  C3 05 04 88 C3 53        		db	0C3h, 05h, 04h, 88h,0C3h, 53h 
 10E7  92 C3 C4 87 C3 53        		db	 92h,0C3h,0C4h, 87h,0C3h, 53h 
 10ED  85 C3 53 85 C3 07        		db	 85h,0C3h, 53h, 85h,0C3h, 07h 
 10F3  04 86 C3 53 92 C3        		db	 04h, 86h,0C3h, 53h, 92h,0C3h 
 10F9  88 C3 53 85 C3 53        		db	 88h,0C3h, 53h, 85h,0C3h, 53h 
 10FF  85 C3 73 E0 43 86        		db	 85h,0C3h, 73h,0E0h, 43h, 86h 
 1105  C3 53 92 C3 88 C3        		db	0C3h, 53h, 92h,0C3h, 88h,0C3h 
 110B  53 85 C3 DD 87 C3        		db	 53h, 85h,0C3h,0DDh, 87h,0C3h 
 1111  C4 8D C3 DD 43 40        		db	0C4h, 8Dh,0C3h,0DDh, 43h, 40h 
 1117  41 50 41 40 90 C3        		db	 41h, 50h, 41h, 40h, 90h,0C3h 
 111D  53 85 C3 C4 87 C3        		db	 53h, 85h,0C3h,0C4h, 87h,0C3h 
 1123  C4 8D C3 53 9B C3        		db	0C4h, 8Dh,0C3h, 53h, 9Bh,0C3h 
 1129  53 85 C3 53 85 C3        		db	 53h, 85h,0C3h, 53h, 85h,0C3h 
 112F  DD 43 8B C3 53 9B        		db	0DDh, 43h, 8Bh,0C3h, 53h, 9Bh 
 1135  C3 53 85 C3 53 85        		db	0C3h, 53h, 85h,0C3h, 53h, 85h 
 113B  C3 53 8B C3 53 9B        		db	0C3h, 53h, 8Bh,0C3h, 53h, 9Bh 
 1141  C3 C4 01 1D 85 C3        		db	0C3h,0C4h, 01h, 1Dh, 85h,0C3h 
 1147  53 85 C3 53 8B C3        		db	 53h, 85h,0C3h, 53h, 8Bh,0C3h 
 114D  53 9B C3 53 85 C3        		db	 53h, 9Bh,0C3h, 53h, 85h,0C3h 
 1153  53 85 C3 C4 DD C4        		db	 53h, 85h,0C3h,0C4h,0DDh,0C4h 
 1159  8B C3 53 9B C3 53        		db	 8Bh,0C3h, 53h, 9Bh,0C3h, 53h 
 115F  85 C3 53 85 C3 53        		db	 85h,0C3h, 53h, 85h,0C3h, 53h 
 1165  8B E0 53 9B C3 53        		db	 8Bh,0E0h, 53h, 9Bh,0C3h, 53h 
 116B  85 C3 53 B3 C3 53        		db	 85h,0C3h, 53h,0B3h,0C3h, 53h 
 1171  85 C3 43 DD C2           		db	 85h,0C3h, 43h,0DDh,0C2h 
 1176  50 71 50 61 70 41 50     		db	'PqPapAPap' 
       61 70                    
 117F  90                       		db	90h 
                                 
 1180                           locloop_5: 
                                		retn 
 1180  C3                     1                 db     0C3h
 1181  53 85 C3 53 B3 C3        		db	 53h, 85h,0C3h, 53h,0B3h,0C3h 
 1187  53 85 C3 63 E0 63        		db	 53h, 85h,0C3h, 63h,0E0h, 63h 
 118D  E0 43 85 C3 E0 43        		db	0E0h, 43h, 85h,0C3h,0E0h, 43h 
 1193  97 C3 E0 88 C3 53        		db	 97h,0C3h,0E0h, 88h,0C3h, 53h 
 1199  85 C3 0B 04 85 C3        		db	 85h,0C3h, 0Bh, 04h, 85h,0C3h 
 119F  53 97 C3 C4 88 C3        		db	 53h, 97h,0C3h,0C4h, 88h,0C3h 
 11A5  53 85 C3 53 C5 07        		db	 53h, 85h,0C3h, 53h,0C5h, 07h 
 11AB  04 85 C3 53 97 C3        		db	 04h, 85h,0C3h, 53h, 97h,0C3h 
 11B1  53 86 C3 53 85 C3        		db	 53h, 86h,0C3h, 53h, 85h,0C3h 
 11B7  43 C5                    		db	 43h,0C5h 
 11B9  0407                     data_8		dw	407h			; Data table (indexed access) 
 11BB  DD 85 C3 53 81 CE        		db	0DDh, 85h,0C3h, 53h, 81h,0CEh 
Microsoft (R) Macro Assembler  Version 4.00                 3/29/26 15:17:51

                                                            Page     1-19
                                                            

 11C1  0C 0F D0 87 C3 53        		db	 0Ch, 0Fh,0D0h, 87h,0C3h, 53h 
 11C7  86 C3 43 DD 85 C3        		db	 86h,0C3h, 43h,0DDh, 85h,0C3h 
 11CD  C4 C5 63 E0 05           		db	0C4h,0C5h, 63h,0E0h, 05h 
                                 
 11D2                           locloop_6: 
 11D2  04 E0                    		add	al,0E0h 
 11D4  06                       		push	es 
 11D5  04 97                    		add	al,97h 
                                		retn 
 11D7  C3                     1                 db     0C3h
 11D8  53 86 C3 53 85 C3        		db	 53h, 86h,0C3h, 53h, 85h,0C3h 
 11DE  8A C3 08 04 DD 97        		db	 8Ah,0C3h, 08h, 04h,0DDh, 97h 
 11E4  C3 53 86 C3 53 85        		db	0C3h, 53h, 86h,0C3h, 53h, 85h 
 11EA  C3 8A C3 09 04 81        		db	0C3h, 8Ah,0C3h, 09h, 04h, 81h 
 11F0  D2                       		db	0D2h 
 11F1  0C                       		db	0Ch 
                                 
 11F2                           locloop_8: 
 11F2  13 D4                    		adc	dx,sp 
                                ;*		xchg	ax,bx 
 11F4  93                       				xchg ax,bx			; was: db 087h,0C3h 
 11F5  E0 89                    		loopnz	locloop_5		; Loop if zf=0, cx>0 
                                 
                                		retn 
 11F7  C3                     1                 db     0C3h
 11F8  53 85 C3 8A C3 63        		db	 53h, 85h,0C3h, 8Ah,0C3h, 63h 
 11FE  E0 73 97 C3 E0 88        		db	0E0h, 73h, 97h,0C3h,0E0h, 88h 
 1204  C3 C4 DD C4 85 DD        		db	0C3h,0C4h,0DDh,0C4h, 85h,0DDh 
 120A  8A C3 C4 85 C3 53        		db	 8Ah,0C3h,0C4h, 85h,0C3h, 53h 
 1210  A1 C3 53 90 C3 C4        		db	0A1h,0C3h, 53h, 90h,0C3h,0C4h 
 1216  85 C3 53 A1 C3 53        		db	 85h,0C3h, 53h,0A1h,0C3h, 53h 
 121C  90 C3 C4 85 C3           		db	 90h,0C3h,0C4h, 85h,0C3h 
 1221  53                       		db	53h 
                                 
 1222                           locloop_9: 
 1222  A1 53C3                  		mov	ax,ds:data_11e 
 1225  90                       		nop 
                                		retn 
 1226  C3                     1                 db     0C3h
 1227  DD 85 C3 C4 E0 C4        		db	0DDh, 85h,0C3h,0C4h,0E0h,0C4h 
 122D  A1 C3 53 90 C3 C4        		db	0A1h,0C3h, 53h, 90h,0C3h,0C4h 
 1233  AA C3 53 90 C3 C4        		db	0AAh,0C3h, 53h, 90h,0C3h,0C4h 
 1239  40 51 60 05 02 60        		db	 40h, 51h, 60h, 05h, 02h, 60h 
 123F  C2 40 C2 50 90 C3        		db	0C2h, 40h,0C2h, 50h, 90h,0C3h 
 1245  53 90 C3 DD AA C3        		db	 53h, 90h,0C3h,0DDh,0AAh,0C3h 
 124B  53 90 C3 DD 88 C3        		db	 53h, 90h,0C3h,0DDh, 88h,0C3h 
 1251  73 E0 73 96 C3 53        		db	 73h,0E0h, 73h, 96h,0C3h, 53h 
 1257  90 C3 DD 88 C3 0A        		db	 90h,0C3h,0DDh, 88h,0C3h, 0Ah 
 125D  04 96 C3 53 85 C3        		db	 04h, 96h,0C3h, 53h, 85h,0C3h 
 1263  94 C3 05 04 DD 53        		db	 94h,0C3h, 05h, 04h,0DDh, 53h 
 1269  DD 96 C3 DD 43 85        		db	0DDh, 96h,0C3h,0DDh, 43h, 85h 
 126F  C3 94 C3 0A 04 96        		db	0C3h, 94h,0C3h, 0Ah, 04h, 96h 
 1275  C3 53 85 C3 94 C3        		db	0C3h, 53h, 85h,0C3h, 94h,0C3h 
 127B  43 E0 07 04 96 C3        		db	 43h,0E0h, 07h, 04h, 96h,0C3h 
 1281  53 85 C3 94 C3 43        		db	 53h, 85h,0C3h, 94h,0C3h, 43h 
Microsoft (R) Macro Assembler  Version 4.00                 3/29/26 15:17:51

                                                            Page     1-20
                                                            

 1287  85 C3 53 96 C3 43        		db	 85h,0C3h, 53h, 96h,0C3h, 43h 
 128D  DD 85 C3 94 C3 43        		db	0DDh, 85h,0C3h, 94h,0C3h, 43h 
 1293  85 C3 53 8C C3 E0        		db	 85h,0C3h, 53h, 8Ch,0C3h,0E0h 
 1299  88 C3 53 85 C3 C8        		db	 88h,0C3h, 53h, 85h,0C3h,0C8h 
 129F  C7 92 C3 43 85 C3        		db	0C7h, 92h,0C3h, 43h, 85h,0C3h 
 12A5  53 8C C3 C4 88 C3        		db	 53h, 8Ch,0C3h,0C4h, 88h,0C3h 
 12AB  53 85 C3 43 92 C3        		db	 53h, 85h,0C3h, 43h, 92h,0C3h 
 12B1  43 85 C3 53 8C C3        		db	 43h, 85h,0C3h, 53h, 8Ch,0C3h 
 12B7  DD E0 C4 86 C3 53        		db	0DDh,0E0h,0C4h, 86h,0C3h, 53h 
 12BD  85 C3 43 C7 40 51        		db	 85h,0C3h, 43h,0C7h, 40h, 51h 
 12C3  40 C2 60 41 40 81        		db	 40h,0C2h, 60h, 41h, 40h, 81h 
 12C9  C3 43 85 C3 53 8C        		db	0C3h, 43h, 85h,0C3h, 53h, 8Ch 
 12CF  C3 53 86 C3 53 85        		db	0C3h, 53h, 86h,0C3h, 53h, 85h 
 12D5  C3 C4 C7 CA 91 C3        		db	0C3h,0C4h,0C7h,0CAh, 91h,0C3h 
 12DB  C4 DD 85 C3 53 8C        		db	0C4h,0DDh, 85h,0C3h, 53h, 8Ch 
 12E1  C3 53 86 C3 53 85        		db	0C3h, 53h, 86h,0C3h, 53h, 85h 
 12E7  C9 C8 C4 CA 84 C3        		db	0C9h,0C8h,0C4h,0CAh, 84h,0C3h 
 12ED  DD C7 84 C3 85 C3        		db	0DDh,0C7h, 84h,0C3h, 85h,0C3h 
 12F3  43 85 C3 53 8C C3        		db	 43h, 85h,0C3h, 53h, 8Ch,0C3h 
 12F9  53 86 C3 53 85 D8        		db	 53h, 86h,0C3h, 53h, 85h,0D8h 
 12FF  C9 C8 C7 CA 83 C3        		db	0C9h,0C8h,0C7h,0CAh, 83h,0C3h 
 1305  43 84 C3 C4 84 C3        		db	 43h, 84h,0C3h,0C4h, 84h,0C3h 
 130B  43 85 C3 53 8C C3        		db	 43h, 85h,0C3h, 53h, 8Ch,0C3h 
 1311  53 86 C3 53 86 D8        		db	 53h, 86h,0C3h, 53h, 86h,0D8h 
 1317  48 CA 83 C3 DD C4        		db	 48h,0CAh, 83h,0C3h,0DDh,0C4h 
 131D  84 C3 C4 84 E0 43        		db	 84h,0C3h,0C4h, 84h,0E0h, 43h 
 1323  85 C3 53 8C C3 53        		db	 85h,0C3h, 53h, 8Ch,0C3h, 53h 
 1329  86 C3 53 87 D8 48        		db	 86h,0C3h, 53h, 87h,0D8h, 48h 
 132F  CA 82 43 C7 84 C3        		db	0CAh, 82h, 43h,0C7h, 84h,0C3h 
 1335  C4 8C C3 53 8C C3        		db	0C4h, 8Ch,0C3h, 53h, 8Ch,0C3h 
 133B  53 86 C3 01 20 C4        		db	 53h, 86h,0C3h, 01h, 20h,0C4h 
 1341  88 D8 48 49 43 CA        		db	 88h,0D8h, 48h, 49h, 43h,0CAh 
 1347  84 C3 C7 8C C3 53        		db	 84h,0C3h,0C7h, 8Ch,0C3h, 53h 
 134D  8C C3 43 DD 86 C3        		db	 8Ch,0C3h, 43h,0DDh, 86h,0C3h 
 1353  8C D8 58 C8 C7 C9        		db	 8Ch,0D8h, 58h,0C8h,0C7h,0C9h 
 1359  CB 83 C3 C7 8C C3        		db	0CBh, 83h,0C3h,0C7h, 8Ch,0C3h 
 135F  53 8C C3 53 87 05        		db	 53h, 8Ch,0C3h, 53h, 87h, 05h 
 1365  01 51 C1 83 D8 48        		db	 01h, 51h,0C1h, 83h,0D8h, 48h 
 136B  C8 C7 C9 CA CB 82        		db	0C8h,0C7h,0C9h,0CAh,0CBh, 82h 
 1371  C3 CA CB 8B C3 C4        		db	0C3h,0CAh,0CBh, 8Bh,0C3h,0C4h 
 1377  DD C4 8C C3 53 06        		db	0DDh,0C4h, 8Ch,0C3h, 53h, 06h 
 137D  01 8E D8 C9 43 C7        		db	 01h, 8Eh,0D8h,0C9h, 43h,0C7h 
 1383  CA CB 82 C3 C7 C9        		db	0CAh,0CBh, 82h,0C3h,0C7h,0C9h 
 1389  CB 8A C3 53 8C C3        		db	0CBh, 8Ah,0C3h, 53h, 8Ch,0C3h 
 138F  53 87 8F D8 C8 C4        		db	 53h, 87h, 8Fh,0D8h,0C8h,0C4h 
 1395  C7 C9 CA 82 C3 C9        		db	0C7h,0C9h,0CAh, 82h,0C3h,0C9h 
 139B  49 CB 89 C3 53 8C        		db	 49h,0CBh, 89h,0C3h, 53h, 8Ch 
 13A1  C3                       		db	0C3h 
                                 
 13A2                           locloop_10: 
 13A2  C4 DD 63 E0 83 90        		db	0C4h,0DDh, 63h,0E0h, 83h, 90h 
 13A8  C4 C7 C9 CA 83 C3        		db	0C4h,0C7h,0C9h,0CAh, 83h,0C3h 
 13AE  48 49 CB 88 C3 53        		db	 48h, 49h,0CBh, 88h,0C3h, 53h 
 13B4  8C C3 06 04 83 90        		db	 8Ch,0C3h, 06h, 04h, 83h, 90h 
 13BA  C8 43 CA CB 82 C3        		db	0C8h, 43h,0CAh,0CBh, 82h,0C3h 
Microsoft (R) Macro Assembler  Version 4.00                 3/29/26 15:17:51

                                                            Page     1-21
                                                            

 13C0  C7 58 CA CB 87 C3        		db	0C7h, 58h,0CAh,0CBh, 87h,0C3h 
 13C6  53 8C C3 06 04 83        		db	 53h, 8Ch,0C3h, 06h, 04h, 83h 
 13CC  90 E0 C4 C7 CB 83        		db	 90h,0E0h,0C4h,0C7h,0CBh, 83h 
 13D2  58 C7 CA CB 88 C3        		db	 58h,0C7h,0CAh,0CBh, 88h,0C3h 
 13D8  53 8C C3                 		db	 53h, 8Ch,0C3h 
                                 
 13DB                           locloop_11: 
 13DB  43                       		inc	bx 
 13DC  E0 C4                    		loopnz	locloop_10		; Loop if zf=0, cx>0 
                                 
                                ;*		fld	qword ptr [bp+di-7Dh]	; Push onto stack 
                                				fld qword ptr [bp+di-7Dh]			; was: db 0DDh,043h,083h 
334MP60.asm(965) : error 10: Syntax error 
 13DE  90                       		nop 
                                		retn 
 13DF  C3                     1                 db     0C3h
                                			                        ;* No entry point to code 
 13E0  43                       		inc	bx 
 13E1  84 D8                    		test	bl,al 
 13E3  68 CA CB 87 C3 53        		db	 68h,0CAh,0CBh, 87h,0C3h, 53h 
 13E9  86 01 1D 88 C3 53        		db	 86h, 01h, 1Dh, 88h,0C3h, 53h 
 13EF  83 90 C3 43 85 D8        		db	 83h, 90h,0C3h, 43h, 85h,0D8h 
 13F5  58 C8 CA 4A 85 C3        		db	 58h,0C8h,0CAh, 4Ah, 85h,0C3h 
 13FB  53 86 01 1D 88 C3        		db	 53h, 86h, 01h, 1Dh, 88h,0C3h 
 1401  C4 85 90 C3 43 86        		db	0C4h, 85h, 90h,0C3h, 43h, 86h 
 1407  D8 C9 C8 46 C9 CA        		db	0D8h,0C9h,0C8h, 46h,0C9h,0CAh 
 140D  85 C3 53 86 01 1D        		db	 85h,0C3h, 53h, 86h, 01h, 1Dh 
 1413  88 C3 C4 85 90 C3        		db	 88h,0C3h,0C4h, 85h, 90h,0C3h 
 1419  43 87 C3 C7 43 C9        		db	 43h, 87h,0C3h,0C7h, 43h,0C9h 
 141F  CA CB 84 C3 C4 DD        		db	0CAh,0CBh, 84h,0C3h,0C4h,0DDh 
 1425  C4 86 01 1D 88 C3        		db	0C4h, 86h, 01h, 1Dh, 88h,0C3h 
 142B  53 83 90 C3 C4 DD        		db	 53h, 83h, 90h,0C3h,0C4h,0DDh 
 1431  87 C3 53 CA CB 85        		db	 87h,0C3h, 53h,0CAh,0CBh, 85h 
 1437  C3 C4 DD C4 86 01        		db	0C3h,0C4h,0DDh,0C4h, 86h, 01h 
 143D  1D 88 C3 53 83 90        		db	 1Dh, 88h,0C3h, 53h, 83h, 90h 
                                 
 1443                           locloop_12: 
                                		retn 
 1443  C3                     1                 db     0C3h
                                			                        ;* No entry point to code 
 1444  43                       		inc	bx 
                                ;*		xchg	ax,bx 
 1445  93                       				xchg ax,bx			; was: db 087h,0C3h 
 1446  53                       		push	bx 
                                		retf 
 1447  CB                     1                 db      0CBh
                                			                        ;* No entry point to code 
 1448  86 C3                    		xchg	al,bl 
 144A  53                       		push	bx 
 144B  86 DD                    		xchg	bl,ch 
 144D  E0 8C                    		loopnz	locloop_11		; Loop if zf=0, cx>0 
                                 
                                		retn 
 144F  C3                     1                 db     0C3h
                                			                        ;* No entry point to code 
Microsoft (R) Macro Assembler  Version 4.00                 3/29/26 15:17:51

                                                            Page     1-22
                                                            

 1450  53                       		push	bx 
 1451  83 90 43C3 87            		adc	word ptr ds:data_10e[bx+si],0FF87h 
                                		retn 
 1456  C3                     1                 db     0C3h
                                			                        ;* No entry point to code 
 1457  43                       		inc	bx 
                                ;*		fld	qword ptr ds:data_11e[bx]	; Push onto stack 
                                				fld qword ptr [bx+53C3h]			; was: db 0DDh,087h,0C3h,053h 
334MP60.asm(1010) : error 10: Syntax error 
 1458  86 01                    		xchg	[bx+di],al 
 145A  20 88 53C3               		and	ds:data_11e[bx+si],cl 
 145E  83 90 DDC3 C4            		adc	word ptr ds:data_15e[bx+si],0FFC4h 
                                ;*		xchg	ax,bx 
 1463  93                       				xchg ax,bx			; was: db 087h,0C3h 
 1464  53                       		push	bx 
                                ;*		xchg	ax,bx 
 1465  93                       				xchg ax,bx			; was: db 087h,0C3h 
 1466  53                       		push	bx 
 1467  86 01                    		xchg	[bx+di],al 
 1469  20 88 53C3               		and	ds:data_11e[bx+si],cl 
 146D  83 90 43C3 87            		adc	word ptr ds:data_10e[bx+si],0FF87h 
                                		retn 
 1472  C3                     1                 db     0C3h
                                			                        ;* No entry point to code 
 1473  C5 43 87                 		lds	ax,dword ptr [bp+di-79h]	; Load seg:offset ptr 
 1476  E0 CB                    		loopnz	locloop_12		; Loop if zf=0, cx>0 
                                 
 1478  01 20                    		add	[bx+si],sp 
 147A  86 01                    		xchg	[bx+di],al 
 147C  20 88 53C3               		and	ds:data_2e[bx+si],cl 
 1480  83 AF 2001 88            		sub	word ptr ds:data_1e[bx],0FF88h 
                                		retn 
 1485  C3                     1                 db     0C3h
                                			                        ;* No entry point to code 
                                ;*		fld	qword ptr [bp+di-7Dh]	; Push onto stack 
                                				fld qword ptr [bp+di-7Dh]			; was: db 0DDh,043h,083h 
334MP60.asm(1035) : error 10: Syntax error 
 1486  60 C2 C1 41 50 05        		db	 60h,0C2h,0C1h, 41h, 50h, 05h 
 148C  02 07 01 51 70 51        		db	 02h, 07h, 01h, 51h, 70h, 51h 
 1492  60 51 C1 41 81 01        		db	 60h, 51h,0C1h, 41h, 81h, 01h 
 1498  20 C4 87 C3 53 41        		db	 20h,0C4h, 87h,0C3h, 53h, 41h 
 149E  C1 AF E0 43 87 C3        		db	0C1h,0AFh,0E0h, 43h, 87h,0C3h 
 14A4  53 83 85 C3 01 20        		db	 53h, 83h, 85h,0C3h, 01h, 20h 
 14AA  C4 87 C3 C4 8F C3        		db	0C4h, 87h,0C3h,0C4h, 8Fh,0C3h 
 14B0  E0 C4 8B E0 C4 DD        		db	0E0h,0C4h, 8Bh,0E0h,0C4h,0DDh 
 14B6  87 C3 53 83 85 C3        		db	 87h,0C3h, 53h, 83h, 85h,0C3h 
 14BC  53 87 C3 C4 C7 CB        		db	 53h, 87h,0C3h,0C4h,0C7h,0CBh 
 14C2  8D C3 43 C7 4A 88        		db	 8Dh,0C3h, 43h,0C7h, 4Ah, 88h 
 14C8  C3 43 87 C3 53 83        		db	0C3h, 43h, 87h,0C3h, 53h, 83h 
 14CE  85 C3 53 87 C3 43        		db	 85h,0C3h, 53h, 87h,0C3h, 43h 
 14D4  CA 8D C3 43 C7 C9        		db	0CAh, 8Dh,0C3h, 43h,0C7h,0C9h 
 14DA  CA 88 C3 43 87 C3        		db	0CAh, 88h,0C3h, 43h, 87h,0C3h 
 14E0  53 83 85 C3 53 87        		db	 53h, 83h, 85h,0C3h, 53h, 87h 
 14E6  C3 43 C7 CB 8C C3        		db	0C3h, 43h,0C7h,0CBh, 8Ch,0C3h 
 14EC  43 C7 C9 CA CB 87        		db	 43h,0C7h,0C9h,0CAh,0CBh, 87h 
Microsoft (R) Macro Assembler  Version 4.00                 3/29/26 15:17:51

                                                            Page     1-23
                                                            

 14F2  C3 43 87 C3 C4 DD        		db	0C3h, 43h, 87h,0C3h,0C4h,0DDh 
 14F8  C4 83 85 C3 43 DD        		db	0C4h, 83h, 85h,0C3h, 43h,0DDh 
 14FE  87 C3 53 CA 8C C3        		db	 87h,0C3h, 53h,0CAh, 8Ch,0C3h 
 1504  43 C7 48 CA 87 C3        		db	 43h,0C7h, 48h,0CAh, 87h,0C3h 
 150A  43 87 C3 53 83 85        		db	 43h, 87h,0C3h, 53h, 83h, 85h 
 1510  C3 53 87 C3 43 C7        		db	0C3h, 53h, 87h,0C3h, 43h,0C7h 
 1516  CA CB 8B C3 43 C7        		db	0CAh,0CBh, 8Bh,0C3h, 43h,0C7h 
 151C  49 CB 87 C3 DD C4        		db	 49h,0CBh, 87h,0C3h,0DDh,0C4h 
 1522  87 C3 53 83 85 C3        		db	 87h,0C3h, 53h, 83h, 85h,0C3h 
 1528  53 87 C3 53 49 CB        		db	 53h, 87h,0C3h, 53h, 49h,0CBh 
 152E  8A C3 53 C7 C9 CA        		db	 8Ah,0C3h, 53h,0C7h,0C9h,0CAh 
 1534  4A 85 C3 43 87 C3        		db	 4Ah, 85h,0C3h, 43h, 87h,0C3h 
 153A  53 83 85 C3 53 87        		db	 53h, 83h, 85h,0C3h, 53h, 87h 
 1540  C3 43 C7 CA C9 CA        		db	0C3h, 43h,0C7h,0CAh,0C9h,0CAh 
 1546  CB 89 C3 53 C7 C9        		db	0CBh, 89h,0C3h, 53h,0C7h,0C9h 
 154C  C7 C9 CA 8F C3 43        		db	0C7h,0C9h,0CAh, 8Fh,0C3h, 43h 
 1552  DD 83 85 C3 53 87        		db	0DDh, 83h, 85h,0C3h, 53h, 87h 
 1558  C3 C4 C7 47 C7 C9        		db	0C3h,0C4h,0C7h, 47h,0C7h,0C9h 
 155E  CA 89 C3 53 46 48        		db	0CAh, 89h,0C3h, 53h, 46h, 48h 
 1564  CA 8F C3 43 DD 83        		db	0CAh, 8Fh,0C3h, 43h,0DDh, 83h 
 156A  85 C3 53 87 C3 53        		db	 85h,0C3h, 53h, 87h,0C3h, 53h 
 1570  C7 C9 CA 8A C3 63        		db	0C7h,0C9h,0CAh, 8Ah,0C3h, 63h 
 1576  46 CA CB 8F C3 53        		db	 46h,0CAh,0CBh, 8Fh,0C3h, 53h 
 157C  83 85 C3 53 87 C3        		db	 83h, 85h,0C3h, 53h, 87h,0C3h 
 1582  43 C8 C7 48 CA CB        		db	 43h,0C8h,0C7h, 48h,0CAh,0CBh 
 1588  88 C3 08 04 E0 05        		db	 88h,0C3h, 08h, 04h,0E0h, 05h 
 158E  04 87 C3 53 83 85        		db	 04h, 87h,0C3h, 53h, 83h, 85h 
 1594  C3 53 84 C3 05 04        		db	0C3h, 53h, 84h,0C3h, 05h, 04h 
 159A  CA C8 C7 CB 89 C3        		db	0CAh,0C8h,0C7h,0CBh, 89h,0C3h 
 15A0  43 DD 05 04 DD 53        		db	 43h,0DDh, 05h, 04h,0DDh, 53h 
 15A6  DD 43 87 C3 53 83        		db	0DDh, 43h, 87h,0C3h, 53h, 83h 
 15AC  85 C3 53 84 C3 73        		db	 85h,0C3h, 53h, 84h,0C3h, 73h 
 15B2  C7 49 CB 8A C3 0F        		db	0C7h, 49h,0CBh, 8Ah,0C3h, 0Fh 
 15B8  04 87 C3 53 83 85        		db	 04h, 87h,0C3h, 53h, 83h, 85h 
 15BE  C3 C4 DD C4 84 C3        		db	0C3h,0C4h,0DDh,0C4h, 84h,0C3h 
 15C4  43 DD C4 C7 C8 CA        		db	 43h,0DDh,0C4h,0C7h,0C8h,0CAh 
 15CA  CB 8B C3 43 DD 63        		db	0CBh, 8Bh,0C3h, 43h,0DDh, 63h 
 15D0  E0 07 04 87 E0 53        		db	0E0h, 07h, 04h, 87h,0E0h, 53h 
 15D6  83 85 C3 53 84 D6        		db	 83h, 85h,0C3h, 53h, 84h,0D6h 
 15DC  E1 63 C7 CA 8C C3        		db	0E1h, 63h,0C7h,0CAh, 8Ch,0C3h 
 15E2  73 86 C3 53 DD 8E        		db	 73h, 86h,0C3h, 53h,0DDh, 8Eh 
 15E8  51 82 C3 53 84 D6        		db	 51h, 82h,0C3h, 53h, 84h,0D6h 
 15EE  E1 53 C7 CC 40 41        		db	0E1h, 53h,0C7h,0CCh, 40h, 41h 
 15F4  60 41 40 81 C3 73        		db	 60h, 41h, 40h, 81h,0C3h, 73h 
 15FA  86 C3 63 09 02 C1        		db	 86h,0C3h, 63h, 09h, 02h,0C1h 
 1600  41 C1 85 C3 53 84        		db	 41h,0C1h, 85h,0C3h, 53h, 84h 
 1606  D6 E1 E0 43 C7 C9        		db	0D6h,0E1h,0E0h, 43h,0C7h,0C9h 
 160C  CA 8C DD 73 86 C3        		db	0CAh, 8Ch,0DDh, 73h, 86h,0C3h 
 1612  63 8E E0 07 04 84        		db	 63h, 8Eh,0E0h, 07h, 04h, 84h 
 1618  D6 E1 E0 53 C8 CB        		db	0D6h,0E1h,0E0h, 53h,0C8h,0CBh 
 161E  84 C8 0C 04 86 C3        		db	 84h,0C8h, 0Ch, 04h, 86h,0C3h 
 1624  05 04 E0 43 86 C3        		db	 05h, 04h,0E0h, 43h, 86h,0C3h 
 162A  C4 E0 07 04 DD 84        		db	0C4h,0E0h, 07h, 04h,0DDh, 84h 
 1630  D6 E1 73 85 C3 0C        		db	0D6h,0E1h, 73h, 85h,0C3h, 0Ch 
 1636  04 86 C3 08 04 86        		db	 04h, 86h,0C3h, 08h, 04h, 86h 
Microsoft (R) Macro Assembler  Version 4.00                 3/29/26 15:17:51

                                                            Page     1-24
                                                            

 163C  C3 43 53 DD 73 84        		db	0C3h, 43h, 53h,0DDh, 73h, 84h 
 1642  D6 E1 73 85 C3 0C        		db	0D6h,0E1h, 73h, 85h,0C3h, 0Ch 
 1648  04 86 C3 C4 E0 06        		db	 04h, 86h,0C3h,0C4h,0E0h, 06h 
 164E  04 86 C3 43 C4 E0        		db	 04h, 86h,0C3h, 43h,0C4h,0E0h 
 1654  06 04 84 C3 E0 73        		db	 06h, 04h, 84h,0C3h,0E0h, 73h 
 165A  84 C8 63 E0 63 E0        		db	 84h,0C8h, 63h,0E0h, 63h,0E0h 
 1660  63 86 C3 C4 85 C3        		db	 63h, 86h,0C3h,0C4h, 85h,0C3h 
 1666  43 86 C3 43 C4 86        		db	 43h, 86h,0C3h, 43h,0C4h, 86h 
 166C  C3 E0 84 C3 43 DD        		db	0C3h,0E0h, 84h,0C3h, 43h,0DDh 
 1672  43 DD 84 C3 53 87        		db	 43h,0DDh, 84h,0C3h, 53h, 87h 
 1678  C3 43 DD 86 C3 C4        		db	0C3h, 43h,0DDh, 86h,0C3h,0C4h 
 167E  85 C3 C4 DD 86 C3        		db	 85h,0C3h,0C4h,0DDh, 86h,0C3h 
 1684  43 C4 86 C3 E0 84        		db	 43h,0C4h, 86h,0C3h,0E0h, 84h 
 168A  C3 05 04 84 C3 53        		db	0C3h, 05h, 04h, 84h,0C3h, 53h 
 1690  87 C3 53 86 C3 C4        		db	 87h,0C3h, 53h, 86h,0C3h,0C4h 
 1696  85 C3 43 86 C3 43        		db	 85h,0C3h, 43h, 86h,0C3h, 43h 
 169C  C4 90 C3 43 84 C3        		db	0C4h, 90h,0C3h, 43h, 84h,0C3h 
 16A2  53 87 C3 53 86 C3        		db	 53h, 87h,0C3h, 53h, 86h,0C3h 
 16A8  C4 85 C3 43 86 C3        		db	0C4h, 85h,0C3h, 43h, 86h,0C3h 
 16AE  43 DD 50 C2 05 01        		db	 43h,0DDh, 50h,0C2h, 05h, 01h 
 16B4  C2 60 81 C3 86 C3        		db	0C2h, 60h, 81h,0C3h, 86h,0C3h 
 16BA  53 87 E0 53 86 C3        		db	 53h, 87h,0E0h, 53h, 86h,0C3h 
 16C0  C4 DA 84 C3 43 86        		db	0C4h,0DAh, 84h,0C3h, 43h, 86h 
 16C6  C3 43 C4 90 DD 86        		db	0C3h, 43h,0C4h, 90h,0DDh, 86h 
 16CC  C3 DD 43 91 C3 DD        		db	0C3h,0DDh, 43h, 91h,0C3h,0DDh 
 16D2  DB 84 C3 43 86 C3        		db	0DBh, 84h,0C3h, 43h, 86h,0C3h 
 16D8  43 C4 88 C3 8E C3        		db	 43h,0C4h, 88h,0C3h, 8Eh,0C3h 
 16DE  53 50 C2 C1 41 60        		db	 53h, 50h,0C2h,0C1h, 41h, 60h 
 16E4  41 50 81 C3 C4 DC        		db	 41h, 50h, 81h,0C3h,0C4h,0DCh 
 16EA  84 C3 DD C4 86 C3        		db	 84h,0C3h,0DDh,0C4h, 86h,0C3h 
 16F0  43 C4 88 C3 8E C3        		db	 43h,0C4h, 88h,0C3h, 8Eh,0C3h 
 16F6  53 91 C3 C4 D7 84        		db	 53h, 91h,0C3h,0C4h,0D7h, 84h 
 16FC  C3 43 86 C3 43 C4        		db	0C3h, 43h, 86h,0C3h, 43h,0C4h 
 1702  88 C3 C7 CA CB 8B        		db	 88h,0C3h,0C7h,0CAh,0CBh, 8Bh 
 1708  C3 53 85 C3 43 E0        		db	0C3h, 53h, 85h,0C3h, 43h,0E0h 
 170E  C4 87 C3 C4 C6 84        		db	0C4h, 87h,0C3h,0C4h,0C6h, 84h 
 1714  C3 43 86 C3 43 C4        		db	0C3h, 43h, 86h,0C3h, 43h,0C4h 
 171A  88 C3 C7 C9 CA CB        		db	 88h,0C3h,0C7h,0C9h,0CAh,0CBh 
 1720  8A C3 43 DD 85 C3        		db	 8Ah,0C3h, 43h,0DDh, 85h,0C3h 
 1726  63 87 C3 C4 85 C3        		db	 63h, 87h,0C3h,0C4h, 85h,0C3h 
 172C  43 86 C3 C4 DD 7C        		db	 43h, 86h,0C3h,0C4h,0DDh, 7Ch 
 1732  00 22 8E 00 22 B1        		db	 00h, 22h, 8Eh, 00h, 22h,0B1h 
 1738  00 22 C3 00 22 29        		db	 00h, 22h,0C3h, 00h, 22h, 29h 
 173E  01 2F 2A 01 0D FF        		db	 01h, 2Fh, 2Ah, 01h, 0Dh,0FFh 
 1744  FF FF FF 0B 40 12        		db	0FFh,0FFh,0FFh, 0Bh, 40h, 12h 
 174A  3A 01 15 00 25 40        		db	 3Ah, 01h, 15h, 00h, 25h, 40h 
 1750  A2 1F 00 2B 00 35        		db	0A2h, 1Fh, 00h, 2Bh, 00h, 35h 
 1756  80 89 31 00 37 00        		db	 80h, 89h, 31h, 00h, 37h, 00h 
 175C  3A 80 B8 30 00 46        		db	 3Ah, 80h,0B8h, 30h, 00h, 46h 
 1762  00 3C 80 AA 32 00        		db	 00h, 3Ch, 80h,0AAh, 32h, 00h 
 1768  44 00 4F 80 8B 43        		db	 44h, 00h, 4Fh, 80h, 8Bh, 43h 
 176E  00 65 00 5D 80 0D        		db	 00h, 65h, 00h, 5Dh, 80h, 0Dh 
 1774  52 00 65 00 95 80        		db	 52h, 00h, 65h, 00h, 95h, 80h 
 177A  B4 90 00 98 00 C2        		db	0B4h, 90h, 00h, 98h, 00h,0C2h 
 1780  40 B8 BB 00 D9 00        		db	 40h,0B8h,0BBh, 00h,0D9h, 00h 
Microsoft (R) Macro Assembler  Version 4.00                 3/29/26 15:17:51

                                                            Page     1-25
                                                            

 1786  D1 80 97 CB 00 D9        		db	0D1h, 80h, 97h,0CBh, 00h,0D9h 
 178C  00 EB 40 B7 E4 00        		db	 00h,0EBh, 40h,0B7h,0E4h, 00h 
 1792  EF 00 F7 40 B1 D7        		db	0EFh, 00h,0F7h, 40h,0B1h,0D7h 
 1798  00 1D 01 FC 40 89        		db	 00h, 1Dh, 01h,0FCh, 40h, 89h 
 179E  F5 00 03 01 FD 40        		db	0F5h, 00h, 03h, 01h,0FDh, 40h 
 17A4  B7 F6 00 04 01 FF        		db	0B7h,0F6h, 00h, 04h, 01h,0FFh 
 17AA  FF 0B 00 29 40 12        		db	0FFh, 0Bh, 00h, 29h, 40h, 12h 
 17B0  7F 00 07 00 2B 00        		db	 7Fh, 00h, 07h, 00h, 2Bh, 00h 
 17B6  20 0C 00 1B C1 0F        		db	 20h, 0Ch, 00h, 1Bh,0C1h, 0Fh 
 17BC  0C 00 1B 00 FF FF        		db	 0Ch, 00h, 1Bh, 00h,0FFh,0FFh 
 17C2  FF 0E 00 05 C2 0D        		db	0FFh, 0Eh, 00h, 05h,0C2h, 0Dh 
 17C8  34 00 15 00 FF FF        		db	 34h, 00h, 15h, 00h,0FFh,0FFh 
 17CE  FF 1C 00 2E C2 11        		db	0FFh, 1Ch, 00h, 2Eh,0C2h, 11h 
 17D4  2F 00 0E 00 FF FF        		db	 2Fh, 00h, 0Eh, 00h,0FFh,0FFh 
 17DA  FF 1E 00 1C C4 0F        		db	0FFh, 1Eh, 00h, 1Ch,0C4h, 0Fh 
 17E0  1E 00 1C 00 FF FF        		db	 1Eh, 00h, 1Ch, 00h,0FFh,0FFh 
 17E6  FF 1F 00 05 43 10        		db	0FFh, 1Fh, 00h, 05h, 43h, 10h 
 17EC  3E 00 0D 01 2B 00        		db	 3Eh, 00h, 0Dh, 01h, 2Bh, 00h 
 17F2  10 5A 00 25 C4 0F        		db	 10h, 5Ah, 00h, 25h,0C4h, 0Fh 
 17F8  5A 00 25 00 FF FF        		db	 5Ah, 00h, 25h, 00h,0FFh,0FFh 
 17FE  FF 83 00 1E C2 0F        		db	0FFh, 83h, 00h, 1Eh,0C2h, 0Fh 
 1804  DD 00 01 00 FF FF        		db	0DDh, 00h, 01h, 00h,0FFh,0FFh 
 180A  FF 96 00 1E C2 0F        		db	0FFh, 96h, 00h, 1Eh,0C2h, 0Fh 
 1810  96 00 1E 00 FF FF        		db	 96h, 00h, 1Eh, 00h,0FFh,0FFh 
 1816  FF A9 00 1E C2 0F        		db	0FFh,0A9h, 00h, 1Eh,0C2h, 0Fh 
 181C  A9 00 1E 00 FF FF        		db	0A9h, 00h, 1Eh, 00h,0FFh,0FFh 
 1822  FF BC 00 1E C1 0F        		db	0FFh,0BCh, 00h, 1Eh,0C1h, 0Fh 
 1828  BC 00 1E 00 FF FF        		db	0BCh, 00h, 1Eh, 00h,0FFh,0FFh 
 182E  FF F9 00 0F C4 0F        		db	0FFh,0F9h, 00h, 0Fh,0C4h, 0Fh 
 1834  F9 00 0F 00 FF FF        		db	0F9h, 00h, 0Fh, 00h,0FFh,0FFh 
 183A  FF 35 01 29 01 11        		db	0FFh, 35h, 01h, 29h, 01h, 11h 
 1840  1B 00 0E 00 2B 00        		db	 1Bh, 00h, 0Eh, 00h, 2Bh, 00h 
 1846  08 3B 01 30 40 06        		db	 08h, 3Bh, 01h, 30h, 40h, 06h 
 184C  D1 00 FF 00 2B 00        		db	0D1h, 00h,0FFh, 00h, 2Bh, 00h 
 1852  04 FF FF 28 00 FF        		db	 04h,0FFh,0FFh, 28h, 00h,0FFh 
 1858  13 C0 FF FF FF FF        		db	 13h,0C0h,0FFh,0FFh,0FFh,0FFh 
 185E  2A 00 80 6F D9 00        		db	 2Ah, 00h, 80h, 6Fh,0D9h, 00h 
 1864  FF 7A D9 FF FF FF        		db	0FFh, 7Ah,0D9h,0FFh,0FFh,0FFh 
 186A  FF 2A 00 40 4F DA        		db	0FFh, 2Ah, 00h, 40h, 4Fh,0DAh 
 1870  00 FF 5A DA FF FF        		db	 00h,0FFh, 5Ah,0DAh,0FFh,0FFh 
 1876  FF FF 2A 00 20 AF        		db	0FFh,0FFh, 2Ah, 00h, 20h,0AFh 
 187C  DA 00 FF BA DA FF        		db	0DAh, 00h,0FFh,0BAh,0DAh,0FFh 
 1882  FF FF FF 2A 00 10        		db	0FFh,0FFh,0FFh, 2Ah, 00h, 10h 
 1888  18 DB 00 00 FF FF        		db	 18h,0DBh, 00h, 00h,0FFh,0FFh 
 188E  2A 00 08 9F DB 00        		db	 2Ah, 00h, 08h, 9Fh,0DBh, 00h 
 1894  FF AA DB FF FF FF        		db	0FFh,0AAh,0DBh,0FFh,0FFh,0FFh 
 189A  FF 2A 00 04 CF DB        		db	0FFh, 2Ah, 00h, 04h,0CFh,0DBh 
 18A0  00 FF DA DB FF FF        		db	 00h,0FFh,0DAh,0DBh,0FFh,0FFh 
 18A6  FF FF 2A 00 02 7F        		db	0FFh,0FFh, 2Ah, 00h, 02h, 7Fh 
 18AC  DC 00 FF 8A DC FF        		db	0DCh, 00h,0FFh, 8Ah,0DCh,0FFh 
 18B2  FF FF FF 2A 00 01        		db	0FFh,0FFh,0FFh, 2Ah, 00h, 01h 
 18B8  8F DC 00 FF 9A DC        		db	 8Fh,0DCh, 00h,0FFh, 9Ah,0DCh 
 18BE  FF FF FF FF 2B 00        		db	0FFh,0FFh,0FFh,0FFh, 2Bh, 00h 
 18C4  80 9F DC 00 FF AA        		db	 80h, 9Fh,0DCh, 00h,0FFh,0AAh 
 18CA  DC FF FF FF FF 2B        		db	0DCh,0FFh,0FFh,0FFh,0FFh, 2Bh 
Microsoft (R) Macro Assembler  Version 4.00                 3/29/26 15:17:51

                                                            Page     1-26
                                                            

 18D0  00 40 EF DC 00 FF        		db	 00h, 40h,0EFh,0DCh, 00h,0FFh 
 18D6  FA DC FF FF FF FF        		db	0FAh,0DCh,0FFh,0FFh,0FFh,0FFh 
 18DC  2B 00 20 C2 D7 C0        		db	 2Bh, 00h, 20h,0C2h,0D7h,0C0h 
 18E2  12 FF FF 2B 00 10        		db	 12h,0FFh,0FFh, 2Bh, 00h, 10h 
 18E8  FE D7 C3 10 FF FF        		db	0FEh,0D7h,0C3h, 10h,0FFh,0FFh 
 18EE  2B 00 08 52 D8 81        		db	 2Bh, 00h, 08h, 52h,0D8h, 81h 
 18F4  11 FF FF 2B 00 04        		db	 11h,0FFh,0FFh, 2Bh, 00h, 04h 
 18FA  5E D8 C0 06 FF FF        		db	 5Eh,0D8h,0C0h, 06h,0FFh,0FFh 
 1900  FF FF 17 AF 00 10        		db	0FFh,0FFh, 17h,0AFh, 00h, 10h 
 1906  43 61 76 65 72 6E 20     		db	'Cavern of Tesoro' 
       6F 66 20 54 65 73 6F     
       72 6F                    
 1916  13 00 05 0A 0A 09        		db	 13h, 00h, 05h, 0Ah, 0Ah, 09h 
 191C  00 3B FF 03 00 00        		db	 00h, 3Bh,0FFh, 03h, 00h, 00h 
 1922  00 00 00 00 09 00        		db	 00h, 00h, 00h, 00h, 09h, 00h 
 1928  3B 03 00 0F 00 0C        		db	 3Bh, 03h, 00h, 0Fh, 00h, 0Ch 
 192E  FF 04 00 00 00 00        		db	0FFh, 04h, 00h, 00h, 00h, 00h 
 1934  00 00 0F 00 0C 04        		db	 00h, 00h, 0Fh, 00h, 0Ch, 04h 
 193A  00 11 00 34 FF 04        		db	 00h, 11h, 00h, 34h,0FFh, 04h 
 1940  00 00 00 00 00 00        		db	 00h, 00h, 00h, 00h, 00h, 00h 
 1946  11 00 34 04 00 24        		db	 11h, 00h, 34h, 04h, 00h, 24h 
 194C  00 0A FF 04 00 00        		db	 00h, 0Ah,0FFh, 04h, 00h, 00h 
 1952  00 00 00 00 24 00        		db	 00h, 00h, 00h, 00h, 24h, 00h 
 1958  0A 04 00 29 00 34        		db	 0Ah, 04h, 00h, 29h, 00h, 34h 
 195E  FF 73 00 00 20 00        		db	0FFh, 73h, 00h, 00h, 20h, 00h 
 1964  18 00 2A 00 80 00        		db	 18h, 00h, 2Ah, 00h, 80h, 00h 
 196A  00 33 00 19 FF 04        		db	 00h, 33h, 00h, 19h,0FFh, 04h 
 1970  00 00 00 00 00 00        		db	 00h, 00h, 00h, 00h, 00h, 00h 
 1976  33 00 19 04 00 38        		db	 33h, 00h, 19h, 04h, 00h, 38h 
 197C  00 3C FF 02 00 00        		db	 00h, 3Ch,0FFh, 02h, 00h, 00h 
 1982  00 00 00 00 38 00        		db	 00h, 00h, 00h, 00h, 38h, 00h 
 1988  3C 02 00 3F 00 00        		db	 3Ch, 02h, 00h, 3Fh, 00h, 00h 
 198E  FF 04 00 00 00 00        		db	0FFh, 04h, 00h, 00h, 00h, 00h 
 1994  00 00 3F 00 00 04        		db	 00h, 00h, 3Fh, 00h, 00h, 04h 
 199A  00 55 00 2D FF 04        		db	 00h, 55h, 00h, 2Dh,0FFh, 04h 
 19A0  00 00 00 00 00 00        		db	 00h, 00h, 00h, 00h, 00h, 00h 
 19A6  55 00 2D 04 00 56        		db	 55h, 00h, 2Dh, 04h, 00h, 56h 
 19AC  00 11 FF 03 00 00        		db	 00h, 11h,0FFh, 03h, 00h, 00h 
 19B2  00 00 00 00 56 00        		db	 00h, 00h, 00h, 00h, 56h, 00h 
 19B8  11 03 00 5C 00 16        		db	 11h, 03h, 00h, 5Ch, 00h, 16h 
 19BE  FF 04 00 00 00 00        		db	0FFh, 04h, 00h, 00h, 00h, 00h 
 19C4  00 00 5C 00 16 04        		db	 00h, 00h, 5Ch, 00h, 16h, 04h 
 19CA  00 61 00 29 FF 03        		db	 00h, 61h, 00h, 29h,0FFh, 03h 
 19D0  00 00 00 00 00 00        		db	 00h, 00h, 00h, 00h, 00h, 00h 
 19D6  61 00 29 03 00 64        		db	 61h, 00h, 29h, 03h, 00h, 64h 
 19DC  00 1E FF 02 00 00        		db	 00h, 1Eh,0FFh, 02h, 00h, 00h 
 19E2  00 00 00 00 64 00        		db	 00h, 00h, 00h, 00h, 64h, 00h 
 19E8  1E 02 00 6D 00 38        		db	 1Eh, 02h, 00h, 6Dh, 00h, 38h 
 19EE  FF 02 00 00 00 00        		db	0FFh, 02h, 00h, 00h, 00h, 00h 
 19F4  00 00 6D 00 38 02        		db	 00h, 00h, 6Dh, 00h, 38h, 02h 
 19FA  00 6F 00 22 FF 04        		db	 00h, 6Fh, 00h, 22h,0FFh, 04h 
 1A00  00 00 00 00 00 00        		db	 00h, 00h, 00h, 00h, 00h, 00h 
 1A06  6F 00 22 04 00 72        		db	 6Fh, 00h, 22h, 04h, 00h, 72h 
 1A0C  00 0F FF 00 00 00        		db	 00h, 0Fh,0FFh, 00h, 00h, 00h 
 1A12  10 00 00 00 72 00        		db	 10h, 00h, 00h, 00h, 72h, 00h 
Microsoft (R) Macro Assembler  Version 4.00                 3/29/26 15:17:51

                                                            Page     1-27
                                                            

 1A18  0F 00 00 72 00 11        		db	 0Fh, 00h, 00h, 72h, 00h, 11h 
 1A1E  FF 01 00 00 10 00        		db	0FFh, 01h, 00h, 00h, 10h, 00h 
 1A24  00 00 72 00 11 01        		db	 00h, 00h, 72h, 00h, 11h, 01h 
 1A2A  00 76 00 1E FF 02        		db	 00h, 76h, 00h, 1Eh,0FFh, 02h 
 1A30  00 00 00 00 00 00        		db	 00h, 00h, 00h, 00h, 00h, 00h 
 1A36  76 00 1E 02 00 77        		db	 76h, 00h, 1Eh, 02h, 00h, 77h 
 1A3C  00 0D FF 73 00 03        		db	 00h, 0Dh,0FFh, 73h, 00h, 03h 
 1A42  20 00 00 00 2A 00        		db	 20h, 00h, 00h, 00h, 2Ah, 00h 
 1A48  40 00 00 7D 00 29        		db	 40h, 00h, 00h, 7Dh, 00h, 29h 
 1A4E  FF 03 00 00 00 00        		db	0FFh, 03h, 00h, 00h, 00h, 00h 
 1A54  00 00 7D 00 29 03        		db	 00h, 00h, 7Dh, 00h, 29h, 03h 
 1A5A  00 7D 00 2D FF 04        		db	 00h, 7Dh, 00h, 2Dh,0FFh, 04h 
 1A60  00 00 00 00 00 00        		db	 00h, 00h, 00h, 00h, 00h, 00h 
 1A66  7D 00 2D 04 00 83        		db	 7Dh, 00h, 2Dh, 04h, 00h, 83h 
 1A6C  00 38 FF 02 00 00        		db	 00h, 38h,0FFh, 02h, 00h, 00h 
 1A72  00 00 00 00 83 00        		db	 00h, 00h, 00h, 00h, 83h, 00h 
 1A78  38 02 00 85 00 01        		db	 38h, 02h, 00h, 85h, 00h, 01h 
 1A7E  FF 00 00 00 10 00        		db	0FFh, 00h, 00h, 00h, 10h, 00h 
 1A84  00 00 85 00 01 00        		db	 00h, 00h, 85h, 00h, 01h, 00h 
 1A8A  00 85 00 03 FF 01        		db	 00h, 85h, 00h, 03h,0FFh, 01h 
 1A90  00 00 10 00 00 00        		db	 00h, 00h, 10h, 00h, 00h, 00h 
 1A96  85 00 03 01 00 8C        		db	 85h, 00h, 03h, 01h, 00h, 8Ch 
 1A9C  00 0E FF 76 00 00        		db	 00h, 0Eh,0FFh, 76h, 00h, 00h 
 1AA2  20 00 00 00 2A 00        		db	 20h, 00h, 00h, 00h, 2Ah, 00h 
 1AA8  20 00 00 8E 00 16        		db	 20h, 00h, 00h, 8Eh, 00h, 16h 
 1AAE  FF 00 00 00 10 00        		db	0FFh, 00h, 00h, 00h, 10h, 00h 
 1AB4  00 00 8E 00 16 00        		db	 00h, 00h, 8Eh, 00h, 16h, 00h 
 1ABA  00 8E 00 18 FF 01        		db	 00h, 8Eh, 00h, 18h,0FFh, 01h 
 1AC0  00 00 10 00 00 00        		db	 00h, 00h, 10h, 00h, 00h, 00h 
 1AC6  8E 00 18 01 00 93        		db	 8Eh, 00h, 18h, 01h, 00h, 93h 
 1ACC  00 08 FF 04 00 00        		db	 00h, 08h,0FFh, 04h, 00h, 00h 
 1AD2  00 00 00 00 93 00        		db	 00h, 00h, 00h, 00h, 93h, 00h 
 1AD8  08 04 00 96 00 03        		db	 08h, 04h, 00h, 96h, 00h, 03h 
 1ADE  FF 02 00 00 00 00        		db	0FFh, 02h, 00h, 00h, 00h, 00h 
 1AE4  00 00 96 00 03 02        		db	 00h, 00h, 96h, 00h, 03h, 02h 
 1AEA  00 9B 00 23 FF 04        		db	 00h, 9Bh, 00h, 23h,0FFh, 04h 
 1AF0  00 00 00 00 00 00        		db	 00h, 00h, 00h, 00h, 00h, 00h 
 1AF6  9B 00 23 04 00 A1        		db	 9Bh, 00h, 23h, 04h, 00h,0A1h 
 1AFC  00 28 FF D0 00 00        		db	 00h, 28h,0FFh,0D0h, 00h, 00h 
 1B02  20 00 19 00 2A 00        		db	 20h, 00h, 19h, 00h, 2Ah, 00h 
 1B08  10 00 00 A3 00 26        		db	 10h, 00h, 00h,0A3h, 00h, 26h 
 1B0E  FF 00 00 00 10 00        		db	0FFh, 00h, 00h, 00h, 10h, 00h 
 1B14  00 00 A3 00 26 00        		db	 00h, 00h,0A3h, 00h, 26h, 00h 
 1B1A  00 A3 00 28 FF 01        		db	 00h,0A3h, 00h, 28h,0FFh, 01h 
 1B20  00 00 10 00 00 00        		db	 00h, 00h, 10h, 00h, 00h, 00h 
 1B26  A3 00 28 01 00 A8        		db	0A3h, 00h, 28h, 01h, 00h,0A8h 
 1B2C  00 2D FF 04 00 00        		db	 00h, 2Dh,0FFh, 04h, 00h, 00h 
 1B32  00 00 00 00 A8 00        		db	 00h, 00h, 00h, 00h,0A8h, 00h 
 1B38  2D 04 00 AD 00 08        		db	 2Dh, 04h, 00h,0ADh, 00h, 08h 
 1B3E  FF 04 00 00 00 00        		db	0FFh, 04h, 00h, 00h, 00h, 00h 
 1B44  00 00 AD 00 08 04        		db	 00h, 00h,0ADh, 00h, 08h, 04h 
 1B4A  00 AD 00 39 FF 04        		db	 00h,0ADh, 00h, 39h,0FFh, 04h 
 1B50  00 00 00 00 00 00        		db	 00h, 00h, 00h, 00h, 00h, 00h 
 1B56  AD 00 39 04 00 AE        		db	0ADh, 00h, 39h, 04h, 00h,0AEh 
 1B5C  00 33 FF 02 00 00        		db	 00h, 33h,0FFh, 02h, 00h, 00h 
Microsoft (R) Macro Assembler  Version 4.00                 3/29/26 15:17:51

                                                            Page     1-28
                                                            

 1B62  00 00 00 00 AE 00        		db	 00h, 00h, 00h, 00h,0AEh, 00h 
 1B68  33 02 00 B3 00 16        		db	 33h, 02h, 00h,0B3h, 00h, 16h 
 1B6E  FF 00 00 00 10 00        		db	0FFh, 00h, 00h, 00h, 10h, 00h 
 1B74  00 00 B3 00 16 00        		db	 00h, 00h,0B3h, 00h, 16h, 00h 
 1B7A  00 B3 00 18 FF 01        		db	 00h,0B3h, 00h, 18h,0FFh, 01h 
 1B80  00 00 10 00 00 00        		db	 00h, 00h, 10h, 00h, 00h, 00h 
 1B86  B3 00 18 01 00 B4        		db	0B3h, 00h, 18h, 01h, 00h,0B4h 
 1B8C  00 0E FF 73 00 05        		db	 00h, 0Eh,0FFh, 73h, 00h, 05h 
 1B92  20 00 00 00 2A 00        		db	 20h, 00h, 00h, 00h, 2Ah, 00h 
 1B98  08 00 00 BE 00 03        		db	 08h, 00h, 00h,0BEh, 00h, 03h 
 1B9E  FF 02 00 00 00 00        		db	0FFh, 02h, 00h, 00h, 00h, 00h 
 1BA4  00 00 BE 00 03 02        		db	 00h, 00h,0BEh, 00h, 03h, 02h 
 1BAA  00 C3 00 07 FF 04        		db	 00h,0C3h, 00h, 07h,0FFh, 04h 
 1BB0  00 00 00 00 00 00        		db	 00h, 00h, 00h, 00h, 00h, 00h 
 1BB6  C3 00 07 04 00 C9        		db	0C3h, 00h, 07h, 04h, 00h,0C9h 
 1BBC  00 0D FF 73 00 00        		db	 00h, 0Dh,0FFh, 73h, 00h, 00h 
 1BC2  20 00 1A 00 2A 00        		db	 20h, 00h, 1Ah, 00h, 2Ah, 00h 
 1BC8  04 00 00 CB 00 1C        		db	 04h, 00h, 00h,0CBh, 00h, 1Ch 
 1BCE  FF 00 00 00 10 00        		db	0FFh, 00h, 00h, 00h, 10h, 00h 
 1BD4  00 00 CB 00 1C 00        		db	 00h, 00h,0CBh, 00h, 1Ch, 00h 
 1BDA  00 CB 00 1E FF 01        		db	 00h,0CBh, 00h, 1Eh,0FFh, 01h 
 1BE0  00 00 10 00 00 00        		db	 00h, 00h, 10h, 00h, 00h, 00h 
 1BE6  CB 00 1E 01 00 CB        		db	0CBh, 00h, 1Eh, 01h, 00h,0CBh 
 1BEC  00 3C FF 04 00 00        		db	 00h, 3Ch,0FFh, 04h, 00h, 00h 
 1BF2  00 00 00 00 CB 00        		db	 00h, 00h, 00h, 00h,0CBh, 00h 
 1BF8  3C 04 00 D3 00 22        		db	 3Ch, 04h, 00h,0D3h, 00h, 22h 
 1BFE  FF 04 00 00 00 00        		db	0FFh, 04h, 00h, 00h, 00h, 00h 
 1C04  00 00 D3 00 22 04        		db	 00h, 00h,0D3h, 00h, 22h, 04h 
 1C0A  00 DA 00 3D FF 02        		db	 00h,0DAh, 00h, 3Dh,0FFh, 02h 
 1C10  00 00 00 00 00 00        		db	 00h, 00h, 00h, 00h, 00h, 00h 
 1C16  DA 00 3D 02 00 E2        		db	0DAh, 00h, 3Dh, 02h, 00h,0E2h 
 1C1C  00 18 FF 04 00 00        		db	 00h, 18h,0FFh, 04h, 00h, 00h 
 1C22  00 00 00 00 E2 00        		db	 00h, 00h, 00h, 00h,0E2h, 00h 
 1C28  18 04 00 E6 00 0A        		db	 18h, 04h, 00h,0E6h, 00h, 0Ah 
 1C2E  FF 04 00 00 00 00        		db	0FFh, 04h, 00h, 00h, 00h, 00h 
 1C34  00 00 E6 00 0A 04        		db	 00h, 00h,0E6h, 00h, 0Ah, 04h 
 1C3A  00 E6 00 13 FF 04        		db	 00h,0E6h, 00h, 13h,0FFh, 04h 
 1C40  00 00 00 00 00 00        		db	 00h, 00h, 00h, 00h, 00h, 00h 
 1C46  E6 00 13 04 00 EA        		db	0E6h, 00h, 13h, 04h, 00h,0EAh 
 1C4C  00 06 FF 03 00 00        		db	 00h, 06h,0FFh, 03h, 00h, 00h 
 1C52  00 00 00 00 EA 00        		db	 00h, 00h, 00h, 00h,0EAh, 00h 
 1C58  06 03 00 EE 00 3D        		db	 06h, 03h, 00h,0EEh, 00h, 3Dh 
 1C5E  FF 03 00 00 00 00        		db	0FFh, 03h, 00h, 00h, 00h, 00h 
 1C64  00 00 EE 00 3D 03        		db	 00h, 00h,0EEh, 00h, 3Dh, 03h 
 1C6A  00 F2 00 18 FF 73        		db	 00h,0F2h, 00h, 18h,0FFh, 73h 
 1C70  00 00 20 00 19 00        		db	 00h, 00h, 20h, 00h, 19h, 00h 
 1C76  2A 00 02 00 00 04        		db	 2Ah, 00h, 02h, 00h, 00h, 04h 
 1C7C  01 23 FF 73 00 00        		db	 01h, 23h,0FFh, 73h, 00h, 00h 
 1C82  20 00 19 00 2A 00        		db	 20h, 00h, 19h, 00h, 2Ah, 00h 
 1C88  01 00 00 0B 01 0E        		db	 01h, 00h, 00h, 0Bh, 01h, 0Eh 
 1C8E  FF 73 00 05 20 00        		db	0FFh, 73h, 00h, 05h, 20h, 00h 
 1C94  00 00 2B 00 80 00        		db	 00h, 00h, 2Bh, 00h, 80h, 00h 
 1C9A  00 17 01 3B FF 04        		db	 00h, 17h, 01h, 3Bh,0FFh, 04h 
 1CA0  00 00 00 00 00 00        		db	 00h, 00h, 00h, 00h, 00h, 00h 
 1CA6  17 01 3B 04 00 19        		db	 17h, 01h, 3Bh, 04h, 00h, 19h 
Microsoft (R) Macro Assembler  Version 4.00                 3/29/26 15:17:51

                                                            Page     1-29
                                                            

 1CAC  01 37 FF 02 00 00        		db	 01h, 37h,0FFh, 02h, 00h, 00h 
 1CB2  00 00 00 00 19 01        		db	 00h, 00h, 00h, 00h, 19h, 01h 
 1CB8  37 02 00 2D 01 1F        		db	 37h, 02h, 00h, 2Dh, 01h, 1Fh 
 1CBE  FF 02 00 00 00 00        		db	0FFh, 02h, 00h, 00h, 00h, 00h 
 1CC4  00 00 2D 01 1F 02        		db	 00h, 00h, 2Dh, 01h, 1Fh, 02h 
 1CCA  00 2F 01 03 FF 02        		db	 00h, 2Fh, 01h, 03h,0FFh, 02h 
 1CD0  00 00 00 00 00 00        		db	 00h, 00h, 00h, 00h, 00h, 00h 
 1CD6  2F 01 03 02 00 3F        		db	 2Fh, 01h, 03h, 02h, 00h, 3Fh 
 1CDC  01 07 FF 76 00 00        		db	 01h, 07h,0FFh, 76h, 00h, 00h 
 1CE2  20 00 00 00 2B 00        		db	 20h, 00h, 00h, 00h, 2Bh, 00h 
 1CE8  40 00 00 FF FF           		db	 40h, 00h, 00h,0FFh,0FFh 
                                 
 1CED                           seg_a		ends 
                                 
                                 
                                 
                                		end 

Microsoft (R) Macro Assembler  Version 4.00                 3/29/26 15:17:51

                                                            Symbols-1
                                                             

Macros:

		N a m e			Lines

CALLF  . . . . . . . . . . . . .  	   2
CALLFX . . . . . . . . . . . . .  	   3
JMPN . . . . . . . . . . . . . .  	   2
MOVSEG . . . . . . . . . . . . .  	  43
RETF . . . . . . . . . . . . . .  	   6
RETN . . . . . . . . . . . . . .  	   6

Segments and Groups:

                N a m e         	Size	Align	Combine Class

SEG_A  . . . . . . . . . . . . .  	1CED	BYTE	PUBLIC	

Symbols:            

                N a m e         	Type	Value	Attr         

DATA_10E . . . . . . . . . . . .  	Number	43C3	
DATA_11E . . . . . . . . . . . .  	Number	53C3	
DATA_12E . . . . . . . . . . . .  	Number	63C3	
DATA_13E . . . . . . . . . . . .  	Number	69D7	
DATA_14E . . . . . . . . . . . .  	Number	C4C3	
DATA_15E . . . . . . . . . . . .  	Number	DDC3	
DATA_1E  . . . . . . . . . . . .  	Number	2001	
DATA_2E  . . . . . . . . . . . .  	Number	53C3	
DATA_3 . . . . . . . . . . . . .  	L WORD 	012D	SEG_A
DATA_4 . . . . . . . . . . . . .  	L WORD 	01BB	SEG_A
DATA_5 . . . . . . . . . . . . .  	L WORD 	07BB	SEG_A
DATA_6 . . . . . . . . . . . . .  	L WORD 	0DB9	SEG_A
DATA_7 . . . . . . . . . . . . .  	L WORD 	0FB9	SEG_A
DATA_8 . . . . . . . . . . . . .  	L WORD 	11B9	SEG_A
DATA_9E  . . . . . . . . . . . .  	Number	2FD9	

LOCLOOP_10 . . . . . . . . . . .  	L NEAR	13A2	SEG_A
LOCLOOP_11 . . . . . . . . . . .  	L NEAR	13DB	SEG_A
LOCLOOP_12 . . . . . . . . . . .  	L NEAR	1443	SEG_A
LOCLOOP_2  . . . . . . . . . . .  	L NEAR	028E	SEG_A
LOCLOOP_3  . . . . . . . . . . .  	L NEAR	02FE	SEG_A
LOCLOOP_4  . . . . . . . . . . .  	L NEAR	0C0B	SEG_A
LOCLOOP_5  . . . . . . . . . . .  	L NEAR	1180	SEG_A
LOCLOOP_6  . . . . . . . . . . .  	L NEAR	11D2	SEG_A
LOCLOOP_8  . . . . . . . . . . .  	L NEAR	11F2	SEG_A
LOCLOOP_9  . . . . . . . . . . .  	L NEAR	1222	SEG_A
LOC_RET_1  . . . . . . . . . . .  	L NEAR	0181	SEG_A

TARGET . . . . . . . . . . . . .  	Number	4D34	


   1546 Source  Lines
   1649 Total   Lines
     55 Symbols

  49190 Bytes symbol space free

      0 Warning Errors
      6 Severe  Errors
