Turbo Assembler	 Version 2.01	     03/22/26 12:06:33	    Page 1
ZR1_00.ASM



      1
      2
      3				     ;€€€€€€€€€€€€€€€€€€€€€€€€€€€€€€€€€€€€€€€€€€€€€€€€€€€€€€€€€€€€€€€€€€€€€€€€€€
      4				     ;€€								      €€
      5				     ;€€			     ZR1_00				      €€
      6				     ;€€								      €€
      7				     ;€€      Created:	 16-Feb-26					      €€
      8				     ;€€      Code type: zero start					      €€
      9				     ;€€      Passes:	 9	    Analysis Options on: none		      €€
     10				     ;€€								      €€
     11				     ;€€€€€€€€€€€€€€€€€€€€€€€€€€€€€€€€€€€€€€€€€€€€€€€€€€€€€€€€€€€€€€€€€€€€€€€€€€
     12
     13	      =	5432		     target	     EQU   'T2'			     ; Target assembler: TASM-2.X
     14
     15				     include  srmacros.inc
1    16
1    17				     ; Macros which may	be required for	proper re-assembly
1    18
1    19
1    20
1    21
1    22
1    23				     ;-----------------------------------------------------------------------------
1    24				     ; Some assemblers,	like TASM, check each far call and jump, to see	if it is
1    25				     ; in the same segment.  If	so, rather than	produce	the standard five byte far
1    26				     ; instruction it uses a near jump or call.
1    27
1    28				     calls	     macro   dummy1, dummy2, slocation
1    29						     db	     9Ah		     ; forced call far instruction
1    30						     dw	     offset slocation, seg slocation
1    31				     endm
1    32
1    33				     jmps	     macro   dummy1, dummy2, jlocation
1    34						     db	     0EAh		     ; forced jump far instruction
1    35						     dw	     offset jlocation, seg jlocation
1    36				     endm
1    37
1    38
1    39
1    40
1    41				     ;-----------------------------------------------------------------------------
1    42				     ;	Some compilers and some	assemblers will	code a call that goes to a far
1    43				     ;	subroutine in the same segment as:
1    44				     ;
1    45				     ;		     PUSH    CS
1    46				     ;		     CALL    near
1    47				     ;
1    48				     ;	This saves one byte, and is slightly faster.  If the assembler you are
1    49				     ;	using (i.e. MASM, Optasm) does not do this automatically, the following
1    50				     ;	macros are used	to code	the same information.  In other	words, the binary
1    51				     ;	file has "PUSH CS, CALL	near", and Sourcer ensures the same instructions
1    52				     ;	are used!  (macro CALLF)
1    53				     ;
1    54
Turbo Assembler	 Version 2.01	     03/22/26 12:06:33	    Page 2
ZR1_00.ASM



1    55				     callf	     macro   location
1    56						     push    cs
1    57						     call    near ptr location
1    58				     endm
1    59
1    60				     ;	Some compilers generate	an unnecessary DS override on the call instruction
1    61				     ;	when compacting	the CALLF type function.  Macro	CALLFX handles this case.
1    62
1    63				     callfx	     macro   location
1    64						     push    cs
1    65						     db	     3Eh
1    66						     call    near ptr location
1    67				     endm
1    68
1    69
1    70				     ;-----------------------------------------------------------------------------
1    71				     ;	Some compilers and some	assemblers will	code a near call that is the
1    72				     ;	selected assembler will	convert	to a short jump	to save	a byte.	 This
1    73				     ;	reconstructs a near jump for these cases.
1    74
1    75				     jmpn	     macro   location
1    76						     db	     0E9h
1    77						     dw	     offset location-$-2
1    78				     endm
1    79
1    80
1    81
     82
     83
     84				     ; The following equates show data references outside the range of the program.
     85
     86	      =	0660		     data_1e	     equ     660h		     ;*
     87	      =	0819		     data_2e	     equ     819h		     ;*
     88	      =	0D20		     data_3e	     equ     0D20h		     ;*
     89	      =	0EE0		     data_4e	     equ     0EE0h		     ;*
     90	      =	1A40		     data_5e	     equ     1A40h		     ;*
     91	      =	1D40		     data_6e	     equ     1D40h		     ;*
     92	      =	3000		     data_7e	     equ     3000h		     ;*
     93	      =	3A80		     data_8e	     equ     3A80h		     ;*
     94	      =	4000		     data_9e	     equ     4000h		     ;*
     95	      =	46D3		     data_10e	     equ     46D3h		     ;*
     96	      =	6000		     data_11e	     equ     6000h		     ;*
     97	      =	9C40		     data_12e	     equ     9C40h		     ;*
     98	      =	A9C0		     data_13e	     equ     0A9C0h		     ;*
     99	      =	AB40		     data_14e	     equ     0AB40h		     ;*
    100	      =	D000		     data_15e	     equ     0D000h		     ;*
    101	      =	4000		     data_137e	     equ     4000h		     ;*
    102	      =	64EA		     data_138e	     equ     64EAh		     ;*
    103	      =	653D		     data_139e	     equ     653Dh		     ;*
    104	      =	653F		     data_140e	     equ     653Fh		     ;*
    105	      =	6A73		     data_141e	     equ     6A73h		     ;*
    106	      =	6D56		     data_142e	     equ     6D56h		     ;*
    107	      =	6D58		     data_143e	     equ     6D58h		     ;*
    108	      =	6D5A		     data_144e	     equ     6D5Ah		     ;*
Turbo Assembler	 Version 2.01	     03/22/26 12:06:33	    Page 3
ZR1_00.ASM



    109	      =	6D5B		     data_145e	     equ     6D5Bh		     ;*
    110	      =	6D5C		     data_146e	     equ     6D5Ch		     ;*
    111	      =	6D5D		     data_147e	     equ     6D5Dh		     ;*
    112	      =	75A0		     data_148e	     equ     75A0h		     ;*
    113	      =	8000		     data_149e	     equ     8000h		     ;*
    114	      =	9000		     data_150e	     equ     9000h		     ;*
    115	      =	9060		     data_151e	     equ     9060h		     ;*
    116	      =	9096		     data_152e	     equ     9096h		     ;*
    117	      =	911E		     data_153e	     equ     911Eh		     ;*
    118	      =	912B		     data_154e	     equ     912Bh		     ;*
    119	      =	947D		     data_155e	     equ     947Dh		     ;*
    120	      =	94DD		     data_156e	     equ     94DDh		     ;*
    121	      =	953D		     data_157e	     equ     953Dh		     ;*
    122	      =	9547		     data_158e	     equ     9547h		     ;*
    123	      =	9551		     data_159e	     equ     9551h		     ;*
    124	      =	955D		     data_160e	     equ     955Dh		     ;*
    125	      =	9573		     data_161e	     equ     9573h		     ;*
    126	      =	957E		     data_162e	     equ     957Eh		     ;*
    127	      =	959F		     data_163e	     equ     959Fh		     ;*
    128	      =	95B4		     data_164e	     equ     95B4h		     ;*
    129	      =	95FE		     data_165e	     equ     95FEh		     ;*
    130	      =	9609		     data_166e	     equ     9609h		     ;*
    131	      =	97C0		     data_167e	     equ     97C0h		     ;*
    132	      =	A000		     data_168e	     equ     0A000h		     ;*
    133	      =	B000		     data_169e	     equ     0B000h		     ;*
    134	      =	B800		     data_170e	     equ     0B800h		     ;*
    135	      =	D000		     data_171e	     equ     0D000h		     ;*
    136	      =	FF1A		     data_172e	     equ     0FF1Ah		     ;*
    137	      =	FF1D		     data_173e	     equ     0FF1Dh		     ;*
    138	      =	FF24		     data_174e	     equ     0FF24h		     ;*
    139	      =	FF26		     data_175e	     equ     0FF26h		     ;*
    140	      =	FF29		     data_176e	     equ     0FF29h		     ;*
    141	      =	FF2C		     data_177e	     equ     0FF2Ch		     ;*
    142	      =	FF75		     data_178e	     equ     0FF75h		     ;*
    143	      =	0000		     data_179e	     equ     0			     ;*
    144	      =	0660		     data_180e	     equ     660h		     ;*
    145	      =	0CC0		     data_181e	     equ     0CC0h		     ;*
    146
    147	0000			     seg_a	     segment byte public
    148						     assume  cs:seg_a, ds:seg_a
    149
    150
    151						     org     0
    152
    153	0000			     zr1_00	     proc    far
    154
    155	0000			     start:
    156	0000  29 36 0000			     sub     word ptr ds:[0],si
    157	0004  02 60 FA				     add     ah,[bx+si-6]
    158	0007  BC 2000				     mov     sp,2000h
    159	000A  FB				     sti			     ; Enable interrupts
    160	000B  2E: C6 06	FF1D 00			     mov     byte ptr cs:data_173e,0
    161	0011  2E: C6 06	FF29 00			     mov     byte ptr cs:data_176e,0
    162	0017  0E				     push    cs
Turbo Assembler	 Version 2.01	     03/22/26 12:06:33	    Page 4
ZR1_00.ASM



    163	0018  1F				     pop     ds
    164	0019  2E: FF 16	0000			     call    word ptr cs:data_51
**Error** ZR1_00.ASM(99) Undefined symbol: DATA_51
    165	001E  0E				     push    cs
    166	001F  1F				     pop     ds
    167	0020  0E				     push    cs
    168	0021  07				     pop     es
    169	0022  BE 957E				     mov     si,data_162e
    170	0025  BF A000				     mov     di,data_168e
    171	0028  B0 02				     mov     al,2
    172	002A  2E: FF 16	010C			     call    word ptr cs:[10Ch]
    173	002F  2E: 8E 06	FF2C			     mov     es,cs:data_177e
    174	0034  BE A000				     mov     si,data_168e
    175	0037  BF 4000				     mov     di,data_137e
    176	003A  E8 0DA8				     call    sub_15
    177	003D  B8 0004				     mov     ax,4
    178	0040  2E: FF 16	0000			     call    word ptr cs:data_92
**Error** ZR1_00.ASM(113) Undefined symbol: DATA_92
    179	0045  33 DB				     xor     bx,bx		     ; Zero register
    180	0047  B1 96				     mov     cl,96h
    181	0049  BE 64EA				     mov     si,data_138e
    182	004C  2E: FF 16	202Ar			     call    word ptr cs:data_49+0Eh ; ('f ')
    183	0051  BB 070F				     mov     bx,70Fh
    184	0054  B9 4170				     mov     cx,4170h
    185	0057  2E: 8E 06	FF2C			     mov     es,cs:data_177e
    186	005C  BF 4000				     mov     di,data_137e
    187	005F  2E: FF 16	301Ar			     call    word ptr cs:data_101
    188	0064  0E				     push    cs
    189	0065  07				     pop     es
    190	0066  BE 953D				     mov     si,data_157e
    191	0069  BF A000				     mov     di,data_168e
    192	006C  B0 02				     mov     al,2
    193	006E  2E: FF 16	010C			     call    word ptr cs:[10Ch]
    194	0073  BE 9547				     mov     si,data_158e
    195	0076  BF B800				     mov     di,data_170e
    196	0079  B0 02				     mov     al,2
    197	007B  2E: FF 16	010C			     call    word ptr cs:[10Ch]
    198	0080  2E: 8E 06	FF2C			     mov     es,cs:data_177e
    199	0085  BE A000				     mov     si,data_168e
    200	0088  BF 4000				     mov     di,data_137e
    201	008B  E8 0CD4				     call    sub_13
    202	008E  2E: FF 16	0000			     call    word ptr cs:data_51
**Error** ZR1_00.ASM(137) Undefined symbol: DATA_51
    203	0093  2E: C6 06	FF1D 00			     mov     byte ptr cs:data_173e,0
    204	0099  2E: C6 06	FF29 00			     mov     byte ptr cs:data_176e,0
    205	009F  B8 0001				     mov     ax,1
    206	00A2  2E: FF 16	0000			     call    word ptr cs:data_92
**Error** ZR1_00.ASM(141) Undefined symbol: DATA_92
    207	00A7  B0 FF				     mov     al,0FFh
    208	00A9  BB 1220				     mov     bx,1220h
    209	00AC  B9 2C68				     mov     cx,2C68h
    210	00AF  2E: 8E 06	FF2C			     mov     es,cs:data_177e
    211	00B4  BF 4000				     mov     di,data_137e
    212	00B7  2E: FF 16	0000			     call    word ptr cs:data_89
Turbo Assembler	 Version 2.01	     03/22/26 12:06:33	    Page 5
ZR1_00.ASM



**Error** ZR1_00.ASM(147) Undefined symbol: DATA_89
    213	00BC  E8 029D				     call    sub_3
    214	00BF  B8 0002				     mov     ax,2
    215	00C2  2E: FF 16	0000			     call    word ptr cs:data_92
**Error** ZR1_00.ASM(150) Undefined symbol: DATA_92
    216	00C7  B0 FF				     mov     al,0FFh
    217	00C9  BB 1220				     mov     bx,1220h
    218	00CC  B9 2C68				     mov     cx,2C68h
    219	00CF  2E: 8E 06	FF2C			     mov     es,cs:data_177e
    220	00D4  BF 4000				     mov     di,4000h
    221	00D7  2E: FF 16	0000			     call    word ptr cs:data_90
**Error** ZR1_00.ASM(156) Undefined symbol: DATA_90
    222	00DC  2E: 8E 06	FF2C			     mov     es,cs:data_177e
    223	00E1  BE B800				     mov     si,data_170e
    224	00E4  BF 9000				     mov     di,data_150e
    225	00E7  E8 0C78				     call    sub_13
    226	00EA  BB 2048				     mov     bx,2048h
    227	00ED  B9 1040				     mov     cx,1040h
    228	00F0  2E: 8E 06	FF2C			     mov     es,cs:data_177e
    229	00F5  BF 75A0				     mov     di,data_148e
    230	00F8  2E: FF 16	3010r			     call    word ptr cs:data_96
    231	00FD  2E: C6 06	FF75 04			     mov     byte ptr cs:data_178e,4
    232	0103  BE 9060				     mov     si,data_151e
    233	0106  2E: FF 16	3012r			     call    word ptr cs:data_97
    234	010B  0E				     push    cs
    235	010C  07				     pop     es
    236	010D  BE 9551				     mov     si,data_159e
    237	0110  BF A000				     mov     di,data_168e
    238	0113  B0 02				     mov     al,2
    239	0115  2E: FF 16	010C			     call    word ptr cs:[10Ch]
    240	011A  2E: 8E 06	FF2C			     mov     es,cs:data_177e
    241	011F  BE A000				     mov     si,data_168e
    242	0122  BF 97C0				     mov     di,data_167e
    243	0125  E8 0C3A				     call    sub_13
    244	0128  E8 0CE8				     call    sub_16
    245	012B  BB 1220				     mov     bx,1220h
    246	012E  B9 2C68				     mov     cx,2C68h
    247	0131  2E: FF 16	0000			     call    word ptr cs:data_91
**Error** ZR1_00.ASM(182) Undefined symbol: DATA_91
    248	0136  B8 0003				     mov     ax,3
    249	0139  2E: FF 16	0000			     call    word ptr cs:data_92
**Error** ZR1_00.ASM(184) Undefined symbol: DATA_92
    250	013E  8C C8				     mov     ax,cs
    251	0140  05 2000				     add     ax,2000h
    252	0143  8E C0				     mov     es,ax
    253	0145  B0 FF				     mov     al,0FFh
    254	0147  BB 1720				     mov     bx,1720h
    255	014A  B9 2270				     mov     cx,2270h
    256	014D  BF 0000				     mov     di,0
    257	0150  2E: FF 16	0000			     call    word ptr cs:data_90
**Error** ZR1_00.ASM(192) Undefined symbol: DATA_90
    258	0155  BE 911E				     mov     si,data_153e
    259	0158			     loc_1:
    260	0158  C6 06 FF1A 00			     mov     byte ptr ds:data_172e,0
Turbo Assembler	 Version 2.01	     03/22/26 12:06:33	    Page 6
ZR1_00.ASM



    261	015D  AC				     lodsb			     ; String [si] to al
    262	015E  0A C0				     or	     al,al		     ; Zero ?
    263	0160  74 13				     jz	     loc_2		     ; Jump if zero
    264	0162  56				     push    si
    265	0163  FE C8				     dec     al
    266	0165  BB 1720				     mov     bx,1720h
    267	0168  2E: FF 16	3014r			     call    word ptr cs:data_98
    268	016D  5E				     pop     si
    269	016E  B0 14				     mov     al,14h
    270	0170  E8 023C				     call    sub_4
    271	0173  EB E3				     jmp     short loc_1
    272	0175			     loc_2:
    273	0175  C6 06 FF1A 00			     mov     byte ptr ds:data_172e,0
    274	017A  B0 F0				     mov     al,0F0h
    275	017C  E8 0230				     call    sub_4
    276	017F  BE 9096				     mov     si,data_152e
    277	0182  E8 0150				     call    sub_1
    278	0185  C6 06 FF1A 00			     mov     byte ptr ds:data_172e,0
    279	018A  B0 F0				     mov     al,0F0h
    280	018C  E8 0220				     call    sub_4
    281	018F  B0 02				     mov     al,2
    282	0191  BB 1720				     mov     bx,1720h
    283	0194  2E: FF 16	3014r			     call    word ptr cs:data_98
    284	0199  C6 06 FF1A 00			     mov     byte ptr ds:data_172e,0
    285	019E  B0 0F				     mov     al,0Fh
    286	01A0  E8 020C				     call    sub_4
    287	01A3  B0 03				     mov     al,3
    288	01A5  BB 1720				     mov     bx,1720h
    289	01A8  2E: FF 16	3014r			     call    word ptr cs:data_98
    290	01AD  C6 06 FF1A 00			     mov     byte ptr ds:data_172e,0
    291	01B2  B0 F0				     mov     al,0F0h
    292	01B4  E8 01F8				     call    sub_4
    293	01B7  32 C0				     xor     al,al		     ; Zero register
    294	01B9  BB 0094				     mov     bx,94h
    295	01BC  B9 501E				     mov     cx,501Eh
    296	01BF  2E: FF 16	2000r			     call    word ptr cs:data_47+80h ; ('es')
    297	01C4  0E				     push    cs
    298	01C5  07				     pop     es
    299	01C6  BE 9568				     mov     si,9568h
    300	01C9  BF A000				     mov     di,0A000h
    301	01CC  B0 02				     mov     al,2
    302	01CE  2E: FF 16	010C			     call    word ptr cs:[10Ch]
    303	01D3  2E: 8E 06	FF2C			     mov     es,cs:data_177e
    304	01D8  BE A000				     mov     si,data_168e
    305	01DB  BF 4000				     mov     di,data_137e
    306	01DE  E8 0C04				     call    sub_15
    307	01E1  0E				     push    cs
    308	01E2  07				     pop     es
    309	01E3  BE 9573				     mov     si,data_161e
    310	01E6  BF A000				     mov     di,data_168e
    311	01E9  B0 02				     mov     al,2
    312	01EB  2E: FF 16	010C			     call    word ptr cs:[10Ch]
    313	01F0  BE 957E				     mov     si,data_162e
    314	01F3  BF B000				     mov     di,data_169e
Turbo Assembler	 Version 2.01	     03/22/26 12:06:33	    Page 7
ZR1_00.ASM



    315	01F6  B0 02				     mov     al,2
    316	01F8  2E: FF 16	010C			     call    word ptr cs:[10Ch]
    317	01FD  BE 955D				     mov     si,data_160e
    318	0200  2E: 8E 06	FF2C			     mov     es,cs:data_177e
    319	0205  BF 3000r				     mov     di,offset data_87+32h   ; (' ')
    320	0208  B0 05				     mov     al,5
    321	020A  2E: FF 16	010C			     call    word ptr cs:[10Ch]
    322	020F  BB 1720				     mov     bx,1720h
    323	0212  B9 2270				     mov     cx,2270h
    324	0215  2E: FF 16	0000			     call    word ptr cs:data_91
**Error** ZR1_00.ASM(259) Undefined symbol: DATA_91
    325	021A  B8 0004				     mov     ax,4
    326	021D  2E: FF 16	0000			     call    word ptr cs:data_92
**Error** ZR1_00.ASM(261) Undefined symbol: DATA_92
    327	0222  C6 06 FF1A 00			     mov     byte ptr ds:data_172e,0
    328	0227  1E				     push    ds
    329	0228  2E: 8E 1E	FF2C			     mov     ds,cs:data_177e
    330	022D  BE 3000				     mov     si,3000h
    331	0230  33 C0				     xor     ax,ax		     ; Zero register
    332	0232  CD 60				     int     60h		     ; ??INT Non-standard interrupt
    333	0234  1F				     pop     ds
    334	0235  2E: FF 16	3018r			     call    word ptr cs:data_100
    335	023A  B0 F0				     mov     al,0F0h
    336	023C  E8 0170				     call    sub_4
    337	023F  32 C0				     xor     al,al		     ; Zero register
    338	0241  BB 0B48				     mov     bx,0B48h
    339	0244  B9 3180				     mov     cx,3180h
    340	0247  2E: 8E 06	FF2C			     mov     es,cs:data_177e
    341	024C  BF 4000				     mov     di,4000h
    342	024F  2E: FF 16	0000			     call    word ptr cs:data_90
**Error** ZR1_00.ASM(277) Undefined symbol: DATA_90
    343	0254  C6 06 FF1A 00			     mov     byte ptr ds:data_172e,0
    344	0259  2E: 8E 06	FF2C			     mov     es,cs:data_177e
    345	025E  BE B000				     mov     si,data_169e
    346	0261  BF 4000				     mov     di,data_137e
    347	0264  E8 0B7E				     call    sub_15
    348	0267  B0 F0				     mov     al,0F0h
    349	0269  E8 0143				     call    sub_4
    350	026C  BB 070F				     mov     bx,70Fh
    351	026F  B9 4170				     mov     cx,4170h
    352	0272  2E: 8E 06	FF2C			     mov     es,cs:data_177e
    353	0277  BF 4000				     mov     di,4000h
    354	027A  2E: FF 16	301Ar			     call    word ptr cs:data_101
    355	027F  C6 06 FF1A 00			     mov     byte ptr ds:data_172e,0
    356	0284  2E: 8E 06	FF2C			     mov     es,cs:data_177e
    357	0289  BE A000				     mov     si,data_168e
    358	028C  BF 4000				     mov     di,data_137e
    359	028F  E8 0B53				     call    sub_15
    360	0292  BE 912B				     mov     si,data_154e
    361	0295  2E: FF 16	301Cr			     call    word ptr cs:data_102
    362	029A  B0 F0				     mov     al,0F0h
    363	029C  E8 0110				     call    sub_4
    364	029F  B8 00C7				     mov     ax,0C7h
    365	02A2  B9 0064				     mov     cx,64h
Turbo Assembler	 Version 2.01	     03/22/26 12:06:33	    Page 8
ZR1_00.ASM



    366
    367	02A5			     locloop_3:
    368	02A5  51				     push    cx
    369	02A6  C6 06 FF1A 00			     mov     byte ptr ds:data_172e,0
    370	02AB  50				     push    ax
    371	02AC  2E: FF 16	301Er			     call    word ptr cs:data_103
    372	02B1  58				     pop     ax
    373	02B2  50				     push    ax
    374	02B3  8A C4				     mov     al,ah
    375	02B5  2E: FF 16	301Er			     call    word ptr cs:data_103
    376	02BA  B0 50				     mov     al,50h		     ; 'P'
    377	02BC  E8 00F0				     call    sub_4
    378	02BF  58				     pop     ax
    379	02C0  80 C4 02				     add     ah,2
    380	02C3  2C 02				     sub     al,2
    381	02C5  59				     pop     cx
    382	02C6  E2 DD				     loop    locloop_3		     ; Loop if cx > 0
    383
    384	02C8			     loc_4:
    385	02C8  E8 0105				     call    sub_5
    386	02CB  F6 06 FF26 FF			     test    byte ptr ds:data_175e,0FFh
    387	02D0  74 F6				     jz	     loc_4		     ; Jump if zero
    388	02D2  E9 0114				     jmp     loc_17
    389
    390	02D5			     zr1_00	     endp
    391
    392				     ;ﬂﬂﬂﬂﬂﬂﬂﬂﬂﬂﬂﬂﬂﬂﬂﬂﬂﬂﬂﬂﬂﬂﬂﬂﬂﬂﬂﬂﬂﬂﬂﬂﬂﬂﬂﬂﬂﬂﬂﬂﬂﬂﬂﬂﬂﬂﬂﬂﬂﬂﬂﬂﬂﬂﬂﬂﬂﬂﬂﬂﬂﬂﬂﬂﬂﬂﬂﬂﬂﬂﬂﬂﬂﬂ
    393				     ;				    SUBROUTINE
    394				     ;‹‹‹‹‹‹‹‹‹‹‹‹‹‹‹‹‹‹‹‹‹‹‹‹‹‹‹‹‹‹‹‹‹‹‹‹‹‹‹‹‹‹‹‹‹‹‹‹‹‹‹‹‹‹‹‹‹‹‹‹‹‹‹‹‹‹‹‹‹‹‹‹‹‹
    395
    396	02D5			     sub_1	     proc    near
    397	02D5  C6 06 653F 8A			     mov     byte ptr ds:data_140e,8Ah
    398	02DA			     loc_5:
    399	02DA  C6 06 FF1A 00			     mov     byte ptr ds:data_172e,0
    400	02DF			     loc_6:
    401	02DF  AC				     lodsb			     ; String [si] to al
    402	02E0  0A C0				     or	     al,al		     ; Zero ?
    403	02E2  75 01				     jnz     loc_7		     ; Jump if not zero
    404	02E4  C3				     retn
    405	02E5			     loc_7:
    406	02E5  3C 05				     cmp     al,5
    407	02E7  73 0E				     jae     loc_8		     ; Jump if above or	=
    408	02E9  56				     push    si
    409	02EA  FE C8				     dec     al
    410	02EC  BB 1F70				     mov     bx,1F70h
    411	02EF  2E: FF 16	3016r			     call    word ptr cs:data_99
    412	02F4  5E				     pop     si
    413	02F5  EB E8				     jmp     short loc_6
    414	02F7			     loc_8:
    415	02F7  E8 0007				     call    sub_2
    416	02FA  B0 14				     mov     al,14h
    417	02FC  E8 00B0				     call    sub_4
    418	02FF  EB D9				     jmp     short loc_5
    419	0301			     sub_1	     endp
Turbo Assembler	 Version 2.01	     03/22/26 12:06:33	    Page 9
ZR1_00.ASM



    420
    421
    422				     ;ﬂﬂﬂﬂﬂﬂﬂﬂﬂﬂﬂﬂﬂﬂﬂﬂﬂﬂﬂﬂﬂﬂﬂﬂﬂﬂﬂﬂﬂﬂﬂﬂﬂﬂﬂﬂﬂﬂﬂﬂﬂﬂﬂﬂﬂﬂﬂﬂﬂﬂﬂﬂﬂﬂﬂﬂﬂﬂﬂﬂﬂﬂﬂﬂﬂﬂﬂﬂﬂﬂﬂﬂﬂﬂ
    423				     ;				    SUBROUTINE
    424				     ;‹‹‹‹‹‹‹‹‹‹‹‹‹‹‹‹‹‹‹‹‹‹‹‹‹‹‹‹‹‹‹‹‹‹‹‹‹‹‹‹‹‹‹‹‹‹‹‹‹‹‹‹‹‹‹‹‹‹‹‹‹‹‹‹‹‹‹‹‹‹‹‹‹‹
    425
    426	0301			     sub_2	     proc    near
    427	0301  3C FF				     cmp     al,0FFh
    428	0303  75 1D				     jne     loc_11		     ; Jump if not equal
    429	0305  AC				     lodsb			     ; String [si] to al
    430	0306  0A C0				     or	     al,al		     ; Zero ?
    431	0308  75 01				     jnz     loc_9		     ; Jump if not zero
    432	030A  C3				     retn
    433	030B			     loc_9:
    434	030B  3C 01				     cmp     al,1
    435	030D  74 01				     je	     loc_10		     ; Jump if equal
    436	030F  C3				     retn
    437	0310			     loc_10:
    438	0310  33 C0				     xor     ax,ax		     ; Zero register
    439	0312  AC				     lodsb			     ; String [si] to al
    440	0313  03 C0				     add     ax,ax
    441	0315  03 C0				     add     ax,ax
    442	0317  03 C0				     add     ax,ax
    443	0319  A3 653D				     mov     ds:data_139e,ax
    444	031C  80 06 653F 0A			     add     byte ptr ds:data_140e,0Ah
    445	0321  C3				     retn
    446	0322			     loc_11:
    447	0322  50				     push    ax
    448	0323  56				     push    si
    449	0324  50				     push    ax
    450	0325  8B 1E 653D			     mov     bx,ds:data_139e
    451	0329  83 C3 02				     add     bx,2
    452	032C  8A 0E 653F			     mov     cl,ds:data_140e
    453	0330  80 C1 01				     add     cl,1
    454	0333  B4 02				     mov     ah,2
    455	0335  2E: FF 16	3030r			     call    word ptr cs:data_108
    456	033A  58				     pop     ax
    457	033B  8B 1E 653D			     mov     bx,ds:data_139e
    458	033F  8A 0E 653F			     mov     cl,ds:data_140e
    459	0343  B4 07				     mov     ah,7
    460	0345  2E: FF 16	3030r			     call    word ptr cs:data_108
    461	034A  5E				     pop     si
    462	034B  83 06 653D 08			     add     word ptr ds:data_139e,8
    463	0350  58				     pop     ax
    464	0351  3C 20				     cmp     al,20h		     ; ' '
    465	0353  75 01				     jne     loc_12		     ; Jump if not equal
    466	0355  C3				     retn
    467	0356			     loc_12:
    468	0356  C6 06 FF75 3F			     mov     byte ptr ds:data_178e,3Fh	     ; '?'
    469	035B  C3				     retn
    470	035C			     sub_2	     endp
    471
    472
    473				     ;ﬂﬂﬂﬂﬂﬂﬂﬂﬂﬂﬂﬂﬂﬂﬂﬂﬂﬂﬂﬂﬂﬂﬂﬂﬂﬂﬂﬂﬂﬂﬂﬂﬂﬂﬂﬂﬂﬂﬂﬂﬂﬂﬂﬂﬂﬂﬂﬂﬂﬂﬂﬂﬂﬂﬂﬂﬂﬂﬂﬂﬂﬂﬂﬂﬂﬂﬂﬂﬂﬂﬂﬂﬂﬂ
Turbo Assembler	 Version 2.01	     03/22/26 12:06:33	    Page 10
ZR1_00.ASM



    474				     ;				    SUBROUTINE
    475				     ;‹‹‹‹‹‹‹‹‹‹‹‹‹‹‹‹‹‹‹‹‹‹‹‹‹‹‹‹‹‹‹‹‹‹‹‹‹‹‹‹‹‹‹‹‹‹‹‹‹‹‹‹‹‹‹‹‹‹‹‹‹‹‹‹‹‹‹‹‹‹‹‹‹‹
    476
    477	035C			     sub_3	     proc    near
    478	035C  BB 0020				     mov     bx,20h
    479	035F  B9 5078				     mov     cx,5078h
    480	0362  2E: FF 16	300Ar			     call    word ptr cs:data_93
    481	0367  BE 6FF0				     mov     si,6FF0h
    482	036A			     loc_13:
    483	036A  2E: FF 16	300Cr			     call    word ptr cs:data_94
    484	036F  56				     push    si
    485	0370  B9 000A				     mov     cx,0Ah
    486
    487	0373			     locloop_14:
    488	0373  51				     push    cx
    489	0374  8B C1				     mov     ax,cx
    490	0376  F7 D8				     neg     ax
    491	0378  05 000A				     add     ax,0Ah
    492	037B  BB 0020				     mov     bx,20h
    493	037E  B9 5078				     mov     cx,5078h
    494	0381  2E: FF 16	300Er			     call    word ptr cs:data_95
    495	0386  B0 1C				     mov     al,1Ch
    496	0388  E8 0024				     call    sub_4
    497	038B  59				     pop     cx
    498	038C  E2 E5				     loop    locloop_14		     ; Loop if cx > 0
    499
    500	038E  5E				     pop     si
    501	038F  80 7C FF FF			     cmp     byte ptr [si-1],0FFh
    502	0393  75 D5				     jne     loc_13		     ; Jump if not equal
    503	0395  B9 0078				     mov     cx,78h
    504
    505	0398			     locloop_15:
    506	0398  51				     push    cx
    507	0399  33 C0				     xor     ax,ax		     ; Zero register
    508	039B  BB 0020				     mov     bx,20h
    509	039E  B9 5078				     mov     cx,5078h
    510	03A1  2E: FF 16	300Er			     call    word ptr cs:data_95
    511	03A6  B0 1C				     mov     al,1Ch
    512	03A8  E8 0004				     call    sub_4
    513	03AB  59				     pop     cx
    514	03AC  E2 EA				     loop    locloop_15		     ; Loop if cx > 0
    515
    516	03AE  C3				     retn
    517	03AF			     sub_3	     endp
    518
    519
    520				     ;ﬂﬂﬂﬂﬂﬂﬂﬂﬂﬂﬂﬂﬂﬂﬂﬂﬂﬂﬂﬂﬂﬂﬂﬂﬂﬂﬂﬂﬂﬂﬂﬂﬂﬂﬂﬂﬂﬂﬂﬂﬂﬂﬂﬂﬂﬂﬂﬂﬂﬂﬂﬂﬂﬂﬂﬂﬂﬂﬂﬂﬂﬂﬂﬂﬂﬂﬂﬂﬂﬂﬂﬂﬂﬂ
    521				     ;				    SUBROUTINE
    522				     ;‹‹‹‹‹‹‹‹‹‹‹‹‹‹‹‹‹‹‹‹‹‹‹‹‹‹‹‹‹‹‹‹‹‹‹‹‹‹‹‹‹‹‹‹‹‹‹‹‹‹‹‹‹‹‹‹‹‹‹‹‹‹‹‹‹‹‹‹‹‹‹‹‹‹
    523
    524	03AF			     sub_4	     proc    near
    525	03AF			     loc_16:
    526	03AF  2E: F6 06	FF1D FF			     test    byte ptr cs:data_173e,0FFh
    527	03B5  75 32				     jnz     loc_17		     ; Jump if not zero
Turbo Assembler	 Version 2.01	     03/22/26 12:06:33	    Page 11
ZR1_00.ASM



    528	03B7  2E: 80 3E	FF29 0D			     cmp     byte ptr cs:data_176e,0Dh
    529	03BD  74 2A				     je	     loc_17		     ; Jump if equal
    530	03BF  E8 000E				     call    sub_5
    531	03C2  2E: 38 06	FF1A			     cmp     cs:data_172e,al
    532	03C7  72 E6				     jb	     loc_16		     ; Jump if below
    533	03C9  2E: C6 06	FF1A 00			     mov     byte ptr cs:data_172e,0
    534	03CF  C3				     retn
    535
    536				     ;ﬂﬂﬂﬂ External Entry into Subroutine ﬂﬂﬂﬂﬂﬂﬂﬂﬂﬂﬂﬂﬂﬂﬂﬂﬂﬂﬂﬂﬂﬂﬂﬂﬂﬂﬂﬂﬂﬂﬂﬂﬂﬂﬂﬂﬂﬂ
    537
    538	03D0			     sub_5:
    539	03D0  56				     push    si
    540	03D1  50				     push    ax
    541	03D2  2E: FF 16	0110			     call    word ptr cs:[110h]
    542	03D7  2E: FF 16	0112			     call    word ptr cs:[112h]
    543	03DC  2E: FF 16	0116			     call    word ptr cs:[116h]
    544	03E1  2E: FF 16	0118			     call    word ptr cs:[118h]
    545	03E6  58				     pop     ax
    546	03E7  5E				     pop     si
    547	03E8  C3				     retn
    548	03E9			     loc_17:
    549	03E9  C6 06 FF24 08			     mov     byte ptr ds:data_174e,8
    550	03EE  B0 FF				     mov     al,0FFh
    551	03F0  BB 0000				     mov     bx,0
    552	03F3  B9 50C8				     mov     cx,50C8h
    553	03F6  2E: FF 16	0000			     call    word ptr cs:data_91
**Error** ZR1_00.ASM(488) Undefined symbol: DATA_91
    554	03FB			     loc_18:
    555	03FB  F6 06 FF26 FF			     test    byte ptr ds:data_175e,0FFh
    556	0400  74 F9				     jz	     loc_18		     ; Jump if zero
    557	0402  2E: C6 06	FF1D 00			     mov     byte ptr cs:data_173e,0
    558	0408  2E: C6 06	FF29 00			     mov     byte ptr cs:data_176e,0
    559	040E  EB 00				     jmp     short $+2		     ; delay for I/O
    560	0410  FA				     cli			     ; Disable interrupts
    561	0411  BC 2000				     mov     sp,2000h
    562	0414  FB				     sti			     ; Enable interrupts
    563	0415  0E				     push    cs
    564	0416  1F				     pop     ds
    565	0417  2E: FF 16	0000			     call    word ptr cs:data_51
**Error** ZR1_00.ASM(500) Undefined symbol: DATA_51
    566	041C  BE 9589				     mov     si,9589h
    567	041F  2E: 8E 06	FF2C			     mov     es,cs:data_177e
    568	0424  BF 3000				     mov     di,3000h
    569	0427  B0 05				     mov     al,5
    570	0429  2E: FF 16	010C			     call    word ptr cs:[10Ch]
    571	042E  C6 06 FF1A 00			     mov     byte ptr ds:data_172e,0
    572	0433  1E				     push    ds
    573	0434  2E: 8E 1E	FF2C			     mov     ds,cs:data_177e
    574	0439  BE 3000				     mov     si,3000h
    575	043C  33 C0				     xor     ax,ax		     ; Zero register
    576	043E  CD 60				     int     60h		     ; ??INT Non-standard interrupt
    577	0440  1F				     pop     ds
    578	0441  2E: C6 06	FF1D 00			     mov     byte ptr cs:data_173e,0
    579	0447  2E: C6 06	FF29 00			     mov     byte ptr cs:data_176e,0
Turbo Assembler	 Version 2.01	     03/22/26 12:06:33	    Page 12
ZR1_00.ASM



    580	044D  B8 0001				     mov     ax,1
    581	0450  2E: FF 16	0000			     call    word ptr cs:data_92
**Error** ZR1_00.ASM(516) Undefined symbol: DATA_92
    582	0455  E8 0043				     call    sub_7
    583	0458  EB 21				     jmp     short loc_20
    584
    585				     ;ﬂﬂﬂﬂ External Entry into Subroutine ﬂﬂﬂﬂﬂﬂﬂﬂﬂﬂﬂﬂﬂﬂﬂﬂﬂﬂﬂﬂﬂﬂﬂﬂﬂﬂﬂﬂﬂﬂﬂﬂﬂﬂﬂﬂﬂﬂ
    586
    587	045A			     sub_6:
    588	045A			     loc_19:
    589	045A  2E: F6 06	FF1D FF			     test    byte ptr cs:data_173e,0FFh
    590	0460  75 19				     jnz     loc_20		     ; Jump if not zero
    591	0462  2E: 80 3E	FF29 0D			     cmp     byte ptr cs:data_176e,0Dh
    592	0468  74 11				     je	     loc_20		     ; Jump if equal
    593	046A  E8 FF63				     call    sub_5
    594	046D  2E: 38 06	FF1A			     cmp     cs:data_172e,al
    595	0472  72 E6				     jb	     loc_19		     ; Jump if below
    596	0474  2E: C6 06	FF1A 00			     mov     byte ptr cs:data_172e,0
    597	047A  C3				     retn
    598	047B			     loc_20:
    599	047B  C6 06 FF24 08			     mov     byte ptr ds:data_174e,8
    600	0480  2E: FF 16	0000			     call    word ptr cs:data_51
**Error** ZR1_00.ASM(535) Undefined symbol: DATA_51
    601	0485			     loc_21:
    602	0485  F6 06 FF26 FF			     test    byte ptr ds:data_175e,0FFh
    603	048A  74 F9				     jz	     loc_21		     ; Jump if zero
    604	048C  2E: C6 06	FF1D 00			     mov     byte ptr cs:data_173e,0
    605	0492  2E: C6 06	FF29 00			     mov     byte ptr cs:data_176e,0
    606	0498  E9 00A9				     jmp     loc_25
    607
    608				     ;ﬂﬂﬂﬂ External Entry into Subroutine ﬂﬂﬂﬂﬂﬂﬂﬂﬂﬂﬂﬂﬂﬂﬂﬂﬂﬂﬂﬂﬂﬂﬂﬂﬂﬂﬂﬂﬂﬂﬂﬂﬂﬂﬂﬂﬂﬂ
    609
    610	049B			     sub_7:
    611	049B  BB 0020				     mov     bx,20h
    612	049E  B9 5078				     mov     cx,5078h
    613	04A1  2E: FF 16	300Ar			     call    word ptr cs:data_93
    614	04A6  BE 742F				     mov     si,742Fh
    615	04A9			     loc_22:
    616	04A9  2E: FF 16	300Cr			     call    word ptr cs:data_94
    617	04AE  56				     push    si
    618	04AF  B9 000A				     mov     cx,0Ah
    619
    620	04B2			     locloop_23:
    621	04B2  51				     push    cx
    622	04B3  8B C1				     mov     ax,cx
    623	04B5  F7 D8				     neg     ax
    624	04B7  05 000A				     add     ax,0Ah
    625	04BA  BB 0020				     mov     bx,20h
    626	04BD  B9 5078				     mov     cx,5078h
    627	04C0  2E: FF 16	300Er			     call    word ptr cs:data_95
    628	04C5  B0 1C				     mov     al,1Ch
    629	04C7  E8 FF90				     call    sub_6
    630	04CA  59				     pop     cx
    631	04CB  E2 E5				     loop    locloop_23		     ; Loop if cx > 0
Turbo Assembler	 Version 2.01	     03/22/26 12:06:33	    Page 13
ZR1_00.ASM



    632
    633	04CD  5E				     pop     si
    634	04CE  80 7C FF FF			     cmp     byte ptr [si-1],0FFh
    635	04D2  75 D5				     jne     loc_22		     ; Jump if not equal
    636	04D4  B9 0078				     mov     cx,78h
    637
    638	04D7			     locloop_24:
    639	04D7  51				     push    cx
    640	04D8  33 C0				     xor     ax,ax		     ; Zero register
    641	04DA  BB 0020				     mov     bx,20h
    642	04DD  B9 5078				     mov     cx,5078h
    643	04E0  2E: FF 16	300Er			     call    word ptr cs:data_95
    644	04E5  B0 1C				     mov     al,1Ch
    645	04E7  E8 FF70				     call    sub_6
    646	04EA  59				     pop     cx
    647	04EB  E2 EA				     loop    locloop_24		     ; Loop if cx > 0
    648
    649	04ED  C3				     retn
    650	04EE  87 20				     db	      87h, 20h
    651	04F0  20 20 20 43 6F 70	79+		     db	     '	 Copyright (C)1987,1990	GAME A'
    652	      72 69 67 68 74 20	28+
    653	      43 29 31 39 38 37	2C+
    654	      31 39 39 30 20 47	41+
    655	      4D 45 20 41
    656	0510  52 54 53 20 20 20	20+		     db	     'RTS    ',	0Dh, '	  Copyright (C'
    657	      0D 20 20 20 20 43	6F+
    658	      70 79 72 69 67 68	74+
    659	      20 28 43
    660	0528  29 31 39 39 30 20	53+		     db	     ')1990 Sierra On-Line    '
    661	      69 65 72 72 61 20	4F+
    662	      6E 2D 4C 69 6E 65	20+
    663	      20 20 20
    664	0540  FF 00 00 00			     db	     0FFh, 00h,	00h, 00h
    665	0544			     loc_25:
    666	0544  FA				     cli			     ; Disable interrupts
    667	0545  BC 2000				     mov     sp,2000h
    668	0548  FB				     sti			     ; Enable interrupts
    669	0549  2E: C6 06	FF1D 00			     mov     byte ptr cs:data_173e,0
    670	054F  2E: C6 06	FF29 00			     mov     byte ptr cs:data_176e,0
    671	0555  2E: C7 06	6D56 79C6		     mov     word ptr cs:data_142e,79C6h
    672	055C  B8 0005				     mov     ax,5
    673	055F  2E: FF 16	0000			     call    word ptr cs:data_92
**Error** ZR1_00.ASM(598) Undefined symbol: DATA_92
    674	0564  0E				     push    cs
    675	0565  07				     pop     es
    676	0566  BE 9594				     mov     si,9594h
    677	0569  BF A000				     mov     di,0A000h
    678	056C  B0 02				     mov     al,2
    679	056E  2E: FF 16	010C			     call    word ptr cs:[10Ch]
    680	0573  8C C8				     mov     ax,cs
    681	0575  05 2000				     add     ax,2000h
    682	0578  8E C0				     mov     es,ax
    683	057A  BE A000				     mov     si,data_168e
    684	057D  BF 0000				     mov     di,0
Turbo Assembler	 Version 2.01	     03/22/26 12:06:33	    Page 14
ZR1_00.ASM



    685	0580  E8 07DF				     call    sub_13
    686	0583  0E				     push    cs
    687	0584  07				     pop     es
    688	0585  BE 959F				     mov     si,data_163e
    689	0588  BF A000				     mov     di,data_168e
    690	058B  B0 02				     mov     al,2
    691	058D  2E: FF 16	010C			     call    word ptr cs:[10Ch]
    692	0592  2E: 8E 06	FF2C			     mov     es,cs:data_177e
    693	0597  BE A000				     mov     si,data_168e
    694	059A  BF 4000				     mov     di,data_137e
    695	059D  E8 07C2				     call    sub_13
    696	05A0  BB 0000				     mov     bx,0
    697	05A3  B9 5088				     mov     cx,5088h
    698	05A6  8C C8				     mov     ax,cs
    699	05A8  05 2000				     add     ax,2000h
    700	05AB  8E C0				     mov     es,ax
    701	05AD  BF 0000				     mov     di,0
    702	05B0  2E: FF 16	3010r			     call    word ptr cs:data_96
    703	05B5  BB 0410				     mov     bx,410h
    704	05B8  B9 4868				     mov     cx,4868h
    705	05BB  2E: 8E 06	FF2C			     mov     es,cs:data_177e
    706	05C0  BF 4000				     mov     di,data_137e
    707	05C3  2E: FF 16	3010r			     call    word ptr cs:data_96
    708	05C8  E8 04AE				     call    sub_10
    709	05CB  B8 0009				     mov     ax,9
    710	05CE  2E: FF 16	0000			     call    word ptr cs:data_92
**Error** ZR1_00.ASM(635) Undefined symbol: DATA_92
    711	05D3  BB 0410				     mov     bx,410h
    712	05D6  B9 4868				     mov     cx,4868h
    713	05D9  2E: 8E 06	FF2C			     mov     es,cs:data_177e
    714	05DE  BF 4000				     mov     di,4000h
    715	05E1  2E: FF 16	3010r			     call    word ptr cs:data_96
    716	05E6  0E				     push    cs
    717	05E7  07				     pop     es
    718	05E8  BE 95A9				     mov     si,95A9h
    719	05EB  BF A000				     mov     di,0A000h
    720	05EE  B0 02				     mov     al,2
    721	05F0  2E: FF 16	010C			     call    word ptr cs:[10Ch]
    722	05F5  2E: 8E 06	FF2C			     mov     es,cs:data_177e
    723	05FA  BE A000				     mov     si,data_168e
    724	05FD  BF 4000				     mov     di,data_137e
    725	0600  E8 075F				     call    sub_13
    726	0603  E8 0473				     call    sub_10
    727	0606  33 C0				     xor     ax,ax		     ; Zero register
    728	0608  2E: FF 16	3020r			     call    word ptr cs:data_104
    729	060D  B8 0006				     mov     ax,6
    730	0610  2E: FF 16	0000			     call    word ptr cs:data_92
**Error** ZR1_00.ASM(655) Undefined symbol: DATA_92
    731	0615  BB 0410				     mov     bx,410h
    732	0618  B9 4868				     mov     cx,4868h
    733	061B  2E: 8E 06	FF2C			     mov     es,cs:data_177e
    734	0620  BF 4000				     mov     di,4000h
    735	0623  2E: FF 16	3010r			     call    word ptr cs:data_96
    736	0628  0E				     push    cs
Turbo Assembler	 Version 2.01	     03/22/26 12:06:33	    Page 15
ZR1_00.ASM



    737	0629  07				     pop     es
    738	062A  BE 9551				     mov     si,9551h
    739	062D  BF A000				     mov     di,0A000h
    740	0630  B0 02				     mov     al,2
    741	0632  2E: FF 16	010C			     call    word ptr cs:[10Ch]
    742	0637  2E: 8E 06	FF2C			     mov     es,cs:data_177e
    743	063C  BE A000				     mov     si,data_168e
    744	063F  BF 97C0				     mov     di,data_167e
    745	0642  E8 071D				     call    sub_13
    746	0645  E8 0431				     call    sub_10
    747	0648  B0 04				     mov     al,4
    748	064A  E8 0846				     call    sub_20
    749	064D  8C C8				     mov     ax,cs
    750	064F  05 2000				     add     ax,2000h
    751	0652  8E C0				     mov     es,ax
    752	0654  BF 0000				     mov     di,0
    753	0657  E8 0882				     call    sub_22
    754	065A  BB 0410				     mov     bx,410h
    755	065D  B9 4868				     mov     cx,4868h
    756	0660  2E: 8E 06	FF2C			     mov     es,cs:data_177e
    757	0665  BF 4000				     mov     di,4000h
    758	0668  2E: FF 16	3010r			     call    word ptr cs:data_96
    759	066D  E8 0409				     call    sub_10
    760	0670  E8 0406				     call    sub_10
    761	0673  8C C8				     mov     ax,cs
    762	0675  05 2000				     add     ax,2000h
    763	0678  8E C0				     mov     es,ax
    764	067A  BF 0000				     mov     di,0
    765	067D  BB 1728				     mov     bx,1728h
    766	0680  B9 2230				     mov     cx,2230h
    767	0683  B0 07				     mov     al,7
    768	0685  2E: FF 16	3022r			     call    word ptr cs:data_105
    769	068A  E8 03EC				     call    sub_10
    770	068D  E8 03E9				     call    sub_10
    771	0690  B0 02				     mov     al,2
    772	0692  E8 07FE				     call    sub_20
    773	0695  8C C8				     mov     ax,cs
    774	0697  05 2000				     add     ax,2000h
    775	069A  8E C0				     mov     es,ax
    776	069C  BF 0000				     mov     di,0
    777	069F  BB 1728				     mov     bx,1728h
    778	06A2  B9 2230				     mov     cx,2230h
    779	06A5  2E: FF 16	3010r			     call    word ptr cs:data_96
    780	06AA  2E: C6 06	FF1A 00			     mov     byte ptr cs:data_172e,0
    781	06B0  B0 0F				     mov     al,0Fh
    782	06B2  E8 0356				     call    sub_8
    783	06B5  B0 03				     mov     al,3
    784	06B7  E8 07D9				     call    sub_20
    785	06BA  8C C8				     mov     ax,cs
    786	06BC  05 2000				     add     ax,2000h
    787	06BF  8E C0				     mov     es,ax
    788	06C1  BF 0000				     mov     di,0
    789	06C4  BB 1728				     mov     bx,1728h
    790	06C7  B9 2230				     mov     cx,2230h
Turbo Assembler	 Version 2.01	     03/22/26 12:06:33	    Page 16
ZR1_00.ASM



    791	06CA  2E: FF 16	3010r			     call    word ptr cs:data_96
    792	06CF  0E				     push    cs
    793	06D0  07				     pop     es
    794	06D1  BE 95B4				     mov     si,data_164e
    795	06D4  BF A000				     mov     di,0A000h
    796	06D7  B0 02				     mov     al,2
    797	06D9  2E: FF 16	010C			     call    word ptr cs:[10Ch]
    798	06DE  2E: 8E 06	FF2C			     mov     es,cs:data_177e
    799	06E3  BE A000				     mov     si,data_168e
    800	06E6  BF 4000				     mov     di,data_137e
    801	06E9  E8 0676				     call    sub_13
    802	06EC  BB 0410				     mov     bx,410h
    803	06EF  B9 4868				     mov     cx,4868h
    804	06F2  2E: FF 16	0000			     call    word ptr cs:data_91
**Error** ZR1_00.ASM(729) Undefined symbol: DATA_91
    805	06F7  E8 037F				     call    sub_10
    806	06FA  B8 0007				     mov     ax,7
    807	06FD  2E: FF 16	0000			     call    word ptr cs:data_92
**Error** ZR1_00.ASM(732) Undefined symbol: DATA_92
    808	0702  B0 FF				     mov     al,0FFh
    809	0704  BB 0410				     mov     bx,410h
    810	0707  B9 4868				     mov     cx,4868h
    811	070A  2E: 8E 06	FF2C			     mov     es,cs:data_177e
    812	070F  BF 4000				     mov     di,4000h
    813	0712  2E: FF 16	0000			     call    word ptr cs:data_90
**Error** ZR1_00.ASM(738) Undefined symbol: DATA_90
    814	0717  E8 035F				     call    sub_10
    815	071A  0E				     push    cs
    816	071B  07				     pop     es
    817	071C  BE 95BE				     mov     si,95BEh
    818	071F  BF A000				     mov     di,0A000h
    819	0722  B0 02				     mov     al,2
    820	0724  2E: FF 16	010C			     call    word ptr cs:[10Ch]
    821	0729  2E: 8E 06	FF2C			     mov     es,cs:data_177e
    822	072E  BE A000				     mov     si,data_168e
    823	0731  BF 4000				     mov     di,data_137e
    824	0734  E8 062B				     call    sub_13
    825	0737  32 C0				     xor     al,al		     ; Zero register
    826	0739  BB 0410				     mov     bx,410h
    827	073C  B9 4868				     mov     cx,4868h
    828	073F  2E: 8E 06	FF2C			     mov     es,cs:data_177e
    829	0744  BF 4000				     mov     di,data_137e
    830	0747  2E: FF 16	0000			     call    word ptr cs:data_90
**Error** ZR1_00.ASM(755) Undefined symbol: DATA_90
    831	074C  E8 032A				     call    sub_10
    832	074F  E8 0327				     call    sub_10
    833	0752  0E				     push    cs
    834	0753  07				     pop     es
    835	0754  BE 95C8				     mov     si,95C8h
    836	0757  BF A000				     mov     di,0A000h
    837	075A  B0 02				     mov     al,2
    838	075C  2E: FF 16	010C			     call    word ptr cs:[10Ch]
    839	0761  2E: 8E 06	FF2C			     mov     es,cs:data_177e
    840	0766  BE A000				     mov     si,data_168e
Turbo Assembler	 Version 2.01	     03/22/26 12:06:33	    Page 17
ZR1_00.ASM



    841	0769  BF 4000				     mov     di,data_137e
    842	076C  E8 05F3				     call    sub_13
    843	076F  BF 4000				     mov     di,data_137e
    844	0772  BB 1610				     mov     bx,1610h
    845	0775  B9 2468				     mov     cx,2468h
    846	0778  B0 05				     mov     al,5
    847	077A  2E: FF 16	3022r			     call    word ptr cs:data_105
    848	077F  E8 02F7				     call    sub_10
    849	0782  33 C0				     xor     ax,ax		     ; Zero register
    850	0784  2E: FF 16	3020r			     call    word ptr cs:data_104
    851	0789  E8 02ED				     call    sub_10
    852	078C  0E				     push    cs
    853	078D  07				     pop     es
    854	078E  BE 95D2				     mov     si,95D2h
    855	0791  BF A000				     mov     di,0A000h
    856	0794  B0 02				     mov     al,2
    857	0796  2E: FF 16	010C			     call    word ptr cs:[10Ch]
    858	079B  2E: 8E 06	FF2C			     mov     es,cs:data_177e
    859	07A0  BE A000				     mov     si,data_168e
    860	07A3  BF 4000				     mov     di,data_137e
    861	07A6  E8 05B9				     call    sub_13
    862	07A9  B0 FF				     mov     al,0FFh
    863	07AB  BB 0410				     mov     bx,410h
    864	07AE  B9 4868				     mov     cx,4868h
    865	07B1  2E: 8E 06	FF2C			     mov     es,cs:data_177e
    866	07B6  BF 4000				     mov     di,data_137e
    867	07B9  2E: FF 16	0000			     call    word ptr cs:data_90
**Error** ZR1_00.ASM(792) Undefined symbol: DATA_90
    868	07BE  0E				     push    cs
    869	07BF  07				     pop     es
    870	07C0  BE 95FE				     mov     si,data_165e
    871	07C3  BF A000				     mov     di,data_168e
    872	07C6  B0 02				     mov     al,2
    873	07C8  2E: FF 16	010C			     call    word ptr cs:[10Ch]
    874	07CD  2E: 8E 06	FF2C			     mov     es,cs:data_177e
    875	07D2  BE A000				     mov     si,data_168e
    876	07D5  BF 4000				     mov     di,data_137e
    877	07D8  E8 0587				     call    sub_13
    878	07DB  0E				     push    cs
    879	07DC  07				     pop     es
    880	07DD  BE 9609				     mov     si,data_166e
    881	07E0  BF A000				     mov     di,data_168e
    882	07E3  B0 02				     mov     al,2
    883	07E5  2E: FF 16	010C			     call    word ptr cs:[10Ch]
    884	07EA  2E: 8E 06	FF2C			     mov     es,cs:data_177e
    885	07EF  BE A000				     mov     si,data_168e
    886	07F2  BF 8000				     mov     di,data_149e
    887	07F5  E8 056A				     call    sub_13
    888	07F8  E8 027E				     call    sub_10
    889	07FB  E8 027B				     call    sub_10
    890	07FE  33 C0				     xor     ax,ax		     ; Zero register
    891	0800  2E: FF 16	3020r			     call    word ptr cs:data_104
    892	0805  B8 0006				     mov     ax,6
    893	0808  2E: FF 16	0000			     call    word ptr cs:data_92
Turbo Assembler	 Version 2.01	     03/22/26 12:06:33	    Page 18
ZR1_00.ASM



**Error** ZR1_00.ASM(818) Undefined symbol: DATA_92
    894	080D  BB 0A15				     mov     bx,0A15h
    895	0810  B9 1A5D				     mov     cx,1A5Dh
    896	0813  2E: FF 16	3024r			     call    word ptr cs:data_106
    897	0818  2E: 8E 06	FF2C			     mov     es,cs:data_177e
    898	081D  BF 4000				     mov     di,4000h
    899	0820  BB 0B18				     mov     bx,0B18h
    900	0823  B9 1858				     mov     cx,1858h
    901	0826  2E: FF 16	3010r			     call    word ptr cs:data_96
    902	082B  BB 2C15				     mov     bx,2C15h
    903	082E  B9 1A5D				     mov     cx,1A5Dh
    904	0831  2E: FF 16	3024r			     call    word ptr cs:data_106
    905	0836  2E: 8E 06	FF2C			     mov     es,cs:data_177e
    906	083B  BF 8000				     mov     di,8000h
    907	083E  BB 2D18				     mov     bx,2D18h
    908	0841  B9 1858				     mov     cx,1858h
    909	0844  2E: FF 16	3010r			     call    word ptr cs:data_96
    910	0849  E8 022D				     call    sub_10
    911	084C  E8 022A				     call    sub_10
    912	084F  0E				     push    cs
    913	0850  07				     pop     es
    914	0851  BE 9613				     mov     si,9613h
    915	0854  BF A000				     mov     di,0A000h
    916	0857  B0 02				     mov     al,2
    917	0859  2E: FF 16	010C			     call    word ptr cs:[10Ch]
    918	085E  2E: 8E 06	FF2C			     mov     es,cs:data_177e
    919	0863  BE A000				     mov     si,data_168e
    920	0866  BF 8000				     mov     di,data_149e
    921	0869  E8 04F6				     call    sub_13
    922	086C  33 C0				     xor     ax,ax		     ; Zero register
    923	086E  2E: FF 16	3020r			     call    word ptr cs:data_104
    924	0873  B8 0008				     mov     ax,8
    925	0876  2E: FF 16	0000			     call    word ptr cs:data_92
**Error** ZR1_00.ASM(850) Undefined symbol: DATA_92
    926	087B  BB 1515				     mov     bx,1515h
    927	087E  B9 315D				     mov     cx,315Dh
    928	0881  2E: FF 16	3024r			     call    word ptr cs:data_106
    929	0886  2E: 8E 06	FF2C			     mov     es,cs:data_177e
    930	088B  BF 8000				     mov     di,data_149e
    931	088E  BB 1618				     mov     bx,1618h
    932	0891  2E: FF 16	3026r			     call    word ptr cs:data_107
    933	0896  E8 01E0				     call    sub_10
    934	0899  E8 01DD				     call    sub_10
    935	089C  BB 1515				     mov     bx,1515h
    936	089F  BA 315D				     mov     dx,315Dh
    937	08A2  B9 0018				     mov     cx,18h
    938
    939	08A5			     locloop_26:
    940	08A5  51				     push    cx
    941	08A6  52				     push    dx
    942	08A7  53				     push    bx
    943	08A8  2E: C6 06	FF1A 00			     mov     byte ptr cs:data_172e,0
    944	08AE  8B CA				     mov     cx,dx
    945	08B0  2E: FF 16	3024r			     call    word ptr cs:data_106
Turbo Assembler	 Version 2.01	     03/22/26 12:06:33	    Page 19
ZR1_00.ASM



    946	08B5  B0 0F				     mov     al,0Fh
    947	08B7  E8 0151				     call    sub_8
    948	08BA  5B				     pop     bx
    949	08BB  5A				     pop     dx
    950	08BC  FE C7				     inc     bh
    951	08BE  FE CE				     dec     dh
    952	08C0  59				     pop     cx
    953	08C1  E2 E2				     loop    locloop_26		     ; Loop if cx > 0
    954
    955	08C3  BB 2C15				     mov     bx,2C15h
    956	08C6  B9 1A5D				     mov     cx,1A5Dh
    957	08C9  2E: FF 16	3024r			     call    word ptr cs:data_106
    958	08CE  BB 0A15				     mov     bx,0A15h
    959	08D1  B9 1A5D				     mov     cx,1A5Dh
    960	08D4  2E: FF 16	3024r			     call    word ptr cs:data_106
    961	08D9  2E: 8E 06	FF2C			     mov     es,cs:data_177e
    962	08DE  BF 4000				     mov     di,4000h
    963	08E1  BB 0B18				     mov     bx,0B18h
    964	08E4  B9 1858				     mov     cx,1858h
    965	08E7  2E: FF 16	3010r			     call    word ptr cs:data_96
    966	08EC  E8 018A				     call    sub_10
    967	08EF  E8 0187				     call    sub_10
    968	08F2  BB 2C15				     mov     bx,2C15h
    969	08F5  BA 1A5D				     mov     dx,1A5Dh
    970	08F8  B9 0018				     mov     cx,18h
    971
    972	08FB			     locloop_27:
    973	08FB  51				     push    cx
    974	08FC  52				     push    dx
    975	08FD  53				     push    bx
    976	08FE  2E: C6 06	FF1A 00			     mov     byte ptr cs:data_172e,0
    977	0904  8B CA				     mov     cx,dx
    978	0906  2E: FF 16	3024r			     call    word ptr cs:data_106
    979	090B  B0 0F				     mov     al,0Fh
    980	090D  E8 00FB				     call    sub_8
    981	0910  5B				     pop     bx
    982	0911  5A				     pop     dx
    983	0912  FE C7				     inc     bh
    984	0914  FE CE				     dec     dh
    985	0916  59				     pop     cx
    986	0917  E2 E2				     loop    locloop_27		     ; Loop if cx > 0
    987
    988	0919  33 C0				     xor     ax,ax		     ; Zero register
    989	091B  2E: FF 16	3020r			     call    word ptr cs:data_104
    990	0920  B8 0007				     mov     ax,7
    991	0923  2E: FF 16	0000			     call    word ptr cs:data_92
**Error** ZR1_00.ASM(916) Undefined symbol: DATA_92
    992	0928  0E				     push    cs
    993	0929  07				     pop     es
    994	092A  BE 95DD				     mov     si,95DDh
    995	092D  BF A000				     mov     di,0A000h
    996	0930  B0 02				     mov     al,2
    997	0932  2E: FF 16	010C			     call    word ptr cs:[10Ch]
    998	0937  2E: 8E 06	FF2C			     mov     es,cs:data_177e
Turbo Assembler	 Version 2.01	     03/22/26 12:06:33	    Page 20
ZR1_00.ASM



    999	093C  BE A000				     mov     si,data_168e
   1000	093F  BF 4000				     mov     di,data_137e
   1001	0942  E8 041D				     call    sub_13
   1002	0945  2E: 8E 06	FF2C			     mov     es,cs:data_177e
   1003	094A  BF 4000				     mov     di,data_137e
   1004	094D  BB 1010				     mov     bx,1010h
   1005	0950  B9 3160				     mov     cx,3160h
   1006	0953  2E: FF 16	3010r			     call    word ptr cs:data_96
   1007	0958  E8 011E				     call    sub_10
   1008	095B  0E				     push    cs
   1009	095C  07				     pop     es
   1010	095D  BE 95E8				     mov     si,95E8h
   1011	0960  BF A000				     mov     di,0A000h
   1012	0963  B0 02				     mov     al,2
   1013	0965  2E: FF 16	010C			     call    word ptr cs:[10Ch]
   1014	096A  BE 95F3				     mov     si,95F3h
   1015	096D  BF D000				     mov     di,0D000h
   1016	0970  B0 02				     mov     al,2
   1017	0972  2E: FF 16	010C			     call    word ptr cs:[10Ch]
   1018	0977  2E: 8E 06	FF2C			     mov     es,cs:data_177e
   1019	097C  BE A000				     mov     si,data_168e
   1020	097F  BF 4000				     mov     di,data_137e
   1021	0982  E8 03DD				     call    sub_13
   1022	0985  BB 0000				     mov     bx,0
   1023	0988  B9 50C8				     mov     cx,50C8h
   1024	098B  2E: FF 16	0000			     call    word ptr cs:data_91
**Error** ZR1_00.ASM(949) Undefined symbol: DATA_91
   1025	0990  BB 0808				     mov     bx,808h
   1026	0993  2E: 8E 06	FF2C			     mov     es,cs:data_177e
   1027	0998  BF 4000				     mov     di,data_9e
   1028	099B  E8 0612				     call    sub_24
   1029	099E  2E: 8E 06	FF2C			     mov     es,cs:data_177e
   1030	09A3  BE D000				     mov     si,data_171e
   1031	09A6  BF D000				     mov     di,data_171e
   1032	09A9  E8 03B6				     call    sub_13
   1033	09AC  2E: 8E 06	FF2C			     mov     es,cs:data_177e
   1034	09B1  BF 4000				     mov     di,4000h
   1035	09B4  BE D000				     mov     si,data_15e
   1036	09B7  E8 058B				     call    sub_23
   1037	09BA  B0 FF				     mov     al,0FFh
   1038	09BC  BB 0808				     mov     bx,808h
   1039	09BF  B9 40C0				     mov     cx,40C0h
   1040	09C2  2E: 8E 06	FF2C			     mov     es,cs:data_177e
   1041	09C7  BF 4000				     mov     di,4000h
   1042	09CA  2E: FF 16	0000			     call    word ptr cs:data_90
**Error** ZR1_00.ASM(967) Undefined symbol: DATA_90
   1043	09CF  2E: C6 06	FF1A 00			     mov     byte ptr cs:data_172e,0
   1044	09D5  B0 F0				     mov     al,0F0h
   1045	09D7  E8 0031				     call    sub_8
   1046	09DA  B0 FF				     mov     al,0FFh
   1047	09DC  BB 0808				     mov     bx,808h
   1048	09DF  B9 40C0				     mov     cx,40C0h
   1049	09E2  2E: 8E 06	FF2C			     mov     es,cs:data_177e
   1050	09E7  BF 4000				     mov     di,4000h
Turbo Assembler	 Version 2.01	     03/22/26 12:06:33	    Page 21
ZR1_00.ASM



   1051	09EA  2E: FF 16	0000			     call    word ptr cs:data_89
**Error** ZR1_00.ASM(976) Undefined symbol: DATA_89
   1052	09EF  B8 0001				     mov     ax,1
   1053	09F2  2E: FF 16	0000			     call    word ptr cs:data_92
**Error** ZR1_00.ASM(978) Undefined symbol: DATA_92
   1054	09F7  BE 7338				     mov     si,7338h
   1055	09FA  E8 030B				     call    sub_12
   1056	09FD  B9 000A				     mov     cx,0Ah
   1057
   1058	0A00			     locloop_28:
   1059	0A00  51				     push    cx
   1060	0A01  B0 C8				     mov     al,0C8h
   1061	0A03  E8 0005				     call    sub_8
   1062	0A06  59				     pop     cx
   1063	0A07  E2 F7				     loop    locloop_28		     ; Loop if cx > 0
   1064
   1065	0A09  EB 3A				     jmp     short loc_30
   1066
   1067				     ;ﬂﬂﬂﬂ External Entry into Subroutine ﬂﬂﬂﬂﬂﬂﬂﬂﬂﬂﬂﬂﬂﬂﬂﬂﬂﬂﬂﬂﬂﬂﬂﬂﬂﬂﬂﬂﬂﬂﬂﬂﬂﬂﬂﬂﬂﬂ
   1068
   1069	0A0B			     sub_8:
   1070	0A0B			     loc_29:
   1071	0A0B  E8 000E				     call    sub_9
   1072	0A0E  2E: 38 06	FF1A			     cmp     cs:data_172e,al
   1073	0A13  72 F6				     jb	     loc_29		     ; Jump if below
   1074	0A15  2E: C6 06	FF1A 00			     mov     byte ptr cs:data_172e,0
   1075	0A1B  C3				     retn
   1076
   1077				     ;ﬂﬂﬂﬂ External Entry into Subroutine ﬂﬂﬂﬂﬂﬂﬂﬂﬂﬂﬂﬂﬂﬂﬂﬂﬂﬂﬂﬂﬂﬂﬂﬂﬂﬂﬂﬂﬂﬂﬂﬂﬂﬂﬂﬂﬂﬂ
   1078
   1079	0A1C			     sub_9:
   1080	0A1C  2E: F6 06	FF1D FF			     test    byte ptr cs:data_173e,0FFh
   1081	0A22  75 21				     jnz     loc_30		     ; Jump if not zero
   1082	0A24  2E: 80 3E	FF29 0D			     cmp     byte ptr cs:data_176e,0Dh
   1083	0A2A  74 19				     je	     loc_30		     ; Jump if equal
   1084	0A2C  56				     push    si
   1085	0A2D  50				     push    ax
   1086	0A2E  2E: FF 16	0110			     call    word ptr cs:[110h]
   1087	0A33  2E: FF 16	0112			     call    word ptr cs:[112h]
   1088	0A38  2E: FF 16	0116			     call    word ptr cs:[116h]
   1089	0A3D  2E: FF 16	0118			     call    word ptr cs:[118h]
   1090	0A42  58				     pop     ax
   1091	0A43  5E				     pop     si
   1092	0A44  C3				     retn
   1093	0A45			     loc_30:
   1094	0A45  BB 0000				     mov     bx,0
   1095	0A48  B9 50C8				     mov     cx,50C8h
   1096	0A4B  2E: FF 16	0000			     call    word ptr cs:data_91
**Error** ZR1_00.ASM(1021) Undefined symbol: DATA_91
   1097	0A50  2E: C6 06	FF1D 00			     mov     byte ptr cs:data_173e,0
   1098	0A56  2E: C6 06	FF29 00			     mov     byte ptr cs:data_176e,0
   1099	0A5C  8C C8				     mov     ax,cs
   1100	0A5E  8E C0				     mov     es,ax
   1101	0A60  8E D8				     mov     ds,ax
Turbo Assembler	 Version 2.01	     03/22/26 12:06:33	    Page 22
ZR1_00.ASM



   1102	0A62  BE 961E				     mov     si,961Eh
   1103	0A65  BF A000				     mov     di,0A000h
   1104	0A68  B0 03				     mov     al,3
   1105	0A6A  2E: FF 16	010C			     call    word ptr cs:[10Ch]
   1106	0A6F  B8 FFFF				     mov     ax,0FFFFh
   1107	0A72  2E: FF 26	6A73			     jmp     word ptr cs:data_141e
   1108	0A77			     sub_4	     endp
   1109
   1110	0A77  00 A0				     db	      00h,0A0h
   1111
   1112				     ;ﬂﬂﬂﬂﬂﬂﬂﬂﬂﬂﬂﬂﬂﬂﬂﬂﬂﬂﬂﬂﬂﬂﬂﬂﬂﬂﬂﬂﬂﬂﬂﬂﬂﬂﬂﬂﬂﬂﬂﬂﬂﬂﬂﬂﬂﬂﬂﬂﬂﬂﬂﬂﬂﬂﬂﬂﬂﬂﬂﬂﬂﬂﬂﬂﬂﬂﬂﬂﬂﬂﬂﬂﬂﬂ
   1113				     ;				    SUBROUTINE
   1114				     ;‹‹‹‹‹‹‹‹‹‹‹‹‹‹‹‹‹‹‹‹‹‹‹‹‹‹‹‹‹‹‹‹‹‹‹‹‹‹‹‹‹‹‹‹‹‹‹‹‹‹‹‹‹‹‹‹‹‹‹‹‹‹‹‹‹‹‹‹‹‹‹‹‹‹
   1115
   1116	0A79			     sub_10	     proc    near
   1117	0A79  2E: C6 06	FF1A 00			     mov     byte ptr cs:data_172e,0
   1118	0A7F			     loc_31:
   1119	0A7F  B0 10				     mov     al,10h
   1120	0A81  E8 FF87				     call    sub_8
   1121	0A84			     loc_32:
   1122	0A84  0E				     push    cs
   1123	0A85  1F				     pop     ds
   1124	0A86  8B 36 6D56			     mov     si,ds:data_142e
   1125	0A8A  AC				     lodsb			     ; String [si] to al
   1126	0A8B  89 36 6D56			     mov     ds:data_142e,si
   1127	0A8F  A8 80				     test    al,80h
   1128	0A91  74 03				     jz	     loc_33		     ; Jump if zero
   1129	0A93  E9 008F				     jmp     loc_37
   1130	0A96			     loc_33:
   1131	0A96  3C 20				     cmp     al,20h		     ; ' '
   1132	0A98  74 18				     je	     loc_34		     ; Jump if equal
   1133	0A9A  3C 2E				     cmp     al,2Eh		     ; '.'
   1134	0A9C  74 14				     je	     loc_34		     ; Jump if equal
   1135	0A9E  3C 2C				     cmp     al,2Ch		     ; ','
   1136	0AA0  74 10				     je	     loc_34		     ; Jump if equal
   1137	0AA2  3C 22				     cmp     al,22h		     ; '"'
   1138	0AA4  74 0C				     je	     loc_34		     ; Jump if equal
   1139	0AA6  3C 27				     cmp     al,27h		     ; '''
   1140	0AA8  74 08				     je	     loc_34		     ; Jump if equal
   1141	0AAA  8A 26 6D5D			     mov     ah,ds:data_147e
   1142	0AAE  88 26 FF75			     mov     ds:data_178e,ah
   1143	0AB2			     loc_34:
   1144	0AB2  50				     push    ax
   1145	0AB3  8B 1E 6D58			     mov     bx,ds:data_143e
   1146	0AB7  83 C3 04				     add     bx,4
   1147	0ABA  A0 6D5A				     mov     al,ds:data_144e
   1148	0ABD  B2 0A				     mov     dl,0Ah
   1149	0ABF  F6 E2				     mul     dl			     ; ax = reg	* al
   1150	0AC1  05 008F				     add     ax,8Fh
   1151	0AC4  8B C8				     mov     cx,ax
   1152	0AC6  58				     pop     ax
   1153	0AC7  53				     push    bx
   1154	0AC8  8A D8				     mov     bl,al
   1155	0ACA  80 EB 20				     sub     bl,20h		     ; ' '
Turbo Assembler	 Version 2.01	     03/22/26 12:06:33	    Page 23
ZR1_00.ASM



   1156	0ACD  32 FF				     xor     bh,bh		     ; Zero register
   1157	0ACF  8A 97 947D			     mov     dl,ds:data_155e[bx]
   1158	0AD3  8A F7				     mov     dh,bh
   1159	0AD5  5B				     pop     bx
   1160	0AD6  50				     push    ax
   1161	0AD7  2B DA				     sub     bx,dx
   1162	0AD9  50				     push    ax
   1163	0ADA  53				     push    bx
   1164	0ADB  51				     push    cx
   1165	0ADC  43				     inc     bx
   1166	0ADD  41				     inc     cx
   1167	0ADE  8A 26 6D5B			     mov     ah,ds:data_145e
   1168	0AE2  2E: FF 16	3030r			     call    word ptr cs:data_108
   1169	0AE7  59				     pop     cx
   1170	0AE8  5B				     pop     bx
   1171	0AE9  58				     pop     ax
   1172	0AEA  8A 26 6D5C			     mov     ah,ds:data_146e
   1173	0AEE  2E: FF 16	3030r			     call    word ptr cs:data_108
   1174	0AF3  58				     pop     ax
   1175	0AF4  8A D8				     mov     bl,al
   1176	0AF6  80 EB 20				     sub     bl,20h		     ; ' '
   1177	0AF9  32 FF				     xor     bh,bh		     ; Zero register
   1178	0AFB  8A 8F 94DD			     mov     cl,ds:data_156e[bx]
   1179	0AFF  8A EF				     mov     ch,bh
   1180	0B01  01 0E 6D58			     add     ds:data_143e,cx
   1181	0B05  3C 20				     cmp     al,20h		     ; ' '
   1182	0B07  74 03				     je	     loc_35		     ; Jump if equal
   1183	0B09  E9 FF73				     jmp     loc_31
   1184	0B0C			     loc_35:
   1185	0B0C  8B 36 6D56			     mov     si,ds:data_142e
   1186	0B10  E8 01B5				     call    sub_11
   1187	0B13  8B 16 6D58			     mov     dx,ds:data_143e
   1188	0B17  03 D1				     add     dx,cx
   1189	0B19  81 FA 0138			     cmp     dx,138h
   1190	0B1D  72 03				     jb	     loc_36		     ; Jump if below
   1191	0B1F  E9 00D2				     jmp     loc_54
   1192	0B22			     loc_36:
   1193	0B22  E9 FF5A				     jmp     loc_31
   1194	0B25			     loc_37:
   1195	0B25  3C FF				     cmp     al,0FFh
   1196	0B27  75 01				     jne     loc_38		     ; Jump if not equal
   1197	0B29  C3				     retn
   1198	0B2A			     loc_38:
   1199	0B2A  3C FD				     cmp     al,0FDh
   1200	0B2C  75 01				     jne     loc_39		     ; Jump if not equal
   1201	0B2E  C3				     retn
   1202	0B2F			     loc_39:
   1203	0B2F  8A E0				     mov     ah,al
   1204	0B31  80 E4 F0				     and     ah,0F0h
   1205	0B34  80 FC 80				     cmp     ah,80h
   1206	0B37  75 03				     jne     loc_40		     ; Jump if not equal
   1207	0B39  E9 00F0				     jmp     loc_58
   1208	0B3C			     loc_40:
   1209	0B3C  80 FC 90				     cmp     ah,90h
Turbo Assembler	 Version 2.01	     03/22/26 12:06:33	    Page 24
ZR1_00.ASM



   1210	0B3F  75 03				     jne     loc_41		     ; Jump if not equal
   1211	0B41  E9 0137				     jmp     loc_60
   1212	0B44			     loc_41:
   1213	0B44  BB 0701				     mov     bx,701h
   1214	0B47  3C FB				     cmp     al,0FBh
   1215	0B49  75 03				     jne     loc_42		     ; Jump if not equal
   1216	0B4B  E9 008E				     jmp     loc_52
   1217	0B4E			     loc_42:
   1218	0B4E  BB 0700				     mov     bx,700h
   1219	0B51  3C FA				     cmp     al,0FAh
   1220	0B53  75 03				     jne     loc_43		     ; Jump if not equal
   1221	0B55  E9 0084				     jmp     loc_52
   1222	0B58			     loc_43:
   1223	0B58  BB 0602				     mov     bx,602h
   1224	0B5B  3C F9				     cmp     al,0F9h
   1225	0B5D  74 7D				     je	     loc_52		     ; Jump if equal
   1226	0B5F  3C F5				     cmp     al,0F5h
   1227	0B61  75 03				     jne     loc_44		     ; Jump if not equal
   1228	0B63  E9 00AC				     jmp     loc_56
   1229	0B66			     loc_44:
   1230	0B66  3C F6				     cmp     al,0F6h
   1231	0B68  75 03				     jne     loc_45		     ; Jump if not equal
   1232	0B6A  E9 00AD				     jmp     loc_57
   1233	0B6D			     loc_45:
   1234	0B6D  32 E4				     xor     ah,ah		     ; Zero register
   1235	0B6F  3C F7				     cmp     al,0F7h
   1236	0B71  74 74				     je	     loc_53		     ; Jump if equal
   1237	0B73  FE C4				     inc     ah
   1238	0B75  3C F3				     cmp     al,0F3h
   1239	0B77  74 6E				     je	     loc_53		     ; Jump if equal
   1240	0B79  FE C4				     inc     ah
   1241	0B7B  3C F2				     cmp     al,0F2h
   1242	0B7D  74 68				     je	     loc_53		     ; Jump if equal
   1243	0B7F  FE C4				     inc     ah
   1244	0B81  3C F1				     cmp     al,0F1h
   1245	0B83  74 62				     je	     loc_53		     ; Jump if equal
   1246	0B85  3C FE				     cmp     al,0FEh
   1247	0B87  74 78				     je	     loc_55		     ; Jump if equal
   1248	0B89  8A 26 6D5D			     mov     ah,ds:data_147e
   1249	0B8D  C6 06 6D5D 00			     mov     byte ptr ds:data_147e,0
   1250	0B92  3C F0				     cmp     al,0F0h
   1251	0B94  75 03				     jne     loc_46		     ; Jump if not equal
   1252	0B96  E9 FEE6				     jmp     loc_31
   1253	0B99			     loc_46:
   1254	0B99  C6 06 6D5D 3D			     mov     byte ptr ds:data_147e,3Dh	     ; '='
   1255	0B9E  3C EF				     cmp     al,0EFh
   1256	0BA0  75 03				     jne     loc_47		     ; Jump if not equal
   1257	0BA2  E9 FEDA				     jmp     loc_31
   1258	0BA5			     loc_47:
   1259	0BA5  C6 06 6D5D 3E			     mov     byte ptr ds:data_147e,3Eh	     ; '>'
   1260	0BAA  3C EE				     cmp     al,0EEh
   1261	0BAC  75 03				     jne     loc_48		     ; Jump if not equal
   1262	0BAE  E9 FECE				     jmp     loc_31
   1263	0BB1			     loc_48:
Turbo Assembler	 Version 2.01	     03/22/26 12:06:33	    Page 25
ZR1_00.ASM



   1264	0BB1  C6 06 6D5D 3F			     mov     byte ptr ds:data_147e,3Fh	     ; '?'
   1265	0BB6  3C ED				     cmp     al,0EDh
   1266	0BB8  75 03				     jne     loc_49		     ; Jump if not equal
   1267	0BBA  E9 FEC2				     jmp     loc_31
   1268	0BBD			     loc_49:
   1269	0BBD  C6 06 6D5D 40			     mov     byte ptr ds:data_147e,40h	     ; '@'
   1270	0BC2  3C EC				     cmp     al,0ECh
   1271	0BC4  75 03				     jne     loc_50		     ; Jump if not equal
   1272	0BC6  E9 FEB6				     jmp     loc_31
   1273	0BC9			     loc_50:
   1274	0BC9  C6 06 6D5D 41			     mov     byte ptr ds:data_147e,41h	     ; 'A'
   1275	0BCE  3C EB				     cmp     al,0EBh
   1276	0BD0  75 03				     jne     loc_51		     ; Jump if not equal
   1277	0BD2  E9 FEAA				     jmp     loc_31
   1278	0BD5			     loc_51:
   1279	0BD5  88 26 6D5D			     mov     ds:data_147e,ah
   1280	0BD9  E9 FEA3				     jmp     loc_31
   1281	0BDC			     loc_52:
   1282	0BDC  88 1E 6D5B			     mov     ds:data_145e,bl
   1283	0BE0  88 3E 6D5C			     mov     ds:data_146e,bh
   1284	0BE4  E9 FE98				     jmp     loc_31
   1285	0BE7			     loc_53:
   1286	0BE7  C7 06 6D58 0000			     mov     word ptr ds:data_143e,0
   1287	0BED  88 26 6D5A			     mov     ds:data_144e,ah
   1288	0BF1  E9 FE8B				     jmp     loc_31
   1289	0BF4			     loc_54:
   1290	0BF4  C7 06 6D58 0000			     mov     word ptr ds:data_143e,0
   1291	0BFA  FE 06 6D5A			     inc     byte ptr ds:data_144e
   1292	0BFE  E9 FE7E				     jmp     loc_31
   1293	0C01			     loc_55:
   1294	0C01  BB 008F				     mov     bx,8Fh
   1295	0C04  B9 5039				     mov     cx,5039h
   1296	0C07  32 C0				     xor     al,al		     ; Zero register
   1297	0C09  2E: FF 16	2000r			     call    word ptr cs:data_47+80h ; ('es')
   1298	0C0E  32 E4				     xor     ah,ah		     ; Zero register
   1299	0C10  EB D5				     jmp     short loc_53
   1300	0C12			     loc_56:
   1301	0C12  B0 F0				     mov     al,0F0h
   1302	0C14  E8 FDF4				     call    sub_8
   1303	0C17  E9 FE65				     jmp     loc_31
   1304	0C1A			     loc_57:
   1305	0C1A  B0 F0				     mov     al,0F0h
   1306	0C1C  E8 FDEC				     call    sub_8
   1307	0C1F  B0 F0				     mov     al,0F0h
   1308	0C21  E8 FDE7				     call    sub_8
   1309	0C24  B0 F0				     mov     al,0F0h
   1310	0C26  E8 FDE2				     call    sub_8
   1311	0C29  E9 FE53				     jmp     loc_31
   1312	0C2C			     loc_58:
   1313	0C2C  2E: 8E 06	FF2C			     mov     es,cs:data_177e
   1314	0C31  24 0F				     and     al,0Fh
   1315	0C33  3C 06				     cmp     al,6
   1316	0C35  73 23				     jae     loc_59		     ; Jump if above or	=
   1317	0C37  B4 15				     mov     ah,15h
Turbo Assembler	 Version 2.01	     03/22/26 12:06:33	    Page 26
ZR1_00.ASM



   1318	0C39  F6 E4				     mul     ah			     ; ax = reg	* al
   1319	0C3B  03 C0				     add     ax,ax
   1320	0C3D  03 C0				     add     ax,ax
   1321	0C3F  03 C0				     add     ax,ax
   1322	0C41  03 C0				     add     ax,ax
   1323	0C43  03 C0				     add     ax,ax
   1324	0C45  03 C0				     add     ax,ax
   1325	0C47  05 98C0				     add     ax,98C0h
   1326	0C4A  8B F8				     mov     di,ax
   1327	0C4C  BB 3350				     mov     bx,3350h
   1328	0C4F  B9 0E20				     mov     cx,0E20h
   1329	0C52  2E: FF 16	3010r			     call    word ptr cs:data_96
   1330	0C57  E9 FE2A				     jmp     loc_32
   1331	0C5A			     loc_59:
   1332	0C5A  2C 06				     sub     al,6
   1333	0C5C  B4 21				     mov     ah,21h		     ; '!'
   1334	0C5E  F6 E4				     mul     ah			     ; ax = reg	* al
   1335	0C60  03 C0				     add     ax,ax
   1336	0C62  03 C0				     add     ax,ax
   1337	0C64  03 C0				     add     ax,ax
   1338	0C66  03 C0				     add     ax,ax
   1339	0C68  05 B840				     add     ax,0B840h
   1340	0C6B  8B F8				     mov     di,ax
   1341	0C6D  BB 3338				     mov     bx,3338h
   1342	0C70  B9 0B10				     mov     cx,0B10h
   1343	0C73  2E: FF 16	3010r			     call    word ptr cs:data_96
   1344	0C78  E9 FE09				     jmp     loc_32
   1345	0C7B			     loc_60:
   1346	0C7B  2E: 8E 06	FF2C			     mov     es,cs:data_177e
   1347	0C80  24 0F				     and     al,0Fh
   1348	0C82  3C 06				     cmp     al,6
   1349	0C84  73 21				     jae     loc_61		     ; Jump if above or	=
   1350	0C86  B4 1B				     mov     ah,1Bh
   1351	0C88  F6 E4				     mul     ah			     ; ax = reg	* al
   1352	0C8A  03 C0				     add     ax,ax
   1353	0C8C  03 C0				     add     ax,ax
   1354	0C8E  03 C0				     add     ax,ax
   1355	0C90  03 C0				     add     ax,ax
   1356	0C92  03 C0				     add     ax,ax
   1357	0C94  05 58C0				     add     ax,58C0h
   1358	0C97  8B F8				     mov     di,ax
   1359	0C99  BB 1350				     mov     bx,1350h
   1360	0C9C  B9 0920				     mov     cx,920h
   1361	0C9F  2E: FF 16	3010r			     call    word ptr cs:data_96
   1362	0CA4  E9 FDDD				     jmp     loc_32
   1363	0CA7			     loc_61:
   1364	0CA7  2C 06				     sub     al,6
   1365	0CA9  B4 21				     mov     ah,21h		     ; '!'
   1366	0CAB  F6 E4				     mul     ah			     ; ax = reg	* al
   1367	0CAD  03 C0				     add     ax,ax
   1368	0CAF  03 C0				     add     ax,ax
   1369	0CB1  03 C0				     add     ax,ax
   1370	0CB3  03 C0				     add     ax,ax
   1371	0CB5  05 6D00				     add     ax,6D00h
Turbo Assembler	 Version 2.01	     03/22/26 12:06:33	    Page 27
ZR1_00.ASM



   1372	0CB8  8B F8				     mov     di,ax
   1373	0CBA  BB 1238				     mov     bx,1238h
   1374	0CBD  B9 0B10				     mov     cx,0B10h
   1375	0CC0  2E: FF 16	3010r			     call    word ptr cs:data_96
   1376	0CC5  E9 FDBC				     jmp     loc_32
   1377	0CC8			     sub_10	     endp
   1378
   1379
   1380				     ;ﬂﬂﬂﬂﬂﬂﬂﬂﬂﬂﬂﬂﬂﬂﬂﬂﬂﬂﬂﬂﬂﬂﬂﬂﬂﬂﬂﬂﬂﬂﬂﬂﬂﬂﬂﬂﬂﬂﬂﬂﬂﬂﬂﬂﬂﬂﬂﬂﬂﬂﬂﬂﬂﬂﬂﬂﬂﬂﬂﬂﬂﬂﬂﬂﬂﬂﬂﬂﬂﬂﬂﬂﬂﬂ
   1381				     ;				    SUBROUTINE
   1382				     ;‹‹‹‹‹‹‹‹‹‹‹‹‹‹‹‹‹‹‹‹‹‹‹‹‹‹‹‹‹‹‹‹‹‹‹‹‹‹‹‹‹‹‹‹‹‹‹‹‹‹‹‹‹‹‹‹‹‹‹‹‹‹‹‹‹‹‹‹‹‹‹‹‹‹
   1383
   1384	0CC8			     sub_11	     proc    near
   1385	0CC8  33 C9				     xor     cx,cx		     ; Zero register
   1386	0CCA			     loc_62:
   1387	0CCA  AC				     lodsb			     ; String [si] to al
   1388	0CCB  3C 20				     cmp     al,20h		     ; ' '
   1389	0CCD  75 01				     jne     loc_63		     ; Jump if not equal
   1390	0CCF  C3				     retn
   1391	0CD0			     loc_63:
   1392	0CD0  3C FF				     cmp     al,0FFh
   1393	0CD2  75 01				     jne     loc_64		     ; Jump if not equal
   1394	0CD4  C3				     retn
   1395	0CD5			     loc_64:
   1396	0CD5  3C FE				     cmp     al,0FEh
   1397	0CD7  75 01				     jne     loc_65		     ; Jump if not equal
   1398	0CD9  C3				     retn
   1399	0CDA			     loc_65:
   1400	0CDA  3C FD				     cmp     al,0FDh
   1401	0CDC  75 01				     jne     loc_66		     ; Jump if not equal
   1402	0CDE  C3				     retn
   1403	0CDF			     loc_66:
   1404	0CDF  3C F7				     cmp     al,0F7h
   1405	0CE1  75 01				     jne     loc_67		     ; Jump if not equal
   1406	0CE3  C3				     retn
   1407	0CE4			     loc_67:
   1408	0CE4  3C F3				     cmp     al,0F3h
   1409	0CE6  75 01				     jne     loc_68		     ; Jump if not equal
   1410	0CE8  C3				     retn
   1411	0CE9			     loc_68:
   1412	0CE9  3C F2				     cmp     al,0F2h
   1413	0CEB  75 01				     jne     loc_69		     ; Jump if not equal
   1414	0CED  C3				     retn
   1415	0CEE			     loc_69:
   1416	0CEE  3C F1				     cmp     al,0F1h
   1417	0CF0  75 01				     jne     loc_70		     ; Jump if not equal
   1418	0CF2  C3				     retn
   1419	0CF3			     loc_70:
   1420	0CF3  0A C0				     or	     al,al		     ; Zero ?
   1421	0CF5  78 D3				     js	     loc_62		     ; Jump if sign=1
   1422	0CF7  2C 20				     sub     al,20h		     ; ' '
   1423	0CF9  72 CF				     jc	     loc_62		     ; Jump if carry Set
   1424	0CFB  8A D8				     mov     bl,al
   1425	0CFD  32 FF				     xor     bh,bh		     ; Zero register
Turbo Assembler	 Version 2.01	     03/22/26 12:06:33	    Page 28
ZR1_00.ASM



   1426	0CFF  2E: 02 8F	94DD			     add     cl,cs:data_156e[bx]
   1427	0D04  12 EF				     adc     ch,bh
   1428	0D06  EB C2				     jmp     short loc_62
   1429	0D08			     sub_11	     endp
   1430
   1431
   1432				     ;ﬂﬂﬂﬂﬂﬂﬂﬂﬂﬂﬂﬂﬂﬂﬂﬂﬂﬂﬂﬂﬂﬂﬂﬂﬂﬂﬂﬂﬂﬂﬂﬂﬂﬂﬂﬂﬂﬂﬂﬂﬂﬂﬂﬂﬂﬂﬂﬂﬂﬂﬂﬂﬂﬂﬂﬂﬂﬂﬂﬂﬂﬂﬂﬂﬂﬂﬂﬂﬂﬂﬂﬂﬂﬂ
   1433				     ;				    SUBROUTINE
   1434				     ;‹‹‹‹‹‹‹‹‹‹‹‹‹‹‹‹‹‹‹‹‹‹‹‹‹‹‹‹‹‹‹‹‹‹‹‹‹‹‹‹‹‹‹‹‹‹‹‹‹‹‹‹‹‹‹‹‹‹‹‹‹‹‹‹‹‹‹‹‹‹‹‹‹‹
   1435
   1436	0D08			     sub_12	     proc    near
   1437	0D08  56				     push    si
   1438	0D09  BB 0020				     mov     bx,20h
   1439	0D0C  B9 5078				     mov     cx,5078h
   1440	0D0F  2E: FF 16	300Ar			     call    word ptr cs:data_93
   1441	0D14  5E				     pop     si
   1442	0D15			     loc_71:
   1443	0D15  2E: FF 16	300Cr			     call    word ptr cs:data_94
   1444	0D1A  56				     push    si
   1445	0D1B  B9 000A				     mov     cx,0Ah
   1446
   1447	0D1E			     locloop_72:
   1448	0D1E  51				     push    cx
   1449	0D1F  8B C1				     mov     ax,cx
   1450	0D21  F7 D8				     neg     ax
   1451	0D23  05 000A				     add     ax,0Ah
   1452	0D26  BB 0014				     mov     bx,14h
   1453	0D29  B9 50A0				     mov     cx,50A0h
   1454	0D2C  2E: FF 16	300Er			     call    word ptr cs:data_95
   1455	0D31  B0 1C				     mov     al,1Ch
   1456	0D33  E8 FCD5				     call    sub_8
   1457	0D36  59				     pop     cx
   1458	0D37  E2 E5				     loop    locloop_72		     ; Loop if cx > 0
   1459
   1460	0D39  5E				     pop     si
   1461	0D3A  80 7C FF FF			     cmp     byte ptr [si-1],0FFh
   1462	0D3E  75 D5				     jne     loc_71		     ; Jump if not equal
   1463	0D40  B9 00A0				     mov     cx,0A0h
   1464
   1465	0D43			     locloop_73:
   1466	0D43  51				     push    cx
   1467	0D44  33 C0				     xor     ax,ax		     ; Zero register
   1468	0D46  BB 0014				     mov     bx,14h
   1469	0D49  B9 50A0				     mov     cx,50A0h
   1470	0D4C  2E: FF 16	300Er			     call    word ptr cs:data_95
   1471	0D51  B0 1C				     mov     al,1Ch
   1472	0D53  E8 FCB5				     call    sub_8
   1473	0D56  59				     pop     cx
   1474	0D57  E2 EA				     loop    locloop_73		     ; Loop if cx > 0
   1475
   1476	0D59  C3				     retn
   1477	0D5A			     sub_12	     endp
   1478
   1479	0D5A  C6 79 00 00 00 00			     db	     0C6h, 79h,	00h, 00h, 00h, 00h
Turbo Assembler	 Version 2.01	     03/22/26 12:06:33	    Page 29
ZR1_00.ASM



   1480	0D60  00 00				     db	      00h, 00h
   1481
   1482				     ;ﬂﬂﬂﬂﬂﬂﬂﬂﬂﬂﬂﬂﬂﬂﬂﬂﬂﬂﬂﬂﬂﬂﬂﬂﬂﬂﬂﬂﬂﬂﬂﬂﬂﬂﬂﬂﬂﬂﬂﬂﬂﬂﬂﬂﬂﬂﬂﬂﬂﬂﬂﬂﬂﬂﬂﬂﬂﬂﬂﬂﬂﬂﬂﬂﬂﬂﬂﬂﬂﬂﬂﬂﬂﬂ
   1483				     ;				    SUBROUTINE
   1484				     ;‹‹‹‹‹‹‹‹‹‹‹‹‹‹‹‹‹‹‹‹‹‹‹‹‹‹‹‹‹‹‹‹‹‹‹‹‹‹‹‹‹‹‹‹‹‹‹‹‹‹‹‹‹‹‹‹‹‹‹‹‹‹‹‹‹‹‹‹‹‹‹‹‹‹
   1485
   1486	0D62			     sub_13	     proc    near
   1487	0D62  E8 0002				     call    sub_14
   1488	0D65  EB 2A				     jmp     short loc_78
   1489
   1490				     ;ﬂﬂﬂﬂ External Entry into Subroutine ﬂﬂﬂﬂﬂﬂﬂﬂﬂﬂﬂﬂﬂﬂﬂﬂﬂﬂﬂﬂﬂﬂﬂﬂﬂﬂﬂﬂﬂﬂﬂﬂﬂﬂﬂﬂﬂﬂ
   1491
   1492	0D67			     sub_14:
   1493	0D67  57				     push    di
   1494	0D68  AD				     lodsw			     ; String [si] to ax
   1495	0D69  8B C8				     mov     cx,ax
   1496	0D6B  51				     push    cx
   1497	0D6C  8B EE				     mov     bp,si
   1498	0D6E  03 F1				     add     si,cx
   1499
   1500	0D70			     locloop_74:
   1501	0D70  51				     push    cx
   1502	0D71  32 C0				     xor     al,al		     ; Zero register
   1503	0D73  B9 0008				     mov     cx,8
   1504
   1505	0D76			     locloop_75:
   1506	0D76  3E: D0 46	00			     rol     byte ptr ds:[bp],1	     ; Rotate
   1507	0D7A  72 05				     jc	     loc_76		     ; Jump if carry Set
   1508	0D7C  AA				     stosb			     ; Store al	to es:[di]
   1509	0D7D  E2 F7				     loop    locloop_75		     ; Loop if cx > 0
   1510
   1511	0D7F  EB 03				     jmp     short loc_77
   1512	0D81			     loc_76:
   1513	0D81  A4				     movsb			     ; Mov [si]	to es:[di]
   1514	0D82  E2 F2				     loop    locloop_75		     ; Loop if cx > 0
   1515
   1516	0D84			     loc_77:
   1517	0D84  45				     inc     bp
   1518	0D85  59				     pop     cx
   1519	0D86  E2 E8				     loop    locloop_74		     ; Loop if cx > 0
   1520
   1521	0D88  59				     pop     cx
   1522	0D89  03 C9				     add     cx,cx
   1523	0D8B  03 C9				     add     cx,cx
   1524	0D8D  03 C9				     add     cx,cx
   1525	0D8F  5F				     pop     di
   1526	0D90  C3				     retn
   1527	0D91			     loc_78:
   1528	0D91  32 F6				     xor     dh,dh		     ; Zero register
   1529
   1530	0D93			     locloop_79:
   1531	0D93  32 C0				     xor     al,al		     ; Zero register
   1532	0D95  26: D0 15				     rcl     byte ptr es:[di],1	     ; Rotate thru carry
   1533	0D98  12 C0				     adc     al,al
Turbo Assembler	 Version 2.01	     03/22/26 12:06:33	    Page 30
ZR1_00.ASM



   1534	0D9A  26: D0 15				     rcl     byte ptr es:[di],1	     ; Rotate thru carry
   1535	0D9D  12 C0				     adc     al,al
   1536	0D9F  32 F0				     xor     dh,al
   1537	0DA1  8A E6				     mov     ah,dh
   1538	0DA3  32 C0				     xor     al,al		     ; Zero register
   1539	0DA5  26: D0 15				     rcl     byte ptr es:[di],1	     ; Rotate thru carry
   1540	0DA8  12 C0				     adc     al,al
   1541	0DAA  26: D0 15				     rcl     byte ptr es:[di],1	     ; Rotate thru carry
   1542	0DAD  12 C0				     adc     al,al
   1543	0DAF  32 F0				     xor     dh,al
   1544	0DB1  02 E4				     add     ah,ah
   1545	0DB3  02 E4				     add     ah,ah
   1546	0DB5  0A E6				     or	     ah,dh
   1547	0DB7  32 C0				     xor     al,al		     ; Zero register
   1548	0DB9  26: D0 15				     rcl     byte ptr es:[di],1	     ; Rotate thru carry
   1549	0DBC  12 C0				     adc     al,al
   1550	0DBE  26: D0 15				     rcl     byte ptr es:[di],1	     ; Rotate thru carry
   1551	0DC1  12 C0				     adc     al,al
   1552	0DC3  32 F0				     xor     dh,al
   1553	0DC5  02 E4				     add     ah,ah
   1554	0DC7  02 E4				     add     ah,ah
   1555	0DC9  0A E6				     or	     ah,dh
   1556	0DCB  32 C0				     xor     al,al		     ; Zero register
   1557	0DCD  26: D0 15				     rcl     byte ptr es:[di],1	     ; Rotate thru carry
   1558	0DD0  12 C0				     adc     al,al
   1559	0DD2  26: D0 15				     rcl     byte ptr es:[di],1	     ; Rotate thru carry
   1560	0DD5  12 C0				     adc     al,al
   1561	0DD7  32 F0				     xor     dh,al
   1562	0DD9  02 E4				     add     ah,ah
   1563	0DDB  02 E4				     add     ah,ah
   1564	0DDD  0A E6				     or	     ah,dh
   1565	0DDF  8A C4				     mov     al,ah
   1566	0DE1  AA				     stosb			     ; Store al	to es:[di]
   1567	0DE2  E2 AF				     loop    locloop_79		     ; Loop if cx > 0
   1568
   1569	0DE4  C3				     retn
   1570	0DE5			     sub_13	     endp
   1571
   1572
   1573				     ;ﬂﬂﬂﬂﬂﬂﬂﬂﬂﬂﬂﬂﬂﬂﬂﬂﬂﬂﬂﬂﬂﬂﬂﬂﬂﬂﬂﬂﬂﬂﬂﬂﬂﬂﬂﬂﬂﬂﬂﬂﬂﬂﬂﬂﬂﬂﬂﬂﬂﬂﬂﬂﬂﬂﬂﬂﬂﬂﬂﬂﬂﬂﬂﬂﬂﬂﬂﬂﬂﬂﬂﬂﬂﬂ
   1574				     ;				    SUBROUTINE
   1575				     ;‹‹‹‹‹‹‹‹‹‹‹‹‹‹‹‹‹‹‹‹‹‹‹‹‹‹‹‹‹‹‹‹‹‹‹‹‹‹‹‹‹‹‹‹‹‹‹‹‹‹‹‹‹‹‹‹‹‹‹‹‹‹‹‹‹‹‹‹‹‹‹‹‹‹
   1576
   1577	0DE5			     sub_15	     proc    near
   1578	0DE5			     loc_80:
   1579	0DE5  F6 04 40				     test    byte ptr [si],40h	     ; '@'
   1580	0DE8  74 1D				     jz	     loc_84		     ; Jump if zero
   1581	0DEA  AD				     lodsw			     ; String [si] to ax
   1582	0DEB  86 E0				     xchg    ah,al
   1583	0DED  8B C8				     mov     cx,ax
   1584	0DEF  3D FFFF				     cmp     ax,0FFFFh
   1585	0DF2  75 01				     jne     loc_81		     ; Jump if not equal
   1586	0DF4  C3				     retn
   1587	0DF5			     loc_81:
Turbo Assembler	 Version 2.01	     03/22/26 12:06:33	    Page 31
ZR1_00.ASM



   1588	0DF5  81 E1 3FFF			     and     cx,3FFFh
   1589	0DF9  A9 8000				     test    ax,8000h
   1590	0DFC  74 05				     jz	     loc_83		     ; Jump if zero
   1591	0DFE			     loc_82:
   1592	0DFE  AC				     lodsb			     ; String [si] to al
   1593	0DFF  F3> AA				     rep     stosb		     ; Rep when	cx >0 Store al to es:[di]
   1594	0E01  EB E2				     jmp     short loc_80
   1595	0E03			     loc_83:
   1596	0E03  F3> A4				     rep     movsb		     ; Rep when	cx >0 Mov [si] to es:[di]
   1597	0E05  EB DE				     jmp     short loc_80
   1598	0E07			     loc_84:
   1599	0E07  AC				     lodsb			     ; String [si] to al
   1600	0E08  8A C8				     mov     cl,al
   1601	0E0A  83 E1 3F				     and     cx,3Fh
   1602	0E0D  A8 80				     test    al,80h
   1603	0E0F  74 F2				     jz	     loc_83		     ; Jump if zero
   1604	0E11  EB EB				     jmp     short loc_82
   1605	0E13			     sub_15	     endp
   1606
   1607
   1608				     ;ﬂﬂﬂﬂﬂﬂﬂﬂﬂﬂﬂﬂﬂﬂﬂﬂﬂﬂﬂﬂﬂﬂﬂﬂﬂﬂﬂﬂﬂﬂﬂﬂﬂﬂﬂﬂﬂﬂﬂﬂﬂﬂﬂﬂﬂﬂﬂﬂﬂﬂﬂﬂﬂﬂﬂﬂﬂﬂﬂﬂﬂﬂﬂﬂﬂﬂﬂﬂﬂﬂﬂﬂﬂﬂ
   1609				     ;				    SUBROUTINE
   1610				     ;‹‹‹‹‹‹‹‹‹‹‹‹‹‹‹‹‹‹‹‹‹‹‹‹‹‹‹‹‹‹‹‹‹‹‹‹‹‹‹‹‹‹‹‹‹‹‹‹‹‹‹‹‹‹‹‹‹‹‹‹‹‹‹‹‹‹‹‹‹‹‹‹‹‹
   1611
   1612	0E13			     sub_16	     proc    near
   1613	0E13  1E				     push    ds
   1614	0E14  8C C8				     mov     ax,cs
   1615	0E16  05 2000				     add     ax,2000h
   1616	0E19  8E C0				     mov     es,ax
   1617	0E1B  BF 0000				     mov     di,data_179e
   1618	0E1E  B9 1650				     mov     cx,1650h
   1619	0E21  33 C0				     xor     ax,ax		     ; Zero register
   1620	0E23  F3> AB				     rep     stosw		     ; Rep when	cx >0 Store ax to es:[di]
   1621	0E25  2E: 8E 1E	FF2C			     mov     ds,cs:data_177e
   1622	0E2A  BF 0000				     mov     di,0
   1623	0E2D  BB 0000				     mov     bx,0
   1624	0E30  B9 2230				     mov     cx,2230h
   1625	0E33  BE AB40				     mov     si,data_14e
   1626	0E36  E8 001A				     call    sub_17
   1627	0E39  BB 0F30				     mov     bx,0F30h
   1628	0E3C  B9 0620				     mov     cx,620h
   1629	0E3F  BE A9C0				     mov     si,data_13e
   1630	0E42  E8 000E				     call    sub_17
   1631	0E45  BB 0850				     mov     bx,850h
   1632	0E48  B9 1220				     mov     cx,1220h
   1633	0E4B  BE 9C40				     mov     si,data_12e
   1634	0E4E  E8 0011				     call    sub_18
   1635	0E51  1F				     pop     ds
   1636	0E52  C3				     retn
   1637	0E53			     sub_16	     endp
   1638
   1639
   1640				     ;ﬂﬂﬂﬂﬂﬂﬂﬂﬂﬂﬂﬂﬂﬂﬂﬂﬂﬂﬂﬂﬂﬂﬂﬂﬂﬂﬂﬂﬂﬂﬂﬂﬂﬂﬂﬂﬂﬂﬂﬂﬂﬂﬂﬂﬂﬂﬂﬂﬂﬂﬂﬂﬂﬂﬂﬂﬂﬂﬂﬂﬂﬂﬂﬂﬂﬂﬂﬂﬂﬂﬂﬂﬂﬂ
   1641				     ;				    SUBROUTINE
Turbo Assembler	 Version 2.01	     03/22/26 12:06:33	    Page 32
ZR1_00.ASM



   1642				     ;‹‹‹‹‹‹‹‹‹‹‹‹‹‹‹‹‹‹‹‹‹‹‹‹‹‹‹‹‹‹‹‹‹‹‹‹‹‹‹‹‹‹‹‹‹‹‹‹‹‹‹‹‹‹‹‹‹‹‹‹‹‹‹‹‹‹‹‹‹‹‹‹‹‹
   1643
   1644	0E53			     sub_17	     proc    near
   1645	0E53  57				     push    di
   1646	0E54  81 C7 0EE0			     add     di,data_4e
   1647	0E58  E8 0016				     call    sub_19
   1648	0E5B  5F				     pop     di
   1649	0E5C  57				     push    di
   1650	0E5D  E8 0011				     call    sub_19
   1651	0E60  5F				     pop     di
   1652	0E61  C3				     retn
   1653	0E62			     sub_17	     endp
   1654
   1655
   1656				     ;ﬂﬂﬂﬂﬂﬂﬂﬂﬂﬂﬂﬂﬂﬂﬂﬂﬂﬂﬂﬂﬂﬂﬂﬂﬂﬂﬂﬂﬂﬂﬂﬂﬂﬂﬂﬂﬂﬂﬂﬂﬂﬂﬂﬂﬂﬂﬂﬂﬂﬂﬂﬂﬂﬂﬂﬂﬂﬂﬂﬂﬂﬂﬂﬂﬂﬂﬂﬂﬂﬂﬂﬂﬂﬂ
   1657				     ;				    SUBROUTINE
   1658				     ;‹‹‹‹‹‹‹‹‹‹‹‹‹‹‹‹‹‹‹‹‹‹‹‹‹‹‹‹‹‹‹‹‹‹‹‹‹‹‹‹‹‹‹‹‹‹‹‹‹‹‹‹‹‹‹‹‹‹‹‹‹‹‹‹‹‹‹‹‹‹‹‹‹‹
   1659
   1660	0E62			     sub_18	     proc    near
   1661	0E62  57				     push    di
   1662	0E63  E8 000B				     call    sub_19
   1663	0E66  5F				     pop     di
   1664	0E67  57				     push    di
   1665	0E68  81 C7 0EE0			     add     di,data_4e
   1666	0E6C  E8 0002				     call    sub_19
   1667	0E6F  5F				     pop     di
   1668	0E70  C3				     retn
   1669	0E71			     sub_18	     endp
   1670
   1671
   1672				     ;ﬂﬂﬂﬂﬂﬂﬂﬂﬂﬂﬂﬂﬂﬂﬂﬂﬂﬂﬂﬂﬂﬂﬂﬂﬂﬂﬂﬂﬂﬂﬂﬂﬂﬂﬂﬂﬂﬂﬂﬂﬂﬂﬂﬂﬂﬂﬂﬂﬂﬂﬂﬂﬂﬂﬂﬂﬂﬂﬂﬂﬂﬂﬂﬂﬂﬂﬂﬂﬂﬂﬂﬂﬂﬂ
   1673				     ;				    SUBROUTINE
   1674				     ;‹‹‹‹‹‹‹‹‹‹‹‹‹‹‹‹‹‹‹‹‹‹‹‹‹‹‹‹‹‹‹‹‹‹‹‹‹‹‹‹‹‹‹‹‹‹‹‹‹‹‹‹‹‹‹‹‹‹‹‹‹‹‹‹‹‹‹‹‹‹‹‹‹‹
   1675
   1676	0E71			     sub_19	     proc    near
   1677	0E71  53				     push    bx
   1678	0E72  51				     push    cx
   1679	0E73  B0 22				     mov     al,22h		     ; '"'
   1680	0E75  F6 E3				     mul     bl			     ; ax = reg	* al
   1681	0E77  8A DF				     mov     bl,bh
   1682	0E79  32 FF				     xor     bh,bh		     ; Zero register
   1683	0E7B  03 C3				     add     ax,bx
   1684	0E7D  03 F8				     add     di,ax
   1685	0E7F			     loc_85:
   1686	0E7F  51				     push    cx
   1687	0E80  57				     push    di
   1688	0E81  8A CD				     mov     cl,ch
   1689	0E83  32 ED				     xor     ch,ch		     ; Zero register
   1690	0E85  F3> A4				     rep     movsb		     ; Rep when	cx >0 Mov [si] to es:[di]
   1691	0E87  5F				     pop     di
   1692	0E88  83 C7 22				     add     di,22h
   1693	0E8B  59				     pop     cx
   1694	0E8C  FE C9				     dec     cl
   1695	0E8E  75 EF				     jnz     loc_85		     ; Jump if not zero
Turbo Assembler	 Version 2.01	     03/22/26 12:06:33	    Page 33
ZR1_00.ASM



   1696	0E90  59				     pop     cx
   1697	0E91  5B				     pop     bx
   1698	0E92  C3				     retn
   1699	0E93			     sub_19	     endp
   1700
   1701
   1702				     ;ﬂﬂﬂﬂﬂﬂﬂﬂﬂﬂﬂﬂﬂﬂﬂﬂﬂﬂﬂﬂﬂﬂﬂﬂﬂﬂﬂﬂﬂﬂﬂﬂﬂﬂﬂﬂﬂﬂﬂﬂﬂﬂﬂﬂﬂﬂﬂﬂﬂﬂﬂﬂﬂﬂﬂﬂﬂﬂﬂﬂﬂﬂﬂﬂﬂﬂﬂﬂﬂﬂﬂﬂﬂﬂ
   1703				     ;				    SUBROUTINE
   1704				     ;‹‹‹‹‹‹‹‹‹‹‹‹‹‹‹‹‹‹‹‹‹‹‹‹‹‹‹‹‹‹‹‹‹‹‹‹‹‹‹‹‹‹‹‹‹‹‹‹‹‹‹‹‹‹‹‹‹‹‹‹‹‹‹‹‹‹‹‹‹‹‹‹‹‹
   1705
   1706	0E93			     sub_20	     proc    near
   1707	0E93  1E				     push    ds
   1708	0E94  32 E4				     xor     ah,ah		     ; Zero register
   1709	0E96  BA 0CC0				     mov     dx,0CC0h
   1710	0E99  F7 E2				     mul     dx			     ; dx:ax = reg * ax
   1711	0E9B  05 AB40				     add     ax,0AB40h
   1712	0E9E  2E: 8E 1E	FF2C			     mov     ds,cs:data_177e
   1713	0EA3  8B F0				     mov     si,ax
   1714	0EA5  8C C8				     mov     ax,cs
   1715	0EA7  05 2000				     add     ax,2000h
   1716	0EAA  8E C0				     mov     es,ax
   1717	0EAC  BF 0000				     mov     di,data_179e
   1718	0EAF  E8 0002				     call    sub_21
   1719	0EB2  1F				     pop     ds
   1720	0EB3  C3				     retn
   1721	0EB4			     sub_20	     endp
   1722
   1723
   1724				     ;ﬂﬂﬂﬂﬂﬂﬂﬂﬂﬂﬂﬂﬂﬂﬂﬂﬂﬂﬂﬂﬂﬂﬂﬂﬂﬂﬂﬂﬂﬂﬂﬂﬂﬂﬂﬂﬂﬂﬂﬂﬂﬂﬂﬂﬂﬂﬂﬂﬂﬂﬂﬂﬂﬂﬂﬂﬂﬂﬂﬂﬂﬂﬂﬂﬂﬂﬂﬂﬂﬂﬂﬂﬂﬂ
   1725				     ;				    SUBROUTINE
   1726				     ;‹‹‹‹‹‹‹‹‹‹‹‹‹‹‹‹‹‹‹‹‹‹‹‹‹‹‹‹‹‹‹‹‹‹‹‹‹‹‹‹‹‹‹‹‹‹‹‹‹‹‹‹‹‹‹‹‹‹‹‹‹‹‹‹‹‹‹‹‹‹‹‹‹‹
   1727
   1728	0EB4			     sub_21	     proc    near
   1729	0EB4  B9 0030				     mov     cx,30h
   1730
   1731	0EB7			     locloop_86:
   1732	0EB7  51				     push    cx
   1733	0EB8  B9 0022				     mov     cx,22h
   1734
   1735	0EBB			     locloop_87:
   1736	0EBB  8A A4 0660			     mov     ah,ds:data_1e[si]
   1737	0EBF  AC				     lodsb			     ; String [si] to al
   1738	0EC0  8A F8				     mov     bh,al
   1739	0EC2  F6 D7				     not     bh
   1740	0EC4  22 FC				     and     bh,ah
   1741	0EC6  32 E7				     xor     ah,bh
   1742	0EC8  26: 88 05				     mov     es:[di],al
   1743	0ECB  26: 88 BD	0660			     mov     es:data_180e[di],bh
   1744	0ED0  26: 88 A5	0CC0			     mov     es:data_181e[di],ah
   1745	0ED5  47				     inc     di
   1746	0ED6  E2 E3				     loop    locloop_87		     ; Loop if cx > 0
   1747
   1748	0ED8  59				     pop     cx
   1749	0ED9  E2 DC				     loop    locloop_86		     ; Loop if cx > 0
Turbo Assembler	 Version 2.01	     03/22/26 12:06:33	    Page 34
ZR1_00.ASM



   1750
   1751	0EDB  C3				     retn
   1752	0EDC			     sub_21	     endp
   1753
   1754
   1755				     ;ﬂﬂﬂﬂﬂﬂﬂﬂﬂﬂﬂﬂﬂﬂﬂﬂﬂﬂﬂﬂﬂﬂﬂﬂﬂﬂﬂﬂﬂﬂﬂﬂﬂﬂﬂﬂﬂﬂﬂﬂﬂﬂﬂﬂﬂﬂﬂﬂﬂﬂﬂﬂﬂﬂﬂﬂﬂﬂﬂﬂﬂﬂﬂﬂﬂﬂﬂﬂﬂﬂﬂﬂﬂﬂ
   1756				     ;				    SUBROUTINE
   1757				     ;‹‹‹‹‹‹‹‹‹‹‹‹‹‹‹‹‹‹‹‹‹‹‹‹‹‹‹‹‹‹‹‹‹‹‹‹‹‹‹‹‹‹‹‹‹‹‹‹‹‹‹‹‹‹‹‹‹‹‹‹‹‹‹‹‹‹‹‹‹‹‹‹‹‹
   1758
   1759	0EDC			     sub_22	     proc    near
   1760	0EDC  1E				     push    ds
   1761	0EDD  06				     push    es
   1762	0EDE  1F				     pop     ds
   1763	0EDF  8B F7				     mov     si,di
   1764	0EE1  2E: 8E 06	FF2C			     mov     es,cs:data_177e
   1765	0EE6  BF 46D3				     mov     di,data_10e
   1766	0EE9  B9 0030				     mov     cx,30h
   1767
   1768	0EEC			     locloop_88:
   1769	0EEC  51				     push    cx
   1770	0EED  57				     push    di
   1771	0EEE  B9 0011				     mov     cx,11h
   1772
   1773	0EF1			     locloop_89:
   1774	0EF1  51				     push    cx
   1775	0EF2  26: 8B 05				     mov     ax,es:[di]
   1776	0EF5  26: 8B 9D	1D40			     mov     bx,es:data_6e[di]
   1777	0EFA  F7 D0				     not     ax
   1778	0EFC  F7 D3				     not     bx
   1779	0EFE  23 C3				     and     ax,bx
   1780	0F00  26: 23 85	3A80			     and     ax,es:data_8e[di]
   1781	0F05  8B D0				     mov     dx,ax
   1782	0F07  F7 D2				     not     dx
   1783	0F09  8B D8				     mov     bx,ax
   1784	0F0B  23 04				     and     ax,[si]
   1785	0F0D  26: 21 15				     and     es:[di],dx
   1786	0F10  26: 09 05				     or	     es:[di],ax
   1787	0F13  8B C3				     mov     ax,bx
   1788	0F15  23 84 0660			     and     ax,ds:data_180e[si]
   1789	0F19  26: 21 95	1D40			     and     es:data_6e[di],dx
   1790	0F1E  26: 09 85	1D40			     or	     es:data_6e[di],ax
   1791	0F23  8B C3				     mov     ax,bx
   1792	0F25  23 84 0CC0			     and     ax,ds:data_181e[si]
   1793	0F29  26: 21 95	3A80			     and     es:data_8e[di],dx
   1794	0F2E  26: 09 85	3A80			     or	     es:data_8e[di],ax
   1795	0F33  83 C7 02				     add     di,2
   1796	0F36  83 C6 02				     add     si,2
   1797	0F39  59				     pop     cx
   1798	0F3A  E2 B5				     loop    locloop_89		     ; Loop if cx > 0
   1799
   1800	0F3C  5F				     pop     di
   1801	0F3D  83 C7 48				     add     di,48h
   1802	0F40  59				     pop     cx
   1803	0F41  E2 A9				     loop    locloop_88		     ; Loop if cx > 0
Turbo Assembler	 Version 2.01	     03/22/26 12:06:33	    Page 35
ZR1_00.ASM



   1804
   1805	0F43  1F				     pop     ds
   1806	0F44  C3				     retn
   1807	0F45			     sub_22	     endp
   1808
   1809
   1810				     ;ﬂﬂﬂﬂﬂﬂﬂﬂﬂﬂﬂﬂﬂﬂﬂﬂﬂﬂﬂﬂﬂﬂﬂﬂﬂﬂﬂﬂﬂﬂﬂﬂﬂﬂﬂﬂﬂﬂﬂﬂﬂﬂﬂﬂﬂﬂﬂﬂﬂﬂﬂﬂﬂﬂﬂﬂﬂﬂﬂﬂﬂﬂﬂﬂﬂﬂﬂﬂﬂﬂﬂﬂﬂﬂ
   1811				     ;				    SUBROUTINE
   1812				     ;‹‹‹‹‹‹‹‹‹‹‹‹‹‹‹‹‹‹‹‹‹‹‹‹‹‹‹‹‹‹‹‹‹‹‹‹‹‹‹‹‹‹‹‹‹‹‹‹‹‹‹‹‹‹‹‹‹‹‹‹‹‹‹‹‹‹‹‹‹‹‹‹‹‹
   1813
   1814	0F45			     sub_23	     proc    near
   1815	0F45  81 C7 0819			     add     di,data_2e
   1816	0F49  B9 00A0				     mov     cx,0A0h
   1817
   1818	0F4C			     locloop_90:
   1819	0F4C  51				     push    cx
   1820	0F4D  57				     push    di
   1821	0F4E  B9 0015				     mov     cx,15h
   1822
   1823	0F51			     locloop_91:
   1824	0F51  51				     push    cx
   1825	0F52  26: 8A 04				     mov     al,es:[si]
   1826	0F55  26: 22 84	0D20			     and     al,es:data_3e[si]
   1827	0F5A  26: 8A A4	1A40			     mov     ah,es:data_5e[si]
   1828	0F5F  F6 D4				     not     ah
   1829	0F61  22 C4				     and     al,ah
   1830	0F63  F6 D0				     not     al
   1831	0F65  26: 8A 24				     mov     ah,es:[si]
   1832	0F68  26: 0A A4	0D20			     or	     ah,es:data_3e[si]
   1833	0F6D  26: 0A A4	1A40			     or	     ah,es:data_5e[si]
   1834	0F72  26: 20 04				     and     es:[si],al
   1835	0F75  26: 20 84	0D20			     and     es:data_3e[si],al
   1836	0F7A  F6 D4				     not     ah
   1837	0F7C  26: 20 25				     and     es:[di],ah
   1838	0F7F  26: 20 A5	3000			     and     es:data_7e[di],ah
   1839	0F84  26: 20 A5	6000			     and     es:data_11e[di],ah
   1840	0F89  26: 8A 04				     mov     al,es:[si]
   1841	0F8C  26: 08 05				     or	     es:[di],al
   1842	0F8F  26: 8A 84	0D20			     mov     al,es:data_3e[si]
   1843	0F94  26: 08 85	3000			     or	     es:data_7e[di],al
   1844	0F99  26: 8A 84	1A40			     mov     al,es:data_5e[si]
   1845	0F9E  26: 08 85	6000			     or	     es:data_11e[di],al
   1846	0FA3  47				     inc     di
   1847	0FA4  46				     inc     si
   1848	0FA5  59				     pop     cx
   1849	0FA6  E2 A9				     loop    locloop_91		     ; Loop if cx > 0
   1850
   1851	0FA8  5F				     pop     di
   1852	0FA9  83 C7 40				     add     di,40h
   1853	0FAC  59				     pop     cx
   1854	0FAD  E2 9D				     loop    locloop_90		     ; Loop if cx > 0
   1855
   1856	0FAF  C3				     retn
   1857	0FB0			     sub_23	     endp
Turbo Assembler	 Version 2.01	     03/22/26 12:06:33	    Page 36
ZR1_00.ASM



   1858
   1859
   1860				     ;ﬂﬂﬂﬂﬂﬂﬂﬂﬂﬂﬂﬂﬂﬂﬂﬂﬂﬂﬂﬂﬂﬂﬂﬂﬂﬂﬂﬂﬂﬂﬂﬂﬂﬂﬂﬂﬂﬂﬂﬂﬂﬂﬂﬂﬂﬂﬂﬂﬂﬂﬂﬂﬂﬂﬂﬂﬂﬂﬂﬂﬂﬂﬂﬂﬂﬂﬂﬂﬂﬂﬂﬂﬂﬂ
   1861				     ;				    SUBROUTINE
   1862				     ;‹‹‹‹‹‹‹‹‹‹‹‹‹‹‹‹‹‹‹‹‹‹‹‹‹‹‹‹‹‹‹‹‹‹‹‹‹‹‹‹‹‹‹‹‹‹‹‹‹‹‹‹‹‹‹‹‹‹‹‹‹‹‹‹‹‹‹‹‹‹‹‹‹‹
   1863
   1864	0FB0			     sub_24	     proc    near
   1865	0FB0  53				     push    bx
   1866	0FB1  06				     push    es
   1867	0FB2  57				     push    di
   1868	0FB3  B9 3000				     mov     cx,3000h
   1869
   1870	0FB6			     locloop_92:
   1871	0FB6  26: C6 85	6000 00			     mov     byte ptr es:data_11e[di],0
   1872	0FBC  26: 8A 85	3000			     mov     al,es:data_7e[di]
   1873	0FC1  26: 8A 25				     mov     ah,es:[di]
   1874	0FC4  F6 D4				     not     ah
   1875	0FC6  22 C4				     and     al,ah
   1876	0FC8  26: 08 05				     or	     es:[di],al
   1877	0FCB  26: 08 85	6000			     or	     es:data_11e[di],al
   1878	0FD0  F6 D0				     not     al
   1879	0FD2  26: 20 85	3000			     and     es:data_7e[di],al
   1880	0FD7  26: 8A 85	3000			     mov     al,es:data_7e[di]
   1881	0FDC  26: 22 05				     and     al,es:[di]
   1882	0FDF  26: 08 85	6000			     or	     es:data_11e[di],al
   1883	0FE4  47				     inc     di
   1884	0FE5  E2 CF				     loop    locloop_92		     ; Loop if cx > 0
   1885
   1886	0FE7  5F				     pop     di
   1887	0FE8  07				     pop     es
   1888	0FE9  5B				     pop     bx
   1889	0FEA  B9 40C0				     mov     cx,40C0h
   1890	0FED  B0 FF				     mov     al,0FFh
   1891	0FEF  2E: FF 26	0000			     jmp     word ptr cs:data_90
**Error** ZR1_00.ASM(1816) Undefined symbol: DATA_90
   1892	0FF4			     sub_24	     endp
   1893
   1894	0FF4  20 20 20 20 20 20	20+		     db	     '		 Two thousand years, ',	0Dh
   1895	      20 20 20 20 54 77	6F+
   1896	      20 74 68 6F 75 73	61+
   1897	      6E 64 20 79 65 61	72+
   1898	      73 2C 20 0D
   1899	1014  66 72 6F 6D 20 74	68+		     db	     'from the dark reaches of another'
   1900	      65 20 64 61 72 6B	20+
   1901	      72 65 61 63 68 65	73+
   1902	      20 6F 66 20 61 6E	6F+
   1903	      74 68 65 72
   1904	1034  20 67 61 6C 61 78	79+		     db	     ' galaxy,', 0Dh, '	       a demon'
   1905	      2C 0D 20 20 20 20	20+
   1906	      20 20 20 61 20 64	65+
   1907	      6D 6F 6E
   1908	104C  20 77 69 74 68 20	6E+		     db	     ' with not	a shred', 0Dh, '      '
   1909	      6F 74 20 61 20 73	68+
   1910	      72 65 64 0D 20 20	20+
Turbo Assembler	 Version 2.01	     03/22/26 12:06:33	    Page 37
ZR1_00.ASM



   1911	      20 20 20
   1912	1064  6F 66 20 63 6F 6D	70+		     db	     'of compassion for	humankind,', 0Dh
   1913	      61 73 73 69 6F 6E	20+
   1914	      66 6F 72 20 68 75	6D+
   1915	      61 6E 6B 69 6E 64	2C+
   1916	      0D
   1917	1081  20 20 20 20 20 20	20+		     db	     '	       descended upon earth.', 0Dh
   1918	      20 20 64 65 73 63	65+
   1919	      6E 64 65 64 20 75	70+
   1920	      6F 6E 20 65 61 72	74+
   1921	      68 2E 0D
   1922	10A0  0D 20 20 20 20 20	20+		     db	     0Dh, '	     He	defiled	the la'
   1923	      20 20 20 20 48 65	20+
   1924	      64 65 66 69 6C 65	64+
   1925	      20 74 68 65 20 6C	61
   1926	10BC  6E 64 2C 0D 20 20	73+		     db	     'nd,', 0Dh, '  sending vile creat'
   1927	      65 6E 64 69 6E 67	20+
   1928	      76 69 6C 65 20 63	72+
   1929	      65 61 74
   1930	10D4  75 72 65 73 20 74	6F+		     db	     'ures to live in it,', 0Dh, '   a'
   1931	      20 6C 69 76 65 20	69+
   1932	      6E 20 69 74 2C 0D	20+
   1933	      20 20 61
   1934	10EC  6E 64 20 74 68 75	73+		     db	     'nd thus became ruler of the worl'
   1935	      20 62 65 63 61 6D	65+
   1936	      20 72 75 6C 65 72	20+
   1937	      6F 66 20 74 68 65	20+
   1938	      77 6F 72 6C
   1939	110C  64 2E 0D 0D 20 20	20+		     db	     'd.', 0Dh,	0Dh, '	       The Kin'
   1940	      20 20 20 20 20 20	54+
   1941	      68 65 20 4B 69 6E
   1942	1120  67 20 6F 66 20 46	65+		     db	     'g	of Felishika,',	0Dh, '	   app'
   1943	      6C 69 73 68 69 6B	61+
   1944	      2C 0D 20 20 20 20	20+
   1945	      61 70 70
   1946	1138  61 6C 6C 65 64 20	62+		     db	     'alled by what had	happened,', 0Dh
   1947	      79 20 77 68 61 74	20+
   1948	      68 61 64 20 68 61	70+
   1949	      70 65 6E 65 64 2C	0D
   1950	1154  20 20 20 20 20 20	20+		     db	     '		prayed to the Spirit', 0Dh
   1951	      20 20 20 70 72 61	79+
   1952	      65 64 20 74 6F 20	74+
   1953	      68 65 20 53 70 69	72+
   1954	      69 74 0D
   1955	1173  20 20 20 20 20 20	6F+		     db	     '	    of the Holy	Land of	Zeliar'
   1956	      66 20 74 68 65 20	48+
   1957	      6F 6C 79 20 4C 61	6E+
   1958	      64 20 6F 66 20 5A	65+
   1959	      6C 69 61 72
   1960	1193  64 0D 20 20 20 20	66+		     db	     'd', 0Dh, '    for	help in	defeat'
   1961	      6F 72 20 68 65 6C	70+
   1962	      20 69 6E 20 64 65	66+
   1963	      65 61 74
   1964	11AB  69 6E 67 20 74 68	69+		     db	     'ing this monster.', 0Dh, 0Dh, ' '
Turbo Assembler	 Version 2.01	     03/22/26 12:06:33	    Page 38
ZR1_00.ASM



   1965	      73 20 6D 6F 6E 73	74+
   1966	      65 72 2E 0D 0D 20
   1967	11BF  20 20 20 57 69 74	68+		     db	     '	 With the help of the holy cry'
   1968	      20 74 68 65 20 68	65+
   1969	      6C 70 20 6F 66 20	74+
   1970	      68 65 20 68 6F 6C	79+
   1971	      20 63 72 79
   1972	11DF  73 74 61 6C 73 0D	20+		     db	     'stals', 0Dh, '	   called Tear'
   1973	      20 20 20 20 20 20	63+
   1974	      61 6C 6C 65 64 20	54+
   1975	      65 61 72
   1976	11F7  73 20 6F 66 20 45	73+		     db	     's	of Esmesanti,',	0Dh, '	  the '
   1977	      6D 65 73 61 6E 74	69+
   1978	      2C 0D 20 20 20 20	74+
   1979	      68 65 20
   1980	120F  4B 69 6E 67 20 6D	61+		     db	     'King managed to wrest power', 0Dh
   1981	      6E 61 67 65 64 20	74+
   1982	      6F 20 77 72 65 73	74+
   1983	      20 70 6F 77 65 72	0D
   1984	122B  20 20 20 20 66 72	6F+		     db	     '	  from the fiend and seal him '
   1985	      6D 20 74 68 65 20	66+
   1986	      69 65 6E 64 20 61	6E+
   1987	      64 20 73 65 61 6C	20+
   1988	      68 69 6D 20
   1989	124B  64 65 65 70 0D 20	20+		     db	     'deep', 0Dh, '	within the bow'
   1990	      20 20 20 77 69 74	68+
   1991	      69 6E 20 74 68 65	20+
   1992	      62 6F 77
   1993	1263  65 6C 73 20 6F 66	20+		     db	     'els of the earth.', 0Dh, 0Dh, ' '
   1994	      74 68 65 20 65 61	72+
   1995	      74 68 2E 0D 0D 20
   1996	1277  20 20 20 20 20 20	20+		     db	     '		 And once again,', 0Dh
   1997	      20 20 20 20 41 6E	64+
   1998	      20 6F 6E 63 65 20	61+
   1999	      67 61 69 6E 2C 0D
   2000	1292  20 74 68 65 20 6C	69+		     db	     ' the light of peace came to shin'
   2001	      67 68 74 20 6F 66	20+
   2002	      70 65 61 63 65 20	63+
   2003	      61 6D 65 20 74 6F	20+
   2004	      73 68 69 6E
   2005	12B2  65 20 75 70 6F 6E	0D+		     db	     'e	upon', 0Dh, '		   the'
   2006	      20 20 20 20 20 20	20+
   2007	      20 20 20 20 20 20	20+
   2008	      74 68 65
   2009	12CA  20 65 61 72 74 68	2E+		     db	     ' earth.',	0Dh, 0Dh, 0Dh, 'Howeve'
   2010	      0D 0D 0D 48 6F 77	65+
   2011	      76 65
   2012	12DA  72 2C 20 69 74 20	69+		     db	     'r, it is written in', 0Dh, '    '
   2013	      73 20 77 72 69 74	74+
   2014	      65 6E 20 69 6E 0D	20+
   2015	      20 20 20
   2016	12F2  20 20 20 74 68 65	20+		     db	     '	 the Sixth Book	of Esmesanti:',	0Dh
   2017	      53 69 78 74 68 20	42+
   2018	      6F 6F 6B 20 6F 66	20+
Turbo Assembler	 Version 2.01	     03/22/26 12:06:33	    Page 39
ZR1_00.ASM



   2019	      45 73 6D 65 73 61	6E+
   2020	      74 69 3A 0D
   2021	1312  20 20 20 20 20 20	20+		     db	     '			  The Age of D'
   2022	      20 20 20 20 20 20	20+
   2023	      20 20 20 20 20 20	54+
   2024	      68 65 20 41 67 65	20+
   2025	      6F 66 20 44
   2026	1332  61 72 6B 6E 65 73	73+		     db	     'arkness.', 0Dh
   2027	      2E 0D
   2028	133B  FF 20				     db	     0FFh, 20h
   2029	133D  20 20 20 20 20 20	20+		     db	     '		     At	last,	      '
   2030	      20 20 20 20 20 20	20+
   2031	      20 41 74 20 6C 61	73+
   2032	      74 2C 20 20 20 20	20+
   2033	      20 20 20 20
   2034	135D  20 20 20 20 20 20	20+		     db	     '	     ',	0Dh, '	   the door of'
   2035	      0D 20 20 20 20 20	74+
   2036	      68 65 20 64 6F 6F	72+
   2037	      20 6F 66
   2038	1375  20 64 65 73 74 69	6E+		     db	     ' destiny was opened.    ', 0Dh, '	'
   2039	      79 20 77 61 73 20	6F+
   2040	      70 65 6E 65 64 2E	20+
   2041	      20 20 20 0D 20
   2042	138F  20 20 20 20 20 20	20+		     db	     '	     The labyrinths are	deep, '
   2043	      54 68 65 20 6C 61	62+
   2044	      79 72 69 6E 74 68	73+
   2045	      20 61 72 65 20 64	65+
   2046	      65 70 2C 20
   2047	13AF  20 20 20 20 20 20	20+		     db	     '	     ',	0Dh, '		and th'
   2048	      0D 20 20 20 20 20	20+
   2049	      20 20 20 20 61 6E	64+
   2050	      20 74 68
   2051	13C7  65 20 77 61 79 20	69+		     db	     'e	way is long.	      ', 0Dh, '	'
   2052	      73 20 6C 6F 6E 67	2E+
   2053	      20 20 20 20 20 20	20+
   2054	      20 20 20 0D 20
   2055	13E1  20 20 20 20 57 69	6C+		     db	     '	  Will Duke Garland be success'
   2056	      6C 20 44 75 6B 65	20+
   2057	      47 61 72 6C 61 6E	64+
   2058	      20 62 65 20 73 75	63+
   2059	      63 65 73 73
   2060	1401  66 75 6C 20 20 20	20+		     db	     'ful    ',	0Dh, '	 in dethroning'
   2061	      0D 20 20 20 69 6E	20+
   2062	      64 65 74 68 72 6F	6E+
   2063	      69 6E 67
   2064	1419  20 74 68 65 20 45	6D+		     db	     ' the Emperor of Chaos?  ', 0Dh
   2065	      70 65 72 6F 72 20	6F+
   2066	      66 20 43 68 61 6F	73+
   2067	      3F 20 20 0D
   2068	1432  FF 20				     db	     0FFh, 20h
   2069	1434  20 20 20 20 20 20	20+		     db	     '	       Fantasy Action Game    '
   2070	      20 20 46 61 6E 74	61+
   2071	      73 79 20 41 63 74	69+
   2072	      6F 6E 20 47 61 6D	65+
Turbo Assembler	 Version 2.01	     03/22/26 12:06:33	    Page 40
ZR1_00.ASM



   2073	      20 20 20 20
   2074	1454  20 20 20 20 20 20	20+		     db	     '	     ',	0Dh, '		     Z'
   2075	      0D 20 20 20 20 20	20+
   2076	      20 20 20 20 20 20	20+
   2077	      20 20 5A
   2078	146C  45 4C 49 41 52 44	20+		     db	     'ELIARD		      ', 0Dh, 0Dh
   2079	      20 20 20 20 20 20	20+
   2080	      20 20 20 20 20 20	20+
   2081	      20 20 20 0D 0D
   2082	1486  20 20 20 20 20 20	20+		     db	     '		   -- STAFF --	      '
   2083	      20 20 20 20 20 20	2D+
   2084	      2D 20 53 54 41 46	46+
   2085	      20 2D 2D 20 20 20	20+
   2086	      20 20 20 20
   2087	14A6  20 20 20 20 20 20	20+		     db	     '	      ', 0Dh, 0Dh, 'Producer -'
   2088	      20 0D 0D 50 72 6F	64+
   2089	      75 63 65 72 20 2D
   2090	14BA  2D 20 4A 61 70 61	6E+		     db	     '-	Japanese Version', 0Dh,	'     '
   2091	      65 73 65 20 56 65	72+
   2092	      73 69 6F 6E 0D 20	20+
   2093	      20 20 20
   2094	14D2  20 20 20 20 20 20	20+		     db	     '		       Mitsuhiro Mazda'
   2095	      20 20 20 20 20 20	20+
   2096	      20 20 20 4D 69 74	73+
   2097	      75 68 69 72 6F 20	4D+
   2098	      61 7A 64 61
   2099	14F2  20 20 20 0D 0D 50	72+		     db	     '	 ', 0Dh, 0Dh, 'Producer	-- Eng'
   2100	      6F 64 75 63 65 72	20+
   2101	      2D 2D 20 45 6E 67
   2102	1506  6C 69 73 68 20 56	65+		     db	     'lish Version', 0Dh, '	      '
   2103	      72 73 69 6F 6E 0D	20+
   2104	      20 20 20 20 20 20	20+
   2105	      20 20 20
   2106	151E  20 20 20 20 20 20	20+		     db	     '		   Josh	Mandel	   ', 0Dh
   2107	      20 20 20 20 20 20	4A+
   2108	      6F 73 68 20 4D 61	6E+
   2109	      64 65 6C 20 20 20	20+
   2110	      20 0D
   2111	153C  0D 4C 65 61 64 20	50+		     db	     0Dh, 'Lead	Programmer	Tomoyu'
   2112	      72 6F 67 72 61 6D	6D+
   2113	      65 72 20 20 20 20	20+
   2114	      20 54 6F 6D 6F 79	75
   2115	1558  6B 69 20 53 68 69	6D+		     db	     'ki Shimada   ', 0Dh, 0Dh,	'Graph'
   2116	      61 64 61 20 20 20	0D+
   2117	      0D 47 72 61 70 68
   2118	156C  69 63 20 44 65 73	69+		     db	     'ic Designers     Akihiko Yoshida'
   2119	      67 6E 65 72 73 20	20+
   2120	      20 20 20 41 6B 69	68+
   2121	      69 6B 6F 20 59 6F	73+
   2122	      68 69 64 61
   2123	158C  20 20 20 0D 20 20	20+		     db	     '	 ', 0Dh, '		      '
   2124	      20 20 20 20 20 20	20+
   2125	      20 20 20 20 20 20	20+
   2126	      20 20 20
Turbo Assembler	 Version 2.01	     03/22/26 12:06:33	    Page 41
ZR1_00.ASM



   2127	15A4  20 20 4D 61 73 61	74+		     db	     '	Masatoshi Azumi	  ', 0Dh, 0Dh, 'E'
   2128	      6F 73 68 69 20 41	7A+
   2129	      75 6D 69 20 20 20	0D+
   2130	      0D 45
   2131	15BB  6E 67 6C 69 73 68	20+		     db	     'nglish Text Translation by', 0Dh
   2132	      54 65 78 74 20 54	72+
   2133	      61 6E 73 6C 61 74	69+
   2134	      6F 6E 20 62 79 0D
   2135	15D6  20 20 20 20 20 20	20+		     db	     '			     Marti McK'
   2136	      20 20 20 20 20 20	20+
   2137	      20 20 20 20 20 20	20+
   2138	      20 20 4D 61 72 74	69+
   2139	      20 4D 63 4B
   2140	15F6  65 6E 6E 61 20 20	20+		     db	     'enna    ', 0Dh, 0Dh, 'Music Comp'
   2141	      20 0D 0D 4D 75 73	69+
   2142	      63 20 43 6F 6D 70
   2143	160A  6F 73 65 72 73 20	20+		     db	     'osers  --	MECANO ASSOCIATES --', 0Dh
   2144	      2D 2D 20 4D 45 43	41+
   2145	      4E 4F 20 41 53 53	4F+
   2146	      43 49 41 54 45 53	20+
   2147	      2D 2D 0D
   2148	1629  20 20 20 20 20 20	20+		     db	     '			  Fumihito Kas'
   2149	      20 20 20 20 20 20	20+
   2150	      20 20 20 20 20 20	46+
   2151	      75 6D 69 68 69 74	6F+
   2152	      20 4B 61 73
   2153	1649  61 74 61 6E 69 20	20+		     db	     'atani   ', 0Dh, '		      '
   2154	      20 0D 20 20 20 20	20+
   2155	      20 20 20 20 20 20	20+
   2156	      20 20 20
   2157	1661  20 20 20 20 20 4E	6F+		     db	     '	   Nobuyuki Aoshima    ', 0Dh, 0Dh
   2158	      62 75 79 75 6B 69	20+
   2159	      41 6F 73 68 69 6D	61+
   2160	      20 20 20 20 0D 0D
   2161	167C  53 74 6F 72 79 20	4D+		     db	     'Story Maker	    Masaru Tak'
   2162	      61 6B 65 72 20 20	20+
   2163	      20 20 20 20 20 20	20+
   2164	      20 4D 61 73 61 72	75+
   2165	      20 54 61 6B
   2166	169C  65 75 63 68 69 20	20+		     db	     'euchi   ', 0Dh, 0Dh, 'Sound Effe'
   2167	      20 0D 0D 53 6F 75	6E+
   2168	      64 20 45 66 66 65
   2169	16B0  63 74 73 20 62 79	20+		     db	     'cts by	 Tomoyuki Shimada   ', 0Dh
   2170	      20 20 20 20 54 6F	6D+
   2171	      6F 79 75 6B 69 20	53+
   2172	      68 69 6D 61 64 61	20+
   2173	      20 20 0D
   2174	16CF  0D 41 64 76 69 73	65+		     db	     0Dh, 'Advisers		  Osam'
   2175	      72 73 20 20 20 20	20+
   2176	      20 20 20 20 20 20	20+
   2177	      20 20 20 4F 73 61	6D
   2178	16EB  75 20 48 61 72 61	64+		     db	     'u	Harada	   ', 0Dh, '	      '
   2179	      61 20 20 20 20 20	0D+
   2180	      20 20 20 20 20 20	20+
Turbo Assembler	 Version 2.01	     03/22/26 12:06:33	    Page 42
ZR1_00.ASM



   2181	      20 20 20
   2182	1703  20 20 20 20 20 20	20+		     db	     '		   Hiromi Ohba	    ', 0Dh
   2183	      20 20 20 20 20 20	48+
   2184	      69 72 6F 6D 69 20	4F+
   2185	      68 62 61 20 20 20	20+
   2186	      20 20 0D
   2187	1722  20 20 20 20 20 20	20+		     db	     '			     Greg Miya'
   2188	      20 20 20 20 20 20	20+
   2189	      20 20 20 20 20 20	20+
   2190	      20 20 47 72 65 67	20+
   2191	      4D 69 79 61
   2192	1742  6A 69 20 20 20 20	20+		     db	     'ji      ', 0Dh, 0Dh, 'System Des'
   2193	      20 0D 0D 53 79 73	74+
   2194	      65 6D 20 44 65 73
   2195	1756  69 67 6E 65 72 20	20+		     db	     'igner	 Rocky Cave Maker   ', 0Dh
   2196	      20 20 20 20 52 6F	63+
   2197	      6B 79 20 43 61 76	65+
   2198	      20 4D 61 6B 65 72	20+
   2199	      20 20 0D
   2200	1775  0D 53 70 65 63 69	61+		     db	     0Dh, 'Special Thanks to', 0Dh, ' '
   2201	      6C 20 54 68 61 6E	6B+
   2202	      73 20 74 6F 0D 20
   2203	1789  20 20 20 20 20 20	20+		     db	     '			 Toshiyuki Uch'
   2204	      20 20 20 20 20 20	20+
   2205	      20 20 20 20 20 54	6F+
   2206	      73 68 69 79 75 6B	69+
   2207	      20 55 63 68
   2208	17A9  69 64 61 20 20 20	20+		     db	     'ida    ',	0Dh, '		      '
   2209	      0D 20 20 20 20 20	20+
   2210	      20 20 20 20 20 20	20+
   2211	      20 20 20
   2212	17C1  20 20 20 20 20 20	20+		     db	     '	     Yuzo Sunaga      ', 0Dh, '	'
   2213	      59 75 7A 6F 20 53	75+
   2214	      6E 61 67 61 20 20	20+
   2215	      20 20 20 0D 20
   2216	17DB  20 20 20 20 20 20	20+		     db	     '			  Takeshi Miya'
   2217	      20 20 20 20 20 20	20+
   2218	      20 20 20 20 20 20	54+
   2219	      61 6B 65 73 68 69	20+
   2220	      4D 69 79 61
   2221	17FB  6A 69 20 20 20 20	20+		     db	     'ji     ',	0Dh, '		      '
   2222	      0D 20 20 20 20 20	20+
   2223	      20 20 20 20 20 20	20+
   2224	      20 20 20
   2225	1813  20 20 20 20 20 4E	61+		     db	     '	   Naozumi Honma      ', 0Dh, '	'
   2226	      6F 7A 75 6D 69 20	48+
   2227	      6F 6E 6D 61 20 20	20+
   2228	      20 20 20 0D 20
   2229	182D  20 20 20 20 20 20	20+		     db	     '			  Toshi	Masubu'
   2230	      20 20 20 20 20 20	20+
   2231	      20 20 20 20 20 20	54+
   2232	      6F 73 68 69 20 4D	61+
   2233	      73 75 62 75
   2234	184D  63 68 69 20 20 20	20+		     db	     'chi    ',	0Dh, '		      '
Turbo Assembler	 Version 2.01	     03/22/26 12:06:33	    Page 43
ZR1_00.ASM



   2235	      0D 20 20 20 20 20	20+
   2236	      20 20 20 20 20 20	20+
   2237	      20 20 20
   2238	1865  20 20 20 20 20 52	61+		     db	     '	   Ray E. Nakazato    ', 0Dh, '	'
   2239	      79 20 45 2E 20 4E	61+
   2240	      6B 61 7A 61 74 6F	20+
   2241	      20 20 20 0D 20
   2242	187F  20 20 20 20 20 20	20+		     db	     '			  Hiroyuki Koy'
   2243	      20 20 20 20 20 20	20+
   2244	      20 20 20 20 20 20	48+
   2245	      69 72 6F 79 75 6B	69+
   2246	      20 4B 6F 79
   2247	189F  61 6D 61 20 20 20	20+		     db	     'ama    ',	0Dh, '		      '
   2248	      0D 20 20 20 20 20	20+
   2249	      20 20 20 20 20 20	20+
   2250	      20 20 20
   2251	18B7  20 20 20 20 20 53	61+		     db	     '	   Satoshi Uesaka     ', 0Dh, '	'
   2252	      74 6F 73 68 69 20	55+
   2253	      65 73 61 6B 61 20	20+
   2254	      20 20 20 0D 20
   2255	18D1  20 20 20 20 20 20	20+		     db	     '		   Sierra On-Line Japa'
   2256	      20 20 20 20 20 20	53+
   2257	      69 65 72 72 61 20	4F+
   2258	      6E 2D 4C 69 6E 65	20+
   2259	      4A 61 70 61
   2260	18F1  6E 2C 20 49 6E 63	2E+		     db	     'n, Inc.',	0Dh, '		      '
   2261	      0D 20 20 20 20 20	20+
   2262	      20 20 20 20 20 20	20+
   2263	      20 20 20
   2264	1909  20 20 20 20 45 69	6A+		     db	     '	  Eiji (Ed) Nagano    ', 0Dh, 0Dh
   2265	      69 20 28 45 64 29	20+
   2266	      4E 61 67 61 6E 6F	20+
   2267	      20 20 20 0D 0D
   2268	1923  0D 0D 20 20 20 20	43+		     db	     0Dh, 0Dh, '    Copyright (C)1987,'
   2269	      6F 70 79 72 69 67	68+
   2270	      74 20 28 43 29 31	39+
   2271	      38 37 2C
   2272	193B  31 39 39 30 20 47	41+		     db	     '1990 GAME	ARTS	', 0Dh,	'    C'
   2273	      4D 45 20 41 52 54	53+
   2274	      20 20 20 20 0D 20	20+
   2275	      20 20 43
   2276	1953  6F 70 79 72 69 67	68+		     db	     'opyright (C)1990 Sierra On-Line '
   2277	      74 20 28 43 29 31	39+
   2278	      39 30 20 53 69 65	72+
   2279	      72 61 20 4F 6E 2D	4C+
   2280	      69 6E 65 20
   2281	1973  20 20 20 0D 20 20	54+		     db	     '	 ', 0Dh, '  This edition first'
   2282	      68 69 73 20 65 64	69+
   2283	      74 69 6F 6E 20 66	69+
   2284	      72 73 74
   2285	198B  20 70 75 62 6C 69	73+		     db	     ' published 1987 by  ', 0Dh, '  G'
   2286	      68 65 64 20 31 39	38+
   2287	      37 20 62 79 20 20	0D+
   2288	      20 20 47
Turbo Assembler	 Version 2.01	     03/22/26 12:06:33	    Page 44
ZR1_00.ASM



   2289	19A3  41 4D 45 20 41 52	54+		     db	     'AME ARTS Co.,Ltd./ Tomoyuki Shim'
   2290	      53 20 43 6F 2E 2C	4C+
   2291	      74 64 2E 2F 20 54	6F+
   2292	      6D 6F 79 75 6B 69	20+
   2293	      53 68 69 6D
   2294	19C3  61 64 61 20 20 0D			     db	     'ada  ', 0Dh
   2295	19C9  FF 50 F0 FE F3 FA			     db	     0FFh, 50h,0F0h,0FEh,0F3h,0FAh
   2296	19CF  4F 6E 63 65 2C 20	6C+		     db	     'Once, long ago, a	terrible storm'
   2297	      6F 6E 67 20 61 67	6F+
   2298	      2C 20 61 20 74 65	72+
   2299	      72 69 62 6C 65 20	73+
   2300	      74 6F 72 6D
   2301	19EF  20 63 61 6D 65 20	74+		     db	     ' came to the land	of Zeliard. '
   2302	      6F 20 74 68 65 20	6C+
   2303	      61 6E 64 20 6F 66	20+
   2304	      5A 65 6C 69 61 72	64+
   2305	      2E 20
   2306	1A0D  F5 F5 F5 F5 FE F7			     db	     0F5h,0F5h,0F5h,0F5h,0FEh,0F7h
   2307	1A13  44 61 72 6B			     db	      44h, 61h,	72h, 6Bh
   2308	1A17  20 63 6C 6F 75 64	73+		     db	     ' clouds filled the sky; lightnin'
   2309	      20 66 69 6C 6C 65	64+
   2310	      20 74 68 65 20 73	6B+
   2311	      79 3B 20 6C 69 67	68+
   2312	      74 6E 69 6E
   2313	1A37  67 20 66 6C 61 73	68+		     db	     'g	flashed	and thunder crashed. '
   2314	      65 64 20 61 6E 64	20+
   2315	      74 68 75 6E 64 65	72+
   2316	      20 63 72 61 73 68	65+
   2317	      64 2E 20
   2318	1A56  F2				     db	     0F2h
   2319	1A57  44 61 79 20 61 66	74+		     db	     'Day after	day, rain poured from '
   2320	      65 72 20 64 61 79	2C+
   2321	      20 72 61 69 6E 20	70+
   2322	      6F 75 72 65 64 20	66+
   2323	      72 6F 6D 20
   2324	1A77  74 68 65 20 68 65	61+		     db	     'the heavens as if	in lament.'
   2325	      76 65 6E 73 20 61	73+
   2326	      20 69 66 20 69 6E	20+
   2327	      6C 61 6D 65 6E 74	2E
   2328	1A93  F5 F5 F5 F5 FE F5			     db	     0F5h,0F5h,0F5h,0F5h,0FEh,0F5h
   2329	1A99  F5 FE F3 F5			     db	     0F5h,0FEh,0F3h,0F5h
   2330	1A9D  4F 6E 20 74 68 65	20+		     db	     'On the seventh day of rain, a be'
   2331	      73 65 76 65 6E 74	68+
   2332	      20 64 61 79 20 6F	66+
   2333	      20 72 61 69 6E 2C	20+
   2334	      61 20 62 65
   2335	1ABD  61 75 74 69 66 75	6C+		     db	     'autiful young girl stood on her '
   2336	      20 79 6F 75 6E 67	20+
   2337	      67 69 72 6C 20 73	74+
   2338	      6F 6F 64 20 6F 6E	20+
   2339	      68 65 72 20
   2340	1ADD  62 61 6C 63 6F 6E	79+		     db	     'balcony watching this dark, sad '
   2341	      20 77 61 74 63 68	69+
   2342	      6E 67 20 74 68 69	73+
Turbo Assembler	 Version 2.01	     03/22/26 12:06:33	    Page 45
ZR1_00.ASM



   2343	      20 64 61 72 6B 2C	20+
   2344	      73 61 64 20
   2345	1AFD  72 61 69 6E 2E			     db	     'rain.'
   2346	1B02  F5 F5 F5 F5 FE F3			     db	     0F5h,0F5h,0F5h,0F5h,0FEh,0F3h
   2347	1B08  54 68 65 20 67 69	72+		     db	     'The girl was Princess Felicia la'
   2348	      6C 20 77 61 73 20	50+
   2349	      72 69 6E 63 65 73	73+
   2350	      20 46 65 6C 69 63	69+
   2351	      61 20 6C 61
   2352	1B28  20 46 65 6C 69 73	68+		     db	     ' Felishika.  She was the only da'
   2353	      69 6B 61 2E 20 20	53+
   2354	      68 65 20 77 61 73	20+
   2355	      74 68 65 20 6F 6E	6C+
   2356	      79 20 64 61
   2357	1B48  75 67 68 74 65 72	20+		     db	     'ughter of	King Felishika,	and th'
   2358	      6F 66 20 4B 69 6E	67+
   2359	      20 46 65 6C 69 73	68+
   2360	      69 6B 61 2C 20 61	6E+
   2361	      64 20 74 68
   2362	1B68  65 20 6C 69 67 68	74+		     db	     'e	light of his life.'
   2363	      20 6F 66 20 68 69	73+
   2364	      20 6C 69 66 65 2E
   2365	1B7C  F5 F5 F5 F5 FE F3			     db	     0F5h,0F5h,0F5h,0F5h,0FEh,0F3h
   2366	1B82  F5				     db	     0F5h
   2367	1B83  48 65 72 20 73 6D	69+		     db	     'Her smiles were like sunshine, h'
   2368	      6C 65 73 20 77 65	72+
   2369	      65 20 6C 69 6B 65	20+
   2370	      73 75 6E 73 68 69	6E+
   2371	      65 2C 20 68
   2372	1BA3  65 72 20 76 6F 69	63+		     db	     'er voice as beautiful as that of'
   2373	      65 20 61 73 20 62	65+
   2374	      61 75 74 69 66 75	6C+
   2375	      20 61 73 20 74 68	61+
   2376	      74 20 6F 66
   2377	1BC3  20 61 6E 20 61 6E	67+		     db	     ' an angel.  She was adored by th'
   2378	      65 6C 2E 20 20 53	68+
   2379	      65 20 77 61 73 20	61+
   2380	      64 6F 72 65 64 20	62+
   2381	      79 20 74 68
   2382	1BE3  65 20 70 65 6F 70	6C+		     db	     'e	people of the kingdom.'
   2383	      65 20 6F 66 20 74	68+
   2384	      65 20 6B 69 6E 67	64+
   2385	      6F 6D 2E
   2386	1BFB  F5 F5 F5 F5			     db	     0F5h,0F5h,0F5h,0F5h
   2387	1BFF			     loc_93:
   2388	1BFF  EB FE				     jmp     short loc_93
   2389										     ;*	No entry point to code
   2390	1C01  F5				     cmc			     ; Complement carry
   2391	1C02  F3 FB A0 22 57			     db	     0F3h,0FBh,0A0h, 22h, 57h
   2392	1C07  68 61 74 20 61 20	64+		     db	     'hat a dreadful storm!  Will it n'
   2393	      72 65 61 64 66 75	6C+
   2394	      20 73 74 6F 72 6D	21+
   2395	      20 20 57 69 6C 6C	20+
   2396	      69 74 20 6E
Turbo Assembler	 Version 2.01	     03/22/26 12:06:33	    Page 46
ZR1_00.ASM



   2397	1C27  65 76 65 72 20 65	6E+		     db	     'ever end?"'
   2398	      64 3F 22
   2399	1C31  F0 F6 FE F5 F3 FA			     db	     0F0h,0F6h,0FEh,0F5h,0F3h,0FAh
   2400	1C37  4A 75 73 74 20 61	73+		     db	     'Just as the princess spoke these'
   2401	      20 74 68 65 20 70	72+
   2402	      69 6E 63 65 73 73	20+
   2403	      73 70 6F 6B 65 20	74+
   2404	      68 65 73 65
   2405	1C57  20 77 6F 72 64 73	2C+		     db	     ' words, the raindrops turned to '
   2406	      20 74 68 65 20 72	61+
   2407	      69 6E 64 72 6F 70	73+
   2408	      20 74 75 72 6E 65	64+
   2409	      20 74 6F 20
   2410	1C77  67 72 61 69 6E 73	20+		     db	     'grains of	sand which covered the'
   2411	      6F 66 20 73 61 6E	64+
   2412	      20 77 68 69 63 68	20+
   2413	      63 6F 76 65 72 65	64+
   2414	      20 74 68 65
   2415	1C97  20 67 72 6F 75 6E	64+		     db	     ' ground below her. '
   2416	      20 62 65 6C 6F 77	20+
   2417	      68 65 72 2E 20
   2418	1CAA  F5 F5 F5 F5 F5 FE			     db	     0F5h,0F5h,0F5h,0F5h,0F5h,0FEh
   2419	1CB0  FD FE F5 F3			     db	     0FDh,0FEh,0F5h,0F3h
   2420	1CB4  41 73 20 73 68 65	20+		     db	     'As she watched, a	startling tran'
   2421	      77 61 74 63 68 65	64+
   2422	      2C 20 61 20 73 74	61+
   2423	      72 74 6C 69 6E 67	20+
   2424	      74 72 61 6E
   2425	1CD4  73 66 6F 72 6D 61	74+		     db	     'sformation began to take place.'
   2426	      69 6F 6E 20 62 65	67+
   2427	      61 6E 20 74 6F 20	74+
   2428	      61 6B 65 20 70 6C	61+
   2429	      63 65 2E
   2430	1CF3  F5 F5 F5 F5 FE F3			     db	     0F5h,0F5h,0F5h,0F5h,0FEh,0F3h
   2431	1CF9  49 6E 20 61 6E 20	69+		     db	     'In an instant, the green hills a'
   2432	      6E 73 74 61 6E 74	2C+
   2433	      20 74 68 65 20 67	72+
   2434	      65 65 6E 20 68 69	6C+
   2435	      6C 73 20 61
   2436	1D19  6E 64 20 70 6C 61	69+		     db	     'nd plains	turned a dusty brown. '
   2437	      6E 73 20 74 75 72	6E+
   2438	      65 64 20 61 20 64	75+
   2439	      73 74 79 20 62 72	6F+
   2440	      77 6E 2E 20
   2441	1D39  F5 F5 F5 F5 FE F7			     db	     0F5h,0F5h,0F5h,0F5h,0FEh,0F7h
   2442	1D3F  54 72				     db	      54h, 72h
   2443	1D41  65 65 73 20 61 6E	64+		     db	     'ees and flowers crumpled and wer'
   2444	      20 66 6C 6F 77 65	72+
   2445	      73 20 63 72 75 6D	70+
   2446	      6C 65 64 20 61 6E	64+
   2447	      20 77 65 72
   2448	1D61  65 20 62 75 72 69	65+		     db	     'e	buried.	'
   2449	      64 2E 20
   2450	1D6B  F3				     db	     0F3h
Turbo Assembler	 Version 2.01	     03/22/26 12:06:33	    Page 47
ZR1_00.ASM



   2451	1D6C  52 69 76 65 72 73	20+		     db	     'Rivers and lakes disappeared ben'
   2452	      61 6E 64 20 6C 61	6B+
   2453	      65 73 20 64 69 73	61+
   2454	      70 70 65 61 72 65	64+
   2455	      20 62 65 6E
   2456	1D8C  65 61 74 68 20 74	68+		     db	     'eath the sand.'
   2457	      65 20 73 61 6E 64	2E
   2458	1D9A  F1				     db	     0F1h
   2459	1D9B  54 68 69 73 20 65	76+		     db	     'This ever-green land was turning'
   2460	      65 72 2D 67 72 65	65+
   2461	      6E 20 6C 61 6E 64	20+
   2462	      77 61 73 20 74 75	72+
   2463	      6E 69 6E 67
   2464	1DBB  20 74 6F 20 64 65	73+		     db	     ' to desert before	her very eyes.'
   2465	      65 72 74 20 62 65	66+
   2466	      6F 72 65 20 68 65	72+
   2467	      20 76 65 72 79 20	65+
   2468	      79 65 73 2E
   2469	1DDB  F5 F5 F5 F5 F5 F5			     db	     0F5h,0F5h,0F5h,0F5h,0F5h,0F5h
   2470	1DE1  FE FD F5 F3 FB EB			     db	     0FEh,0FDh,0F5h,0F3h,0FBh,0EBh
   2471	1DE7  A2				     db	     0A2h
   2472	1DE8  22 48 6F 77 20 63	61+		     db	     '"How can this be?" '
   2473	      6E 20 74 68 69 73	20+
   2474	      62 65 3F 22 20
   2475	1DFB  F0 FA				     db	     0F0h,0FAh
   2476	1DFD  73 68 65 20 63 72	69+		     db	     'she cried, '
   2477	      65 64 2C 20
   2478	1E08  EB FB				     db	     0EBh,0FBh
   2479	1E0A  22 57 68				     db	     '"Wh'
   2480	1E0D  61 74 20 65 76 69	6C+		     db	     'at evil p'
   2481	      20 70
   2482	1E16  6F 77 65 72 20 63	6F+		     db	     'ower could cause such a terrible'
   2483	      75 6C 64 20 63 61	75+
   2484	      73 65 20 73 75 63	68+
   2485	      20 61 20 74 65 72	72+
   2486	      69 62 6C 65
   2487	1E36  20 74 68 69 6E 67	20+		     db	     ' thing to	happen?"'
   2488	      74 6F 20 68 61 70	70+
   2489	      65 6E 3F 22
   2490	1E48  F0 F6 F5 F5 F5 FE			     db	     0F0h,0F6h,0F5h,0F5h,0F5h,0FEh
   2491	1E4E  F3 FA				     db	     0F3h,0FAh
   2492	1E50  50 72 69 6E 63 65	73+		     db	     'Princess Felicia shiver'
   2493	      73 20 46 65 6C 69	63+
   2494	      69 61 20 73 68 69	76+
   2495	      65 72
   2496	1E67  65 64 20 61 73 20	73+		     db	     'ed as she	felt a dark presence n'
   2497	      68 65 20 66 65 6C	74+
   2498	      20 61 20 64 61 72	6B+
   2499	      20 70 72 65 73 65	6E+
   2500	      63 65 20 6E
   2501	1E87  65 61 72 20 68 65	72+		     db	     'ear her, '
   2502	      2C 20
   2503	1E90  FD				     db	     0FDh
   2504	1E91  61 6E 64 20 73 75	64+		     db	     'and suddenly, a terrifying voice'
Turbo Assembler	 Version 2.01	     03/22/26 12:06:33	    Page 48
ZR1_00.ASM



   2505	      64 65 6E 6C 79 2C	20+
   2506	      61 20 74 65 72 72	69+
   2507	      66 79 69 6E 67 20	76+
   2508	      6F 69 63 65
   2509	1EB1  20 62 65 6C 6C 6F	77+		     db	     ' bellowed	as loud	as thunder...'
   2510	      65 64 20 61 73 20	6C+
   2511	      6F 75 64 20 61 73	20+
   2512	      74 68 75 6E 64 65	72+
   2513	      2E 2E 2E
   2514	1ED0  F5 F5 F5 F5 FE F7			     db	     0F5h,0F5h,0F5h,0F5h,0FEh,0F7h
   2515	1ED6  F9 ED				     db	     0F9h,0EDh
   2516	1ED8  22 49 20 61 6D 20	4A+		     db	     '"I am Jashiin, the Emperor of Ch'
   2517	      61 73 68 69 69 6E	2C+
   2518	      20 74 68 65 20 45	6D+
   2519	      70 65 72 6F 72 20	6F+
   2520	      66 20 43 68
   2521	1EF8  61 6F 73 2E 20 20	54+		     db	     'aos.  The	descendants of those w'
   2522	      68 65 20 64 65 73	63+
   2523	      65 6E 64 61 6E 74	73+
   2524	      20 6F 66 20 74 68	6F+
   2525	      73 65 20 77
   2526	1F18  68 6F 20 69 6D 70	72+		     db	     'ho imprisoned me under the earth'
   2527	      69 73 6F 6E 65 64	20+
   2528	      6D 65 20 75 6E 64	65+
   2529	      72 20 74 68 65 20	65+
   2530	      61 72 74 68
   2531	1F38  20 73 68 61 6C 6C	20+		     db	     ' shall know that my wrath	has sm'
   2532	      6B 6E 6F 77 20 74	68+
   2533	      61 74 20 6D 79 20	77+
   2534	      72 61 74 68 20 68	61+
   2535	      73 20 73 6D
   2536	1F58  6F 6C 64 65 72 65	64+		     db	     'oldered for two thousand years!"'
   2537	      20 66 6F 72 20 74	77+
   2538	      6F 20 74 68 6F 75	73+
   2539	      61 6E 64 20 79 65	61+
   2540	      72 73 21 22
   2541	1F78  F0 F5 F5 FD FD FE			     db	     0F0h,0F5h,0F5h,0FDh,0FDh,0FEh
   2542	1F7E  F7 ED				     db	     0F7h,0EDh
   2543	1F80  22 42 65 61 75 74	69+  data_47	     db	     '"Beautiful Princess Felicia, you'
   2544	      66 75 6C 20 50 72	69+
   2545	      6E 63 65 73 73 20	46+
   2546	      65 6C 69 63 69 61	2C+
   2547	      20 79 6F 75
   2548	1FA0  20 77 69 6C 6C 20	6D+		     db	     ' will make a lovely and terrifyi'
   2549	      61 6B 65 20 61 20	6C+
   2550	      6F 76 65 6C 79 20	61+
   2551	      6E 64 20 74 65 72	72+
   2552	      69 66 79 69
   2553	1FC0  6E 67 20 73 79 6D	62+		     db	     'ng symbol	of my awakening.  Your'
   2554	      6F 6C 20 6F 66 20	6D+
   2555	      79 20 61 77 61 6B	65+
   2556	      6E 69 6E 67 2E 20	20+
   2557	      59 6F 75 72
   2558	1FE0  20 66 61 74 68 65	72+		     db	     ' father will not make the	mistak'
Turbo Assembler	 Version 2.01	     03/22/26 12:06:33	    Page 49
ZR1_00.ASM



   2559	      20 77 69 6C 6C 20	6E+
   2560	      6F 74 20 6D 61 6B	65+
   2561	      20 74 68 65 20 6D	69+
   2562	      73 74 61 6B
   2563	2000  65 73 20 6F 66 20	68+		     db	     'es of his	ancestors!"'
   2564	      69 73 20 61 6E 63	65+
   2565	      73 74 6F 72 73 21	22
   2566	2015  F0 F5 F5 FE FD F3			     db	     0F0h,0F5h,0F5h,0FEh,0FDh,0F3h
   2567	201B  FA				     db	     0FAh
   2568	201C  41 73 20 74 68 65	20+  data_49	     db	     'As the words of the demon	resoun'
   2569	      77 6F 72 64 73 20	6F+
   2570	      66 20 74 68 65 20	64+
   2571	      65 6D 6F 6E 20 72	65+
   2572	      73 6F 75 6E
   2573	203C  64 65 64 20 6F 76	65+		     db	     'ded over the land, Princess Feli'
   2574	      72 20 74 68 65 20	6C+
   2575	      61 6E 64 2C 20 50	72+
   2576	      69 6E 63 65 73 73	20+
   2577	      46 65 6C 69
   2578	205C  63 69 61 20 77 61	73+		     db	     'cia was turned to	stone.'
   2579	      20 74 75 72 6E 65	64+
   2580	      20 74 6F 20 73 74	6F+
   2581	      6E 65 2E
   2582
   2583				     ;ﬂﬂﬂﬂﬂﬂﬂﬂﬂﬂﬂﬂﬂﬂﬂﬂﬂﬂﬂﬂﬂﬂﬂﬂﬂﬂﬂﬂﬂﬂﬂﬂﬂﬂﬂﬂﬂﬂﬂﬂﬂﬂﬂﬂﬂﬂﬂﬂﬂﬂﬂﬂﬂﬂﬂﬂﬂﬂﬂﬂﬂﬂﬂﬂﬂﬂﬂﬂﬂﬂﬂﬂﬂﬂ
   2584				     ;				    SUBROUTINE
   2585				     ;‹‹‹‹‹‹‹‹‹‹‹‹‹‹‹‹‹‹‹‹‹‹‹‹‹‹‹‹‹‹‹‹‹‹‹‹‹‹‹‹‹‹‹‹‹‹‹‹‹‹‹‹‹‹‹‹‹‹‹‹‹‹‹‹‹‹‹‹‹‹‹‹‹‹
   2586
   2587	2074			     sub_26	     proc    near
   2588	2074  FD				     std			     ; Set direction flag
   2589
   2590				     ;ﬂﬂﬂﬂ External Entry into Subroutine ﬂﬂﬂﬂﬂﬂﬂﬂﬂﬂﬂﬂﬂﬂﬂﬂﬂﬂﬂﬂﬂﬂﬂﬂﬂﬂﬂﬂﬂﬂﬂﬂﬂﬂﬂﬂﬂﬂ
   2591
   2592	2075			     sub_27:
   2593	2075  F5				     cmc			     ; Complement carry
   2594	2076  F5				     cmc			     ; Complement carry
   2595	2077  FE FD F3				     db	     0FEh,0FDh,0F3h
   2596	207A  54 68 65 20 72 61	69+		     db	     'The rain of sand continued for 1'
   2597	      6E 20 6F 66 20 73	61+
   2598	      6E 64 20 63 6F 6E	74+
   2599	      69 6E 75 65 64 20	66+
   2600	      6F 72 20 31
   2601	209A  30 38 20 64 61 79	73+		     db	     '08 days and transformed the once'
   2602	      20 61 6E 64 20 74	72+
   2603	      61 6E 73 66 6F 72	6D+
   2604	      65 64 20 74 68 65	20+
   2605	      6F 6E 63 65
   2606	20BA  2D 66 65 72 74 69	6C+		     db	     '-fertile land into desert.'
   2607	      65 20 6C 61 6E 64	20+
   2608	      69 6E 74 6F 20 64	65+
   2609	      73 65 72 74 2E
   2610	20D4  F5 F5 FE F3			     db	     0F5h,0F5h,0FEh,0F3h
   2611	20D8  54 68 65 20 70 65	6F+		     db	     'The people of the	kingdom	wept a'
   2612	      70 6C 65 20 6F 66	20+
Turbo Assembler	 Version 2.01	     03/22/26 12:06:33	    Page 50
ZR1_00.ASM



   2613	      74 68 65 20 6B 69	6E+
   2614	      67 64 6F 6D 20 77	65+
   2615	      70 74 20 61
   2616	20F8  74 20 74 68 65 20	74+		     db	     't	the terrible fate of their cou'
   2617	      65 72 72 69 62 6C	65+
   2618	      20 66 61 74 65 20	6F+
   2619	      66 20 74 68 65 69	72+
   2620	      20 63 6F 75
   2621	2118  6E 74 72 79 2C 20	61+		     db	     'ntry, and	of their princess.'
   2622	      6E 64 20 6F 66 20	74+
   2623	      68 65 69 72 20 70	72+
   2624	      69 6E 63 65 73 73	2E
   2625	2134  F5 F5 F5 F5 FE FD			     db	     0F5h,0F5h,0F5h,0F5h,0FEh,0FDh
   2626	213A  FE F7 FA				     db	     0FEh,0F7h,0FAh
   2627	213D  54 68 65 20 4B 69	6E+		     db	     'The King wept most of all. '
   2628	      67 20 77 65 70 74	20+
   2629	      6D 6F 73 74 20 6F	66+
   2630	      20 61 6C 6C 2E 20
   2631	2158  F3 EE FB				     db	     0F3h,0EEh,0FBh
   2632	215B  22 4F 68 2C 20 6D	79+		     db	     '"Oh, my beloved Felicia!	I fear'
   2633	      20 62 65 6C 6F 76	65+
   2634	      64 20 46 65 6C 69	63+
   2635	      69 61 21 20 20 49	20+
   2636	      66 65 61 72
   2637	217B  20 74 68 65 20 41	67+		     db	     ' the Age of Darkness is upon us.'
   2638	      65 20 6F 66 20 44	61+
   2639	      72 6B 6E 65 73 73	20+
   2640	      69 73 20 75 70 6F	6E+
   2641	      20 75 73 2E
   2642	219B  20 20 49 20 61 6D	20+		     db	     '	I am powerless to stop it ... '
   2643	      70 6F 77 65 72 6C	65+
   2644	      73 73 20 74 6F 20	73+
   2645	      74 6F 70 20 69 74	20+
   2646	      2E 2E 2E 20
   2647	21BB  61 6E 64				     db	     'and'
   2648	21BE  20 70 6F 77 65 72	6C+		     db	     ' powerless to help you."'
   2649	      65 73 73 20 74 6F	20+
   2650	      68 65 6C 70 20 79	6F+
   2651	      75 2E 22
   2652	21D6  F0 F5 F5 F5 FE FD			     db	     0F0h,0F5h,0F5h,0F5h,0FEh,0FDh
   2653	21DC  F3 FA				     db	     0F3h,0FAh
   2654	21DE  42 75 74 20 74 68	65+		     db	     'But the tears of th'
   2655	      20 74 65 61 72 73	20+
   2656	      6F 66 20 74 68
   2657	21F1  65 20 4B 69 6E 67	20+		     db	     'e	King and his peo'
   2658	      61 6E 64 20 68 69	73+
   2659	      20 70 65 6F
   2660	2203  70 6C 65 20 73 6F	6F+		     db	     'ple soon awakened	another	power.'
   2661	      6E 20 61 77 61 6B	65+
   2662	      6E 65 64 20 61 6E	6F+
   2663	      74 68 65 72 20 70	6F+
   2664	      77 65 72 2E
   2665	2223  F5 F5 FE FD F3			     db	     0F5h,0F5h,0FEh,0FDh,0F3h
   2666	2228  41 73 20 74 68 65	20+		     db	     'As the Ki'
Turbo Assembler	 Version 2.01	     03/22/26 12:06:33	    Page 51
ZR1_00.ASM



   2667	      4B 69
   2668	2231  6E 67 20 67 72 69	65+		     db	     'ng grieved'
   2669	      76 65 64
   2670	223B  2C 20				     db	     ',	'
   2671	223D  61 6E 20 61 70			     db	     'an ap'
   2672	2242  70 61 72 69 74 69	6F+		     db	     'parition appeared	before him.'
   2673	      6E 20 61 70 70 65	61+
   2674	      72 65 64 20 62 65	66+
   2675	      6F 72 65 20 68 69	6D+
   2676	      2E
   2677	225F  F5 F5 FE EC F7 FB			     db	     0F5h,0F5h,0FEh,0ECh,0F7h,0FBh
   2678	2265  22 49 20 61 6D 20	74+		     db	     '"I am the	Guardian Spirit	of the'
   2679	      68 65 20 47 75 61	72+
   2680	      64 69 61 6E 20 53	70+
   2681	      69 72 69 74 20 6F	66+
   2682	      20 74 68 65
   2683	2285  20 48 6F 6C 79 20	4C+		     db	     ' Holy Land of Zeliard.  The demo'
   2684	      61 6E 64 20 6F 66	20+
   2685	      5A 65 6C 69 61 72	64+
   2686	      2E 20 20 54 68 65	20+
   2687	      64 65 6D 6F
   2688	22A5  6E 20 4A 61 73 68	69+		     db	     'n	Jashiin	has been resurrected, '
   2689	      69 6E 20 68 61 73	20+
   2690	      62 65 65 6E 20 72	65+
   2691	      73 75 72 72 65 63	74+
   2692	      65 64 2C 20
   2693	22C5  61 6E 64 20 69 6E	64+		     db	     'and indeed his evil magic	will p'
   2694	      65 65 64 20 68 69	73+
   2695	      20 65 76 69 6C 20	6D+
   2696	      61 67 69 63 20 77	69+
   2697	      6C 6C 20 70
   2698	22E5  6C 75 6E 67 65 20	74+		     db	     'lunge this world into the	Age of'
   2699	      68 69 73 20 77 6F	72+
   2700	      6C 64 20 69 6E 74	6F+
   2701	      20 74 68 65 20 41	67+
   2702	      65 20 6F 66
   2703	2305  20 44 61 72 6B 6E	65+		     db	     ' Darkness	once again."'
   2704	      73 73 20 6F 6E 63	65+
   2705	      20 61 67 61 69 6E	2E+
   2706	      22
   2707	231B  F5 F5 F5 FE F7 22			     db	     0F5h,0F5h,0F5h,0FEh,0F7h, 22h
   2708	2321  48 65 65 64 20 6D	79+		     db	     'Heed my words, King Felishika: T'
   2709	      20 77 6F 72 64 73	2C+
   2710	      20 4B 69 6E 67 20	46+
   2711	      65 6C 69 73 68 69	6B+
   2712	      61 3A 20 54
   2713	2341  68 65 72 65 20 69	73+		     db	     'here is but one way to stop this'
   2714	      20 62 75 74 20 6F	6E+
   2715	      65 20 77 61 79 20	74+
   2716	      6F 20 73 74 6F 70	20+
   2717	      74 68 69 73
   2718	2361  20 64 65 6D 6F 6E	2E+		     db	     ' demon.  A brave warrior must ve'
   2719	      20 20 41 20 62 72	61+
   2720	      76 65 20 77 61 72	72+
Turbo Assembler	 Version 2.01	     03/22/26 12:06:33	    Page 52
ZR1_00.ASM



   2721	      69 6F 72 20 6D 75	73+
   2722	      74 20 76 65
   2723	2381  6E 74 75 72 65 20	69+		     db	     'nture into the labyrinths	and re'
   2724	      6E 74 6F 20 74 68	65+
   2725	      20 6C 61 62 79 72	69+
   2726	      6E 74 68 73 20 61	6E+
   2727	      64 20 72 65
   2728	23A1  63 6F 76 65 72 20	74+		     db	     'cover the	nine Holy Crystals, th'
   2729	      68 65 20 6E 69 6E	65+
   2730	      20 48 6F 6C 79 20	43+
   2731	      72 79 73 74 61 6C	73+
   2732	      2C 20 74 68
   2733	23C1  65 20 54 65 61 72	73+		     db	     'e	Tears of Esmesanti."'
   2734	      20 6F 66 20 45 73	6D+
   2735	      65 73 61 6E 74 69	2E+
   2736	      22
   2737	23D7  F5 F5 F5 F5 FE F7			     db	     0F5h,0F5h,0F5h,0F5h,0FEh,0F7h
   2738	23DD  22				     db	      22h
   2739	23DE  4D 61 6E 79 20 74	65+		     db	     'Many terrible creatures dwell wi'
   2740	      72 72 69 62 6C 65	20+
   2741	      63 72 65 61 74 75	72+
   2742	      65 73 20 64 77 65	6C+
   2743	      6C 20 77 69
   2744	23FE  74 68 69 6E 20 74	68+		     db	     'thin the labyrinths, all of them'
   2745	      65 20 6C 61 62 79	72+
   2746	      69 6E 74 68 73 2C	20+
   2747	      61 6C 6C 20 6F 66	20+
   2748	      74 68 65 6D
   2749	241E  20 4A 61 73 68 69	69+		     db	     ' Jashiin', 27h, 's minions.  No '
   2750	      6E 27 73 20 6D 69	6E+
   2751	      69 6F 6E 73 2E 20	20+
   2752	      4E 6F 20
   2753	2436  6D 6F 72 74 61 6C	20+		     db	     'mortal man could defeat these de'
   2754	      6D 61 6E 20 63 6F	75+
   2755	      6C 64 20 64 65 66	65+
   2756	      61 74 20 74 68 65	73+
   2757	      65 20 64 65
   2758	2456  61 64 6C 79 20 62	65+		     db	     'adly beasts and wrest the	crysta'
   2759	      61 73 74 73 20 61	6E+
   2760	      64 20 77 72 65 73	74+
   2761	      20 74 68 65 20 63	72+
   2762	      79 73 74 61
   2763	2476  6C 73 20 66 72 6F	6D+		     db	     'ls from them."'
   2764	      20 74 68 65 6D 2E	22
   2765	2484  F5 F5 FE F7 22			     db	     0F5h,0F5h,0FEh,0F7h, 22h
   2766	2489  48 6F 77 65 76 65	72+		     db	     'However, there is	one with the p'
   2767	      2C 20 74 68 65 72	65+
   2768	      20 69 73 20 6F 6E	65+
   2769	      20 77 69 74 68 20	74+
   2770	      68 65 20 70
   2771	24A9  6F 77 65 72 20 74	6F+		     db	     'ower to oppose Jashiin.'
   2772	      20 6F 70 70 6F 73	65+
   2773	      20 4A 61 73 68 69	69+
   2774	      6E 2E
Turbo Assembler	 Version 2.01	     03/22/26 12:06:33	    Page 53
ZR1_00.ASM



   2775	24C0  F2				     db	     0F2h
   2776	24C1  54 68 65 20 6D 61	6E+		     db	     'The man who is destined to fight'
   2777	      20 77 68 6F 20 69	73+
   2778	      20 64 65 73 74 69	6E+
   2779	      65 64 20 74 6F 20	66+
   2780	      69 67 68 74
   2781	24E1  20 68 69 6D 20 77	69+		     db	     ' him will	soon arrive in your ki'
   2782	      6C 6C 20 73 6F 6F	6E+
   2783	      20 61 72 72 69 76	65+
   2784	      20 69 6E 20 79 6F	75+
   2785	      72 20 6B 69
   2786	2501  6E 67 64 6F 6D 2E	22		     db	     'ngdom."'
   2787	2508  F5 F5 F5 FE F3			     db	     0F5h,0F5h,0F5h,0FEh,0F3h
   2788	250D  22 54 68 69 73 20	6D+		     db	     '"This man	is the only being stro'
   2789	      61 6E 20 69 73 20	74+
   2790	      68 65 20 6F 6E 6C	79+
   2791	      20 62 65 69 6E 67	20+
   2792	      73 74 72 6F
   2793	252D  6E 67 20 65 6E 6F	75+		     db	     'ng enough	to banish Jashiin fore'
   2794	      67 68 20 74 6F 20	62+
   2795	      61 6E 69 73 68 20	4A+
   2796	      61 73 68 69 69 6E	20+
   2797	      66 6F 72 65
   2798	254D  76 65 72 2E 22			     db	     'ver."'
   2799	2552  F5 F5 F5 F5 FE F7			     db	     0F5h,0F5h,0F5h,0F5h,0FEh,0F7h
   2800	2558  22				     db	      22h
   2801	2559  59 6F 75 20 6D 75	73+		     db	     'You must await the arrival of th'
   2802	      74 20 61 77 61 69	74+
   2803	      20 74 68 65 20 61	72+
   2804	      72 69 76 61 6C 20	6F+
   2805	      66 20 74 68
   2806	2579  69 73 20 62 72 61	76+		     db	     'is brave and noble knight, and t'
   2807	      65 20 61 6E 64 20	6E+
   2808	      6F 62 6C 65 20 6B	6E+
   2809	      69 67 68 74 2C 20	61+
   2810	      6E 64 20 74
   2811	2599  65 6C 6C 20 68 69	6D+		     db	     'ell him everything.  Only	with h'
   2812	      20 65 76 65 72 79	74+
   2813	      68 69 6E 67 2E 20	20+
   2814	      4F 6E 6C 79 20 77	69+
   2815	      74 68 20 68
   2816	25B9  69 73 20 68 65 6C	70+		     db	     'is help can you hope to restore '
   2817	      20 63 61 6E 20 79	6F+
   2818	      75 20 68 6F 70 65	20+
   2819	      74 6F 20 72 65 73	74+
   2820	      6F 72 65 20
   2821	25D9  74 68 69 73 20 6C	61+		     db	     'this land	to its former beauty, '
   2822	      6E 64 20 74 6F 20	69+
   2823	      74 73 20 66 6F 72	6D+
   2824	      65 72 20 62 65 61	75+
   2825	      74 79 2C 20
   2826	25F9  61 6E 64 20 66 72	65+		     db	     'and free your daughter from her '
   2827	      65 20 79 6F 75 72	20+
   2828	      64 61 75 67 68 74	65+
Turbo Assembler	 Version 2.01	     03/22/26 12:06:33	    Page 54
ZR1_00.ASM



   2829	      72 20 66 72 6F 6D	20+
   2830	      68 65 72 20
   2831	2619  74 65 72 72 69 62	6C+		     db	     'terrible curse."'
   2832	      65 20 63 75 72 73	65+
   2833	      2E 22
   2834	2629  F5 F5 F5 F5 FE F0			     db	     0F5h,0F5h,0F5h,0F5h,0FEh,0F0h
   2835	262F  FD F3 FA				     db	     0FDh,0F3h,0FAh
   2836	2632  48 61 76 69 6E 67	20+		     db	     'Having spoken these words, the S'
   2837	      73 70 6F 6B 65 6E	20+
   2838	      74 68 65 73 65 20	77+
   2839	      6F 72 64 73 2C 20	74+
   2840	      68 65 20 53
   2841	2652  70 69 72 69 74 20	64+		     db	     'pirit disappeared.'
   2842	      69 73 61 70 70 65	61+
   2843	      72 65 64 2E
   2844	2664  F5 F5 F5 FE F7			     db	     0F5h,0F5h,0F5h,0FEh,0F7h
   2845	2669  4B 69 6E 67 20 46	65+		     db	     'King Felishika could not believe'
   2846	      6C 69 73 68 69 6B	61+
   2847	      20 63 6F 75 6C 64	20+
   2848	      6E 6F 74 20 62 65	6C+
   2849	      69 65 76 65
   2850	2689  20 77 68 61 74 20	68+		     db	     ' what he had seen.'
   2851	      65 20 68 61 64 20	73+
   2852	      65 65 6E 2E
   2853	269B  F2 FB				     db	     0F2h,0FBh
   2854	269D  22 53 75 72 65 6C	79+		     db	     '"Surely my mind is playing trick'
   2855	      20 6D 79 20 6D 69	6E+
   2856	      64 20 69 73 20 70	6C+
   2857	      61 79 69 6E 67 20	74+
   2858	      72 69 63 6B
   2859	26BD  73 20 6F 6E 20 6D	65+		     db	     's	on me!	I', 27h, 'm afraid I h'
   2860	      21 20 20 49 27 6D	20+
   2861	      61 66 72 61 69 64	20+
   2862	      49 20 68
   2863	26D5  61 76 65 20 67 6F	6E+		     db	     'ave gone mad with	grief."'
   2864	      65 20 6D 61 64 20	77+
   2865	      69 74 68 20 67 72	69+
   2866	      65 66 2E 22
   2867	26EE  FA F5 F5 F5 F5 FE			     db	     0FAh,0F5h,0F5h,0F5h,0F5h,0FEh
   2868	26F4  F3				     db	     0F3h
   2869	26F5  42 75 74 20 74 68	65+		     db	     'But the next day,	a stranger app'
   2870	      20 6E 65 78 74 20	64+
   2871	      61 79 2C 20 61 20	73+
   2872	      74 72 61 6E 67 65	72+
   2873	      20 61 70 70
   2874	2715  65 61 72 65 64 20	69+		     db	     'eared in the kingdom...'
   2875	      6E 20 74 68 65 20	6B+
   2876	      69 6E 67 64 6F 6D	2E+
   2877	      2E 2E
   2878	272C  F5 F5 F5 FE EF FD			     db	     0F5h,0F5h,0F5h,0FEh,0EFh,0FDh
   2879	2732  F3 FB				     db	     0F3h,0FBh
   2880	2734  22 57 68 61 74 20	61+		     db	     '"What a desolate place!  Why has'
   2881	      20 64 65 73 6F 6C	61+
   2882	      74 65 20 70 6C 61	63+
Turbo Assembler	 Version 2.01	     03/22/26 12:06:33	    Page 55
ZR1_00.ASM



   2883	      65 21 20 20 57 68	79+
   2884	      20 68 61 73
   2885	2754  20 74 68 65 20 53	70+		     db	     ' the Spirit led me here?"'
   2886	      69 72 69 74 20 6C	65+
   2887	      64 20 6D 65 20 68	65+
   2888	      72 65 3F 22
   2889	276D  F5				     db	     0F5h
   2890
   2891				     ;ﬂﬂﬂﬂ External Entry into Subroutine ﬂﬂﬂﬂﬂﬂﬂﬂﬂﬂﬂﬂﬂﬂﬂﬂﬂﬂﬂﬂﬂﬂﬂﬂﬂﬂﬂﬂﬂﬂﬂﬂﬂﬂﬂﬂﬂﬂ
   2892
   2893	276E			     sub_29:
   2894	276E  F5				     cmc			     ; Complement carry
   2895	276F  F5				     cmc			     ; Complement carry
   2896	2770  F5				     cmc			     ; Complement carry
   2897	2771  FE F0 F3 FA			     db	     0FEh,0F0h,0F3h,0FAh
   2898	2775  47 75 69 64 65 64	20+		     db	     'Guided by	the light of the Spiri'
   2899	      62 79 20 74 68 65	20+
   2900	      6C 69 67 68 74 20	6F+
   2901	      66 20 74 68 65 20	53+
   2902	      70 69 72 69
   2903	2795  74 2C 20 62 72 61	76+		     db	     't, brave Duke Garland had	journe'
   2904	      65 20 44 75 6B 65	20+
   2905	      47 61 72 6C 61 6E	64+
   2906	      20 68 61 64 20 6A	6F+
   2907	      75 72 6E 65
   2908	27B5  79 65 64 20 6D 61	6E+		     db	     'yed many days to the land	of Zel'
   2909	      79 20 64 61 79 73	20+
   2910	      74 6F 20 74 68 65	20+
   2911	      6C 61 6E 64 20 6F	66+
   2912	      20 5A 65 6C
   2913	27D5  69 61 72 64 2E			     db	     'iard.'
   2914	27DA  F5 F5 F5 FE FD F3			     db	     0F5h,0F5h,0F5h,0FEh,0FDh,0F3h
   2915	27E0  45 6E 74 65 72 69	6E+		     db	     'Entering the castle, he was quic'
   2916	      67 20 74 68 65 20	63+
   2917	      61 73 74 6C 65 2C	20+
   2918	      68 65 20 77 61 73	20+
   2919	      71 75 69 63
   2920	2800  6B 6C 79 20 65 73	63+		     db	     'kly escorted to the throne of th'
   2921	      6F 72 74 65 64 20	74+
   2922	      6F 20 74 68 65 20	74+
   2923	      68 72 6F 6E 65 20	6F+
   2924	      66 20 74 68
   2925	2820  65 20 67 72 69 65	76+		     db	     'e	grieving King Felishika.'
   2926	      69 6E 67 20 4B 69	6E+
   2927	      67 20 46 65 6C 69	73+
   2928	      68 69 6B 61 2E
   2929	283A  F5 F5 F5 FE EE FD			     db	     0F5h,0F5h,0F5h,0FEh,0EEh,0FDh
   2930	2840  F5 FE FB F7 22 81			     db	     0F5h,0FEh,0FBh,0F7h, 22h, 81h
   2931	2846  44 75 6B 65 20 80			     db	      44h, 75h,	6Bh, 65h, 20h, 80h
   2932	284C  47 61 72 6C 61 84			     db	      47h, 61h,	72h, 6Ch, 61h, 84h
   2933	2852  6E 83 64 21 20 20			     db	      6Eh, 83h,	64h, 21h, 20h, 20h
   2934	2858  84 85 59 87 6F 88			     db	      84h, 85h,	59h, 87h, 6Fh, 88h
   2935	285E  75 87 20 86 80 6D			     db	      75h, 87h,	20h, 86h, 80h, 6Dh
   2936	2864  75 81 73 83 74 20			     db	      75h, 81h,	73h, 83h, 74h, 20h
Turbo Assembler	 Version 2.01	     03/22/26 12:06:33	    Page 56
ZR1_00.ASM



   2937	286A  82 62 65 20 81 74			     db	      82h, 62h,	65h, 20h, 81h, 74h
   2938	2870  68 65 20 80 6D 61			     db	      68h, 65h,	20h, 80h, 6Dh, 61h
   2939	2876  84 6E 20 83 6F 84			     db	      84h, 6Eh,	20h, 83h, 6Fh, 84h
   2940	287C  66 20 81 64 65 73			     db	      66h, 20h,	81h, 64h, 65h, 73h
   2941	2882  82 74 69 6E 79 20			     db	      82h, 74h,	69h, 6Eh, 79h, 20h
   2942	2888  83 6F 84 66 20 83			     db	      83h, 6Fh,	84h, 66h, 20h, 83h
   2943	288E  77 68 6F 84 6D 20			     db	      77h, 68h,	6Fh, 84h, 6Dh, 20h
   2944	2894  81 74 68 65 20 83			     db	      81h, 74h,	68h, 65h, 20h, 83h
   2945	289A  53 82 70 69 72 69			     db	      53h, 82h,	70h, 69h, 72h, 69h
   2946	28A0  74 20 83 73 70 6F			     db	      74h, 20h,	83h, 73h, 70h, 6Fh
   2947	28A6  81 6B 65 2E 20 20			     db	      81h, 6Bh,	65h, 2Eh, 20h, 20h
   2948	28AC  84 97 80 49 98 87			     db	      84h, 97h,	80h, 49h, 98h, 87h
   2949	28B2  20 81 88 62 87 65			     db	      20h, 81h,	88h, 62h, 87h, 65h
   2950	28B8  85 86 67 20 83 6F			     db	      85h, 86h,	67h, 20h, 83h, 6Fh
   2951	28BE  84 66 20 85 79 6F			     db	      84h, 66h,	20h, 85h, 79h, 6Fh
   2952	28C4  75 20 83 74 6F 20			     db	      75h, 20h,	83h, 74h, 6Fh, 20h
   2953	28CA  82 64 65 85 73 74			     db	      82h, 64h,	65h, 85h, 73h, 74h
   2954	28D0  72 6F 79 20 81 74			     db	      72h, 6Fh,	79h, 20h, 81h, 74h
   2955	28D6  68 65 20 83 64 65			     db	      68h, 65h,	20h, 83h, 64h, 65h
   2956	28DC  80 6D 6F 6E 20 84			     db	      80h, 6Dh,	6Fh, 6Eh, 20h, 84h
   2957	28E2  4A 80 61 73 82 68			     db	      4Ah, 80h,	61h, 73h, 82h, 68h
   2958	28E8  69 69 84 6E 20 80			     db	      69h, 69h,	84h, 6Eh, 20h, 80h
   2959	28EE  87 77 88 68 87 6F			     db	      87h, 77h,	88h, 68h, 87h, 6Fh
   2960	28F4  86 20 85 68 61 73			     db	      86h, 20h,	85h, 68h, 61h, 73h
   2961	28FA  20 83 63 75 81 72			     db	      20h, 83h,	63h, 75h, 81h, 72h
   2962	2900  83 73 65 64 20 80			     db	      83h, 73h,	65h, 64h, 20h, 80h
   2963	2906  6D 79 20 85 6B 69			     db	      6Dh, 79h,	20h, 85h, 6Bh, 69h
   2964	290C  81 6E 67 64 6F 6D			     db	      81h, 6Eh,	67h, 64h, 6Fh, 6Dh
   2965	2912  20 85 61 82 6E 64			     db	      20h, 85h,	61h, 82h, 6Eh, 64h
   2966	2918  20 84 74 75 72 81			     db	      20h, 84h,	74h, 75h, 72h, 81h
   2967	291E  6E 65 64 20 80 87			     db	      6Eh, 65h,	64h, 20h, 80h, 87h
   2968	2924  6D 82 88 79 87 20			     db	      6Dh, 82h,	88h, 79h, 87h, 20h
   2969	292A  81 86 62 65 83 6C			     db	      81h, 86h,	62h, 65h, 83h, 6Ch
   2970	2930  6F 81 76 65 83 64			     db	      6Fh, 81h,	76h, 65h, 83h, 64h
   2971	2936  20 85 64 61 75 67			     db	      20h, 85h,	64h, 61h, 75h, 67h
   2972	293C  68 80 74 65 72 20			     db	      68h, 80h,	74h, 65h, 72h, 20h
   2973	2942  85 74 6F 20 83 87			     db	      85h, 74h,	6Fh, 20h, 83h, 87h
   2974	2948  73 88 74 87 6F 84			     db	      73h, 88h,	74h, 87h, 6Fh, 84h
   2975	294E  86 6E 65 2E 22 F5			     db	      86h, 6Eh,	65h, 2Eh, 22h,0F5h
   2976	2954  F5 F5 F0 FE F7 FA			     db	     0F5h,0F5h,0F0h,0FEh,0F7h,0FAh
   2977	295A  44 75 6B 65 20 47	61+		     db	     'Duke Garland k'
   2978	      72 6C 61 6E 64 20	6B
   2979	2968  6E 65 6C 74 20 62	65+		     db	     'nelt before the King. '
   2980	      66 6F 72 65 20 74	68+
   2981	      65 20 4B 69 6E 67	2E+
   2982	      20
   2983	297E  FB F5 F5 F5 F3 EF			     db	     0FBh,0F5h,0F5h,0F5h,0F3h,0EFh
   2984	2984  97 22 93 96 59 6F			     db	      97h, 22h,	93h, 96h, 59h, 6Fh
   2985	298A  90 75 72 20 4D 61			     db	      90h, 75h,	72h, 20h, 4Dh, 61h
   2986	2990  91 6A 65 95 73 74			     db	      91h, 6Ah,	65h, 95h, 73h, 74h
   2987	2996  79 2C 20 90 49 20			     db	      79h, 2Ch,	20h, 90h, 49h, 20h
   2988	299C  91 68 61 93 76 65			     db	      91h, 68h,	61h, 93h, 76h, 65h
   2989	29A2  20 93 66 6F 6C 6C			     db	      20h, 93h,	66h, 6Fh, 6Ch, 6Ch
   2990	29A8  6F 77 95 65 64 20			     db	      6Fh, 77h,	95h, 65h, 64h, 20h
Turbo Assembler	 Version 2.01	     03/22/26 12:06:33	    Page 57
ZR1_00.ASM



   2991	29AE  91 74 68 65 20 90			     db	      91h, 74h,	68h, 65h, 20h, 90h
   2992	29B4  6C 69 92 67 68 93			     db	      6Ch, 69h,	92h, 67h, 68h, 93h
   2993	29BA  74 20 94 93 6F 66			     db	      74h, 20h,	94h, 93h, 6Fh, 66h
   2994	29C0  20 91 74 68 65 20			     db	      20h, 91h,	74h, 68h, 65h, 20h
   2995	29C6  93 53 92 70 69 91			     db	      93h, 53h,	92h, 70h, 69h, 91h
   2996	29CC  72 92 69 74 20 95			     db	      72h, 92h,	69h, 74h, 20h, 95h
   2997	29D2  74 6F 20 92 74 68			     db	      74h, 6Fh,	20h, 92h, 74h, 68h
   2998	29D8  92 69 97 73 98 20			     db	      92h, 69h,	97h, 73h, 98h, 20h
   2999	29DE  97 95 70 96 90 6C			     db	      97h, 95h,	70h, 96h, 90h, 6Ch
   3000	29E4  61 93 63 65 2E 22			     db	      61h, 93h,	63h, 65h, 2Eh, 22h
   3001	29EA  94 F5 F5 F5 FE F7			     db	      94h,0F5h,0F5h,0F5h,0FEh,0F7h
   3002	29F0  22 90 49 20 93 6B			     db	      22h, 90h,	49h, 20h, 93h, 6Bh
   3003	29F6  95 6E 6F 77 94 20			     db	      95h, 6Eh,	6Fh, 77h, 94h, 20h
   3004	29FC  93 6E 6F 74 94 20			     db	      93h, 6Eh,	6Fh, 74h, 94h, 20h
   3005	2A02  93 6F 95 66 20 92			     db	      93h, 6Fh,	95h, 66h, 20h, 92h
   3006	2A08  74 68 69 95 73 20			     db	      74h, 68h,	69h, 95h, 73h, 20h
   3007	2A0E  91 64 65 93 6D 6F			     db	      91h, 64h,	65h, 93h, 6Dh, 6Fh
   3008	2A14  94 6E 2C 20 93 6E			     db	      94h, 6Eh,	2Ch, 20h, 93h, 6Eh
   3009	2A1A  6F 90 72 20 93 77			     db	      6Fh, 90h,	72h, 20h, 93h, 77h
   3010	2A20  68 90 61 93 74 20			     db	      68h, 90h,	61h, 93h, 74h, 20h
   3011	2A26  90 70 6F 95 77 65			     db	      90h, 70h,	6Fh, 95h, 77h, 65h
   3012	2A2C  72 93 73 20 92 68			     db	      72h, 93h,	73h, 20h, 92h, 68h
   3013	2A32  65 20 91 97 6D 98			     db	      65h, 20h,	91h, 97h, 6Dh, 98h
   3014	2A38  61 97 92 79 96 20			     db	      61h, 97h,	92h, 79h, 96h, 20h
   3015	2A3E  93 70 6F 91 73 73			     db	      93h, 70h,	6Fh, 91h, 73h, 73h
   3016	2A44  65 93 73 73 2C 20			     db	      65h, 93h,	73h, 73h, 2Ch, 20h
   3017	2A4A  90 62 75 93 74 20			     db	      90h, 62h,	75h, 93h, 74h, 20h
   3018	2A50  92 69 95 66 20 91			     db	      92h, 69h,	95h, 66h, 20h, 91h
   3019	2A56  74 68 90 65 72 65			     db	      74h, 68h,	90h, 65h, 72h, 65h
   3020	2A5C  20 92 69 93 73 20			     db	      20h, 92h,	69h, 93h, 73h, 20h
   3021	2A62  93 6E 6F 94 6E 65			     db	      93h, 6Eh,	6Fh, 94h, 6Eh, 65h
   3022	2A68  20 91 65 6C 93 73			     db	      20h, 91h,	65h, 6Ch, 93h, 73h
   3023	2A6E  65 20 93 77 68 6F			     db	      65h, 20h,	93h, 77h, 68h, 6Fh
   3024	2A74  20 90 63 61 94 6E			     db	      20h, 90h,	63h, 61h, 94h, 6Eh
   3025	2A7A  20 91 64 65 92 66			     db	      20h, 91h,	64h, 65h, 92h, 66h
   3026	2A80  65 93 61 74 20 92			     db	      65h, 93h,	61h, 74h, 20h, 92h
   3027	2A86  68 69 93 6D 2C 20			     db	      68h, 69h,	93h, 6Dh, 2Ch, 20h
   3028	2A8C  99 91 74 68 65 94			     db	      99h, 91h,	74h, 68h, 65h, 94h
   3029	2A92  6E 20 90 49 20 93			     db	      6Eh, 20h,	90h, 49h, 20h, 93h
   3030	2A98  77 92 69 93 6C 6C			     db	      77h, 92h,	69h, 93h, 6Ch, 6Ch
   3031	2A9E  20 91 64 65 92 64			     db	      20h, 91h,	64h, 65h, 92h, 64h
   3032	2AA4  69 90 63 61 92 74			     db	      69h, 90h,	63h, 61h, 92h, 74h
   3033	2AAA  65 20 90 6D 92 79			     db	      65h, 20h,	90h, 6Dh, 92h, 79h
   3034	2AB0  20 90 6C 95 69 94			     db	      20h, 90h,	6Ch, 95h, 69h, 94h
   3035	2AB6  66 65 20 93 74 6F			     db	      66h, 65h,	20h, 93h, 74h, 6Fh
   3036	2ABC  20 92 74 68 93 69			     db	      20h, 92h,	74h, 68h, 93h, 69h
   3037	2AC2  73 20 90 74 61 97			     db	      73h, 20h,	90h, 74h, 61h, 97h
   3038	2AC8  93 73 98 6B 97 2E			     db	      93h, 73h,	98h, 6Bh, 97h, 2Eh
   3039	2ACE  96 22 94 F5 F5 F5			     db	      96h, 22h,	94h,0F5h,0F5h,0F5h
   3040	2AD4  F5 EE FE F3 22 83			     db	     0F5h,0EEh,0FEh,0F3h, 22h, 83h
   3041	2ADA  46 6F 80 72 20 81			     db	      46h, 6Fh,	80h, 72h, 20h, 81h
   3042	2AE0  74 68 65 20 80 66			     db	      74h, 68h,	65h, 20h, 80h, 66h
   3043	2AE6  69 83 72 73 74 20			     db	      69h, 83h,	72h, 73h, 74h, 20h
   3044	2AEC  80 74 82 69 83 6D			     db	      80h, 74h,	82h, 69h, 83h, 6Dh
Turbo Assembler	 Version 2.01	     03/22/26 12:06:33	    Page 58
ZR1_00.ASM



   3045	2AF2  65 20 82 73 69 84			     db	      65h, 20h,	82h, 73h, 69h, 84h
   3046	2AF8  6E 83 63 65 20 81			     db	      6Eh, 83h,	63h, 65h, 20h, 81h
   3047	2AFE  74 68 65 20 80 73			     db	      74h, 68h,	65h, 20h, 80h, 73h
   3048	2B04  61 84 6E 83 64 85			     db	      61h, 84h,	6Eh, 83h, 64h, 85h
   3049	2B0A  73 83 74 6F 80 72			     db	      73h, 83h,	74h, 6Fh, 80h, 72h
   3050	2B10  84 6D 20 82 62 87			     db	      84h, 6Dh,	20h, 82h, 62h, 87h
   3051	2B16  65 88 81 67 87 61			     db	      65h, 88h,	81h, 67h, 87h, 61h
   3052	2B1C  84 86 6E 2C 20 83			     db	      84h, 86h,	6Eh, 2Ch, 20h, 83h
   3053	2B22  79 6F 75 20 81 68			     db	      79h, 6Fh,	75h, 20h, 81h, 68h
   3054	2B28  61 83 76 65 20 80			     db	      61h, 83h,	76h, 65h, 20h, 80h
   3055	2B2E  62 83 72 6F 75 84			     db	      62h, 83h,	72h, 6Fh, 75h, 84h
   3056	2B34  67 68 83 74 20 68			     db	      67h, 68h,	83h, 74h, 20h, 68h
   3057	2B3A  6F 85 70 65 20 82			     db	      6Fh, 85h,	70h, 65h, 20h, 82h
   3058	2B40  69 84 6E 83 74 6F			     db	      69h, 84h,	6Eh, 83h, 74h, 6Fh
   3059	2B46  20 80 6D 82 79 20			     db	      20h, 80h,	6Dh, 82h, 79h, 20h
   3060	2B4C  80 68 65 61 72 83			     db	      80h, 68h,	65h, 61h, 72h, 83h
   3061	2B52  74 2C 20 80 44 75			     db	      74h, 2Ch,	20h, 80h, 44h, 75h
   3062	2B58  83 6B 65 20 87 80			     db	      83h, 6Bh,	65h, 20h, 87h, 80h
   3063	2B5E  47 88 61 87 72 86			     db	      47h, 88h,	61h, 87h, 72h, 86h
   3064	2B64  84 80 6C 61 84 6E			     db	      84h, 80h,	6Ch, 61h, 84h, 6Eh
   3065	2B6A  64 2E 20 20 80 4D			     db	      64h, 2Eh,	20h, 20h, 80h, 4Dh
   3066	2B70  61 82 79 20 83 47			     db	      61h, 82h,	79h, 20h, 83h, 47h
   3067	2B76  6F 64 84 20 83 67			     db	      6Fh, 64h,	84h, 20h, 83h, 67h
   3068	2B7C  6F 20 82 77 69 83			     db	      6Fh, 20h,	82h, 77h, 69h, 83h
   3069	2B82  74 68 20 83 79 85			     db	      74h, 68h,	20h, 83h, 79h, 85h
   3070	2B88  6F 75 20 83 6F 84			     db	      6Fh, 75h,	20h, 83h, 6Fh, 84h
   3071	2B8E  6E 20 83 79 6F 80			     db	      6Eh, 20h,	83h, 79h, 6Fh, 80h
   3072	2B94  75 72 20 83 71 75			     db	      75h, 72h,	20h, 83h, 71h, 75h
   3073	2B9A  81 65 73 83 74 2E			     db	      81h, 65h,	73h, 83h, 74h, 2Eh
   3074	2BA0  84 22 84 F5 F5 FE			     db	      84h, 22h,	84h,0F5h,0F5h,0FEh
   3075	2BA6  F0 FD FD FA F3			     db	     0F0h,0FDh,0FDh,0FAh,0F3h
   3076	2BAB  53 75 64 64 65 6E	6C+		     db	     'Suddenly,	the room grew cold.  A'
   3077	      79 2C 20 74 68 65	20+
   3078	      72 6F 6F 6D 20 67	72+
   3079	      65 77 20 63 6F 6C	64+
   3080	      2E 20 20 41
   3081	2BCB  20 62 6C 61 63 6B	20+		     db	     ' black mist swirled around them,'
   3082	      6D 69 73 74 20 73	77+
   3083	      69 72 6C 65 64 20	61+
   3084	      72 6F 75 6E 64 20	74+
   3085	      68 65 6D 2C
   3086	2BEB  20				     db	     ' '
   3087	2BEC  74 68 65 6E 20 74	6F+		     db	     'then took	on a hideous shape.'
   3088	      6F 6B 20 6F 6E 20	61+
   3089	      20 68 69 64 65 6F	75+
   3090	      73 20 73 68 61 70	65+
   3091	      2E
   3092	2C09  F5 F5 F5 FE ED FD			     db	     0F5h,0F5h,0F5h,0FEh,0EDh,0FDh
   3093	2C0F  F3 F9				     db	     0F3h,0F9h
   3094	2C11  22 41 72 65 20 79	6F+		     db	     '"Are you the fool	who dares to c'
   3095	      75 20 74 68 65 20	66+
   3096	      6F 6F 6C 20 77 68	6F+
   3097	      20 64 61 72 65 73	20+
   3098	      74 6F 20 63
Turbo Assembler	 Version 2.01	     03/22/26 12:06:33	    Page 59
ZR1_00.ASM



   3099	2C31  68 61 6C 6C 65 6E	67+		     db	     'hallenge me?  Don', 27h, 't be a'
   3100	      65 20 6D 65 3F 20	20+
   3101	      44 6F 6E 27 74 20	62+
   3102	      65 20 61
   3103	2C49  62 73 75 72 64 21	22		     db	     'bsurd!"'
   3104	2C50  F5 F5 FE FD 99 F5			     db	     0F5h,0F5h,0FEh,0FDh, 99h,0F5h
   3105	2C56  FE F3 FB EF 9A 22			     db	     0FEh,0F3h,0FBh,0EFh, 9Ah, 22h
   3106	2C5C  90 41 94 6E 93 64			     db	      90h, 41h,	94h, 6Eh, 93h, 64h
   3107	2C62  20 93				     db	      20h, 93h
   3108	2C64  79				     db	     79h
   3109
   3110				     ;ﬂﬂﬂﬂ External Entry into Subroutine ﬂﬂﬂﬂﬂﬂﬂﬂﬂﬂﬂﬂﬂﬂﬂﬂﬂﬂﬂﬂﬂﬂﬂﬂﬂﬂﬂﬂﬂﬂﬂﬂﬂﬂﬂﬂﬂﬂ
   3111
   3112	2C65			     sub_30:
   3113	2C65  6F 75 20 90 6D 75			     db	      6Fh, 75h,	20h, 90h, 6Dh, 75h
   3114	2C6B  93 73 74 20 92 62			     db	      93h, 73h,	74h, 20h, 92h, 62h
   3115	2C71  65 20 90 74 68 65			     db	      65h, 20h,	90h, 74h, 68h, 65h
   3116	2C77  20 91 65 92 76 69			     db	      20h, 91h,	65h, 92h, 76h, 69h
   3117	2C7D  93 6C 20 90 4A 61			     db	      93h, 6Ch,	20h, 90h, 4Ah, 61h
   3118	2C83  92 73 68 69 94 69			     db	      92h, 73h,	68h, 69h, 94h, 69h
   3119	2C89  6E 21 22 F5 F5 ED			     db	      6Eh, 21h,	22h,0F5h,0F5h,0EDh
   3120	2C8F  FE F3 F9				     db	     0FEh,0F3h,0F9h
   3121	2C92  22 59 6F 75 20 73	68+		     db	     '"You shall address me as the Emp'
   3122	      61 6C 6C 20 61 64	64+
   3123	      72 65 73 73 20 6D	65+
   3124	      20 61 73 20 74 68	65+
   3125	      20 45 6D 70
   3126	2CB2  65 72 6F 72 20 6F	66+		     db	     'eror of Chaos... '
   3127	      20 43 68 61 6F 73	2E+
   3128	      2E 2E 20
   3129	2CC3  9B				     db	     9Bh
   3130	2CC4  54 48 45 20 45 4D	50+		     db	     'THE EMPEROR OF CHAOS!"'
   3131	      45 52 4F 52 20 4F	46+
   3132	      20 43 48 41 4F 53	21+
   3133	      22
   3134	2CDA  F5 F5 F5 FE F7 22			     db	     0F5h,0F5h,0F5h,0FEh,0F7h, 22h
   3135	2CE0  59 6F 75 6E 67 20	66+		     db	     'Young fool, I could destroy you '
   3136	      6F 6F 6C 2C 20 49	20+
   3137	      63 6F 75 6C 64 20	64+
   3138	      65 73 74 72 6F 79	20+
   3139	      79 6F 75 20
   3140	2D00  6E 6F 77 2C 20 62	75+		     db	     'now, but I need a	little amuseme'
   3141	      74 20 49 20 6E 65	65+
   3142	      64 20 61 20 6C 69	74+
   3143	      74 6C 65 20 61 6D	75+
   3144	      73 65 6D 65
   3145	2D20  6E 74 2E 20 20 49	20+		     db	     'nt.  I will give you some	time t'
   3146	      77 69 6C 6C 20 67	69+
   3147	      76 65 20 79 6F 75	20+
   3148	      73 6F 6D 65 20 74	69+
   3149	      6D 65 20 74
   3150	2D40  6F 20 70 65 72 66	6F+		     db	     'o	perform	your little quest, but'
   3151	      72 6D 20 79 6F 75	72+
   3152	      20 6C 69 74 74 6C	65+
Turbo Assembler	 Version 2.01	     03/22/26 12:06:33	    Page 60
ZR1_00.ASM



   3153	      20 71 75 65 73 74	2C+
   3154	      20 62 75 74
   3155	2D60  20 79 6F 75 20 6D	75+		     db	     ' you must	promise	not to bore me'
   3156	      73 74 20 70 72 6F	6D+
   3157	      69 73 65 20 6E 6F	74+
   3158	      20 74 6F 20 62 6F	72+
   3159	      65 20 6D 65
   3160	2D80  2E 22				     db	     '."'
   3161	2D82  F5 F5 F5 FE F3			     db	     0F5h,0F5h,0F5h,0FEh,0F3h
   3162	2D87  22 4F 66 20 63 6F	75+		     db	     '"Of course, you have no hope of '
   3163	      72 73 65 2C 20 79	6F+
   3164	      75 20 68 61 76 65	20+
   3165	      6E 6F 20 68 6F 70	65+
   3166	      20 6F 66 20
   3167	2DA7  64 65 66 65 61 74	69+		     db	     'defeating	me."'
   3168	      6E 67 20 6D 65 2E	22
   3169	2DB5  F5 F5 F5 EF FE F3			     db	     0F5h,0F5h,0F5h,0EFh,0FEh,0F3h
   3170	2DBB  FB 22 9A 90 4D 61			     db	     0FBh, 22h,	9Ah, 90h, 4Dh, 61h
   3171	2DC1  72 95 6B 20 90 6D			     db	      72h, 95h,	6Bh, 20h, 90h, 6Dh
   3172	2DC7  92 79 20 90 77 6F			     db	      92h, 79h,	20h, 90h, 77h, 6Fh
   3173	2DCD  72 93 64 73 2C 20			     db	      72h, 93h,	64h, 73h, 2Ch, 20h
   3174	2DD3  91 65 92 76 69 93			     db	      91h, 65h,	92h, 76h, 69h, 93h
   3175	2DD9  6C 20 90 6F 94 6E			     db	      6Ch, 20h,	90h, 6Fh, 94h, 6Eh
   3176	2DDF  65 3A 20 90 49 20			     db	      65h, 3Ah,	20h, 90h, 49h, 20h
   3177	2DE5  95 77 92 69 93 6C			     db	      95h, 77h,	92h, 69h, 93h, 6Ch
   3178	2DEB  6C 20 93 6E 6F 74			     db	      6Ch, 20h,	93h, 6Eh, 6Fh, 74h
   3179	2DF1  94 20 93 73 74 6F			     db	      94h, 20h,	93h, 73h, 74h, 6Fh
   3180	2DF7  94 70 20 90 75 94			     db	      94h, 70h,	20h, 90h, 75h, 94h
   3181	2DFD  6E 92 74 69 93 6C			     db	      6Eh, 92h,	74h, 69h, 93h, 6Ch
   3182	2E03  20 90 49 20 91 68			     db	      20h, 90h,	49h, 20h, 91h, 68h
   3183	2E09  61 93 76 65 20 91			     db	      61h, 93h,	76h, 65h, 20h, 91h
   3184	2E0F  72 65 93 63 6C 90			     db	      72h, 65h,	93h, 63h, 6Ch, 90h
   3185	2E15  61 69 93 6D 65 64			     db	      61h, 69h,	93h, 6Dh, 65h, 64h
   3186	2E1B  20 91 74 68 65 20			     db	      20h, 91h,	74h, 68h, 65h, 20h
   3187	2E21  90 6E 69 94 6E 65			     db	      90h, 6Eh,	69h, 94h, 6Eh, 65h
   3188	2E27  20 93 68 6F 92 6C			     db	      20h, 93h,	68h, 6Fh, 92h, 6Ch
   3189	2E2D  79 20 93 63 72 92			     db	      79h, 20h,	93h, 63h, 72h, 92h
   3190	2E33  79 73 90 74 61 6C			     db	      79h, 73h,	90h, 74h, 61h, 6Ch
   3191	2E39  93 73 2C 20 90 61			     db	      93h, 73h,	2Ch, 20h, 90h, 61h
   3192	2E3F  94 6E 93 64 20 92			     db	      94h, 6Eh,	93h, 64h, 20h, 92h
   3193	2E45  73 65 61 93 6C 65			     db	      73h, 65h,	61h, 93h, 6Ch, 65h
   3194	2E4B  64 20 95 79 6F 75			     db	      64h, 20h,	95h, 79h, 6Fh, 75h
   3195	2E51  20 90 75 94 6E 90			     db	      20h, 90h,	75h, 94h, 6Eh, 90h
   3196	2E57  64 65 72 20 91 74			     db	      64h, 65h,	72h, 20h, 91h, 74h
   3197	2E5D  68 65 20 90 65 61			     db	      68h, 65h,	20h, 90h, 65h, 61h
   3198	2E63  72 93 74 68 20 90			     db	      72h, 93h,	74h, 68h, 20h, 90h
   3199	2E69  6F 94 6E 93 63 65			     db	      6Fh, 94h,	6Eh, 93h, 63h, 65h
   3200	2E6F  20 90				     db	      20h, 90h
   3201	2E71  61				     db	     61h
   3202
   3203				     ;ﬂﬂﬂﬂ External Entry into Subroutine ﬂﬂﬂﬂﬂﬂﬂﬂﬂﬂﬂﬂﬂﬂﬂﬂﬂﬂﬂﬂﬂﬂﬂﬂﬂﬂﬂﬂﬂﬂﬂﬂﬂﬂﬂﬂﬂﬂ
   3204
   3205	2E72			     sub_31:
   3206	2E72  94				     xchg    sp,ax
Turbo Assembler	 Version 2.01	     03/22/26 12:06:33	    Page 61
ZR1_00.ASM



   3207	2E73  6E 93 64 20 93 66			     db	      6Eh, 93h,	64h, 20h, 93h, 66h
   3208	2E79  6F 90 72 20 95 61			     db	      6Fh, 90h,	72h, 20h, 95h, 61h
   3209	2E7F  93 6C 6C 21 99 94			     db	      93h, 6Ch,	6Ch, 21h, 99h, 94h
   3210	2E85  22 F5 F5 F5 F5 FE			     db	      22h,0F5h,0F5h,0F5h,0F5h,0FEh
   3211	2E8B  F0 F5 F7 FA			     db	     0F0h,0F5h,0F7h,0FAh
   3212	2E8F  54 68 65 20 64 65	6D+		     db	     'The demon	'
   3213	      6F 6E 20
   3214	2E99  6C 61 75 67			     db	     'laug'
   3215	2E9D  68 65 64 2C 20 61	6E+		     db	     'hed, and th'
   3216	      64 20 74 68
   3217	2EA8  65 20 73 6F 75 6E	64+		     db	     'e	sound was like breaking	glass.'
   3218	      20 77 61 73 20 6C	69+
   3219	      6B 65 20 62 72 65	61+
   3220	      6B 69 6E 67 20 67	6C+
   3221	      61 73 73 2E
   3222	2EC8  F2 F9 ED				     db	     0F2h,0F9h,0EDh
   3223	2ECB  22 4D 79 20 6C 61	62+		     db	     '"My labyrinths are immense, and '
   3224	      79 72 69 6E 74 68	73+
   3225	      20 61 72 65 20 69	6D+
   3226	      6D 65 6E 73 65 2C	20+
   3227	      61 6E 64 20
   3228	2EEB  72 75 6E 20 64 65	65+		     db	     'run deep into the	earth.	You', 27h
   3229	      70 20 69 6E 74 6F	20+
   3230	      74 68 65 20 65 61	72+
   3231	      74 68 2E 20 20 59	6F+
   3232	      75 27
   3233	2F09  6C 6C 20 73 6F 6F	6E+		     db	     'll soon lose your	way, and then '
   3234	      20 6C 6F 73 65 20	79+
   3235	      6F 75 72 20 77 61	79+
   3236	      2C 20 61 6E 64 20	74+
   3237	      68 65 6E 20
   3238	2F29  6D 79 20 75 6E 64	65+		     db	     'my underlings wil'
   3239	      72 6C 69 6E 67 73	20+
   3240	      77 69 6C
   3241	2F3A  6C 20 66 69 6E 69	73+		     db	     'l	finish you off."'
   3242	      68 20 79 6F 75 20	6F+
   3243	      66 66 2E 22
   3244	2F4C  F5 F5 FE F3			     db	     0F5h,0F5h,0FEh,0F3h
   3245	2F50  22 49 74 27 73 20	62+		     db	     '"It', 27h, 's been many years si'
   3246	      65 65 6E 20 6D 61	6E+
   3247	      79 20 79 65 61 72	73+
   3248	      20 73 69
   3249	2F68  6E 63 65 20 61 20	73+		     db	     'nce a stray mortal has wandered '
   3250	      74 72 61 79 20 6D	6F+
   3251	      72 74 61 6C 20 68	61+
   3252	      73 20 77 61 6E 64	65+
   3253	      72 65 64 20
   3254	2F88  69 6E 74 6F 20 74	68+		     db	     'into their realm.	They are hungr'
   3255	      65 69 72 20 72 65	61+
   3256	      6C 6D 2E 20 54 68	65+
   3257	      79 20 61 72 65 20	68+
   3258	      75 6E 67 72
   3259	2FA8  79 20				     db	     'y	'
   3260	2FAA  66 6F 72 20 68 75	6D+		     db	     'for human	flesh."'
Turbo Assembler	 Version 2.01	     03/22/26 12:06:33	    Page 62
ZR1_00.ASM



   3261	      61 6E 20 66 6C 65	73+
   3262	      68 2E 22
   3263	2FBB  F5 F5 F5 F0 FD FE			     db	     0F5h,0F5h,0F5h,0F0h,0FDh,0FEh
   3264	2FC1  F3 FA				     db	     0F3h,0FAh
   3265	2FC3  57 69 74 68 20 74	68+		     db	     'With that, '
   3266	      61 74 2C 20
   3267	2FCE  4A 61 73 68 69 69	6E+  data_87	     db	     'Jashiin disappeared leaving echo'
   3268	      20 64 69 73 61 70	70+
   3269	      65 61 72 65 64 20	6C+
   3270	      65 61 76 69 6E 67	20+
   3271	      65 63 68 6F
   3272	2FEE  65 73 20 6F 66 20	65+		     db	     'es of earsplitting laughter.'
   3273	      61 72 73 70 6C 69	74+
   3274	      74 69 6E 67 20 6C	61+
   3275	      75 67 68 74 65 72	2E
   3276	300A  F5F5		     data_93	     dw	     0F5F5h
   3277	300C  FEFD		     data_94	     dw	     0FEFDh
   3278	300E  F3EF		     data_95	     dw	     0F3EFh
   3279	3010  22FB		     data_96	     dw	     22FBh
   3280	3012  6F59		     data_97	     dw	     6F59h
   3281	3014  2075r		     data_98	     dw	     offset sub_27
   3282	3016  6168		     data_99	     dw	     6168h
   3283	3018  6576		     data_100	     dw	     6576h
   3284	301A  276Er		     data_101	     dw	     offset sub_29
   3285	301C  2074r		     data_102	     dw	     offset sub_26
   3286	301E  6573		     data_103	     dw	     6573h
   3287	3020  6E65		     data_104	     dw	     6E65h
   3288	3022  7420		     data_105	     dw	     7420h
   3289	3024  6568		     data_106	     dw	     6568h
   3290	3026  6C20		     data_107	     dw	     6C20h
   3291	3028  61 73 74 20 6F 66	20+		     db	     'ast of m'
   3292	      6D
   3293	3030  2C65r		     data_108	     dw	     offset sub_30
   3294	3032  20 4A 61 73 68 69	69+		     db	     ' Jashiin!'
   3295	      6E 21
   3296	303B  F2				     db	     0F2h
   3297	303C  59 6F 75 72 20 72	65+		     db	     'Your reign of evil is near its e'
   3298	      69 67 6E 20 6F 66	20+
   3299	      65 76 69 6C 20 69	73+
   3300	      20 6E 65 61 72 20	69+
   3301	      74 73 20 65
   3302	305C  6E 64 21 22			     db	     'nd!"'
   3303	3060  F5 F5 F5 FF 58 25			     db	     0F5h,0F5h,0F5h,0FFh, 58h, 25h
   3304	3066  F0 00 00 03 68 21			     db	     0F0h, 00h,	00h, 03h, 68h, 21h
   3305	306C  FC FC 04 07 70 23			     db	     0FCh,0FCh,	04h, 07h, 70h, 23h
   3306	3072  01 FD 04 07 70 24			     db	      01h,0FDh,	04h, 07h, 70h, 24h
   3307	3078  04 FD 04 07 78 25			     db	      04h,0FDh,	04h, 07h, 78h, 25h
   3308	307E  06 FE 04 07 78 28			     db	      06h,0FEh,	04h, 07h, 78h, 28h
   3309	3084  06 02 04 07 70 29			     db	      06h, 02h,	04h, 07h, 70h, 29h
   3310	308A  04 03 04 07 70 2A			     db	      04h, 03h,	04h, 07h, 70h, 2Ah
   3311	3090  01 03 04 07 68 2C			     db	      01h, 03h,	04h, 07h, 68h, 2Ch
   3312	3096  FC 04 04 07 FF 01			     db	     0FCh, 04h,	04h, 07h,0FFh, 01h
   3313	309C  08 01 42 65 03 77			     db	      08h, 01h,	42h, 65h, 03h, 77h
   3314	30A2  61 04 72 65 2C 20			     db	      61h, 04h,	72h, 65h, 2Ch, 20h
Turbo Assembler	 Version 2.01	     03/22/26 12:06:33	    Page 63
ZR1_00.ASM



   3315	30A8  03 66 6F 04 72 20			     db	      03h, 66h,	6Fh, 04h, 72h, 20h
   3316	30AE  04 49 20 01 73 68			     db	      04h, 49h,	20h, 01h, 73h, 68h
   3317	30B4  61 03 6C 6C 20 77			     db	      61h, 03h,	6Ch, 6Ch, 20h, 77h
   3318	30BA  04 61 6B 03 65 FF			     db	      04h, 61h,	6Bh, 03h, 65h,0FFh
   3319	30C0  01 06 03 66 72 6F			     db	      01h, 06h,	03h, 66h, 72h, 6Fh
   3320	30C6  03 6D 20 02 6D 01			     db	      03h, 6Dh,	20h, 02h, 6Dh, 01h
   3321	30CC  79 20 03 73 01 6C			     db	      79h, 20h,	03h, 73h, 01h, 6Ch
   3322	30D2  65 65 01 70 20 6F			     db	      65h, 65h,	01h, 70h, 20h, 6Fh
   3323	30D8  66 20 03 32 2C 04			     db	      66h, 20h,	03h, 32h, 2Ch, 04h
   3324	30DE  30 30 30 20 01 79			     db	      30h, 30h,	30h, 20h, 01h, 79h
   3325	30E4  65 04 61 72 03 73			     db	      65h, 04h,	61h, 72h, 03h, 73h
   3326	30EA  FF 01 02 04 61 02			     db	     0FFh, 01h,	02h, 04h, 61h, 02h
   3327	30F0  6E 03 64 20 03 6F			     db	      6Eh, 03h,	64h, 20h, 03h, 6Fh
   3328	30F6  02 6E 63 65 20 04			     db	      02h, 6Eh,	63h, 65h, 20h, 04h
   3329	30FC  61 67 61 01 69 6E			     db	      61h, 67h,	61h, 01h, 69h, 6Eh
   3330	3102  20 02 72 65 04 69			     db	      20h, 02h,	72h, 65h, 04h, 69h
   3331	3108  01 67 6E 20 03 6F			     db	      01h, 67h,	6Eh, 20h, 03h, 6Fh
   3332	310E  76 04 65 72 20 01			     db	      76h, 04h,	65h, 72h, 20h, 01h
   3333	3114  74 68 65 20 04 77			     db	      74h, 68h,	65h, 20h, 04h, 77h
   3334	311A  6F 72 03 6C 64 2E			     db	      6Fh, 72h,	03h, 6Ch, 64h, 2Eh
   3335	3120  02 00 01 01 01 02			     db	      02h, 00h,	01h, 01h, 01h, 02h
   3336	3126  02 01 01 02 02 03			     db	      02h, 01h,	01h, 02h, 02h, 03h
   3337	312C  03 05				     db	      03h, 05h
   3338	312E  07*(00)				     db	     7 dup (0)
   3339	3135  01 02 03 04 00 00			     db	      01h, 02h,	03h, 04h, 00h, 00h
   3340	313B  00 00 00 00 05 06			     db	      00h, 00h,	00h, 00h, 05h, 06h
   3341	3141  07 08 09 0A 0B 0C			     db	      07h, 08h,	09h, 0Ah, 0Bh, 0Ch
   3342	3147  0D 0E 0F 10 11 12			     db	      0Dh, 0Eh,	0Fh, 10h, 11h, 12h
   3343	314D  13 14 15 16 00 00			     db	      13h, 14h,	15h, 16h, 00h, 00h
   3344	3153  00 17 18 19 1A 1B			     db	      00h, 17h,	18h, 19h, 1Ah, 1Bh
   3345	3159  1C 1D 1E 1F			     db	      1Ch, 1Dh,	1Eh, 1Fh
   3346	315D  20 21 22 23 24			     db	     ' !"#$'
   3347	3162  25 26 27 28 29 2A	2B+		     db	     '%&', 27h,	'()*+,-.'
   3348	      2C 2D 2E
   3349	316C  00 00 2F 30 31 32			     db	      00h, 00h,	2Fh, 30h, 31h, 32h
   3350	3172  33 00 00 34 35 36			     db	      33h, 00h,	00h, 34h, 35h, 36h
   3351	3178  37 38 00 39 26 3A			     db	      37h, 38h,	00h, 39h, 26h, 3Ah
   3352	317E  00				     db	      00h
   3353	317F  12*(00)				     db	     18	dup (0)
   3354	3191  3B 3C 3D 00 00 00			     db	      3Bh, 3Ch,	3Dh, 00h, 00h, 00h
   3355	3197  3E 3F 40 41			     db	      3Eh, 3Fh,	40h, 41h
   3356	319B  1E*(00)				     db	     30	dup (0)
   3357	31B9  42 43 44 45			     db	      42h, 43h,	44h, 45h
   3358	31BD  1E*(00)				     db	     30	dup (0)
   3359	31DB  46 47 16				     db	      46h, 47h,	16h
   3360	31DE  1F*(00)				     db	     31	dup (0)
   3361	31FD  48 49 4A				     db	      48h, 49h,	4Ah
   3362	3200  61*(00)				     db	     97	dup (0)
   3363	3261  4B 4C 4D				     db	      4Bh, 4Ch,	4Dh
   3364	3264  1F*(00)				     db	     31	dup (0)
   3365	3283  4E 4F 50				     db	      4Eh, 4Fh,	50h
   3366	3286  20*(00)				     db	     32	dup (0)
   3367	32A6  51				     db	     51h
   3368	32A7  21*(00)				     db	     33	dup (0)
Turbo Assembler	 Version 2.01	     03/22/26 12:06:33	    Page 64
ZR1_00.ASM



   3369	32C8  52 53				     db	      52h, 53h
   3370	32CA  20*(00)				     db	     32	dup (0)
   3371	32EA  54 55 56				     db	      54h, 55h,	56h
   3372	32ED  1F*(00)				     db	     31	dup (0)
   3373	330C  57 58 59 5A			     db	      57h, 58h,	59h, 5Ah
   3374	3310  1E*(00)				     db	     30	dup (0)
   3375	332E  5B 5C 5D 5E			     db	      5Bh, 5Ch,	5Dh, 5Eh
   3376	3332  1E*(00)				     db	     30	dup (0)
   3377	3350  5F 60 61 62			     db	      5Fh, 60h,	61h, 62h
   3378	3354  1E*(00)				     db	     30	dup (0)
   3379	3372  63 64				     db	      63h, 64h
   3380	3374  20*(00)				     db	     32	dup (0)
   3381	3394  65 66 67 68 69			     db	      65h, 66h,	67h, 68h, 69h
   3382	3399  1D*(00)				     db	     29	dup (0)
   3383	33B6  6A 6B 6C 6D 6E 6F	70+		     db	     'jklmnopqrs'
   3384	      71 72 73
   3385	33C0  18*(00)				     db	     24	dup (0)
   3386	33D8  74 75 76 77 78 79	7A+		     db	     'tuvwxyz{|}'
   3387	      7B 7C 7D
   3388	33E2  18*(00)				     db	     24	dup (0)
   3389	33FA  7E 7F 80 81 82 83			     db	      7Eh, 7Fh,	80h, 81h, 82h, 83h
   3390	3400  84 85 86 87 88 89			     db	      84h, 85h,	86h, 87h, 88h, 89h
   3391	3406  00 00 00 00 0F 8A			     db	      00h, 00h,	00h, 00h, 0Fh, 8Ah
   3392	340C  8B 8C 00				     db	      8Bh, 8Ch,	00h
   3393	340F  0D*(00)				     db	     13	dup (0)
   3394	341C  2F 8D 8E 8F 90 91			     db	      2Fh, 8Dh,	8Eh, 8Fh, 90h, 91h
   3395	3422  92 93 94 95 96 97			     db	      92h, 93h,	94h, 95h, 96h, 97h
   3396	3428  00 00 00 98 99 9A			     db	      00h, 00h,	00h, 98h, 99h, 9Ah
   3397	342E  9B 9C 9D				     db	      9Bh, 9Ch,	9Dh
   3398	3431  0E*(00)				     db	     14	dup (0)
   3399	343F  9E 9F A0 A1 A2 A3			     db	      9Eh, 9Fh,0A0h,0A1h,0A2h,0A3h
   3400	3445  A4 A5 A6 A7 A8 A9			     db	     0A4h,0A5h,0A6h,0A7h,0A8h,0A9h
   3401	344B  16 00 AA AB AC AD			     db	      16h, 00h,0AAh,0ABh,0ACh,0ADh
   3402	3451  AE AF				     db	     0AEh,0AFh
   3403	3453  0E*(00)				     db	     14	dup (0)
   3404	3461  B0 B1 B2 B3 B4 B5			     db	     0B0h,0B1h,0B2h,0B3h,0B4h,0B5h
   3405	3467  B6 B7 B8 26 26 B9			     db	     0B6h,0B7h,0B8h, 26h, 26h,0B9h
   3406	346D  BA BB BC BD BE BF			     db	     0BAh,0BBh,0BCh,0BDh,0BEh,0BFh
   3407	3473  C0 C1				     db	     0C0h,0C1h
   3408	3475  0D*(00)				     db	     13	dup (0)
   3409	3482  02 02 03 01 00 00			     db	     2,	2, 3, 1, 0, 0
   3410	3488  02 02 03 01 01 01			     db	     2,	2, 3, 1, 1, 1
   3411	348E  02 02 00 01 02 01			     db	     2,	2, 0, 1, 2, 1
   3412	3494  07*(01)				     db	     7 dup (1)
   3413	349B  03 02 01 01 02 01			     db	     3,	2, 1, 1, 2, 1
   3414	34A1  09*(00)				     db	     9 dup (0)
   3415	34AA  02 00				     db	     2,	0
   3416	34AC  09*(00)				     db	     9 dup (0)
   3417	34B5  01 00 00 00 00 00			     db	     1,	0, 0, 0, 0, 0
   3418	34BB  01 02 02 02 01 01			     db	     1,	2, 2, 2, 1, 1
   3419	34C1  01 00 00 01 00 01			     db	     1,	0, 0, 1, 0, 1
   3420	34C7  01 00 00 02 01 00			     db	     1,	0, 0, 2, 1, 0
   3421	34CD  02 00 01 01 00 00			     db	     2,	0, 1, 1, 0, 0
   3422	34D3  00 01 01 00 00 00			     db	     0,	1, 1, 0, 0, 0
Turbo Assembler	 Version 2.01	     03/22/26 12:06:33	    Page 65
ZR1_00.ASM



   3423	34D9  01 01 01 02 00 03			     db	     1,	1, 1, 2, 0, 3
   3424	34DF  01 00 05 04 04 04			     db	     1,	0, 5, 4, 4, 4
   3425	34E5  06 08 05 03 04 04			     db	     6,	8, 5, 3, 4, 4
   3426	34EB  06 06 06 05 06 08			     db	     6,	6, 6, 5, 6, 8
   3427	34F1  07 05 07 07 07 07			     db	     7,	5, 7, 7, 7, 7
   3428	34F7  07 07 07 07 03 04			     db	     7,	7, 7, 7, 3, 4
   3429	34FD  06 06 06 07			     db	     6,	6, 6, 7
   3430	3501  09*(08)				     db	     9 dup (8)
   3431	350A  05 08 08				     db	     5,	8, 8
   3432	350D  08*(08)				     db	     8 dup (8)
   3433	3515  07 08 08 08 08 08			     db	      07h, 08h,	08h, 08h, 08h, 08h
   3434	351B  07 05 03 05 06 07			     db	      07h, 05h,	03h, 05h, 06h, 07h
   3435	3521  07 08 08 07 08 07			     db	      07h, 08h,	08h, 07h, 08h, 07h
   3436	3527  07 08 08 05 06 08			     db	      07h, 08h,	08h, 05h, 06h, 08h
   3437	352D  05 08 07 07 08 08			     db	      05h, 08h,	07h, 07h, 08h, 08h
   3438	3533  08 07 06 08 08 08			     db	      08h, 07h,	06h, 08h, 08h, 08h
   3439	3539  07 07 07 04 08 04			     db	      07h, 07h,	07h, 04h, 08h, 04h
   3440	353F  07 08 00 17 6E 65			     db	      07h, 08h,	00h, 17h, 6Eh, 65h
   3441	3545  63 2E 67 72 70 00			     db	      63h, 2Eh,	67h, 72h, 70h, 00h
   3442	354B  00 12 68 6F 75 2E			     db	      00h, 12h,	68h, 6Fh, 75h, 2Eh
   3443	3551  67 72 70 00 00 0F			     db	      67h, 72h,	70h, 00h, 00h, 0Fh
   3444	3557  64 6D 61 6F 75 2E	67+		     db	     'dmaou.grp'
   3445	      72 70
   3446	3560  00 00				     db	     0,	0
   3447	3562  28 7A 6F 70 6E 2E	6D+		     db	     '(zopn.msd'
   3448	      73 64
   3449	356B  00 00 1E				     db	      00h, 00h,	1Eh
   3450	356E  74 74 6C 31 2E 67	72+		     db	     'ttl1.grp'
   3451	      70
   3452	3576  00 00 1F				     db	      00h, 00h,	1Fh
   3453	3579  74 74 6C 32 2E 67	72+		     db	     'ttl2.grp'
   3454	      70
   3455	3581  00 00				     db	     0,	0
   3456	3583  20 74 74 6C 33 2E	67+		     db	     ' ttl3.grp'
   3457	      72 70
   3458	358C  00 00				     db	     0,	0
   3459	358E  27 7A 65 6E 64 2E	6D+		     db	     27h, 'zend.msd'
   3460	      73 64
   3461	3597  00 00				     db	     0,	0
   3462	3599  21 77 61 6B 75 2E	67+		     db	     '!waku.grp'
   3463	      72 70
   3464	35A2  00 00 0E 61 6D 65			     db	      00h, 00h,	0Eh, 61h, 6Dh, 65h
   3465	35A8  2E 67 72 70 00 00			     db	      2Eh, 67h,	72h, 70h, 00h, 00h
   3466	35AE  10				     db	      10h
   3467	35AF  68 69 6D 65 2E 67	72+		     db	     'hime.grp'
   3468	      70
   3469	35B7  00 00 13 69 73 69			     db	      00h, 00h,	13h, 69h, 73h, 69h
   3470	35BD  2E 67 72 70 00 00			     db	      2Eh, 67h,	72h, 70h, 00h, 00h
   3471	35C3  1A 6F 75 69 2E 67			     db	      1Ah, 6Fh,	75h, 69h, 2Eh, 67h
   3472	35C9  72 70 00 00 1C 73			     db	      72h, 70h,	00h, 00h, 1Ch, 73h
   3473	35CF  65 69 2E 67 72 70			     db	      65h, 69h,	2Eh, 67h, 72h, 70h
   3474	35D5  00 00				     db	      00h, 00h
   3475	35D7  22 79 75 75 31 2E	67+		     db	     '"yuu1.grp'
   3476	      72 70
Turbo Assembler	 Version 2.01	     03/22/26 12:06:33	    Page 66
ZR1_00.ASM



   3477	35E0  00 00				     db	     0,	0
   3478	35E2  23 79 75 75 32 2E	67+		     db	     '#yuu2.grp'
   3479	      72 70
   3480	35EB  00 00				     db	     0,	0
   3481	35ED  24				     db	     '$'
   3482	35EE  79 75 75 33 2E 67	72+		     db	     'yuu3.grp'
   3483	      70
   3484	35F6  00 00				     db	     0,	0
   3485	35F8  25 79 75 75 34 2E	67+		     db	     '%yuu4.grp'
   3486	      72 70
   3487	3601  00 00				     db	     0,	0
   3488	3603  26 79 75 75 70 2E	67+		     db	     '&yuup.grp'
   3489	      72 70
   3490	360C  00 00				     db	     0,	0
   3491	360E  1B 6F 75 70 2E 67	72+		     db	     1Bh, 'oup.grp'
   3492	      70
   3493	3616  00 00 14				     db	      00h, 00h,	14h
   3494	3619  6D 61 6F 70 2E 67	72+		     db	     'maop.grp'
   3495	      70
   3496	3621  00 00 00				     db	     0,	0, 0
   3497	3624  67 61 6D 65 2E 62	69+		     db	     'game.bin'
   3498	      6E
   3499	362C  00				     db	     0
   3500	362D			     sub_26	     endp
   3501
   3502
   3503	362D			     seg_a	     ends
   3504
   3505
   3506
   3507						     end     start
Turbo Assembler	 Version 2.01	     03/22/26 12:06:33	    Page 67
Symbol Table




Symbol Name			  Type	 Value

??DATE				  Text	 "03/22/26"
??FILENAME			  Text	 "ZR1_00  "
??TIME				  Text	 "12:06:32"
??VERSION			  Number 0201
@CPU				  Text	 0101H
@CURSEG				  Text	 SEG_A
@FILENAME			  Text	 ZR1_00
@WORDSIZE			  Text	 2
DATA_100			  Word	 SEG_A:3018
DATA_101			  Word	 SEG_A:301A
DATA_102			  Word	 SEG_A:301C
DATA_103			  Word	 SEG_A:301E
DATA_104			  Word	 SEG_A:3020
DATA_105			  Word	 SEG_A:3022
DATA_106			  Word	 SEG_A:3024
DATA_107			  Word	 SEG_A:3026
DATA_108			  Word	 SEG_A:3030
DATA_10E			  Number 46D3
DATA_11E			  Number 6000
DATA_12E			  Number 9C40
DATA_137E			  Number 4000
DATA_138E			  Number 64EA
DATA_139E			  Number 653D
DATA_13E			  Number A9C0
DATA_140E			  Number 653F
DATA_141E			  Number 6A73
DATA_142E			  Number 6D56
DATA_143E			  Number 6D58
DATA_144E			  Number 6D5A
DATA_145E			  Number 6D5B
DATA_146E			  Number 6D5C
DATA_147E			  Number 6D5D
DATA_148E			  Number 75A0
DATA_149E			  Number 8000
DATA_14E			  Number AB40
DATA_150E			  Number 9000
DATA_151E			  Number 9060
DATA_152E			  Number 9096
DATA_153E			  Number 911E
DATA_154E			  Number 912B
DATA_155E			  Number 947D
DATA_156E			  Number 94DD
DATA_157E			  Number 953D
DATA_158E			  Number 9547
DATA_159E			  Number 9551
DATA_15E			  Number D000
DATA_160E			  Number 955D
DATA_161E			  Number 9573
DATA_162E			  Number 957E
DATA_163E			  Number 959F
DATA_164E			  Number 95B4
Turbo Assembler	 Version 2.01	     03/22/26 12:06:33	    Page 68
Symbol Table



DATA_165E			  Number 95FE
DATA_166E			  Number 9609
DATA_167E			  Number 97C0
DATA_168E			  Number A000
DATA_169E			  Number B000
DATA_170E			  Number B800
DATA_171E			  Number D000
DATA_172E			  Number FF1A
DATA_173E			  Number FF1D
DATA_174E			  Number FF24
DATA_175E			  Number FF26
DATA_176E			  Number FF29
DATA_177E			  Number FF2C
DATA_178E			  Number FF75
DATA_179E			  Number 0000
DATA_180E			  Number 0660
DATA_181E			  Number 0CC0
DATA_1E				  Number 0660
DATA_2E				  Number 0819
DATA_3E				  Number 0D20
DATA_47				  Byte	 SEG_A:1F80
DATA_49				  Byte	 SEG_A:201C
DATA_4E				  Number 0EE0
DATA_5E				  Number 1A40
DATA_6E				  Number 1D40
DATA_7E				  Number 3000
DATA_87				  Byte	 SEG_A:2FCE
DATA_8E				  Number 3A80
DATA_93				  Word	 SEG_A:300A
DATA_94				  Word	 SEG_A:300C
DATA_95				  Word	 SEG_A:300E
DATA_96				  Word	 SEG_A:3010
DATA_97				  Word	 SEG_A:3012
DATA_98				  Word	 SEG_A:3014
DATA_99				  Word	 SEG_A:3016
DATA_9E				  Number 4000
LOCLOOP_14			  Near	 SEG_A:0373
LOCLOOP_15			  Near	 SEG_A:0398
LOCLOOP_23			  Near	 SEG_A:04B2
LOCLOOP_24			  Near	 SEG_A:04D7
LOCLOOP_26			  Near	 SEG_A:08A5
LOCLOOP_27			  Near	 SEG_A:08FB
LOCLOOP_28			  Near	 SEG_A:0A00
LOCLOOP_3			  Near	 SEG_A:02A5
LOCLOOP_72			  Near	 SEG_A:0D1E
LOCLOOP_73			  Near	 SEG_A:0D43
LOCLOOP_74			  Near	 SEG_A:0D70
LOCLOOP_75			  Near	 SEG_A:0D76
LOCLOOP_79			  Near	 SEG_A:0D93
LOCLOOP_86			  Near	 SEG_A:0EB7
LOCLOOP_87			  Near	 SEG_A:0EBB
LOCLOOP_88			  Near	 SEG_A:0EEC
LOCLOOP_89			  Near	 SEG_A:0EF1
LOCLOOP_90			  Near	 SEG_A:0F4C
Turbo Assembler	 Version 2.01	     03/22/26 12:06:33	    Page 69
Symbol Table



LOCLOOP_91			  Near	 SEG_A:0F51
LOCLOOP_92			  Near	 SEG_A:0FB6
LOC_1				  Near	 SEG_A:0158
LOC_10				  Near	 SEG_A:0310
LOC_11				  Near	 SEG_A:0322
LOC_12				  Near	 SEG_A:0356
LOC_13				  Near	 SEG_A:036A
LOC_16				  Near	 SEG_A:03AF
LOC_17				  Near	 SEG_A:03E9
LOC_18				  Near	 SEG_A:03FB
LOC_19				  Near	 SEG_A:045A
LOC_2				  Near	 SEG_A:0175
LOC_20				  Near	 SEG_A:047B
LOC_21				  Near	 SEG_A:0485
LOC_22				  Near	 SEG_A:04A9
LOC_25				  Near	 SEG_A:0544
LOC_29				  Near	 SEG_A:0A0B
LOC_30				  Near	 SEG_A:0A45
LOC_31				  Near	 SEG_A:0A7F
LOC_32				  Near	 SEG_A:0A84
LOC_33				  Near	 SEG_A:0A96
LOC_34				  Near	 SEG_A:0AB2
LOC_35				  Near	 SEG_A:0B0C
LOC_36				  Near	 SEG_A:0B22
LOC_37				  Near	 SEG_A:0B25
LOC_38				  Near	 SEG_A:0B2A
LOC_39				  Near	 SEG_A:0B2F
LOC_4				  Near	 SEG_A:02C8
LOC_40				  Near	 SEG_A:0B3C
LOC_41				  Near	 SEG_A:0B44
LOC_42				  Near	 SEG_A:0B4E
LOC_43				  Near	 SEG_A:0B58
LOC_44				  Near	 SEG_A:0B66
LOC_45				  Near	 SEG_A:0B6D
LOC_46				  Near	 SEG_A:0B99
LOC_47				  Near	 SEG_A:0BA5
LOC_48				  Near	 SEG_A:0BB1
LOC_49				  Near	 SEG_A:0BBD
LOC_5				  Near	 SEG_A:02DA
LOC_50				  Near	 SEG_A:0BC9
LOC_51				  Near	 SEG_A:0BD5
LOC_52				  Near	 SEG_A:0BDC
LOC_53				  Near	 SEG_A:0BE7
LOC_54				  Near	 SEG_A:0BF4
LOC_55				  Near	 SEG_A:0C01
LOC_56				  Near	 SEG_A:0C12
LOC_57				  Near	 SEG_A:0C1A
LOC_58				  Near	 SEG_A:0C2C
LOC_59				  Near	 SEG_A:0C5A
LOC_6				  Near	 SEG_A:02DF
LOC_60				  Near	 SEG_A:0C7B
LOC_61				  Near	 SEG_A:0CA7
LOC_62				  Near	 SEG_A:0CCA
LOC_63				  Near	 SEG_A:0CD0
Turbo Assembler	 Version 2.01	     03/22/26 12:06:33	    Page 70
Symbol Table



LOC_64				  Near	 SEG_A:0CD5
LOC_65				  Near	 SEG_A:0CDA
LOC_66				  Near	 SEG_A:0CDF
LOC_67				  Near	 SEG_A:0CE4
LOC_68				  Near	 SEG_A:0CE9
LOC_69				  Near	 SEG_A:0CEE
LOC_7				  Near	 SEG_A:02E5
LOC_70				  Near	 SEG_A:0CF3
LOC_71				  Near	 SEG_A:0D15
LOC_76				  Near	 SEG_A:0D81
LOC_77				  Near	 SEG_A:0D84
LOC_78				  Near	 SEG_A:0D91
LOC_8				  Near	 SEG_A:02F7
LOC_80				  Near	 SEG_A:0DE5
LOC_81				  Near	 SEG_A:0DF5
LOC_82				  Near	 SEG_A:0DFE
LOC_83				  Near	 SEG_A:0E03
LOC_84				  Near	 SEG_A:0E07
LOC_85				  Near	 SEG_A:0E7F
LOC_9				  Near	 SEG_A:030B
LOC_93				  Near	 SEG_A:1BFF
START				  Near	 SEG_A:0000
SUB_1				  Near	 SEG_A:02D5
SUB_10				  Near	 SEG_A:0A79
SUB_11				  Near	 SEG_A:0CC8
SUB_12				  Near	 SEG_A:0D08
SUB_13				  Near	 SEG_A:0D62
SUB_14				  Near	 SEG_A:0D67
SUB_15				  Near	 SEG_A:0DE5
SUB_16				  Near	 SEG_A:0E13
SUB_17				  Near	 SEG_A:0E53
SUB_18				  Near	 SEG_A:0E62
SUB_19				  Near	 SEG_A:0E71
SUB_2				  Near	 SEG_A:0301
SUB_20				  Near	 SEG_A:0E93
SUB_21				  Near	 SEG_A:0EB4
SUB_22				  Near	 SEG_A:0EDC
SUB_23				  Near	 SEG_A:0F45
SUB_24				  Near	 SEG_A:0FB0
SUB_26				  Near	 SEG_A:2074
SUB_27				  Near	 SEG_A:2075
SUB_29				  Near	 SEG_A:276E
SUB_3				  Near	 SEG_A:035C
SUB_30				  Near	 SEG_A:2C65
SUB_31				  Near	 SEG_A:2E72
SUB_4				  Near	 SEG_A:03AF
SUB_5				  Near	 SEG_A:03D0
SUB_6				  Near	 SEG_A:045A
SUB_7				  Near	 SEG_A:049B
SUB_8				  Near	 SEG_A:0A0B
SUB_9				  Near	 SEG_A:0A1C
TARGET				  Number 5432
ZR1_00				  Far	 SEG_A:0000
Turbo Assembler	 Version 2.01	     03/22/26 12:06:33	    Page 71
Symbol Table




Macro Name

CALLF
CALLFX
CALLS
JMPN
JMPS

Groups & Segments		  Bit Size Align  Combine Class

SEG_A				  16  362D Byte	  Public
Turbo Assembler	 Version 2.01	     03/22/26 12:06:33	    Page 72
Error Summary



**Error** ZR1_00.ASM(99) Undefined symbol: DATA_51
**Error** ZR1_00.ASM(113) Undefined symbol: DATA_92
**Error** ZR1_00.ASM(137) Undefined symbol: DATA_51
**Error** ZR1_00.ASM(141) Undefined symbol: DATA_92
**Error** ZR1_00.ASM(147) Undefined symbol: DATA_89
**Error** ZR1_00.ASM(150) Undefined symbol: DATA_92
**Error** ZR1_00.ASM(156) Undefined symbol: DATA_90
**Error** ZR1_00.ASM(182) Undefined symbol: DATA_91
**Error** ZR1_00.ASM(184) Undefined symbol: DATA_92
**Error** ZR1_00.ASM(192) Undefined symbol: DATA_90
**Error** ZR1_00.ASM(259) Undefined symbol: DATA_91
**Error** ZR1_00.ASM(261) Undefined symbol: DATA_92
**Error** ZR1_00.ASM(277) Undefined symbol: DATA_90
**Error** ZR1_00.ASM(488) Undefined symbol: DATA_91
**Error** ZR1_00.ASM(500) Undefined symbol: DATA_51
**Error** ZR1_00.ASM(516) Undefined symbol: DATA_92
**Error** ZR1_00.ASM(535) Undefined symbol: DATA_51
**Error** ZR1_00.ASM(598) Undefined symbol: DATA_92
**Error** ZR1_00.ASM(635) Undefined symbol: DATA_92
**Error** ZR1_00.ASM(655) Undefined symbol: DATA_92
**Error** ZR1_00.ASM(729) Undefined symbol: DATA_91
**Error** ZR1_00.ASM(732) Undefined symbol: DATA_92
**Error** ZR1_00.ASM(738) Undefined symbol: DATA_90
**Error** ZR1_00.ASM(755) Undefined symbol: DATA_90
**Error** ZR1_00.ASM(792) Undefined symbol: DATA_90
**Error** ZR1_00.ASM(818) Undefined symbol: DATA_92
**Error** ZR1_00.ASM(850) Undefined symbol: DATA_92
**Error** ZR1_00.ASM(916) Undefined symbol: DATA_92
**Error** ZR1_00.ASM(949) Undefined symbol: DATA_91
**Error** ZR1_00.ASM(967) Undefined symbol: DATA_90
**Error** ZR1_00.ASM(976) Undefined symbol: DATA_89
**Error** ZR1_00.ASM(978) Undefined symbol: DATA_92
**Error** ZR1_00.ASM(1021) Undefined symbol: DATA_91
**Error** ZR1_00.ASM(1816) Undefined symbol: DATA_90
