Microsoft (R) Macro Assembler  Version 4.00                 3/29/26 15:13:40

                                                            Page     1-1
                                                            

                                 
                                PAGE  59,132 
                                 
                                ;€€€€€€€€€€€€€€€€€€€€€€€€€€€€€€€€€€€€€€€€€€€€€€€€€€€€€€€€€€€€€€€€€€€€€€€€€€ 
                                ;€€					                                 €€ 
                                ;€€				_200FIGHT                                €€ 
                                ;€€					                                 €€ 
                                ;€€      Created:   29-Mar-26		                                 €€ 
                                ;€€      Code type: zero start		                                 €€ 
                                ;€€      Passes:    8          Analysis	Options on: none                 €€ 
                                ;€€					                                 €€ 
                                ;€€€€€€€€€€€€€€€€€€€€€€€€€€€€€€€€€€€€€€€€€€€€€€€€€€€€€€€€€€€€€€€€€€€€€€€€€€ 
                                 
 = 4D34                         target		EQU   'M4'                      ; Target assembler: MASM-4.0 
                                 
                             C  include  srmacros.inc 
                             C   
                             C  ; Macros which may be required for proper re-assembly 
                             C   
                             C  IF (target EQ 'M4') 
                             C  ;----------------------------------------------------------------------------- 
                             C  ;  MASM 4.0 does not allow retf and retn, allowed by current assemblers. 
                             C  ;  These marcos, convert RETF and RETN into data bytes that are acceptable 
                             C  ;  to MASM 4.0. 
                             C   
                             C   
                             C  retf            macro   ret_count               ; Fixup for Assembler 
                             C                  if      ret_count+0 GT 1 
                             C                  db      0CAh 
                             C                  dw      ret_count 
                             C                  else 
                             C                  db      0CBh 
                             C                  endif 
                             C  endm 
                             C   
                             C  retn            macro  ret_count 
                             C                  if     ret_count+0 GT 1 
                             C                  db     0C2h 
                             C                  dw     ret_count 
                             C                  else 
                             C                  db     0C3h 
                             C                  endif 
                             C  endm 
                             C   
                             C  ENDIF 
                             C   
                             C   
                             C  IF (target EQ 'M4') OR (target EQ 'M5')  
                             C  ;----------------------------------------------------------------------------- 
                             C  ; Due to a bug in earlier MASM assemblers, the valid instruction type  
                             C  ; "mov segreg, reg"  cannot be used, if the register is not AX.   
                             C  ; For example:  mov  es, bx 
                             C   
                             C  movseg          macro reg16, unused, Imm16      ; Fixup for Assembler 
                             C                  ifidn  <reg16>, <bx>             
Microsoft (R) Macro Assembler  Version 4.00                 3/29/26 15:13:40

                                                            Page     1-2
                                                            

                             C                  db     0BBh                      
                             C                  endif                            
                             C                  ifidn  <reg16>, <cx>             
                             C                  db     0B9h                      
                             C                  endif 
                             C                  ifidn  <reg16>, <dx> 
                             C                  db     0BAh 
                             C                  endif 
                             C                  ifidn  <reg16>, <si> 
                             C                  db     0BEh 
                             C                  endif 
                             C                  ifidn  <reg16>, <di> 
                             C                  db     0BFh 
                             C                  endif 
                             C                  ifidn  <reg16>, <bp> 
                             C                  db     0BDh 
                             C                  endif 
                             C                  ifidn  <reg16>, <sp> 
                             C                  db     0BCh 
                             C                  endif 
                             C                  ifidn  <reg16>, <BX> 
                             C                  db     0BBH 
                             C                  endif 
                             C                  ifidn  <reg16>, <CX> 
                             C                  db     0B9H 
                             C                  endif 
                             C                  ifidn  <reg16>, <DX> 
                             C                  db     0BAH 
                             C                  endif 
                             C                  ifidn  <reg16>, <SI> 
                             C                  db     0BEH 
                             C                  endif 
                             C                  ifidn  <reg16>, <DI> 
                             C                  db     0BFH 
                             C                  endif 
                             C                  ifidn  <reg16>, <BP> 
                             C                  db     0BDH 
                             C                  endif 
                             C                  ifidn  <reg16>, <SP> 
                             C                  db     0BCH 
                             C                  endif 
                             C                  dw     seg Imm16 
                             C  endm 
                             C   
                             C  ENDIF 
                             C   
                             C   
                             C  ENDIF 
                             C   
                             C   
                             C   
                             C  IFE (target EQ 'NO') 
                             C  ;----------------------------------------------------------------------------- 
                             C  ;  Some compilers and some assemblers will code a call that goes to a far 
                             C  ;  subroutine in the same segment as: 
Microsoft (R) Macro Assembler  Version 4.00                 3/29/26 15:13:40

                                                            Page     1-3
                                                            

                             C  ; 
                             C  ;               PUSH    CS 
                             C  ;               CALL    near 
                             C  ; 
                             C  ;  This saves one byte, and is slightly faster.  If the assembler you are 
                             C  ;  using (i.e. MASM, Optasm) does not do this automatically, the following 
                             C  ;  macros are used to code the same information.  In other words, the binary 
                             C  ;  file has "PUSH CS, CALL near", and Sourcer ensures the same instructions 
                             C  ;  are used!  (macro CALLF) 
                             C  ; 
                             C   
                             C  callf           macro   location 
                             C                  push    cs 
                             C                  call    near ptr location 
                             C  endm 
                             C   
                             C  ;  Some compilers generate an unnecessary DS override on the call instruction 
                             C  ;  when compacting the CALLF type function.  Macro CALLFX handles this case. 
                             C   
                             C  callfx          macro   location 
                             C                  push    cs 
                             C                  db      3Eh 
                             C                  call    near ptr location 
                             C  endm 
                             C   
                             C   
                             C  ;----------------------------------------------------------------------------- 
                             C  ;  Some compilers and some assemblers will code a near call that is the 
                             C  ;  selected assembler will convert to a short jump to save a byte.  This 
                             C  ;  reconstructs a near jump for these cases. 
                             C   
                             C  jmpn            macro   location 
                             C                  db      0E9h 
                             C                  dw      offset location-$-2 
                             C  endm 
                             C   
                             C  ENDIF 
                             C   
                                 
                                 
                                 
                                ; The following equates show data references outside the range of the program. 
                                 
 = 8000                         data_1e		equ	8000h			;* 
 = 8018                         data_2e		equ	8018h			;* 
 = 801C                         data_3e		equ	801Ch			;* 
 = 8020                         data_4e		equ	8020h			;* 
 = 8024                         data_5e		equ	8024h			;* 
 = 8028                         data_6e		equ	8028h			;* 
 = 802C                         data_7e		equ	802Ch			;* 
 = B002                         data_8e		equ	0B002h			;* 
 = C000                         data_9e		equ	0C000h			;* 
 = 4000                         data_96e	equ	4000h			;* 
 = 6CFE                         data_97e	equ	6CFEh			;* 
 = 6D17                         data_98e	equ	6D17h			;* 
Microsoft (R) Macro Assembler  Version 4.00                 3/29/26 15:13:40

                                                            Page     1-4
                                                            

 = 7516                         data_99e	equ	7516h			;* 
 = 76CE                         data_100e	equ	76CEh			;* 
 = 77C7                         data_101e	equ	77C7h			;* 
 = 77D7                         data_102e	equ	77D7h			;* 
 = 79B4                         data_103e	equ	79B4h			;* 
 = 79B6                         data_104e	equ	79B6h			;* 
 = 79CA                         data_105e	equ	79CAh			;* 
 = 8244                         data_106e	equ	8244h			;* 
 = 83D7                         data_107e	equ	83D7h			;* 
 = 8581                         data_108e	equ	8581h			;* 
 = 85C2                         data_109e	equ	85C2h			;* 
 = 85EE                         data_110e	equ	85EEh			;* 
 = 8790                         data_111e	equ	8790h			;* 
 = 883F                         data_112e	equ	883Fh			;* 
 = 8C79                         data_113e	equ	8C79h			;* 
 = 8C8D                         data_114e	equ	8C8Dh			;* 
 = 8F33                         data_115e	equ	8F33h			;* 
 = 90CA                         data_116e	equ	90CAh			;* 
 = 9185                         data_117e	equ	9185h			;* 
 = 920A                         data_118e	equ	920Ah			;* 
 = 9234                         data_119e	equ	9234h			;* 
 = 972F                         data_120e	equ	972Fh			;* 
 = 9788                         data_121e	equ	9788h			;* 
 = 98B8                         data_122e	equ	98B8h			;* 
 = 98BE                         data_123e	equ	98BEh			;* 
 = 9985                         data_124e	equ	9985h			;* 
 = 9C1E                         data_125e	equ	9C1Eh			;* 
 = 9EED                         data_126e	equ	9EEDh			;* 
 = 9EEE                         data_127e	equ	9EEEh			;* 
 = 9EEF                         data_128e	equ	9EEFh			;* 
 = 9EF0                         data_129e	equ	9EF0h			;* 
 = 9EF1                         data_130e	equ	9EF1h			;* 
 = 9EF2                         data_131e	equ	9EF2h			;* 
 = 9EF4                         data_132e	equ	9EF4h			;* 
 = 9EF5                         data_133e	equ	9EF5h			;* 
 = 9EF6                         data_134e	equ	9EF6h			;* 
 = 9EF7                         data_135e	equ	9EF7h			;* 
 = 9EF8                         data_136e	equ	9EF8h			;* 
 = 9EF9                         data_137e	equ	9EF9h			;* 
 = 9EFA                         data_138e	equ	9EFAh			;* 
 = 9EFE                         data_139e	equ	9EFEh			;* 
 = 9EFF                         data_140e	equ	9EFFh			;* 
 = 9F00                         data_141e	equ	9F00h			;* 
 = 9F01                         data_142e	equ	9F01h			;* 
 = 9F02                         data_143e	equ	9F02h			;* 
 = 9F03                         data_144e	equ	9F03h			;* 
 = 9F05                         data_145e	equ	9F05h			;* 
 = 9F07                         data_146e	equ	9F07h			;* 
 = 9F08                         data_147e	equ	9F08h			;* 
 = 9F09                         data_148e	equ	9F09h			;* 
 = 9F0A                         data_149e	equ	9F0Ah			;* 
 = 9F0B                         data_150e	equ	9F0Bh			;* 
 = 9F0C                         data_151e	equ	9F0Ch			;* 
 = 9F0D                         data_152e	equ	9F0Dh			;* 
 = 9F0E                         data_153e	equ	9F0Eh			;* 
Microsoft (R) Macro Assembler  Version 4.00                 3/29/26 15:13:40

                                                            Page     1-5
                                                            

 = 9F10                         data_154e	equ	9F10h			;* 
 = 9F12                         data_155e	equ	9F12h			;* 
 = 9F14                         data_156e	equ	9F14h			;* 
 = 9F15                         data_157e	equ	9F15h			;* 
 = 9F16                         data_158e	equ	9F16h			;* 
 = 9F17                         data_159e	equ	9F17h			;* 
 = 9F18                         data_160e	equ	9F18h			;* 
 = 9F19                         data_161e	equ	9F19h			;* 
 = 9F1A                         data_162e	equ	9F1Ah			;* 
 = 9F1C                         data_163e	equ	9F1Ch			;* 
 = 9F1D                         data_164e	equ	9F1Dh			;* 
 = 9F1E                         data_165e	equ	9F1Eh			;* 
 = 9F1F                         data_166e	equ	9F1Fh			;* 
 = 9F20                         data_167e	equ	9F20h			;* 
 = 9F21                         data_168e	equ	9F21h			;* 
 = 9F22                         data_169e	equ	9F22h			;* 
 = 9F23                         data_170e	equ	9F23h			;* 
 = 9F24                         data_171e	equ	9F24h			;* 
 = 9F25                         data_172e	equ	9F25h			;* 
 = 9F26                         data_173e	equ	9F26h			;* 
 = 9F27                         data_174e	equ	9F27h			;* 
 = 9F28                         data_175e	equ	9F28h			;* 
 = 9F29                         data_176e	equ	9F29h			;* 
 = 9F2A                         data_177e	equ	9F2Ah			;* 
 = 9F2B                         data_178e	equ	9F2Bh			;* 
 = 9F2C                         data_179e	equ	9F2Ch			;* 
 = 9F2D                         data_180e	equ	9F2Dh			;* 
 = 9F85                         data_181e	equ	9F85h			;* 
 = A000                         data_182e	equ	0A000h			;* 
 = A002                         data_183e	equ	0A002h			;* 
 = A006                         data_184e	equ	0A006h			;* 
 = A008                         data_185e	equ	0A008h			;* 
 = A010                         data_186e	equ	0A010h			;* 
 = C000                         data_187e	equ	0C000h			;* 
 = C002                         data_188e	equ	0C002h			;* 
 = C004                         data_189e	equ	0C004h			;* 
 = C006                         data_190e	equ	0C006h			;* 
 = C008                         data_191e	equ	0C008h			;* 
 = C00A                         data_192e	equ	0C00Ah			;* 
 = C00C                         data_193e	equ	0C00Ch			;* 
 = C00E                         data_194e	equ	0C00Eh			;* 
 = C010                         data_195e	equ	0C010h			;* 
 = C012                         data_196e	equ	0C012h			;* 
 = C013                         data_197e	equ	0C013h			;* 
 = C015                         data_198e	equ	0C015h			;* 
 = C016                         data_199e	equ	0C016h			;* 
 = C017                         data_200e	equ	0C017h			;* 
 = C019                         data_201e	equ	0C019h			;* 
 = C01B                         data_202e	equ	0C01Bh			;* 
 = E000                         data_203e	equ	0E000h			;* 
 = E001                         data_204e	equ	0E001h			;* 
 = E8FE                         data_205e	equ	0E8FEh			;* 
 = E8FF                         data_206e	equ	0E8FFh			;* 
 = E900                         data_207e	equ	0E900h			;* 
 = E921                         data_208e	equ	0E921h			;* 
Microsoft (R) Macro Assembler  Version 4.00                 3/29/26 15:13:40

                                                            Page     1-6
                                                            

 = E939                         data_209e	equ	0E939h			;* 
 = EB60                         data_210e	equ	0EB60h			;* 
 = EB80                         data_211e	equ	0EB80h			;* 
 = ED20                         data_212e	equ	0ED20h			;* 
 = EDA0                         data_213e	equ	0EDA0h			;* 
 = FF08                         data_214e	equ	0FF08h			;* 
 = FF18                         data_215e	equ	0FF18h			;* 
 = FF1A                         data_216e	equ	0FF1Ah			;* 
 = FF1D                         data_217e	equ	0FF1Dh			;* 
 = FF1E                         data_218e	equ	0FF1Eh			;* 
 = FF24                         data_219e	equ	0FF24h			;* 
 = FF2C                         data_220e	equ	0FF2Ch			;* 
 = FF2E                         data_221e	equ	0FF2Eh			;* 
 = FF2F                         data_222e	equ	0FF2Fh			;* 
 = FF30                         data_223e	equ	0FF30h			;* 
 = FF31                         data_224e	equ	0FF31h			;* 
 = FF33                         data_225e	equ	0FF33h			;* 
 = FF34                         data_226e	equ	0FF34h			;* 
 = FF35                         data_227e	equ	0FF35h			;* 
 = FF36                         data_228e	equ	0FF36h			;* 
 = FF37                         data_229e	equ	0FF37h			;* 
 = FF38                         data_230e	equ	0FF38h			;* 
 = FF39                         data_231e	equ	0FF39h			;* 
 = FF3A                         data_232e	equ	0FF3Ah			;* 
 = FF3C                         data_233e	equ	0FF3Ch			;* 
 = FF3D                         data_234e	equ	0FF3Dh			;* 
 = FF3E                         data_235e	equ	0FF3Eh			;* 
 = FF3F                         data_236e	equ	0FF3Fh			;* 
 = FF40                         data_237e	equ	0FF40h			;* 
 = FF41                         data_238e	equ	0FF41h			;* 
 = FF42                         data_239e	equ	0FF42h			;* 
 = FF43                         data_240e	equ	0FF43h			;* 
 = FF44                         data_241e	equ	0FF44h			;* 
 = FF45                         data_242e	equ	0FF45h			;* 
 = FF46                         data_243e	equ	0FF46h			;* 
 = FF47                         data_244e	equ	0FF47h			;* 
 = FF4A                         data_245e	equ	0FF4Ah			;* 
 = FF4B                         data_246e	equ	0FF4Bh			;* 
 = FF75                         data_247e	equ	0FF75h			;* 
                                 
 0000                           seg_a		segment	byte public 
                                		assume	cs:seg_a, ds:seg_a 
                                 
                                 
 0000                           		org	0 
                                 
 0000                           _200FIGHT	proc	far 
                                 
 0000                           start: 
 0000  2E 3F 00 00 42 60        		db	 2Eh, 3Fh, 00h, 00h, 42h, 60h 
 0006  DC 79 23 97 3F 97        		db	0DCh, 79h, 23h, 97h, 3Fh, 97h 
 000C  E5 91 F6 91 0A 92        		db	0E5h, 91h,0F6h, 91h, 0Ah, 92h 
 0012  22 92 34 92 43 92        		db	 22h, 92h, 34h, 92h, 43h, 92h 
 0018  55 92 6C 92 B4 92        		db	 55h, 92h, 6Ch, 92h,0B4h, 92h 
 001E  0A 93 62 93 9A 93        		db	 0Ah, 93h, 62h, 93h, 9Ah, 93h 
Microsoft (R) Macro Assembler  Version 4.00                 3/29/26 15:13:40

                                                            Page     1-7
                                                            

 0024  C5 93 0C 94 52 94        		db	0C5h, 93h, 0Ch, 94h, 52h, 94h 
 002A  9A 94 6E 6D 82 6D        		db	 9Ah, 94h, 6Eh, 6Dh, 82h, 6Dh 
 0030  8E 6D E1 94 A0 97        		db	 8Eh, 6Dh,0E1h, 94h,0A0h, 97h 
 0036  D5 96 B5 97 A1 96        		db	0D5h, 96h,0B5h, 97h,0A1h, 96h 
 003C  51 98 11 86 DB 83        		db	 51h, 98h, 11h, 86h,0DBh, 83h 
 0042  C5 98 5B 97              		db	0C5h, 98h, 5Bh, 97h 
 0046                           loc_1: 
 0046  FA                       		cli				; Disable interrupts 
 0047  BC 2000                  		mov	sp,2000h 
 004A  FB                       		sti				; Enable interrupts 
 004B  0E                       		push	cs 
 004C  1F                       		pop	ds 
 004D  C6 06 9F20 00            		mov	byte ptr ds:data_167e,0 
 0052  C6 06 9F21 00            		mov	byte ptr ds:data_168e,0 
 0057  C6 06 9F22 00            		mov	byte ptr ds:data_169e,0 
 005C  B8 FFFF                  		mov	ax,0FFFFh 
 005F  A2 EB80                  		mov	ds:data_211e,al 
 0062  A2 EDA0                  		mov	ds:data_213e,al 
 0065  A3 EB15                  		mov	word ptr ds:[0EB15h],ax 
 0068  C6 06 FF2E 00            		mov	byte ptr ds:data_221e,0 
 006D  C6 06 FF2F 00            		mov	byte ptr ds:data_222e,0 
 0072  C6 06 FF30 00            		mov	byte ptr ds:data_223e,0 
 0077  C6 06 9F01 00            		mov	byte ptr ds:data_142e,0 
 007C  F6 06 FF34 FF            		test	byte ptr ds:data_226e,0FFh 
 0081  75 03                    		jnz	loc_2			; Jump if not zero 
 0083  E9 017D R                		jmp	loc_7 
 0086                           loc_2: 
 0086  E8 0C5A R                		call	sub_28 
 0089  B8 0001                  		mov	ax,1 
 008C  CD 60                    		int	60h			; ??INT Non-standard interrupt 
 008E  C6 06 9F02 FF            		mov	byte ptr ds:data_143e,0FFh 
 0093  A0 00C8                  		mov	al,byte ptr ds:[0C8h] 
 0096  B3 0B                    		mov	bl,0Bh 
 0098  F6 E3                    		mul	bl			; ax = reg * al 
 009A  05 9E53                  		add	ax,9E53h 
 009D  8B F0                    		mov	si,ax 
 009F  2E: 8E 06 FF2C           		mov	es,cs:data_220e 
 00A4  BF 3000                  		mov	di,3000h 
 00A7  B0 05                    		mov	al,5 
 00A9  2E: FF 16 010C           		call	word ptr cs:[10Ch] 
 00AE  BE 9BF1                  		mov	si,9BF1h 
 00B1  2E: 8E 06 FF2C           		mov	es,cs:data_220e 
 00B6  BF 4000                  		mov	di,4000h 
 00B9  B0 02                    		mov	al,2 
 00BB  2E: FF 16 010C           		call	word ptr cs:[10Ch] 
 00C0  2E: FF 16 3024 R         		call	word ptr cs:data_85 
 00C5  C6 06 FF37 00            		mov	byte ptr ds:data_229e,0 
 00CA  2E: FF 16 301E R         		call	word ptr cs:data_81 
 00CF  2E: FF 16 301C R         		call	word ptr cs:data_80 
 00D4  E8 1482 R                		call	sub_53 
 00D7  C6 06 9F02 00            		mov	byte ptr ds:data_143e,0 
 00DC  1E                       		push	ds 
 00DD  2E: 8E 1E FF2C           		mov	ds,cs:data_220e 
 00E2  BE 3000                  		mov	si,3000h 
 00E5  33 C0                    		xor	ax,ax			; Zero register 
Microsoft (R) Macro Assembler  Version 4.00                 3/29/26 15:13:40

                                                            Page     1-8
                                                            

 00E7  CD 60                    		int	60h			; ??INT Non-standard interrupt 
 00E9  1F                       		pop	ds 
 00EA  B9 0006                  		mov	cx,6 
                                 
 00ED                           locloop_3: 
 00ED  51                       		push	cx 
 00EE  C6 06 FF1A 00            		mov	byte ptr ds:data_216e,0 
 00F3                           loc_4: 
 00F3  80 3E FF1A 41            		cmp	byte ptr ds:data_216e,41h	; 'A' 
 00F8  72 F9                    		jb	loc_4			; Jump if below 
 00FA  BB 0C28                  		mov	bx,0C28h 
 00FD  B9 3828                  		mov	cx,3828h 
 0100  32 C0                    		xor	al,al			; Zero register 
 0102  2E: FF 16 2000           		call	word ptr cs:[2000h] 
 0107  C6 06 FF1A 00            		mov	byte ptr ds:data_216e,0 
 010C                           loc_5: 
 010C  80 3E FF1A 41            		cmp	byte ptr ds:data_216e,41h	; 'A' 
 0111  72 F9                    		jb	loc_5			; Jump if below 
 0113  2E: FF 16 3024 R         		call	word ptr cs:data_85 
 0118  59                       		pop	cx 
 0119  E2 D2                    		loop	locloop_3		; Loop if cx > 0 
                                 
 011B  8B 36 C000               		mov	si,ds:data_187e 
 011F  83 C6 05                 		add	si,5 
 0122  8A 04                    		mov	al,[si] 
 0124  88 44 FF                 		mov	[si-1],al 
 0127  B3 0B                    		mov	bl,0Bh 
 0129  F6 E3                    		mul	bl			; ax = reg * al 
 012B  05 9D8D                  		add	ax,9D8Dh 
 012E  8B F0                    		mov	si,ax 
                                 
                                _200FIGHT	endp 
                                 
                                ;ﬂﬂﬂﬂﬂﬂﬂﬂﬂﬂﬂﬂﬂﬂﬂﬂﬂﬂﬂﬂﬂﬂﬂﬂﬂﬂﬂﬂﬂﬂﬂﬂﬂﬂﬂﬂﬂﬂﬂﬂﬂﬂﬂﬂﬂﬂﬂﬂﬂﬂﬂﬂﬂﬂﬂﬂﬂﬂﬂﬂﬂﬂﬂﬂﬂﬂﬂﬂﬂﬂﬂﬂﬂﬂ 
                                ;                              SUBROUTINE 
                                ;‹‹‹‹‹‹‹‹‹‹‹‹‹‹‹‹‹‹‹‹‹‹‹‹‹‹‹‹‹‹‹‹‹‹‹‹‹‹‹‹‹‹‹‹‹‹‹‹‹‹‹‹‹‹‹‹‹‹‹‹‹‹‹‹‹‹‹‹‹‹‹‹‹‹ 
                                 
 0130                           sub_2		proc	near 
 0130  2E: 8E 06 FF2C           		mov	es,cs:data_220e 
 0135  BF 4000                  		mov	di,data_96e 
 0138  B0 02                    		mov	al,2 
 013A  2E: FF 16 010C           		call	word ptr cs:[10Ch] 
 013F  1E                       		push	ds 
 0140  2E: 8E 1E FF2C           		mov	ds,cs:data_220e 
 0145  BE 4000                  		mov	si,4000h 
 0148  BD A000                  		mov	bp,0A000h 
 014B  B9 0100                  		mov	cx,100h 
 014E  2E: FF 16 3030 R         		call	word ptr cs:data_89 
 0153  1F                       		pop	ds 
 0154                           loc_6: 
 0154  8B 36 A002               		mov	si,ds:data_183e 
 0158  83 C6 08                 		add	si,8 
 015B  AC                       		lodsb				; String [si] to al 
 015C  A2 9F01                  		mov	ds:data_142e,al 
 015F  8B 34                    		mov	si,[si] 
Microsoft (R) Macro Assembler  Version 4.00                 3/29/26 15:13:40

                                                            Page     1-9
                                                            

 0161  2E: FF 16 2010           		call	word ptr cs:[2010h] 
 0166  8B 36 A002               		mov	si,ds:data_183e 
 016A  83 C6 03                 		add	si,3 
 016D  8B 1C                    		mov	bx,[si] 
 016F  53                       		push	bx 
 0170  2E: FF 16 200A           		call	word ptr cs:[200Ah] 
 0175  5B                       		pop	bx 
 0176  2E: FF 16 200C           		call	word ptr cs:[200Ch] 
 017B  EB 16                    		jmp	short loc_8 
 017D                           loc_7: 
 017D  2E: FF 16 2012           		call	word ptr cs:[2012h] 
 0182  E8 0C38 R                		call	sub_27 
 0185  8B 36 C00E               		mov	si,ds:data_194e 
 0189  2E: FF 16 2010           		call	word ptr cs:[2010h] 
 018E  2E: FF 16 2016           		call	word ptr cs:[2016h] 
 0193                           loc_8: 
 0193  2E: FF 16 2006           		call	word ptr cs:[2006h] 
 0198  2E: FF 16 2008           		call	word ptr cs:[2008h] 
 019D  2E: FF 16 2014           		call	word ptr cs:[2014h] 
 01A2  F6 06 00E6 FF            		test	byte ptr ds:[0E6h],0FFh 
 01A7  75 03                    		jnz	loc_9			; Jump if not zero 
 01A9  E9 0241 R                		jmp	loc_11 
 01AC                           loc_9: 
 01AC  C6 06 9F26 FF            		mov	byte ptr ds:data_173e,0FFh 
 01B1  C7 06 0080 0029          		mov	word ptr ds:[80h],29h 
 01B7  C6 06 0083 05            		mov	byte ptr ds:[83h],5 
 01BC  E8 0C9D R                		call	sub_29 
 01BF  E8 13B9 R                		call	sub_48 
 01C2                           loc_10: 
 01C2  E8 0FA0 R                		call	sub_44 
 01C5  F6 06 00E6 FF            		test	byte ptr ds:[0E6h],0FFh 
 01CA  75 F6                    		jnz	loc_10			; Jump if not zero 
 01CC  1E                       		push	ds 
 01CD  2E: 8E 1E FF2C           		mov	ds,cs:data_220e 
 01D2  BE 3000                  		mov	si,3000h 
 01D5  33 C0                    		xor	ax,ax			; Zero register 
 01D7  CD 60                    		int	60h			; ??INT Non-standard interrupt 
 01D9  1F                       		pop	ds 
 01DA  C6 06 9F02 00            		mov	byte ptr ds:data_143e,0 
 01DF  B4 1E                    		mov	ah,1Eh 
 01E1  B0 01                    		mov	al,1 
 01E3  2E: FF 16 010C           		call	word ptr cs:[10Ch] 
 01E8  C6 06 FF34 FF            		mov	byte ptr ds:data_226e,0FFh 
 01ED  C6 06 9F27 FF            		mov	byte ptr ds:data_174e,0FFh 
 01F2  8B 36 C000               		mov	si,ds:data_187e 
 01F6  AC                       		lodsb				; String [si] to al 
 01F7  E8 1E96 R                		call	sub_74 
 01FA  E8 1EBE R                		call	sub_75 
 01FD  1E                       		push	ds 
 01FE  2E: 8E 1E FF2C           		mov	ds,cs:data_220e 
 0203  BE 8030                  		mov	si,8030h 
 0206  B9 0066                  		mov	cx,66h 
 0209  2E: FF 16 2044           		call	word ptr cs:[2044h] 
 020E  2E: FF 16 3032 R         		call	word ptr cs:data_90 
 0213  1F                       		pop	ds 
Microsoft (R) Macro Assembler  Version 4.00                 3/29/26 15:13:40

                                                            Page     1-10
                                                            

 0214  1E                       		push	ds 
 0215  2E: FF 16 3022 R         		call	word ptr cs:data_83 
 021A  B9 0018                  		mov	cx,18h 
 021D  2E: FF 16 2044           		call	word ptr cs:[2044h] 
 0222  1F                       		pop	ds 
 0223  C7 06 9F1A 0018          		mov	word ptr ds:data_162e,18h 
 0229  C6 06 9F1C 0D            		mov	byte ptr ds:data_163e,0Dh 
 022E  C6 06 0083 0C            		mov	byte ptr ds:[83h],0Ch 
 0233  C6 06 9F00 0C            		mov	byte ptr ds:data_141e,0Ch 
 0238  E8 1DC4 R                		call	sub_70 
 023B  E8 0C5A R                		call	sub_28 
 023E  E9 0154 R                		jmp	loc_6 
 0241                           loc_11: 
 0241  E8 0C9D R                		call	sub_29 
 0244  F6 06 9F27 FF            		test	byte ptr ds:data_174e,0FFh 
 0249  74 0D                    		jz	loc_12			; Jump if zero 
 024B  E8 13B9 R                		call	sub_48 
 024E  E8 0FA0 R                		call	sub_44 
 0251  C6 06 9F26 00            		mov	byte ptr ds:data_173e,0 
 0256  EB 12                    		jmp	short loc_14 
 0258                           loc_12: 
 0258  F6 06 FF34 FF            		test	byte ptr ds:data_226e,0FFh 
 025D  74 05                    		jz	loc_13			; Jump if zero 
 025F  2E: FF 16 301A R         		call	word ptr cs:data_79 
 0264                           loc_13: 
 0264  E8 13B9 R                		call	sub_48 
 0267  E8 3665 R                		call	sub_140 
 026A                           loc_14: 
 026A  F6 06 0049 FF            		test	byte ptr ds:[49h],0FFh 
 026F  74 03                    		jz	loc_15			; Jump if zero 
 0271  E9 390A R                		jmp	loc_703 
 0274                           loc_15: 
 0274  F6 06 9F02 FF            		test	byte ptr ds:data_143e,0FFh 
 0279  74 13                    		jz	loc_16			; Jump if zero 
 027B  C6 06 9F02 00            		mov	byte ptr ds:data_143e,0 
 0280  1E                       		push	ds 
 0281  2E: 8E 1E FF2C           		mov	ds,cs:data_220e 
 0286  BE 3000                  		mov	si,3000h 
 0289  33 C0                    		xor	ax,ax			; Zero register 
 028B  CD 60                    		int	60h			; ??INT Non-standard interrupt 
 028D  1F                       		pop	ds 
 028E                           loc_16: 
 028E  32 C0                    		xor	al,al			; Zero register 
 0290  A2 FF1D                  		mov	ds:data_217e,al 
 0293  A2 FF1E                  		mov	ds:data_218e,al 
 0296  C6 06 FF1A 00            		mov	byte ptr ds:data_216e,0 
 029B  C6 06 9F27 00            		mov	byte ptr ds:data_174e,0 
 02A0                           loc_17: 
 02A0  F6 06 FF39 FF            		test	byte ptr ds:data_231e,0FFh 
 02A5  75 39                    		jnz	loc_20			; Jump if not zero 
 02A7  E8 0E40 R                		call	sub_42 
 02AA  E8 04C0 R                		call	sub_7 
 02AD  E8 0FA0 R                		call	sub_44 
 02B0  E8 27B6 R                		call	sub_107 
 02B3  0C E8                    		or	al,0E8h 
Microsoft (R) Macro Assembler  Version 4.00                 3/29/26 15:13:40

                                                            Page     1-11
                                                            

 02B5  28 01                    		sub	[bx+di],al 
 02B7  E8 0417 R                		call	sub_6 
 02BA  FE 06 9F0A               		inc	byte ptr ds:data_149e 
 02BE  80 3E 9F0A 02            		cmp	byte ptr ds:data_149e,2 
 02C3  75 05                    		jne	loc_18			; Jump if not equal 
 02C5  C6 06 FF38 00            		mov	byte ptr ds:data_230e,0 
 02CA                           loc_18: 
 02CA  BA 629C                  		mov	dx,629Ch 
 02CD  52                       		push	dx 
 02CE  CD 61                    		int	61h			; ??INT Non-standard interrupt 
 02D0  A8 02                    		test	al,2 
 02D2  74 05                    		jz	loc_19			; Jump if zero 
 02D4  80 26 00C2 FD            		and	byte ptr ds:[0C2h],0FDh 
 02D9                           loc_19: 
 02D9  E8 095F R                		call	sub_18 
 02DC  E8 0348 R                		call	sub_5 
                                		retn 
 02DF  C3                     1                 db     0C3h
 02E0                           loc_20: 
 02E0  C6 06 FF38 00            		mov	byte ptr ds:data_230e,0 
 02E5  C6 06 FF3D 00            		mov	byte ptr ds:data_234e,0 
 02EA  C6 06 FF42 00            		mov	byte ptr ds:data_239e,0 
 02EF  C6 06 FF3C 00            		mov	byte ptr ds:data_233e,0 
 02F4  2E: FF 16 300C R         		call	word ptr cs:data_73 
 02F9  C6 06 FF43 00            		mov	byte ptr ds:data_240e,0 
 02FE  E8 0FA0 R                		call	sub_44 
 0301  E8 0417 R                		call	sub_6 
 0304  E8 0348 R                		call	sub_5 
 0307  80 3E FF39 FF            		cmp	byte ptr ds:data_231e,0FFh 
 030C  75 14                    		jne	loc_21			; Jump if not equal 
 030E  E8 0DB6 R                		call	sub_37 
 0311  46                       		inc	si 
 0312  E8 0BC2 R                		call	sub_23 
 0315  72 C9                    		jc	loc_20			; Jump if carry Set 
 0317  83 C6 24                 		add	si,24h 
 031A  E8 0D87 R                		call	sub_34 
 031D  E8 0BC2 R                		call	sub_23 
 0320  72 BE                    		jc	loc_20			; Jump if carry Set 
 0322                           loc_21: 
 0322  80 26 00C2 FD            		and	byte ptr ds:[0C2h],0FDh 
 0327  C6 06 FF39 00            		mov	byte ptr ds:data_231e,0 
 032C  C6 06 FF1D 00            		mov	byte ptr ds:data_217e,0 
 0331  C6 06 FF1E 00            		mov	byte ptr ds:data_218e,0 
 0336  C6 06 9F20 00            		mov	byte ptr ds:data_167e,0 
 033B  C6 06 9F21 00            		mov	byte ptr ds:data_168e,0 
 0340  C6 06 00E7 7F            		mov	byte ptr ds:[0E7h],7Fh 
 0345  E9 02A0 R                		jmp	loc_17 
                                sub_2		endp 
                                 
                                 
                                ;ﬂﬂﬂﬂﬂﬂﬂﬂﬂﬂﬂﬂﬂﬂﬂﬂﬂﬂﬂﬂﬂﬂﬂﬂﬂﬂﬂﬂﬂﬂﬂﬂﬂﬂﬂﬂﬂﬂﬂﬂﬂﬂﬂﬂﬂﬂﬂﬂﬂﬂﬂﬂﬂﬂﬂﬂﬂﬂﬂﬂﬂﬂﬂﬂﬂﬂﬂﬂﬂﬂﬂﬂﬂﬂ 
                                ;                              SUBROUTINE 
                                ;‹‹‹‹‹‹‹‹‹‹‹‹‹‹‹‹‹‹‹‹‹‹‹‹‹‹‹‹‹‹‹‹‹‹‹‹‹‹‹‹‹‹‹‹‹‹‹‹‹‹‹‹‹‹‹‹‹‹‹‹‹‹‹‹‹‹‹‹‹‹‹‹‹‹ 
                                 
 0348                           sub_5		proc	near 
Microsoft (R) Macro Assembler  Version 4.00                 3/29/26 15:13:40

                                                            Page     1-12
                                                            

 0348  C6 06 9F22 00            		mov	byte ptr ds:data_169e,0 
 034D  CD 61                    		int	61h			; ??INT Non-standard interrupt 
 034F  3C 05                    		cmp	al,5 
 0351  75 03                    		jne	loc_22			; Jump if not equal 
 0353  E9 0639 R                		jmp	loc_78 
 0356                           loc_22: 
 0356  3C 09                    		cmp	al,9 
 0358  75 03                    		jne	loc_23			; Jump if not equal 
 035A  E9 07C1 R                		jmp	loc_106 
 035D                           loc_23: 
 035D  3C 01                    		cmp	al,1 
 035F  75 03                    		jne	loc_24			; Jump if not equal 
 0361  E9 053C R                		jmp	loc_63 
 0364                           loc_24: 
 0364  8A E0                    		mov	ah,al 
 0366  F6 06 FF39 FF            		test	byte ptr ds:data_231e,0FFh 
 036B  75 31                    		jnz	loc_28			; Jump if not zero 
 036D  F6 06 FF3D FF            		test	byte ptr ds:data_234e,0FFh 
 0372  74 2A                    		jz	loc_28			; Jump if zero 
 0374  F6 06 9F0B FF            		test	byte ptr ds:data_150e,0FFh 
 0379  75 03                    		jnz	loc_25			; Jump if not zero 
 037B  E9 05BF R                		jmp	loc_69 
 037E                           loc_25: 
 037E  C6 06 9F0B 00            		mov	byte ptr ds:data_150e,0 
 0383  F6 06 00C2 02            		test	byte ptr ds:[0C2h],2 
 0388  75 03                    		jnz	loc_26			; Jump if not zero 
 038A  E9 05BF R                		jmp	loc_69 
 038D                           loc_26: 
 038D  BA 65BA                  		mov	dx,65BAh 
 0390  52                       		push	dx 
 0391  F6 06 00C2 01            		test	byte ptr ds:[0C2h],1 
 0396  75 03                    		jnz	loc_27			; Jump if not zero 
 0398  E9 07CB R                		jmp	loc_107 
 039B                           loc_27: 
 039B  E9 0643 R                		jmp	loc_79 
 039E                           loc_28: 
 039E  50                       		push	ax 
 039F  A0 00C2                  		mov	al,byte ptr ds:[0C2h] 
 03A2  24 01                    		and	al,1 
 03A4  3A 06 9F24               		cmp	al,ds:data_171e 
 03A8  A2 9F24                  		mov	ds:data_171e,al 
 03AB  74 03                    		jz	loc_29			; Jump if zero 
 03AD  E8 050D R                		call	sub_8 
 03B0                           loc_29: 
 03B0  58                       		pop	ax 
 03B1  8A C4                    		mov	al,ah 
 03B3  50                       		push	ax 
 03B4  3C 02                    		cmp	al,2 
 03B6  75 03                    		jne	loc_30			; Jump if not equal 
 03B8  E8 0ACE R                		call	sub_20 
 03BB                           loc_30: 
 03BB  58                       		pop	ax 
 03BC  24 0C                    		and	al,0Ch 
 03BE  3C 04                    		cmp	al,4 
 03C0  75 03                    		jne	loc_31			; Jump if not equal 
Microsoft (R) Macro Assembler  Version 4.00                 3/29/26 15:13:40

                                                            Page     1-13
                                                            

 03C2  E9 0643 R                		jmp	loc_79 
 03C5                           loc_31: 
 03C5  3C 08                    		cmp	al,8 
 03C7  75 03                    		jne	loc_32			; Jump if not equal 
 03C9  E9 07CB R                		jmp	loc_107 
 03CC                           loc_32: 
 03CC  E8 050D R                		call	sub_8 
 03CF  A0 FF39                  		mov	al,ds:data_231e 
 03D2  0A 06 FF38               		or	al,ds:data_230e 
 03D6  74 01                    		jz	loc_33			; Jump if zero 
                                		retn 
 03D8  C3                     1                 db     0C3h
 03D9                           loc_33: 
 03D9  C6 06 00E7 80            		mov	byte ptr ds:[0E7h],80h 
                                		retn 
 03DE  C3                     1                 db     0C3h
                                			                        ;* No entry point to code 
 03DF  F6 06 FF38 FF            		test	byte ptr ds:data_230e,0FFh 
 03E4  74 01                    		jz	loc_34			; Jump if zero 
                                		retn 
 03E6  C3                     1                 db     0C3h
 03E7                           loc_34: 
 03E7  F6 06 FF3D FF            		test	byte ptr ds:data_234e,0FFh 
 03EC  74 01                    		jz	loc_35			; Jump if zero 
                                		retn 
 03EE  C3                     1                 db     0C3h
 03EF                           loc_35: 
 03EF  E8 0DB6 R                		call	sub_37 
 03F2  8A 04                    		mov	al,[si] 
 03F4  E8 0DEA R                		call	sub_39 
 03F7  75 01                    		jnz	loc_36			; Jump if not zero 
                                		retn 
 03F9  C3                     1                 db     0C3h
 03FA                           loc_36: 
 03FA  46                       		inc	si 
 03FB  46                       		inc	si 
 03FC  8A 04                    		mov	al,[si] 
 03FE  E8 0DEA R                		call	sub_39 
 0401  75 01                    		jnz	loc_37			; Jump if not zero 
                                		retn 
 0403  C3                     1                 db     0C3h
 0404                           loc_37: 
 0404  83 C6 24                 		add	si,24h 
 0407  E8 0D87 R                		call	sub_34 
 040A  8A 04                    		mov	al,[si] 
 040C  E8 0DEA R                		call	sub_39 
 040F  74 03                    		jz	loc_38			; Jump if zero 
 0411  E9 06FD R                		jmp	loc_95 
 0414                           loc_38: 
 0414  E9 08A5 R                		jmp	loc_124 
                                 
                                ;ﬂﬂﬂﬂ External Entry into Subroutine ﬂﬂﬂﬂﬂﬂﬂﬂﬂﬂﬂﬂﬂﬂﬂﬂﬂﬂﬂﬂﬂﬂﬂﬂﬂﬂﬂﬂﬂﬂﬂﬂﬂﬂﬂﬂﬂﬂ 
                                 
 0417                           sub_6: 
 0417  F6 06 9F14 FF            		test	byte ptr ds:data_156e,0FFh 
Microsoft (R) Macro Assembler  Version 4.00                 3/29/26 15:13:40

                                                            Page     1-14
                                                            

 041C  75 01                    		jnz	loc_39			; Jump if not zero 
                                		retn 
 041E  C3                     1                 db     0C3h
 041F                           loc_39: 
 041F  F6 06 9F01 FF            		test	byte ptr ds:data_142e,0FFh 
 0424  75 1F                    		jnz	loc_41			; Jump if not zero 
 0426  BE 9F0E                  		mov	si,data_153e 
 0429  8A 04                    		mov	al,[si] 
 042B  0A 44 01                 		or	al,[si+1] 
 042E  8A 64 02                 		mov	ah,[si+2] 
 0431  0A 64 03                 		or	ah,[si+3] 
 0434  84 C4                    		test	al,ah 
 0436  74 09                    		jz	loc_40			; Jump if zero 
 0438  F6 06 00C2 01            		test	byte ptr ds:[0C2h],1 
 043D  75 06                    		jnz	loc_41			; Jump if not zero 
 043F  EB 27                    		jmp	short loc_43 
 0441                           loc_40: 
 0441  0A C0                    		or	al,al			; Zero ? 
 0443  75 23                    		jnz	loc_43			; Jump if not zero 
 0445                           loc_41: 
 0445  F6 06 FF39 FF            		test	byte ptr ds:data_231e,0FFh 
 044A  74 14                    		jz	loc_42			; Jump if zero 
 044C  80 26 00C2 FC            		and	byte ptr ds:[0C2h],0FCh 
 0451  80 0E 00C2 01            		or	byte ptr ds:[0C2h],1 
 0456  C6 06 FF3D 7F            		mov	byte ptr ds:data_234e,7Fh 
 045B  C6 06 FF1D 00            		mov	byte ptr ds:data_217e,0 
 0460                           loc_42: 
 0460  E8 06AA R                		call	sub_13 
 0463  E8 06AA R                		call	sub_13 
 0466  EB 1E                    		jmp	short loc_45 
 0468                           loc_43: 
 0468  F6 06 FF39 FF            		test	byte ptr ds:data_231e,0FFh 
 046D  74 0F                    		jz	loc_44			; Jump if zero 
 046F  80 26 00C2 FC            		and	byte ptr ds:[0C2h],0FCh 
 0474  C6 06 FF3D 7F            		mov	byte ptr ds:data_234e,7Fh 
 0479  C6 06 FF1D 00            		mov	byte ptr ds:data_217e,0 
 047E                           loc_44: 
 047E  E8 0851 R                		call	sub_16 
 0481  E8 0851 R                		call	sub_16 
 0484  EB 00                    		jmp	short loc_45 
 0486                           loc_45: 
 0486  F6 06 FF39 FF            		test	byte ptr ds:data_231e,0FFh 
 048B  74 0A                    		jz	loc_46			; Jump if zero 
 048D  C6 06 FF39 80            		mov	byte ptr ds:data_231e,80h 
 0492  C6 06 FF3D 00            		mov	byte ptr ds:data_234e,0 
 0497                           loc_46: 
 0497  F6 06 9F15 FF            		test	byte ptr ds:data_157e,0FFh 
 049C  74 01                    		jz	loc_47			; Jump if zero 
                                		retn 
 049E  C3                     1                 db     0C3h
 049F                           loc_47: 
 049F  F6 06 FF3D 80            		test	byte ptr ds:data_234e,80h 
 04A4  74 01                    		jz	loc_48			; Jump if zero 
                                		retn 
 04A6  C3                     1                 db     0C3h
Microsoft (R) Macro Assembler  Version 4.00                 3/29/26 15:13:40

                                                            Page     1-15
                                                            

 04A7                           loc_48: 
 04A7  E8 0B7B R                		call	sub_22 
 04AA  73 01                    		jnc	loc_49			; Jump if carry=0 
                                		retn 
 04AC  C3                     1                 db     0C3h
 04AD                           loc_49: 
 04AD  F6 06 9F09 FF            		test	byte ptr ds:data_148e,0FFh 
 04B2  75 03                    		jnz	loc_50			; Jump if not zero 
 04B4  E9 0B33 R                		jmp	loc_169 
 04B7                           loc_50: 
 04B7  FE 0E 9F09               		dec	byte ptr ds:data_148e 
 04BB  FE 06 0084               		inc	byte ptr ds:[84h] 
                                		retn 
 04BF  C3                     1                 db     0C3h
                                 
                                ;ﬂﬂﬂﬂ External Entry into Subroutine ﬂﬂﬂﬂﬂﬂﬂﬂﬂﬂﬂﬂﬂﬂﬂﬂﬂﬂﬂﬂﬂﬂﬂﬂﬂﬂﬂﬂﬂﬂﬂﬂﬂﬂﬂﬂﬂﬂ 
                                 
 04C0                           sub_7: 
 04C0  E8 0D9F R                		call	sub_36 
 04C3  74 01                    		jz	loc_51			; Jump if zero 
                                		retn 
 04C5  C3                     1                 db     0C3h
 04C6                           loc_51: 
 04C6  F6 06 FF3D FF            		test	byte ptr ds:data_234e,0FFh 
 04CB  74 01                    		jz	loc_52			; Jump if zero 
                                		retn 
 04CD  C3                     1                 db     0C3h
 04CE                           loc_52: 
 04CE  F6 06 9F20 FF            		test	byte ptr ds:data_167e,0FFh 
 04D3  75 01                    		jnz	loc_53			; Jump if not zero 
                                		retn 
 04D5  C3                     1                 db     0C3h
 04D6                           loc_53: 
 04D6  FE 0E 9F20               		dec	byte ptr ds:data_167e 
 04DA  E8 0DB6 R                		call	sub_37 
 04DD  83 C6 6D                 		add	si,6Dh 
 04E0  E8 0D87 R                		call	sub_34 
 04E3  8A 04                    		mov	al,[si] 
 04E5  3C 40                    		cmp	al,40h			; '@' 
 04E7  72 0A                    		jb	loc_54			; Jump if below 
 04E9  3C 49                    		cmp	al,49h			; 'I' 
 04EB  73 06                    		jae	loc_54			; Jump if above or = 
 04ED  C6 06 9F20 00            		mov	byte ptr ds:data_167e,0 
                                		retn 
 04F2  C3                     1                 db     0C3h
 04F3                           loc_54: 
 04F3  A0 9F22                  		mov	al,ds:data_169e 
 04F6  F6 06 9F23 01            		test	byte ptr ds:data_170e,1 
 04FB  74 08                    		jz	loc_56			; Jump if zero 
 04FD  3C 01                    		cmp	al,1 
 04FF  75 01                    		jne	loc_55			; Jump if not equal 
                                		retn 
 0501  C3                     1                 db     0C3h
 0502                           loc_55: 
 0502  E9 0851 R                		jmp	loc_116 
Microsoft (R) Macro Assembler  Version 4.00                 3/29/26 15:13:40

                                                            Page     1-16
                                                            

 0505                           loc_56: 
 0505  3C 02                    		cmp	al,2 
 0507  75 01                    		jne	loc_57			; Jump if not equal 
                                		retn 
 0509  C3                     1                 db     0C3h
 050A                           loc_57: 
 050A  E9 06AA R                		jmp	loc_87 
                                 
                                ;ﬂﬂﬂﬂ External Entry into Subroutine ﬂﬂﬂﬂﬂﬂﬂﬂﬂﬂﬂﬂﬂﬂﬂﬂﬂﬂﬂﬂﬂﬂﬂﬂﬂﬂﬂﬂﬂﬂﬂﬂﬂﬂﬂﬂﬂﬂ 
                                 
 050D                           sub_8: 
 050D  E8 0D9F R                		call	sub_36 
 0510  74 01                    		jz	loc_58			; Jump if zero 
                                		retn 
 0512  C3                     1                 db     0C3h
 0513                           loc_58: 
 0513  F6 06 9F20 FF            		test	byte ptr ds:data_167e,0FFh 
 0518  74 01                    		jz	loc_59			; Jump if zero 
                                		retn 
 051A  C3                     1                 db     0C3h
 051B                           loc_59: 
 051B  F6 06 FF39 FF            		test	byte ptr ds:data_231e,0FFh 
 0520  74 01                    		jz	loc_60			; Jump if zero 
                                		retn 
 0522  C3                     1                 db     0C3h
 0523                           loc_60: 
 0523  A0 9F21                  		mov	al,ds:data_168e 
 0526  D0 E8                    		shr	al,1			; Shift w/zeros fill 
 0528  0A C0                    		or	al,al			; Zero ? 
 052A  75 01                    		jnz	loc_61			; Jump if not zero 
                                		retn 
 052C  C3                     1                 db     0C3h
 052D                           loc_61: 
 052D  3C 0A                    		cmp	al,0Ah 
 052F  72 02                    		jb	loc_62			; Jump if below 
 0531  B0 0A                    		mov	al,0Ah 
 0533                           loc_62: 
 0533  A2 9F20                  		mov	ds:data_167e,al 
 0536  C6 06 9F21 00            		mov	byte ptr ds:data_168e,0 
                                		retn 
 053B  C3                     1                 db     0C3h
 053C                           loc_63: 
 053C  C6 06 9F18 00            		mov	byte ptr ds:data_160e,0 
 0541  E8 1A86 R                		call	sub_69 
 0544  E8 2077 R                		call	sub_80 
 0547  E8 05CA R                		call	sub_10 
                                 
                                ;ﬂﬂﬂﬂ External Entry into Subroutine ﬂﬂﬂﬂﬂﬂﬂﬂﬂﬂﬂﬂﬂﬂﬂﬂﬂﬂﬂﬂﬂﬂﬂﬂﬂﬂﬂﬂﬂﬂﬂﬂﬂﬂﬂﬂﬂﬂ 
                                 
 054A                           sub_9: 
 054A  FE 06 9F20               		inc	byte ptr ds:data_167e 
 054E  80 3E 9F20 0A            		cmp	byte ptr ds:data_167e,0Ah 
 0553  72 05                    		jb	loc_64			; Jump if below 
 0555  C6 06 9F20 0A            		mov	byte ptr ds:data_167e,0Ah 
 055A                           loc_64: 
Microsoft (R) Macro Assembler  Version 4.00                 3/29/26 15:13:40

                                                            Page     1-17
                                                            

 055A  F6 06 FF39 FF            		test	byte ptr ds:data_231e,0FFh 
 055F  74 01                    		jz	loc_65			; Jump if zero 
                                		retn 
 0561  C3                     1                 db     0C3h
 0562                           loc_65: 
 0562  C6 06 FF38 00            		mov	byte ptr ds:data_230e,0 
 0567  A0 9F09                  		mov	al,ds:data_148e 
 056A  3A 06 9F0D               		cmp	al,ds:data_152e 
 056E  73 4F                    		jae	loc_69			; Jump if above or = 
 0570  E8 0DB6 R                		call	sub_37 
 0573  83 EE 23                 		sub	si,23h 
 0576  E8 0D93 R                		call	sub_35 
 0579  8A 04                    		mov	al,[si] 
 057B  E8 0DEA R                		call	sub_39 
 057E  75 2A                    		jnz	loc_67			; Jump if not zero 
 0580  C6 06 00E7 00            		mov	byte ptr ds:[0E7h],0 
 0585  80 26 00C2 FD            		and	byte ptr ds:[0C2h],0FDh 
 058A  C6 06 FF3D FF            		mov	byte ptr ds:data_234e,0FFh 
 058F  A0 9F0D                  		mov	al,ds:data_152e 
 0592  D0 E8                    		shr	al,1			; Shift w/zeros fill 
 0594  A2 9F0C                  		mov	ds:data_151e,al 
 0597  FE 06 9F09               		inc	byte ptr ds:data_148e 
 059B  80 3E 0084 07            		cmp	byte ptr ds:[84h],7 
 05A0  73 03                    		jae	loc_66			; Jump if above or = 
 05A2  E9 0626 R                		jmp	loc_77 
 05A5                           loc_66: 
 05A5  FE 0E 0084               		dec	byte ptr ds:[84h] 
                                		retn 
 05A9  C3                     1                 db     0C3h
 05AA                           loc_67: 
 05AA  F6 06 9F09 FF            		test	byte ptr ds:data_148e,0FFh 
 05AF  75 0E                    		jnz	loc_69			; Jump if not zero 
 05B1  F6 06 FF39 FF            		test	byte ptr ds:data_231e,0FFh 
 05B6  74 01                    		jz	loc_68			; Jump if zero 
                                		retn 
 05B8  C3                     1                 db     0C3h
 05B9                           loc_68: 
 05B9  C6 06 00E7 80            		mov	byte ptr ds:[0E7h],80h 
                                		retn 
 05BE  C3                     1                 db     0C3h
 05BF                           loc_69: 
 05BF  C6 06 FF42 00            		mov	byte ptr ds:data_239e,0 
 05C4  C6 06 FF3D 7F            		mov	byte ptr ds:data_234e,7Fh 
                                		retn 
 05C9  C3                     1                 db     0C3h
                                 
                                ;ﬂﬂﬂﬂ External Entry into Subroutine ﬂﬂﬂﬂﬂﬂﬂﬂﬂﬂﬂﬂﬂﬂﬂﬂﬂﬂﬂﬂﬂﬂﬂﬂﬂﬂﬂﬂﬂﬂﬂﬂﬂﬂﬂﬂﬂﬂ 
                                 
 05CA                           sub_10: 
 05CA  E8 0DB6 R                		call	sub_37 
 05CD  46                       		inc	si 
 05CE  E8 0BC2 R                		call	sub_23 
 05D1  72 21                    		jc	loc_73			; Jump if carry Set 
 05D3  4E                       		dec	si 
 05D4  E8 0BC2 R                		call	sub_23 
Microsoft (R) Macro Assembler  Version 4.00                 3/29/26 15:13:40

                                                            Page     1-18
                                                            

 05D7  73 08                    		jnc	loc_70			; Jump if carry=0 
 05D9  F6 06 00C2 01            		test	byte ptr ds:[0C2h],1 
 05DE  75 63                    		jnz	loc_79			; Jump if not zero 
                                		retn 
 05E0  C3                     1                 db     0C3h
 05E1                           loc_70: 
 05E1  46                       		inc	si 
 05E2  46                       		inc	si 
 05E3  E8 0BC2 R                		call	sub_23 
 05E6  72 01                    		jc	loc_71			; Jump if carry Set 
                                		retn 
 05E8  C3                     1                 db     0C3h
 05E9                           loc_71: 
 05E9  F6 06 00C2 01            		test	byte ptr ds:[0C2h],1 
 05EE  75 03                    		jnz	loc_ret_72		; Jump if not zero 
 05F0  E9 07CB R                		jmp	loc_107 
                                 
 05F3                           loc_ret_72: 
                                		retn 
 05F3  C3                     1                 db     0C3h
 05F4                           loc_73: 
 05F4  C6 06 FF39 FF            		mov	byte ptr ds:data_231e,0FFh 
 05F9  C6 06 FF38 00            		mov	byte ptr ds:data_230e,0 
 05FE                           loc_74: 
 05FE  E8 0DB6 R                		call	sub_37 
 0601  83 EE 23                 		sub	si,23h 
 0604  E8 0D93 R                		call	sub_35 
 0607  FE 0E 00E7               		dec	byte ptr ds:[0E7h] 
 060B  E8 0BC2 R                		call	sub_23 
 060E  72 06                    		jc	loc_75			; Jump if carry Set 
 0610  80 0E 00E7 01            		or	byte ptr ds:[0E7h],1 
                                		retn 
 0615  C3                     1                 db     0C3h
 0616                           loc_75: 
 0616  E8 0626 R                		call	sub_11 
 0619  E8 0FA0 R                		call	sub_44 
 061C  F6 06 00E7 01            		test	byte ptr ds:[0E7h],1 
 0621  74 01                    		jz	loc_76			; Jump if zero 
                                		retn 
 0623  C3                     1                 db     0C3h
 0624                           loc_76: 
 0624  EB D8                    		jmp	short loc_74 
                                 
                                ;ﬂﬂﬂﬂ External Entry into Subroutine ﬂﬂﬂﬂﬂﬂﬂﬂﬂﬂﬂﬂﬂﬂﬂﬂﬂﬂﬂﬂﬂﬂﬂﬂﬂﬂﬂﬂﬂﬂﬂﬂﬂﬂﬂﬂﬂﬂ 
                                 
 0626                           sub_11: 
 0626                           loc_77: 
 0626  FE 0E 0082               		dec	byte ptr ds:[82h] 
 062A  8B 36 FF31               		mov	si,ds:data_224e 
 062E  83 EE 24                 		sub	si,24h 
 0631  E8 0D93 R                		call	sub_35 
 0634  89 36 FF31               		mov	ds:data_224e,si 
                                		retn 
 0638  C3                     1                 db     0C3h
 0639                           loc_78: 
Microsoft (R) Macro Assembler  Version 4.00                 3/29/26 15:13:40

                                                            Page     1-19
                                                            

 0639  C6 06 9F0B FF            		mov	byte ptr ds:data_150e,0FFh 
 063E  E8 054A R                		call	sub_9 
 0641  EB 00                    		jmp	short loc_79 
 0643                           loc_79: 
 0643  C6 06 9F18 00            		mov	byte ptr ds:data_160e,0 
 0648  F6 06 00C2 01            		test	byte ptr ds:[0C2h],1 
 064D  75 03                    		jnz	loc_80			; Jump if not zero 
 064F  E9 0829 R                		jmp	loc_112 
 0652                           loc_80: 
 0652  F6 06 FF38 FF            		test	byte ptr ds:data_230e,0FFh 
 0657  74 01                    		jz	loc_81			; Jump if zero 
                                		retn 
 0659  C3                     1                 db     0C3h
 065A                           loc_81: 
 065A  80 3E FF42 01            		cmp	byte ptr ds:data_239e,1 
 065F  75 03                    		jne	loc_82			; Jump if not equal 
 0661  E9 083C R                		jmp	loc_114 
 0664                           loc_82: 
 0664  E8 06AA R                		call	sub_13 
 0667  73 03                    		jnc	loc_83			; Jump if carry=0 
 0669  E9 083C R                		jmp	loc_114 
 066C                           loc_83: 
 066C  C6 06 9F22 02            		mov	byte ptr ds:data_169e,2 
 0671  F6 06 FF39 FF            		test	byte ptr ds:data_231e,0FFh 
 0676  74 01                    		jz	loc_84			; Jump if zero 
                                		retn 
 0678  C3                     1                 db     0C3h
 0679                           loc_84: 
 0679  E8 0D9F R                		call	sub_36 
 067C  75 10                    		jnz	loc_85			; Jump if not zero 
 067E  F6 06 9F20 FF            		test	byte ptr ds:data_167e,0FFh 
 0683  75 09                    		jnz	loc_85			; Jump if not zero 
 0685  C6 06 9F23 00            		mov	byte ptr ds:data_170e,0 
 068A  FE 06 9F21               		inc	byte ptr ds:data_168e 
 068E                           loc_85: 
 068E  80 0E 00C2 02            		or	byte ptr ds:[0C2h],2 
 0693  F6 06 FF3D FF            		test	byte ptr ds:data_234e,0FFh 
 0698  74 01                    		jz	loc_86			; Jump if zero 
                                		retn 
 069A  C3                     1                 db     0C3h
 069B                           loc_86: 
 069B  FE 06 00E7               		inc	byte ptr ds:[0E7h] 
 069F  80 26 00E7 7F            		and	byte ptr ds:[0E7h],7Fh 
 06A4  C6 06 9F19 00            		mov	byte ptr ds:data_161e,0 
                                		retn 
 06A9  C3                     1                 db     0C3h
                                 
                                ;ﬂﬂﬂﬂ External Entry into Subroutine ﬂﬂﬂﬂﬂﬂﬂﬂﬂﬂﬂﬂﬂﬂﬂﬂﬂﬂﬂﬂﬂﬂﬂﬂﬂﬂﬂﬂﬂﬂﬂﬂﬂﬂﬂﬂﬂﬂ 
                                 
 06AA                           sub_13: 
 06AA                           loc_87: 
 06AA  E8 0DB6 R                		call	sub_37 
 06AD  8B FE                    		mov	di,si 
 06AF  83 EE 24                 		sub	si,24h 
 06B2  E8 0D93 R                		call	sub_35 
Microsoft (R) Macro Assembler  Version 4.00                 3/29/26 15:13:40

                                                            Page     1-20
                                                            

 06B5  4E                       		dec	si 
 06B6  B9 0004                  		mov	cx,4 
                                 
 06B9                           locloop_88: 
 06B9  E8 0DD0 R                		call	sub_38 
 06BC  02 C0                    		add	al,al 
 06BE  73 01                    		jnc	loc_89			; Jump if carry=0 
                                		retn 
 06C0  C3                     1                 db     0C3h
 06C1                           loc_89: 
 06C1  83 C6 24                 		add	si,24h 
 06C4  E8 0D87 R                		call	sub_34 
 06C7  E2 F0                    		loop	locloop_88		; Loop if cx > 0 
                                 
 06C9  87 FE                    		xchg	di,si 
 06CB  F6 06 FF38 FF            		test	byte ptr ds:data_230e,0FFh 
 06D0  75 0F                    		jnz	loc_91			; Jump if not zero 
 06D2  8A 04                    		mov	al,[si] 
 06D4  E8 0DEA R                		call	sub_39 
 06D7  F9                       		stc				; Set carry flag 
 06D8  74 01                    		jz	loc_90			; Jump if zero 
                                		retn 
 06DA  C3                     1                 db     0C3h
 06DB                           loc_90: 
 06DB  E8 07A8 R                		call	sub_14 
 06DE  73 01                    		jnc	loc_91			; Jump if carry=0 
                                		retn 
 06E0  C3                     1                 db     0C3h
 06E1                           loc_91: 
 06E1  B9 0002                  		mov	cx,2 
                                 
 06E4                           locloop_92: 
 06E4  83 C6 24                 		add	si,24h 
 06E7  E8 0D87 R                		call	sub_34 
 06EA  8A 04                    		mov	al,[si] 
 06EC  E8 0E20 R                		call	sub_41 
 06EF  F9                       		stc				; Set carry flag 
 06F0  74 01                    		jz	loc_93			; Jump if zero 
                                		retn 
 06F2  C3                     1                 db     0C3h
 06F3                           loc_93: 
 06F3  51                       		push	cx 
 06F4  E8 07A8 R                		call	sub_14 
 06F7  59                       		pop	cx 
 06F8  73 01                    		jnc	loc_94			; Jump if carry=0 
                                		retn 
 06FA  C3                     1                 db     0C3h
 06FB                           loc_94: 
 06FB  E2 E7                    		loop	locloop_92		; Loop if cx > 0 
                                 
 06FD                           loc_95: 
 06FD  FF 0E 0080               		dec	word ptr ds:[80h] 
 0701  83 3E 0080 FF            		cmp	word ptr ds:[80h],0FFFFh 
 0706  75 0F                    		jne	loc_96			; Jump if not equal 
 0708  A1 C002                  		mov	ax,ds:data_188e 
Microsoft (R) Macro Assembler  Version 4.00                 3/29/26 15:13:40

                                                            Page     1-21
                                                            

 070B  48                       		dec	ax 
 070C  A3 0080                  		mov	word ptr ds:[80h],ax 
 070F  8B 36 C019               		mov	si,ds:data_201e 
 0713  89 36 9F03               		mov	ds:data_144e,si 
 0717                           loc_96: 
 0717  0E                       		push	cs 
 0718  07                       		pop	es 
 0719  FD                       		std				; Set direction flag 
 071A  BE E8FE                  		mov	si,data_205e 
 071D  BF E8FF                  		mov	di,data_206e 
 0720  B9 08FF                  		mov	cx,8FFh 
 0723  F3/ A4                   		rep	movsb			; Rep when cx >0 Mov [si] to es:[di] 
 0725  FC                       		cld				; Clear direction 
 0726  8B 36 9F03               		mov	si,ds:data_144e 
 072A  4E                       		dec	si 
 072B  BF E8DC                  		mov	di,0E8DCh 
 072E  32 D2                    		xor	dl,dl			; Zero register 
 0730                           loc_97: 
 0730  E8 0D0B R                		call	sub_31 
 0733  4E                       		dec	si 
 0734  02 D7                    		add	dl,bh 
 0736                           loc_98: 
 0736  88 1D                    		mov	[di],bl 
 0738  83 EF 24                 		sub	di,24h 
 073B  FE CF                    		dec	bh 
 073D  75 F7                    		jnz	loc_98			; Jump if not zero 
 073F  80 FA 40                 		cmp	dl,40h			; '@' 
 0742  72 EC                    		jb	loc_97			; Jump if below 
 0744  46                       		inc	si 
 0745  89 36 9F03               		mov	ds:data_144e,si 
 0749  8B 36 C019               		mov	si,ds:data_201e 
 074D  4E                       		dec	si 
 074E  A1 0080                  		mov	ax,word ptr ds:[80h] 
 0751  05 0024                  		add	ax,24h 
 0754  3B 06 C002               		cmp	ax,ds:data_188e 
 0758  74 11                    		je	loc_100			; Jump if equal 
 075A  8B 36 9F05               		mov	si,ds:data_145e 
 075E  32 F6                    		xor	dh,dh			; Zero register 
 0760                           loc_99: 
 0760  E8 0D0B R                		call	sub_31 
 0763  4E                       		dec	si 
 0764  02 F7                    		add	dh,bh 
 0766  80 FE 40                 		cmp	dh,40h			; '@' 
 0769  72 F5                    		jb	loc_99			; Jump if below 
 076B                           loc_100: 
 076B  89 36 9F05               		mov	ds:data_145e,si 
 076F  E8 2659 R                		call	sub_100 
 0772  8B 1E 0080               		mov	bx,word ptr ds:[80h] 
 0776  C6 06 FF4A 00            		mov	byte ptr ds:data_245e,0 
 077B  8B 36 C010               		mov	si,ds:data_195e 
 077F                           loc_101: 
 077F  8B 04                    		mov	ax,[si] 
 0781  3D FFFF                  		cmp	ax,0FFFFh 
 0784  75 01                    		jne	loc_102			; Jump if not equal 
                                		retn 
Microsoft (R) Macro Assembler  Version 4.00                 3/29/26 15:13:40

                                                            Page     1-22
                                                            

 0786  C3                     1                 db     0C3h
 0787                           loc_102: 
 0787  80 FC FF                 		cmp	ah,0FFh 
 078A  74 13                    		je	loc_103			; Jump if equal 
 078C  3B C3                    		cmp	ax,bx 
 078E  75 0F                    		jne	loc_103			; Jump if not equal 
 0790  32 E4                    		xor	ah,ah			; Zero register 
 0792  8A 44 02                 		mov	al,[si+2] 
 0795  E8 0D73 R                		call	sub_33 
 0798  A0 FF4A                  		mov	al,ds:data_245e 
 079B  0C 80                    		or	al,80h 
 079D  88 05                    		mov	[di],al 
 079F                           loc_103: 
 079F  FE 06 FF4A               		inc	byte ptr ds:data_245e 
 07A3  83 C6 10                 		add	si,10h 
 07A6  EB D7                    		jmp	short loc_101 
                                 
                                ;ﬂﬂﬂﬂ External Entry into Subroutine ﬂﬂﬂﬂﬂﬂﬂﬂﬂﬂﬂﬂﬂﬂﬂﬂﬂﬂﬂﬂﬂﬂﬂﬂﬂﬂﬂﬂﬂﬂﬂﬂﬂﬂﬂﬂﬂﬂ 
                                 
 07A8                           sub_14: 
 07A8  80 3E C012 07            		cmp	byte ptr ds:data_196e,7 
 07AD  F8                       		clc				; Clear carry flag 
 07AE  75 01                    		jnz	loc_104			; Jump if not zero 
                                		retn 
 07B0  C3                     1                 db     0C3h
 07B1                           loc_104: 
 07B1  8A 04                    		mov	al,[si] 
 07B3  56                       		push	si 
 07B4  E8 16FC R                		call	sub_63 
 07B7  5E                       		pop	si 
 07B8  80 F9 02                 		cmp	cl,2 
 07BB  F9                       		stc				; Set carry flag 
 07BC  75 01                    		jnz	loc_105			; Jump if not zero 
                                		retn 
 07BE  C3                     1                 db     0C3h
 07BF                           loc_105: 
 07BF  F8                       		clc				; Clear carry flag 
                                		retn 
 07C0  C3                     1                 db     0C3h
 07C1                           loc_106: 
 07C1  C6 06 9F0B FF            		mov	byte ptr ds:data_150e,0FFh 
 07C6  E8 054A R                		call	sub_9 
 07C9  EB 00                    		jmp	short loc_107 
 07CB                           loc_107: 
 07CB  C6 06 9F18 00            		mov	byte ptr ds:data_160e,0 
 07D0  F6 06 00C2 01            		test	byte ptr ds:[0C2h],1 
 07D5  75 52                    		jnz	loc_112			; Jump if not zero 
 07D7  F6 06 FF38 FF            		test	byte ptr ds:data_230e,0FFh 
 07DC  74 01                    		jz	loc_108			; Jump if zero 
                                		retn 
 07DE  C3                     1                 db     0C3h
 07DF                           loc_108: 
 07DF  80 3E FF42 02            		cmp	byte ptr ds:data_239e,2 
 07E4  74 56                    		je	loc_114			; Jump if equal 
 07E6  E8 0851 R                		call	sub_16 
Microsoft (R) Macro Assembler  Version 4.00                 3/29/26 15:13:40

                                                            Page     1-23
                                                            

 07E9  72 51                    		jc	loc_114			; Jump if carry Set 
 07EB  C6 06 9F22 01            		mov	byte ptr ds:data_169e,1 
 07F0  F6 06 FF39 FF            		test	byte ptr ds:data_231e,0FFh 
 07F5  74 01                    		jz	loc_109			; Jump if zero 
                                		retn 
 07F7  C3                     1                 db     0C3h
 07F8                           loc_109: 
 07F8  E8 0D9F R                		call	sub_36 
 07FB  75 10                    		jnz	loc_110			; Jump if not zero 
 07FD  F6 06 9F20 FF            		test	byte ptr ds:data_167e,0FFh 
 0802  75 09                    		jnz	loc_110			; Jump if not zero 
 0804  C6 06 9F23 01            		mov	byte ptr ds:data_170e,1 
 0809  FE 06 9F21               		inc	byte ptr ds:data_168e 
 080D                           loc_110: 
 080D  80 0E 00C2 02            		or	byte ptr ds:[0C2h],2 
 0812  F6 06 FF3D FF            		test	byte ptr ds:data_234e,0FFh 
 0817  74 01                    		jz	loc_111			; Jump if zero 
                                		retn 
 0819  C3                     1                 db     0C3h
 081A                           loc_111: 
 081A  FE 06 00E7               		inc	byte ptr ds:[0E7h] 
 081E  80 26 00E7 7F            		and	byte ptr ds:[0E7h],7Fh 
 0823  C6 06 9F19 00            		mov	byte ptr ds:data_161e,0 
                                		retn 
 0828  C3                     1                 db     0C3h
                                 
                                ;ﬂﬂﬂﬂ External Entry into Subroutine ﬂﬂﬂﬂﬂﬂﬂﬂﬂﬂﬂﬂﬂﬂﬂﬂﬂﬂﬂﬂﬂﬂﬂﬂﬂﬂﬂﬂﬂﬂﬂﬂﬂﬂﬂﬂﬂﬂ 
                                 
 0829                           sub_15: 
 0829                           loc_112: 
 0829  80 36 00C2 01            		xor	byte ptr ds:[0C2h],1 
 082E  F6 06 FF39 FF            		test	byte ptr ds:data_231e,0FFh 
 0833  74 01                    		jz	loc_113			; Jump if zero 
                                		retn 
 0835  C3                     1                 db     0C3h
 0836                           loc_113: 
 0836  C6 06 00E7 80            		mov	byte ptr ds:[0E7h],80h 
                                		retn 
 083B  C3                     1                 db     0C3h
 083C                           loc_114: 
 083C  80 26 00C2 FD            		and	byte ptr ds:[0C2h],0FDh 
 0841  A0 FF39                  		mov	al,ds:data_231e 
 0844  0A 06 FF3D               		or	al,ds:data_234e 
 0848  74 01                    		jz	loc_115			; Jump if zero 
                                		retn 
 084A  C3                     1                 db     0C3h
 084B                           loc_115: 
 084B  C6 06 00E7 80            		mov	byte ptr ds:[0E7h],80h 
                                		retn 
 0850  C3                     1                 db     0C3h
                                sub_5		endp 
                                 
                                 
                                ;ﬂﬂﬂﬂﬂﬂﬂﬂﬂﬂﬂﬂﬂﬂﬂﬂﬂﬂﬂﬂﬂﬂﬂﬂﬂﬂﬂﬂﬂﬂﬂﬂﬂﬂﬂﬂﬂﬂﬂﬂﬂﬂﬂﬂﬂﬂﬂﬂﬂﬂﬂﬂﬂﬂﬂﬂﬂﬂﬂﬂﬂﬂﬂﬂﬂﬂﬂﬂﬂﬂﬂﬂﬂﬂ 
                                ;                              SUBROUTINE 
Microsoft (R) Macro Assembler  Version 4.00                 3/29/26 15:13:40

                                                            Page     1-24
                                                            

                                ;‹‹‹‹‹‹‹‹‹‹‹‹‹‹‹‹‹‹‹‹‹‹‹‹‹‹‹‹‹‹‹‹‹‹‹‹‹‹‹‹‹‹‹‹‹‹‹‹‹‹‹‹‹‹‹‹‹‹‹‹‹‹‹‹‹‹‹‹‹‹‹‹‹‹ 
                                 
 0851                           sub_16		proc	near 
 0851                           loc_116: 
 0851  E8 0DB6 R                		call	sub_37 
 0854  46                       		inc	si 
 0855  46                       		inc	si 
 0856  8B FE                    		mov	di,si 
 0858  83 EE 24                 		sub	si,24h 
 085B  E8 0D93 R                		call	sub_35 
 085E  B9 0004                  		mov	cx,4 
                                 
 0861                           locloop_117: 
 0861  E8 0DD0 R                		call	sub_38 
 0864  02 C0                    		add	al,al 
 0866  73 01                    		jnc	loc_118			; Jump if carry=0 
                                		retn 
 0868  C3                     1                 db     0C3h
 0869                           loc_118: 
 0869  83 C6 24                 		add	si,24h 
 086C  E8 0D87 R                		call	sub_34 
 086F  E2 F0                    		loop	locloop_117		; Loop if cx > 0 
                                 
 0871  87 FE                    		xchg	di,si 
 0873  F6 06 FF38 FF            		test	byte ptr ds:data_230e,0FFh 
 0878  75 0F                    		jnz	loc_120			; Jump if not zero 
 087A  8A 04                    		mov	al,[si] 
 087C  E8 0DEA R                		call	sub_39 
 087F  F9                       		stc				; Set carry flag 
 0880  74 01                    		jz	loc_119			; Jump if zero 
                                		retn 
 0882  C3                     1                 db     0C3h
 0883                           loc_119: 
 0883  E8 0947 R                		call	sub_17 
 0886  73 01                    		jnc	loc_120			; Jump if carry=0 
                                		retn 
 0888  C3                     1                 db     0C3h
 0889                           loc_120: 
 0889  B9 0002                  		mov	cx,2 
                                 
 088C                           locloop_121: 
 088C  83 C6 24                 		add	si,24h 
 088F  E8 0D87 R                		call	sub_34 
 0892  8A 04                    		mov	al,[si] 
 0894  E8 0E20 R                		call	sub_41 
 0897  F9                       		stc				; Set carry flag 
 0898  74 01                    		jz	loc_122			; Jump if zero 
                                		retn 
 089A  C3                     1                 db     0C3h
 089B                           loc_122: 
 089B  51                       		push	cx 
 089C  E8 0947 R                		call	sub_17 
 089F  59                       		pop	cx 
 08A0  73 01                    		jnc	loc_123			; Jump if carry=0 
                                		retn 
Microsoft (R) Macro Assembler  Version 4.00                 3/29/26 15:13:40

                                                            Page     1-25
                                                            

 08A2  C3                     1                 db     0C3h
 08A3                           loc_123: 
 08A3  E2 E7                    		loop	locloop_121		; Loop if cx > 0 
                                 
 08A5                           loc_124: 
 08A5  FF 06 0080               		inc	word ptr ds:[80h] 
 08A9  A1 0080                  		mov	ax,word ptr ds:[80h] 
 08AC  05 0023                  		add	ax,23h 
 08AF  3B 06 C002               		cmp	ax,ds:data_188e 
 08B3  75 06                    		jne	loc_125			; Jump if not equal 
 08B5  C7 06 9F05 C01A          		mov	word ptr ds:data_145e,0C01Ah 
 08BB                           loc_125: 
 08BB  0E                       		push	cs 
 08BC  07                       		pop	es 
 08BD  BE E001                  		mov	si,data_204e 
 08C0  BF E000                  		mov	di,data_203e 
 08C3  B9 08FF                  		mov	cx,8FFh 
 08C6  F3/ A4                   		rep	movsb			; Rep when cx >0 Mov [si] to es:[di] 
 08C8  8B 36 9F05               		mov	si,ds:data_145e 
 08CC  46                       		inc	si 
 08CD  BF E023                  		mov	di,0E023h 
 08D0  E8 0D5C R                		call	sub_32 
 08D3  4E                       		dec	si 
 08D4  89 36 9F05               		mov	ds:data_145e,si 
 08D8  A1 0080                  		mov	ax,word ptr ds:[80h] 
 08DB  3B 06 C002               		cmp	ax,ds:data_188e 
 08DF  75 0B                    		jne	loc_126			; Jump if not equal 
 08E1  C7 06 0080 0000          		mov	word ptr ds:[80h],0 
 08E7  BE C01B                  		mov	si,data_202e 
 08EA  EB 11                    		jmp	short loc_128 
 08EC                           loc_126: 
 08EC  8B 36 9F03               		mov	si,ds:data_144e 
 08F0  32 F6                    		xor	dh,dh			; Zero register 
 08F2                           loc_127: 
 08F2  E8 0CF2 R                		call	sub_30 
 08F5  46                       		inc	si 
 08F6  02 F7                    		add	dh,bh 
 08F8  80 FE 40                 		cmp	dh,40h			; '@' 
 08FB  72 F5                    		jb	loc_127			; Jump if below 
 08FD                           loc_128: 
 08FD  89 36 9F03               		mov	ds:data_144e,si 
 0901  E8 2644 R                		call	sub_99 
 0904  C6 06 FF4A 00            		mov	byte ptr ds:data_245e,0 
 0909  8B 1E 0080               		mov	bx,word ptr ds:[80h] 
 090D  83 C3 23                 		add	bx,23h 
 0910  8B C3                    		mov	ax,bx 
 0912  2B 06 C002               		sub	ax,ds:data_188e 
 0916  72 02                    		jc	loc_129			; Jump if carry Set 
 0918  8B D8                    		mov	bx,ax 
 091A                           loc_129: 
 091A  8B 36 C010               		mov	si,ds:data_195e 
 091E                           loc_130: 
 091E  8B 04                    		mov	ax,[si] 
 0920  3D FFFF                  		cmp	ax,0FFFFh 
 0923  75 01                    		jne	loc_131			; Jump if not equal 
Microsoft (R) Macro Assembler  Version 4.00                 3/29/26 15:13:40

                                                            Page     1-26
                                                            

                                		retn 
 0925  C3                     1                 db     0C3h
 0926                           loc_131: 
 0926  80 FC FF                 		cmp	ah,0FFh 
 0929  74 13                    		je	loc_132			; Jump if equal 
 092B  3B C3                    		cmp	ax,bx 
 092D  75 0F                    		jne	loc_132			; Jump if not equal 
 092F  B4 23                    		mov	ah,23h			; '#' 
 0931  8A 44 02                 		mov	al,[si+2] 
 0934  E8 0D73 R                		call	sub_33 
 0937  A0 FF4A                  		mov	al,ds:data_245e 
 093A  0C 80                    		or	al,80h 
 093C  88 05                    		mov	[di],al 
 093E                           loc_132: 
 093E  FE 06 FF4A               		inc	byte ptr ds:data_245e 
 0942  83 C6 10                 		add	si,10h 
 0945  EB D7                    		jmp	short loc_130 
                                sub_16		endp 
                                 
                                 
                                ;ﬂﬂﬂﬂﬂﬂﬂﬂﬂﬂﬂﬂﬂﬂﬂﬂﬂﬂﬂﬂﬂﬂﬂﬂﬂﬂﬂﬂﬂﬂﬂﬂﬂﬂﬂﬂﬂﬂﬂﬂﬂﬂﬂﬂﬂﬂﬂﬂﬂﬂﬂﬂﬂﬂﬂﬂﬂﬂﬂﬂﬂﬂﬂﬂﬂﬂﬂﬂﬂﬂﬂﬂﬂﬂ 
                                ;                              SUBROUTINE 
                                ;‹‹‹‹‹‹‹‹‹‹‹‹‹‹‹‹‹‹‹‹‹‹‹‹‹‹‹‹‹‹‹‹‹‹‹‹‹‹‹‹‹‹‹‹‹‹‹‹‹‹‹‹‹‹‹‹‹‹‹‹‹‹‹‹‹‹‹‹‹‹‹‹‹‹ 
                                 
 0947                           sub_17		proc	near 
 0947  80 3E C012 07            		cmp	byte ptr ds:data_196e,7 
 094C  F8                       		clc				; Clear carry flag 
 094D  75 01                    		jnz	loc_133			; Jump if not zero 
                                		retn 
 094F  C3                     1                 db     0C3h
 0950                           loc_133: 
 0950  8A 04                    		mov	al,[si] 
 0952  56                       		push	si 
 0953  E8 16FC R                		call	sub_63 
 0956  5E                       		pop	si 
 0957  FE C9                    		dec	cl 
 0959  F9                       		stc				; Set carry flag 
 095A  75 01                    		jnz	loc_134			; Jump if not zero 
                                		retn 
 095C  C3                     1                 db     0C3h
 095D                           loc_134: 
 095D  F8                       		clc				; Clear carry flag 
                                		retn 
 095E  C3                     1                 db     0C3h
                                sub_17		endp 
                                 
                                 
                                ;ﬂﬂﬂﬂﬂﬂﬂﬂﬂﬂﬂﬂﬂﬂﬂﬂﬂﬂﬂﬂﬂﬂﬂﬂﬂﬂﬂﬂﬂﬂﬂﬂﬂﬂﬂﬂﬂﬂﬂﬂﬂﬂﬂﬂﬂﬂﬂﬂﬂﬂﬂﬂﬂﬂﬂﬂﬂﬂﬂﬂﬂﬂﬂﬂﬂﬂﬂﬂﬂﬂﬂﬂﬂﬂ 
                                ;                              SUBROUTINE 
                                ;‹‹‹‹‹‹‹‹‹‹‹‹‹‹‹‹‹‹‹‹‹‹‹‹‹‹‹‹‹‹‹‹‹‹‹‹‹‹‹‹‹‹‹‹‹‹‹‹‹‹‹‹‹‹‹‹‹‹‹‹‹‹‹‹‹‹‹‹‹‹‹‹‹‹ 
                                 
 095F                           sub_18		proc	near 
 095F  F6 06 9F15 FF            		test	byte ptr ds:data_157e,0FFh 
 0964  74 01                    		jz	loc_135			; Jump if zero 
                                		retn 
Microsoft (R) Macro Assembler  Version 4.00                 3/29/26 15:13:40

                                                            Page     1-27
                                                            

 0966  C3                     1                 db     0C3h
 0967                           loc_135: 
 0967  F6 06 FF3D 80            		test	byte ptr ds:data_234e,80h 
 096C  74 01                    		jz	loc_136			; Jump if zero 
                                		retn 
 096E  C3                     1                 db     0C3h
 096F                           loc_136: 
 096F  E8 2191 R                		call	sub_84 
 0972  E8 0A6C R                		call	sub_19 
 0975  E8 0B7B R                		call	sub_22 
 0978  73 03                    		jnc	loc_137			; Jump if carry=0 
 097A  E9 0B46 R                		jmp	loc_170 
 097D                           loc_137: 
 097D  FE 06 9F08               		inc	byte ptr ds:data_147e 
 0981  F6 06 9F09 FF            		test	byte ptr ds:data_148e,0FFh 
 0986  74 0A                    		jz	loc_138			; Jump if zero 
 0988  9C                       		pushf				; Push flags 
 0989  FE 0E 9F09               		dec	byte ptr ds:data_148e 
 098D  FE 06 0084               		inc	byte ptr ds:[84h] 
 0991  9D                       		popf				; Pop flags 
 0992                           loc_138: 
 0992  58                       		pop	ax 
 0993  75 03                    		jnz	loc_139			; Jump if not zero 
 0995  E8 0B33 R                		call	sub_21 
 0998                           loc_139: 
 0998  F6 06 00C2 02            		test	byte ptr ds:[0C2h],2 
 099D  75 14                    		jnz	loc_140			; Jump if not zero 
 099F  E8 0DB6 R                		call	sub_37 
 09A2  83 C6 49                 		add	si,49h 
 09A5  E8 0D87 R                		call	sub_34 
 09A8  E8 0BC2 R                		call	sub_23 
 09AB  73 06                    		jnc	loc_140			; Jump if carry=0 
 09AD  C6 06 FF39 FF            		mov	byte ptr ds:data_231e,0FFh 
                                		retn 
 09B2  C3                     1                 db     0C3h
 09B3                           loc_140: 
 09B3  C6 06 00E7 80            		mov	byte ptr ds:[0E7h],80h 
 09B8  A0 FF3D                  		mov	al,ds:data_234e 
 09BB  C6 06 FF3D 7F            		mov	byte ptr ds:data_234e,7Fh 
 09C0  F6 06 FF42 FF            		test	byte ptr ds:data_239e,0FFh 
 09C5  74 01                    		jz	loc_141			; Jump if zero 
                                		retn 
 09C7  C3                     1                 db     0C3h
 09C8                           loc_141: 
 09C8  F6 06 00E8 FF            		test	byte ptr ds:[0E8h],0FFh 
 09CD  74 01                    		jz	loc_142			; Jump if zero 
                                		retn 
 09CF  C3                     1                 db     0C3h
 09D0                           loc_142: 
 09D0  A8 FF                    		test	al,0FFh 
 09D2  75 17                    		jnz	loc_144			; Jump if not zero 
 09D4  B8 69E0                  		mov	ax,69E0h 
 09D7  50                       		push	ax 
 09D8  F6 06 00C2 01            		test	byte ptr ds:[0C2h],1 
 09DD  74 03                    		jz	loc_143			; Jump if zero 
Microsoft (R) Macro Assembler  Version 4.00                 3/29/26 15:13:40

                                                            Page     1-28
                                                            

 09DF  E9 0643 R                		jmp	loc_79 
 09E2                           loc_143: 
 09E2  E9 07CB R                		jmp	loc_107 
                                			                        ;* No entry point to code 
 09E5  80 26 00C2 FD            		and	byte ptr ds:[0C2h],0FDh 
                                		retn 
 09EA  C3                     1                 db     0C3h
 09EB                           loc_144: 
 09EB  CD 61                    		int	61h			; ??INT Non-standard interrupt 
 09ED  24 0C                    		and	al,0Ch 
 09EF  3C 04                    		cmp	al,4 
 09F1  74 21                    		je	loc_148			; Jump if equal 
 09F3  3C 08                    		cmp	al,8 
 09F5  74 49                    		je	loc_152			; Jump if equal 
 09F7                           loc_145: 
 09F7  F6 06 00C2 02            		test	byte ptr ds:[0C2h],2 
 09FC  75 09                    		jnz	loc_146			; Jump if not zero 
 09FE  3C 04                    		cmp	al,4 
 0A00  74 4D                    		je	loc_153			; Jump if equal 
 0A02  3C 08                    		cmp	al,8 
 0A04  74 1D                    		je	loc_149			; Jump if equal 
                                		retn 
 0A06  C3                     1                 db     0C3h
 0A07                           loc_146: 
 0A07  F6 06 00C2 01            		test	byte ptr ds:[0C2h],1 
 0A0C  74 03                    		jz	loc_147			; Jump if zero 
 0A0E  E9 0643 R                		jmp	loc_79 
 0A11                           loc_147: 
 0A11  E9 07CB R                		jmp	loc_107 
 0A14                           loc_148: 
 0A14  F6 06 00C2 01            		test	byte ptr ds:[0C2h],1 
 0A19  75 DC                    		jnz	loc_145			; Jump if not zero 
 0A1B  80 26 00C2 FD            		and	byte ptr ds:[0C2h],0FDh 
 0A20  E8 0829 R                		call	sub_15 
 0A23                           loc_149: 
 0A23  E8 0DB6 R                		call	sub_37 
 0A26  83 C6 6D                 		add	si,6Dh 
 0A29  E8 0D87 R                		call	sub_34 
 0A2C  8A 04                    		mov	al,[si] 
 0A2E  E8 0DEA R                		call	sub_39 
 0A31  74 01                    		jz	loc_150			; Jump if zero 
                                		retn 
 0A33  C3                     1                 db     0C3h
 0A34                           loc_150: 
 0A34  46                       		inc	si 
 0A35  8A 04                    		mov	al,[si] 
 0A37  E8 0DEA R                		call	sub_39 
 0A3A  75 01                    		jnz	loc_151			; Jump if not zero 
                                		retn 
 0A3C  C3                     1                 db     0C3h
 0A3D                           loc_151: 
 0A3D  E9 0851 R                		jmp	loc_116 
 0A40                           loc_152: 
 0A40  F6 06 00C2 01            		test	byte ptr ds:[0C2h],1 
 0A45  74 B0                    		jz	loc_145			; Jump if zero 
Microsoft (R) Macro Assembler  Version 4.00                 3/29/26 15:13:40

                                                            Page     1-29
                                                            

 0A47  80 26 00C2 FD            		and	byte ptr ds:[0C2h],0FDh 
 0A4C  E8 0829 R                		call	sub_15 
 0A4F                           loc_153: 
 0A4F  E8 0DB6 R                		call	sub_37 
 0A52  83 C6 6D                 		add	si,6Dh 
 0A55  E8 0D87 R                		call	sub_34 
 0A58  8A 04                    		mov	al,[si] 
 0A5A  E8 0DEA R                		call	sub_39 
 0A5D  74 01                    		jz	loc_154			; Jump if zero 
                                		retn 
 0A5F  C3                     1                 db     0C3h
 0A60                           loc_154: 
 0A60  4E                       		dec	si 
 0A61  8A 04                    		mov	al,[si] 
 0A63  E8 0DEA R                		call	sub_39 
 0A66  75 01                    		jnz	loc_155			; Jump if not zero 
                                		retn 
 0A68  C3                     1                 db     0C3h
 0A69                           loc_155: 
 0A69  E9 06AA R                		jmp	loc_87 
                                 
                                ;ﬂﬂﬂﬂ External Entry into Subroutine ﬂﬂﬂﬂﬂﬂﬂﬂﬂﬂﬂﬂﬂﬂﬂﬂﬂﬂﬂﬂﬂﬂﬂﬂﬂﬂﬂﬂﬂﬂﬂﬂﬂﬂﬂﬂﬂﬂ 
                                 
 0A6C                           sub_19: 
 0A6C  C6 06 FF42 00            		mov	byte ptr ds:data_239e,0 
 0A71  E8 0DB6 R                		call	sub_37 
 0A74  83 C6 49                 		add	si,49h 
 0A77  E8 0D87 R                		call	sub_34 
 0A7A  E8 0BC9 R                		call	sub_24 
 0A7D  74 01                    		jz	loc_156			; Jump if zero 
                                		retn 
 0A7F  C3                     1                 db     0C3h
 0A80                           loc_156: 
 0A80  80 26 00C2 FD            		and	byte ptr ds:[0C2h],0FDh 
 0A85  88 16 FF42               		mov	ds:data_239e,dl 
 0A89  F6 06 9F0C FF            		test	byte ptr ds:data_151e,0FFh 
 0A8E  75 25                    		jnz	loc_161			; Jump if not zero 
 0A90  A0 9F16                  		mov	al,ds:data_158e 
 0A93  FE 06 9F16               		inc	byte ptr ds:data_158e 
 0A97  24 03                    		and	al,3 
 0A99  74 01                    		jz	loc_157			; Jump if zero 
                                		retn 
 0A9B  C3                     1                 db     0C3h
 0A9C                           loc_157: 
 0A9C  CD 61                    		int	61h			; ??INT Non-standard interrupt 
 0A9E  80 3E FF42 01            		cmp	byte ptr ds:data_239e,1 
 0AA3  74 08                    		je	loc_159			; Jump if equal 
 0AA5  A8 08                    		test	al,8 
 0AA7  74 01                    		jz	loc_158			; Jump if zero 
                                		retn 
 0AA9  C3                     1                 db     0C3h
 0AAA                           loc_158: 
 0AAA  E9 06AA R                		jmp	loc_87 
 0AAD                           loc_159: 
 0AAD  A8 04                    		test	al,4 
Microsoft (R) Macro Assembler  Version 4.00                 3/29/26 15:13:40

                                                            Page     1-30
                                                            

 0AAF  74 01                    		jz	loc_160			; Jump if zero 
                                		retn 
 0AB1  C3                     1                 db     0C3h
 0AB2                           loc_160: 
 0AB2  E9 0851 R                		jmp	loc_116 
 0AB5                           loc_161: 
 0AB5  A0 009E                  		mov	al,byte ptr ds:[9Eh] 
 0AB8  3C 03                    		cmp	al,3 
 0ABA  75 01                    		jne	loc_162			; Jump if not equal 
                                		retn 
 0ABC  C3                     1                 db     0C3h
 0ABD                           loc_162: 
 0ABD  FE 0E 9F0C               		dec	byte ptr ds:data_151e 
 0AC1  80 3E FF42 01            		cmp	byte ptr ds:data_239e,1 
 0AC6  75 03                    		jne	loc_163			; Jump if not equal 
 0AC8  E9 0851 R                		jmp	loc_116 
 0ACB                           loc_163: 
 0ACB  E9 06AA R                		jmp	loc_87 
                                 
                                ;ﬂﬂﬂﬂ External Entry into Subroutine ﬂﬂﬂﬂﬂﬂﬂﬂﬂﬂﬂﬂﬂﬂﬂﬂﬂﬂﬂﬂﬂﬂﬂﬂﬂﬂﬂﬂﬂﬂﬂﬂﬂﬂﬂﬂﬂﬂ 
                                 
 0ACE                           sub_20: 
 0ACE  C6 06 9F18 00            		mov	byte ptr ds:data_160e,0 
 0AD3  F6 06 FF42 FF            		test	byte ptr ds:data_239e,0FFh 
 0AD8  74 01                    		jz	loc_164			; Jump if zero 
                                		retn 
 0ADA  C3                     1                 db     0C3h
 0ADB                           loc_164: 
 0ADB  E8 1FDF R                		call	sub_78 
 0ADE  E8 0DB6 R                		call	sub_37 
 0AE1  83 C6 6D                 		add	si,6Dh 
 0AE4  E8 0D87 R                		call	sub_34 
 0AE7  E8 0BC2 R                		call	sub_23 
 0AEA  72 1D                    		jc	loc_166			; Jump if carry Set 
 0AEC  F6 06 FF39 FF            		test	byte ptr ds:data_231e,0FFh 
 0AF1  74 0B                    		jz	loc_165			; Jump if zero 
 0AF3  C6 06 FF39 80            		mov	byte ptr ds:data_231e,80h 
 0AF8  C6 06 FF3D 80            		mov	byte ptr ds:data_234e,80h 
                                		retn 
 0AFD  C3                     1                 db     0C3h
 0AFE                           loc_165: 
 0AFE  C6 06 9F0A 00            		mov	byte ptr ds:data_149e,0 
 0B03  C6 06 FF38 FF            		mov	byte ptr ds:data_230e,0FFh 
                                		retn 
 0B08  C3                     1                 db     0C3h
 0B09                           loc_166: 
 0B09  E8 0DB6 R                		call	sub_37 
 0B0C  83 C6 6D                 		add	si,6Dh 
 0B0F  E8 0D87 R                		call	sub_34 
 0B12  FE 06 00E7               		inc	byte ptr ds:[0E7h] 
 0B16  8A 04                    		mov	al,[si] 
 0B18  E8 0DEA R                		call	sub_39 
 0B1B  74 06                    		jz	loc_167			; Jump if zero 
 0B1D  80 0E 00E7 01            		or	byte ptr ds:[0E7h],1 
                                		retn 
Microsoft (R) Macro Assembler  Version 4.00                 3/29/26 15:13:40

                                                            Page     1-31
                                                            

 0B22  C3                     1                 db     0C3h
 0B23                           loc_167: 
 0B23  E8 0B33 R                		call	sub_21 
 0B26  E8 0FA0 R                		call	sub_44 
 0B29  F6 06 00E7 01            		test	byte ptr ds:[0E7h],1 
 0B2E  74 01                    		jz	loc_168			; Jump if zero 
                                		retn 
 0B30  C3                     1                 db     0C3h
 0B31                           loc_168: 
 0B31  EB D6                    		jmp	short loc_166 
                                 
                                ;ﬂﬂﬂﬂ External Entry into Subroutine ﬂﬂﬂﬂﬂﬂﬂﬂﬂﬂﬂﬂﬂﬂﬂﬂﬂﬂﬂﬂﬂﬂﬂﬂﬂﬂﬂﬂﬂﬂﬂﬂﬂﬂﬂﬂﬂﬂ 
                                 
 0B33                           sub_21: 
 0B33                           loc_169: 
 0B33  FE 06 0082               		inc	byte ptr ds:[82h] 
 0B37  8B 36 FF31               		mov	si,ds:data_224e 
 0B3B  83 C6 24                 		add	si,24h 
 0B3E  E8 0D87 R                		call	sub_34 
 0B41  89 36 FF31               		mov	ds:data_224e,si 
                                		retn 
 0B45  C3                     1                 db     0C3h
 0B46                           loc_170: 
 0B46  A0 FF3D                  		mov	al,ds:data_234e 
 0B49  34 7F                    		xor	al,7Fh 
 0B4B  74 01                    		jz	loc_171			; Jump if zero 
                                		retn 
 0B4D  C3                     1                 db     0C3h
 0B4E                           loc_171: 
 0B4E  58                       		pop	ax 
 0B4F  8A 16 9F08               		mov	dl,ds:data_147e 
 0B53  C6 06 FF3D 00            		mov	byte ptr ds:data_234e,0 
 0B58  C6 06 9F0A 00            		mov	byte ptr ds:data_149e,0 
 0B5D  C6 06 9F08 00            		mov	byte ptr ds:data_147e,0 
 0B62  C6 06 00E7 80            		mov	byte ptr ds:[0E7h],80h 
 0B67  F6 06 FF42 FF            		test	byte ptr ds:data_239e,0FFh 
 0B6C  74 01                    		jz	loc_172			; Jump if zero 
                                		retn 
 0B6E  C3                     1                 db     0C3h
 0B6F                           loc_172: 
 0B6F  80 FA 02                 		cmp	dl,2 
 0B72  73 01                    		jae	loc_173			; Jump if above or = 
                                		retn 
 0B74  C3                     1                 db     0C3h
 0B75                           loc_173: 
 0B75  C6 06 FF38 FF            		mov	byte ptr ds:data_230e,0FFh 
                                		retn 
 0B7A  C3                     1                 db     0C3h
                                sub_18		endp 
                                 
                                 
                                ;ﬂﬂﬂﬂﬂﬂﬂﬂﬂﬂﬂﬂﬂﬂﬂﬂﬂﬂﬂﬂﬂﬂﬂﬂﬂﬂﬂﬂﬂﬂﬂﬂﬂﬂﬂﬂﬂﬂﬂﬂﬂﬂﬂﬂﬂﬂﬂﬂﬂﬂﬂﬂﬂﬂﬂﬂﬂﬂﬂﬂﬂﬂﬂﬂﬂﬂﬂﬂﬂﬂﬂﬂﬂﬂ 
                                ;                              SUBROUTINE 
                                ;‹‹‹‹‹‹‹‹‹‹‹‹‹‹‹‹‹‹‹‹‹‹‹‹‹‹‹‹‹‹‹‹‹‹‹‹‹‹‹‹‹‹‹‹‹‹‹‹‹‹‹‹‹‹‹‹‹‹‹‹‹‹‹‹‹‹‹‹‹‹‹‹‹‹ 
                                 
Microsoft (R) Macro Assembler  Version 4.00                 3/29/26 15:13:40

                                                            Page     1-32
                                                            

 0B7B                           sub_22		proc	near 
 0B7B  E8 0DB6 R                		call	sub_37 
 0B7E  83 C6 6D                 		add	si,6Dh 
 0B81  E8 0D87 R                		call	sub_34 
 0B84  8B FE                    		mov	di,si 
 0B86  E8 0DD0 R                		call	sub_38 
 0B89  02 C0                    		add	al,al 
 0B8B  73 01                    		jnc	loc_174			; Jump if carry=0 
                                		retn 
 0B8D  C3                     1                 db     0C3h
 0B8E                           loc_174: 
 0B8E  4E                       		dec	si 
 0B8F  E8 0DD0 R                		call	sub_38 
 0B92  02 C0                    		add	al,al 
 0B94  73 01                    		jnc	loc_175			; Jump if carry=0 
                                		retn 
 0B96  C3                     1                 db     0C3h
 0B97                           loc_175: 
 0B97  8B F7                    		mov	si,di 
 0B99  8A 04                    		mov	al,[si] 
 0B9B  E8 0E20 R                		call	sub_41 
 0B9E  F9                       		stc				; Set carry flag 
 0B9F  74 01                    		jz	loc_176			; Jump if zero 
                                		retn 
 0BA1  C3                     1                 db     0C3h
 0BA2                           loc_176: 
 0BA2  80 3E 00E7 80            		cmp	byte ptr ds:[0E7h],80h 
 0BA7  F8                       		clc				; Clear carry flag 
 0BA8  75 01                    		jnz	loc_177			; Jump if not zero 
                                		retn 
 0BAA  C3                     1                 db     0C3h
 0BAB                           loc_177: 
 0BAB  4E                       		dec	si 
 0BAC  8A 04                    		mov	al,[si] 
 0BAE  E8 0E20 R                		call	sub_41 
 0BB1  F8                       		clc				; Clear carry flag 
 0BB2  75 01                    		jnz	loc_178			; Jump if not zero 
                                		retn 
 0BB4  C3                     1                 db     0C3h
 0BB5                           loc_178: 
 0BB5  46                       		inc	si 
 0BB6  46                       		inc	si 
 0BB7  8A 04                    		mov	al,[si] 
 0BB9  E8 0E20 R                		call	sub_41 
 0BBC  F9                       		stc				; Set carry flag 
 0BBD  74 01                    		jz	loc_179			; Jump if zero 
                                		retn 
 0BBF  C3                     1                 db     0C3h
 0BC0                           loc_179: 
 0BC0  F8                       		clc				; Clear carry flag 
                                		retn 
 0BC1  C3                     1                 db     0C3h
                                sub_22		endp 
                                 
                                 
Microsoft (R) Macro Assembler  Version 4.00                 3/29/26 15:13:40

                                                            Page     1-33
                                                            

                                ;ﬂﬂﬂﬂﬂﬂﬂﬂﬂﬂﬂﬂﬂﬂﬂﬂﬂﬂﬂﬂﬂﬂﬂﬂﬂﬂﬂﬂﬂﬂﬂﬂﬂﬂﬂﬂﬂﬂﬂﬂﬂﬂﬂﬂﬂﬂﬂﬂﬂﬂﬂﬂﬂﬂﬂﬂﬂﬂﬂﬂﬂﬂﬂﬂﬂﬂﬂﬂﬂﬂﬂﬂﬂﬂ 
                                ;                              SUBROUTINE 
                                ;‹‹‹‹‹‹‹‹‹‹‹‹‹‹‹‹‹‹‹‹‹‹‹‹‹‹‹‹‹‹‹‹‹‹‹‹‹‹‹‹‹‹‹‹‹‹‹‹‹‹‹‹‹‹‹‹‹‹‹‹‹‹‹‹‹‹‹‹‹‹‹‹‹‹ 
                                 
 0BC2                           sub_23		proc	near 
 0BC2  8A 04                    		mov	al,[si] 
 0BC4  FE C8                    		dec	al 
 0BC6  3C 02                    		cmp	al,2 
                                		retn 
 0BC8  C3                     1                 db     0C3h
                                sub_23		endp 
                                 
                                 
                                ;ﬂﬂﬂﬂﬂﬂﬂﬂﬂﬂﬂﬂﬂﬂﬂﬂﬂﬂﬂﬂﬂﬂﬂﬂﬂﬂﬂﬂﬂﬂﬂﬂﬂﬂﬂﬂﬂﬂﬂﬂﬂﬂﬂﬂﬂﬂﬂﬂﬂﬂﬂﬂﬂﬂﬂﬂﬂﬂﬂﬂﬂﬂﬂﬂﬂﬂﬂﬂﬂﬂﬂﬂﬂﬂ 
                                ;                              SUBROUTINE 
                                ;‹‹‹‹‹‹‹‹‹‹‹‹‹‹‹‹‹‹‹‹‹‹‹‹‹‹‹‹‹‹‹‹‹‹‹‹‹‹‹‹‹‹‹‹‹‹‹‹‹‹‹‹‹‹‹‹‹‹‹‹‹‹‹‹‹‹‹‹‹‹‹‹‹‹ 
                                 
 0BC9                           sub_24		proc	near 
 0BC9  2E: 8E 06 FF2C           		mov	es,cs:data_220e 
 0BCE  8A 04                    		mov	al,[si] 
 0BD0  BF 8018                  		mov	di,data_2e 
 0BD3  B2 02                    		mov	dl,2 
 0BD5  B9 0004                  		mov	cx,4 
                                 
 0BD8                           locloop_180: 
 0BD8  26: F6 05 FF             		test	byte ptr es:[di],0FFh 
 0BDC  74 09                    		jz	loc_182			; Jump if zero 
 0BDE  26: 3A 05                		cmp	al,es:[di] 
 0BE1  75 01                    		jne	loc_181			; Jump if not equal 
                                		retn 
 0BE3  C3                     1                 db     0C3h
 0BE4                           loc_181: 
 0BE4  47                       		inc	di 
 0BE5  E2 F1                    		loop	locloop_180		; Loop if cx > 0 
                                 
 0BE7                           loc_182: 
 0BE7  BF 801C                  		mov	di,data_3e 
 0BEA  B2 01                    		mov	dl,1 
 0BEC  B9 0004                  		mov	cx,4 
                                 
 0BEF                           locloop_183: 
 0BEF  26: F6 05 FF             		test	byte ptr es:[di],0FFh 
 0BF3  74 09                    		jz	loc_185			; Jump if zero 
 0BF5  26: 3A 05                		cmp	al,es:[di] 
 0BF8  75 01                    		jne	loc_184			; Jump if not equal 
                                		retn 
 0BFA  C3                     1                 db     0C3h
 0BFB                           loc_184: 
 0BFB  47                       		inc	di 
 0BFC  E2 F1                    		loop	locloop_183		; Loop if cx > 0 
                                 
                                 
                                ;ﬂﬂﬂﬂ External Entry into Subroutine ﬂﬂﬂﬂﬂﬂﬂﬂﬂﬂﬂﬂﬂﬂﬂﬂﬂﬂﬂﬂﬂﬂﬂﬂﬂﬂﬂﬂﬂﬂﬂﬂﬂﬂﬂﬂﬂﬂ 
                                 
 0BFE                           sub_25: 
Microsoft (R) Macro Assembler  Version 4.00                 3/29/26 15:13:40

                                                            Page     1-34
                                                            

 0BFE                           loc_185: 
 0BFE  0A D2                    		or	dl,dl			; Zero ? 
                                		retn 
 0C00  C3                     1                 db     0C3h
                                sub_24		endp 
                                 
                                 
                                ;ﬂﬂﬂﬂﬂﬂﬂﬂﬂﬂﬂﬂﬂﬂﬂﬂﬂﬂﬂﬂﬂﬂﬂﬂﬂﬂﬂﬂﬂﬂﬂﬂﬂﬂﬂﬂﬂﬂﬂﬂﬂﬂﬂﬂﬂﬂﬂﬂﬂﬂﬂﬂﬂﬂﬂﬂﬂﬂﬂﬂﬂﬂﬂﬂﬂﬂﬂﬂﬂﬂﬂﬂﬂﬂ 
                                ;                              SUBROUTINE 
                                ;‹‹‹‹‹‹‹‹‹‹‹‹‹‹‹‹‹‹‹‹‹‹‹‹‹‹‹‹‹‹‹‹‹‹‹‹‹‹‹‹‹‹‹‹‹‹‹‹‹‹‹‹‹‹‹‹‹‹‹‹‹‹‹‹‹‹‹‹‹‹‹‹‹‹ 
                                 
 0C01                           sub_26		proc	near 
 0C01  8B 36 C00C               		mov	si,ds:data_193e 
 0C05                           loc_186: 
 0C05  8B 3C                    		mov	di,[si] 
 0C07  83 FF FF                 		cmp	di,0FFFFh 
 0C0A  75 01                    		jne	loc_187			; Jump if not equal 
                                		retn 
 0C0C  C3                     1                 db     0C3h
 0C0D                           loc_187: 
 0C0D  83 C6 03                 		add	si,3 
 0C10  8A 44 FF                 		mov	al,[si-1] 
 0C13  22 05                    		and	al,[di] 
 0C15  75 0C                    		jnz	loc_189			; Jump if not zero 
 0C17                           loc_188: 
 0C17  8B 3C                    		mov	di,[si] 
 0C19  83 FF FF                 		cmp	di,0FFFFh 
 0C1C  74 16                    		je	loc_190			; Jump if equal 
 0C1E  83 C6 04                 		add	si,4 
 0C21  EB F4                    		jmp	short loc_188 
 0C23                           loc_189: 
 0C23  8B 3C                    		mov	di,[si] 
 0C25  83 FF FF                 		cmp	di,0FFFFh 
 0C28  74 0A                    		je	loc_190			; Jump if equal 
 0C2A  8B 44 02                 		mov	ax,[si+2] 
 0C2D  89 05                    		mov	[di],ax 
 0C2F  83 C6 04                 		add	si,4 
 0C32  EB EF                    		jmp	short loc_189 
 0C34                           loc_190: 
 0C34  46                       		inc	si 
 0C35  46                       		inc	si 
 0C36  EB CD                    		jmp	short loc_186 
                                sub_26		endp 
                                 
                                 
                                ;ﬂﬂﬂﬂﬂﬂﬂﬂﬂﬂﬂﬂﬂﬂﬂﬂﬂﬂﬂﬂﬂﬂﬂﬂﬂﬂﬂﬂﬂﬂﬂﬂﬂﬂﬂﬂﬂﬂﬂﬂﬂﬂﬂﬂﬂﬂﬂﬂﬂﬂﬂﬂﬂﬂﬂﬂﬂﬂﬂﬂﬂﬂﬂﬂﬂﬂﬂﬂﬂﬂﬂﬂﬂﬂ 
                                ;                              SUBROUTINE 
                                ;‹‹‹‹‹‹‹‹‹‹‹‹‹‹‹‹‹‹‹‹‹‹‹‹‹‹‹‹‹‹‹‹‹‹‹‹‹‹‹‹‹‹‹‹‹‹‹‹‹‹‹‹‹‹‹‹‹‹‹‹‹‹‹‹‹‹‹‹‹‹‹‹‹‹ 
                                 
 0C38                           sub_27		proc	near 
 0C38  BE 6C44                  		mov	si,6C44h 
 0C3B  2E: FF 16 200E           		call	word ptr cs:[200Eh] 
 0C40  BE 6C4C                  		mov	si,6C4Ch 
 0C43  2E: FF 16 200E           		call	word ptr cs:[200Eh] 
                                		retn 
Microsoft (R) Macro Assembler  Version 4.00                 3/29/26 15:13:40

                                                            Page     1-35
                                                            

 0C48  C3                     1                 db     0C3h
                                sub_27		endp 
                                 
                                			                        ;* No entry point to code 
 0C49  0D 01BB                  		or	ax,1BBh 
 0C4C  04 47                    		add	al,47h			; 'G' 
 0C4E  4F                       		dec	di 
 0C4F  4C                       		dec	sp 
 0C50  44                       		inc	sp 
 0C51  0D 01AF                  		or	ax,1AFh 
 0C54  05 4C50                  		add	ax,4C50h 
 0C57  41                       		inc	cx 
 0C58  43                       		inc	bx 
 0C59  45                       		inc	bp 
                                 
                                ;ﬂﬂﬂﬂﬂﬂﬂﬂﬂﬂﬂﬂﬂﬂﬂﬂﬂﬂﬂﬂﬂﬂﬂﬂﬂﬂﬂﬂﬂﬂﬂﬂﬂﬂﬂﬂﬂﬂﬂﬂﬂﬂﬂﬂﬂﬂﬂﬂﬂﬂﬂﬂﬂﬂﬂﬂﬂﬂﬂﬂﬂﬂﬂﬂﬂﬂﬂﬂﬂﬂﬂﬂﬂﬂ 
                                ;                              SUBROUTINE 
                                ;‹‹‹‹‹‹‹‹‹‹‹‹‹‹‹‹‹‹‹‹‹‹‹‹‹‹‹‹‹‹‹‹‹‹‹‹‹‹‹‹‹‹‹‹‹‹‹‹‹‹‹‹‹‹‹‹‹‹‹‹‹‹‹‹‹‹‹‹‹‹‹‹‹‹ 
                                 
 0C5A                           sub_28		proc	near 
 0C5A  BB 0210                  		mov	bx,210h 
 0C5D  32 C0                    		xor	al,al			; Zero register 
 0C5F  B5 21                    		mov	ch,21h			; '!' 
 0C61  2E: FF 16 2004           		call	word ptr cs:[2004h] 
 0C66  BB 2310                  		mov	bx,2310h 
 0C69  B0 80                    		mov	al,80h 
 0C6B  B5 67                    		mov	ch,67h			; 'g' 
 0C6D  2E: FF 16 2004           		call	word ptr cs:[2004h] 
 0C72  BB 0AA9                  		mov	bx,0AA9h 
 0C75  BA 0AB5                  		mov	dx,0AB5h 
 0C78  B9 0E03                  		mov	cx,0E03h 
 0C7B  2E: FF 16 202C           		call	word ptr cs:[202Ch] 
 0C80  BB 021C                  		mov	bx,21Ch 
 0C83  32 C0                    		xor	al,al			; Zero register 
 0C85  B5 42                    		mov	ch,42h			; 'B' 
 0C87  2E: FF 16 2004           		call	word ptr cs:[2004h] 
 0C8C  BE 6C8F                  		mov	si,6C8Fh 
 0C8F  2E: FF 26 200E           		jmp	word ptr cs:[200Eh] 
                                sub_28		endp 
                                 
                                			                        ;* No entry point to code 
 0C94  0D 02AF                  		or	ax,2AFh 
 0C97  05 4E45                  		add	ax,4E45h 
 0C9A  45                       		inc	bp 
 0C9B  4D                       		dec	bp 
 0C9C  59                       		pop	cx 
                                 
                                ;ﬂﬂﬂﬂﬂﬂﬂﬂﬂﬂﬂﬂﬂﬂﬂﬂﬂﬂﬂﬂﬂﬂﬂﬂﬂﬂﬂﬂﬂﬂﬂﬂﬂﬂﬂﬂﬂﬂﬂﬂﬂﬂﬂﬂﬂﬂﬂﬂﬂﬂﬂﬂﬂﬂﬂﬂﬂﬂﬂﬂﬂﬂﬂﬂﬂﬂﬂﬂﬂﬂﬂﬂﬂﬂ 
                                ;                              SUBROUTINE 
                                ;‹‹‹‹‹‹‹‹‹‹‹‹‹‹‹‹‹‹‹‹‹‹‹‹‹‹‹‹‹‹‹‹‹‹‹‹‹‹‹‹‹‹‹‹‹‹‹‹‹‹‹‹‹‹‹‹‹‹‹‹‹‹‹‹‹‹‹‹‹‹‹‹‹‹ 
                                 
 0C9D                           sub_29		proc	near 
 0C9D  BE C01B                  		mov	si,data_202e 
 0CA0  8B 0E 0080               		mov	cx,word ptr ds:[80h] 
 0CA4  0B C9                    		or	cx,cx			; Zero ? 
Microsoft (R) Macro Assembler  Version 4.00                 3/29/26 15:13:40

                                                            Page     1-36
                                                            

 0CA6  74 0F                    		jz	loc_193			; Jump if zero 
                                 
 0CA8                           locloop_191: 
 0CA8  32 F6                    		xor	dh,dh			; Zero register 
 0CAA                           loc_192: 
 0CAA  E8 0CF2 R                		call	sub_30 
 0CAD  46                       		inc	si 
 0CAE  02 F7                    		add	dh,bh 
 0CB0  80 FE 40                 		cmp	dh,40h			; '@' 
 0CB3  72 F5                    		jb	loc_192			; Jump if below 
 0CB5  E2 F1                    		loop	locloop_191		; Loop if cx > 0 
                                 
 0CB7                           loc_193: 
 0CB7  89 36 9F03               		mov	ds:data_144e,si 
 0CBB  BF E000                  		mov	di,0E000h 
 0CBE  A1 0080                  		mov	ax,word ptr ds:[80h] 
 0CC1  B9 0024                  		mov	cx,24h 
                                 
 0CC4                           locloop_194: 
 0CC4  57                       		push	di 
 0CC5  E8 0D5C R                		call	sub_32 
 0CC8  5F                       		pop	di 
 0CC9  47                       		inc	di 
 0CCA  40                       		inc	ax 
 0CCB  3B 06 C002               		cmp	ax,ds:data_188e 
 0CCF  75 05                    		jne	loc_195			; Jump if not equal 
 0CD1  BE C01B                  		mov	si,0C01Bh 
 0CD4  33 C0                    		xor	ax,ax			; Zero register 
 0CD6                           loc_195: 
 0CD6  E2 EC                    		loop	locloop_194		; Loop if cx > 0 
                                 
 0CD8  0B C0                    		or	ax,ax			; Zero ? 
 0CDA  75 04                    		jnz	loc_196			; Jump if not zero 
 0CDC  8B 36 C019               		mov	si,ds:data_201e 
 0CE0                           loc_196: 
 0CE0  4E                       		dec	si 
 0CE1  89 36 9F05               		mov	ds:data_145e,si 
 0CE5  A0 0082                  		mov	al,byte ptr ds:[82h] 
 0CE8  32 E4                    		xor	ah,ah			; Zero register 
 0CEA  E8 0D73 R                		call	sub_33 
 0CED  89 3E FF31               		mov	ds:data_224e,di 
                                		retn 
 0CF1  C3                     1                 db     0C3h
                                sub_29		endp 
                                 
                                 
                                ;ﬂﬂﬂﬂﬂﬂﬂﬂﬂﬂﬂﬂﬂﬂﬂﬂﬂﬂﬂﬂﬂﬂﬂﬂﬂﬂﬂﬂﬂﬂﬂﬂﬂﬂﬂﬂﬂﬂﬂﬂﬂﬂﬂﬂﬂﬂﬂﬂﬂﬂﬂﬂﬂﬂﬂﬂﬂﬂﬂﬂﬂﬂﬂﬂﬂﬂﬂﬂﬂﬂﬂﬂﬂﬂ 
                                ;                              SUBROUTINE 
                                ;‹‹‹‹‹‹‹‹‹‹‹‹‹‹‹‹‹‹‹‹‹‹‹‹‹‹‹‹‹‹‹‹‹‹‹‹‹‹‹‹‹‹‹‹‹‹‹‹‹‹‹‹‹‹‹‹‹‹‹‹‹‹‹‹‹‹‹‹‹‹‹‹‹‹ 
                                 
 0CF2                           sub_30		proc	near 
 0CF2  8A 1C                    		mov	bl,[si] 
 0CF4  80 E3 C0                 		and	bl,0C0h 
 0CF7  D0 C3                    		rol	bl,1			; Rotate 
 0CF9  D0 C3                    		rol	bl,1			; Rotate 
Microsoft (R) Macro Assembler  Version 4.00                 3/29/26 15:13:40

                                                            Page     1-37
                                                            

 0CFB  32 FF                    		xor	bh,bh			; Zero register 
 0CFD  03 DB                    		add	bx,bx 
 0CFF  FF A7 6CFE               		jmp	word ptr ds:data_97e[bx]	;* 
                                sub_30		endp 
                                 
                                			                        ;* No entry point to code 
 0D03  1F                       		pop	ds 
 0D04  6D 2F 6D 47 6D 4F        		db	 6Dh, 2Fh, 6Dh, 47h, 6Dh, 4Fh 
 0D0A  6D                       		db	 6Dh 
                                 
                                ;ﬂﬂﬂﬂﬂﬂﬂﬂﬂﬂﬂﬂﬂﬂﬂﬂﬂﬂﬂﬂﬂﬂﬂﬂﬂﬂﬂﬂﬂﬂﬂﬂﬂﬂﬂﬂﬂﬂﬂﬂﬂﬂﬂﬂﬂﬂﬂﬂﬂﬂﬂﬂﬂﬂﬂﬂﬂﬂﬂﬂﬂﬂﬂﬂﬂﬂﬂﬂﬂﬂﬂﬂﬂﬂ 
                                ;                              SUBROUTINE 
                                ;‹‹‹‹‹‹‹‹‹‹‹‹‹‹‹‹‹‹‹‹‹‹‹‹‹‹‹‹‹‹‹‹‹‹‹‹‹‹‹‹‹‹‹‹‹‹‹‹‹‹‹‹‹‹‹‹‹‹‹‹‹‹‹‹‹‹‹‹‹‹‹‹‹‹ 
                                 
 0D0B                           sub_31		proc	near 
 0D0B  8A 1C                    		mov	bl,[si] 
 0D0D  80 E3 C0                 		and	bl,0C0h 
 0D10  D0 C3                    		rol	bl,1			; Rotate 
 0D12  D0 C3                    		rol	bl,1			; Rotate 
 0D14  32 FF                    		xor	bh,bh			; Zero register 
 0D16  03 DB                    		add	bx,bx 
 0D18  FF A7 6D17               		jmp	word ptr ds:data_98e[bx]	;* 
                                sub_31		endp 
                                 
                                			                        ;* No entry point to code 
 0D1C  27                       		daa				; Decimal adjust 
 0D1D  6D 2F 6D 47 6D 4F        		db	 6Dh, 2Fh, 6Dh, 47h, 6Dh, 4Fh 
 0D23  6D 8A 3C FE C7 46        		db	 6Dh, 8Ah, 3Ch,0FEh,0C7h, 46h 
 0D29  8A 1C C3 8A 1C 4E        		db	 8Ah, 1Ch,0C3h, 8Ah, 1Ch, 4Eh 
 0D2F  8A 3C FE C7 C3 8A        		db	 8Ah, 3Ch,0FEh,0C7h,0C3h, 8Ah 
 0D35  1C 8A FB D0 EF D0        		db	 1Ch, 8Ah,0FBh,0D0h,0EFh,0D0h 
 0D3B  EF D0 EF D0 EF 80        		db	0EFh,0D0h,0EFh,0D0h,0EFh, 80h 
 0D41  E7 03 80 C7 02 80        		db	0E7h, 03h, 80h,0C7h, 02h, 80h 
 0D47  E3 0F FE C3 C3 8A        		db	0E3h, 0Fh,0FEh,0C3h,0C3h, 8Ah 
 0D4D  3C 80 E7 3F 32 DB        		db	 3Ch, 80h,0E7h, 3Fh, 32h,0DBh 
 0D53  C3 8A 1C 80 E3 3F        		db	0C3h, 8Ah, 1Ch, 80h,0E3h, 3Fh 
 0D59  B7 01 C3                 		db	0B7h, 01h,0C3h 
                                 
                                ;ﬂﬂﬂﬂﬂﬂﬂﬂﬂﬂﬂﬂﬂﬂﬂﬂﬂﬂﬂﬂﬂﬂﬂﬂﬂﬂﬂﬂﬂﬂﬂﬂﬂﬂﬂﬂﬂﬂﬂﬂﬂﬂﬂﬂﬂﬂﬂﬂﬂﬂﬂﬂﬂﬂﬂﬂﬂﬂﬂﬂﬂﬂﬂﬂﬂﬂﬂﬂﬂﬂﬂﬂﬂﬂ 
                                ;                              SUBROUTINE 
                                ;‹‹‹‹‹‹‹‹‹‹‹‹‹‹‹‹‹‹‹‹‹‹‹‹‹‹‹‹‹‹‹‹‹‹‹‹‹‹‹‹‹‹‹‹‹‹‹‹‹‹‹‹‹‹‹‹‹‹‹‹‹‹‹‹‹‹‹‹‹‹‹‹‹‹ 
                                 
 0D5C                           sub_32		proc	near 
 0D5C  32 D2                    		xor	dl,dl			; Zero register 
 0D5E                           loc_197: 
 0D5E  E8 0CF2 R                		call	sub_30 
 0D61  46                       		inc	si 
 0D62  02 D7                    		add	dl,bh 
 0D64                           loc_198: 
 0D64  88 1D                    		mov	[di],bl 
 0D66  83 C7 24                 		add	di,24h 
 0D69  FE CF                    		dec	bh 
 0D6B  75 F7                    		jnz	loc_198			; Jump if not zero 
 0D6D  80 FA 40                 		cmp	dl,40h			; '@' 
 0D70  72 EC                    		jb	loc_197			; Jump if below 
Microsoft (R) Macro Assembler  Version 4.00                 3/29/26 15:13:40

                                                            Page     1-38
                                                            

                                		retn 
 0D72  C3                     1                 db     0C3h
                                sub_32		endp 
                                 
                                 
                                ;ﬂﬂﬂﬂﬂﬂﬂﬂﬂﬂﬂﬂﬂﬂﬂﬂﬂﬂﬂﬂﬂﬂﬂﬂﬂﬂﬂﬂﬂﬂﬂﬂﬂﬂﬂﬂﬂﬂﬂﬂﬂﬂﬂﬂﬂﬂﬂﬂﬂﬂﬂﬂﬂﬂﬂﬂﬂﬂﬂﬂﬂﬂﬂﬂﬂﬂﬂﬂﬂﬂﬂﬂﬂﬂ 
                                ;                              SUBROUTINE 
                                ;‹‹‹‹‹‹‹‹‹‹‹‹‹‹‹‹‹‹‹‹‹‹‹‹‹‹‹‹‹‹‹‹‹‹‹‹‹‹‹‹‹‹‹‹‹‹‹‹‹‹‹‹‹‹‹‹‹‹‹‹‹‹‹‹‹‹‹‹‹‹‹‹‹‹ 
                                 
 0D73                           sub_33		proc	near 
 0D73  53                       		push	bx 
 0D74  24 3F                    		and	al,3Fh			; '?' 
 0D76  8A DC                    		mov	bl,ah 
 0D78  B7 24                    		mov	bh,24h			; '$' 
 0D7A  F6 E7                    		mul	bh			; ax = reg * al 
 0D7C  32 FF                    		xor	bh,bh			; Zero register 
 0D7E  03 C3                    		add	ax,bx 
 0D80  05 E000                  		add	ax,0E000h 
 0D83  8B F8                    		mov	di,ax 
 0D85  5B                       		pop	bx 
                                		retn 
 0D86  C3                     1                 db     0C3h
                                sub_33		endp 
                                 
                                 
                                ;ﬂﬂﬂﬂﬂﬂﬂﬂﬂﬂﬂﬂﬂﬂﬂﬂﬂﬂﬂﬂﬂﬂﬂﬂﬂﬂﬂﬂﬂﬂﬂﬂﬂﬂﬂﬂﬂﬂﬂﬂﬂﬂﬂﬂﬂﬂﬂﬂﬂﬂﬂﬂﬂﬂﬂﬂﬂﬂﬂﬂﬂﬂﬂﬂﬂﬂﬂﬂﬂﬂﬂﬂﬂﬂ 
                                ;                              SUBROUTINE 
                                ;‹‹‹‹‹‹‹‹‹‹‹‹‹‹‹‹‹‹‹‹‹‹‹‹‹‹‹‹‹‹‹‹‹‹‹‹‹‹‹‹‹‹‹‹‹‹‹‹‹‹‹‹‹‹‹‹‹‹‹‹‹‹‹‹‹‹‹‹‹‹‹‹‹‹ 
                                 
 0D87                           sub_34		proc	near 
 0D87                           loc_199: 
 0D87  81 FE E900               		cmp	si,0E900h 
 0D8B  73 01                    		jae	loc_200			; Jump if above or = 
                                		retn 
 0D8D  C3                     1                 db     0C3h
 0D8E                           loc_200: 
 0D8E  81 EE 0900               		sub	si,900h 
                                		retn 
 0D92  C3                     1                 db     0C3h
                                sub_34		endp 
                                 
                                 
                                ;ﬂﬂﬂﬂﬂﬂﬂﬂﬂﬂﬂﬂﬂﬂﬂﬂﬂﬂﬂﬂﬂﬂﬂﬂﬂﬂﬂﬂﬂﬂﬂﬂﬂﬂﬂﬂﬂﬂﬂﬂﬂﬂﬂﬂﬂﬂﬂﬂﬂﬂﬂﬂﬂﬂﬂﬂﬂﬂﬂﬂﬂﬂﬂﬂﬂﬂﬂﬂﬂﬂﬂﬂﬂﬂ 
                                ;                              SUBROUTINE 
                                ;‹‹‹‹‹‹‹‹‹‹‹‹‹‹‹‹‹‹‹‹‹‹‹‹‹‹‹‹‹‹‹‹‹‹‹‹‹‹‹‹‹‹‹‹‹‹‹‹‹‹‹‹‹‹‹‹‹‹‹‹‹‹‹‹‹‹‹‹‹‹‹‹‹‹ 
                                 
 0D93                           sub_35		proc	near 
 0D93  81 FE E000               		cmp	si,0E000h 
 0D97  72 01                    		jb	loc_201			; Jump if below 
                                		retn 
 0D99  C3                     1                 db     0C3h
 0D9A                           loc_201: 
 0D9A  81 C6 0900               		add	si,900h 
                                		retn 
 0D9E  C3                     1                 db     0C3h
Microsoft (R) Macro Assembler  Version 4.00                 3/29/26 15:13:40

                                                            Page     1-39
                                                            

                                sub_35		endp 
                                 
                                 
                                ;ﬂﬂﬂﬂﬂﬂﬂﬂﬂﬂﬂﬂﬂﬂﬂﬂﬂﬂﬂﬂﬂﬂﬂﬂﬂﬂﬂﬂﬂﬂﬂﬂﬂﬂﬂﬂﬂﬂﬂﬂﬂﬂﬂﬂﬂﬂﬂﬂﬂﬂﬂﬂﬂﬂﬂﬂﬂﬂﬂﬂﬂﬂﬂﬂﬂﬂﬂﬂﬂﬂﬂﬂﬂﬂ 
                                ;                              SUBROUTINE 
                                ;‹‹‹‹‹‹‹‹‹‹‹‹‹‹‹‹‹‹‹‹‹‹‹‹‹‹‹‹‹‹‹‹‹‹‹‹‹‹‹‹‹‹‹‹‹‹‹‹‹‹‹‹‹‹‹‹‹‹‹‹‹‹‹‹‹‹‹‹‹‹‹‹‹‹ 
                                 
 0D9F                           sub_36		proc	near 
 0D9F  80 3E C012 04            		cmp	byte ptr ds:data_196e,4 
 0DA4  74 01                    		je	loc_202			; Jump if equal 
                                		retn 
 0DA6  C3                     1                 db     0C3h
 0DA7                           loc_202: 
 0DA7  80 3E 009E 04            		cmp	byte ptr ds:[9Eh],4 
 0DAC  75 05                    		jne	loc_203			; Jump if not equal 
 0DAE  B0 FF                    		mov	al,0FFh 
 0DB0  0A C0                    		or	al,al			; Zero ? 
                                		retn 
 0DB2  C3                     1                 db     0C3h
 0DB3                           loc_203: 
 0DB3  32 C0                    		xor	al,al			; Zero register 
                                		retn 
 0DB5  C3                     1                 db     0C3h
                                sub_36		endp 
                                 
                                 
                                ;ﬂﬂﬂﬂﬂﬂﬂﬂﬂﬂﬂﬂﬂﬂﬂﬂﬂﬂﬂﬂﬂﬂﬂﬂﬂﬂﬂﬂﬂﬂﬂﬂﬂﬂﬂﬂﬂﬂﬂﬂﬂﬂﬂﬂﬂﬂﬂﬂﬂﬂﬂﬂﬂﬂﬂﬂﬂﬂﬂﬂﬂﬂﬂﬂﬂﬂﬂﬂﬂﬂﬂﬂﬂﬂ 
                                ;                              SUBROUTINE 
                                ;‹‹‹‹‹‹‹‹‹‹‹‹‹‹‹‹‹‹‹‹‹‹‹‹‹‹‹‹‹‹‹‹‹‹‹‹‹‹‹‹‹‹‹‹‹‹‹‹‹‹‹‹‹‹‹‹‹‹‹‹‹‹‹‹‹‹‹‹‹‹‹‹‹‹ 
                                 
 0DB6                           sub_37		proc	near 
 0DB6  A0 0084                  		mov	al,byte ptr ds:[84h] 
 0DB9  B1 24                    		mov	cl,24h			; '$' 
 0DBB  F6 E1                    		mul	cl			; ax = reg * al 
 0DBD  8A 0E 0083               		mov	cl,byte ptr ds:[83h] 
 0DC1  80 C1 04                 		add	cl,4 
 0DC4  32 ED                    		xor	ch,ch			; Zero register 
 0DC6  03 C1                    		add	ax,cx 
 0DC8  8B F0                    		mov	si,ax 
 0DCA  03 36 FF31               		add	si,ds:data_224e 
 0DCE  EB B7                    		jmp	short loc_199 
                                sub_37		endp 
                                 
                                 
                                ;ﬂﬂﬂﬂﬂﬂﬂﬂﬂﬂﬂﬂﬂﬂﬂﬂﬂﬂﬂﬂﬂﬂﬂﬂﬂﬂﬂﬂﬂﬂﬂﬂﬂﬂﬂﬂﬂﬂﬂﬂﬂﬂﬂﬂﬂﬂﬂﬂﬂﬂﬂﬂﬂﬂﬂﬂﬂﬂﬂﬂﬂﬂﬂﬂﬂﬂﬂﬂﬂﬂﬂﬂﬂﬂ 
                                ;                              SUBROUTINE 
                                ;‹‹‹‹‹‹‹‹‹‹‹‹‹‹‹‹‹‹‹‹‹‹‹‹‹‹‹‹‹‹‹‹‹‹‹‹‹‹‹‹‹‹‹‹‹‹‹‹‹‹‹‹‹‹‹‹‹‹‹‹‹‹‹‹‹‹‹‹‹‹‹‹‹‹ 
                                 
 0DD0                           sub_38		proc	near 
 0DD0  8A 04                    		mov	al,[si] 
 0DD2  A8 80                    		test	al,80h 
 0DD4  F9                       		stc				; Set carry flag 
 0DD5  75 01                    		jnz	loc_204			; Jump if not zero 
                                		retn 
 0DD7  C3                     1                 db     0C3h
Microsoft (R) Macro Assembler  Version 4.00                 3/29/26 15:13:40

                                                            Page     1-40
                                                            

 0DD8                           loc_204: 
 0DD8  24 7F                    		and	al,7Fh 
 0DDA  B1 10                    		mov	cl,10h 
 0DDC  F6 E1                    		mul	cl			; ax = reg * al 
 0DDE  8B D8                    		mov	bx,ax 
 0DE0  03 1E C010               		add	bx,ds:data_195e 
 0DE4  8A 47 04                 		mov	al,[bx+4] 
 0DE7  0A C0                    		or	al,al			; Zero ? 
                                		retn 
 0DE9  C3                     1                 db     0C3h
                                sub_38		endp 
                                 
                                 
                                ;ﬂﬂﬂﬂﬂﬂﬂﬂﬂﬂﬂﬂﬂﬂﬂﬂﬂﬂﬂﬂﬂﬂﬂﬂﬂﬂﬂﬂﬂﬂﬂﬂﬂﬂﬂﬂﬂﬂﬂﬂﬂﬂﬂﬂﬂﬂﬂﬂﬂﬂﬂﬂﬂﬂﬂﬂﬂﬂﬂﬂﬂﬂﬂﬂﬂﬂﬂﬂﬂﬂﬂﬂﬂﬂ 
                                ;                              SUBROUTINE 
                                ;‹‹‹‹‹‹‹‹‹‹‹‹‹‹‹‹‹‹‹‹‹‹‹‹‹‹‹‹‹‹‹‹‹‹‹‹‹‹‹‹‹‹‹‹‹‹‹‹‹‹‹‹‹‹‹‹‹‹‹‹‹‹‹‹‹‹‹‹‹‹‹‹‹‹ 
                                 
 0DEA                           sub_39		proc	near 
 0DEA  3C 40                    		cmp	al,40h			; '@' 
 0DEC  72 0A                    		jb	loc_205			; Jump if below 
 0DEE  3A C0                    		cmp	al,al 
                                		retn 
 0DF0  C3                     1                 db     0C3h
                                 
                                ;ﬂﬂﬂﬂ External Entry into Subroutine ﬂﬂﬂﬂﬂﬂﬂﬂﬂﬂﬂﬂﬂﬂﬂﬂﬂﬂﬂﬂﬂﬂﬂﬂﬂﬂﬂﬂﬂﬂﬂﬂﬂﬂﬂﬂﬂﬂ 
                                 
 0DF1                           sub_40: 
 0DF1  3C 49                    		cmp	al,49h			; 'I' 
 0DF3  72 03                    		jb	loc_205			; Jump if below 
 0DF5  3A C0                    		cmp	al,al 
                                		retn 
 0DF7  C3                     1                 db     0C3h
 0DF8                           loc_205: 
 0DF8  57                       		push	di 
 0DF9  51                       		push	cx 
 0DFA  2E: 8E 06 FF2C           		mov	es,cs:data_220e 
 0DFF  BF 8000                  		mov	di,data_1e 
 0E02  B9 0018                  		mov	cx,18h 
 0E05  F2/ AE                   		repne	scasb			; Rep zf=0+cx >0 Scan es:[di] for al 
 0E07  59                       		pop	cx 
 0E08  5F                       		pop	di 
 0E09  75 01                    		jnz	loc_206			; Jump if not zero 
                                		retn 
 0E0B  C3                     1                 db     0C3h
 0E0C                           loc_206: 
 0E0C  24 9F                    		and	al,9Fh 
 0E0E  3C 90                    		cmp	al,90h 
 0E10  74 09                    		je	loc_207			; Jump if equal 
 0E12  3C 91                    		cmp	al,91h 
 0E14  74 05                    		je	loc_207			; Jump if equal 
 0E16  24 80                    		and	al,80h 
 0E18  3C 80                    		cmp	al,80h 
                                		retn 
 0E1A  C3                     1                 db     0C3h
 0E1B                           loc_207: 
Microsoft (R) Macro Assembler  Version 4.00                 3/29/26 15:13:40

                                                            Page     1-41
                                                            

 0E1B  B0 FF                    		mov	al,0FFh 
 0E1D  0A C0                    		or	al,al			; Zero ? 
                                		retn 
 0E1F  C3                     1                 db     0C3h
                                sub_39		endp 
                                 
                                 
                                ;ﬂﬂﬂﬂﬂﬂﬂﬂﬂﬂﬂﬂﬂﬂﬂﬂﬂﬂﬂﬂﬂﬂﬂﬂﬂﬂﬂﬂﬂﬂﬂﬂﬂﬂﬂﬂﬂﬂﬂﬂﬂﬂﬂﬂﬂﬂﬂﬂﬂﬂﬂﬂﬂﬂﬂﬂﬂﬂﬂﬂﬂﬂﬂﬂﬂﬂﬂﬂﬂﬂﬂﬂﬂﬂ 
                                ;                              SUBROUTINE 
                                ;‹‹‹‹‹‹‹‹‹‹‹‹‹‹‹‹‹‹‹‹‹‹‹‹‹‹‹‹‹‹‹‹‹‹‹‹‹‹‹‹‹‹‹‹‹‹‹‹‹‹‹‹‹‹‹‹‹‹‹‹‹‹‹‹‹‹‹‹‹‹‹‹‹‹ 
                                 
 0E20                           sub_41		proc	near 
 0E20  3C 49                    		cmp	al,49h			; 'I' 
 0E22  72 03                    		jb	loc_208			; Jump if below 
 0E24  3A C0                    		cmp	al,al 
                                		retn 
 0E26  C3                     1                 db     0C3h
 0E27                           loc_208: 
 0E27  57                       		push	di 
 0E28  51                       		push	cx 
 0E29  2E: 8E 06 FF2C           		mov	es,cs:data_220e 
 0E2E  BF 8000                  		mov	di,data_1e 
 0E31  B9 0018                  		mov	cx,18h 
 0E34  F2/ AE                   		repne	scasb			; Rep zf=0+cx >0 Scan es:[di] for al 
 0E36  59                       		pop	cx 
 0E37  5F                       		pop	di 
 0E38  75 01                    		jnz	loc_209			; Jump if not zero 
                                		retn 
 0E3A  C3                     1                 db     0C3h
 0E3B                           loc_209: 
 0E3B  24 80                    		and	al,80h 
 0E3D  3C 80                    		cmp	al,80h 
                                		retn 
 0E3F  C3                     1                 db     0C3h
                                sub_41		endp 
                                 
                                 
                                ;ﬂﬂﬂﬂﬂﬂﬂﬂﬂﬂﬂﬂﬂﬂﬂﬂﬂﬂﬂﬂﬂﬂﬂﬂﬂﬂﬂﬂﬂﬂﬂﬂﬂﬂﬂﬂﬂﬂﬂﬂﬂﬂﬂﬂﬂﬂﬂﬂﬂﬂﬂﬂﬂﬂﬂﬂﬂﬂﬂﬂﬂﬂﬂﬂﬂﬂﬂﬂﬂﬂﬂﬂﬂﬂ 
                                ;                              SUBROUTINE 
                                ;‹‹‹‹‹‹‹‹‹‹‹‹‹‹‹‹‹‹‹‹‹‹‹‹‹‹‹‹‹‹‹‹‹‹‹‹‹‹‹‹‹‹‹‹‹‹‹‹‹‹‹‹‹‹‹‹‹‹‹‹‹‹‹‹‹‹‹‹‹‹‹‹‹‹ 
                                 
 0E40                           sub_42		proc	near 
 0E40  F6 06 0092 FF            		test	byte ptr ds:[92h],0FFh 
 0E45  75 01                    		jnz	loc_210			; Jump if not zero 
                                		retn 
 0E47  C3                     1                 db     0C3h
 0E48                           loc_210: 
 0E48  CD 61                    		int	61h			; ??INT Non-standard interrupt 
 0E4A  F6 C4 01                 		test	ah,1 
 0E4D  74 32                    		jz	loc_212			; Jump if zero 
 0E4F  F6 06 FF3D FF            		test	byte ptr ds:data_234e,0FFh 
 0E54  74 2B                    		jz	loc_212			; Jump if zero 
 0E56  F6 06 FF42 FF            		test	byte ptr ds:data_239e,0FFh 
 0E5B  75 24                    		jnz	loc_212			; Jump if not zero 
 0E5D  A8 02                    		test	al,2 
Microsoft (R) Macro Assembler  Version 4.00                 3/29/26 15:13:40

                                                            Page     1-42
                                                            

 0E5F  74 20                    		jz	loc_212			; Jump if zero 
 0E61  C6 06 FF45 02            		mov	byte ptr ds:data_242e,2 
 0E66  C6 06 FF46 02            		mov	byte ptr ds:data_243e,2 
 0E6B  F6 06 FF47 FF            		test	byte ptr ds:data_244e,0FFh 
 0E70  74 03                    		jz	loc_211			; Jump if zero 
 0E72  E9 0EFC R                		jmp	loc_223 
 0E75                           loc_211: 
 0E75  C6 06 FF47 FF            		mov	byte ptr ds:data_244e,0FFh 
 0E7A  C6 06 FF75 04            		mov	byte ptr ds:data_247e,4 
 0E7F  EB 7B                    		jmp	short loc_223 
 0E81                           loc_212: 
 0E81  C6 06 FF47 00            		mov	byte ptr ds:data_244e,0 
 0E86  F6 06 FF1D FF            		test	byte ptr ds:data_217e,0FFh 
 0E8B  75 01                    		jnz	loc_213			; Jump if not zero 
                                		retn 
 0E8D  C3                     1                 db     0C3h
 0E8E                           loc_213: 
 0E8E  F6 06 FF43 FF            		test	byte ptr ds:data_240e,0FFh 
 0E93  74 01                    		jz	loc_214			; Jump if zero 
                                		retn 
 0E95  C3                     1                 db     0C3h
 0E96                           loc_214: 
 0E96  F6 06 FF3C FF            		test	byte ptr ds:data_233e,0FFh 
 0E9B  74 01                    		jz	loc_215			; Jump if zero 
                                		retn 
 0E9D  C3                     1                 db     0C3h
 0E9E                           loc_215: 
 0E9E  F6 06 FF34 FF            		test	byte ptr ds:data_226e,0FFh 
 0EA3  75 36                    		jnz	loc_219			; Jump if not zero 
 0EA5  E8 0DB6 R                		call	sub_37 
 0EA8  81 EE 0093               		sub	si,93h 
 0EAC  E8 0D93 R                		call	sub_35 
 0EAF  32 D2                    		xor	dl,dl			; Zero register 
 0EB1  B9 0004                  		mov	cx,4 
                                 
 0EB4                           locloop_216: 
 0EB4  51                       		push	cx 
 0EB5  B9 0008                  		mov	cx,8 
                                 
 0EB8                           locloop_217: 
 0EB8  51                       		push	cx 
 0EB9  E8 0DD0 R                		call	sub_38 
 0EBC  72 0C                    		jc	loc_218			; Jump if carry Set 
 0EBE  A8 60                    		test	al,60h			; '`' 
 0EC0  75 08                    		jnz	loc_218			; Jump if not zero 
 0EC2  F6 47 07 10              		test	byte ptr [bx+7],10h 
 0EC6  75 02                    		jnz	loc_218			; Jump if not zero 
 0EC8  B2 FF                    		mov	dl,0FFh 
 0ECA                           loc_218: 
 0ECA  46                       		inc	si 
 0ECB  59                       		pop	cx 
 0ECC  E2 EA                    		loop	locloop_217		; Loop if cx > 0 
                                 
 0ECE  83 C6 1C                 		add	si,1Ch 
 0ED1  E8 0D87 R                		call	sub_34 
Microsoft (R) Macro Assembler  Version 4.00                 3/29/26 15:13:40

                                                            Page     1-43
                                                            

 0ED4  59                       		pop	cx 
 0ED5  E2 DD                    		loop	locloop_216		; Loop if cx > 0 
                                 
 0ED7  0A D2                    		or	dl,dl			; Zero ? 
 0ED9  75 06                    		jnz	loc_220			; Jump if not zero 
 0EDB                           loc_219: 
 0EDB  CD 61                    		int	61h			; ??INT Non-standard interrupt 
 0EDD  A8 01                    		test	al,1 
 0EDF  74 0C                    		jz	loc_221			; Jump if zero 
 0EE1                           loc_220: 
 0EE1  C6 06 FF45 01            		mov	byte ptr ds:data_242e,1 
 0EE6  C6 06 FF46 00            		mov	byte ptr ds:data_243e,0 
 0EEB  EB 0A                    		jmp	short loc_222 
 0EED                           loc_221: 
 0EED  C6 06 FF45 00            		mov	byte ptr ds:data_242e,0 
 0EF2  C6 06 FF46 00            		mov	byte ptr ds:data_243e,0 
 0EF7                           loc_222: 
 0EF7  C6 06 FF75 03            		mov	byte ptr ds:data_247e,3 
 0EFC                           loc_223: 
 0EFC  C6 06 FF1D 00            		mov	byte ptr ds:data_217e,0 
 0F01  C6 06 FF1E 00            		mov	byte ptr ds:data_218e,0 
 0F06  C6 06 FF43 FF            		mov	byte ptr ds:data_240e,0FFh 
                                		retn 
 0F0B  C3                     1                 db     0C3h
                                sub_42		endp 
                                 
                                 
                                ;ﬂﬂﬂﬂﬂﬂﬂﬂﬂﬂﬂﬂﬂﬂﬂﬂﬂﬂﬂﬂﬂﬂﬂﬂﬂﬂﬂﬂﬂﬂﬂﬂﬂﬂﬂﬂﬂﬂﬂﬂﬂﬂﬂﬂﬂﬂﬂﬂﬂﬂﬂﬂﬂﬂﬂﬂﬂﬂﬂﬂﬂﬂﬂﬂﬂﬂﬂﬂﬂﬂﬂﬂﬂﬂ 
                                ;                              SUBROUTINE 
                                ;‹‹‹‹‹‹‹‹‹‹‹‹‹‹‹‹‹‹‹‹‹‹‹‹‹‹‹‹‹‹‹‹‹‹‹‹‹‹‹‹‹‹‹‹‹‹‹‹‹‹‹‹‹‹‹‹‹‹‹‹‹‹‹‹‹‹‹‹‹‹‹‹‹‹ 
                                 
 0F0C                           sub_43		proc	near 
 0F0C  F6 06 FF43 FF            		test	byte ptr ds:data_240e,0FFh 
 0F11  75 01                    		jnz	loc_224			; Jump if not zero 
                                		retn 
 0F13  C3                     1                 db     0C3h
 0F14                           loc_224: 
 0F14  F6 06 FF34 FF            		test	byte ptr ds:data_226e,0FFh 
 0F19  74 08                    		jz	loc_225			; Jump if zero 
 0F1B  F6 06 FF2E FF            		test	byte ptr ds:data_221e,0FFh 
 0F20  74 01                    		jz	loc_225			; Jump if zero 
                                		retn 
 0F22  C3                     1                 db     0C3h
 0F23                           loc_225: 
 0F23  E8 0DB6 R                		call	sub_37 
 0F26  BB 0090                  		mov	bx,90h 
 0F29  F6 06 FF38 FF            		test	byte ptr ds:data_230e,0FFh 
 0F2E  74 03                    		jz	loc_226			; Jump if zero 
 0F30  BB 006C                  		mov	bx,6Ch 
 0F33                           loc_226: 
 0F33  2B F3                    		sub	si,bx 
 0F35  E8 0D93 R                		call	sub_35 
 0F38  8A 1E 00C2               		mov	bl,byte ptr ds:[0C2h] 
 0F3C  80 E3 01                 		and	bl,1 
 0F3F  02 DB                    		add	bl,bl 
Microsoft (R) Macro Assembler  Version 4.00                 3/29/26 15:13:40

                                                            Page     1-44
                                                            

 0F41  02 DB                    		add	bl,bl 
 0F43  02 DB                    		add	bl,bl 
 0F45  02 DB                    		add	bl,bl 
 0F47  A0 FF45                  		mov	al,ds:data_242e 
 0F4A  B4 00                    		mov	ah,0 
 0F4C  0A C0                    		or	al,al			; Zero ? 
 0F4E  74 0C                    		jz	loc_227			; Jump if zero 
 0F50  B4 06                    		mov	ah,6 
 0F52  FE C8                    		dec	al 
 0F54  74 06                    		jz	loc_227			; Jump if zero 
 0F56  8A C3                    		mov	al,bl 
 0F58  04 0A                    		add	al,0Ah 
 0F5A  EB 07                    		jmp	short loc_228 
 0F5C                           loc_227: 
 0F5C  A0 FF46                  		mov	al,ds:data_243e 
 0F5F  0A C3                    		or	al,bl 
 0F61  02 C4                    		add	al,ah 
 0F63                           loc_228: 
 0F63  24 FE                    		and	al,0FEh 
 0F65  8A D8                    		mov	bl,al 
 0F67  32 FF                    		xor	bh,bh			; Zero register 
 0F69  2E: 8E 06 FF2C           		mov	es,cs:data_220e 
 0F6E  26: 8B BF B002           		mov	di,es:data_8e[bx] 
 0F73                           loc_229: 
 0F73  26: 8A 05                		mov	al,es:[di] 
 0F76  47                       		inc	di 
 0F77  3C FF                    		cmp	al,0FFh 
 0F79  75 01                    		jne	loc_230			; Jump if not equal 
                                		retn 
 0F7B  C3                     1                 db     0C3h
 0F7C                           loc_230: 
 0F7C  32 E4                    		xor	ah,ah			; Zero register 
 0F7E  03 F0                    		add	si,ax 
 0F80  E8 0D87 R                		call	sub_34 
 0F83  E8 0DD0 R                		call	sub_38 
 0F86  72 EB                    		jc	loc_229			; Jump if carry Set 
 0F88  A8 20                    		test	al,20h			; ' ' 
 0F8A  75 E7                    		jnz	loc_229			; Jump if not zero 
 0F8C  F6 47 05 20              		test	byte ptr [bx+5],20h	; ' ' 
 0F90  75 E1                    		jnz	loc_229			; Jump if not zero 
 0F92  80 4F 05 40              		or	byte ptr [bx+5],40h	; '@' 
 0F96  80 67 05 E0              		and	byte ptr [bx+5],0E0h 
 0F9A  80 4F 05 01              		or	byte ptr [bx+5],1 
 0F9E  EB D3                    		jmp	short loc_229 
                                sub_43		endp 
                                 
                                 
                                ;ﬂﬂﬂﬂﬂﬂﬂﬂﬂﬂﬂﬂﬂﬂﬂﬂﬂﬂﬂﬂﬂﬂﬂﬂﬂﬂﬂﬂﬂﬂﬂﬂﬂﬂﬂﬂﬂﬂﬂﬂﬂﬂﬂﬂﬂﬂﬂﬂﬂﬂﬂﬂﬂﬂﬂﬂﬂﬂﬂﬂﬂﬂﬂﬂﬂﬂﬂﬂﬂﬂﬂﬂﬂﬂ 
                                ;                              SUBROUTINE 
                                ;‹‹‹‹‹‹‹‹‹‹‹‹‹‹‹‹‹‹‹‹‹‹‹‹‹‹‹‹‹‹‹‹‹‹‹‹‹‹‹‹‹‹‹‹‹‹‹‹‹‹‹‹‹‹‹‹‹‹‹‹‹‹‹‹‹‹‹‹‹‹‹‹‹‹ 
                                 
 0FA0                           sub_44		proc	near 
 0FA0                           loc_231: 
 0FA0  B0 02                    		mov	al,2 
 0FA2  80 3E 009E 01            		cmp	byte ptr ds:[9Eh],1 
Microsoft (R) Macro Assembler  Version 4.00                 3/29/26 15:13:40

                                                            Page     1-45
                                                            

 0FA7  75 02                    		jne	loc_232			; Jump if not equal 
 0FA9  B0 04                    		mov	al,4 
 0FAB                           loc_232: 
 0FAB  A2 9F0D                  		mov	ds:data_152e,al 
 0FAE  E8 169F R                		call	sub_61 
 0FB1  F6 06 FF3D FF            		test	byte ptr ds:data_234e,0FFh 
 0FB6  75 20                    		jnz	loc_234			; Jump if not zero 
 0FB8  C6 06 9F09 00            		mov	byte ptr ds:data_148e,0 
 0FBD  A0 9F00                  		mov	al,ds:data_141e 
 0FC0  3A 06 0084               		cmp	al,byte ptr ds:[84h] 
 0FC4  74 12                    		je	loc_234			; Jump if equal 
 0FC6  72 09                    		jc	loc_233			; Jump if carry Set 
 0FC8  E8 0626 R                		call	sub_11 
 0FCB  FE 06 0084               		inc	byte ptr ds:[84h] 
 0FCF  EB 07                    		jmp	short loc_234 
 0FD1                           loc_233: 
 0FD1  E8 0B33 R                		call	sub_21 
 0FD4  FE 0E 0084               		dec	byte ptr ds:[84h] 
 0FD8                           loc_234: 
 0FD8  F6 06 00E6 FF            		test	byte ptr ds:[0E6h],0FFh 
 0FDD  75 07                    		jnz	loc_235			; Jump if not zero 
 0FDF  F6 06 FF34 FF            		test	byte ptr ds:data_226e,0FFh 
 0FE4  74 18                    		jz	loc_236			; Jump if zero 
 0FE6                           loc_235: 
 0FE6  8B 36 A002               		mov	si,ds:data_183e 
 0FEA  83 C6 07                 		add	si,7 
 0FED  8A 04                    		mov	al,[si] 
 0FEF  38 06 0083               		cmp	byte ptr ds:[83h],al 
 0FF3  74 17                    		je	loc_237			; Jump if equal 
 0FF5  E8 0851 R                		call	sub_16 
 0FF8  FE 0E 0083               		dec	byte ptr ds:[83h] 
 0FFC  EB 0E                    		jmp	short loc_237 
 0FFE                           loc_236: 
 0FFE  A0 0083                  		mov	al,byte ptr ds:[83h] 
 1001  3C 0C                    		cmp	al,0Ch 
 1003  74 07                    		je	loc_237			; Jump if equal 
 1005  E8 06AA R                		call	sub_13 
 1008  FE 06 0083               		inc	byte ptr ds:[83h] 
 100C                           loc_237: 
 100C  A0 0084                  		mov	al,byte ptr ds:[84h] 
 100F  02 06 0082               		add	al,byte ptr ds:[82h] 
 1013  24 3F                    		and	al,3Fh			; '?' 
 1015  A2 FF35                  		mov	ds:data_227e,al 
 1018  E8 1754 R                		call	sub_64 
 101B  E8 21B1 R                		call	sub_85 
 101E  E8 1FB4 R                		call	sub_77 
 1021  E8 2166 R                		call	sub_83 
 1024  E8 18E3 R                		call	sub_66 
 1027  E8 2AB8 R                		call	sub_111 
 102A  F6 06 FF30 FF            		test	byte ptr ds:data_223e,0FFh 
 102F  75 03                    		jnz	loc_238			; Jump if not zero 
 1031  E8 2D25 R                		call	sub_116 
 1034                           loc_238: 
 1034  C6 06 FF36 00            		mov	byte ptr ds:data_228e,0 
 1039  C6 06 9F14 00            		mov	byte ptr ds:data_156e,0 
Microsoft (R) Macro Assembler  Version 4.00                 3/29/26 15:13:40

                                                            Page     1-46
                                                            

                                ;*		call	sub_55			;* 
 103E  FF 96 1524               				call 1524h			; was: db 0E8h,0E3h,004h 
200FIGHT.asm(2213) : error 56: No immediate mode 
 1042  2E: FF 16 300C R         		call	word ptr cs:data_73 
 1047  E8 2426 R                		call	sub_94 
 104A  E8 2707 R                		call	sub_104 
 104D  2E: FF 16 300E R         		call	word ptr cs:data_74 
 1052  E8 14A6 R                		call	sub_54 
 1055  80 3E C012 07            		cmp	byte ptr ds:data_196e,7 
 105A  75 28                    		jne	loc_239			; Jump if not equal 
 105C  80 3E 009E 05            		cmp	byte ptr ds:[9Eh],5 
 1061  74 21                    		je	loc_239			; Jump if equal 
 1063  FE 06 9F25               		inc	byte ptr ds:data_172e 
 1067  F6 06 9F25 3F            		test	byte ptr ds:data_172e,3Fh	; '?' 
 106C  75 16                    		jnz	loc_239			; Jump if not zero 
 106E  C6 06 FF36 FF            		mov	byte ptr ds:data_228e,0FFh 
 1073  C6 06 FF75 09            		mov	byte ptr ds:data_247e,9 
 1078  B8 000F                  		mov	ax,0Fh 
 107B  E8 168B R                		call	sub_60 
 107E  BA 9BB9                  		mov	dx,9BB9h 
 1081  E8 13E6 R                		call	sub_50 
 1084                           loc_239: 
 1084  E8 1216 R                		call	sub_46 
 1087  F6 06 00E8 FF            		test	byte ptr ds:[0E8h],0FFh 
 108C  74 07                    		jz	loc_240			; Jump if zero 
 108E  C6 06 FF36 00            		mov	byte ptr ds:data_228e,0 
 1093  EB 05                    		jmp	short loc_241 
                                 
                                ;ﬂﬂﬂﬂ External Entry into Subroutine ﬂﬂﬂﬂﬂﬂﬂﬂﬂﬂﬂﬂﬂﬂﬂﬂﬂﬂﬂﬂﬂﬂﬂﬂﬂﬂﬂﬂﬂﬂﬂﬂﬂﬂﬂﬂﬂﬂ 
                                 
 1095                           sub_45: 
 1095                           loc_240: 
 1095  C6 06 FF37 00            		mov	byte ptr ds:data_229e,0 
 109A                           loc_241: 
 109A  C6 06 FF40 00            		mov	byte ptr ds:data_237e,0 
 109F  F6 06 FF43 FF            		test	byte ptr ds:data_240e,0FFh 
 10A4  74 13                    		jz	loc_242			; Jump if zero 
 10A6  C6 06 FF40 FF            		mov	byte ptr ds:data_237e,0FFh 
 10AB  A0 FF45                  		mov	al,ds:data_242e 
 10AE  A2 FF41                  		mov	ds:data_238e,al 
 10B1  A0 FF46                  		mov	al,ds:data_243e 
 10B4  A2 FF3F                  		mov	ds:data_236e,al 
 10B7  EB 17                    		jmp	short loc_243 
 10B9                           loc_242: 
 10B9  F6 06 FF3C FF            		test	byte ptr ds:data_233e,0FFh 
 10BE  74 10                    		jz	loc_243			; Jump if zero 
 10C0  C6 06 FF40 FF            		mov	byte ptr ds:data_237e,0FFh 
 10C5  A0 9F2B                  		mov	al,ds:data_178e 
 10C8  A2 FF3F                  		mov	ds:data_236e,al 
 10CB  C6 06 FF41 01            		mov	byte ptr ds:data_238e,1 
 10D0                           loc_243: 
 10D0  F6 06 FF37 FF            		test	byte ptr ds:data_229e,0FFh 
 10D5  75 03                    		jnz	loc_244			; Jump if not zero 
 10D7  E8 1482 R                		call	sub_53 
 10DA                           loc_244: 
Microsoft (R) Macro Assembler  Version 4.00                 3/29/26 15:13:40

                                                            Page     1-47
                                                            

 10DA  2E: FF 16 300A R         		call	word ptr cs:data_72 
 10DF  F6 06 00E8 FF            		test	byte ptr ds:[0E8h],0FFh 
 10E4  75 2F                    		jnz	loc_246			; Jump if not zero 
 10E6  A1 00C6                  		mov	ax,word ptr ds:[0C6h] 
 10E9  0B C0                    		or	ax,ax			; Zero ? 
 10EB  74 28                    		jz	loc_246			; Jump if zero 
 10ED  48                       		dec	ax 
 10EE  A3 00C6                  		mov	word ptr ds:[0C6h],ax 
 10F1  83 06 0090 08            		add	word ptr ds:[90h],8 
 10F6  A1 00B2                  		mov	ax,word ptr ds:[0B2h] 
 10F9  3B 06 0090               		cmp	ax,word ptr ds:[90h] 
 10FD  73 0C                    		jae	loc_245			; Jump if above or = 
 10FF  A1 00B2                  		mov	ax,word ptr ds:[0B2h] 
 1102  A3 0090                  		mov	word ptr ds:[90h],ax 
 1105  C7 06 00C6 0000          		mov	word ptr ds:[0C6h],0 
 110B                           loc_245: 
 110B  C6 06 FF75 13            		mov	byte ptr ds:data_247e,13h 
 1110  2E: FF 16 2008           		call	word ptr cs:[2008h] 
 1115                           loc_246: 
 1115  2E: FF 16 3008 R         		call	word ptr cs:data_71 
 111A  F6 06 FF2F FF            		test	byte ptr ds:data_222e,0FFh 
 111F  74 0A                    		jz	loc_247			; Jump if zero 
 1121  2E: FF 16 3018 R         		call	word ptr cs:data_78 
 1126  C6 06 FF24 0A            		mov	byte ptr ds:data_219e,0Ah 
 112B                           loc_247: 
 112B  8A 0E FF33               		mov	cl,ds:data_225e 
 112F  B0 02                    		mov	al,2 
 1131  F6 E1                    		mul	cl			; ax = reg * al 
 1133                           loc_248: 
 1133  38 06 FF1A               		cmp	ds:data_216e,al 
 1137  72 FA                    		jb	loc_248			; Jump if below 
 1139  E8 2707 R                		call	sub_104 
 113C  2E: FF 16 300C R         		call	word ptr cs:data_73 
 1141  E8 2369 R                		call	sub_90 
 1144  E8 2684 R                		call	sub_102 
 1147  E8 2979 R                		call	sub_109 
 114A  E8 0F0C R                		call	sub_43 
 114D  2E: FF 16 300E R         		call	word ptr cs:data_74 
 1152  8A 0E FF33               		mov	cl,ds:data_225e 
 1156  B0 04                    		mov	al,4 
 1158  F6 E1                    		mul	cl			; ax = reg * al 
 115A                           loc_249: 
 115A  50                       		push	ax 
 115B  2E: FF 16 0110           		call	word ptr cs:[110h] 
 1160  2E: FF 16 0112           		call	word ptr cs:[112h] 
 1165  2E: FF 16 0114           		call	word ptr cs:[114h] 
 116A  2E: FF 16 0116           		call	word ptr cs:[116h] 
 116F  2E: FF 16 0118           		call	word ptr cs:[118h] 
 1174  2E: FF 16 011E           		call	word ptr cs:[11Eh] 
 1179  73 03                    		jnc	loc_250			; Jump if carry=0 
 117B  E8 18DD R                		call	sub_65 
 117E                           loc_250: 
 117E  58                       		pop	ax 
 117F  38 06 FF1A               		cmp	ds:data_216e,al 
 1183  72 D5                    		jb	loc_249			; Jump if below 
Microsoft (R) Macro Assembler  Version 4.00                 3/29/26 15:13:40

                                                            Page     1-48
                                                            

 1185  C6 06 FF1A 00            		mov	byte ptr ds:data_216e,0 
 118A  F6 06 00E8 FF            		test	byte ptr ds:[0E8h],0FFh 
 118F  74 01                    		jz	loc_251			; Jump if zero 
                                		retn 
 1191  C3                     1                 db     0C3h
 1192                           loc_251: 
 1192  F6 06 007F FF            		test	byte ptr ds:[7Fh],0FFh 
 1197  75 0B                    		jnz	loc_252			; Jump if not zero 
 1199  F7 06 0090 FFFF          		test	word ptr ds:[90h],0FFFFh 
 119F  75 03                    		jnz	loc_252			; Jump if not zero 
 11A1  E9 390A R                		jmp	loc_703 
 11A4                           loc_252: 
 11A4  FE 06 9F18               		inc	byte ptr ds:data_160e 
 11A8  80 3E 9F18 10            		cmp	byte ptr ds:data_160e,10h 
 11AD  72 19                    		jb	loc_253			; Jump if below 
 11AF  C6 06 9F18 00            		mov	byte ptr ds:data_160e,0 
 11B4  A1 0090                  		mov	ax,word ptr ds:[90h] 
 11B7  3B 06 00B2               		cmp	ax,word ptr ds:[0B2h] 
 11BB  73 0B                    		jae	loc_253			; Jump if above or = 
 11BD  05 0002                  		add	ax,2 
 11C0  A3 0090                  		mov	word ptr ds:[90h],ax 
 11C3  2E: FF 16 2008           		call	word ptr cs:[2008h] 
 11C8                           loc_253: 
 11C8  F6 06 9F1E FF            		test	byte ptr ds:data_165e,0FFh 
 11CD  74 03                    		jz	loc_254			; Jump if zero 
 11CF  E9 12F7 R                		jmp	loc_267 
 11D2                           loc_254: 
 11D2  F6 06 FF34 FF            		test	byte ptr ds:data_226e,0FFh 
 11D7  74 27                    		jz	loc_255			; Jump if zero 
 11D9  F6 06 FF30 FF            		test	byte ptr ds:data_223e,0FFh 
 11DE  74 20                    		jz	loc_255			; Jump if zero 
 11E0  80 3E EDA0 FF            		cmp	byte ptr ds:data_213e,0FFh 
 11E5  75 19                    		jne	loc_255			; Jump if not equal 
 11E7  8B 36 A002               		mov	si,ds:data_183e 
 11EB  83 C6 05                 		add	si,5 
 11EE  AD                       		lodsw				; String [si] to ax 
 11EF  56                       		push	si 
 11F0  E8 3721 R                		call	sub_143 
 11F3  5E                       		pop	si 
 11F4  83 C6 04                 		add	si,4 
 11F7  AD                       		lodsw				; String [si] to ax 
 11F8  E8 3188 R                		call	sub_120 
 11FB  C6 06 9F1E FF            		mov	byte ptr ds:data_165e,0FFh 
 1200                           loc_255: 
 1200  F6 06 FF2E FF            		test	byte ptr ds:data_221e,0FFh 
 1205  74 01                    		jz	loc_256			; Jump if zero 
                                		retn 
 1207  C3                     1                 db     0C3h
 1208                           loc_256: 
 1208  F7 06 FF18 0001          		test	word ptr ds:data_215e,1 
 120E  75 6B                    		jnz	loc_263			; Jump if not zero 
 1210  C6 06 9EF5 00            		mov	byte ptr ds:data_133e,0 
                                		retn 
 1215  C3                     1                 db     0C3h
                                 
Microsoft (R) Macro Assembler  Version 4.00                 3/29/26 15:13:40

                                                            Page     1-49
                                                            

                                ;ﬂﬂﬂﬂ External Entry into Subroutine ﬂﬂﬂﬂﬂﬂﬂﬂﬂﬂﬂﬂﬂﬂﬂﬂﬂﬂﬂﬂﬂﬂﬂﬂﬂﬂﬂﬂﬂﬂﬂﬂﬂﬂﬂﬂﬂﬂ 
                                 
 1216                           sub_46: 
 1216  F6 06 9EF0 FF            		test	byte ptr ds:data_129e,0FFh 
 121B  74 2B                    		jz	loc_259			; Jump if zero 
 121D  B0 FC                    		mov	al,0FCh 
 121F  FE 06 9EEE               		inc	byte ptr ds:data_127e 
 1223  F6 06 9EEE 1F            		test	byte ptr ds:data_127e,1Fh 
 1228  75 07                    		jnz	loc_257			; Jump if not zero 
 122A  B0 FE                    		mov	al,0FEh 
 122C  C6 06 9EF0 00            		mov	byte ptr ds:data_129e,0 
 1231                           loc_257: 
 1231  0E                       		push	cs 
 1232  07                       		pop	es 
 1233  BF E921                  		mov	di,data_208e 
 1236  8A 0E 9EF1               		mov	cl,ds:data_130e 
 123A  32 ED                    		xor	ch,ch			; Zero register 
                                 
 123C                           locloop_258: 
 123C  51                       		push	cx 
 123D  B9 0012                  		mov	cx,12h 
 1240  F3/ AA                   		rep	stosb			; Rep when cx >0 Store al to es:[di] 
 1242  83 C7 0A                 		add	di,0Ah 
 1245  59                       		pop	cx 
 1246  E2 F4                    		loop	locloop_258		; Loop if cx > 0 
                                 
 1248                           loc_259: 
 1248  F6 06 9EEF FF            		test	byte ptr ds:data_128e,0FFh 
 124D  75 01                    		jnz	loc_260			; Jump if not zero 
                                		retn 
 124F  C3                     1                 db     0C3h
 1250                           loc_260: 
 1250  B0 FC                    		mov	al,0FCh 
 1252  FE 06 9EED               		inc	byte ptr ds:data_126e 
 1256  80 26 9EED 1F            		and	byte ptr ds:data_126e,1Fh 
 125B  75 07                    		jnz	loc_261			; Jump if not zero 
 125D  B0 FE                    		mov	al,0FEh 
 125F  C6 06 9EEF 00            		mov	byte ptr ds:data_128e,0 
 1264                           loc_261: 
 1264  1E                       		push	ds 
 1265  07                       		pop	es 
 1266  BF E939                  		mov	di,data_209e 
 1269  B9 0002                  		mov	cx,2 
                                 
 126C                           locloop_262: 
 126C  51                       		push	cx 
 126D  57                       		push	di 
 126E  B9 001A                  		mov	cx,1Ah 
 1271  F3/ AA                   		rep	stosb			; Rep when cx >0 Store al to es:[di] 
 1273  5F                       		pop	di 
 1274  83 C7 1C                 		add	di,1Ch 
 1277  59                       		pop	cx 
 1278  E2 F2                    		loop	locloop_262		; Loop if cx > 0 
                                 
                                		retn 
Microsoft (R) Macro Assembler  Version 4.00                 3/29/26 15:13:40

                                                            Page     1-50
                                                            

 127A  C3                     1                 db     0C3h
 127B                           loc_263: 
 127B  A0 9EF5                  		mov	al,ds:data_133e 
 127E  0A 06 FF3C               		or	al,ds:data_233e 
 1282  0A 06 FF3E               		or	al,ds:data_235e 
 1286  0A 06 9F26               		or	al,ds:data_173e 
 128A  74 01                    		jz	loc_264			; Jump if zero 
                                		retn 
 128C  C3                     1                 db     0C3h
 128D                           loc_264: 
 128D  C6 06 FF75 0B            		mov	byte ptr ds:data_247e,0Bh 
 1292  2E: FF 16 2002           		call	word ptr cs:[2002h] 
 1297  E8 12DF R                		call	sub_47 
 129A  2E: FF 16 A000           		call	word ptr cs:data_182e 
 129F  E8 12DF R                		call	sub_47 
 12A2  80 3E FF4B 08            		cmp	byte ptr ds:data_246e,8 
 12A7  75 03                    		jne	loc_265			; Jump if not equal 
 12A9  E9 39EE R                		jmp	loc_710 
 12AC                           loc_265: 
 12AC  2E: FF 16 2002           		call	word ptr cs:[2002h] 
 12B1  1E                       		push	ds 
 12B2  2E: FF 16 3022 R         		call	word ptr cs:data_83 
 12B7  B9 0018                  		mov	cx,18h 
 12BA  2E: FF 16 2044           		call	word ptr cs:[2044h] 
 12BF  1F                       		pop	ds 
 12C0  C6 06 9EF5 FF            		mov	byte ptr ds:data_133e,0FFh 
 12C5  E8 13B9 R                		call	sub_48 
 12C8  C6 06 FF1D 00            		mov	byte ptr ds:data_217e,0 
 12CD  C6 06 FF1E 00            		mov	byte ptr ds:data_218e,0 
 12D2  C6 06 9EEF 00            		mov	byte ptr ds:data_128e,0 
 12D7  C6 06 9EF0 00            		mov	byte ptr ds:data_129e,0 
 12DC  E9 0FA0 R                		jmp	loc_231 
                                 
                                ;ﬂﬂﬂﬂ External Entry into Subroutine ﬂﬂﬂﬂﬂﬂﬂﬂﬂﬂﬂﬂﬂﬂﬂﬂﬂﬂﬂﬂﬂﬂﬂﬂﬂﬂﬂﬂﬂﬂﬂﬂﬂﬂﬂﬂﬂﬂ 
                                 
 12DF                           sub_47: 
 12DF  2E: 8E 06 FF2C           		mov	es,cs:data_220e 
 12E4  BF C000                  		mov	di,data_9e 
 12E7  BE A000                  		mov	si,data_182e 
 12EA  B9 0800                  		mov	cx,800h 
                                 
 12ED                           locloop_266: 
 12ED  26: 8B 05                		mov	ax,es:[di] 
 12F0  A5                       		movsw				; Mov [si] to es:[di] 
 12F1  89 44 FE                 		mov	[si-2],ax 
 12F4  E2 F7                    		loop	locloop_266		; Loop if cx > 0 
                                 
                                		retn 
 12F6  C3                     1                 db     0C3h
 12F7                           loc_267: 
 12F7  F6 06 00E8 FF            		test	byte ptr ds:[0E8h],0FFh 
 12FC  74 01                    		jz	loc_268			; Jump if zero 
                                		retn 
 12FE  C3                     1                 db     0C3h
 12FF                           loc_268: 
Microsoft (R) Macro Assembler  Version 4.00                 3/29/26 15:13:40

                                                            Page     1-51
                                                            

 12FF  8B 36 C000               		mov	si,ds:data_187e 
 1303  83 C6 06                 		add	si,6 
 1306  AC                       		lodsb				; String [si] to al 
 1307  56                       		push	si 
 1308  A2 9EFE                  		mov	ds:data_139e,al 
 130B  B3 0B                    		mov	bl,0Bh 
 130D  F6 E3                    		mul	bl			; ax = reg * al 
 130F  05 9CBC                  		add	ax,9CBCh 
 1312  8B F0                    		mov	si,ax 
 1314  0E                       		push	cs 
 1315  07                       		pop	es 
 1316  BF A000                  		mov	di,0A000h 
 1319  B0 03                    		mov	al,3 
 131B  2E: FF 16 010C           		call	word ptr cs:[10Ch] 
 1320  5E                       		pop	si 
 1321  AC                       		lodsb				; String [si] to al 
 1322  A2 9EFF                  		mov	ds:data_140e,al 
 1325  B3 0B                    		mov	bl,0Bh 
 1327  F6 E3                    		mul	bl			; ax = reg * al 
 1329  05 9D8D                  		add	ax,9D8Dh 
 132C  8B F0                    		mov	si,ax 
 132E  2E: 8E 06 FF2C           		mov	es,cs:data_220e 
 1333  BF 4000                  		mov	di,4000h 
 1336  B0 02                    		mov	al,2 
 1338  2E: FF 16 010C           		call	word ptr cs:[10Ch] 
 133D  1E                       		push	ds 
 133E  2E: 8E 1E FF2C           		mov	ds,cs:data_220e 
 1343  BE 4000                  		mov	si,4000h 
 1346  BD A000                  		mov	bp,0A000h 
 1349  B9 0100                  		mov	cx,100h 
 134C  2E: FF 16 3030 R         		call	word ptr cs:data_89 
 1351  1F                       		pop	ds 
 1352  C6 06 FF34 00            		mov	byte ptr ds:data_226e,0 
 1357  8B 36 C000               		mov	si,ds:data_187e 
 135B  83 C6 08                 		add	si,8 
 135E                           loc_269: 
 135E  AD                       		lodsw				; String [si] to ax 
 135F  3D FFFF                  		cmp	ax,0FFFFh 
 1362  74 07                    		je	loc_270			; Jump if equal 
 1364  8B D8                    		mov	bx,ax 
 1366  AD                       		lodsw				; String [si] to ax 
 1367  89 07                    		mov	[bx],ax 
 1369  EB F3                    		jmp	short loc_269 
 136B                           loc_270: 
 136B  E8 0DB6 R                		call	sub_37 
 136E  A1 0080                  		mov	ax,word ptr ds:[80h] 
 1371  8A 1E 0083               		mov	bl,byte ptr ds:[83h] 
 1375  32 FF                    		xor	bh,bh			; Zero register 
 1377  03 C3                    		add	ax,bx 
 1379  F6 44 FB FF              		test	byte ptr [si-5],0FFh 
 137D  74 03                    		jz	loc_271			; Jump if zero 
 137F  05 0009                  		add	ax,9 
 1382                           loc_271: 
 1382  8B D8                    		mov	bx,ax 
 1384  2B 1E C002               		sub	bx,ds:data_188e 
Microsoft (R) Macro Assembler  Version 4.00                 3/29/26 15:13:40

                                                            Page     1-52
                                                            

 1388  72 02                    		jc	loc_272			; Jump if carry Set 
 138A  8B C3                    		mov	ax,bx 
 138C                           loc_272: 
 138C  8B 36 C00A               		mov	si,ds:data_192e 
 1390  89 04                    		mov	[si],ax 
 1392  E8 18E3 R                		call	sub_66 
 1395  E8 1216 R                		call	sub_46 
 1398  E8 1482 R                		call	sub_53 
 139B  2E: FF 16 301A R         		call	word ptr cs:data_79 
 13A0  BB 021C                  		mov	bx,21Ch 
 13A3  32 C0                    		xor	al,al			; Zero register 
 13A5  B5 42                    		mov	ch,42h			; 'B' 
 13A7  2E: FF 16 2004           		call	word ptr cs:[2004h] 
 13AC  B8 0001                  		mov	ax,1 
 13AF  CD 60                    		int	60h			; ??INT Non-standard interrupt 
 13B1  C6 06 9F1E 00            		mov	byte ptr ds:data_165e,0 
 13B6  E9 0046 R                		jmp	loc_1 
                                sub_44		endp 
                                 
                                 
                                ;ﬂﬂﬂﬂﬂﬂﬂﬂﬂﬂﬂﬂﬂﬂﬂﬂﬂﬂﬂﬂﬂﬂﬂﬂﬂﬂﬂﬂﬂﬂﬂﬂﬂﬂﬂﬂﬂﬂﬂﬂﬂﬂﬂﬂﬂﬂﬂﬂﬂﬂﬂﬂﬂﬂﬂﬂﬂﬂﬂﬂﬂﬂﬂﬂﬂﬂﬂﬂﬂﬂﬂﬂﬂﬂ 
                                ;                              SUBROUTINE 
                                ;‹‹‹‹‹‹‹‹‹‹‹‹‹‹‹‹‹‹‹‹‹‹‹‹‹‹‹‹‹‹‹‹‹‹‹‹‹‹‹‹‹‹‹‹‹‹‹‹‹‹‹‹‹‹‹‹‹‹‹‹‹‹‹‹‹‹‹‹‹‹‹‹‹‹ 
                                 
 13B9                           sub_48		proc	near 
 13B9                           loc_273: 
 13B9  0E                       		push	cs 
 13BA  07                       		pop	es 
 13BB  BF E900                  		mov	di,data_207e 
 13BE  B9 0214                  		mov	cx,214h 
 13C1  B0 FD                    		mov	al,0FDh 
 13C3  F3/ AA                   		rep	stosb			; Rep when cx >0 Store al to es:[di] 
                                		retn 
 13C5  C3                     1                 db     0C3h
                                sub_48		endp 
                                 
                                 
                                ;ﬂﬂﬂﬂﬂﬂﬂﬂﬂﬂﬂﬂﬂﬂﬂﬂﬂﬂﬂﬂﬂﬂﬂﬂﬂﬂﬂﬂﬂﬂﬂﬂﬂﬂﬂﬂﬂﬂﬂﬂﬂﬂﬂﬂﬂﬂﬂﬂﬂﬂﬂﬂﬂﬂﬂﬂﬂﬂﬂﬂﬂﬂﬂﬂﬂﬂﬂﬂﬂﬂﬂﬂﬂﬂ 
                                ;                              SUBROUTINE 
                                ;‹‹‹‹‹‹‹‹‹‹‹‹‹‹‹‹‹‹‹‹‹‹‹‹‹‹‹‹‹‹‹‹‹‹‹‹‹‹‹‹‹‹‹‹‹‹‹‹‹‹‹‹‹‹‹‹‹‹‹‹‹‹‹‹‹‹‹‹‹‹‹‹‹‹ 
                                 
 13C6                           sub_49		proc	near 
 13C6                           loc_274: 
 13C6  57                       		push	di 
 13C7  2E: 8E 06 FF2C           		mov	es,cs:data_220e 
 13CC  BF 8020                  		mov	di,data_4e 
 13CF  B9 0004                  		mov	cx,4 
                                 
 13D2                           locloop_275: 
 13D2  26: 8A 25                		mov	ah,es:[di] 
 13D5  47                       		inc	di 
 13D6  0A E4                    		or	ah,ah			; Zero ? 
 13D8  74 06                    		jz	loc_276			; Jump if zero 
 13DA  3A E0                    		cmp	ah,al 
 13DC  74 06                    		je	loc_277			; Jump if equal 
Microsoft (R) Macro Assembler  Version 4.00                 3/29/26 15:13:40

                                                            Page     1-53
                                                            

 13DE  E2 F2                    		loop	locloop_275		; Loop if cx > 0 
                                 
 13E0                           loc_276: 
 13E0  B4 FF                    		mov	ah,0FFh 
 13E2  0A E4                    		or	ah,ah			; Zero ? 
 13E4                           loc_277: 
 13E4  5F                       		pop	di 
                                		retn 
 13E5  C3                     1                 db     0C3h
                                sub_49		endp 
                                 
                                 
                                ;ﬂﬂﬂﬂﬂﬂﬂﬂﬂﬂﬂﬂﬂﬂﬂﬂﬂﬂﬂﬂﬂﬂﬂﬂﬂﬂﬂﬂﬂﬂﬂﬂﬂﬂﬂﬂﬂﬂﬂﬂﬂﬂﬂﬂﬂﬂﬂﬂﬂﬂﬂﬂﬂﬂﬂﬂﬂﬂﬂﬂﬂﬂﬂﬂﬂﬂﬂﬂﬂﬂﬂﬂﬂﬂ 
                                ;                              SUBROUTINE 
                                ;‹‹‹‹‹‹‹‹‹‹‹‹‹‹‹‹‹‹‹‹‹‹‹‹‹‹‹‹‹‹‹‹‹‹‹‹‹‹‹‹‹‹‹‹‹‹‹‹‹‹‹‹‹‹‹‹‹‹‹‹‹‹‹‹‹‹‹‹‹‹‹‹‹‹ 
                                 
 13E6                           sub_50		proc	near 
 13E6                           loc_278: 
 13E6  56                       		push	si 
 13E7  52                       		push	dx 
                                 
                                ;ﬂﬂﬂﬂ External Entry into Subroutine ﬂﬂﬂﬂﬂﬂﬂﬂﬂﬂﬂﬂﬂﬂﬂﬂﬂﬂﬂﬂﬂﬂﬂﬂﬂﬂﬂﬂﬂﬂﬂﬂﬂﬂﬂﬂﬂﬂ 
                                 
 13E8                           sub_51: 
 13E8  BB 0E1E                  		mov	bx,0E1Eh 
 13EB  B9 3410                  		mov	cx,3410h 
 13EE  B0 FF                    		mov	al,0FFh 
 13F0  2E: FF 16 2000           		call	word ptr cs:[2000h] 
 13F5  C6 06 9EED 00            		mov	byte ptr ds:data_126e,0 
 13FA  C6 06 9EEF FF            		mov	byte ptr ds:data_128e,0FFh 
 13FF  C6 06 9EEE FF            		mov	byte ptr ds:data_127e,0FFh 
 1404  5E                       		pop	si 
 1405  AD                       		lodsw				; String [si] to ax 
 1406  05 003A                  		add	ax,3Ah 
 1409  8B D8                    		mov	bx,ax 
 140B  B1 22                    		mov	cl,22h			; '"' 
 140D  2E: FF 16 202A           		call	word ptr cs:[202Ah] 
 1412  5E                       		pop	si 
                                		retn 
 1413  C3                     1                 db     0C3h
                                sub_50		endp 
                                 
                                 
                                ;ﬂﬂﬂﬂﬂﬂﬂﬂﬂﬂﬂﬂﬂﬂﬂﬂﬂﬂﬂﬂﬂﬂﬂﬂﬂﬂﬂﬂﬂﬂﬂﬂﬂﬂﬂﬂﬂﬂﬂﬂﬂﬂﬂﬂﬂﬂﬂﬂﬂﬂﬂﬂﬂﬂﬂﬂﬂﬂﬂﬂﬂﬂﬂﬂﬂﬂﬂﬂﬂﬂﬂﬂﬂﬂ 
                                ;                              SUBROUTINE 
                                ;‹‹‹‹‹‹‹‹‹‹‹‹‹‹‹‹‹‹‹‹‹‹‹‹‹‹‹‹‹‹‹‹‹‹‹‹‹‹‹‹‹‹‹‹‹‹‹‹‹‹‹‹‹‹‹‹‹‹‹‹‹‹‹‹‹‹‹‹‹‹‹‹‹‹ 
                                 
 1414                           sub_52		proc	near 
 1414  AC                       		lodsb				; String [si] to al 
 1415  04 19                    		add	al,19h 
 1417  8A C8                    		mov	cl,al 
 1419  51                       		push	cx 
 141A  AC                       		lodsb				; String [si] to al 
 141B  56                       		push	si 
 141C  04 02                    		add	al,2 
Microsoft (R) Macro Assembler  Version 4.00                 3/29/26 15:13:40

                                                            Page     1-54
                                                            

 141E  A2 9EF1                  		mov	ds:data_130e,al 
 1421  B3 08                    		mov	bl,8 
 1423  F6 E3                    		mul	bl			; ax = reg * al 
 1425  BB 1616                  		mov	bx,1616h 
 1428  B5 24                    		mov	ch,24h			; '$' 
 142A  8A C8                    		mov	cl,al 
 142C  B0 FF                    		mov	al,0FFh 
 142E  2E: FF 16 2000           		call	word ptr cs:[2000h] 
 1433  5E                       		pop	si 
 1434  C6 06 9EED 00            		mov	byte ptr ds:data_126e,0 
 1439  C6 06 9EEF 00            		mov	byte ptr ds:data_128e,0 
 143E  C6 06 9EEE 00            		mov	byte ptr ds:data_127e,0 
 1443  C6 06 9EF0 FF            		mov	byte ptr ds:data_129e,0FFh 
 1448  BB 0058                  		mov	bx,58h 
 144B  59                       		pop	cx 
 144C                           loc_279: 
 144C  89 1E 9EF2               		mov	ds:data_131e,bx 
 1450  88 0E 9EF4               		mov	ds:data_132e,cl 
 1454  AC                       		lodsb				; String [si] to al 
 1455  32 E4                    		xor	ah,ah			; Zero register 
 1457  03 D8                    		add	bx,ax 
 1459                           loc_280: 
 1459  AC                       		lodsb				; String [si] to al 
 145A  3C FF                    		cmp	al,0FFh 
 145C  75 01                    		jne	loc_281			; Jump if not equal 
                                		retn 
 145E  C3                     1                 db     0C3h
 145F                           loc_281: 
 145F  3C 2F                    		cmp	al,2Fh			; '/' 
 1461  74 12                    		je	loc_282			; Jump if equal 
 1463  B4 01                    		mov	ah,1 
 1465  51                       		push	cx 
 1466  53                       		push	bx 
 1467  56                       		push	si 
 1468  2E: FF 16 2022           		call	word ptr cs:[2022h] 
 146D  5E                       		pop	si 
 146E  5B                       		pop	bx 
 146F  59                       		pop	cx 
 1470  83 C3 08                 		add	bx,8 
 1473  EB E4                    		jmp	short loc_280 
 1475                           loc_282: 
 1475  8B 1E 9EF2               		mov	bx,ds:data_131e 
 1479  8A 0E 9EF4               		mov	cl,ds:data_132e 
 147D  80 C1 0C                 		add	cl,0Ch 
 1480  EB CA                    		jmp	short loc_279 
                                sub_52		endp 
                                 
                                 
                                ;ﬂﬂﬂﬂﬂﬂﬂﬂﬂﬂﬂﬂﬂﬂﬂﬂﬂﬂﬂﬂﬂﬂﬂﬂﬂﬂﬂﬂﬂﬂﬂﬂﬂﬂﬂﬂﬂﬂﬂﬂﬂﬂﬂﬂﬂﬂﬂﬂﬂﬂﬂﬂﬂﬂﬂﬂﬂﬂﬂﬂﬂﬂﬂﬂﬂﬂﬂﬂﬂﬂﬂﬂﬂﬂ 
                                ;                              SUBROUTINE 
                                ;‹‹‹‹‹‹‹‹‹‹‹‹‹‹‹‹‹‹‹‹‹‹‹‹‹‹‹‹‹‹‹‹‹‹‹‹‹‹‹‹‹‹‹‹‹‹‹‹‹‹‹‹‹‹‹‹‹‹‹‹‹‹‹‹‹‹‹‹‹‹‹‹‹‹ 
                                 
 1482                           sub_53		proc	near 
 1482  A0 0084                  		mov	al,byte ptr ds:[84h] 
 1485  B1 1C                    		mov	cl,1Ch 
Microsoft (R) Macro Assembler  Version 4.00                 3/29/26 15:13:40

                                                            Page     1-55
                                                            

 1487  F6 E1                    		mul	cl			; ax = reg * al 
 1489  8A 0E 0083               		mov	cl,byte ptr ds:[83h] 
 148D  32 ED                    		xor	ch,ch			; Zero register 
 148F  03 C1                    		add	ax,cx 
 1491  05 E900                  		add	ax,0E900h 
 1494  8B F8                    		mov	di,ax 
 1496  0E                       		push	cs 
 1497  07                       		pop	es 
 1498  B0 FF                    		mov	al,0FFh 
 149A  B9 0003                  		mov	cx,3 
                                 
 149D                           locloop_283: 
 149D  AA                       		stosb				; Store al to es:[di] 
 149E  AA                       		stosb				; Store al to es:[di] 
 149F  AA                       		stosb				; Store al to es:[di] 
 14A0  83 C7 19                 		add	di,19h 
 14A3  E2 F8                    		loop	locloop_283		; Loop if cx > 0 
                                 
                                		retn 
 14A5  C3                     1                 db     0C3h
                                sub_53		endp 
                                 
                                 
                                ;ﬂﬂﬂﬂﬂﬂﬂﬂﬂﬂﬂﬂﬂﬂﬂﬂﬂﬂﬂﬂﬂﬂﬂﬂﬂﬂﬂﬂﬂﬂﬂﬂﬂﬂﬂﬂﬂﬂﬂﬂﬂﬂﬂﬂﬂﬂﬂﬂﬂﬂﬂﬂﬂﬂﬂﬂﬂﬂﬂﬂﬂﬂﬂﬂﬂﬂﬂﬂﬂﬂﬂﬂﬂﬂ 
                                ;                              SUBROUTINE 
                                ;‹‹‹‹‹‹‹‹‹‹‹‹‹‹‹‹‹‹‹‹‹‹‹‹‹‹‹‹‹‹‹‹‹‹‹‹‹‹‹‹‹‹‹‹‹‹‹‹‹‹‹‹‹‹‹‹‹‹‹‹‹‹‹‹‹‹‹‹‹‹‹‹‹‹ 
                                 
 14A6                           sub_54		proc	near 
 14A6  80 3E 009E 02            		cmp	byte ptr ds:[9Eh],2 
 14AB  75 01                    		jne	loc_284			; Jump if not equal 
                                		retn 
 14AD  C3                     1                 db     0C3h
 14AE                           loc_284: 
 14AE  C6 06 9F17 00            		mov	byte ptr ds:data_159e,0 
 14B3  E8 0DB6 R                		call	sub_37 
 14B6  B9 0003                  		mov	cx,3 
 14B9  F6 06 FF38 FF            		test	byte ptr ds:data_230e,0FFh 
 14BE  74 07                    		jz	locloop_285		; Jump if zero 
 14C0  83 C6 24                 		add	si,24h 
 14C3  E8 0D87 R                		call	sub_34 
 14C6  49                       		dec	cx 
                                 
 14C7                           locloop_285: 
 14C7  51                       		push	cx 
 14C8  B9 0003                  		mov	cx,3 
                                 
 14CB                           locloop_286: 
 14CB  51                       		push	cx 
 14CC  8A 04                    		mov	al,[si] 
 14CE  46                       		inc	si 
 14CF  E8 13C6 R                		call	sub_49 
 14D2  75 05                    		jnz	loc_287			; Jump if not zero 
 14D4  C6 06 9F17 FF            		mov	byte ptr ds:data_159e,0FFh 
 14D9                           loc_287: 
 14D9  59                       		pop	cx 
Microsoft (R) Macro Assembler  Version 4.00                 3/29/26 15:13:40

                                                            Page     1-56
                                                            

 14DA  E2 EF                    		loop	locloop_286		; Loop if cx > 0 
                                 
 14DC  83 C6 21                 		add	si,21h 
 14DF  E8 0D87 R                		call	sub_34 
 14E2  59                       		pop	cx 
 14E3  E2 E2                    		loop	locloop_285		; Loop if cx > 0 
                                 
 14E5  F6 06 FF39 FF            		test	byte ptr ds:data_231e,0FFh 
 14EA  75 0D                    		jnz	loc_288			; Jump if not zero 
 14EC  46                       		inc	si 
 14ED  8A 04                    		mov	al,[si] 
 14EF  E8 13C6 R                		call	sub_49 
 14F2  75 05                    		jnz	loc_288			; Jump if not zero 
 14F4  C6 06 9F17 FF            		mov	byte ptr ds:data_159e,0FFh 
 14F9                           loc_288: 
 14F9  F6 06 9F17 FF            		test	byte ptr ds:data_159e,0FFh 
 14FE  75 01                    		jnz	loc_289			; Jump if not zero 
                                		retn 
 1500  C3                     1                 db     0C3h
 1501                           loc_289: 
 1501  C6 06 FF36 FF            		mov	byte ptr ds:data_228e,0FFh 
 1506  C6 06 FF75 09            		mov	byte ptr ds:data_247e,9 
 150B  8A 1E C012               		mov	bl,ds:data_196e 
 150F  FE CB                    		dec	bl 
 1511  32 FF                    		xor	bh,bh			; Zero register 
 1513  8A 87 7516               		mov	al,ds:data_99e[bx] 
 1517  32 E4                    		xor	ah,ah			; Zero register 
 1519  E9 168B R                		jmp	loc_310 
                                			                        ;* No entry point to code 
 151C  01 01                    		add	[bx+di],ax 
 151E  04 08                    		add	al,8 
 1520  14 14                    		adc	al,14h 
 1522  14 14                    		adc	al,14h 
 1524  14 F6                    		adc	al,0F6h 
 1526  06                       		push	es 
 1527  34 FF                    		xor	al,0FFh 
 1529  FF 74 08                 		push	word ptr [si+8] 
 152C  F6 06 FF2E FF            		test	byte ptr ds:data_221e,0FFh 
 1531  74 01                    		jz	loc_290			; Jump if zero 
                                		retn 
 1533  C3                     1                 db     0C3h
 1534                           loc_290: 
 1534  C7 06 9F12 0000          		mov	word ptr ds:data_155e,0 
 153A  E8 0DB6 R                		call	sub_37 
 153D  4E                       		dec	si 
 153E  BF 9F0E                  		mov	di,9F0Eh 
 1541  BB 7651                  		mov	bx,7651h 
 1544  F6 06 FF38 FF            		test	byte ptr ds:data_230e,0FFh 
 1549  75 09                    		jnz	loc_291			; Jump if not zero 
 154B  BB 763E                  		mov	bx,763Eh 
 154E  83 EE 24                 		sub	si,24h 
 1551  E8 0D93 R                		call	sub_35 
 1554                           loc_291: 
 1554  53                       		push	bx 
 1555  57                       		push	di 
Microsoft (R) Macro Assembler  Version 4.00                 3/29/26 15:13:40

                                                            Page     1-57
                                                            

 1556  56                       		push	si 
 1557  FF D3                    		call	bx			;* 
 1559  1A C0                    		sbb	al,al 
 155B  88 05                    		mov	[di],al 
 155D  74 03                    		jz	loc_292			; Jump if zero 
 155F  E8 15C0 R                		call	sub_56 
 1562                           loc_292: 
 1562  5E                       		pop	si 
 1563  5F                       		pop	di 
 1564  5B                       		pop	bx 
 1565  46                       		inc	si 
 1566  47                       		inc	di 
 1567  53                       		push	bx 
 1568  57                       		push	di 
 1569  56                       		push	si 
 156A  FF D3                    		call	bx			;* 
 156C  72 03                    		jc	loc_293			; Jump if carry Set 
 156E  E8 1664 R                		call	sub_59 
 1571                           loc_293: 
 1571  1A C0                    		sbb	al,al 
 1573  88 05                    		mov	[di],al 
 1575  74 03                    		jz	loc_294			; Jump if zero 
 1577  E8 15C0 R                		call	sub_56 
 157A                           loc_294: 
 157A  5E                       		pop	si 
 157B  5F                       		pop	di 
 157C  5B                       		pop	bx 
 157D  46                       		inc	si 
 157E  47                       		inc	di 
 157F  53                       		push	bx 
 1580  57                       		push	di 
 1581  56                       		push	si 
 1582  FF D3                    		call	bx			;* 
 1584  72 03                    		jc	loc_295			; Jump if carry Set 
 1586  E8 1664 R                		call	sub_59 
 1589                           loc_295: 
 1589  1A C0                    		sbb	al,al 
 158B  88 05                    		mov	[di],al 
 158D  74 03                    		jz	loc_296			; Jump if zero 
 158F  E8 15D4 R                		call	sub_57 
 1592                           loc_296: 
 1592  5E                       		pop	si 
 1593  5F                       		pop	di 
 1594  5B                       		pop	bx 
 1595  46                       		inc	si 
 1596  47                       		inc	di 
 1597  FF D3                    		call	bx			;* 
 1599  1A C0                    		sbb	al,al 
 159B  88 05                    		mov	[di],al 
 159D  74 03                    		jz	loc_297			; Jump if zero 
 159F  E8 15D4 R                		call	sub_57 
 15A2                           loc_297: 
 15A2  BF 9F0E                  		mov	di,data_153e 
 15A5  8A 05                    		mov	al,[di] 
 15A7  0A 45 01                 		or	al,[di+1] 
Microsoft (R) Macro Assembler  Version 4.00                 3/29/26 15:13:40

                                                            Page     1-58
                                                            

 15AA  0A 45 02                 		or	al,[di+2] 
 15AD  0A 45 03                 		or	al,[di+3] 
 15B0  A2 9F14                  		mov	ds:data_156e,al 
 15B3  A2 FF36                  		mov	ds:data_228e,al 
 15B6  0A C0                    		or	al,al			; Zero ? 
 15B8  74 05                    		jz	loc_ret_298		; Jump if zero 
 15BA  2E: FF 16 201A           		call	word ptr cs:[201Ah] 
                                 
 15BF                           loc_ret_298: 
                                		retn 
 15BF  C3                     1                 db     0C3h
                                 
                                ;ﬂﬂﬂﬂ External Entry into Subroutine ﬂﬂﬂﬂﬂﬂﬂﬂﬂﬂﬂﬂﬂﬂﬂﬂﬂﬂﬂﬂﬂﬂﬂﬂﬂﬂﬂﬂﬂﬂﬂﬂﬂﬂﬂﬂﬂﬂ 
                                 
 15C0                           sub_56: 
 15C0  F6 06 00E8 FF            		test	byte ptr ds:[0E8h],0FFh 
 15C5  74 01                    		jz	loc_299			; Jump if zero 
                                		retn 
 15C7  C3                     1                 db     0C3h
 15C8                           loc_299: 
 15C8  A1 9F12                  		mov	ax,ds:data_155e 
 15CB  F6 06 00C2 01            		test	byte ptr ds:[0C2h],1 
 15D0  74 45                    		jz	loc_304			; Jump if zero 
 15D2  EB 14                    		jmp	short loc_301 
                                 
                                ;ﬂﬂﬂﬂ External Entry into Subroutine ﬂﬂﬂﬂﬂﬂﬂﬂﬂﬂﬂﬂﬂﬂﬂﬂﬂﬂﬂﬂﬂﬂﬂﬂﬂﬂﬂﬂﬂﬂﬂﬂﬂﬂﬂﬂﬂﬂ 
                                 
 15D4                           sub_57: 
 15D4  F6 06 00E8 FF            		test	byte ptr ds:[0E8h],0FFh 
 15D9  74 01                    		jz	loc_300			; Jump if zero 
                                		retn 
 15DB  C3                     1                 db     0C3h
 15DC                           loc_300: 
 15DC  A1 9F12                  		mov	ax,ds:data_155e 
 15DF  F6 06 00C2 01            		test	byte ptr ds:[0C2h],1 
 15E4  75 31                    		jnz	loc_304			; Jump if not zero 
 15E6  EB 00                    		jmp	short loc_301 
 15E8                           loc_301: 
 15E8  F6 06 0093 FF            		test	byte ptr ds:[93h],0FFh 
 15ED  74 28                    		jz	loc_304			; Jump if zero 
 15EF  D1 E8                    		shr	ax,1			; Shift w/zeros fill 
 15F1  8A 0E 0093               		mov	cl,byte ptr ds:[93h] 
 15F5  FE C1                    		inc	cl 
 15F7  D0 E9                    		shr	cl,1			; Shift w/zeros fill 
 15F9  D3 E8                    		shr	ax,cl			; Shift w/zeros fill 
 15FB  29 06 0094               		sub	word ptr ds:[94h],ax 
 15FF  72 02                    		jc	loc_302			; Jump if carry Set 
 1601  75 0B                    		jnz	loc_303			; Jump if not zero 
 1603                           loc_302: 
 1603  50                       		push	ax 
 1604  E8 1620 R                		call	sub_58 
 1607  C7 06 0094 0000          		mov	word ptr ds:[94h],0 
 160D  58                       		pop	ax 
 160E                           loc_303: 
 160E  E8 168B R                		call	sub_60 
Microsoft (R) Macro Assembler  Version 4.00                 3/29/26 15:13:40

                                                            Page     1-59
                                                            

 1611  C6 06 FF75 08            		mov	byte ptr ds:data_247e,8 
                                		retn 
 1616  C3                     1                 db     0C3h
 1617                           loc_304: 
 1617  E8 168B R                		call	sub_60 
 161A  C6 06 FF75 09            		mov	byte ptr ds:data_247e,9 
                                		retn 
 161F  C3                     1                 db     0C3h
                                 
                                ;ﬂﬂﬂﬂ External Entry into Subroutine ﬂﬂﬂﬂﬂﬂﬂﬂﬂﬂﬂﬂﬂﬂﬂﬂﬂﬂﬂﬂﬂﬂﬂﬂﬂﬂﬂﬂﬂﬂﬂﬂﬂﬂﬂﬂﬂﬂ 
                                 
 1620                           sub_58: 
 1620  C6 06 0093 00            		mov	byte ptr ds:[93h],0 
 1625  BB C51C                  		mov	bx,0C51Ch 
 1628  B0 FF                    		mov	al,0FFh 
 162A  B5 18                    		mov	ch,18h 
 162C  2E: FF 16 2004           		call	word ptr cs:[2004h] 
 1631  BB 3EA3                  		mov	bx,3EA3h 
 1634  B9 0511                  		mov	cx,511h 
 1637  32 C0                    		xor	al,al			; Zero register 
 1639  2E: FF 16 2000           		call	word ptr cs:[2000h] 
 163E  BA 9AB4                  		mov	dx,9AB4h 
 1641  E9 13E6 R                		jmp	loc_278 
                                			                        ;* No entry point to code 
 1644  E8 0DD0 R                		call	sub_38 
 1647  72 08                    		jc	loc_305			; Jump if carry Set 
 1649  A8 40                    		test	al,40h			; '@' 
 164B  75 04                    		jnz	loc_305			; Jump if not zero 
 164D  24 0F                    		and	al,0Fh 
 164F  EB 2A                    		jmp	short loc_309 
 1651                           loc_305: 
 1651  83 C6 24                 		add	si,24h 
 1654  E8 0D87 R                		call	sub_34 
 1657  E8 0DD0 R                		call	sub_38 
 165A  72 08                    		jc	loc_306			; Jump if carry Set 
 165C  A8 40                    		test	al,40h			; '@' 
 165E  75 04                    		jnz	loc_306			; Jump if not zero 
 1660  24 0F                    		and	al,0Fh 
 1662  EB 17                    		jmp	short loc_309 
                                 
                                ;ﬂﬂﬂﬂ External Entry into Subroutine ﬂﬂﬂﬂﬂﬂﬂﬂﬂﬂﬂﬂﬂﬂﬂﬂﬂﬂﬂﬂﬂﬂﬂﬂﬂﬂﬂﬂﬂﬂﬂﬂﬂﬂﬂﬂﬂﬂ 
                                 
 1664                           sub_59: 
 1664                           loc_306: 
 1664  83 C6 24                 		add	si,24h 
 1667  E8 0D87 R                		call	sub_34 
 166A  E8 0DD0 R                		call	sub_38 
 166D  F5                       		cmc				; Complement carry 
 166E  72 01                    		jc	loc_307			; Jump if carry Set 
                                		retn 
 1670  C3                     1                 db     0C3h
 1671                           loc_307: 
 1671  F8                       		clc				; Clear carry flag 
 1672  A8 40                    		test	al,40h			; '@' 
 1674  74 01                    		jz	loc_308			; Jump if zero 
Microsoft (R) Macro Assembler  Version 4.00                 3/29/26 15:13:40

                                                            Page     1-60
                                                            

                                		retn 
 1676  C3                     1                 db     0C3h
 1677                           loc_308: 
 1677  24 0F                    		and	al,0Fh 
 1679  EB 00                    		jmp	short loc_309 
 167B                           loc_309: 
 167B  8A D8                    		mov	bl,al 
 167D  32 FF                    		xor	bh,bh			; Zero register 
 167F  8A 87 A010               		mov	al,ds:data_186e[bx] 
 1683  32 E4                    		xor	ah,ah			; Zero register 
 1685  01 06 9F12               		add	ds:data_155e,ax 
 1689  F9                       		stc				; Set carry flag 
                                		retn 
 168A  C3                     1                 db     0C3h
                                 
                                ;ﬂﬂﬂﬂ External Entry into Subroutine ﬂﬂﬂﬂﬂﬂﬂﬂﬂﬂﬂﬂﬂﬂﬂﬂﬂﬂﬂﬂﬂﬂﬂﬂﬂﬂﬂﬂﬂﬂﬂﬂﬂﬂﬂﬂﬂﬂ 
                                 
 168B                           sub_60: 
 168B                           loc_310: 
 168B  29 06 0090               		sub	word ptr ds:[90h],ax 
 168F  73 06                    		jnc	loc_311			; Jump if carry=0 
 1691  C7 06 0090 0000          		mov	word ptr ds:[90h],0 
 1697                           loc_311: 
 1697  56                       		push	si 
 1698  2E: FF 16 2008           		call	word ptr cs:[2008h] 
 169D  5E                       		pop	si 
                                		retn 
 169E  C3                     1                 db     0C3h
                                sub_54		endp 
                                 
                                 
                                ;ﬂﬂﬂﬂﬂﬂﬂﬂﬂﬂﬂﬂﬂﬂﬂﬂﬂﬂﬂﬂﬂﬂﬂﬂﬂﬂﬂﬂﬂﬂﬂﬂﬂﬂﬂﬂﬂﬂﬂﬂﬂﬂﬂﬂﬂﬂﬂﬂﬂﬂﬂﬂﬂﬂﬂﬂﬂﬂﬂﬂﬂﬂﬂﬂﬂﬂﬂﬂﬂﬂﬂﬂﬂﬂ 
                                ;                              SUBROUTINE 
                                ;‹‹‹‹‹‹‹‹‹‹‹‹‹‹‹‹‹‹‹‹‹‹‹‹‹‹‹‹‹‹‹‹‹‹‹‹‹‹‹‹‹‹‹‹‹‹‹‹‹‹‹‹‹‹‹‹‹‹‹‹‹‹‹‹‹‹‹‹‹‹‹‹‹‹ 
                                 
 169F                           sub_61		proc	near 
 169F  C6 06 9F15 00            		mov	byte ptr ds:data_157e,0 
 16A4  E8 0DB6 R                		call	sub_37 
 16A7  83 C6 49                 		add	si,49h 
 16AA  E8 0D87 R                		call	sub_34 
 16AD  B9 0003                  		mov	cx,3 
                                 
 16B0                           locloop_312: 
 16B0  51                       		push	cx 
 16B1  E8 16BE R                		call	sub_62 
 16B4  83 EE 24                 		sub	si,24h 
 16B7  E8 0D93 R                		call	sub_35 
 16BA  59                       		pop	cx 
 16BB  E2 F3                    		loop	locloop_312		; Loop if cx > 0 
                                 
                                		retn 
 16BD  C3                     1                 db     0C3h
                                sub_61		endp 
                                 
                                 
Microsoft (R) Macro Assembler  Version 4.00                 3/29/26 15:13:40

                                                            Page     1-61
                                                            

                                ;ﬂﬂﬂﬂﬂﬂﬂﬂﬂﬂﬂﬂﬂﬂﬂﬂﬂﬂﬂﬂﬂﬂﬂﬂﬂﬂﬂﬂﬂﬂﬂﬂﬂﬂﬂﬂﬂﬂﬂﬂﬂﬂﬂﬂﬂﬂﬂﬂﬂﬂﬂﬂﬂﬂﬂﬂﬂﬂﬂﬂﬂﬂﬂﬂﬂﬂﬂﬂﬂﬂﬂﬂﬂﬂ 
                                ;                              SUBROUTINE 
                                ;‹‹‹‹‹‹‹‹‹‹‹‹‹‹‹‹‹‹‹‹‹‹‹‹‹‹‹‹‹‹‹‹‹‹‹‹‹‹‹‹‹‹‹‹‹‹‹‹‹‹‹‹‹‹‹‹‹‹‹‹‹‹‹‹‹‹‹‹‹‹‹‹‹‹ 
                                 
 16BE                           sub_62		proc	near 
 16BE  8A 04                    		mov	al,[si] 
 16C0  56                       		push	si 
 16C1  E8 16FC R                		call	sub_63 
 16C4  5E                       		pop	si 
 16C5  74 01                    		jz	loc_314			; Jump if zero 
                                		retn 
 16C7  C3                     1                 db     0C3h
 16C8                           loc_314: 
 16C8  58                       		pop	ax 
 16C9  58                       		pop	ax 
 16CA  8A D9                    		mov	bl,cl 
 16CC  32 FF                    		xor	bh,bh			; Zero register 
 16CE  03 DB                    		add	bx,bx 
 16D0  FF A7 76CE               		jmp	word ptr ds:data_100e[bx]	;* 
                                sub_62		endp 
                                 
                                			                        ;* No entry point to code 
                                ;*		aam	76h			; 'v' undocumented inst 
 16D4  D4 0A                    				aam 76h			; was: db 0D4h,076h 
200FIGHT.asm(3032) : error 1: Extra characters on line 
                                ;*                         lock	jbe	loc_313			;*Jump if below or = 
 16D6  F0/ 76 00                				lock jna 16C2h			; was: db 0F0h,076h,0EAh 
200FIGHT.asm(3034) : error 56: No immediate mode 
                                ;*		jbe	loc_313			;*Jump if below or = 
 16D9  76 00                    				jna 16C2h			; was: db 076h,0E8h 
200FIGHT.asm(3036) : error 56: No immediate mode 
 16DB  4A                       		dec	dx 
 16DC  EF                       		out	dx,ax			; port 0FFFFh ??I/O Non-standard 
 16DD  E8 0626 R                		call	sub_11 
 16E0  C6 06 9F15 FF            		mov	byte ptr ds:data_157e,0FFh 
 16E5  C6 06 FF3D 00            		mov	byte ptr ds:data_234e,0 
 16EA  C6 06 00E7 80            		mov	byte ptr ds:[0E7h],80h 
                                		retn 
 16EF  C3                     1                 db     0C3h
                                			                        ;* No entry point to code 
 16F0  E8 0851 R                		call	sub_16 
 16F3  E9 0851 R                		jmp	loc_116 
                                			                        ;* No entry point to code 
 16F6  E8 06AA R                		call	sub_13 
 16F9  E9 06AA R                		jmp	loc_87 
                                 
                                ;ﬂﬂﬂﬂﬂﬂﬂﬂﬂﬂﬂﬂﬂﬂﬂﬂﬂﬂﬂﬂﬂﬂﬂﬂﬂﬂﬂﬂﬂﬂﬂﬂﬂﬂﬂﬂﬂﬂﬂﬂﬂﬂﬂﬂﬂﬂﬂﬂﬂﬂﬂﬂﬂﬂﬂﬂﬂﬂﬂﬂﬂﬂﬂﬂﬂﬂﬂﬂﬂﬂﬂﬂﬂﬂ 
                                ;                              SUBROUTINE 
                                ;‹‹‹‹‹‹‹‹‹‹‹‹‹‹‹‹‹‹‹‹‹‹‹‹‹‹‹‹‹‹‹‹‹‹‹‹‹‹‹‹‹‹‹‹‹‹‹‹‹‹‹‹‹‹‹‹‹‹‹‹‹‹‹‹‹‹‹‹‹‹‹‹‹‹ 
                                 
 16FC                           sub_63		proc	near 
 16FC  0A C0                    		or	al,al			; Zero ? 
 16FE  74 4F                    		jz	loc_323			; Jump if zero 
 1700  2E: 8E 06 FF2C           		mov	es,cs:data_220e 
 1705  8A F8                    		mov	bh,al 
Microsoft (R) Macro Assembler  Version 4.00                 3/29/26 15:13:40

                                                            Page     1-62
                                                            

 1707  32 C9                    		xor	cl,cl			; Zero register 
 1709  BE 8024                  		mov	si,data_5e 
 170C  B3 04                    		mov	bl,4 
 170E                           loc_315: 
 170E  26: 8A 04                		mov	al,es:[si] 
 1711  46                       		inc	si 
 1712  0A C0                    		or	al,al			; Zero ? 
 1714  74 09                    		jz	loc_317			; Jump if zero 
 1716  3A C7                    		cmp	al,bh 
 1718  75 01                    		jne	loc_316			; Jump if not equal 
                                		retn 
 171A  C3                     1                 db     0C3h
 171B                           loc_316: 
 171B  FE CB                    		dec	bl 
 171D  75 EF                    		jnz	loc_315			; Jump if not zero 
 171F                           loc_317: 
 171F  FE C1                    		inc	cl 
 1721  BE 8028                  		mov	si,data_6e 
 1724  B3 04                    		mov	bl,4 
 1726                           loc_318: 
 1726  26: 8A 04                		mov	al,es:[si] 
 1729  46                       		inc	si 
 172A  0A C0                    		or	al,al			; Zero ? 
 172C  74 09                    		jz	loc_320			; Jump if zero 
 172E  3A C7                    		cmp	al,bh 
 1730  75 01                    		jne	loc_319			; Jump if not equal 
                                		retn 
 1732  C3                     1                 db     0C3h
 1733                           loc_319: 
 1733  FE CB                    		dec	bl 
 1735  75 EF                    		jnz	loc_318			; Jump if not zero 
 1737                           loc_320: 
 1737  FE C1                    		inc	cl 
 1739  BE 802C                  		mov	si,data_7e 
 173C  B3 04                    		mov	bl,4 
 173E                           loc_321: 
 173E  26: 8A 04                		mov	al,es:[si] 
 1741  46                       		inc	si 
 1742  0A C0                    		or	al,al			; Zero ? 
 1744  74 09                    		jz	loc_323			; Jump if zero 
 1746  3A C7                    		cmp	al,bh 
 1748  75 01                    		jne	loc_322			; Jump if not equal 
                                		retn 
 174A  C3                     1                 db     0C3h
 174B                           loc_322: 
 174B  FE CB                    		dec	bl 
 174D  75 EF                    		jnz	loc_321			; Jump if not zero 
 174F                           loc_323: 
 174F  B1 FF                    		mov	cl,0FFh 
 1751  0A C9                    		or	cl,cl			; Zero ? 
                                		retn 
 1753  C3                     1                 db     0C3h
                                sub_63		endp 
                                 
                                 
Microsoft (R) Macro Assembler  Version 4.00                 3/29/26 15:13:40

                                                            Page     1-63
                                                            

                                ;ﬂﬂﬂﬂﬂﬂﬂﬂﬂﬂﬂﬂﬂﬂﬂﬂﬂﬂﬂﬂﬂﬂﬂﬂﬂﬂﬂﬂﬂﬂﬂﬂﬂﬂﬂﬂﬂﬂﬂﬂﬂﬂﬂﬂﬂﬂﬂﬂﬂﬂﬂﬂﬂﬂﬂﬂﬂﬂﬂﬂﬂﬂﬂﬂﬂﬂﬂﬂﬂﬂﬂﬂﬂﬂ 
                                ;                              SUBROUTINE 
                                ;‹‹‹‹‹‹‹‹‹‹‹‹‹‹‹‹‹‹‹‹‹‹‹‹‹‹‹‹‹‹‹‹‹‹‹‹‹‹‹‹‹‹‹‹‹‹‹‹‹‹‹‹‹‹‹‹‹‹‹‹‹‹‹‹‹‹‹‹‹‹‹‹‹‹ 
                                 
 1754                           sub_64		proc	near 
 1754  A1 C013                  		mov	ax,ds:data_197e 
 1757  3D FFFF                  		cmp	ax,0FFFFh 
 175A  74 6B                    		je	loc_328			; Jump if equal 
 175C  E8 36AD R                		call	sub_141 
 175F  72 66                    		jc	loc_328			; Jump if carry Set 
 1761  A0 0083                  		mov	al,byte ptr ds:[83h] 
 1764  04 04                    		add	al,4 
 1766  8A E0                    		mov	ah,al 
 1768  2A C3                    		sub	al,bl 
 176A  73 02                    		jnc	loc_324			; Jump if carry=0 
 176C  F6 D8                    		neg	al 
 176E                           loc_324: 
 176E  8A F8                    		mov	bh,al 
 1770  2A DC                    		sub	bl,ah 
 1772  73 02                    		jnc	loc_325			; Jump if carry=0 
 1774  F6 DB                    		neg	bl 
 1776                           loc_325: 
 1776  3A DF                    		cmp	bl,bh 
 1778  72 02                    		jb	loc_326			; Jump if below 
 177A  8A DF                    		mov	bl,bh 
 177C                           loc_326: 
 177C  88 1E 9F2C               		mov	ds:data_179e,bl 
 1780  8A 1E C015               		mov	bl,ds:data_198e 
 1784  8A 3E FF35               		mov	bh,ds:data_227e 
 1788  8A C7                    		mov	al,bh 
 178A  2A C3                    		sub	al,bl 
 178C  24 3F                    		and	al,3Fh			; '?' 
 178E  2A DF                    		sub	bl,bh 
 1790  80 E3 3F                 		and	bl,3Fh			; '?' 
 1793  3A D8                    		cmp	bl,al 
 1795  72 02                    		jb	loc_327			; Jump if below 
 1797  8A D8                    		mov	bl,al 
 1799                           loc_327: 
 1799  88 1E 9F2D               		mov	ds:data_180e,bl 
 179D  80 3E 9F2C 10            		cmp	byte ptr ds:data_179e,10h 
 17A2  73 23                    		jae	loc_328			; Jump if above or = 
 17A4  A0 9F2C                  		mov	al,ds:data_179e 
 17A7  BB 77C7                  		mov	bx,data_101e 
 17AA  D7                       		xlat				; al=[al+[bx]] table 
 17AB  8A D0                    		mov	dl,al 
 17AD  80 3E 9F2D 10            		cmp	byte ptr ds:data_180e,10h 
 17B2  73 13                    		jae	loc_328			; Jump if above or = 
 17B4  A0 9F2D                  		mov	al,ds:data_180e 
 17B7  BB 77C7                  		mov	bx,data_101e 
 17BA  D7                       		xlat				; al=[al+[bx]] table 
 17BB  02 C2                    		add	al,dl 
 17BD  72 08                    		jc	loc_328			; Jump if carry Set 
 17BF  BB 77D7                  		mov	bx,data_102e 
 17C2  D7                       		xlat				; al=[al+[bx]] table 
 17C3  A2 FF08                  		mov	ds:data_214e,al 
Microsoft (R) Macro Assembler  Version 4.00                 3/29/26 15:13:40

                                                            Page     1-64
                                                            

                                		retn 
 17C6  C3                     1                 db     0C3h
 17C7                           loc_328: 
 17C7  C6 06 FF08 00            		mov	byte ptr ds:data_214e,0 
                                		retn 
 17CC  C3                     1                 db     0C3h
                                sub_64		endp 
                                 
 17CD  00 01 04 09 10 19        		db	 00h, 01h, 04h, 09h, 10h, 19h 
 17D3  24 31 40 51 64 79        		db	 24h, 31h, 40h, 51h, 64h, 79h 
 17D9  90 A9 C4 E1              		db	 90h,0A9h,0C4h,0E1h 
 17DD  0011[                    		db	17 dup (0Fh) 
            0F                  
                         ]      
                                
 17EE  0014[                    		db	20 dup (0Eh) 
            0E                  
                         ]      
                                
 1802  0D 0D 0D 0D 0D 0D 0D     		db	0Dh, 0Dh, 0Dh, 0Dh, 0Dh, 0Dh, 0Dh 
 1809  0D 0D 0D 0D 0D 0D 0D     		db	0Dh, 0Dh, 0Dh, 0Dh, 0Dh, 0Dh, 0Dh 
 1810  0D 0D 0D 0D 0D 0D 0D     		db	0Dh, 0Dh, 0Dh, 0Dh, 0Dh, 0Dh, 0Dh 
 1817  0D 0D 0D 0D 0D 0D 0D     		db	0Dh, 0Dh, 0Dh, 0Dh, 0Dh, 0Dh, 0Dh 
 181E  0C 0C 0C 0C 0C 0C 0C     		db	0Ch, 0Ch, 0Ch, 0Ch, 0Ch, 0Ch, 0Ch 
 1825  0C 0C 0C 0C 0C 0C 0C     		db	0Ch, 0Ch, 0Ch, 0Ch, 0Ch, 0Ch, 0Ch 
 182C  0C 0C 0C 0C 0C 0C 0C     		db	0Ch, 0Ch, 0Ch, 0Ch, 0Ch, 0Ch, 0Ch 
 1833  0C 0C 0C 0C 0C 0C 0C     		db	0Ch, 0Ch, 0Ch, 0Ch, 0Ch, 0Ch, 0Ch 
 183A  0C 0C 0C 0C 0C 0C 0C     		db	0Ch, 0Ch, 0Ch, 0Ch, 0Ch, 0Ch, 0Ch 
 1841  0C 0A 0A 0A 0A 0A 0A     		db	0Ch, 0Ah, 0Ah, 0Ah, 0Ah, 0Ah, 0Ah 
 1848  0A 0A 0A 0A 0A 0A 0A     		db	0Ah, 0Ah, 0Ah, 0Ah, 0Ah, 0Ah, 0Ah 
 184F  0A 0A 0A 0A 0A 0A 0A     		db	0Ah, 0Ah, 0Ah, 0Ah, 0Ah, 0Ah, 0Ah 
 1856  0A 0A 0A 0A 0A 0A 0A     		db	0Ah, 0Ah, 0Ah, 0Ah, 0Ah, 0Ah, 0Ah 
 185D  0A 0A 0A 0A 0A 0A 0A     		db	0Ah, 0Ah, 0Ah, 0Ah, 0Ah, 0Ah, 0Ah 
 1864  0A 0A 0A 0A 0A 0A 0A     		db	0Ah, 0Ah, 0Ah, 0Ah, 0Ah, 0Ah, 0Ah 
 186B  0A 0A 0A 08 08 08 08     		db	0Ah, 0Ah, 0Ah, 8, 8, 8, 8, 8, 8, 8 
       08 08 08                 
 1875  08 08 08 08 08 08 08     		db	8, 8, 8, 8, 8, 8, 8, 8, 8, 8, 8, 8 
       08 08 08 08 08           
 1881  08 08 08 08 08 08 08     		db	8, 8, 8, 8, 8, 8, 8, 8, 8, 8, 8, 8 
       08 08 08 08 08           
 188D  08 08 08 08 08 08 08     		db	8, 8, 8, 8, 8, 8, 8, 8, 8, 8, 8, 8 
       08 08 08 08 08           
 1899  08 08 08 08 08 08 08     		db	8, 8, 8, 8, 8, 8, 8, 8, 8 
       08 08                    
 18A2  003B[                    		db	59 dup (6) 
            06                  
                         ]      
                                
                                 
                                ;ﬂﬂﬂﬂﬂﬂﬂﬂﬂﬂﬂﬂﬂﬂﬂﬂﬂﬂﬂﬂﬂﬂﬂﬂﬂﬂﬂﬂﬂﬂﬂﬂﬂﬂﬂﬂﬂﬂﬂﬂﬂﬂﬂﬂﬂﬂﬂﬂﬂﬂﬂﬂﬂﬂﬂﬂﬂﬂﬂﬂﬂﬂﬂﬂﬂﬂﬂﬂﬂﬂﬂﬂﬂﬂ 
                                ;                              SUBROUTINE 
                                ;‹‹‹‹‹‹‹‹‹‹‹‹‹‹‹‹‹‹‹‹‹‹‹‹‹‹‹‹‹‹‹‹‹‹‹‹‹‹‹‹‹‹‹‹‹‹‹‹‹‹‹‹‹‹‹‹‹‹‹‹‹‹‹‹‹‹‹‹‹‹‹‹‹‹ 
                                 
 18DD                           sub_65		proc	near 
 18DD  BB 601C                  		mov	bx,601Ch 
Microsoft (R) Macro Assembler  Version 4.00                 3/29/26 15:13:40

                                                            Page     1-65
                                                            

 18E0  E9 1D88 R                		jmp	loc_367 
                                sub_65		endp 
                                 
                                 
                                ;ﬂﬂﬂﬂﬂﬂﬂﬂﬂﬂﬂﬂﬂﬂﬂﬂﬂﬂﬂﬂﬂﬂﬂﬂﬂﬂﬂﬂﬂﬂﬂﬂﬂﬂﬂﬂﬂﬂﬂﬂﬂﬂﬂﬂﬂﬂﬂﬂﬂﬂﬂﬂﬂﬂﬂﬂﬂﬂﬂﬂﬂﬂﬂﬂﬂﬂﬂﬂﬂﬂﬂﬂﬂﬂ 
                                ;                              SUBROUTINE 
                                ;‹‹‹‹‹‹‹‹‹‹‹‹‹‹‹‹‹‹‹‹‹‹‹‹‹‹‹‹‹‹‹‹‹‹‹‹‹‹‹‹‹‹‹‹‹‹‹‹‹‹‹‹‹‹‹‹‹‹‹‹‹‹‹‹‹‹‹‹‹‹‹‹‹‹ 
                                 
 18E3                           sub_66		proc	near 
 18E3  8B 2E C00A               		mov	bp,ds:data_192e 
 18E7                           loc_329: 
 18E7  3E: 8B 46 00             		mov	ax,ds:[bp] 
 18EB  3D FFFF                  		cmp	ax,0FFFFh 
 18EE  75 01                    		jne	loc_330			; Jump if not equal 
                                		retn 
 18F0  C3                     1                 db     0C3h
 18F1                           loc_330: 
 18F1  E8 1987 R                		call	sub_68 
 18F4  72 43                    		jc	loc_332			; Jump if carry Set 
 18F6  3E: 8A 46 03             		mov	al,ds:[bp+3] 
 18FA  24 07                    		and	al,7 
 18FC  04 61                    		add	al,61h			; 'a' 
 18FE  A2 79B6                  		mov	ds:data_104e,al 
 1901  A2 79CA                  		mov	ds:data_105e,al 
 1904  3E: 8A 46 02             		mov	al,ds:[bp+2] 
 1908  32 E4                    		xor	ah,ah			; Zero register 
 190A  E8 0D73 R                		call	sub_33 
 190D  80 FB 04                 		cmp	bl,4 
 1910  72 2C                    		jb	loc_333			; Jump if below 
 1912  8B CB                    		mov	cx,bx 
 1914  80 EB 27                 		sub	bl,27h			; ''' 
 1917  F6 DB                    		neg	bl 
 1919  FE C3                    		inc	bl 
 191B  8A C3                    		mov	al,bl 
 191D  3C 06                    		cmp	al,6 
 191F  72 02                    		jb	loc_331			; Jump if below 
 1921  B0 05                    		mov	al,5 
 1923                           loc_331: 
 1923  80 E9 04                 		sub	cl,4 
 1926  32 ED                    		xor	ch,ch			; Zero register 
 1928  03 F9                    		add	di,cx 
 192A  BE 79C8                  		mov	si,79C8h 
 192D  3E: F6 46 03 80          		test	byte ptr ds:[bp+3],80h 
 1932  75 23                    		jnz	loc_335			; Jump if not zero 
 1934  BE 79B4                  		mov	si,79B4h 
 1937  EB 1E                    		jmp	short loc_335 
 1939                           loc_332: 
 1939  83 C5 0C                 		add	bp,0Ch 
 193C  EB A9                    		jmp	short loc_329 
 193E                           loc_333: 
 193E  BE 79C8                  		mov	si,79C8h 
 1941  3E: F6 46 03 80          		test	byte ptr ds:[bp+3],80h 
 1946  75 03                    		jnz	loc_334			; Jump if not zero 
 1948  BE 79B4                  		mov	si,data_103e 
 194B                           loc_334: 
Microsoft (R) Macro Assembler  Version 4.00                 3/29/26 15:13:40

                                                            Page     1-66
                                                            

 194B  8A C3                    		mov	al,bl 
 194D  FE C0                    		inc	al 
 194F  B1 05                    		mov	cl,5 
 1951  2A C8                    		sub	cl,al 
 1953  32 ED                    		xor	ch,ch			; Zero register 
 1955  03 F1                    		add	si,cx 
 1957                           loc_335: 
 1957  B9 0004                  		mov	cx,4 
                                 
 195A                           locloop_336: 
 195A  51                       		push	cx 
 195B  50                       		push	ax 
 195C  57                       		push	di 
 195D  56                       		push	si 
 195E                           loc_337: 
 195E  E8 197C R                		call	sub_67 
 1961  47                       		inc	di 
 1962  46                       		inc	si 
 1963  FE C8                    		dec	al 
 1965  75 F7                    		jnz	loc_337			; Jump if not zero 
 1967  5E                       		pop	si 
 1968  83 C6 05                 		add	si,5 
 196B  87 F7                    		xchg	si,di 
 196D  5E                       		pop	si 
 196E  83 C6 24                 		add	si,24h 
 1971  E8 0D87 R                		call	sub_34 
 1974  87 FE                    		xchg	di,si 
 1976  58                       		pop	ax 
 1977  59                       		pop	cx 
 1978  E2 E0                    		loop	locloop_336		; Loop if cx > 0 
                                 
 197A  EB BD                    		jmp	short loc_332 
                                sub_66		endp 
                                 
                                 
                                ;ﬂﬂﬂﬂﬂﬂﬂﬂﬂﬂﬂﬂﬂﬂﬂﬂﬂﬂﬂﬂﬂﬂﬂﬂﬂﬂﬂﬂﬂﬂﬂﬂﬂﬂﬂﬂﬂﬂﬂﬂﬂﬂﬂﬂﬂﬂﬂﬂﬂﬂﬂﬂﬂﬂﬂﬂﬂﬂﬂﬂﬂﬂﬂﬂﬂﬂﬂﬂﬂﬂﬂﬂﬂﬂ 
                                ;                              SUBROUTINE 
                                ;‹‹‹‹‹‹‹‹‹‹‹‹‹‹‹‹‹‹‹‹‹‹‹‹‹‹‹‹‹‹‹‹‹‹‹‹‹‹‹‹‹‹‹‹‹‹‹‹‹‹‹‹‹‹‹‹‹‹‹‹‹‹‹‹‹‹‹‹‹‹‹‹‹‹ 
                                 
 197C                           sub_67		proc	near 
 197C  F6 05 80                 		test	byte ptr [di],80h 
 197F  74 01                    		jz	loc_338			; Jump if zero 
                                		retn 
 1981  C3                     1                 db     0C3h
 1982                           loc_338: 
 1982  8A 14                    		mov	dl,[si] 
 1984  88 15                    		mov	[di],dl 
                                		retn 
 1986  C3                     1                 db     0C3h
                                sub_67		endp 
                                 
                                 
                                ;ﬂﬂﬂﬂﬂﬂﬂﬂﬂﬂﬂﬂﬂﬂﬂﬂﬂﬂﬂﬂﬂﬂﬂﬂﬂﬂﬂﬂﬂﬂﬂﬂﬂﬂﬂﬂﬂﬂﬂﬂﬂﬂﬂﬂﬂﬂﬂﬂﬂﬂﬂﬂﬂﬂﬂﬂﬂﬂﬂﬂﬂﬂﬂﬂﬂﬂﬂﬂﬂﬂﬂﬂﬂﬂ 
                                ;                              SUBROUTINE 
                                ;‹‹‹‹‹‹‹‹‹‹‹‹‹‹‹‹‹‹‹‹‹‹‹‹‹‹‹‹‹‹‹‹‹‹‹‹‹‹‹‹‹‹‹‹‹‹‹‹‹‹‹‹‹‹‹‹‹‹‹‹‹‹‹‹‹‹‹‹‹‹‹‹‹‹ 
Microsoft (R) Macro Assembler  Version 4.00                 3/29/26 15:13:40

                                                            Page     1-67
                                                            

                                 
 1987                           sub_68		proc	near 
 1987  05 0003                  		add	ax,3 
 198A  50                       		push	ax 
 198B  2B 06 C002               		sub	ax,ds:data_188e 
 198F  5B                       		pop	bx 
 1990  73 01                    		jnc	loc_339			; Jump if carry=0 
 1992  93                       		xchg	bx,ax 
 1993                           loc_339: 
 1993  50                       		push	ax 
 1994  2B 06 0080               		sub	ax,word ptr ds:[80h] 
 1998  5B                       		pop	bx 
 1999  72 07                    		jc	loc_340			; Jump if carry Set 
 199B  93                       		xchg	bx,ax 
 199C  B8 0027                  		mov	ax,27h 
 199F  2B C3                    		sub	ax,bx 
                                		retn 
 19A1  C3                     1                 db     0C3h
 19A2                           loc_340: 
 19A2  B8 0027                  		mov	ax,27h 
 19A5  2B C3                    		sub	ax,bx 
 19A7  73 01                    		jnc	loc_341			; Jump if carry=0 
                                		retn 
 19A9  C3                     1                 db     0C3h
 19AA                           loc_341: 
 19AA  A1 C002                  		mov	ax,ds:data_188e 
 19AD  2B 06 0080               		sub	ax,word ptr ds:[80h] 
 19B1  03 C3                    		add	ax,bx 
 19B3  93                       		xchg	bx,ax 
 19B4  B8 0027                  		mov	ax,27h 
 19B7  2B C3                    		sub	ax,bx 
                                		retn 
 19B9  C3                     1                 db     0C3h
                                sub_68		endp 
                                 
 19BA  5C 27 2C 20 30 09 09     		db	'\', 27h, ', 0', 9, 9, '; 0x0000+' 
       3B 20 30 78 30 30 30     
       30 2B                    
 19CA  00 C3                    		db	 00h,0C3h 
 19CC  49 4A 61 4B 4C 4D 4F     		db	'IJaKLMOPQN_RST`_UVW`IJaKLMX', 0 
       50 51 4E 5F 52 53 54     
       60 5F 55 56 57 60 49     
       4A 61 4B 4C 4D 58 00     
 19E8  59 4E 5F 5A 00           		db	'YN_Z', 0 
 19ED  5B 60 5F 5C 5C 5D 5E     		db	'[`_\\]^`', 0 
       60 00                    
 19F6  BC F3 AA F6 D0 A2        		db	0BCh,0F3h,0AAh,0F6h,0D0h,0A2h 
 19FC  F5 9E A2 FE 9E A2        		db	0F5h, 9Eh,0A2h,0FEh, 9Eh,0A2h 
 1A02  FF 9E E8 57 04 B0        		db	0FFh, 9Eh,0E8h, 57h, 04h,0B0h 
 1A08  FF A2 60 EB A2 67        		db	0FFh,0A2h, 60h,0EBh,0A2h, 67h 
 1A0E  EB A2 6E EB A2 75        		db	0EBh,0A2h, 6Eh,0EBh,0A2h, 75h 
 1A14  EB C6 06 3A FF 00        		db	0EBh,0C6h, 06h, 3Ah,0FFh, 00h 
 1A1A  2E 8E 06 2C FF BE        		db	 2Eh, 8Eh, 06h, 2Ch,0FFh,0BEh 
 1A20  E6 9B BF 00 60 B0        		db	0E6h, 9Bh,0BFh, 00h, 60h,0B0h 
 1A26  02 2E FF 16 0C 01        		db	 02h, 2Eh,0FFh, 16h, 0Ch, 01h 
Microsoft (R) Macro Assembler  Version 4.00                 3/29/26 15:13:40

                                                            Page     1-68
                                                            

 1A2C  1E 2E 8E 1E 2C FF        		db	 1Eh, 2Eh, 8Eh, 1Eh, 2Ch,0FFh 
 1A32  BE 33 63 BD 00 D0        		db	0BEh, 33h, 63h,0BDh, 00h,0D0h 
 1A38  B9 E6 00 2E FF 16        		db	0B9h,0E6h, 00h, 2Eh,0FFh, 16h 
 1A3E  28 30 1F 8B 36 00        		db	 28h, 30h, 1Fh, 8Bh, 36h, 00h 
 1A44  C0 AC E8 4D 04 2E        		db	0C0h,0ACh,0E8h, 4Dh, 04h, 2Eh 
 1A4A  FF 16 02 20 BE FD        		db	0FFh, 16h, 02h, 20h,0BEh,0FDh 
 1A50  9B 2E 8E 06 2C FF        		db	 9Bh, 2Eh, 8Eh, 06h, 2Ch,0FFh 
 1A56  BF 00 80 B0 02 2E        		db	0BFh, 00h, 80h,0B0h, 02h, 2Eh 
 1A5C  FF 16 0C 01 1E 2E        		db	0FFh, 16h, 0Ch, 01h, 1Eh, 2Eh 
 1A62  8E 1E 2C FF BE 00        		db	 8Eh, 1Eh, 2Ch,0FFh,0BEh, 00h 
 1A68  80 B9 80 00 2E FF        		db	 80h,0B9h, 80h, 00h, 2Eh,0FFh 
 1A6E  16 44 20 1F 32 C0        		db	 16h, 44h, 20h, 1Fh, 32h,0C0h 
 1A74  2E FF 16 1E 30 A0        		db	 2Eh,0FFh, 16h, 1Eh, 30h,0A0h 
 1A7A  C4 00 0A C0 78 03        		db	0C4h, 00h, 0Ah,0C0h, 78h, 03h 
 1A80  E8 7C F1                 		db	0E8h, 7Ch,0F1h 
 1A83                           loc_342: 
 1A83  E9 1C71 R                		jmp	loc_361 
                                 
                                ;ﬂﬂﬂﬂﬂﬂﬂﬂﬂﬂﬂﬂﬂﬂﬂﬂﬂﬂﬂﬂﬂﬂﬂﬂﬂﬂﬂﬂﬂﬂﬂﬂﬂﬂﬂﬂﬂﬂﬂﬂﬂﬂﬂﬂﬂﬂﬂﬂﬂﬂﬂﬂﬂﬂﬂﬂﬂﬂﬂﬂﬂﬂﬂﬂﬂﬂﬂﬂﬂﬂﬂﬂﬂﬂ 
                                ;                              SUBROUTINE 
                                ;‹‹‹‹‹‹‹‹‹‹‹‹‹‹‹‹‹‹‹‹‹‹‹‹‹‹‹‹‹‹‹‹‹‹‹‹‹‹‹‹‹‹‹‹‹‹‹‹‹‹‹‹‹‹‹‹‹‹‹‹‹‹‹‹‹‹‹‹‹‹‹‹‹‹ 
                                 
 1A86                           sub_69		proc	near 
 1A86  E8 0DB6 R                		call	sub_37 
 1A89  83 EE 25                 		sub	si,25h 
 1A8C  E8 0D93 R                		call	sub_35 
 1A8F  80 3C 4A                 		cmp	byte ptr [si],4Ah	; 'J' 
 1A92  74 19                    		je	loc_345			; Jump if equal 
 1A94  46                       		inc	si 
 1A95  80 3C 4A                 		cmp	byte ptr [si],4Ah	; 'J' 
 1A98  74 1F                    		je	loc_347			; Jump if equal 
 1A9A  46                       		inc	si 
 1A9B  80 3C 4A                 		cmp	byte ptr [si],4Ah	; 'J' 
 1A9E  74 01                    		je	loc_343			; Jump if equal 
                                		retn 
 1AA0  C3                     1                 db     0C3h
 1AA1                           loc_343: 
 1AA1  F6 06 00C2 01            		test	byte ptr ds:[0C2h],1 
 1AA6  74 01                    		jz	loc_344			; Jump if zero 
                                		retn 
 1AA8  C3                     1                 db     0C3h
 1AA9                           loc_344: 
 1AA9  58                       		pop	ax 
 1AAA  E9 0851 R                		jmp	loc_116 
 1AAD                           loc_345: 
 1AAD  F6 06 00C2 01            		test	byte ptr ds:[0C2h],1 
 1AB2  75 01                    		jnz	loc_346			; Jump if not zero 
                                		retn 
 1AB4  C3                     1                 db     0C3h
 1AB5                           loc_346: 
 1AB5  58                       		pop	ax 
 1AB6  E9 06AA R                		jmp	loc_87 
 1AB9                           loc_347: 
 1AB9  A1 0080                  		mov	ax,word ptr ds:[80h] 
 1ABC  8A 1E 0083               		mov	bl,byte ptr ds:[83h] 
Microsoft (R) Macro Assembler  Version 4.00                 3/29/26 15:13:40

                                                            Page     1-69
                                                            

 1AC0  80 C3 04                 		add	bl,4 
 1AC3  32 FF                    		xor	bh,bh			; Zero register 
 1AC5  03 C3                    		add	ax,bx 
 1AC7  8B 1E C002               		mov	bx,ds:data_188e 
 1ACB  4B                       		dec	bx 
 1ACC  2B D8                    		sub	bx,ax 
 1ACE  73 04                    		jnc	loc_348			; Jump if carry=0 
 1AD0  F7 D3                    		not	bx 
 1AD2  8B C3                    		mov	ax,bx 
 1AD4                           loc_348: 
 1AD4  8A 1E 0084               		mov	bl,byte ptr ds:[84h] 
 1AD8  FE CB                    		dec	bl 
 1ADA  02 1E 0082               		add	bl,byte ptr ds:[82h] 
 1ADE  80 E3 3F                 		and	bl,3Fh			; '?' 
 1AE1  8B 36 C00A               		mov	si,ds:data_192e 
 1AE5                           loc_349: 
 1AE5  83 3C FF                 		cmp	word ptr [si],0FFFFh 
 1AE8  75 01                    		jne	loc_350			; Jump if not equal 
                                		retn 
 1AEA  C3                     1                 db     0C3h
 1AEB                           loc_350: 
 1AEB  3B 04                    		cmp	ax,[si] 
 1AED  75 05                    		jne	loc_351			; Jump if not equal 
 1AEF  3A 5C 02                 		cmp	bl,[si+2] 
 1AF2  74 05                    		je	loc_352			; Jump if equal 
 1AF4                           loc_351: 
 1AF4  83 C6 0C                 		add	si,0Ch 
 1AF7  EB EC                    		jmp	short loc_349 
 1AF9                           loc_352: 
 1AF9  58                       		pop	ax 
 1AFA  F6 44 03 80              		test	byte ptr [si+3],80h 
 1AFE  75 28                    		jnz	loc_355			; Jump if not zero 
 1B00  E8 1E18 R                		call	sub_72 
 1B03  72 01                    		jc	loc_353			; Jump if carry Set 
                                		retn 
 1B05  C3                     1                 db     0C3h
 1B06                           loc_353: 
 1B06  C6 06 00E7 80            		mov	byte ptr ds:[0E7h],80h 
 1B0B  C6 06 9F21 00            		mov	byte ptr ds:data_168e,0 
 1B10  F6 06 9F19 FF            		test	byte ptr ds:data_161e,0FFh 
 1B15  74 01                    		jz	loc_354			; Jump if zero 
                                		retn 
 1B17  C3                     1                 db     0C3h
 1B18                           loc_354: 
 1B18  C6 06 9F19 FF            		mov	byte ptr ds:data_161e,0FFh 
 1B1D  C6 06 FF75 16            		mov	byte ptr ds:data_247e,16h 
 1B22  BA 9AC5                  		mov	dx,9AC5h 
 1B25  E9 13E6 R                		jmp	loc_278 
 1B28                           loc_355: 
 1B28  8B 5C 09                 		mov	bx,[si+9] 
 1B2B  83 FB FF                 		cmp	bx,0FFFFh 
 1B2E  74 05                    		je	loc_356			; Jump if equal 
 1B30  8A 44 0B                 		mov	al,[si+0Bh] 
 1B33  08 07                    		or	[bx],al 
 1B35                           loc_356: 
Microsoft (R) Macro Assembler  Version 4.00                 3/29/26 15:13:40

                                                            Page     1-70
                                                            

 1B35  56                       		push	si 
 1B36  E8 23DF R                		call	sub_91 
 1B39  E8 13B9 R                		call	sub_48 
 1B3C  2E: FF 16 300C R         		call	word ptr cs:data_73 
 1B41  E8 1E5E R                		call	sub_73 
 1B44  E8 1095 R                		call	sub_45 
 1B47  8B 36 C010               		mov	si,ds:data_195e 
 1B4B  C7 04 FFFF               		mov	word ptr [si],0FFFFh 
 1B4F  5E                       		pop	si 
 1B50  8A 44 03                 		mov	al,[si+3] 
 1B53  24 07                    		and	al,7 
 1B55  50                       		push	ax 
 1B56  8B 44 05                 		mov	ax,[si+5] 
 1B59  A3 9F1A                  		mov	ds:data_162e,ax 
 1B5C  8A 44 07                 		mov	al,[si+7] 
 1B5F  A2 9F1C                  		mov	ds:data_163e,al 
 1B62  8A 44 03                 		mov	al,[si+3] 
 1B65  24 40                    		and	al,40h			; '@' 
 1B67  A2 00C3                  		mov	byte ptr ds:[0C3h],al 
 1B6A  8A 44 08                 		mov	al,[si+8] 
 1B6D  A2 9F1D                  		mov	ds:data_164e,al 
 1B70  8A 64 04                 		mov	ah,[si+4] 
 1B73  80 7C 07 FF              		cmp	byte ptr [si+7],0FFh 
 1B77  75 03                    		jne	loc_357			; Jump if not equal 
 1B79  80 CC 80                 		or	ah,80h 
 1B7C                           loc_357: 
 1B7C  88 26 00C4               		mov	byte ptr ds:[0C4h],ah 
 1B80  B0 01                    		mov	al,1 
 1B82  2E: FF 16 010C           		call	word ptr cs:[10Ch] 
 1B87  F6 06 00C4 80            		test	byte ptr ds:[0C4h],80h 
 1B8C  75 03                    		jnz	loc_358			; Jump if not zero 
 1B8E  E8 0C01 R                		call	sub_26 
 1B91                           loc_358: 
 1B91  E8 1DC4 R                		call	sub_70 
 1B94  8B 36 C000               		mov	si,ds:data_187e 
 1B98  AC                       		lodsb				; String [si] to al 
 1B99  A8 01                    		test	al,1 
 1B9B  75 36                    		jnz	loc_359			; Jump if not zero 
 1B9D  BE 9C08                  		mov	si,9C08h 
 1BA0  2E: 8E 06 FF2C           		mov	es,cs:data_220e 
 1BA5  BF 8000                  		mov	di,8000h 
 1BA8  B0 02                    		mov	al,2 
 1BAA  2E: FF 16 010C           		call	word ptr cs:[10Ch] 
 1BAF  1E                       		push	ds 
 1BB0  2E: 8E 1E FF2C           		mov	ds,cs:data_220e 
 1BB5  BE 8000                  		mov	si,8000h 
 1BB8  B9 0080                  		mov	cx,80h 
 1BBB  2E: FF 16 2044           		call	word ptr cs:[2044h] 
 1BC0  1F                       		pop	ds 
 1BC1  58                       		pop	ax 
 1BC2  2E: FF 16 3026 R         		call	word ptr cs:data_86 
 1BC7  C6 06 9EF6 FF            		mov	byte ptr ds:data_134e,0FFh 
 1BCC  C6 06 FF24 0A            		mov	byte ptr ds:data_219e,0Ah 
 1BD1  EB 32                    		jmp	short loc_360 
 1BD3                           loc_359: 
Microsoft (R) Macro Assembler  Version 4.00                 3/29/26 15:13:40

                                                            Page     1-71
                                                            

 1BD3  BE 9BFD                  		mov	si,9BFDh 
 1BD6  2E: 8E 06 FF2C           		mov	es,cs:data_220e 
 1BDB  BF 8000                  		mov	di,8000h 
 1BDE  B0 02                    		mov	al,2 
 1BE0  2E: FF 16 010C           		call	word ptr cs:[10Ch] 
 1BE5  1E                       		push	ds 
 1BE6  2E: 8E 1E FF2C           		mov	ds,cs:data_220e 
 1BEB  BE 8000                  		mov	si,8000h 
 1BEE  B9 0080                  		mov	cx,80h 
 1BF1  2E: FF 16 2044           		call	word ptr cs:[2044h] 
 1BF6  1F                       		pop	ds 
 1BF7  58                       		pop	ax 
 1BF8  2E: FF 16 3026 R         		call	word ptr cs:data_86 
 1BFD  8B 36 C000               		mov	si,ds:data_187e 
 1C01  AC                       		lodsb				; String [si] to al 
 1C02  E8 1E96 R                		call	sub_74 
 1C05                           loc_360: 
 1C05  C6 06 FF3A 00            		mov	byte ptr ds:data_232e,0 
 1C0A  C6 06 9EF5 FF            		mov	byte ptr ds:data_133e,0FFh 
 1C0F  C6 06 EB80 FF            		mov	byte ptr ds:data_211e,0FFh 
 1C14  F6 06 9F1D 80            		test	byte ptr ds:data_164e,80h 
 1C19  74 56                    		jz	loc_361			; Jump if zero 
 1C1B  BE 9C1E                  		mov	si,data_125e 
 1C1E  0E                       		push	cs 
 1C1F  07                       		pop	es 
 1C20  BF A000                  		mov	di,0A000h 
 1C23  B0 03                    		mov	al,3 
 1C25  2E: FF 16 010C           		call	word ptr cs:[10Ch] 
 1C2A  2E: FF 16 A000           		call	word ptr cs:data_182e 
 1C2F  C6 06 9EFF FF            		mov	byte ptr ds:data_140e,0FFh 
 1C34  C6 06 9EFE FF            		mov	byte ptr ds:data_139e,0FFh 
 1C39  A0 00C8                  		mov	al,byte ptr ds:[0C8h] 
 1C3C  A2 9EFA                  		mov	ds:data_138e,al 
 1C3F  C6 06 9F02 FF            		mov	byte ptr ds:data_143e,0FFh 
 1C44  E8 1EBE R                		call	sub_75 
 1C47  2E: 8E 06 FF2C           		mov	es,cs:data_220e 
 1C4C  BE 9BE6                  		mov	si,9BE6h 
 1C4F  BF 6000                  		mov	di,6000h 
 1C52  B0 02                    		mov	al,2 
 1C54  2E: FF 16 010C           		call	word ptr cs:[10Ch] 
 1C59  1E                       		push	ds 
 1C5A  2E: 8E 1E FF2C           		mov	ds,cs:data_220e 
 1C5F  BE 6333                  		mov	si,6333h 
 1C62  BD D000                  		mov	bp,0D000h 
 1C65  B9 00E6                  		mov	cx,0E6h 
 1C68  2E: FF 16 3030 R         		call	word ptr cs:data_89 
 1C6D  1F                       		pop	ds 
 1C6E  E9 1CF7 R                		jmp	loc_365 
 1C71                           loc_361: 
 1C71  F6 06 00C3 FF            		test	byte ptr ds:[0C3h],0FFh 
 1C76  75 3F                    		jnz	loc_363			; Jump if not zero 
 1C78  80 26 00C2 FE            		and	byte ptr ds:[0C2h],0FEh 
 1C7D  BB 0A6E                  		mov	bx,0A6Eh 
 1C80  B9 001A                  		mov	cx,1Ah 
                                 
Microsoft (R) Macro Assembler  Version 4.00                 3/29/26 15:13:40

                                                            Page     1-72
                                                            

 1C83                           locloop_362: 
 1C83  51                       		push	cx 
 1C84  53                       		push	bx 
 1C85  FE 06 00E7               		inc	byte ptr ds:[0E7h] 
 1C89  2E: FF 16 301E R         		call	word ptr cs:data_81 
 1C8E  5B                       		pop	bx 
 1C8F  80 C7 02                 		add	bh,2 
 1C92  53                       		push	bx 
 1C93  2E: FF 16 3028 R         		call	word ptr cs:data_87 
 1C98  E8 1F85 R                		call	sub_76 
 1C9B  5B                       		pop	bx 
 1C9C  53                       		push	bx 
 1C9D  B9 0218                  		mov	cx,218h 
 1CA0  32 C0                    		xor	al,al			; Zero register 
 1CA2  2E: FF 16 2000           		call	word ptr cs:[2000h] 
 1CA7  5B                       		pop	bx 
 1CA8  59                       		pop	cx 
 1CA9  E2 D8                    		loop	locloop_362		; Loop if cx > 0 
                                 
 1CAB  B9 0618                  		mov	cx,618h 
 1CAE  32 C0                    		xor	al,al			; Zero register 
 1CB0  2E: FF 16 2000           		call	word ptr cs:[2000h] 
 1CB5  EB 40                    		jmp	short loc_365 
 1CB7                           loc_363: 
 1CB7  80 0E 00C2 01            		or	byte ptr ds:[0C2h],1 
 1CBC  BB 406E                  		mov	bx,406Eh 
 1CBF  B9 001A                  		mov	cx,1Ah 
                                 
 1CC2                           locloop_364: 
 1CC2  51                       		push	cx 
 1CC3  53                       		push	bx 
 1CC4  FE 06 00E7               		inc	byte ptr ds:[0E7h] 
 1CC8  2E: FF 16 301E R         		call	word ptr cs:data_81 
 1CCD  5B                       		pop	bx 
 1CCE  80 EF 02                 		sub	bh,2 
 1CD1  53                       		push	bx 
 1CD2  2E: FF 16 3028 R         		call	word ptr cs:data_87 
 1CD7  E8 1F85 R                		call	sub_76 
 1CDA  5B                       		pop	bx 
 1CDB  53                       		push	bx 
 1CDC  80 C7 04                 		add	bh,4 
 1CDF  B9 0218                  		mov	cx,218h 
 1CE2  32 C0                    		xor	al,al			; Zero register 
 1CE4  2E: FF 16 2000           		call	word ptr cs:[2000h] 
 1CE9  5B                       		pop	bx 
 1CEA  59                       		pop	cx 
 1CEB  E2 D5                    		loop	locloop_364		; Loop if cx > 0 
                                 
 1CED  B9 0618                  		mov	cx,618h 
 1CF0  32 C0                    		xor	al,al			; Zero register 
 1CF2  2E: FF 16 2000           		call	word ptr cs:[2000h] 
 1CF7                           loc_365: 
 1CF7  8B 36 C000               		mov	si,ds:data_187e 
 1CFB  AC                       		lodsb				; String [si] to al 
 1CFC  8A E0                    		mov	ah,al 
Microsoft (R) Macro Assembler  Version 4.00                 3/29/26 15:13:40

                                                            Page     1-73
                                                            

 1CFE  24 01                    		and	al,1 
 1D00  74 65                    		jz	loc_366			; Jump if zero 
 1D02  E8 1EBE R                		call	sub_75 
 1D05  8B 36 C000               		mov	si,ds:data_187e 
 1D09  AC                       		lodsb				; String [si] to al 
 1D0A  8A E0                    		mov	ah,al 
 1D0C  02 E4                    		add	ah,ah 
 1D0E  1A DB                    		sbb	bl,bl 
 1D10  88 1E FF34               		mov	ds:data_226e,bl 
 1D14  02 E4                    		add	ah,ah 
 1D16  1A DB                    		sbb	bl,bl 
 1D18  88 1E 00E6               		mov	byte ptr ds:[0E6h],bl 
 1D1C  C6 06 FF2E 00            		mov	byte ptr ds:data_221e,0 
 1D21  C6 06 FF2F 00            		mov	byte ptr ds:data_222e,0 
 1D26  2E: FF 16 2002           		call	word ptr cs:[2002h] 
 1D2B  C6 06 0083 0C            		mov	byte ptr ds:[83h],0Ch 
 1D30  A0 C016                  		mov	al,ds:data_199e 
 1D33  A2 0084                  		mov	byte ptr ds:[84h],al 
 1D36  A2 9F00                  		mov	ds:data_141e,al 
 1D39  C6 06 00E7 80            		mov	byte ptr ds:[0E7h],80h 
 1D3E  1E                       		push	ds 
 1D3F  2E: 8E 1E FF2C           		mov	ds,cs:data_220e 
 1D44  BE 8030                  		mov	si,8030h 
 1D47  B9 0066                  		mov	cx,66h 
 1D4A  2E: FF 16 2044           		call	word ptr cs:[2044h] 
 1D4F  2E: FF 16 3032 R         		call	word ptr cs:data_90 
 1D54  1F                       		pop	ds 
 1D55  1E                       		push	ds 
 1D56  2E: FF 16 3022 R         		call	word ptr cs:data_83 
 1D5B  B9 0018                  		mov	cx,18h 
 1D5E  2E: FF 16 2044           		call	word ptr cs:[2044h] 
 1D63  1F                       		pop	ds 
 1D64  E9 0046 R                		jmp	loc_1 
 1D67                           loc_366: 
 1D67  8B 36 C000               		mov	si,ds:data_187e 
 1D6B  46                       		inc	si 
 1D6C  AC                       		lodsb				; String [si] to al 
 1D6D  B3 0B                    		mov	bl,0Bh 
 1D6F  F6 E3                    		mul	bl			; ax = reg * al 
 1D71  05 9C2D                  		add	ax,9C2Dh 
 1D74  8B F0                    		mov	si,ax 
 1D76  2E: 8E 06 FF2C           		mov	es,cs:data_220e 
 1D7B  BF 4000                  		mov	di,4000h 
 1D7E  B0 02                    		mov	al,2 
 1D80  2E: FF 16 010C           		call	word ptr cs:[10Ch] 
 1D85  BB 6000                  		mov	bx,6000h 
 1D88                           loc_367: 
 1D88  B8 0001                  		mov	ax,1 
 1D8B  CD 60                    		int	60h			; ??INT Non-standard interrupt 
 1D8D  53                       		push	bx 
 1D8E  E8 1DE4 R                		call	sub_71 
 1D91  A3 0080                  		mov	word ptr ds:[80h],ax 
 1D94  88 1E 0083               		mov	byte ptr ds:[83h],bl 
 1D98  8B 36 C000               		mov	si,ds:data_187e 
 1D9C  AC                       		lodsb				; String [si] to al 
Microsoft (R) Macro Assembler  Version 4.00                 3/29/26 15:13:40

                                                            Page     1-74
                                                            

 1D9D  D0 E8                    		shr	al,1			; Shift w/zeros fill 
 1D9F  24 1F                    		and	al,1Fh 
 1DA1  A2 00C8                  		mov	byte ptr ds:[0C8h],al 
 1DA4  B3 0B                    		mov	bl,0Bh 
 1DA6  F6 E3                    		mul	bl			; ax = reg * al 
 1DA8  05 9E53                  		add	ax,9E53h 
 1DAB  8B F0                    		mov	si,ax 
 1DAD  2E: 8E 06 FF2C           		mov	es,cs:data_220e 
 1DB2  BF 3000                  		mov	di,3000h 
 1DB5  B0 05                    		mov	al,5 
 1DB7  2E: FF 16 010C           		call	word ptr cs:[10Ch] 
 1DBC  5B                       		pop	bx 
 1DBD  32 C0                    		xor	al,al			; Zero register 
 1DBF  2E: FF 26 010C           		jmp	word ptr cs:[10Ch] 
                                sub_69		endp 
                                 
                                 
                                ;ﬂﬂﬂﬂﬂﬂﬂﬂﬂﬂﬂﬂﬂﬂﬂﬂﬂﬂﬂﬂﬂﬂﬂﬂﬂﬂﬂﬂﬂﬂﬂﬂﬂﬂﬂﬂﬂﬂﬂﬂﬂﬂﬂﬂﬂﬂﬂﬂﬂﬂﬂﬂﬂﬂﬂﬂﬂﬂﬂﬂﬂﬂﬂﬂﬂﬂﬂﬂﬂﬂﬂﬂﬂﬂ 
                                ;                              SUBROUTINE 
                                ;‹‹‹‹‹‹‹‹‹‹‹‹‹‹‹‹‹‹‹‹‹‹‹‹‹‹‹‹‹‹‹‹‹‹‹‹‹‹‹‹‹‹‹‹‹‹‹‹‹‹‹‹‹‹‹‹‹‹‹‹‹‹‹‹‹‹‹‹‹‹‹‹‹‹ 
                                 
 1DC4                           sub_70		proc	near 
 1DC4  A1 9F1A                  		mov	ax,ds:data_162e 
 1DC7  05 FFF0                  		add	ax,0FFF0h 
 1DCA  0A E4                    		or	ah,ah			; Zero ? 
 1DCC  79 04                    		jns	loc_368			; Jump if not sign 
 1DCE  03 06 C002               		add	ax,ds:data_188e 
 1DD2                           loc_368: 
 1DD2  A3 0080                  		mov	word ptr ds:[80h],ax 
 1DD5  A0 9F1C                  		mov	al,ds:data_163e 
 1DD8  FE C0                    		inc	al 
 1DDA  2A 06 C016               		sub	al,ds:data_199e 
 1DDE  24 3F                    		and	al,3Fh			; '?' 
 1DE0  A2 0082                  		mov	byte ptr ds:[82h],al 
                                		retn 
 1DE3  C3                     1                 db     0C3h
                                sub_70		endp 
                                 
                                 
                                ;ﬂﬂﬂﬂﬂﬂﬂﬂﬂﬂﬂﬂﬂﬂﬂﬂﬂﬂﬂﬂﬂﬂﬂﬂﬂﬂﬂﬂﬂﬂﬂﬂﬂﬂﬂﬂﬂﬂﬂﬂﬂﬂﬂﬂﬂﬂﬂﬂﬂﬂﬂﬂﬂﬂﬂﬂﬂﬂﬂﬂﬂﬂﬂﬂﬂﬂﬂﬂﬂﬂﬂﬂﬂﬂ 
                                ;                              SUBROUTINE 
                                ;‹‹‹‹‹‹‹‹‹‹‹‹‹‹‹‹‹‹‹‹‹‹‹‹‹‹‹‹‹‹‹‹‹‹‹‹‹‹‹‹‹‹‹‹‹‹‹‹‹‹‹‹‹‹‹‹‹‹‹‹‹‹‹‹‹‹‹‹‹‹‹‹‹‹ 
                                 
 1DE4                           sub_71		proc	near 
 1DE4  BB 000D                  		mov	bx,0Dh 
 1DE7  A1 9F1A                  		mov	ax,ds:data_162e 
 1DEA  8B 0E C002               		mov	cx,ds:data_188e 
 1DEE  2B CB                    		sub	cx,bx 
 1DF0  2B C8                    		sub	cx,ax 
 1DF2  73 12                    		jnc	loc_369			; Jump if carry=0 
 1DF4  A1 C002                  		mov	ax,ds:data_188e 
 1DF7  05 FFDC                  		add	ax,0FFDCh 
 1DFA  8B 0E 9F1A               		mov	cx,ds:data_162e 
 1DFE  1B C8                    		sbb	cx,ax 
 1E00  8A D9                    		mov	bl,cl 
Microsoft (R) Macro Assembler  Version 4.00                 3/29/26 15:13:40

                                                            Page     1-75
                                                            

 1E02  80 EB 03                 		sub	bl,3 
                                		retn 
 1E05  C3                     1                 db     0C3h
 1E06                           loc_369: 
 1E06  05 FFEF                  		add	ax,0FFEFh 
 1E09  0A E4                    		or	ah,ah			; Zero ? 
 1E0B  75 01                    		jnz	loc_370			; Jump if not zero 
                                		retn 
 1E0D  C3                     1                 db     0C3h
 1E0E                           loc_370: 
 1E0E  33 C0                    		xor	ax,ax			; Zero register 
 1E10  8A 1E 9F1A               		mov	bl,ds:data_162e 
 1E14  80 EB 04                 		sub	bl,4 
                                		retn 
 1E17  C3                     1                 db     0C3h
                                sub_71		endp 
                                 
                                 
                                ;ﬂﬂﬂﬂﬂﬂﬂﬂﬂﬂﬂﬂﬂﬂﬂﬂﬂﬂﬂﬂﬂﬂﬂﬂﬂﬂﬂﬂﬂﬂﬂﬂﬂﬂﬂﬂﬂﬂﬂﬂﬂﬂﬂﬂﬂﬂﬂﬂﬂﬂﬂﬂﬂﬂﬂﬂﬂﬂﬂﬂﬂﬂﬂﬂﬂﬂﬂﬂﬂﬂﬂﬂﬂﬂ 
                                ;                              SUBROUTINE 
                                ;‹‹‹‹‹‹‹‹‹‹‹‹‹‹‹‹‹‹‹‹‹‹‹‹‹‹‹‹‹‹‹‹‹‹‹‹‹‹‹‹‹‹‹‹‹‹‹‹‹‹‹‹‹‹‹‹‹‹‹‹‹‹‹‹‹‹‹‹‹‹‹‹‹‹ 
                                 
 1E18                           sub_72		proc	near 
 1E18  8A 5C 08                 		mov	bl,[si+8] 
 1E1B  80 E3 01                 		and	bl,1 
 1E1E  75 1F                    		jnz	loc_372			; Jump if not zero 
 1E20  F6 06 0098 FF            		test	byte ptr ds:[98h],0FFh 
 1E25  F9                       		stc				; Set carry flag 
 1E26  75 01                    		jnz	loc_371			; Jump if not zero 
                                		retn 
 1E28  C3                     1                 db     0C3h
 1E29                           loc_371: 
 1E29  FE 0E 0098               		dec	byte ptr ds:[98h] 
 1E2D  C6 06 FF75 15            		mov	byte ptr ds:data_247e,15h 
 1E32  80 4C 03 80              		or	byte ptr [si+3],80h 
 1E36  8B 5C 09                 		mov	bx,[si+9] 
 1E39  8A 44 0B                 		mov	al,[si+0Bh] 
 1E3C  08 07                    		or	[bx],al 
                                		retn 
 1E3E  C3                     1                 db     0C3h
 1E3F                           loc_372: 
 1E3F  F6 06 0099 FF            		test	byte ptr ds:[99h],0FFh 
 1E44  F9                       		stc				; Set carry flag 
 1E45  75 01                    		jnz	loc_373			; Jump if not zero 
                                		retn 
 1E47  C3                     1                 db     0C3h
 1E48                           loc_373: 
 1E48  FE 0E 0099               		dec	byte ptr ds:[99h] 
 1E4C  C6 06 FF75 15            		mov	byte ptr ds:data_247e,15h 
 1E51  80 4C 03 80              		or	byte ptr [si+3],80h 
 1E55  8B 5C 09                 		mov	bx,[si+9] 
 1E58  8A 44 0B                 		mov	al,[si+0Bh] 
 1E5B  08 07                    		or	[bx],al 
                                		retn 
 1E5D  C3                     1                 db     0C3h
Microsoft (R) Macro Assembler  Version 4.00                 3/29/26 15:13:40

                                                            Page     1-76
                                                            

                                sub_72		endp 
                                 
                                 
                                ;ﬂﬂﬂﬂﬂﬂﬂﬂﬂﬂﬂﬂﬂﬂﬂﬂﬂﬂﬂﬂﬂﬂﬂﬂﬂﬂﬂﬂﬂﬂﬂﬂﬂﬂﬂﬂﬂﬂﬂﬂﬂﬂﬂﬂﬂﬂﬂﬂﬂﬂﬂﬂﬂﬂﬂﬂﬂﬂﬂﬂﬂﬂﬂﬂﬂﬂﬂﬂﬂﬂﬂﬂﬂﬂ 
                                ;                              SUBROUTINE 
                                ;‹‹‹‹‹‹‹‹‹‹‹‹‹‹‹‹‹‹‹‹‹‹‹‹‹‹‹‹‹‹‹‹‹‹‹‹‹‹‹‹‹‹‹‹‹‹‹‹‹‹‹‹‹‹‹‹‹‹‹‹‹‹‹‹‹‹‹‹‹‹‹‹‹‹ 
                                 
 1E5E                           sub_73		proc	near 
 1E5E  32 C0                    		xor	al,al			; Zero register 
 1E60  A2 FF43                  		mov	ds:data_240e,al 
 1E63  A2 FF44                  		mov	ds:data_241e,al 
 1E66  A2 FF3C                  		mov	ds:data_233e,al 
 1E69  A2 FF3D                  		mov	ds:data_234e,al 
 1E6C  A2 FF38                  		mov	ds:data_230e,al 
 1E6F  A2 FF36                  		mov	ds:data_228e,al 
 1E72  A2 9EEF                  		mov	ds:data_128e,al 
 1E75  A2 FF3E                  		mov	ds:data_235e,al 
 1E78  A2 FF4B                  		mov	ds:data_246e,al 
 1E7B  A2 FF08                  		mov	ds:data_214e,al 
 1E7E  A2 00E7                  		mov	byte ptr ds:[0E7h],al 
 1E81  B8 FFFF                  		mov	ax,0FFFFh 
 1E84  A2 EB80                  		mov	ds:data_211e,al 
 1E87  A2 EDA0                  		mov	ds:data_213e,al 
 1E8A  A3 EB15                  		mov	word ptr ds:[0EB15h],ax 
 1E8D  A2 FF3A                  		mov	ds:data_232e,al 
 1E90  A2 9EF5                  		mov	ds:data_133e,al 
 1E93  E9 13B9 R                		jmp	loc_273 
                                sub_73		endp 
                                 
                                 
                                ;ﬂﬂﬂﬂﬂﬂﬂﬂﬂﬂﬂﬂﬂﬂﬂﬂﬂﬂﬂﬂﬂﬂﬂﬂﬂﬂﬂﬂﬂﬂﬂﬂﬂﬂﬂﬂﬂﬂﬂﬂﬂﬂﬂﬂﬂﬂﬂﬂﬂﬂﬂﬂﬂﬂﬂﬂﬂﬂﬂﬂﬂﬂﬂﬂﬂﬂﬂﬂﬂﬂﬂﬂﬂﬂ 
                                ;                              SUBROUTINE 
                                ;‹‹‹‹‹‹‹‹‹‹‹‹‹‹‹‹‹‹‹‹‹‹‹‹‹‹‹‹‹‹‹‹‹‹‹‹‹‹‹‹‹‹‹‹‹‹‹‹‹‹‹‹‹‹‹‹‹‹‹‹‹‹‹‹‹‹‹‹‹‹‹‹‹‹ 
                                 
 1E96                           sub_74		proc	near 
 1E96  0E                       		push	cs 
 1E97  07                       		pop	es 
 1E98  BF 9EF6                  		mov	di,data_134e 
 1E9B  B9 0004                  		mov	cx,4 
 1E9E  F3/ A4                   		rep	movsb			; Rep when cx >0 Mov [si] to es:[di] 
 1EA0  D0 E8                    		shr	al,1			; Shift w/zeros fill 
 1EA2  24 0F                    		and	al,0Fh 
 1EA4  8A E0                    		mov	ah,al 
 1EA6  B0 FF                    		mov	al,0FFh 
 1EA8  3A 26 00C8               		cmp	ah,byte ptr ds:[0C8h] 
 1EAC  74 0B                    		je	loc_374			; Jump if equal 
 1EAE  C6 06 FF24 0A            		mov	byte ptr ds:data_219e,0Ah 
 1EB3  88 26 00C8               		mov	byte ptr ds:[0C8h],ah 
 1EB7  8A C4                    		mov	al,ah 
 1EB9                           loc_374: 
 1EB9  AA                       		stosb				; Store al to es:[di] 
 1EBA  B0 FF                    		mov	al,0FFh 
 1EBC  AA                       		stosb				; Store al to es:[di] 
                                		retn 
 1EBD  C3                     1                 db     0C3h
Microsoft (R) Macro Assembler  Version 4.00                 3/29/26 15:13:40

                                                            Page     1-77
                                                            

                                sub_74		endp 
                                 
                                 
                                ;ﬂﬂﬂﬂﬂﬂﬂﬂﬂﬂﬂﬂﬂﬂﬂﬂﬂﬂﬂﬂﬂﬂﬂﬂﬂﬂﬂﬂﬂﬂﬂﬂﬂﬂﬂﬂﬂﬂﬂﬂﬂﬂﬂﬂﬂﬂﬂﬂﬂﬂﬂﬂﬂﬂﬂﬂﬂﬂﬂﬂﬂﬂﬂﬂﬂﬂﬂﬂﬂﬂﬂﬂﬂﬂ 
                                ;                              SUBROUTINE 
                                ;‹‹‹‹‹‹‹‹‹‹‹‹‹‹‹‹‹‹‹‹‹‹‹‹‹‹‹‹‹‹‹‹‹‹‹‹‹‹‹‹‹‹‹‹‹‹‹‹‹‹‹‹‹‹‹‹‹‹‹‹‹‹‹‹‹‹‹‹‹‹‹‹‹‹ 
                                 
 1EBE                           sub_75		proc	near 
 1EBE  2E: 8E 06 FF2C           		mov	es,cs:data_220e 
 1EC3  BE 9C13                  		mov	si,9C13h 
 1EC6  BF 8C00                  		mov	di,8C00h 
 1EC9  B0 02                    		mov	al,2 
 1ECB  2E: FF 16 010C           		call	word ptr cs:[10Ch] 
 1ED0  8A 1E 9EF7               		mov	bl,ds:data_135e 
 1ED4  B0 0B                    		mov	al,0Bh 
 1ED6  F6 E3                    		mul	bl			; ax = reg * al 
 1ED8  05 9C43                  		add	ax,9C43h 
 1EDB  8B F0                    		mov	si,ax 
 1EDD  2E: 8E 06 FF2C           		mov	es,cs:data_220e 
 1EE2  BF 8000                  		mov	di,8000h 
 1EE5  B0 02                    		mov	al,2 
 1EE7  2E: FF 16 010C           		call	word ptr cs:[10Ch] 
 1EEC  8A 1E 9EF8               		mov	bl,ds:data_136e 
 1EF0  80 FB FF                 		cmp	bl,0FFh 
 1EF3  75 01                    		jne	loc_375			; Jump if not equal 
                                		retn 
 1EF5  C3                     1                 db     0C3h
 1EF6                           loc_375: 
 1EF6  3A 1E 9EFE               		cmp	bl,ds:data_139e 
 1EFA  74 19                    		je	loc_376			; Jump if equal 
 1EFC  88 1E 9EFE               		mov	ds:data_139e,bl 
 1F00  B0 0B                    		mov	al,0Bh 
 1F02  F6 E3                    		mul	bl			; ax = reg * al 
 1F04  05 9CBC                  		add	ax,9CBCh 
 1F07  8B F0                    		mov	si,ax 
 1F09  0E                       		push	cs 
 1F0A  07                       		pop	es 
 1F0B  BF A000                  		mov	di,0A000h 
 1F0E  B0 03                    		mov	al,3 
 1F10  2E: FF 16 010C           		call	word ptr cs:[10Ch] 
 1F15                           loc_376: 
 1F15  8A 1E 9EF9               		mov	bl,ds:data_137e 
 1F19  80 FB FF                 		cmp	bl,0FFh 
 1F1C  75 01                    		jne	loc_377			; Jump if not equal 
                                		retn 
 1F1E  C3                     1                 db     0C3h
 1F1F                           loc_377: 
 1F1F  3A 1E 9EFF               		cmp	bl,ds:data_140e 
 1F23  74 31                    		je	loc_378			; Jump if equal 
 1F25  88 1E 9EFF               		mov	ds:data_140e,bl 
 1F29  B0 0B                    		mov	al,0Bh 
 1F2B  F6 E3                    		mul	bl			; ax = reg * al 
 1F2D  05 9D8D                  		add	ax,9D8Dh 
 1F30  8B F0                    		mov	si,ax 
 1F32  2E: 8E 06 FF2C           		mov	es,cs:data_220e 
Microsoft (R) Macro Assembler  Version 4.00                 3/29/26 15:13:40

                                                            Page     1-78
                                                            

 1F37  BF 4000                  		mov	di,4000h 
 1F3A  B0 02                    		mov	al,2 
 1F3C  2E: FF 16 010C           		call	word ptr cs:[10Ch] 
 1F41  1E                       		push	ds 
 1F42  2E: 8E 1E FF2C           		mov	ds,cs:data_220e 
 1F47  BE 4000                  		mov	si,4000h 
 1F4A  BD A000                  		mov	bp,0A000h 
 1F4D  B9 0100                  		mov	cx,100h 
 1F50  2E: FF 16 3030 R         		call	word ptr cs:data_89 
 1F55  1F                       		pop	ds 
 1F56                           loc_378: 
 1F56  8A 1E 9EFA               		mov	bl,ds:data_138e 
 1F5A  80 FB FF                 		cmp	bl,0FFh 
 1F5D  75 01                    		jne	loc_379			; Jump if not equal 
                                		retn 
 1F5F  C3                     1                 db     0C3h
 1F60                           loc_379: 
 1F60  53                       		push	bx 
 1F61  B8 0001                  		mov	ax,1 
 1F64  CD 60                    		int	60h			; ??INT Non-standard interrupt 
 1F66  C6 06 9F02 FF            		mov	byte ptr ds:data_143e,0FFh 
 1F6B  5B                       		pop	bx 
 1F6C  B0 0B                    		mov	al,0Bh 
 1F6E  F6 E3                    		mul	bl			; ax = reg * al 
 1F70  05 9E53                  		add	ax,9E53h 
 1F73  8B F0                    		mov	si,ax 
 1F75  2E: 8E 06 FF2C           		mov	es,cs:data_220e 
 1F7A  BF 3000                  		mov	di,3000h 
 1F7D  B0 05                    		mov	al,5 
 1F7F  2E: FF 16 010C           		call	word ptr cs:[10Ch] 
                                		retn 
 1F84  C3                     1                 db     0C3h
                                sub_75		endp 
                                 
                                 
                                ;ﬂﬂﬂﬂﬂﬂﬂﬂﬂﬂﬂﬂﬂﬂﬂﬂﬂﬂﬂﬂﬂﬂﬂﬂﬂﬂﬂﬂﬂﬂﬂﬂﬂﬂﬂﬂﬂﬂﬂﬂﬂﬂﬂﬂﬂﬂﬂﬂﬂﬂﬂﬂﬂﬂﬂﬂﬂﬂﬂﬂﬂﬂﬂﬂﬂﬂﬂﬂﬂﬂﬂﬂﬂﬂ 
                                ;                              SUBROUTINE 
                                ;‹‹‹‹‹‹‹‹‹‹‹‹‹‹‹‹‹‹‹‹‹‹‹‹‹‹‹‹‹‹‹‹‹‹‹‹‹‹‹‹‹‹‹‹‹‹‹‹‹‹‹‹‹‹‹‹‹‹‹‹‹‹‹‹‹‹‹‹‹‹‹‹‹‹ 
                                 
 1F85                           sub_76		proc	near 
 1F85  8A 0E FF33               		mov	cl,ds:data_225e 
 1F89  B0 04                    		mov	al,4 
 1F8B  F6 E1                    		mul	cl			; ax = reg * al 
 1F8D                           loc_380: 
 1F8D  50                       		push	ax 
 1F8E  2E: FF 16 0110           		call	word ptr cs:[110h] 
 1F93  2E: FF 16 0112           		call	word ptr cs:[112h] 
 1F98  2E: FF 16 0114           		call	word ptr cs:[114h] 
 1F9D  2E: FF 16 0116           		call	word ptr cs:[116h] 
 1FA2  2E: FF 16 0118           		call	word ptr cs:[118h] 
 1FA7  58                       		pop	ax 
 1FA8  38 06 FF1A               		cmp	ds:data_216e,al 
 1FAC  72 DF                    		jb	loc_380			; Jump if below 
 1FAE  C6 06 FF1A 00            		mov	byte ptr ds:data_216e,0 
                                		retn 
Microsoft (R) Macro Assembler  Version 4.00                 3/29/26 15:13:40

                                                            Page     1-79
                                                            

 1FB3  C3                     1                 db     0C3h
                                sub_76		endp 
                                 
                                 
                                ;ﬂﬂﬂﬂﬂﬂﬂﬂﬂﬂﬂﬂﬂﬂﬂﬂﬂﬂﬂﬂﬂﬂﬂﬂﬂﬂﬂﬂﬂﬂﬂﬂﬂﬂﬂﬂﬂﬂﬂﬂﬂﬂﬂﬂﬂﬂﬂﬂﬂﬂﬂﬂﬂﬂﬂﬂﬂﬂﬂﬂﬂﬂﬂﬂﬂﬂﬂﬂﬂﬂﬂﬂﬂﬂ 
                                ;                              SUBROUTINE 
                                ;‹‹‹‹‹‹‹‹‹‹‹‹‹‹‹‹‹‹‹‹‹‹‹‹‹‹‹‹‹‹‹‹‹‹‹‹‹‹‹‹‹‹‹‹‹‹‹‹‹‹‹‹‹‹‹‹‹‹‹‹‹‹‹‹‹‹‹‹‹‹‹‹‹‹ 
                                 
 1FB4                           sub_77		proc	near 
 1FB4  8B 36 C004               		mov	si,ds:data_189e 
 1FB8                           loc_381: 
 1FB8  8B 04                    		mov	ax,[si] 
 1FBA  3D FFFF                  		cmp	ax,0FFFFh 
 1FBD  75 01                    		jne	loc_382			; Jump if not equal 
                                		retn 
 1FBF  C3                     1                 db     0C3h
 1FC0                           loc_382: 
 1FC0  E8 22FB R                		call	sub_87 
 1FC3  72 15                    		jc	loc_384			; Jump if carry Set 
 1FC5  8A E3                    		mov	ah,bl 
 1FC7  8A 44 02                 		mov	al,[si+2] 
 1FCA  E8 0D73 R                		call	sub_33 
 1FCD  B9 0003                  		mov	cx,3 
 1FD0  B2 40                    		mov	dl,40h			; '@' 
                                 
 1FD2                           locloop_383: 
 1FD2  E8 2355 R                		call	sub_89 
 1FD5  47                       		inc	di 
 1FD6  FE C2                    		inc	dl 
 1FD8  E2 F8                    		loop	locloop_383		; Loop if cx > 0 
                                 
 1FDA                           loc_384: 
 1FDA  83 C6 03                 		add	si,3 
 1FDD  EB D9                    		jmp	short loc_381 
                                sub_77		endp 
                                 
                                 
                                ;ﬂﬂﬂﬂﬂﬂﬂﬂﬂﬂﬂﬂﬂﬂﬂﬂﬂﬂﬂﬂﬂﬂﬂﬂﬂﬂﬂﬂﬂﬂﬂﬂﬂﬂﬂﬂﬂﬂﬂﬂﬂﬂﬂﬂﬂﬂﬂﬂﬂﬂﬂﬂﬂﬂﬂﬂﬂﬂﬂﬂﬂﬂﬂﬂﬂﬂﬂﬂﬂﬂﬂﬂﬂﬂ 
                                ;                              SUBROUTINE 
                                ;‹‹‹‹‹‹‹‹‹‹‹‹‹‹‹‹‹‹‹‹‹‹‹‹‹‹‹‹‹‹‹‹‹‹‹‹‹‹‹‹‹‹‹‹‹‹‹‹‹‹‹‹‹‹‹‹‹‹‹‹‹‹‹‹‹‹‹‹‹‹‹‹‹‹ 
                                 
 1FDF                           sub_78		proc	near 
 1FDF  F6 06 FF39 FF            		test	byte ptr ds:data_231e,0FFh 
 1FE4  74 01                    		jz	loc_385			; Jump if zero 
                                		retn 
 1FE6  C3                     1                 db     0C3h
 1FE7                           loc_385: 
 1FE7  E8 0DB6 R                		call	sub_37 
 1FEA  83 C6 6D                 		add	si,6Dh 
 1FED  E8 0D87 R                		call	sub_34 
 1FF0  B2 40                    		mov	dl,40h			; '@' 
 1FF2  E8 214F R                		call	sub_82 
 1FF5  74 01                    		jz	loc_386			; Jump if zero 
                                		retn 
 1FF7  C3                     1                 db     0C3h
Microsoft (R) Macro Assembler  Version 4.00                 3/29/26 15:13:40

                                                            Page     1-80
                                                            

 1FF8                           loc_386: 
 1FF8  8B 3E C004               		mov	di,ds:data_189e 
 1FFC  B2 40                    		mov	dl,40h			; '@' 
 1FFE  E8 2027 R                		call	sub_79 
 2001  73 09                    		jnc	loc_387			; Jump if carry=0 
 2003  58                       		pop	ax 
 2004  C6 06 00E7 80            		mov	byte ptr ds:[0E7h],80h 
 2009  E9 0B33 R                		jmp	loc_169 
 200C                           loc_387: 
 200C  E8 0DD0 R                		call	sub_38 
 200F  73 01                    		jnc	loc_388			; Jump if carry=0 
                                		retn 
 2011  C3                     1                 db     0C3h
 2012                           loc_388: 
 2012  24 60                    		and	al,60h			; '`' 
 2014  74 01                    		jz	loc_389			; Jump if zero 
                                		retn 
 2016  C3                     1                 db     0C3h
 2017                           loc_389: 
 2017  F6 47 05 20              		test	byte ptr [bx+5],20h	; ' ' 
 201B  74 01                    		jz	loc_390			; Jump if zero 
                                		retn 
 201D  C3                     1                 db     0C3h
 201E                           loc_390: 
 201E  80 4F 05 40              		or	byte ptr [bx+5],40h	; '@' 
 2022  80 67 05 E0              		and	byte ptr [bx+5],0E0h 
                                		retn 
 2026  C3                     1                 db     0C3h
                                sub_78		endp 
                                 
                                 
                                ;ﬂﬂﬂﬂﬂﬂﬂﬂﬂﬂﬂﬂﬂﬂﬂﬂﬂﬂﬂﬂﬂﬂﬂﬂﬂﬂﬂﬂﬂﬂﬂﬂﬂﬂﬂﬂﬂﬂﬂﬂﬂﬂﬂﬂﬂﬂﬂﬂﬂﬂﬂﬂﬂﬂﬂﬂﬂﬂﬂﬂﬂﬂﬂﬂﬂﬂﬂﬂﬂﬂﬂﬂﬂﬂ 
                                ;                              SUBROUTINE 
                                ;‹‹‹‹‹‹‹‹‹‹‹‹‹‹‹‹‹‹‹‹‹‹‹‹‹‹‹‹‹‹‹‹‹‹‹‹‹‹‹‹‹‹‹‹‹‹‹‹‹‹‹‹‹‹‹‹‹‹‹‹‹‹‹‹‹‹‹‹‹‹‹‹‹‹ 
                                 
 2027                           sub_79		proc	near 
 2027  52                       		push	dx 
 2028  E8 210C R                		call	sub_81 
 202B  5A                       		pop	dx 
 202C  8B DE                    		mov	bx,si 
 202E  83 C6 23                 		add	si,23h 
 2031  E8 0D87 R                		call	sub_34 
 2034  F6 04 80                 		test	byte ptr [si],80h 
 2037  F8                       		clc				; Clear carry flag 
 2038  74 01                    		jz	loc_391			; Jump if zero 
                                		retn 
 203A  C3                     1                 db     0C3h
 203B                           loc_391: 
 203B  B9 0003                  		mov	cx,3 
                                 
 203E                           locloop_392: 
 203E  46                       		inc	si 
 203F  F6 04 FF                 		test	byte ptr [si],0FFh 
 2042  74 01                    		jz	loc_393			; Jump if zero 
                                		retn 
Microsoft (R) Macro Assembler  Version 4.00                 3/29/26 15:13:40

                                                            Page     1-81
                                                            

 2044  C3                     1                 db     0C3h
 2045                           loc_393: 
 2045  E2 F7                    		loop	locloop_392		; Loop if cx > 0 
                                 
 2047  8B F3                    		mov	si,bx 
 2049  83 C6 24                 		add	si,24h 
 204C  E8 0D87 R                		call	sub_34 
 204F  57                       		push	di 
 2050  8B FE                    		mov	di,si 
 2052  B9 0003                  		mov	cx,3 
                                 
 2055                           locloop_394: 
 2055  52                       		push	dx 
 2056  53                       		push	bx 
 2057  E8 2355 R                		call	sub_89 
 205A  5B                       		pop	bx 
 205B  87 FB                    		xchg	di,bx 
 205D  53                       		push	bx 
 205E  32 D2                    		xor	dl,dl			; Zero register 
 2060  E8 2355 R                		call	sub_89 
 2063  5B                       		pop	bx 
 2064  87 FB                    		xchg	di,bx 
 2066  47                       		inc	di 
 2067  43                       		inc	bx 
 2068  5A                       		pop	dx 
 2069  FE C2                    		inc	dl 
 206B  E2 E8                    		loop	locloop_394		; Loop if cx > 0 
                                 
 206D  5F                       		pop	di 
 206E  FE 45 02                 		inc	byte ptr [di+2] 
 2071  80 65 02 3F              		and	byte ptr [di+2],3Fh	; '?' 
 2075  F9                       		stc				; Set carry flag 
                                		retn 
 2076  C3                     1                 db     0C3h
                                sub_79		endp 
                                 
                                 
                                ;ﬂﬂﬂﬂﬂﬂﬂﬂﬂﬂﬂﬂﬂﬂﬂﬂﬂﬂﬂﬂﬂﬂﬂﬂﬂﬂﬂﬂﬂﬂﬂﬂﬂﬂﬂﬂﬂﬂﬂﬂﬂﬂﬂﬂﬂﬂﬂﬂﬂﬂﬂﬂﬂﬂﬂﬂﬂﬂﬂﬂﬂﬂﬂﬂﬂﬂﬂﬂﬂﬂﬂﬂﬂﬂ 
                                ;                              SUBROUTINE 
                                ;‹‹‹‹‹‹‹‹‹‹‹‹‹‹‹‹‹‹‹‹‹‹‹‹‹‹‹‹‹‹‹‹‹‹‹‹‹‹‹‹‹‹‹‹‹‹‹‹‹‹‹‹‹‹‹‹‹‹‹‹‹‹‹‹‹‹‹‹‹‹‹‹‹‹ 
                                 
 2077                           sub_80		proc	near 
 2077  F6 06 FF39 FF            		test	byte ptr ds:data_231e,0FFh 
 207C  74 01                    		jz	loc_395			; Jump if zero 
                                		retn 
 207E  C3                     1                 db     0C3h
 207F                           loc_395: 
 207F  E8 0DB6 R                		call	sub_37 
 2082  83 EE 23                 		sub	si,23h 
 2085  E8 0D93 R                		call	sub_35 
 2088  8A 04                    		mov	al,[si] 
 208A  E8 0DEA R                		call	sub_39 
 208D  74 01                    		jz	loc_396			; Jump if zero 
                                		retn 
 208F  C3                     1                 db     0C3h
Microsoft (R) Macro Assembler  Version 4.00                 3/29/26 15:13:40

                                                            Page     1-82
                                                            

 2090                           loc_396: 
 2090  81 C6 0090               		add	si,90h 
 2094  E8 0D87 R                		call	sub_34 
 2097  B2 40                    		mov	dl,40h			; '@' 
 2099  E8 214F R                		call	sub_82 
 209C  74 01                    		jz	loc_397			; Jump if zero 
                                		retn 
 209E  C3                     1                 db     0C3h
 209F                           loc_397: 
 209F  8B 3E C004               		mov	di,ds:data_189e 
 20A3  B2 40                    		mov	dl,40h			; '@' 
 20A5  52                       		push	dx 
 20A6  E8 210C R                		call	sub_81 
 20A9  5A                       		pop	dx 
 20AA  8B C6                    		mov	ax,si 
 20AC  83 EE 24                 		sub	si,24h 
 20AF  E8 0D93 R                		call	sub_35 
 20B2  8B DE                    		mov	bx,si 
 20B4  83 EE 24                 		sub	si,24h 
 20B7  E8 0D93 R                		call	sub_35 
 20BA  B9 0003                  		mov	cx,3 
                                 
 20BD                           locloop_398: 
 20BD  F6 04 80                 		test	byte ptr [si],80h 
 20C0  74 01                    		jz	loc_399			; Jump if zero 
                                		retn 
 20C2  C3                     1                 db     0C3h
 20C3                           loc_399: 
 20C3  F6 07 FF                 		test	byte ptr [bx],0FFh 
 20C6  74 01                    		jz	loc_400			; Jump if zero 
                                		retn 
 20C8  C3                     1                 db     0C3h
 20C9                           loc_400: 
 20C9  46                       		inc	si 
 20CA  43                       		inc	bx 
 20CB  E2 F0                    		loop	locloop_398		; Loop if cx > 0 
                                 
 20CD  8B D8                    		mov	bx,ax 
 20CF  8B F3                    		mov	si,bx 
 20D1  83 EE 24                 		sub	si,24h 
 20D4  E8 0D93 R                		call	sub_35 
 20D7  57                       		push	di 
 20D8  8B FE                    		mov	di,si 
 20DA  B9 0003                  		mov	cx,3 
                                 
 20DD                           locloop_401: 
 20DD  52                       		push	dx 
 20DE  53                       		push	bx 
 20DF  E8 2355 R                		call	sub_89 
 20E2  5B                       		pop	bx 
 20E3  87 FB                    		xchg	di,bx 
 20E5  53                       		push	bx 
 20E6  32 D2                    		xor	dl,dl			; Zero register 
 20E8  E8 2355 R                		call	sub_89 
 20EB  5B                       		pop	bx 
Microsoft (R) Macro Assembler  Version 4.00                 3/29/26 15:13:40

                                                            Page     1-83
                                                            

 20EC  87 FB                    		xchg	di,bx 
 20EE  47                       		inc	di 
 20EF  43                       		inc	bx 
 20F0  5A                       		pop	dx 
 20F1  FE C2                    		inc	dl 
 20F3  E2 E8                    		loop	locloop_401		; Loop if cx > 0 
                                 
 20F5  5F                       		pop	di 
 20F6  FE 4D 02                 		dec	byte ptr [di+2] 
 20F9  80 65 02 3F              		and	byte ptr [di+2],3Fh	; '?' 
 20FD  58                       		pop	ax 
 20FE  58                       		pop	ax 
 20FF  C6 06 00E7 80            		mov	byte ptr ds:[0E7h],80h 
 2104  C6 06 FF3D 00            		mov	byte ptr ds:data_234e,0 
 2109  E9 0626 R                		jmp	loc_77 
                                sub_80		endp 
                                 
                                 
                                ;ﬂﬂﬂﬂﬂﬂﬂﬂﬂﬂﬂﬂﬂﬂﬂﬂﬂﬂﬂﬂﬂﬂﬂﬂﬂﬂﬂﬂﬂﬂﬂﬂﬂﬂﬂﬂﬂﬂﬂﬂﬂﬂﬂﬂﬂﬂﬂﬂﬂﬂﬂﬂﬂﬂﬂﬂﬂﬂﬂﬂﬂﬂﬂﬂﬂﬂﬂﬂﬂﬂﬂﬂﬂﬂ 
                                ;                              SUBROUTINE 
                                ;‹‹‹‹‹‹‹‹‹‹‹‹‹‹‹‹‹‹‹‹‹‹‹‹‹‹‹‹‹‹‹‹‹‹‹‹‹‹‹‹‹‹‹‹‹‹‹‹‹‹‹‹‹‹‹‹‹‹‹‹‹‹‹‹‹‹‹‹‹‹‹‹‹‹ 
                                 
 210C                           sub_81		proc	near 
 210C  A0 0083                  		mov	al,byte ptr ds:[83h] 
 210F  04 04                    		add	al,4 
 2111  02 C6                    		add	al,dh 
 2113  32 E4                    		xor	ah,ah			; Zero register 
 2115  03 06 0080               		add	ax,word ptr ds:[80h] 
 2119  3B 06 C002               		cmp	ax,ds:data_188e 
 211D  72 04                    		jb	loc_402			; Jump if below 
 211F  2B 06 C002               		sub	ax,ds:data_188e 
 2123                           loc_402: 
 2123  8A 0E 0082               		mov	cl,byte ptr ds:[82h] 
 2127  02 0E 0084               		add	cl,byte ptr ds:[84h] 
 212B  80 C1 03                 		add	cl,3 
 212E  80 E1 3F                 		and	cl,3Fh			; '?' 
 2131                           loc_403: 
 2131  3B 05                    		cmp	ax,[di] 
 2133  75 05                    		jne	loc_404			; Jump if not equal 
 2135  3A 4D 02                 		cmp	cl,[di+2] 
 2138  74 05                    		je	loc_405			; Jump if equal 
 213A                           loc_404: 
 213A  83 C7 03                 		add	di,3 
 213D  EB F2                    		jmp	short loc_403 
 213F                           loc_405: 
 213F  E8 22FB R                		call	sub_87 
 2142  8A 45 02                 		mov	al,[di+2] 
 2145  8A E3                    		mov	ah,bl 
 2147  57                       		push	di 
 2148  E8 0D73 R                		call	sub_33 
 214B  8B F7                    		mov	si,di 
 214D  5F                       		pop	di 
                                		retn 
 214E  C3                     1                 db     0C3h
                                sub_81		endp 
Microsoft (R) Macro Assembler  Version 4.00                 3/29/26 15:13:40

                                                            Page     1-84
                                                            

                                 
                                 
                                ;ﬂﬂﬂﬂﬂﬂﬂﬂﬂﬂﬂﬂﬂﬂﬂﬂﬂﬂﬂﬂﬂﬂﬂﬂﬂﬂﬂﬂﬂﬂﬂﬂﬂﬂﬂﬂﬂﬂﬂﬂﬂﬂﬂﬂﬂﬂﬂﬂﬂﬂﬂﬂﬂﬂﬂﬂﬂﬂﬂﬂﬂﬂﬂﬂﬂﬂﬂﬂﬂﬂﬂﬂﬂﬂ 
                                ;                              SUBROUTINE 
                                ;‹‹‹‹‹‹‹‹‹‹‹‹‹‹‹‹‹‹‹‹‹‹‹‹‹‹‹‹‹‹‹‹‹‹‹‹‹‹‹‹‹‹‹‹‹‹‹‹‹‹‹‹‹‹‹‹‹‹‹‹‹‹‹‹‹‹‹‹‹‹‹‹‹‹ 
                                 
 214F                           sub_82		proc	near 
 214F  B6 01                    		mov	dh,1 
 2151  3A 14                    		cmp	dl,[si] 
 2153  75 01                    		jne	loc_406			; Jump if not equal 
                                		retn 
 2155  C3                     1                 db     0C3h
 2156                           loc_406: 
 2156  FE CE                    		dec	dh 
 2158  FE C2                    		inc	dl 
 215A  3A 14                    		cmp	dl,[si] 
 215C  75 01                    		jne	loc_407			; Jump if not equal 
                                		retn 
 215E  C3                     1                 db     0C3h
 215F                           loc_407: 
 215F  FE CE                    		dec	dh 
 2161  FE C2                    		inc	dl 
 2163  3A 14                    		cmp	dl,[si] 
                                		retn 
 2165  C3                     1                 db     0C3h
                                sub_82		endp 
                                 
                                 
                                ;ﬂﬂﬂﬂﬂﬂﬂﬂﬂﬂﬂﬂﬂﬂﬂﬂﬂﬂﬂﬂﬂﬂﬂﬂﬂﬂﬂﬂﬂﬂﬂﬂﬂﬂﬂﬂﬂﬂﬂﬂﬂﬂﬂﬂﬂﬂﬂﬂﬂﬂﬂﬂﬂﬂﬂﬂﬂﬂﬂﬂﬂﬂﬂﬂﬂﬂﬂﬂﬂﬂﬂﬂﬂﬂ 
                                ;                              SUBROUTINE 
                                ;‹‹‹‹‹‹‹‹‹‹‹‹‹‹‹‹‹‹‹‹‹‹‹‹‹‹‹‹‹‹‹‹‹‹‹‹‹‹‹‹‹‹‹‹‹‹‹‹‹‹‹‹‹‹‹‹‹‹‹‹‹‹‹‹‹‹‹‹‹‹‹‹‹‹ 
                                 
 2166                           sub_83		proc	near 
 2166  8B 36 C006               		mov	si,ds:data_190e 
 216A                           loc_408: 
 216A  8B 04                    		mov	ax,[si] 
 216C  3D FFFF                  		cmp	ax,0FFFFh 
 216F  75 01                    		jne	loc_409			; Jump if not equal 
                                		retn 
 2171  C3                     1                 db     0C3h
 2172                           loc_409: 
 2172  E8 22FB R                		call	sub_87 
 2175  72 15                    		jc	loc_411			; Jump if carry Set 
 2177  8A E3                    		mov	ah,bl 
 2179  8A 44 02                 		mov	al,[si+2] 
 217C  E8 0D73 R                		call	sub_33 
 217F  B9 0003                  		mov	cx,3 
 2182  B2 43                    		mov	dl,43h			; 'C' 
                                 
 2184                           locloop_410: 
 2184  E8 2355 R                		call	sub_89 
 2187  47                       		inc	di 
 2188  FE C2                    		inc	dl 
 218A  E2 F8                    		loop	locloop_410		; Loop if cx > 0 
                                 
Microsoft (R) Macro Assembler  Version 4.00                 3/29/26 15:13:40

                                                            Page     1-85
                                                            

 218C                           loc_411: 
 218C  83 C6 03                 		add	si,3 
 218F  EB D9                    		jmp	short loc_408 
                                sub_83		endp 
                                 
                                 
                                ;ﬂﬂﬂﬂﬂﬂﬂﬂﬂﬂﬂﬂﬂﬂﬂﬂﬂﬂﬂﬂﬂﬂﬂﬂﬂﬂﬂﬂﬂﬂﬂﬂﬂﬂﬂﬂﬂﬂﬂﬂﬂﬂﬂﬂﬂﬂﬂﬂﬂﬂﬂﬂﬂﬂﬂﬂﬂﬂﬂﬂﬂﬂﬂﬂﬂﬂﬂﬂﬂﬂﬂﬂﬂﬂ 
                                ;                              SUBROUTINE 
                                ;‹‹‹‹‹‹‹‹‹‹‹‹‹‹‹‹‹‹‹‹‹‹‹‹‹‹‹‹‹‹‹‹‹‹‹‹‹‹‹‹‹‹‹‹‹‹‹‹‹‹‹‹‹‹‹‹‹‹‹‹‹‹‹‹‹‹‹‹‹‹‹‹‹‹ 
                                 
 2191                           sub_84		proc	near 
 2191  E8 0DB6 R                		call	sub_37 
 2194  83 C6 6D                 		add	si,6Dh 
 2197  E8 0D87 R                		call	sub_34 
 219A  B2 43                    		mov	dl,43h			; 'C' 
 219C  E8 214F R                		call	sub_82 
 219F  74 01                    		jz	loc_412			; Jump if zero 
                                		retn 
 21A1  C3                     1                 db     0C3h
 21A2                           loc_412: 
 21A2  8B 3E C006               		mov	di,ds:data_190e 
 21A6  B2 43                    		mov	dl,43h			; 'C' 
 21A8  E8 2027 R                		call	sub_79 
 21AB  72 01                    		jc	loc_413			; Jump if carry Set 
                                		retn 
 21AD  C3                     1                 db     0C3h
 21AE                           loc_413: 
 21AE  E9 0B33 R                		jmp	loc_169 
                                sub_84		endp 
                                 
                                 
                                ;ﬂﬂﬂﬂﬂﬂﬂﬂﬂﬂﬂﬂﬂﬂﬂﬂﬂﬂﬂﬂﬂﬂﬂﬂﬂﬂﬂﬂﬂﬂﬂﬂﬂﬂﬂﬂﬂﬂﬂﬂﬂﬂﬂﬂﬂﬂﬂﬂﬂﬂﬂﬂﬂﬂﬂﬂﬂﬂﬂﬂﬂﬂﬂﬂﬂﬂﬂﬂﬂﬂﬂﬂﬂﬂ 
                                ;                              SUBROUTINE 
                                ;‹‹‹‹‹‹‹‹‹‹‹‹‹‹‹‹‹‹‹‹‹‹‹‹‹‹‹‹‹‹‹‹‹‹‹‹‹‹‹‹‹‹‹‹‹‹‹‹‹‹‹‹‹‹‹‹‹‹‹‹‹‹‹‹‹‹‹‹‹‹‹‹‹‹ 
                                 
 21B1                           sub_85		proc	near 
 21B1  FE 06 9F07               		inc	byte ptr ds:data_146e 
 21B5  8B 36 C008               		mov	si,ds:data_191e 
 21B9                           loc_414: 
 21B9  8B 04                    		mov	ax,[si] 
 21BB  3D FFFF                  		cmp	ax,0FFFFh 
 21BE  75 01                    		jne	loc_415			; Jump if not equal 
                                		retn 
 21C0  C3                     1                 db     0C3h
 21C1                           loc_415: 
 21C1  25 3FFF                  		and	ax,3FFFh 
 21C4  E8 2322 R                		call	sub_88 
 21C7  72 44                    		jc	loc_420			; Jump if carry Set 
 21C9  8A CB                    		mov	cl,bl 
 21CB  4B                       		dec	bx 
 21CC  4B                       		dec	bx 
 21CD  0A FF                    		or	bh,bh			; Zero ? 
 21CF  79 0C                    		jns	loc_416			; Jump if not sign 
 21D1  FE C1                    		inc	cl 
 21D3  8A 44 02                 		mov	al,[si+2] 
Microsoft (R) Macro Assembler  Version 4.00                 3/29/26 15:13:40

                                                            Page     1-86
                                                            

 21D6  32 E4                    		xor	ah,ah			; Zero register 
 21D8  E8 0D73 R                		call	sub_33 
 21DB  EB 26                    		jmp	short loc_418 
 21DD                           loc_416: 
 21DD  8B C3                    		mov	ax,bx 
 21DF  2D 0022                  		sub	ax,22h 
 21E2  72 15                    		jc	loc_417			; Jump if carry Set 
 21E4  50                       		push	ax 
 21E5  8A 44 02                 		mov	al,[si+2] 
 21E8  B4 22                    		mov	ah,22h			; '"' 
 21EA  E8 0D73 R                		call	sub_33 
 21ED  58                       		pop	ax 
 21EE  03 F8                    		add	di,ax 
 21F0  8A C8                    		mov	cl,al 
 21F2  F6 D9                    		neg	cl 
 21F4  80 C1 02                 		add	cl,2 
 21F7  EB 0A                    		jmp	short loc_418 
 21F9                           loc_417: 
 21F9  8A E3                    		mov	ah,bl 
 21FB  8A 44 02                 		mov	al,[si+2] 
 21FE  E8 0D73 R                		call	sub_33 
 2201  B1 03                    		mov	cl,3 
 2203                           loc_418: 
 2203  32 ED                    		xor	ch,ch			; Zero register 
 2205  32 D2                    		xor	dl,dl			; Zero register 
                                 
 2207                           locloop_419: 
 2207  E8 2355 R                		call	sub_89 
 220A  47                       		inc	di 
 220B  E2 FA                    		loop	locloop_419		; Loop if cx > 0 
                                 
 220D                           loc_420: 
 220D  8B 04                    		mov	ax,[si] 
 220F  8A DC                    		mov	bl,ah 
 2211  25 3FFF                  		and	ax,3FFFh 
 2214  D0 C3                    		rol	bl,1			; Rotate 
 2216  D0 C3                    		rol	bl,1			; Rotate 
 2218  80 E3 03                 		and	bl,3 
 221B  74 0A                    		jz	loc_421			; Jump if zero 
 221D  FE CB                    		dec	bl 
 221F  32 FF                    		xor	bh,bh			; Zero register 
 2221  03 DB                    		add	bx,bx 
 2223  FF 97 8244               		call	word ptr ds:data_106e[bx]	;* 
 2227                           loc_421: 
 2227  E8 22FB R                		call	sub_87 
 222A  72 15                    		jc	loc_423			; Jump if carry Set 
 222C  8A E3                    		mov	ah,bl 
 222E  8A 44 02                 		mov	al,[si+2] 
 2231  E8 0D73 R                		call	sub_33 
 2234  B9 0003                  		mov	cx,3 
 2237  B2 46                    		mov	dl,46h			; 'F' 
                                 
 2239                           locloop_422: 
 2239  E8 2355 R                		call	sub_89 
 223C  47                       		inc	di 
Microsoft (R) Macro Assembler  Version 4.00                 3/29/26 15:13:40

                                                            Page     1-87
                                                            

 223D  FE C2                    		inc	dl 
 223F  E2 F8                    		loop	locloop_422		; Loop if cx > 0 
                                 
 2241                           loc_423: 
 2241  83 C6 07                 		add	si,7 
 2244  E9 21B9 R                		jmp	loc_414 
                                sub_85		endp 
                                 
                                			                        ;* No entry point to code 
 2247  4A                       		dec	dx 
                                ;*		adc	byte ptr [bp+si-7Eh],52h	; 'R' 
 2248  80 52 82 52              				adc byte ptr [bp+si-7Eh],52h			; was: db 082h,052h,082h,052h 
                                ;*		xor	dh,6 
 224C  80 F6 06                 				xor dh,6h			; was: db 082h,0F6h,006h 
 224F  07                       		pop	es 
 2250  9F                       		lahf				; Load ah from flags 
 2251  01 75 01                 		add	[di+1],si 
                                		retn 
 2254  C3                     1                 db     0C3h
                                			                        ;* No entry point to code 
 2255  8A 4C 02                 		mov	cl,[si+2] 
 2258  80 64 02 BF              		and	byte ptr [si+2],0BFh 
 225C  F6 C1 40                 		test	cl,40h			; '@' 
 225F  74 01                    		jz	loc_424			; Jump if zero 
                                		retn 
 2261  C3                     1                 db     0C3h
 2262                           loc_424: 
 2262  F6 44 02 80              		test	byte ptr [si+2],80h 
 2266  75 1B                    		jnz	loc_427			; Jump if not zero 
 2268  40                       		inc	ax 
 2269  8B D8                    		mov	bx,ax 
 226B  2B 06 C002               		sub	ax,ds:data_188e 
 226F  74 01                    		jz	loc_425			; Jump if zero 
 2271  93                       		xchg	bx,ax 
 2272                           loc_425: 
 2272  56                       		push	si 
 2273  50                       		push	ax 
 2274  E8 22B7 R                		call	sub_86 
 2277  72 03                    		jc	loc_426			; Jump if carry Set 
 2279  E8 0851 R                		call	sub_16 
 227C                           loc_426: 
 227C  58                       		pop	ax 
 227D  5E                       		pop	si 
 227E  8B 5C 05                 		mov	bx,[si+5] 
 2281  EB 19                    		jmp	short loc_430 
 2283                           loc_427: 
 2283  48                       		dec	ax 
 2284  3D FFFF                  		cmp	ax,0FFFFh 
 2287  75 04                    		jne	loc_428			; Jump if not equal 
 2289  A1 C002                  		mov	ax,ds:data_188e 
 228C  48                       		dec	ax 
 228D                           loc_428: 
 228D  56                       		push	si 
 228E  50                       		push	ax 
 228F  E8 22B7 R                		call	sub_86 
Microsoft (R) Macro Assembler  Version 4.00                 3/29/26 15:13:40

                                                            Page     1-88
                                                            

 2292  72 03                    		jc	loc_429			; Jump if carry Set 
 2294  E8 06AA R                		call	sub_13 
 2297                           loc_429: 
 2297  58                       		pop	ax 
 2298  5E                       		pop	si 
 2299  8B 5C 03                 		mov	bx,[si+3] 
 229C                           loc_430: 
 229C  8A 54 01                 		mov	dl,[si+1] 
 229F  80 E2 C0                 		and	dl,0C0h 
 22A2  0A D4                    		or	dl,ah 
 22A4  88 04                    		mov	[si],al 
 22A6  88 54 01                 		mov	[si+1],dl 
 22A9  2B D8                    		sub	bx,ax 
 22AB  74 01                    		jz	loc_431			; Jump if zero 
                                		retn 
 22AD  C3                     1                 db     0C3h
 22AE                           loc_431: 
 22AE  80 74 02 80              		xor	byte ptr [si+2],80h 
 22B2  80 4C 02 40              		or	byte ptr [si+2],40h	; '@' 
                                		retn 
 22B6  C3                     1                 db     0C3h
                                 
                                ;ﬂﬂﬂﬂﬂﬂﬂﬂﬂﬂﬂﬂﬂﬂﬂﬂﬂﬂﬂﬂﬂﬂﬂﬂﬂﬂﬂﬂﬂﬂﬂﬂﬂﬂﬂﬂﬂﬂﬂﬂﬂﬂﬂﬂﬂﬂﬂﬂﬂﬂﬂﬂﬂﬂﬂﬂﬂﬂﬂﬂﬂﬂﬂﬂﬂﬂﬂﬂﬂﬂﬂﬂﬂﬂ 
                                ;                              SUBROUTINE 
                                ;‹‹‹‹‹‹‹‹‹‹‹‹‹‹‹‹‹‹‹‹‹‹‹‹‹‹‹‹‹‹‹‹‹‹‹‹‹‹‹‹‹‹‹‹‹‹‹‹‹‹‹‹‹‹‹‹‹‹‹‹‹‹‹‹‹‹‹‹‹‹‹‹‹‹ 
                                 
 22B7                           sub_86		proc	near 
 22B7  8A 16 FF3D               		mov	dl,ds:data_234e 
 22BB  0A 16 FF39               		or	dl,ds:data_231e 
 22BF  F9                       		stc				; Set carry flag 
 22C0  74 01                    		jz	loc_432			; Jump if zero 
                                		retn 
 22C2  C3                     1                 db     0C3h
 22C3                           loc_432: 
 22C3  A0 0084                  		mov	al,byte ptr ds:[84h] 
 22C6  02 06 0082               		add	al,byte ptr ds:[82h] 
 22CA  04 03                    		add	al,3 
 22CC  24 3F                    		and	al,3Fh			; '?' 
 22CE  8A 64 02                 		mov	ah,[si+2] 
 22D1  80 E4 3F                 		and	ah,3Fh			; '?' 
 22D4  3A C4                    		cmp	al,ah 
 22D6  F9                       		stc				; Set carry flag 
 22D7  74 01                    		jz	loc_433			; Jump if zero 
                                		retn 
 22D9  C3                     1                 db     0C3h
 22DA                           loc_433: 
 22DA  8B 04                    		mov	ax,[si] 
 22DC  25 3FFF                  		and	ax,3FFFh 
 22DF  E8 22FB R                		call	sub_87 
 22E2  73 01                    		jnc	loc_434			; Jump if carry=0 
                                		retn 
 22E4  C3                     1                 db     0C3h
 22E5                           loc_434: 
 22E5  8A 16 0083               		mov	dl,byte ptr ds:[83h] 
 22E9  80 C2 04                 		add	dl,4 
Microsoft (R) Macro Assembler  Version 4.00                 3/29/26 15:13:40

                                                            Page     1-89
                                                            

 22EC  B9 0003                  		mov	cx,3 
                                 
 22EF                           locloop_435: 
 22EF  3A D0                    		cmp	dl,al 
 22F1  F8                       		clc				; Clear carry flag 
 22F2  75 01                    		jnz	loc_436			; Jump if not zero 
                                		retn 
 22F4  C3                     1                 db     0C3h
 22F5                           loc_436: 
 22F5  FE C2                    		inc	dl 
 22F7  E2 F6                    		loop	locloop_435		; Loop if cx > 0 
                                 
 22F9  F9                       		stc				; Set carry flag 
                                		retn 
 22FA  C3                     1                 db     0C3h
                                sub_86		endp 
                                 
                                 
                                ;ﬂﬂﬂﬂﬂﬂﬂﬂﬂﬂﬂﬂﬂﬂﬂﬂﬂﬂﬂﬂﬂﬂﬂﬂﬂﬂﬂﬂﬂﬂﬂﬂﬂﬂﬂﬂﬂﬂﬂﬂﬂﬂﬂﬂﬂﬂﬂﬂﬂﬂﬂﬂﬂﬂﬂﬂﬂﬂﬂﬂﬂﬂﬂﬂﬂﬂﬂﬂﬂﬂﬂﬂﬂﬂ 
                                ;                              SUBROUTINE 
                                ;‹‹‹‹‹‹‹‹‹‹‹‹‹‹‹‹‹‹‹‹‹‹‹‹‹‹‹‹‹‹‹‹‹‹‹‹‹‹‹‹‹‹‹‹‹‹‹‹‹‹‹‹‹‹‹‹‹‹‹‹‹‹‹‹‹‹‹‹‹‹‹‹‹‹ 
                                 
 22FB                           sub_87		proc	near 
 22FB  8B D8                    		mov	bx,ax 
 22FD  2B 06 0080               		sub	ax,word ptr ds:[80h] 
 2301  72 07                    		jc	loc_437			; Jump if carry Set 
 2303  93                       		xchg	bx,ax 
 2304  B8 0021                  		mov	ax,21h 
 2307  2B C3                    		sub	ax,bx 
                                		retn 
 2309  C3                     1                 db     0C3h
 230A                           loc_437: 
 230A  B8 0021                  		mov	ax,21h 
 230D  2B C3                    		sub	ax,bx 
 230F  73 01                    		jnc	loc_438			; Jump if carry=0 
                                		retn 
 2311  C3                     1                 db     0C3h
 2312                           loc_438: 
 2312  A1 C002                  		mov	ax,ds:data_188e 
 2315  2B 06 0080               		sub	ax,word ptr ds:[80h] 
 2319  03 C3                    		add	ax,bx 
 231B  93                       		xchg	bx,ax 
 231C  B8 0021                  		mov	ax,21h 
 231F  2B C3                    		sub	ax,bx 
                                		retn 
 2321  C3                     1                 db     0C3h
                                sub_87		endp 
                                 
                                 
                                ;ﬂﬂﬂﬂﬂﬂﬂﬂﬂﬂﬂﬂﬂﬂﬂﬂﬂﬂﬂﬂﬂﬂﬂﬂﬂﬂﬂﬂﬂﬂﬂﬂﬂﬂﬂﬂﬂﬂﬂﬂﬂﬂﬂﬂﬂﬂﬂﬂﬂﬂﬂﬂﬂﬂﬂﬂﬂﬂﬂﬂﬂﬂﬂﬂﬂﬂﬂﬂﬂﬂﬂﬂﬂﬂ 
                                ;                              SUBROUTINE 
                                ;‹‹‹‹‹‹‹‹‹‹‹‹‹‹‹‹‹‹‹‹‹‹‹‹‹‹‹‹‹‹‹‹‹‹‹‹‹‹‹‹‹‹‹‹‹‹‹‹‹‹‹‹‹‹‹‹‹‹‹‹‹‹‹‹‹‹‹‹‹‹‹‹‹‹ 
                                 
 2322                           sub_88		proc	near 
 2322  05 0002                  		add	ax,2 
Microsoft (R) Macro Assembler  Version 4.00                 3/29/26 15:13:40

                                                            Page     1-90
                                                            

 2325  8B D8                    		mov	bx,ax 
 2327  2B 06 C002               		sub	ax,ds:data_188e 
 232B  73 01                    		jnc	loc_439			; Jump if carry=0 
 232D  93                       		xchg	bx,ax 
 232E                           loc_439: 
 232E  8B D8                    		mov	bx,ax 
 2330  2B 06 0080               		sub	ax,word ptr ds:[80h] 
 2334  72 07                    		jc	loc_440			; Jump if carry Set 
 2336  93                       		xchg	bx,ax 
 2337  B8 0025                  		mov	ax,25h 
 233A  2B C3                    		sub	ax,bx 
                                		retn 
 233C  C3                     1                 db     0C3h
 233D                           loc_440: 
 233D  B8 0025                  		mov	ax,25h 
 2340  2B C3                    		sub	ax,bx 
 2342  73 01                    		jnc	loc_441			; Jump if carry=0 
                                		retn 
 2344  C3                     1                 db     0C3h
 2345                           loc_441: 
 2345  A1 C002                  		mov	ax,ds:data_188e 
 2348  2B 06 0080               		sub	ax,word ptr ds:[80h] 
 234C  03 C3                    		add	ax,bx 
 234E  93                       		xchg	bx,ax 
 234F  B8 0025                  		mov	ax,25h 
 2352  2B C3                    		sub	ax,bx 
                                		retn 
 2354  C3                     1                 db     0C3h
                                sub_88		endp 
                                 
                                 
                                ;ﬂﬂﬂﬂﬂﬂﬂﬂﬂﬂﬂﬂﬂﬂﬂﬂﬂﬂﬂﬂﬂﬂﬂﬂﬂﬂﬂﬂﬂﬂﬂﬂﬂﬂﬂﬂﬂﬂﬂﬂﬂﬂﬂﬂﬂﬂﬂﬂﬂﬂﬂﬂﬂﬂﬂﬂﬂﬂﬂﬂﬂﬂﬂﬂﬂﬂﬂﬂﬂﬂﬂﬂﬂﬂ 
                                ;                              SUBROUTINE 
                                ;‹‹‹‹‹‹‹‹‹‹‹‹‹‹‹‹‹‹‹‹‹‹‹‹‹‹‹‹‹‹‹‹‹‹‹‹‹‹‹‹‹‹‹‹‹‹‹‹‹‹‹‹‹‹‹‹‹‹‹‹‹‹‹‹‹‹‹‹‹‹‹‹‹‹ 
                                 
 2355                           sub_89		proc	near 
 2355  F6 05 80                 		test	byte ptr [di],80h 
 2358  75 03                    		jnz	loc_442			; Jump if not zero 
 235A  88 15                    		mov	[di],dl 
                                		retn 
 235C  C3                     1                 db     0C3h
 235D                           loc_442: 
 235D  8A 1D                    		mov	bl,[di] 
 235F  80 E3 7F                 		and	bl,7Fh 
 2362  32 FF                    		xor	bh,bh			; Zero register 
 2364  88 97 ED20               		mov	ds:data_212e[bx],dl 
                                		retn 
 2368  C3                     1                 db     0C3h
                                sub_89		endp 
                                 
                                 
                                ;ﬂﬂﬂﬂﬂﬂﬂﬂﬂﬂﬂﬂﬂﬂﬂﬂﬂﬂﬂﬂﬂﬂﬂﬂﬂﬂﬂﬂﬂﬂﬂﬂﬂﬂﬂﬂﬂﬂﬂﬂﬂﬂﬂﬂﬂﬂﬂﬂﬂﬂﬂﬂﬂﬂﬂﬂﬂﬂﬂﬂﬂﬂﬂﬂﬂﬂﬂﬂﬂﬂﬂﬂﬂﬂ 
                                ;                              SUBROUTINE 
                                ;‹‹‹‹‹‹‹‹‹‹‹‹‹‹‹‹‹‹‹‹‹‹‹‹‹‹‹‹‹‹‹‹‹‹‹‹‹‹‹‹‹‹‹‹‹‹‹‹‹‹‹‹‹‹‹‹‹‹‹‹‹‹‹‹‹‹‹‹‹‹‹‹‹‹ 
                                 
Microsoft (R) Macro Assembler  Version 4.00                 3/29/26 15:13:40

                                                            Page     1-91
                                                            

 2369                           sub_90		proc	near 
 2369  BE EB80                  		mov	si,data_211e 
 236C                           loc_443: 
 236C  80 3C FF                 		cmp	byte ptr [si],0FFh 
 236F  75 01                    		jne	loc_444			; Jump if not equal 
                                		retn 
 2371  C3                     1                 db     0C3h
 2372                           loc_444: 
 2372  56                       		push	si 
 2373  E8 23F7 R                		call	sub_92 
 2376  5E                       		pop	si 
 2377  8A 04                    		mov	al,[si] 
 2379  88 44 0B                 		mov	[si+0Bh],al 
 237C  2C 04                    		sub	al,4 
 237E  3C 1C                    		cmp	al,1Ch 
 2380  73 54                    		jae	loc_446			; Jump if above or = 
 2382  8A 44 01                 		mov	al,[si+1] 
 2385  2A 06 0082               		sub	al,byte ptr ds:[82h] 
 2389  24 3F                    		and	al,3Fh			; '?' 
 238B  3C 12                    		cmp	al,12h 
 238D  73 47                    		jae	loc_446			; Jump if above or = 
 238F  88 44 0C                 		mov	[si+0Ch],al 
 2392  8A 64 0B                 		mov	ah,[si+0Bh] 
 2395  50                       		push	ax 
 2396  E8 266E R                		call	sub_101 
 2399  58                       		pop	ax 
 239A  80 3D FF                 		cmp	byte ptr [di],0FFh 
 239D  74 32                    		je	loc_445			; Jump if equal 
 239F  80 3D FC                 		cmp	byte ptr [di],0FCh 
 23A2  74 2D                    		je	loc_445			; Jump if equal 
 23A4  2E: FF 16 3012 R         		call	word ptr cs:data_76 
 23A9  81 CF 8000               		or	di,8000h 
 23AD  89 7C 07                 		mov	[si+7],di 
 23B0  8A 44 02                 		mov	al,[si+2] 
 23B3  8A D8                    		mov	bl,al 
 23B5  D0 C3                    		rol	bl,1			; Rotate 
 23B7  D0 C3                    		rol	bl,1			; Rotate 
 23B9  81 E3 0003               		and	bx,3 
 23BD  8A 9F 83D7               		mov	bl,ds:data_107e[bx] 
 23C1  22 5C 03                 		and	bl,[si+3] 
 23C4  02 C3                    		add	al,bl 
 23C6  24 3F                    		and	al,3Fh			; '?' 
 23C8  81 E7 7FFF               		and	di,7FFFh 
 23CC  2E: FF 16 3010 R         		call	word ptr cs:data_75 
 23D1                           loc_445: 
 23D1  83 C6 0D                 		add	si,0Dh 
 23D4  EB 96                    		jmp	short loc_443 
 23D6                           loc_446: 
 23D6  C6 04 00                 		mov	byte ptr [si],0 
 23D9  EB F6                    		jmp	short loc_445 
                                sub_90		endp 
                                 
                                			                        ;* No entry point to code 
 23DB  00 01                    		add	[bx+di],al 
 23DD  03 07                    		add	ax,[bx] 
Microsoft (R) Macro Assembler  Version 4.00                 3/29/26 15:13:40

                                                            Page     1-92
                                                            

                                 
                                ;ﬂﬂﬂﬂﬂﬂﬂﬂﬂﬂﬂﬂﬂﬂﬂﬂﬂﬂﬂﬂﬂﬂﬂﬂﬂﬂﬂﬂﬂﬂﬂﬂﬂﬂﬂﬂﬂﬂﬂﬂﬂﬂﬂﬂﬂﬂﬂﬂﬂﬂﬂﬂﬂﬂﬂﬂﬂﬂﬂﬂﬂﬂﬂﬂﬂﬂﬂﬂﬂﬂﬂﬂﬂﬂ 
                                ;                              SUBROUTINE 
                                ;‹‹‹‹‹‹‹‹‹‹‹‹‹‹‹‹‹‹‹‹‹‹‹‹‹‹‹‹‹‹‹‹‹‹‹‹‹‹‹‹‹‹‹‹‹‹‹‹‹‹‹‹‹‹‹‹‹‹‹‹‹‹‹‹‹‹‹‹‹‹‹‹‹‹ 
                                 
 23DF                           sub_91		proc	near 
 23DF  BE EB80                  		mov	si,data_211e 
 23E2                           loc_447: 
 23E2  80 3C FF                 		cmp	byte ptr [si],0FFh 
 23E5  74 0A                    		je	loc_448			; Jump if equal 
 23E7  56                       		push	si 
 23E8  E8 23F7 R                		call	sub_92 
 23EB  5E                       		pop	si 
 23EC  83 C6 0D                 		add	si,0Dh 
 23EF  EB F1                    		jmp	short loc_447 
 23F1                           loc_448: 
 23F1  C6 06 EB80 FF            		mov	byte ptr ds:data_211e,0FFh 
                                		retn 
 23F6  C3                     1                 db     0C3h
                                sub_91		endp 
                                 
                                 
                                ;ﬂﬂﬂﬂﬂﬂﬂﬂﬂﬂﬂﬂﬂﬂﬂﬂﬂﬂﬂﬂﬂﬂﬂﬂﬂﬂﬂﬂﬂﬂﬂﬂﬂﬂﬂﬂﬂﬂﬂﬂﬂﬂﬂﬂﬂﬂﬂﬂﬂﬂﬂﬂﬂﬂﬂﬂﬂﬂﬂﬂﬂﬂﬂﬂﬂﬂﬂﬂﬂﬂﬂﬂﬂﬂ 
                                ;                              SUBROUTINE 
                                ;‹‹‹‹‹‹‹‹‹‹‹‹‹‹‹‹‹‹‹‹‹‹‹‹‹‹‹‹‹‹‹‹‹‹‹‹‹‹‹‹‹‹‹‹‹‹‹‹‹‹‹‹‹‹‹‹‹‹‹‹‹‹‹‹‹‹‹‹‹‹‹‹‹‹ 
                                 
 23F7                           sub_92		proc	near 
 23F7  F7 44 07 8000            		test	word ptr [si+7],8000h 
 23FC  75 01                    		jnz	loc_449			; Jump if not zero 
                                		retn 
 23FE  C3                     1                 db     0C3h
 23FF                           loc_449: 
 23FF  81 64 07 7FFF            		and	word ptr [si+7],7FFFh 
 2404  8B 54 07                 		mov	dx,[si+7] 
 2407  8A 44 0C                 		mov	al,[si+0Ch] 
 240A  8A 64 0B                 		mov	ah,[si+0Bh] 
                                sub_92		endp 
                                 
                                 
                                ;ﬂﬂﬂﬂﬂﬂﬂﬂﬂﬂﬂﬂﬂﬂﬂﬂﬂﬂﬂﬂﬂﬂﬂﬂﬂﬂﬂﬂﬂﬂﬂﬂﬂﬂﬂﬂﬂﬂﬂﬂﬂﬂﬂﬂﬂﬂﬂﬂﬂﬂﬂﬂﬂﬂﬂﬂﬂﬂﬂﬂﬂﬂﬂﬂﬂﬂﬂﬂﬂﬂﬂﬂﬂﬂ 
                                ;                              SUBROUTINE 
                                ;‹‹‹‹‹‹‹‹‹‹‹‹‹‹‹‹‹‹‹‹‹‹‹‹‹‹‹‹‹‹‹‹‹‹‹‹‹‹‹‹‹‹‹‹‹‹‹‹‹‹‹‹‹‹‹‹‹‹‹‹‹‹‹‹‹‹‹‹‹‹‹‹‹‹ 
                                 
 240D                           sub_93		proc	near 
 240D                           loc_450: 
 240D  50                       		push	ax 
 240E  E8 266E R                		call	sub_101 
 2411  58                       		pop	ax 
 2412  80 3D FC                 		cmp	byte ptr [di],0FCh 
 2415  72 01                    		jb	loc_451			; Jump if below 
                                		retn 
 2417  C3                     1                 db     0C3h
 2418                           loc_451: 
 2418  02 06 0082               		add	al,byte ptr ds:[82h] 
 241C  E8 0D73 R                		call	sub_33 
Microsoft (R) Macro Assembler  Version 4.00                 3/29/26 15:13:40

                                                            Page     1-93
                                                            

 241F  8A 05                    		mov	al,[di] 
 2421  2E: FF 26 3016 R         		jmp	word ptr cs:data_77 
                                sub_93		endp 
                                 
                                 
                                ;ﬂﬂﬂﬂﬂﬂﬂﬂﬂﬂﬂﬂﬂﬂﬂﬂﬂﬂﬂﬂﬂﬂﬂﬂﬂﬂﬂﬂﬂﬂﬂﬂﬂﬂﬂﬂﬂﬂﬂﬂﬂﬂﬂﬂﬂﬂﬂﬂﬂﬂﬂﬂﬂﬂﬂﬂﬂﬂﬂﬂﬂﬂﬂﬂﬂﬂﬂﬂﬂﬂﬂﬂﬂﬂ 
                                ;                              SUBROUTINE 
                                ;‹‹‹‹‹‹‹‹‹‹‹‹‹‹‹‹‹‹‹‹‹‹‹‹‹‹‹‹‹‹‹‹‹‹‹‹‹‹‹‹‹‹‹‹‹‹‹‹‹‹‹‹‹‹‹‹‹‹‹‹‹‹‹‹‹‹‹‹‹‹‹‹‹‹ 
                                 
 2426                           sub_94		proc	near 
 2426  BE EB80                  		mov	si,data_211e 
 2429  BF EB80                  		mov	di,0EB80h 
 242C  0E                       		push	cs 
 242D  07                       		pop	es 
 242E  C6 06 9F1F 00            		mov	byte ptr ds:data_166e,0 
 2433                           loc_452: 
 2433  8A 04                    		mov	al,[si] 
 2435  0A C0                    		or	al,al			; Zero ? 
 2437  75 07                    		jnz	loc_453			; Jump if not zero 
 2439  F7 44 07 8000            		test	word ptr [si+7],8000h 
 243E  74 2E                    		jz	loc_456			; Jump if zero 
 2440                           loc_453: 
 2440  FE C0                    		inc	al 
 2442  75 04                    		jnz	loc_454			; Jump if not zero 
 2444  C6 05 FF                 		mov	byte ptr [di],0FFh 
                                		retn 
 2447  C3                     1                 db     0C3h
 2448                           loc_454: 
 2448  FE 44 03                 		inc	byte ptr [si+3] 
 244B  06                       		push	es 
 244C  57                       		push	di 
 244D  E8 2473 R                		call	sub_95 
 2450  5F                       		pop	di 
 2451  07                       		pop	es 
 2452  56                       		push	si 
 2453  B9 000D                  		mov	cx,0Dh 
 2456  F3/ A4                   		rep	movsb			; Rep when cx >0 Mov [si] to es:[di] 
 2458  5E                       		pop	si 
 2459  F6 44 05 40              		test	byte ptr [si+5],40h	; '@' 
 245D  75 0B                    		jnz	loc_455			; Jump if not zero 
 245F  8A 44 03                 		mov	al,[si+3] 
 2462  3A 44 04                 		cmp	al,[si+4] 
 2465  72 03                    		jb	loc_455			; Jump if below 
 2467  C6 04 00                 		mov	byte ptr [si],0 
 246A                           loc_455: 
 246A  FE 06 9F1F               		inc	byte ptr ds:data_166e 
 246E                           loc_456: 
 246E  83 C6 0D                 		add	si,0Dh 
 2471  EB C0                    		jmp	short loc_452 
                                sub_94		endp 
                                 
                                 
                                ;ﬂﬂﬂﬂﬂﬂﬂﬂﬂﬂﬂﬂﬂﬂﬂﬂﬂﬂﬂﬂﬂﬂﬂﬂﬂﬂﬂﬂﬂﬂﬂﬂﬂﬂﬂﬂﬂﬂﬂﬂﬂﬂﬂﬂﬂﬂﬂﬂﬂﬂﬂﬂﬂﬂﬂﬂﬂﬂﬂﬂﬂﬂﬂﬂﬂﬂﬂﬂﬂﬂﬂﬂﬂﬂ 
                                ;                              SUBROUTINE 
                                ;‹‹‹‹‹‹‹‹‹‹‹‹‹‹‹‹‹‹‹‹‹‹‹‹‹‹‹‹‹‹‹‹‹‹‹‹‹‹‹‹‹‹‹‹‹‹‹‹‹‹‹‹‹‹‹‹‹‹‹‹‹‹‹‹‹‹‹‹‹‹‹‹‹‹ 
Microsoft (R) Macro Assembler  Version 4.00                 3/29/26 15:13:40

                                                            Page     1-94
                                                            

                                 
 2473                           sub_95		proc	near 
                                ;*		call	sub_97			;* 
 2473  E8 38 01                 		db	0E8h, 38h, 01h		;  Fixup - byte match 
 2476  F6 44 05 08              		test	byte ptr [si+5],8 
 247A  75 18                    		jnz	loc_458			; Jump if not zero 
 247C  8A 24                    		mov	ah,[si] 
 247E  0A E4                    		or	ah,ah			; Zero ? 
 2480  75 01                    		jnz	loc_457			; Jump if not zero 
                                		retn 
 2482  C3                     1                 db     0C3h
 2483                           loc_457: 
 2483  8A 44 01                 		mov	al,[si+1] 
 2486  E8 0D73 R                		call	sub_33 
 2489  8A 05                    		mov	al,[di] 
 248B  E8 0DF1 R                		call	sub_40 
 248E  74 04                    		jz	loc_458			; Jump if zero 
 2490  C6 04 00                 		mov	byte ptr [si],0 
                                		retn 
 2493  C3                     1                 db     0C3h
 2494                           loc_458: 
 2494  A0 0082                  		mov	al,byte ptr ds:[82h] 
 2497  02 06 0084               		add	al,byte ptr ds:[84h] 
 249B  F6 06 FF38 FF            		test	byte ptr ds:data_230e,0FFh 
 24A0  75 07                    		jnz	loc_459			; Jump if not zero 
 24A2  24 3F                    		and	al,3Fh			; '?' 
 24A4  3A 44 01                 		cmp	al,[si+1] 
 24A7  74 0F                    		je	loc_461			; Jump if equal 
 24A9                           loc_459: 
 24A9  B9 0002                  		mov	cx,2 
                                 
 24AC                           locloop_460: 
 24AC  FE C0                    		inc	al 
 24AE  24 3F                    		and	al,3Fh			; '?' 
 24B0  3A 44 01                 		cmp	al,[si+1] 
 24B3  74 03                    		je	loc_461			; Jump if equal 
 24B5  E2 F5                    		loop	locloop_460		; Loop if cx > 0 
                                 
                                		retn 
 24B7  C3                     1                 db     0C3h
 24B8                           loc_461: 
 24B8  A0 0083                  		mov	al,byte ptr ds:[83h] 
 24BB  04 04                    		add	al,4 
 24BD  F6 06 00C2 01            		test	byte ptr ds:[0C2h],1 
 24C2  74 02                    		jz	loc_462			; Jump if zero 
 24C4  FE C0                    		inc	al 
 24C6                           loc_462: 
 24C6  3A 04                    		cmp	al,[si] 
 24C8  74 07                    		je	loc_463			; Jump if equal 
 24CA  FE C0                    		inc	al 
 24CC  3A 04                    		cmp	al,[si] 
 24CE  74 01                    		je	loc_463			; Jump if equal 
                                		retn 
 24D0  C3                     1                 db     0C3h
 24D1                           loc_463: 
Microsoft (R) Macro Assembler  Version 4.00                 3/29/26 15:13:40

                                                            Page     1-95
                                                            

 24D1  C6 04 00                 		mov	byte ptr [si],0 
 24D4  F6 06 0093 FF            		test	byte ptr ds:[93h],0FFh 
 24D9  74 37                    		jz	loc_465			; Jump if zero 
 24DB  F6 06 FF43 FF            		test	byte ptr ds:data_240e,0FFh 
 24E0  75 30                    		jnz	loc_465			; Jump if not zero 
 24E2  F6 06 FF39 FF            		test	byte ptr ds:data_231e,0FFh 
 24E7  75 29                    		jnz	loc_465			; Jump if not zero 
 24E9  8A 44 05                 		mov	al,[si+5] 
 24EC  24 07                    		and	al,7 
 24EE  3C 02                    		cmp	al,2 
 24F0  74 20                    		je	loc_465			; Jump if equal 
 24F2  3C 06                    		cmp	al,6 
 24F4  74 1C                    		je	loc_465			; Jump if equal 
 24F6  0A C0                    		or	al,al			; Zero ? 
 24F8  74 11                    		jz	loc_464			; Jump if zero 
 24FA  3C 01                    		cmp	al,1 
 24FC  74 0D                    		je	loc_464			; Jump if equal 
 24FE  3C 07                    		cmp	al,7 
 2500  74 09                    		je	loc_464			; Jump if equal 
 2502  F6 06 00C2 01            		test	byte ptr ds:[0C2h],1 
 2507  75 09                    		jnz	loc_465			; Jump if not zero 
 2509  EB 48                    		jmp	short loc_467 
 250B                           loc_464: 
 250B  F6 06 00C2 01            		test	byte ptr ds:[0C2h],1 
 2510  75 41                    		jnz	loc_467			; Jump if not zero 
 2512                           loc_465: 
 2512  8A 44 06                 		mov	al,[si+6] 
 2515  32 E4                    		xor	ah,ah			; Zero register 
 2517  E8 168B R                		call	sub_60 
 251A  C6 06 FF75 09            		mov	byte ptr ds:data_247e,9 
 251F  B0 FF                    		mov	al,0FFh 
 2521  A2 9F14                  		mov	ds:data_156e,al 
 2524  A2 FF36                  		mov	ds:data_228e,al 
 2527  BB FFFF                  		mov	bx,0FFFFh 
 252A  B9 FFFF                  		mov	cx,0FFFFh 
 252D  8A 44 05                 		mov	al,[si+5] 
 2530  24 07                    		and	al,7 
 2532  3C 02                    		cmp	al,2 
 2534  74 14                    		je	loc_466			; Jump if equal 
 2536  3C 06                    		cmp	al,6 
 2538  74 10                    		je	loc_466			; Jump if equal 
 253A  33 DB                    		xor	bx,bx			; Zero register 
 253C  0A C0                    		or	al,al			; Zero ? 
 253E  74 0A                    		jz	loc_466			; Jump if zero 
 2540  3C 01                    		cmp	al,1 
 2542  74 06                    		je	loc_466			; Jump if equal 
 2544  3C 07                    		cmp	al,7 
 2546  74 02                    		je	loc_466			; Jump if equal 
 2548  87 CB                    		xchg	cx,bx 
 254A                           loc_466: 
 254A  89 0E 9F0E               		mov	ds:data_153e,cx 
 254E  89 1E 9F10               		mov	ds:data_154e,bx 
                                		retn 
 2552  C3                     1                 db     0C3h
 2553                           loc_467: 
Microsoft (R) Macro Assembler  Version 4.00                 3/29/26 15:13:40

                                                            Page     1-96
                                                            

 2553  80 3E 0093 04            		cmp	byte ptr ds:[93h],4 
 2558  73 17                    		jae	loc_469			; Jump if above or = 
 255A  A0 0084                  		mov	al,byte ptr ds:[84h] 
 255D  02 06 0082               		add	al,byte ptr ds:[82h] 
 2561  FE C0                    		inc	al 
 2563  F6 06 FF38 FF            		test	byte ptr ds:data_230e,0FFh 
 2568  74 02                    		jz	loc_468			; Jump if zero 
 256A  FE C0                    		inc	al 
 256C                           loc_468: 
 256C  E8 2577 R                		call	sub_96 
 256F  72 A1                    		jc	loc_465			; Jump if carry Set 
 2571                           loc_469: 
 2571  C6 06 FF75 0A            		mov	byte ptr ds:data_247e,0Ah 
                                		retn 
 2576  C3                     1                 db     0C3h
                                sub_95		endp 
                                 
                                 
                                ;ﬂﬂﬂﬂﬂﬂﬂﬂﬂﬂﬂﬂﬂﬂﬂﬂﬂﬂﬂﬂﬂﬂﬂﬂﬂﬂﬂﬂﬂﬂﬂﬂﬂﬂﬂﬂﬂﬂﬂﬂﬂﬂﬂﬂﬂﬂﬂﬂﬂﬂﬂﬂﬂﬂﬂﬂﬂﬂﬂﬂﬂﬂﬂﬂﬂﬂﬂﬂﬂﬂﬂﬂﬂﬂ 
                                ;                              SUBROUTINE 
                                ;‹‹‹‹‹‹‹‹‹‹‹‹‹‹‹‹‹‹‹‹‹‹‹‹‹‹‹‹‹‹‹‹‹‹‹‹‹‹‹‹‹‹‹‹‹‹‹‹‹‹‹‹‹‹‹‹‹‹‹‹‹‹‹‹‹‹‹‹‹‹‹‹‹‹ 
                                 
 2577                           sub_96		proc	near 
 2577  8A 5C 05                 		mov	bl,[si+5] 
 257A  81 E3 0007               		and	bx,7 
 257E  03 DB                    		add	bx,bx 
 2580  24 3F                    		and	al,3Fh			; '?' 
 2582  FF A7 8581               		jmp	word ptr ds:data_108e[bx]	;* 
                                sub_96		endp 
                                 
                                			                        ;* No entry point to code 
 2586  91                       		xchg	cx,ax 
 2587  85 99 9985               		test	bx,ds:data_124e[bx+di] 
 258B  85 99 9185               		test	bx,ds:data_117e[bx+di] 
 258F  85 9F 9F85               		test	bx,ds:data_181e[bx] 
 2593  85 9F 3A8F R             		test	bx,data_91[bx] 
 2597                           loc_471: 
 2597  44                       		inc	sp 
 2598  01 75 01                 		add	[di+1],si 
                                		retn 
 259B  C3                     1                 db     0C3h
                                			                        ;* No entry point to code 
 259C  F9                       		stc				; Set carry flag 
                                		retn 
 259D  C3                     1                 db     0C3h
                                			                        ;* No entry point to code 
 259E  FE C8                    		dec	al 
 25A0  24 3F                    		and	al,3Fh			; '?' 
                                ;*		jmp	short loc_470		;* 
 25A2  EB F2                    		db	0EBh,0F2h		;  Fixup - byte match 
 25A4  FE C0                    		db	0FEh,0C0h 
 25A6                           loc_472: 
 25A6  24 3F                    		and	al,3Fh			; '?' 
 25A8  EB ED                    		jmp	short loc_471 
 25AA  EB EB                    		jmp	short loc_471 
Microsoft (R) Macro Assembler  Version 4.00                 3/29/26 15:13:40

                                                            Page     1-97
                                                            

 25AC  EB E9                    		jmp	short loc_471 
 25AE  EB F6                    		jmp	short loc_472 
                                			                        ;* No entry point to code 
 25B0  44                       		inc	sp 
 25B1  05 7440                  		add	ax,7440h 
 25B4  06                       		push	es 
 25B5  E8 25FD R                		call	sub_98 
 25B8  73 01                    		jnc	loc_473			; Jump if carry=0 
                                		retn 
 25BA  C3                     1                 db     0C3h
 25BB                           loc_473: 
 25BB  8A 5C 05                 		mov	bl,[si+5] 
 25BE  81 E3 0007               		and	bx,7 
 25C2  03 DB                    		add	bx,bx 
 25C4  FF 97 85C2               		call	word ptr ds:data_109e[bx]	;* 
 25C8  80 64 01 3F              		and	byte ptr [si+1],3Fh	; '?' 
                                		retn 
 25CC  C3                     1                 db     0C3h
                                			                        ;* No entry point to code 
                                ;*		aad	85h			; undocumented inst 
 25CD  D5 85                    		db	0D5h, 85h		;  Fixup - byte match 
 25CF  D2 85 85EE               		rol	byte ptr ds:data_110e[di],cl	; Rotate 
 25D3  DE 85 E1 85 E4 85        		db	0DEh, 85h,0E1h, 85h,0E4h, 85h 
 25D9  EA 85 D8 85 FE 4C        		db	0EAh, 85h,0D8h, 85h,0FEh, 4Ch 
 25DF  01 FE 04 C3 FE 44        		db	 01h,0FEh, 04h,0C3h,0FEh, 44h 
 25E5  01 FE 04 C3 FE 4C        		db	 01h,0FEh, 04h,0C3h,0FEh, 4Ch 
 25EB  01 FE 0C C3 FE 44        		db	 01h,0FEh, 0Ch,0C3h,0FEh, 44h 
 25F1  01 FE 0C C3 FE 44        		db	 01h,0FEh, 0Ch,0C3h,0FEh, 44h 
 25F7  01 C3 FE 4C 01 C3        		db	 01h,0C3h,0FEh, 4Ch, 01h,0C3h 
                                 
                                ;ﬂﬂﬂﬂﬂﬂﬂﬂﬂﬂﬂﬂﬂﬂﬂﬂﬂﬂﬂﬂﬂﬂﬂﬂﬂﬂﬂﬂﬂﬂﬂﬂﬂﬂﬂﬂﬂﬂﬂﬂﬂﬂﬂﬂﬂﬂﬂﬂﬂﬂﬂﬂﬂﬂﬂﬂﬂﬂﬂﬂﬂﬂﬂﬂﬂﬂﬂﬂﬂﬂﬂﬂﬂﬂ 
                                ;                              SUBROUTINE 
                                ;‹‹‹‹‹‹‹‹‹‹‹‹‹‹‹‹‹‹‹‹‹‹‹‹‹‹‹‹‹‹‹‹‹‹‹‹‹‹‹‹‹‹‹‹‹‹‹‹‹‹‹‹‹‹‹‹‹‹‹‹‹‹‹‹‹‹‹‹‹‹‹‹‹‹ 
                                 
 25FD                           sub_98		proc	near 
 25FD  8A 5C 03                 		mov	bl,[si+3] 
 2600  32 FF                    		xor	bh,bh			; Zero register 
 2602  8B 7C 09                 		mov	di,[si+9] 
 2605  8A 01                    		mov	al,[bx+di] 
 2607  3C FF                    		cmp	al,0FFh 
 2609  75 07                    		jne	loc_474			; Jump if not equal 
 260B  C6 84 0080 00            		mov	byte ptr ds:[80h][si],0 
 2610  F9                       		stc				; Set carry flag 
                                		retn 
 2611  C3                     1                 db     0C3h
 2612                           loc_474: 
 2612  24 07                    		and	al,7 
 2614  80 64 05 F8              		and	byte ptr [si+5],0F8h 
 2618  08 44 05                 		or	[si+5],al 
                                		retn 
 261B  C3                     1                 db     0C3h
                                sub_98		endp 
                                 
                                			                        ;* No entry point to code 
 261C  80 3E 9F1F 1F            		cmp	byte ptr ds:data_166e,1Fh 
Microsoft (R) Macro Assembler  Version 4.00                 3/29/26 15:13:40

                                                            Page     1-98
                                                            

 2621  72 01                    		jb	loc_475			; Jump if below 
                                		retn 
 2623  C3                     1                 db     0C3h
 2624                           loc_475: 
 2624  56                       		push	si 
 2625  0E                       		push	cs 
 2626  07                       		pop	es 
 2627  8B F3                    		mov	si,bx 
 2629  BF EB80                  		mov	di,data_211e 
 262C                           loc_476: 
 262C  80 3D FF                 		cmp	byte ptr [di],0FFh 
 262F  74 05                    		je	loc_477			; Jump if equal 
 2631  83 C7 0D                 		add	di,0Dh 
 2634  EB F6                    		jmp	short loc_476 
 2636                           loc_477: 
 2636  B9 000D                  		mov	cx,0Dh 
 2639  F3/ A4                   		rep	movsb			; Rep when cx >0 Mov [si] to es:[di] 
 263B  B0 FF                    		mov	al,0FFh 
 263D  AA                       		stosb				; Store al to es:[di] 
 263E  FE 06 9F1F               		inc	byte ptr ds:data_166e 
 2642  5E                       		pop	si 
                                		retn 
 2643  C3                     1                 db     0C3h
                                 
                                ;ﬂﬂﬂﬂﬂﬂﬂﬂﬂﬂﬂﬂﬂﬂﬂﬂﬂﬂﬂﬂﬂﬂﬂﬂﬂﬂﬂﬂﬂﬂﬂﬂﬂﬂﬂﬂﬂﬂﬂﬂﬂﬂﬂﬂﬂﬂﬂﬂﬂﬂﬂﬂﬂﬂﬂﬂﬂﬂﬂﬂﬂﬂﬂﬂﬂﬂﬂﬂﬂﬂﬂﬂﬂﬂ 
                                ;                              SUBROUTINE 
                                ;‹‹‹‹‹‹‹‹‹‹‹‹‹‹‹‹‹‹‹‹‹‹‹‹‹‹‹‹‹‹‹‹‹‹‹‹‹‹‹‹‹‹‹‹‹‹‹‹‹‹‹‹‹‹‹‹‹‹‹‹‹‹‹‹‹‹‹‹‹‹‹‹‹‹ 
                                 
 2644                           sub_99		proc	near 
 2644  BE EB80                  		mov	si,data_211e 
 2647                           loc_478: 
 2647  8A 04                    		mov	al,[si] 
 2649  3C FF                    		cmp	al,0FFh 
 264B  75 01                    		jne	loc_479			; Jump if not equal 
                                		retn 
 264D  C3                     1                 db     0C3h
 264E                           loc_479: 
 264E  0A C0                    		or	al,al			; Zero ? 
 2650  74 02                    		jz	loc_480			; Jump if zero 
 2652  FE 0C                    		dec	byte ptr [si] 
 2654                           loc_480: 
 2654  83 C6 0D                 		add	si,0Dh 
 2657  EB EE                    		jmp	short loc_478 
                                sub_99		endp 
                                 
                                 
                                ;ﬂﬂﬂﬂﬂﬂﬂﬂﬂﬂﬂﬂﬂﬂﬂﬂﬂﬂﬂﬂﬂﬂﬂﬂﬂﬂﬂﬂﬂﬂﬂﬂﬂﬂﬂﬂﬂﬂﬂﬂﬂﬂﬂﬂﬂﬂﬂﬂﬂﬂﬂﬂﬂﬂﬂﬂﬂﬂﬂﬂﬂﬂﬂﬂﬂﬂﬂﬂﬂﬂﬂﬂﬂﬂ 
                                ;                              SUBROUTINE 
                                ;‹‹‹‹‹‹‹‹‹‹‹‹‹‹‹‹‹‹‹‹‹‹‹‹‹‹‹‹‹‹‹‹‹‹‹‹‹‹‹‹‹‹‹‹‹‹‹‹‹‹‹‹‹‹‹‹‹‹‹‹‹‹‹‹‹‹‹‹‹‹‹‹‹‹ 
                                 
 2659                           sub_100		proc	near 
 2659  BE EB80                  		mov	si,data_211e 
 265C                           loc_481: 
 265C  8A 04                    		mov	al,[si] 
 265E  3C FF                    		cmp	al,0FFh 
Microsoft (R) Macro Assembler  Version 4.00                 3/29/26 15:13:40

                                                            Page     1-99
                                                            

 2660  75 01                    		jne	loc_482			; Jump if not equal 
                                		retn 
 2662  C3                     1                 db     0C3h
 2663                           loc_482: 
 2663  0A C0                    		or	al,al			; Zero ? 
 2665  74 02                    		jz	loc_483			; Jump if zero 
 2667  FE 04                    		inc	byte ptr [si] 
 2669                           loc_483: 
 2669  83 C6 0D                 		add	si,0Dh 
 266C  EB EE                    		jmp	short loc_481 
                                sub_100		endp 
                                 
                                 
                                ;ﬂﬂﬂﬂﬂﬂﬂﬂﬂﬂﬂﬂﬂﬂﬂﬂﬂﬂﬂﬂﬂﬂﬂﬂﬂﬂﬂﬂﬂﬂﬂﬂﬂﬂﬂﬂﬂﬂﬂﬂﬂﬂﬂﬂﬂﬂﬂﬂﬂﬂﬂﬂﬂﬂﬂﬂﬂﬂﬂﬂﬂﬂﬂﬂﬂﬂﬂﬂﬂﬂﬂﬂﬂﬂ 
                                ;                              SUBROUTINE 
                                ;‹‹‹‹‹‹‹‹‹‹‹‹‹‹‹‹‹‹‹‹‹‹‹‹‹‹‹‹‹‹‹‹‹‹‹‹‹‹‹‹‹‹‹‹‹‹‹‹‹‹‹‹‹‹‹‹‹‹‹‹‹‹‹‹‹‹‹‹‹‹‹‹‹‹ 
                                 
 266E                           sub_101		proc	near 
 266E  24 3F                    		and	al,3Fh			; '?' 
 2670  8A DC                    		mov	bl,ah 
 2672  B7 1C                    		mov	bh,1Ch 
 2674  F6 E7                    		mul	bh			; ax = reg * al 
 2676  80 EB 04                 		sub	bl,4 
 2679  32 FF                    		xor	bh,bh			; Zero register 
 267B  03 C3                    		add	ax,bx 
 267D  8B F8                    		mov	di,ax 
 267F  81 C7 E900               		add	di,0E900h 
                                		retn 
 2683  C3                     1                 db     0C3h
                                sub_101		endp 
                                 
                                 
                                ;ﬂﬂﬂﬂﬂﬂﬂﬂﬂﬂﬂﬂﬂﬂﬂﬂﬂﬂﬂﬂﬂﬂﬂﬂﬂﬂﬂﬂﬂﬂﬂﬂﬂﬂﬂﬂﬂﬂﬂﬂﬂﬂﬂﬂﬂﬂﬂﬂﬂﬂﬂﬂﬂﬂﬂﬂﬂﬂﬂﬂﬂﬂﬂﬂﬂﬂﬂﬂﬂﬂﬂﬂﬂﬂ 
                                ;                              SUBROUTINE 
                                ;‹‹‹‹‹‹‹‹‹‹‹‹‹‹‹‹‹‹‹‹‹‹‹‹‹‹‹‹‹‹‹‹‹‹‹‹‹‹‹‹‹‹‹‹‹‹‹‹‹‹‹‹‹‹‹‹‹‹‹‹‹‹‹‹‹‹‹‹‹‹‹‹‹‹ 
                                 
 2684                           sub_102		proc	near 
 2684  BE EB60                  		mov	si,data_210e 
 2687  B9 0004                  		mov	cx,4 
                                 
 268A                           locloop_484: 
 268A  51                       		push	cx 
 268B  80 3C FF                 		cmp	byte ptr [si],0FFh 
 268E  74 57                    		je	loc_486			; Jump if equal 
 2690  E8 26EE R                		call	sub_103 
 2693  F6 44 02 FF              		test	byte ptr [si+2],0FFh 
 2697  75 05                    		jnz	loc_485			; Jump if not zero 
 2699  C6 04 FF                 		mov	byte ptr [si],0FFh 
 269C  EB 49                    		jmp	short loc_486 
 269E                           loc_485: 
 269E  8A 1C                    		mov	bl,[si] 
 26A0  80 E3 0F                 		and	bl,0Fh 
 26A3  32 FF                    		xor	bh,bh			; Zero register 
 26A5  03 DB                    		add	bx,bx 
 26A7  81 C3 8790               		add	bx,data_111e 
Microsoft (R) Macro Assembler  Version 4.00                 3/29/26 15:13:40

                                                            Page     1-100
                                                            

 26AB  8A 26 0083               		mov	ah,byte ptr ds:[83h] 
 26AF  02 27                    		add	ah,[bx] 
 26B1  88 64 05                 		mov	[si+5],ah 
 26B4  A0 0084                  		mov	al,byte ptr ds:[84h] 
 26B7  02 47 01                 		add	al,[bx+1] 
 26BA  24 3F                    		and	al,3Fh			; '?' 
 26BC  88 44 06                 		mov	[si+6],al 
 26BF  50                       		push	ax 
 26C0  E8 266E R                		call	sub_101 
 26C3  58                       		pop	ax 
 26C4  80 3D FF                 		cmp	byte ptr [di],0FFh 
 26C7  74 1E                    		je	loc_486			; Jump if equal 
 26C9  80 3D FC                 		cmp	byte ptr [di],0FCh 
 26CC  74 19                    		je	loc_486			; Jump if equal 
 26CE  2E: FF 16 3012 R         		call	word ptr cs:data_76 
 26D3  81 CF 8000               		or	di,8000h 
 26D7  89 7C 03                 		mov	[si+3],di 
 26DA  B0 66                    		mov	al,66h			; 'f' 
 26DC  81 E7 7FFF               		and	di,7FFFh 
 26E0  56                       		push	si 
 26E1  2E: FF 16 3010 R         		call	word ptr cs:data_75 
 26E6  5E                       		pop	si 
 26E7                           loc_486: 
 26E7  83 C6 07                 		add	si,7 
 26EA  59                       		pop	cx 
 26EB  E2 9D                    		loop	locloop_484		; Loop if cx > 0 
                                 
                                		retn 
 26ED  C3                     1                 db     0C3h
                                sub_102		endp 
                                 
                                 
                                ;ﬂﬂﬂﬂﬂﬂﬂﬂﬂﬂﬂﬂﬂﬂﬂﬂﬂﬂﬂﬂﬂﬂﬂﬂﬂﬂﬂﬂﬂﬂﬂﬂﬂﬂﬂﬂﬂﬂﬂﬂﬂﬂﬂﬂﬂﬂﬂﬂﬂﬂﬂﬂﬂﬂﬂﬂﬂﬂﬂﬂﬂﬂﬂﬂﬂﬂﬂﬂﬂﬂﬂﬂﬂﬂ 
                                ;                              SUBROUTINE 
                                ;‹‹‹‹‹‹‹‹‹‹‹‹‹‹‹‹‹‹‹‹‹‹‹‹‹‹‹‹‹‹‹‹‹‹‹‹‹‹‹‹‹‹‹‹‹‹‹‹‹‹‹‹‹‹‹‹‹‹‹‹‹‹‹‹‹‹‹‹‹‹‹‹‹‹ 
                                 
 26EE                           sub_103		proc	near 
 26EE  F7 44 03 8000            		test	word ptr [si+3],8000h 
 26F3  75 01                    		jnz	loc_487			; Jump if not zero 
                                		retn 
 26F5  C3                     1                 db     0C3h
 26F6                           loc_487: 
 26F6  81 64 03 7FFF            		and	word ptr [si+3],7FFFh 
 26FB  8B 54 03                 		mov	dx,[si+3] 
 26FE  8A 64 05                 		mov	ah,[si+5] 
 2701  8A 44 06                 		mov	al,[si+6] 
 2704  E9 240D R                		jmp	loc_450 
                                sub_103		endp 
                                 
                                 
                                ;ﬂﬂﬂﬂﬂﬂﬂﬂﬂﬂﬂﬂﬂﬂﬂﬂﬂﬂﬂﬂﬂﬂﬂﬂﬂﬂﬂﬂﬂﬂﬂﬂﬂﬂﬂﬂﬂﬂﬂﬂﬂﬂﬂﬂﬂﬂﬂﬂﬂﬂﬂﬂﬂﬂﬂﬂﬂﬂﬂﬂﬂﬂﬂﬂﬂﬂﬂﬂﬂﬂﬂﬂﬂﬂ 
                                ;                              SUBROUTINE 
                                ;‹‹‹‹‹‹‹‹‹‹‹‹‹‹‹‹‹‹‹‹‹‹‹‹‹‹‹‹‹‹‹‹‹‹‹‹‹‹‹‹‹‹‹‹‹‹‹‹‹‹‹‹‹‹‹‹‹‹‹‹‹‹‹‹‹‹‹‹‹‹‹‹‹‹ 
                                 
 2707                           sub_104		proc	near 
Microsoft (R) Macro Assembler  Version 4.00                 3/29/26 15:13:40

                                                            Page     1-101
                                                            

 2707  BE EB60                  		mov	si,data_210e 
 270A  B9 0004                  		mov	cx,4 
                                 
 270D                           locloop_488: 
 270D  51                       		push	cx 
 270E  80 3C FF                 		cmp	byte ptr [si],0FFh 
 2711  74 32                    		je	loc_489			; Jump if equal 
 2713  8A 1C                    		mov	bl,[si] 
 2715  02 5C 01                 		add	bl,[si+1] 
 2718  80 E3 0F                 		and	bl,0Fh 
 271B  88 1C                    		mov	[si],bl 
 271D  32 FF                    		xor	bh,bh			; Zero register 
 271F  03 DB                    		add	bx,bx 
 2721  81 C3 8790               		add	bx,data_111e 
 2725  8A 26 0083               		mov	ah,byte ptr ds:[83h] 
 2729  02 27                    		add	ah,[bx] 
 272B  A0 0084                  		mov	al,byte ptr ds:[84h] 
 272E  02 47 01                 		add	al,[bx+1] 
 2731  02 06 0082               		add	al,byte ptr ds:[82h] 
 2735  E8 0D73 R                		call	sub_33 
 2738  87 F7                    		xchg	si,di 
 273A  83 EE 25                 		sub	si,25h 
 273D  E8 0D93 R                		call	sub_35 
 2740  87 F7                    		xchg	si,di 
 2742  E8 274C R                		call	sub_105 
 2745                           loc_489: 
 2745  83 C6 07                 		add	si,7 
 2748  59                       		pop	cx 
 2749  E2 C2                    		loop	locloop_488		; Loop if cx > 0 
                                 
                                		retn 
 274B  C3                     1                 db     0C3h
                                sub_104		endp 
                                 
                                 
                                ;ﬂﬂﬂﬂﬂﬂﬂﬂﬂﬂﬂﬂﬂﬂﬂﬂﬂﬂﬂﬂﬂﬂﬂﬂﬂﬂﬂﬂﬂﬂﬂﬂﬂﬂﬂﬂﬂﬂﬂﬂﬂﬂﬂﬂﬂﬂﬂﬂﬂﬂﬂﬂﬂﬂﬂﬂﬂﬂﬂﬂﬂﬂﬂﬂﬂﬂﬂﬂﬂﬂﬂﬂﬂﬂ 
                                ;                              SUBROUTINE 
                                ;‹‹‹‹‹‹‹‹‹‹‹‹‹‹‹‹‹‹‹‹‹‹‹‹‹‹‹‹‹‹‹‹‹‹‹‹‹‹‹‹‹‹‹‹‹‹‹‹‹‹‹‹‹‹‹‹‹‹‹‹‹‹‹‹‹‹‹‹‹‹‹‹‹‹ 
                                 
 274C                           sub_105		proc	near 
 274C  F6 06 FF34 FF            		test	byte ptr ds:data_226e,0FFh 
 2751  74 08                    		jz	loc_490			; Jump if zero 
 2753  F6 06 FF30 FF            		test	byte ptr ds:data_223e,0FFh 
 2758  74 01                    		jz	loc_490			; Jump if zero 
                                		retn 
 275A  C3                     1                 db     0C3h
 275B                           loc_490: 
 275B  E8 2770 R                		call	sub_106 
 275E  47                       		inc	di 
 275F  E8 2770 R                		call	sub_106 
 2762  87 F7                    		xchg	si,di 
 2764  83 C6 23                 		add	si,23h 
 2767  E8 0D87 R                		call	sub_34 
 276A  87 F7                    		xchg	si,di 
 276C  E8 2770 R                		call	sub_106 
Microsoft (R) Macro Assembler  Version 4.00                 3/29/26 15:13:40

                                                            Page     1-102
                                                            

 276F  47                       		inc	di 
                                sub_105		endp 
                                 
                                 
                                ;ﬂﬂﬂﬂﬂﬂﬂﬂﬂﬂﬂﬂﬂﬂﬂﬂﬂﬂﬂﬂﬂﬂﬂﬂﬂﬂﬂﬂﬂﬂﬂﬂﬂﬂﬂﬂﬂﬂﬂﬂﬂﬂﬂﬂﬂﬂﬂﬂﬂﬂﬂﬂﬂﬂﬂﬂﬂﬂﬂﬂﬂﬂﬂﬂﬂﬂﬂﬂﬂﬂﬂﬂﬂﬂ 
                                ;                              SUBROUTINE 
                                ;‹‹‹‹‹‹‹‹‹‹‹‹‹‹‹‹‹‹‹‹‹‹‹‹‹‹‹‹‹‹‹‹‹‹‹‹‹‹‹‹‹‹‹‹‹‹‹‹‹‹‹‹‹‹‹‹‹‹‹‹‹‹‹‹‹‹‹‹‹‹‹‹‹‹ 
                                 
 2770                           sub_106		proc	near 
 2770  F6 44 02 FF              		test	byte ptr [si+2],0FFh 
 2774  75 01                    		jnz	loc_491			; Jump if not zero 
                                		retn 
 2776  C3                     1                 db     0C3h
 2777                           loc_491: 
 2777  87 F7                    		xchg	si,di 
 2779  E8 0DD0 R                		call	sub_38 
 277C  87 F7                    		xchg	si,di 
 277E  73 01                    		jnc	loc_492			; Jump if carry=0 
                                		retn 
 2780  C3                     1                 db     0C3h
 2781                           loc_492: 
 2781  F6 47 04 20              		test	byte ptr [bx+4],20h	; ' ' 
 2785  74 01                    		jz	loc_493			; Jump if zero 
                                		retn 
 2787  C3                     1                 db     0C3h
 2788                           loc_493: 
 2788  F6 47 05 20              		test	byte ptr [bx+5],20h	; ' ' 
 278C  74 01                    		jz	loc_494			; Jump if zero 
                                		retn 
 278E  C3                     1                 db     0C3h
 278F                           loc_494: 
 278F  80 67 05 E0              		and	byte ptr [bx+5],0E0h 
 2793  80 4F 05 49              		or	byte ptr [bx+5],49h	; 'I' 
 2797  FE 4C 02                 		dec	byte ptr [si+2] 
                                		retn 
 279A  C3                     1                 db     0C3h
                                sub_106		endp 
                                 
                                			                        ;* No entry point to code 
 279B  02 01                    		add	al,[bx+di] 
 279D  02 00                    		add	al,[bx+si] 
 279F  03 FF                    		add	di,di 
 27A1  04 FE                    		add	al,0FEh 
 27A3  05 06FE                  		add	ax,6FEh 
 27A6  FE 07                    		inc	byte ptr [bx] 
 27A8  FF 08                    		dec	word ptr [bx+si] 
 27AA  00 08                    		add	[bx+si],cl 
 27AC  01 08                    		add	[bx+si],cx 
 27AE  02 07                    		add	al,[bx] 
 27B0  03 06 0504               		add	ax,word ptr ds:[504h] 
 27B4  04 04                    		add	al,4 
                                 
                                ;ﬂﬂﬂﬂﬂﬂﬂﬂﬂﬂﬂﬂﬂﬂﬂﬂﬂﬂﬂﬂﬂﬂﬂﬂﬂﬂﬂﬂﬂﬂﬂﬂﬂﬂﬂﬂﬂﬂﬂﬂﬂﬂﬂﬂﬂﬂﬂﬂﬂﬂﬂﬂﬂﬂﬂﬂﬂﬂﬂﬂﬂﬂﬂﬂﬂﬂﬂﬂﬂﬂﬂﬂﬂﬂ 
                                ;                              SUBROUTINE 
                                ;‹‹‹‹‹‹‹‹‹‹‹‹‹‹‹‹‹‹‹‹‹‹‹‹‹‹‹‹‹‹‹‹‹‹‹‹‹‹‹‹‹‹‹‹‹‹‹‹‹‹‹‹‹‹‹‹‹‹‹‹‹‹‹‹‹‹‹‹‹‹‹‹‹‹ 
Microsoft (R) Macro Assembler  Version 4.00                 3/29/26 15:13:40

                                                            Page     1-103
                                                            

                                 
 27B6                           sub_107		proc	near 
 27B6  04 03                    		add	al,3 
 27B8  03 02                    		add	ax,[bp+si] 
 27BA  02 F6                    		add	dh,dh 
 27BC  06                       		push	es 
 27BD  9D                       		popf				; Pop flags 
                                ;*		add	bh,bh 
 27BE  00 FF                    		db	 00h,0FFh		;  Fixup - byte match 
 27C0  75 01                    		jnz	loc_495			; Jump if not zero 
                                		retn 
 27C2  C3                     1                 db     0C3h
 27C3                           loc_495: 
 27C3  F6 06 FF3C FF            		test	byte ptr ds:data_233e,0FFh 
 27C8  75 32                    		jnz	loc_499			; Jump if not zero 
 27CA  F6 06 FF1E FF            		test	byte ptr ds:data_218e,0FFh 
 27CF  75 01                    		jnz	loc_496			; Jump if not zero 
                                		retn 
 27D1  C3                     1                 db     0C3h
 27D2                           loc_496: 
 27D2  C6 06 FF1D 00            		mov	byte ptr ds:data_217e,0 
 27D7  C6 06 FF1E 00            		mov	byte ptr ds:data_218e,0 
 27DC  F6 06 FF43 FF            		test	byte ptr ds:data_240e,0FFh 
 27E1  74 01                    		jz	loc_497			; Jump if zero 
                                		retn 
 27E3  C3                     1                 db     0C3h
 27E4                           loc_497: 
 27E4  F6 06 FF3E FF            		test	byte ptr ds:data_235e,0FFh 
 27E9  74 01                    		jz	loc_498			; Jump if zero 
                                		retn 
 27EB  C3                     1                 db     0C3h
 27EC                           loc_498: 
 27EC  C6 06 9F2B 00            		mov	byte ptr ds:data_178e,0 
 27F1  C6 06 FF3C FF            		mov	byte ptr ds:data_233e,0FFh 
 27F6  C6 06 FF75 17            		mov	byte ptr ds:data_247e,17h 
                                		retn 
 27FB  C3                     1                 db     0C3h
 27FC                           loc_499: 
 27FC  80 06 9F2B 02            		add	byte ptr ds:data_178e,2 
 2801  80 3E 9F2B 04            		cmp	byte ptr ds:data_178e,4 
 2806  74 0E                    		je	loc_501			; Jump if equal 
 2808  80 3E 9F2B 06            		cmp	byte ptr ds:data_178e,6 
 280D  73 01                    		jae	loc_500			; Jump if above or = 
                                		retn 
 280F  C3                     1                 db     0C3h
 2810                           loc_500: 
 2810  C6 06 FF3C 00            		mov	byte ptr ds:data_233e,0 
                                		retn 
 2815  C3                     1                 db     0C3h
 2816                           loc_501: 
 2816  8A 1E 009D               		mov	bl,byte ptr ds:[9Dh] 
 281A  FE CB                    		dec	bl 
 281C  32 FF                    		xor	bh,bh			; Zero register 
 281E  F6 87 00AB FF            		test	byte ptr ds:[0ABh][bx],0FFh 
 2823  75 01                    		jnz	loc_502			; Jump if not zero 
Microsoft (R) Macro Assembler  Version 4.00                 3/29/26 15:13:40

                                                            Page     1-104
                                                            

                                		retn 
 2825  C3                     1                 db     0C3h
 2826                           loc_502: 
 2826  FE 8F 00AB               		dec	byte ptr ds:[0ABh][bx] 
 282A  2E: FF 16 2018           		call	word ptr cs:[2018h] 
 282F  C6 06 FF75 18            		mov	byte ptr ds:data_247e,18h 
 2834  BE EB15                  		mov	si,0EB15h 
 2837  C6 06 FF3E FF            		mov	byte ptr ds:data_235e,0FFh 
 283C  8A 1E 009D               		mov	bl,byte ptr ds:[9Dh] 
 2840  FE CB                    		dec	bl 
 2842  32 FF                    		xor	bh,bh			; Zero register 
 2844  03 DB                    		add	bx,bx 
 2846  FF A7 883F               		jmp	word ptr ds:data_112e[bx]	;* 
                                sub_107		endp 
                                 
                                			                        ;* No entry point to code 
 284A  4D                       		dec	bp 
 284B  88 4D 88                 		mov	[di-78h],cl 
 284E  4D                       		dec	bp 
 284F  88 4D 88                 		mov	[di-78h],cl 
 2852  A8 88                    		test	al,88h 
 2854  F8                       		clc				; Clear carry flag 
 2855  88 18                    		mov	[bx+si],bl 
 2857  89 A0 00C2               		mov	word ptr ds:[0C2h][bx+si],sp 
 285B  F6 D0                    		not	al 
 285D  24 01                    		and	al,1 
 285F  88 44 03                 		mov	[si+3],al 
 2862  A0 FF38                  		mov	al,ds:data_230e 
 2865  24 01                    		and	al,1 
 2867  02 06 0084               		add	al,byte ptr ds:[84h] 
 286B  02 06 0082               		add	al,byte ptr ds:[82h] 
 286F  24 3F                    		and	al,3Fh			; '?' 
 2871  88 44 02                 		mov	[si+2],al 
 2874  A0 0083                  		mov	al,byte ptr ds:[83h] 
 2877  04 04                    		add	al,4 
 2879  8A 64 03                 		mov	ah,[si+3] 
 287C  F6 D4                    		not	ah 
 287E  80 E4 01                 		and	ah,1 
 2881  02 C4                    		add	al,ah 
 2883  32 E4                    		xor	ah,ah			; Zero register 
 2885  03 06 0080               		add	ax,word ptr ds:[80h] 
 2889  3B 06 C002               		cmp	ax,ds:data_188e 
 288D  72 04                    		jb	loc_503			; Jump if below 
 288F  2B 06 C002               		sub	ax,ds:data_188e 
 2893                           loc_503: 
 2893  89 04                    		mov	[si],ax 
 2895  C6 44 09 00              		mov	byte ptr [si+9],0 
 2899  C6 44 0B 00              		mov	byte ptr [si+0Bh],0 
 289D  C6 44 0D 00              		mov	byte ptr [si+0Dh],0 
 28A1  C6 44 0F 00              		mov	byte ptr [si+0Fh],0 
 28A5  C6 44 04 00              		mov	byte ptr [si+4],0 
 28A9  C6 44 05 00              		mov	byte ptr [si+5],0 
 28AD  C7 44 10 FFFF            		mov	word ptr [si+10h],0FFFFh 
                                		retn 
 28B2  C3                     1                 db     0C3h
Microsoft (R) Macro Assembler  Version 4.00                 3/29/26 15:13:40

                                                            Page     1-105
                                                            

 28B3  B9 04 00                 		db	0B9h, 04h, 00h 
                                 
 28B6                           locloop_504: 
 28B6  51                       		push	cx 
 28B7  B0 06                    		mov	al,6 
 28B9  F6 E1                    		mul	cl			; ax = reg * al 
 28BB  05 0002                  		add	ax,2 
 28BE  03 06 0080               		add	ax,word ptr ds:[80h] 
 28C2  3B 06 C002               		cmp	ax,ds:data_188e 
 28C6  72 04                    		jb	loc_505			; Jump if below 
 28C8  2B 06 C002               		sub	ax,ds:data_188e 
 28CC                           loc_505: 
 28CC  89 04                    		mov	[si],ax 
 28CE  2E: FF 16 011A           		call	word ptr cs:[11Ah] 
 28D3  24 03                    		and	al,3 
 28D5  8A 26 0082               		mov	ah,byte ptr ds:[82h] 
 28D9  80 EC 03                 		sub	ah,3 
 28DC  2A E0                    		sub	ah,al 
 28DE  80 E4 3F                 		and	ah,3Fh			; '?' 
 28E1  88 64 02                 		mov	[si+2],ah 
 28E4  C6 44 09 00              		mov	byte ptr [si+9],0 
 28E8  C6 44 0B 00              		mov	byte ptr [si+0Bh],0 
 28EC  C6 44 0D 00              		mov	byte ptr [si+0Dh],0 
 28F0  C6 44 0F 00              		mov	byte ptr [si+0Fh],0 
 28F4  C6 44 04 00              		mov	byte ptr [si+4],0 
 28F8  C6 44 05 00              		mov	byte ptr [si+5],0 
 28FC  83 C6 10                 		add	si,10h 
 28FF  59                       		pop	cx 
 2900  E2 B4                    		loop	locloop_504		; Loop if cx > 0 
                                 
                                		retn 
 2902  C3                     1                 db     0C3h
 2903  56 B9 03 00              		db	 56h,0B9h, 03h, 00h 
                                 
 2907                           locloop_506: 
 2907  51                       		push	cx 
                                ;*		call	sub_108			;* 
 2908  E8 4D FF                 		db	0E8h, 4Dh,0FFh		;  Fixup - byte match 
 290B  83 C6 10                 		add	si,10h 
 290E  59                       		pop	cx 
 290F  E2 F6                    		loop	locloop_506		; Loop if cx > 0 
                                 
 2911  5E                       		pop	si 
 2912  80 6C 02 02              		sub	byte ptr [si+2],2 
 2916  80 64 02 3F              		and	byte ptr [si+2],3Fh	; '?' 
 291A  80 44 12 02              		add	byte ptr [si+12h],2 
 291E  80 64 12 3F              		and	byte ptr [si+12h],3Fh	; '?' 
                                		retn 
 2922  C3                     1                 db     0C3h
                                			                        ;* No entry point to code 
 2923  C6 06 9EED FF            		mov	byte ptr ds:data_126e,0FFh 
 2928  C6 06 9EEE FF            		mov	byte ptr ds:data_127e,0FFh 
 292D  F6 06 FF34 FF            		test	byte ptr ds:data_226e,0FFh 
 2932  74 07                    		jz	loc_507			; Jump if zero 
 2934  F6 06 FF2E FF            		test	byte ptr ds:data_221e,0FFh 
Microsoft (R) Macro Assembler  Version 4.00                 3/29/26 15:13:40

                                                            Page     1-106
                                                            

 2939  75 24                    		jnz	loc_511			; Jump if not zero 
 293B                           loc_507: 
 293B  8B 36 FF31               		mov	si,ds:data_224e 
 293F  83 EE 24                 		sub	si,24h 
 2942  E8 0D93 R                		call	sub_35 
 2945  B9 0013                  		mov	cx,13h 
                                 
 2948                           locloop_508: 
 2948  51                       		push	cx 
 2949  B9 0024                  		mov	cx,24h 
                                 
 294C                           locloop_509: 
 294C  51                       		push	cx 
 294D  F6 04 80                 		test	byte ptr [si],80h 
 2950  74 03                    		jz	loc_510			; Jump if zero 
 2952  E8 2C5B R                		call	sub_115 
 2955                           loc_510: 
 2955  46                       		inc	si 
 2956  59                       		pop	cx 
 2957  E2 F3                    		loop	locloop_509		; Loop if cx > 0 
                                 
 2959  E8 0D87 R                		call	sub_34 
 295C  59                       		pop	cx 
 295D  E2 E9                    		loop	locloop_508		; Loop if cx > 0 
                                 
 295F                           loc_511: 
 295F  C6 06 FF3E 00            		mov	byte ptr ds:data_235e,0 
 2964  C6 06 FF75 19            		mov	byte ptr ds:data_247e,19h 
 2969  2E: FF 16 3020 R         		call	word ptr cs:data_82 
 296E  C6 06 FF1E 00            		mov	byte ptr ds:data_218e,0 
 2973  E8 13B9 R                		call	sub_48 
 2976  E9 0FA0 R                		jmp	loc_231 
                                 
                                ;ﬂﬂﬂﬂﬂﬂﬂﬂﬂﬂﬂﬂﬂﬂﬂﬂﬂﬂﬂﬂﬂﬂﬂﬂﬂﬂﬂﬂﬂﬂﬂﬂﬂﬂﬂﬂﬂﬂﬂﬂﬂﬂﬂﬂﬂﬂﬂﬂﬂﬂﬂﬂﬂﬂﬂﬂﬂﬂﬂﬂﬂﬂﬂﬂﬂﬂﬂﬂﬂﬂﬂﬂﬂﬂ 
                                ;                              SUBROUTINE 
                                ;‹‹‹‹‹‹‹‹‹‹‹‹‹‹‹‹‹‹‹‹‹‹‹‹‹‹‹‹‹‹‹‹‹‹‹‹‹‹‹‹‹‹‹‹‹‹‹‹‹‹‹‹‹‹‹‹‹‹‹‹‹‹‹‹‹‹‹‹‹‹‹‹‹‹ 
                                 
 2979                           sub_109		proc	near 
 2979  BE EB15                  		mov	si,0EB15h 
 297C  B9 0004                  		mov	cx,4 
 297F                           loc_512: 
 297F  83 3C FF                 		cmp	word ptr [si],0FFFFh 
 2982  75 01                    		jne	loc_513			; Jump if not equal 
                                		retn 
 2984  C3                     1                 db     0C3h
 2985                           loc_513: 
 2985  51                       		push	cx 
 2986  E8 2A42 R                		call	sub_110 
 2989  80 7C 01 FF              		cmp	byte ptr [si+1],0FFh 
 298D  75 07                    		jne	loc_514			; Jump if not equal 
 298F  C7 04 FFFF               		mov	word ptr [si],0FFFFh 
 2993  E9 2A36 R                		jmp	loc_519 
 2996                           loc_514: 
 2996  8A 5C 05                 		mov	bl,[si+5] 
 2999  02 DB                    		add	bl,bl 
Microsoft (R) Macro Assembler  Version 4.00                 3/29/26 15:13:40

                                                            Page     1-107
                                                            

 299B  02 DB                    		add	bl,bl 
 299D  32 FF                    		xor	bh,bh			; Zero register 
 299F  A0 009D                  		mov	al,byte ptr ds:[9Dh] 
 29A2  FE C8                    		dec	al 
 29A4  02 C0                    		add	al,al 
 29A6  32 E4                    		xor	ah,ah			; Zero register 
 29A8  BF 8C81                  		mov	di,8C81h 
 29AB  F6 44 03 FF              		test	byte ptr [si+3],0FFh 
 29AF  75 03                    		jnz	loc_515			; Jump if not zero 
 29B1  BF 8C8D                  		mov	di,data_114e 
 29B4                           loc_515: 
 29B4  03 F8                    		add	di,ax 
 29B6  8B 3D                    		mov	di,[di] 
 29B8  03 FB                    		add	di,bx 
 29BA  8B 04                    		mov	ax,[si] 
 29BC  E8 36AD R                		call	sub_141 
 29BF  72 75                    		jc	loc_519			; Jump if carry Set 
 29C1  88 5C 06                 		mov	[si+6],bl 
 29C4  8A 44 02                 		mov	al,[si+2] 
 29C7  2A 06 0082               		sub	al,byte ptr ds:[82h] 
 29CB  24 3F                    		and	al,3Fh			; '?' 
 29CD  88 44 07                 		mov	[si+7],al 
 29D0  8A F8                    		mov	bh,al 
 29D2  86 FB                    		xchg	bh,bl 
 29D4  56                       		push	si 
 29D5  83 C6 08                 		add	si,8 
 29D8  BD 8C79                  		mov	bp,data_113e 
 29DB  B9 0004                  		mov	cx,4 
                                 
 29DE                           locloop_516: 
 29DE  51                       		push	cx 
 29DF  53                       		push	bx 
 29E0  55                       		push	bp 
 29E1  3E: 02 7E 00             		add	bh,ds:[bp] 
 29E5  8A C7                    		mov	al,bh 
 29E7  2C 04                    		sub	al,4 
 29E9  3C 1C                    		cmp	al,1Ch 
 29EB  73 3E                    		jae	loc_518			; Jump if above or = 
 29ED  45                       		inc	bp 
 29EE  3E: 02 5E 00             		add	bl,ds:[bp] 
 29F2  80 E3 3F                 		and	bl,3Fh			; '?' 
 29F5  80 FB 12                 		cmp	bl,12h 
 29F8  73 31                    		jae	loc_518			; Jump if above or = 
 29FA  8A 05                    		mov	al,[di] 
 29FC  57                       		push	di 
 29FD  50                       		push	ax 
 29FE  8B C3                    		mov	ax,bx 
 2A00  50                       		push	ax 
 2A01  E8 266E R                		call	sub_101 
 2A04  58                       		pop	ax 
 2A05  80 3D FF                 		cmp	byte ptr [di],0FFh 
 2A08  74 1F                    		je	loc_517			; Jump if equal 
 2A0A  80 3D FC                 		cmp	byte ptr [di],0FCh 
 2A0D  74 1A                    		je	loc_517			; Jump if equal 
 2A0F  2E: FF 16 3012 R         		call	word ptr cs:data_76 
Microsoft (R) Macro Assembler  Version 4.00                 3/29/26 15:13:40

                                                            Page     1-108
                                                            

 2A14  81 CF 8000               		or	di,8000h 
 2A18  89 3C                    		mov	[si],di 
 2A1A  81 E7 7FFF               		and	di,7FFFh 
 2A1E  58                       		pop	ax 
 2A1F  56                       		push	si 
 2A20  2E: FF 16 3010 R         		call	word ptr cs:data_75 
 2A25  5E                       		pop	si 
 2A26  5F                       		pop	di 
 2A27  EB 02                    		jmp	short loc_518 
 2A29                           loc_517: 
 2A29  58                       		pop	ax 
 2A2A  5F                       		pop	di 
 2A2B                           loc_518: 
 2A2B  5D                       		pop	bp 
 2A2C  46                       		inc	si 
 2A2D  46                       		inc	si 
 2A2E  47                       		inc	di 
 2A2F  45                       		inc	bp 
 2A30  45                       		inc	bp 
 2A31  5B                       		pop	bx 
 2A32  59                       		pop	cx 
 2A33  E2 A9                    		loop	locloop_516		; Loop if cx > 0 
                                 
 2A35  5E                       		pop	si 
 2A36                           loc_519: 
 2A36  83 C6 10                 		add	si,10h 
 2A39  59                       		pop	cx 
 2A3A  E2 02                    		loop	locloop_520		; Loop if cx > 0 
                                 
 2A3C  EB 03                    		jmp	short loc_ret_521 
                                 
 2A3E                           locloop_520: 
 2A3E  E9 297F R                		jmp	loc_512 
                                 
 2A41                           loc_ret_521: 
                                		retn 
 2A41  C3                     1                 db     0C3h
                                sub_109		endp 
                                 
                                 
                                ;ﬂﬂﬂﬂﬂﬂﬂﬂﬂﬂﬂﬂﬂﬂﬂﬂﬂﬂﬂﬂﬂﬂﬂﬂﬂﬂﬂﬂﬂﬂﬂﬂﬂﬂﬂﬂﬂﬂﬂﬂﬂﬂﬂﬂﬂﬂﬂﬂﬂﬂﬂﬂﬂﬂﬂﬂﬂﬂﬂﬂﬂﬂﬂﬂﬂﬂﬂﬂﬂﬂﬂﬂﬂﬂ 
                                ;                              SUBROUTINE 
                                ;‹‹‹‹‹‹‹‹‹‹‹‹‹‹‹‹‹‹‹‹‹‹‹‹‹‹‹‹‹‹‹‹‹‹‹‹‹‹‹‹‹‹‹‹‹‹‹‹‹‹‹‹‹‹‹‹‹‹‹‹‹‹‹‹‹‹‹‹‹‹‹‹‹‹ 
                                 
 2A42                           sub_110		proc	near 
 2A42  F7 44 08 8000            		test	word ptr [si+8],8000h 
 2A47  74 13                    		jz	loc_522			; Jump if zero 
 2A49  81 64 08 7FFF            		and	word ptr [si+8],7FFFh 
 2A4E  8B 54 08                 		mov	dx,[si+8] 
 2A51  8A 64 06                 		mov	ah,[si+6] 
 2A54  8A 44 07                 		mov	al,[si+7] 
 2A57  56                       		push	si 
 2A58  E8 240D R                		call	sub_93 
 2A5B  5E                       		pop	si 
 2A5C                           loc_522: 
Microsoft (R) Macro Assembler  Version 4.00                 3/29/26 15:13:40

                                                            Page     1-109
                                                            

 2A5C  F7 44 0A 8000            		test	word ptr [si+0Ah],8000h 
 2A61  74 15                    		jz	loc_523			; Jump if zero 
 2A63  81 64 0A 7FFF            		and	word ptr [si+0Ah],7FFFh 
 2A68  8B 54 0A                 		mov	dx,[si+0Ah] 
 2A6B  8A 64 06                 		mov	ah,[si+6] 
 2A6E  FE C4                    		inc	ah 
 2A70  8A 44 07                 		mov	al,[si+7] 
 2A73  56                       		push	si 
 2A74  E8 240D R                		call	sub_93 
 2A77  5E                       		pop	si 
 2A78                           loc_523: 
 2A78  F7 44 0C 8000            		test	word ptr [si+0Ch],8000h 
 2A7D  74 17                    		jz	loc_524			; Jump if zero 
 2A7F  81 64 0C 7FFF            		and	word ptr [si+0Ch],7FFFh 
 2A84  8B 54 0C                 		mov	dx,[si+0Ch] 
 2A87  8A 64 06                 		mov	ah,[si+6] 
 2A8A  8A 44 07                 		mov	al,[si+7] 
 2A8D  FE C0                    		inc	al 
 2A8F  24 3F                    		and	al,3Fh			; '?' 
 2A91  56                       		push	si 
 2A92  E8 240D R                		call	sub_93 
 2A95  5E                       		pop	si 
 2A96                           loc_524: 
 2A96  F7 44 0E 8000            		test	word ptr [si+0Eh],8000h 
 2A9B  75 01                    		jnz	loc_525			; Jump if not zero 
                                		retn 
 2A9D  C3                     1                 db     0C3h
 2A9E                           loc_525: 
 2A9E  81 64 0E 7FFF            		and	word ptr [si+0Eh],7FFFh 
 2AA3  8B 54 0E                 		mov	dx,[si+0Eh] 
 2AA6  8A 64 06                 		mov	ah,[si+6] 
 2AA9  FE C4                    		inc	ah 
 2AAB  8A 44 07                 		mov	al,[si+7] 
 2AAE  FE C0                    		inc	al 
 2AB0  24 3F                    		and	al,3Fh			; '?' 
 2AB2  56                       		push	si 
 2AB3  E8 240D R                		call	sub_93 
 2AB6  5E                       		pop	si 
                                		retn 
 2AB7  C3                     1                 db     0C3h
                                sub_110		endp 
                                 
                                 
                                ;ﬂﬂﬂﬂﬂﬂﬂﬂﬂﬂﬂﬂﬂﬂﬂﬂﬂﬂﬂﬂﬂﬂﬂﬂﬂﬂﬂﬂﬂﬂﬂﬂﬂﬂﬂﬂﬂﬂﬂﬂﬂﬂﬂﬂﬂﬂﬂﬂﬂﬂﬂﬂﬂﬂﬂﬂﬂﬂﬂﬂﬂﬂﬂﬂﬂﬂﬂﬂﬂﬂﬂﬂﬂﬂ 
                                ;                              SUBROUTINE 
                                ;‹‹‹‹‹‹‹‹‹‹‹‹‹‹‹‹‹‹‹‹‹‹‹‹‹‹‹‹‹‹‹‹‹‹‹‹‹‹‹‹‹‹‹‹‹‹‹‹‹‹‹‹‹‹‹‹‹‹‹‹‹‹‹‹‹‹‹‹‹‹‹‹‹‹ 
                                 
 2AB8                           sub_111		proc	near 
 2AB8  F6 06 FF3E FF            		test	byte ptr ds:data_235e,0FFh 
 2ABD  75 01                    		jnz	$+3			; Jump if not zero 
                                		retn 
 2ABF  C3                     1                 db     0C3h
                                sub_111		endp 
                                 
                                			                        ;* No entry point to code 
Microsoft (R) Macro Assembler  Version 4.00                 3/29/26 15:13:40

                                                            Page     1-110
                                                            

 2AC0  BE EB15                  		mov	si,0EB15h 
 2AC3  8A 1E 009D               		mov	bl,byte ptr ds:[9Dh] 
 2AC7  FE CB                    		dec	bl 
 2AC9  32 FF                    		xor	bh,bh			; Zero register 
 2ACB  03 DB                    		add	bx,bx 
 2ACD  FF A7 8AC6               		jmp	word ptr ds:[8AC6h][bx]	;* 
                                			                        ;* No entry point to code 
                                ;*		aam	8Ah			; undocumented inst 
 2AD1  D4 8A                    		db	0D4h, 8Ah		;  Fixup - byte match 
 2AD3  F7 8A 09 8B F7 8A        		db	0F7h, 8Ah, 09h, 8Bh,0F7h, 8Ah 
 2AD9  64 8B 83 8B 9C 8B        		db	 64h, 8Bh, 83h, 8Bh, 9Ch, 8Bh 
 2ADF  F6 44 03 80 74 03        		db	0F6h, 44h, 03h, 80h, 74h, 03h 
 2AE5  E9 D8 00 FE 44 04        		db	0E9h,0D8h, 00h,0FEh, 44h, 04h 
 2AEB  80 7C 04 05 72 03        		db	 80h, 7Ch, 04h, 05h, 72h, 03h 
 2AF1  E9 CC 00 E8 D6 00        		db	0E9h,0CCh, 00h,0E8h,0D6h, 00h 
 2AF7  E8 08 01 73 01 C3        		db	0E8h, 08h, 01h, 73h, 01h,0C3h 
 2AFD                           loc_526: 
 2AFD  80 4C 03 80              		or	byte ptr [si+3],80h 
                                		retn 
 2B01  C3                     1                 db     0C3h
                                			                        ;* No entry point to code 
 2B02  FE 44 04                 		inc	byte ptr [si+4] 
 2B05  80 7C 04 0A              		cmp	byte ptr [si+4],0Ah 
 2B09  72 03                    		jb	loc_527			; Jump if below 
 2B0B  E9 2BC0 R                		jmp	loc_535 
 2B0E                           loc_527: 
 2B0E  E8 2BCD R                		call	sub_112 
 2B11  E9 2C03 R                		jmp	loc_539 
                                			                        ;* No entry point to code 
 2B14  FE 44 04                 		inc	byte ptr [si+4] 
 2B17  80 7C 04 0C              		cmp	byte ptr [si+4],0Ch 
 2B1B  72 03                    		jb	loc_528			; Jump if below 
 2B1D  E9 2BC0 R                		jmp	loc_535 
 2B20                           loc_528: 
 2B20  80 7C 04 04              		cmp	byte ptr [si+4],4 
 2B24  73 05                    		jae	loc_529			; Jump if above or = 
 2B26  E8 2BDB R                		call	sub_113 
 2B29  EB 41                    		jmp	short loc_530 
 2B2B                           loc_529: 
 2B2B  80 64 05 03              		and	byte ptr [si+5],3 
 2B2F  FE 44 05                 		inc	byte ptr [si+5] 
 2B32  80 7C 04 03              		cmp	byte ptr [si+4],3 
 2B36  74 34                    		je	loc_530			; Jump if equal 
 2B38  8B 04                    		mov	ax,[si] 
 2B3A  E8 36AD R                		call	sub_141 
 2B3D  72 2D                    		jc	loc_530			; Jump if carry Set 
 2B3F  80 FB 21                 		cmp	bl,21h			; '!' 
 2B42  73 28                    		jae	loc_530			; Jump if above or = 
 2B44  8A E3                    		mov	ah,bl 
 2B46  8A 44 02                 		mov	al,[si+2] 
 2B49  E8 0D73 R                		call	sub_33 
 2B4C  87 F7                    		xchg	si,di 
 2B4E  83 C6 48                 		add	si,48h 
 2B51  E8 0D87 R                		call	sub_34 
 2B54  87 F7                    		xchg	si,di 
Microsoft (R) Macro Assembler  Version 4.00                 3/29/26 15:13:40

                                                            Page     1-111
                                                            

 2B56  8A 05                    		mov	al,[di] 
 2B58  E8 0DEA R                		call	sub_39 
 2B5B  75 0F                    		jnz	loc_530			; Jump if not zero 
 2B5D  8A 45 01                 		mov	al,[di+1] 
 2B60  E8 0DEA R                		call	sub_39 
 2B63  75 07                    		jnz	loc_530			; Jump if not zero 
 2B65  FE 44 02                 		inc	byte ptr [si+2] 
 2B68  80 64 02 3F              		and	byte ptr [si+2],3Fh	; '?' 
 2B6C                           loc_530: 
 2B6C  E9 2C03 R                		jmp	loc_539 
                                			                        ;* No entry point to code 
 2B6F  FE 44 04                 		inc	byte ptr [si+4] 
 2B72  80 7C 04 0C              		cmp	byte ptr [si+4],0Ch 
 2B76  73 30                    		jae	loc_533			; Jump if above or = 
 2B78  B9 0004                  		mov	cx,4 
                                 
 2B7B                           locloop_531: 
 2B7B  51                       		push	cx 
 2B7C  80 44 02 02              		add	byte ptr [si+2],2 
 2B80  80 64 02 3F              		and	byte ptr [si+2],3Fh	; '?' 
 2B84  E8 2C03 R                		call	sub_114 
 2B87  83 C6 10                 		add	si,10h 
 2B8A  59                       		pop	cx 
 2B8B  E2 EE                    		loop	locloop_531		; Loop if cx > 0 
                                 
                                		retn 
 2B8D  C3                     1                 db     0C3h
                                			                        ;* No entry point to code 
 2B8E  FE 44 04                 		inc	byte ptr [si+4] 
 2B91  80 7C 04 0A              		cmp	byte ptr [si+4],0Ah 
 2B95  73 19                    		jae	loc_534			; Jump if above or = 
 2B97  B9 0003                  		mov	cx,3 
                                 
 2B9A                           locloop_532: 
 2B9A  51                       		push	cx 
 2B9B  E8 2BCD R                		call	sub_112 
 2B9E  E8 2C03 R                		call	sub_114 
 2BA1  83 C6 10                 		add	si,10h 
 2BA4  59                       		pop	cx 
 2BA5  E2 F3                    		loop	locloop_532		; Loop if cx > 0 
                                 
                                		retn 
 2BA7  C3                     1                 db     0C3h
 2BA8                           loc_533: 
 2BA8  C6 44 30 00              		mov	byte ptr [si+30h],0 
 2BAC  C6 44 31 FF              		mov	byte ptr [si+31h],0FFh 
 2BB0                           loc_534: 
 2BB0  C6 44 20 00              		mov	byte ptr [si+20h],0 
 2BB4  C6 44 21 FF              		mov	byte ptr [si+21h],0FFh 
 2BB8  C6 44 10 00              		mov	byte ptr [si+10h],0 
 2BBC  C6 44 11 FF              		mov	byte ptr [si+11h],0FFh 
 2BC0                           loc_535: 
 2BC0  C6 04 00                 		mov	byte ptr [si],0 
 2BC3  C6 44 01 FF              		mov	byte ptr [si+1],0FFh 
 2BC7  C6 06 FF3E 00            		mov	byte ptr ds:data_235e,0 
Microsoft (R) Macro Assembler  Version 4.00                 3/29/26 15:13:40

                                                            Page     1-112
                                                            

                                		retn 
 2BCC  C3                     1                 db     0C3h
                                 
                                ;ﬂﬂﬂﬂﬂﬂﬂﬂﬂﬂﬂﬂﬂﬂﬂﬂﬂﬂﬂﬂﬂﬂﬂﬂﬂﬂﬂﬂﬂﬂﬂﬂﬂﬂﬂﬂﬂﬂﬂﬂﬂﬂﬂﬂﬂﬂﬂﬂﬂﬂﬂﬂﬂﬂﬂﬂﬂﬂﬂﬂﬂﬂﬂﬂﬂﬂﬂﬂﬂﬂﬂﬂﬂﬂ 
                                ;                              SUBROUTINE 
                                ;‹‹‹‹‹‹‹‹‹‹‹‹‹‹‹‹‹‹‹‹‹‹‹‹‹‹‹‹‹‹‹‹‹‹‹‹‹‹‹‹‹‹‹‹‹‹‹‹‹‹‹‹‹‹‹‹‹‹‹‹‹‹‹‹‹‹‹‹‹‹‹‹‹‹ 
                                 
 2BCD                           sub_112		proc	near 
 2BCD  8A 44 05                 		mov	al,[si+5] 
 2BD0  FE C0                    		inc	al 
 2BD2  3C 03                    		cmp	al,3 
 2BD4  72 02                    		jb	loc_536			; Jump if below 
 2BD6  32 C0                    		xor	al,al			; Zero register 
 2BD8                           loc_536: 
 2BD8  88 44 05                 		mov	[si+5],al 
                                 
                                ;ﬂﬂﬂﬂ External Entry into Subroutine ﬂﬂﬂﬂﬂﬂﬂﬂﬂﬂﬂﬂﬂﬂﬂﬂﬂﬂﬂﬂﬂﬂﬂﬂﬂﬂﬂﬂﬂﬂﬂﬂﬂﬂﬂﬂﬂﬂ 
                                 
 2BDB                           sub_113: 
 2BDB  8B 04                    		mov	ax,[si] 
 2BDD  8A 5C 03                 		mov	bl,[si+3] 
 2BE0  81 E3 0001               		and	bx,1 
 2BE4  03 DB                    		add	bx,bx 
 2BE6  03 DB                    		add	bx,bx 
 2BE8  4B                       		dec	bx 
 2BE9  4B                       		dec	bx 
 2BEA  03 C3                    		add	ax,bx 
 2BEC  0B C0                    		or	ax,ax			; Zero ? 
 2BEE  79 06                    		jns	loc_537			; Jump if not sign 
 2BF0  03 06 C002               		add	ax,ds:data_188e 
 2BF4  EB 0A                    		jmp	short loc_538 
 2BF6                           loc_537: 
 2BF6  3B 06 C002               		cmp	ax,ds:data_188e 
 2BFA  72 04                    		jb	loc_538			; Jump if below 
 2BFC  2B 06 C002               		sub	ax,ds:data_188e 
 2C00                           loc_538: 
 2C00  89 04                    		mov	[si],ax 
                                		retn 
 2C02  C3                     1                 db     0C3h
                                sub_112		endp 
                                 
                                 
                                ;ﬂﬂﬂﬂﬂﬂﬂﬂﬂﬂﬂﬂﬂﬂﬂﬂﬂﬂﬂﬂﬂﬂﬂﬂﬂﬂﬂﬂﬂﬂﬂﬂﬂﬂﬂﬂﬂﬂﬂﬂﬂﬂﬂﬂﬂﬂﬂﬂﬂﬂﬂﬂﬂﬂﬂﬂﬂﬂﬂﬂﬂﬂﬂﬂﬂﬂﬂﬂﬂﬂﬂﬂﬂﬂ 
                                ;                              SUBROUTINE 
                                ;‹‹‹‹‹‹‹‹‹‹‹‹‹‹‹‹‹‹‹‹‹‹‹‹‹‹‹‹‹‹‹‹‹‹‹‹‹‹‹‹‹‹‹‹‹‹‹‹‹‹‹‹‹‹‹‹‹‹‹‹‹‹‹‹‹‹‹‹‹‹‹‹‹‹ 
                                 
 2C03                           sub_114		proc	near 
 2C03                           loc_539: 
 2C03  F6 06 FF34 FF            		test	byte ptr ds:data_226e,0FFh 
 2C08  74 09                    		jz	loc_540			; Jump if zero 
 2C0A  F6 06 FF2E FF            		test	byte ptr ds:data_221e,0FFh 
 2C0F  F9                       		stc				; Set carry flag 
 2C10  74 01                    		jz	loc_540			; Jump if zero 
                                		retn 
 2C12  C3                     1                 db     0C3h
Microsoft (R) Macro Assembler  Version 4.00                 3/29/26 15:13:40

                                                            Page     1-113
                                                            

 2C13                           loc_540: 
 2C13  8B 04                    		mov	ax,[si] 
 2C15  E8 36AD R                		call	sub_141 
 2C18  73 01                    		jnc	loc_541			; Jump if carry=0 
                                		retn 
 2C1A  C3                     1                 db     0C3h
 2C1B                           loc_541: 
 2C1B  8A E3                    		mov	ah,bl 
 2C1D  80 EB 02                 		sub	bl,2 
 2C20  80 FB 20                 		cmp	bl,20h			; ' ' 
 2C23  F5                       		cmc				; Complement carry 
 2C24  73 01                    		jnc	loc_542			; Jump if carry=0 
                                		retn 
 2C26  C3                     1                 db     0C3h
 2C27                           loc_542: 
 2C27  8A 44 02                 		mov	al,[si+2] 
 2C2A  E8 0D73 R                		call	sub_33 
 2C2D  56                       		push	si 
 2C2E  87 FE                    		xchg	di,si 
 2C30  83 EE 25                 		sub	si,25h 
 2C33  E8 0D93 R                		call	sub_35 
 2C36  C6 06 9F2A 00            		mov	byte ptr ds:data_177e,0 
 2C3B  B9 0003                  		mov	cx,3 
                                 
 2C3E                           locloop_543: 
 2C3E  51                       		push	cx 
 2C3F  B9 0003                  		mov	cx,3 
                                 
 2C42                           locloop_544: 
 2C42  51                       		push	cx 
 2C43  E8 2C5B R                		call	sub_115 
 2C46  59                       		pop	cx 
 2C47  46                       		inc	si 
 2C48  E2 F8                    		loop	locloop_544		; Loop if cx > 0 
                                 
 2C4A  83 C6 21                 		add	si,21h 
 2C4D  E8 0D87 R                		call	sub_34 
 2C50  59                       		pop	cx 
 2C51  E2 EB                    		loop	locloop_543		; Loop if cx > 0 
                                 
 2C53  5E                       		pop	si 
 2C54  A0 9F2A                  		mov	al,ds:data_177e 
 2C57  02 C0                    		add	al,al 
 2C59  F5                       		cmc				; Complement carry 
                                		retn 
 2C5A  C3                     1                 db     0C3h
                                sub_114		endp 
                                 
                                 
                                ;ﬂﬂﬂﬂﬂﬂﬂﬂﬂﬂﬂﬂﬂﬂﬂﬂﬂﬂﬂﬂﬂﬂﬂﬂﬂﬂﬂﬂﬂﬂﬂﬂﬂﬂﬂﬂﬂﬂﬂﬂﬂﬂﬂﬂﬂﬂﬂﬂﬂﬂﬂﬂﬂﬂﬂﬂﬂﬂﬂﬂﬂﬂﬂﬂﬂﬂﬂﬂﬂﬂﬂﬂﬂﬂ 
                                ;                              SUBROUTINE 
                                ;‹‹‹‹‹‹‹‹‹‹‹‹‹‹‹‹‹‹‹‹‹‹‹‹‹‹‹‹‹‹‹‹‹‹‹‹‹‹‹‹‹‹‹‹‹‹‹‹‹‹‹‹‹‹‹‹‹‹‹‹‹‹‹‹‹‹‹‹‹‹‹‹‹‹ 
                                 
 2C5B                           sub_115		proc	near 
 2C5B  E8 0DD0 R                		call	sub_38 
Microsoft (R) Macro Assembler  Version 4.00                 3/29/26 15:13:40

                                                            Page     1-114
                                                            

 2C5E  73 01                    		jnc	loc_545			; Jump if carry=0 
                                		retn 
 2C60  C3                     1                 db     0C3h
 2C61                           loc_545: 
 2C61  A8 20                    		test	al,20h			; ' ' 
 2C63  74 01                    		jz	loc_546			; Jump if zero 
                                		retn 
 2C65  C3                     1                 db     0C3h
 2C66                           loc_546: 
 2C66  F6 47 05 20              		test	byte ptr [bx+5],20h	; ' ' 
 2C6A  74 01                    		jz	loc_547			; Jump if zero 
                                		retn 
 2C6C  C3                     1                 db     0C3h
 2C6D                           loc_547: 
 2C6D  8A 47 05                 		mov	al,[bx+5] 
 2C70  0C 40                    		or	al,40h			; '@' 
 2C72  24 E0                    		and	al,0E0h 
 2C74  8A 26 009D               		mov	ah,byte ptr ds:[9Dh] 
 2C78  FE C4                    		inc	ah 
 2C7A  0A C4                    		or	al,ah 
 2C7C  88 47 05                 		mov	[bx+5],al 
 2C7F  C6 06 9F2A FF            		mov	byte ptr ds:data_177e,0FFh 
                                		retn 
 2C84  C3                     1                 db     0C3h
                                sub_115		endp 
                                 
 2C85  00 00 01 00 00 01        		db	 00h, 00h, 01h, 00h, 00h, 01h 
 2C8B  01 01 99 8C A5 8C        		db	 01h, 01h, 99h, 8Ch,0A5h, 8Ch 
 2C91  BD 8C E5 8C FD 8C        		db	0BDh, 8Ch,0E5h, 8Ch,0FDh, 8Ch 
 2C97  01 8D 99 8C B1 8C        		db	 01h, 8Dh, 99h, 8Ch,0B1h, 8Ch 
 2C9D  D1 8C F1 8C FD 8C        		db	0D1h, 8Ch,0F1h, 8Ch,0FDh, 8Ch 
 2CA3  0D 8D                    		db	 0Dh, 8Dh 
 2CA5  67 68                    		db	 67h, 68h 
 2CA7  69 6A 6B 6C 6D 6E 6F     		db	'ijklmnopqrghijklmnopqrstuvwxyz{|' 
       70 71 72 67 68 69 6A     
       6B 6C 6D 6E 6F 70 71     
       72 73 74 75 76 77 78     
       79 7A 7B 7C              
 2CC7  7D 7E 67 68 69 6A 6F     		db	'}~ghijopqrstuvwxyz{|}~klmnopqrst' 
       70 71 72 73 74 75 76     
       77 78 79 7A 7B 7C 7D     
       7E 6B 6C 6D 6E 6F 70     
       71 72 73 74              
 2CE7  75 76 77 78 79 7A 7B     		db	'uvwxyz{|}~ghijklmnopqrstuvwxyz{|' 
       7C 7D 7E 67 68 69 6A     
       6B 6C 6D 6E 6F 70 71     
       72 73 74 75 76 77 78     
       79 7A 7B 7C              
 2D07  7D 7E 73 74 75 76 67     		db	'}~stuvghijklmnopqrstuvwxyz{|}~' 
       68 69 6A 6B 6C 6D 6E     
       6F 70 71 72 73 74 75     
       76 77 78 79 7A 7B 7C     
       7D 7E                    
                                 
                                ;ﬂﬂﬂﬂﬂﬂﬂﬂﬂﬂﬂﬂﬂﬂﬂﬂﬂﬂﬂﬂﬂﬂﬂﬂﬂﬂﬂﬂﬂﬂﬂﬂﬂﬂﬂﬂﬂﬂﬂﬂﬂﬂﬂﬂﬂﬂﬂﬂﬂﬂﬂﬂﬂﬂﬂﬂﬂﬂﬂﬂﬂﬂﬂﬂﬂﬂﬂﬂﬂﬂﬂﬂﬂﬂ 
Microsoft (R) Macro Assembler  Version 4.00                 3/29/26 15:13:40

                                                            Page     1-115
                                                            

                                ;                              SUBROUTINE 
                                ;‹‹‹‹‹‹‹‹‹‹‹‹‹‹‹‹‹‹‹‹‹‹‹‹‹‹‹‹‹‹‹‹‹‹‹‹‹‹‹‹‹‹‹‹‹‹‹‹‹‹‹‹‹‹‹‹‹‹‹‹‹‹‹‹‹‹‹‹‹‹‹‹‹‹ 
                                 
 2D25                           sub_116		proc	near 
 2D25  8B 36 C010               		mov	si,ds:data_195e 
 2D29  A0 FF34                  		mov	al,ds:data_226e 
 2D2C  0A 06 00E6               		or	al,byte ptr ds:[0E6h] 
 2D30  74 05                    		jz	loc_548			; Jump if zero 
 2D32  2E: FF 26 A000           		jmp	word ptr cs:data_182e 
 2D37                           loc_548: 
 2D37  C6 06 FF4A 00            		mov	byte ptr ds:data_245e,0 
 2D3C                           loc_549: 
 2D3C  8B 04                    		mov	ax,[si] 
 2D3E  3D FFFF                  		cmp	ax,0FFFFh 
 2D41  75 01                    		jne	loc_550			; Jump if not equal 
                                		retn 
 2D43  C3                     1                 db     0C3h
 2D44                           loc_550: 
 2D44  C6 44 03 FF              		mov	byte ptr [si+3],0FFh 
 2D48  80 FC FF                 		cmp	ah,0FFh 
 2D4B  74 4F                    		je	loc_551			; Jump if equal 
 2D4D  E8 36AD R                		call	sub_141 
 2D50  72 4A                    		jc	loc_551			; Jump if carry Set 
 2D52  88 5C 03                 		mov	[si+3],bl 
 2D55  E8 2DBA R                		call	sub_117 
 2D58  80 7C 01 FF              		cmp	byte ptr [si+1],0FFh 
 2D5C  74 3E                    		je	loc_551			; Jump if equal 
 2D5E  8B 44 02                 		mov	ax,[si+2] 
 2D61  E8 0D73 R                		call	sub_33 
 2D64  8A 1E FF4A               		mov	bl,ds:data_245e 
 2D68  32 FF                    		xor	bh,bh			; Zero register 
 2D6A  8A C3                    		mov	al,bl 
 2D6C  0C 80                    		or	al,80h 
 2D6E  86 05                    		xchg	[di],al 
 2D70  88 87 ED20               		mov	ds:data_212e[bx],al 
 2D74  F6 44 04 11              		test	byte ptr [si+4],11h 
 2D78  75 22                    		jnz	loc_551			; Jump if not zero 
 2D7A  F6 44 07 10              		test	byte ptr [si+7],10h 
 2D7E  74 1C                    		jz	loc_551			; Jump if zero 
 2D80  87 F7                    		xchg	si,di 
 2D82  83 C6 48                 		add	si,48h 
 2D85  E8 0D87 R                		call	sub_34 
 2D88  87 F7                    		xchg	si,di 
 2D8A  8A 1E FF4A               		mov	bl,ds:data_245e 
 2D8E  FE C3                    		inc	bl 
 2D90  32 FF                    		xor	bh,bh			; Zero register 
 2D92  8A C3                    		mov	al,bl 
 2D94  0C 80                    		or	al,80h 
 2D96  86 05                    		xchg	[di],al 
 2D98  88 87 ED20               		mov	ds:data_212e[bx],al 
 2D9C                           loc_551: 
 2D9C  F6 44 07 20              		test	byte ptr [si+7],20h	; ' ' 
 2DA0  75 0F                    		jnz	loc_553			; Jump if not zero 
 2DA2  8A 44 0F                 		mov	al,[si+0Fh] 
 2DA5  FE C0                    		inc	al 
Microsoft (R) Macro Assembler  Version 4.00                 3/29/26 15:13:40

                                                            Page     1-116
                                                            

 2DA7  74 03                    		jz	loc_552			; Jump if zero 
 2DA9  88 44 0F                 		mov	[si+0Fh],al 
 2DAC                           loc_552: 
 2DAC  75 03                    		jnz	loc_553			; Jump if not zero 
 2DAE  E8 350B R                		call	sub_139 
 2DB1                           loc_553: 
 2DB1  FE 06 FF4A               		inc	byte ptr ds:data_245e 
 2DB5  83 C6 10                 		add	si,10h 
 2DB8  EB 82                    		jmp	short loc_549 
                                sub_116		endp 
                                 
                                 
                                ;ﬂﬂﬂﬂﬂﬂﬂﬂﬂﬂﬂﬂﬂﬂﬂﬂﬂﬂﬂﬂﬂﬂﬂﬂﬂﬂﬂﬂﬂﬂﬂﬂﬂﬂﬂﬂﬂﬂﬂﬂﬂﬂﬂﬂﬂﬂﬂﬂﬂﬂﬂﬂﬂﬂﬂﬂﬂﬂﬂﬂﬂﬂﬂﬂﬂﬂﬂﬂﬂﬂﬂﬂﬂﬂ 
                                ;                              SUBROUTINE 
                                ;‹‹‹‹‹‹‹‹‹‹‹‹‹‹‹‹‹‹‹‹‹‹‹‹‹‹‹‹‹‹‹‹‹‹‹‹‹‹‹‹‹‹‹‹‹‹‹‹‹‹‹‹‹‹‹‹‹‹‹‹‹‹‹‹‹‹‹‹‹‹‹‹‹‹ 
                                 
 2DBA                           sub_117		proc	near 
 2DBA  8B 44 02                 		mov	ax,[si+2] 
 2DBD  E8 0D73 R                		call	sub_33 
 2DC0  8A 44 05                 		mov	al,[si+5] 
 2DC3  24 DF                    		and	al,0DFh 
 2DC5  A8 40                    		test	al,40h			; '@' 
 2DC7  74 0A                    		jz	loc_555			; Jump if zero 
 2DC9  F6 44 04 20              		test	byte ptr [si+4],20h	; ' ' 
 2DCD  75 02                    		jnz	loc_554			; Jump if not zero 
 2DCF  0C 20                    		or	al,20h			; ' ' 
 2DD1                           loc_554: 
 2DD1  24 BF                    		and	al,0BFh 
 2DD3                           loc_555: 
 2DD3  88 44 05                 		mov	[si+5],al 
 2DD6  A0 FF4A                  		mov	al,ds:data_245e 
 2DD9  BB ED20                  		mov	bx,data_212e 
 2DDC  D7                       		xlat				; al=[al+[bx]] table 
 2DDD  88 05                    		mov	[di],al 
 2DDF  F6 44 04 11              		test	byte ptr [si+4],11h 
 2DE3  75 18                    		jnz	loc_556			; Jump if not zero 
 2DE5  F6 44 07 10              		test	byte ptr [si+7],10h 
 2DE9  74 12                    		jz	loc_556			; Jump if zero 
 2DEB  87 F7                    		xchg	si,di 
 2DED  83 C6 48                 		add	si,48h 
 2DF0  E8 0D87 R                		call	sub_34 
 2DF3  87 F7                    		xchg	si,di 
 2DF5  A0 FF4A                  		mov	al,ds:data_245e 
 2DF8  FE C0                    		inc	al 
 2DFA  D7                       		xlat				; al=[al+[bx]] table 
 2DFB  88 05                    		mov	[di],al 
 2DFD                           loc_556: 
 2DFD  F6 44 04 18              		test	byte ptr [si+4],18h 
 2E01  75 05                    		jnz	loc_557			; Jump if not zero 
 2E03  2E: FF 26 A000           		jmp	word ptr cs:data_182e 
 2E08                           loc_557: 
 2E08  EB 00                    		jmp	short $+2		; delay for I/O 
 2E0A  32 FF                    		xor	bh,bh			; Zero register 
 2E0C  8A 5C 04                 		mov	bl,[si+4] 
 2E0F  80 E3 1F                 		and	bl,1Fh 
Microsoft (R) Macro Assembler  Version 4.00                 3/29/26 15:13:40

                                                            Page     1-117
                                                            

 2E12  80 EB 10                 		sub	bl,10h 
 2E15  73 03                    		jnc	$+5			; Jump if carry=0 
 2E17  E9 30F2 R                		jmp	loc_585 
                                			                        ;* No entry point to code 
 2E1A  03 DB                    		add	bx,bx 
 2E1C  FF A7 8E14               		jmp	word ptr ds:[8E14h][bx]	;* 
                                			                        ;* No entry point to code 
 2E20  32 8E 8E8D               		xor	cl,byte ptr ss:[8E8Dh][bp] 
 2E24  E9 24B5 R                		jmp	$-96Fh 
200FIGHT.asm(5924) : error 64: Near JMP/CALL to different CS 
 2E27  8E AB 8F AB 8F E8        		db	 8Eh,0ABh, 8Fh,0ABh, 8Fh,0E8h 
 2E2D  8F F8 8F 08 90 1C        		db	 8Fh,0F8h, 8Fh, 08h, 90h, 1Ch 
 2E33  90 9D 90 AB 8F 3C        		db	 90h, 9Dh, 90h,0ABh, 8Fh, 3Ch 
 2E39  90 7F 90 90 90 F6        		db	 90h, 7Fh, 90h, 90h, 90h,0F6h 
 2E3F  44 0A 01 75 1C F6        		db	 44h, 0Ah, 01h, 75h, 1Ch,0F6h 
 2E45  44 05 20 75 01 C3        		db	 44h, 05h, 20h, 75h, 01h,0C3h 
 2E4B  C6 06 75 FF 12 80        		db	0C6h, 06h, 75h,0FFh, 12h, 80h 
 2E51  64 05 90 80 64 04        		db	 64h, 05h, 90h, 80h, 64h, 04h 
 2E57  7F 80 4C 04 60 80        		db	 7Fh, 80h, 4Ch, 04h, 60h, 80h 
 2E5D  4C 0A 01 80 44 06        		db	 4Ch, 0Ah, 01h, 80h, 44h, 06h 
 2E63  80 72 01 C3              		db	 80h, 72h, 01h,0C3h 
 2E67                           loc_558: 
 2E67  FE 44 06                 		inc	byte ptr [si+6] 
 2E6A  80 7C 06 04              		cmp	byte ptr [si+6],4 
 2E6E  73 01                    		jae	loc_559			; Jump if above or = 
                                		retn 
 2E70  C3                     1                 db     0C3h
 2E71                           loc_559: 
 2E71  C6 44 06 00              		mov	byte ptr [si+6],0 
 2E75  8A 44 09                 		mov	al,[si+9] 
 2E78  0A C0                    		or	al,al			; Zero ? 
 2E7A  75 03                    		jnz	loc_560			; Jump if not zero 
 2E7C  E9 3158 R                		jmp	loc_591 
 2E7F                           loc_560: 
 2E7F  A8 10                    		test	al,10h 
 2E81  74 0A                    		jz	loc_561			; Jump if zero 
 2E83  0C 60                    		or	al,60h			; '`' 
 2E85  80 4C 07 80              		or	byte ptr [si+7],80h 
 2E89  C6 44 0F 00              		mov	byte ptr [si+0Fh],0 
 2E8D                           loc_561: 
 2E8D  88 44 04                 		mov	[si+4],al 
 2E90  80 64 05 80              		and	byte ptr [si+5],80h 
 2E94  C6 44 09 00              		mov	byte ptr [si+9],0 
                                		retn 
 2E98  C3                     1                 db     0C3h
                                			                        ;* No entry point to code 
 2E99  F6 44 0A 01              		test	byte ptr [si+0Ah],1 
 2E9D  75 37                    		jnz	loc_565			; Jump if not zero 
 2E9F  8A 64 02                 		mov	ah,[si+2] 
 2EA2  80 EC 03                 		sub	ah,3 
 2EA5  80 E4 3F                 		and	ah,3Fh			; '?' 
 2EA8  3A 26 FF35               		cmp	ah,ds:data_227e 
 2EAC  74 01                    		je	loc_562			; Jump if equal 
                                		retn 
 2EAE  C3                     1                 db     0C3h
Microsoft (R) Macro Assembler  Version 4.00                 3/29/26 15:13:40

                                                            Page     1-118
                                                            

 2EAF                           loc_562: 
 2EAF  A0 0083                  		mov	al,byte ptr ds:[83h] 
 2EB2  04 03                    		add	al,3 
 2EB4  8A 26 00C2               		mov	ah,byte ptr ds:[0C2h] 
 2EB8  80 E4 01                 		and	ah,1 
 2EBB  02 E4                    		add	ah,ah 
 2EBD  02 C4                    		add	al,ah 
 2EBF  B9 0002                  		mov	cx,2 
                                 
 2EC2                           locloop_563: 
 2EC2  3A 44 03                 		cmp	al,[si+3] 
 2EC5  74 05                    		je	loc_564			; Jump if equal 
 2EC7  FE C0                    		inc	al 
 2EC9  E2 F7                    		loop	locloop_563		; Loop if cx > 0 
                                 
                                		retn 
 2ECB  C3                     1                 db     0C3h
 2ECC                           loc_564: 
 2ECC  C6 06 FF75 12            		mov	byte ptr ds:data_247e,12h 
 2ED1  80 4C 0A 01              		or	byte ptr [si+0Ah],1 
                                		retn 
 2ED5  C3                     1                 db     0C3h
 2ED6                           loc_565: 
 2ED6  80 64 04 7F              		and	byte ptr [si+4],7Fh 
 2EDA  E8 3261 R                		call	sub_125 
 2EDD  80 44 06 80              		add	byte ptr [si+6],80h 
 2EE1  72 01                    		jc	loc_566			; Jump if carry Set 
                                		retn 
 2EE3  C3                     1                 db     0C3h
 2EE4                           loc_566: 
 2EE4  FE 44 06                 		inc	byte ptr [si+6] 
 2EE7  80 7C 06 04              		cmp	byte ptr [si+6],4 
 2EEB  73 01                    		jae	loc_567			; Jump if above or = 
                                		retn 
 2EED  C3                     1                 db     0C3h
 2EEE                           loc_567: 
 2EEE  C6 44 06 00              		mov	byte ptr [si+6],0 
 2EF2  E9 3158 R                		jmp	loc_591 
                                			                        ;* No entry point to code 
 2EF5  FE 44 06                 		inc	byte ptr [si+6] 
 2EF8  80 7C 06 03              		cmp	byte ptr [si+6],3 
 2EFC  74 01                    		je	loc_568			; Jump if equal 
                                		retn 
 2EFE  C3                     1                 db     0C3h
 2EFF                           loc_568: 
 2EFF  E9 3158 R                		jmp	loc_591 
                                			                        ;* No entry point to code 
 2F02  E8 319C R                		call	sub_121 
 2F05  73 01                    		jnc	loc_569			; Jump if carry=0 
                                		retn 
 2F07  C3                     1                 db     0C3h
 2F08                           loc_569: 
 2F08  C6 06 FF75 14            		mov	byte ptr ds:data_247e,14h 
 2F0D  F6 44 06 0F              		test	byte ptr [si+6],0Fh 
 2F11  75 19                    		jnz	loc_571			; Jump if not zero 
Microsoft (R) Macro Assembler  Version 4.00                 3/29/26 15:13:40

                                                            Page     1-119
                                                            

 2F13  8A 44 09                 		mov	al,[si+9] 
 2F16  A8 10                    		test	al,10h 
 2F18  74 0A                    		jz	loc_570			; Jump if zero 
 2F1A  0C 60                    		or	al,60h			; '`' 
 2F1C  80 4C 07 80              		or	byte ptr [si+7],80h 
 2F20  C6 44 0F 00              		mov	byte ptr [si+0Fh],0 
 2F24                           loc_570: 
 2F24  88 44 04                 		mov	[si+4],al 
 2F27  C6 44 09 00              		mov	byte ptr [si+9],0 
                                		retn 
 2F2B  C3                     1                 db     0C3h
 2F2C                           loc_571: 
 2F2C  E8 3158 R                		call	sub_119 
 2F2F  8A 5C 06                 		mov	bl,[si+6] 
 2F32  80 E3 0F                 		and	bl,0Fh 
 2F35  FE CB                    		dec	bl 
 2F37  02 DB                    		add	bl,bl 
 2F39  32 FF                    		xor	bh,bh			; Zero register 
 2F3B  FF A7 8F33               		jmp	word ptr ds:data_115e[bx]	;* 
                                			                        ;* No entry point to code 
 2F3F  41                       		inc	cx 
 2F40  8F 4D 8F 59 8F 5F        		db	 8Fh, 4Dh, 8Fh, 59h, 8Fh, 5Fh 
 2F46  8F 6B 8F 77 8F 83        		db	 8Fh, 6Bh, 8Fh, 77h, 8Fh, 83h 
 2F4C  8F BA 1E 9A E8 99        		db	 8Fh,0BAh, 1Eh, 9Ah,0E8h, 99h 
 2F52  E4 B8 32 00 E9 1E        		db	0E4h,0B8h, 32h, 00h,0E9h, 1Eh 
 2F58  02 BA 32 9A E8 8D        		db	 02h,0BAh, 32h, 9Ah,0E8h, 8Dh 
 2F5E  E4 B8 64 00 E9 12        		db	0E4h,0B8h, 64h, 00h,0E9h, 12h 
 2F64  02 BA DD 9A E9 81        		db	 02h,0BAh,0DDh, 9Ah,0E9h, 81h 
 2F6A  E4 BA 47 9A E8 7B        		db	0E4h,0BAh, 47h, 9Ah,0E8h, 7Bh 
 2F70  E4 B8 F4 01 E9 00        		db	0E4h,0B8h,0F4h, 01h,0E9h, 00h 
 2F76  02 BA 5C 9A E8 6F        		db	 02h,0BAh, 5Ch, 9Ah,0E8h, 6Fh 
 2F7C  E4 B8 E8 03 E9 F4        		db	0E4h,0B8h,0E8h, 03h,0E9h,0F4h 
 2F82  01 BA 2C 9B E8 63        		db	 01h,0BAh, 2Ch, 9Bh,0E8h, 63h 
 2F88  E4 C6 06 9B 00 FF        		db	0E4h,0C6h, 06h, 9Bh, 00h,0FFh 
 2F8E  C3 BA 9C 9B E8 57        		db	0C3h,0BAh, 9Ch, 9Bh,0E8h, 57h 
 2F94  E4 56 2E FF 16 04        		db	0E4h, 56h, 2Eh,0FFh, 16h, 04h 
 2F9A  30 C6 06 92 00 06        		db	 30h,0C6h, 06h, 92h, 00h, 06h 
 2FA0  B0 06 BB AB 18 2E        		db	0B0h, 06h,0BBh,0ABh, 18h, 2Eh 
 2FA6  FF 16 1C 20 8A 26        		db	0FFh, 16h, 1Ch, 20h, 8Ah, 26h 
 2FAC  92 00 B0 04 2E FF        		db	 92h, 00h,0B0h, 04h, 2Eh,0FFh 
 2FB2  16 0C 01 5E C3 E8        		db	 16h, 0Ch, 01h, 5Eh,0C3h,0E8h 
 2FB8  A7 02 FE 44 06 80        		db	0A7h, 02h,0FEh, 44h, 06h, 80h 
 2FBE  64 06 03 E8 D8 01        		db	 64h, 06h, 03h,0E8h,0D8h, 01h 
 2FC4  73 01 C3 C6 06 75        		db	 73h, 01h,0C3h,0C6h, 06h, 75h 
 2FCA  FF 10 8A 44 04 24        		db	0FFh, 10h, 8Ah, 44h, 04h, 24h 
 2FD0  0F 3C 04 75 09 B8        		db	 0Fh, 3Ch, 04h, 75h, 09h,0B8h 
 2FD6  01 00 E8 AD 01 E9        		db	 01h, 00h,0E8h,0ADh, 01h,0E9h 
 2FDC  7A 01                    		db	 7Ah, 01h 
 2FDE                           loc_572: 
 2FDE  3C 05                    		cmp	al,5 
 2FE0  75 09                    		jne	loc_573			; Jump if not equal 
 2FE2  B8 000A                  		mov	ax,0Ah 
 2FE5  E8 3188 R                		call	sub_120 
 2FE8  E9 3158 R                		jmp	loc_591 
 2FEB                           loc_573: 
Microsoft (R) Macro Assembler  Version 4.00                 3/29/26 15:13:40

                                                            Page     1-120
                                                            

 2FEB  B8 0064                  		mov	ax,64h 
 2FEE  E8 3188 R                		call	sub_120 
 2FF1  E9 3158 R                		jmp	loc_591 
                                			                        ;* No entry point to code 
 2FF4  BA 9A72                  		mov	dx,9A72h 
 2FF7  E8 30DF R                		call	sub_118 
 2FFA  73 01                    		jnc	loc_574			; Jump if carry=0 
                                		retn 
 2FFC  C3                     1                 db     0C3h
 2FFD                           loc_574: 
 2FFD  FE 06 0098               		inc	byte ptr ds:[98h] 
 3001  E9 3158 R                		jmp	loc_591 
 3004  BA CB 9B E8              		db	0BAh,0CBh, 9Bh,0E8h 
 3008  00D5                     data_71		dw	0D5h 
 300A  0173                     data_72		dw	173h 
 300C  FEC3                     data_73		dw	0FEC3h 
 300E  9906                     data_74		dw	9906h 
 3010  E900                     data_75		dw	0E900h 
 3012  0144                     data_76		dw	144h 
 3014  E8 85                    		db	0E8h, 85h 
 3016  7301                     data_77		dw	7301h 
 3018  C301                     data_78		dw	0C301h 
 301A  83BA                     data_79		dw	83BAh 
 301C  E89A                     data_80		dw	0E89Ah 
 301E  E3CC                     data_81		dw	0E3CCh 
 3020  0680                     data_82		dw	680h 
 3022  00C6                     data_83		dw	0C6h 
 3024  E90A                     data_85		dw	0E90Ah 
 3026  0130 R                   data_86		dw	offset sub_2 
 3028  36ED R                   data_87		dw	offset sub_142 
 302A  02 E8 6E                 		db	 02h,0E8h, 6Eh 
 302D  7301                     data_88		dw	7301h 
 302F  01                       		db	1 
 3030  BAC3                     data_89		dw	0BAC3h 
 3032  9A99                     data_90		dw	9A99h 
 3034  E8 B5 E3 A1 B2 00        		db	0E8h,0B5h,0E3h,0A1h,0B2h, 00h 
 303A  D1 E8 D1 E8 D1 E8        		db	0D1h,0E8h,0D1h,0E8h,0D1h,0E8h 
 3040  40 01 06 C6 00 E9        		db	 40h, 01h, 06h,0C6h, 00h,0E9h 
 3046  10 01 C6 44 0F 00        		db	 10h, 01h,0C6h, 44h, 0Fh, 00h 
 304C  F6 44 09 01 75 2A        		db	0F6h, 44h, 09h, 01h, 75h, 2Ah 
 3052  E8 47 01 73 01 C3        		db	0E8h, 47h, 01h, 73h, 01h,0C3h 
 3058                           loc_576: 
 3058  C6 06 FF75 11            		mov	byte ptr ds:data_247e,11h 
 305D  80 4C 07 80              		or	byte ptr [si+7],80h 
 3061  80 4C 09 01              		or	byte ptr [si+9],1 
 3065  C6 44 0A EB              		mov	byte ptr [si+0Ah],0EBh 
 3069  8A 5C 06                 		mov	bl,[si+6] 
 306C  02 DB                    		add	bl,bl 
 306E  32 FF                    		xor	bh,bh			; Zero register 
 3070  03 1E C017               		add	bx,ds:data_200e 
 3074  56                       		push	si 
 3075  8B 37                    		mov	si,[bx] 
 3077  E8 1414 R                		call	sub_52 
 307A  5E                       		pop	si 
                                		retn 
Microsoft (R) Macro Assembler  Version 4.00                 3/29/26 15:13:40

                                                            Page     1-121
                                                            

 307B  C3                     1                 db     0C3h
 307C                           loc_577: 
 307C  F6 44 0A FF              		test	byte ptr [si+0Ah],0FFh 
 3080  74 04                    		jz	loc_578			; Jump if zero 
 3082  FE 44 0A                 		inc	byte ptr [si+0Ah] 
                                		retn 
 3085  C3                     1                 db     0C3h
 3086                           loc_578: 
 3086  80 64 09 FE              		and	byte ptr [si+9],0FEh 
                                		retn 
 308A  C3                     1                 db     0C3h
                                			                        ;* No entry point to code 
 308B  BA 9AF3                  		mov	dx,9AF3h 
 308E  E8 30DF R                		call	sub_118 
 3091  73 01                    		jnc	loc_579			; Jump if carry=0 
                                		retn 
 3093  C3                     1                 db     0C3h
 3094                           loc_579: 
 3094  C6 06 009C FF            		mov	byte ptr ds:[9Ch],0FFh 
 3099  E9 3158 R                		jmp	loc_591 
                                			                        ;* No entry point to code 
 309C  BA 9B63                  		mov	dx,9B63h 
 309F  E8 30DF R                		call	sub_118 
 30A2  73 01                    		jnc	loc_580			; Jump if carry=0 
                                		retn 
 30A4  C3                     1                 db     0C3h
 30A5                           loc_580: 
 30A5  B0 01                    		mov	al,1 
 30A7  EB 1B                    		jmp	short loc_581 
                                			                        ;* No entry point to code 
 30A9  A0 C012                  		mov	al,ds:data_196e 
 30AC  2C 04                    		sub	al,4 
 30AE  B1 03                    		mov	cl,3 
 30B0  F6 E1                    		mul	cl			; ax = reg * al 
 30B2  BF 90CA                  		mov	di,data_116e 
 30B5  03 F8                    		add	di,ax 
 30B7  8A 05                    		mov	al,[di] 
 30B9  8B 55 01                 		mov	dx,[di+1] 
 30BC  50                       		push	ax 
 30BD  E8 30DF R                		call	sub_118 
 30C0  58                       		pop	ax 
 30C1  73 01                    		jnc	loc_581			; Jump if carry=0 
                                		retn 
 30C3  C3                     1                 db     0C3h
 30C4                           loc_581: 
 30C4  50                       		push	ax 
 30C5  BF 00A1                  		mov	di,0A1h 
 30C8                           loc_582: 
 30C8  F6 05 FF                 		test	byte ptr [di],0FFh 
 30CB  74 03                    		jz	loc_583			; Jump if zero 
 30CD  47                       		inc	di 
 30CE  EB F8                    		jmp	short loc_582 
 30D0                           loc_583: 
 30D0  58                       		pop	ax 
 30D1  88 05                    		mov	[di],al 
Microsoft (R) Macro Assembler  Version 4.00                 3/29/26 15:13:40

                                                            Page     1-122
                                                            

 30D3  E9 3158 R                		jmp	loc_591 
                                			                        ;* No entry point to code 
 30D6  04 0F                    		add	al,0Fh 
 30D8  9B                       		db	9Bh			;  Fixup - byte match 
 30D9  02 47 9B                 		add	al,[bx-65h] 
 30DC  03 7F 9B                 		add	di,[bx-65h] 
                                 
                                ;ﬂﬂﬂﬂ External Entry into Subroutine ﬂﬂﬂﬂﬂﬂﬂﬂﬂﬂﬂﬂﬂﬂﬂﬂﬂﬂﬂﬂﬂﬂﬂﬂﬂﬂﬂﬂﬂﬂﬂﬂﬂﬂﬂﬂﬂﬂ 
                                 
 30DF                           sub_118: 
 30DF  52                       		push	dx 
 30E0  E8 3261 R                		call	sub_125 
 30E3  E8 319C R                		call	sub_121 
 30E6  5A                       		pop	dx 
 30E7  73 01                    		jnc	loc_584			; Jump if carry=0 
                                		retn 
 30E9  C3                     1                 db     0C3h
 30EA                           loc_584: 
 30EA  C6 06 FF75 11            		mov	byte ptr ds:data_247e,11h 
 30EF  E9 13E6 R                		jmp	loc_278 
 30F2                           loc_585: 
 30F2  80 44 06 80              		add	byte ptr [si+6],80h 
 30F6  72 01                    		jc	loc_586			; Jump if carry Set 
                                		retn 
 30F8  C3                     1                 db     0C3h
 30F9                           loc_586: 
 30F9  FE 44 06                 		inc	byte ptr [si+6] 
 30FC  80 7C 06 03              		cmp	byte ptr [si+6],3 
 3100  74 01                    		je	loc_587			; Jump if equal 
                                		retn 
 3102  C3                     1                 db     0C3h
 3103                           loc_587: 
 3103  C6 44 0F 00              		mov	byte ptr [si+0Fh],0 
 3107  F6 44 07 40              		test	byte ptr [si+7],40h	; '@' 
 310B  74 15                    		jz	loc_588			; Jump if zero 
 310D  80 64 07 BF              		and	byte ptr [si+7],0BFh 
 3111  8A 44 0A                 		mov	al,[si+0Ah] 
 3114  B1 10                    		mov	cl,10h 
 3116  F6 E1                    		mul	cl			; ax = reg * al 
 3118  03 06 C010               		add	ax,ds:data_195e 
 311C  8B F8                    		mov	di,ax 
 311E  C6 45 02 00              		mov	byte ptr [di+2],0 
 3122                           loc_588: 
 3122  F6 44 07 10              		test	byte ptr [si+7],10h 
 3126  74 06                    		jz	loc_589			; Jump if zero 
 3128  F6 44 04 01              		test	byte ptr [si+4],1 
 312C  74 2A                    		jz	loc_591			; Jump if zero 
 312E                           loc_589: 
 312E  C6 44 06 00              		mov	byte ptr [si+6],0 
 3132  C6 44 04 72              		mov	byte ptr [si+4],72h	; 'r' 
 3136  8A 44 07                 		mov	al,[si+7] 
 3139  24 0F                    		and	al,0Fh 
 313B  75 01                    		jnz	loc_590			; Jump if not zero 
                                		retn 
 313D  C3                     1                 db     0C3h
Microsoft (R) Macro Assembler  Version 4.00                 3/29/26 15:13:40

                                                            Page     1-123
                                                            

 313E                           loc_590: 
 313E  3C 01                    		cmp	al,1 
 3140  74 16                    		je	loc_591			; Jump if equal 
 3142  0C 70                    		or	al,70h			; 'p' 
 3144  80 4C 07 80              		or	byte ptr [si+7],80h 
 3148  C6 44 0F 04              		mov	byte ptr [si+0Fh],4 
 314C  88 44 04                 		mov	[si+4],al 
 314F  80 64 05 80              		and	byte ptr [si+5],80h 
 3153  80 64 07 F0              		and	byte ptr [si+7],0F0h 
                                		retn 
 3157  C3                     1                 db     0C3h
                                 
                                ;ﬂﬂﬂﬂ External Entry into Subroutine ﬂﬂﬂﬂﬂﬂﬂﬂﬂﬂﬂﬂﬂﬂﬂﬂﬂﬂﬂﬂﬂﬂﬂﬂﬂﬂﬂﬂﬂﬂﬂﬂﬂﬂﬂﬂﬂﬂ 
                                 
 3158                           sub_119: 
 3158                           loc_591: 
 3158  C7 04 FF00               		mov	word ptr [si],0FF00h 
 315C  F6 44 07 20              		test	byte ptr [si+7],20h	; ' ' 
 3160  75 01                    		jnz	loc_592			; Jump if not zero 
                                		retn 
 3162  C3                     1                 db     0C3h
 3163                           loc_592: 
 3163  8B 7C 0B                 		mov	di,[si+0Bh] 
 3166  83 FF FF                 		cmp	di,0FFFFh 
 3169  75 01                    		jne	loc_593			; Jump if not equal 
                                		retn 
 316B  C3                     1                 db     0C3h
 316C                           loc_593: 
 316C  8A 44 0D                 		mov	al,[si+0Dh] 
 316F  08 05                    		or	[di],al 
 3171  C7 44 0B FFFF            		mov	word ptr [si+0Bh],0FFFFh 
                                		retn 
 3176  C3                     1                 db     0C3h
                                sub_117		endp 
                                 
                                			                        ;* No entry point to code 
 3177  01 06 0086               		add	word ptr ds:[86h],ax 
 317B  80 16 0085 00            		adc	byte ptr ds:[85h],0 
 3180  56                       		push	si 
 3181  2E: FF 16 2016           		call	word ptr cs:[2016h] 
 3186  5E                       		pop	si 
                                		retn 
 3187  C3                     1                 db     0C3h
                                 
                                ;ﬂﬂﬂﬂﬂﬂﬂﬂﬂﬂﬂﬂﬂﬂﬂﬂﬂﬂﬂﬂﬂﬂﬂﬂﬂﬂﬂﬂﬂﬂﬂﬂﬂﬂﬂﬂﬂﬂﬂﬂﬂﬂﬂﬂﬂﬂﬂﬂﬂﬂﬂﬂﬂﬂﬂﬂﬂﬂﬂﬂﬂﬂﬂﬂﬂﬂﬂﬂﬂﬂﬂﬂﬂﬂ 
                                ;                              SUBROUTINE 
                                ;‹‹‹‹‹‹‹‹‹‹‹‹‹‹‹‹‹‹‹‹‹‹‹‹‹‹‹‹‹‹‹‹‹‹‹‹‹‹‹‹‹‹‹‹‹‹‹‹‹‹‹‹‹‹‹‹‹‹‹‹‹‹‹‹‹‹‹‹‹‹‹‹‹‹ 
                                 
 3188                           sub_120		proc	near 
 3188  01 06 008B               		add	word ptr ds:[8Bh],ax 
 318C  73 06                    		jnc	loc_594			; Jump if carry=0 
 318E  C7 06 008B FFFF          		mov	word ptr ds:[8Bh],0FFFFh 
 3194                           loc_594: 
 3194  56                       		push	si 
 3195  2E: FF 16 2014           		call	word ptr cs:[2014h] 
Microsoft (R) Macro Assembler  Version 4.00                 3/29/26 15:13:40

                                                            Page     1-124
                                                            

 319A  5E                       		pop	si 
                                		retn 
 319B  C3                     1                 db     0C3h
                                sub_120		endp 
                                 
                                 
                                ;ﬂﬂﬂﬂﬂﬂﬂﬂﬂﬂﬂﬂﬂﬂﬂﬂﬂﬂﬂﬂﬂﬂﬂﬂﬂﬂﬂﬂﬂﬂﬂﬂﬂﬂﬂﬂﬂﬂﬂﬂﬂﬂﬂﬂﬂﬂﬂﬂﬂﬂﬂﬂﬂﬂﬂﬂﬂﬂﬂﬂﬂﬂﬂﬂﬂﬂﬂﬂﬂﬂﬂﬂﬂﬂ 
                                ;                              SUBROUTINE 
                                ;‹‹‹‹‹‹‹‹‹‹‹‹‹‹‹‹‹‹‹‹‹‹‹‹‹‹‹‹‹‹‹‹‹‹‹‹‹‹‹‹‹‹‹‹‹‹‹‹‹‹‹‹‹‹‹‹‹‹‹‹‹‹‹‹‹‹‹‹‹‹‹‹‹‹ 
                                 
 319C                           sub_121		proc	near 
 319C  F6 06 00E8 FF            		test	byte ptr ds:[0E8h],0FFh 
 31A1  F9                       		stc				; Set carry flag 
 31A2  74 01                    		jz	loc_595			; Jump if zero 
                                		retn 
 31A4  C3                     1                 db     0C3h
 31A5                           loc_595: 
 31A5  8A 64 02                 		mov	ah,[si+2] 
 31A8  80 C4 02                 		add	ah,2 
 31AB  B9 0004                  		mov	cx,4 
                                 
 31AE                           locloop_596: 
 31AE  FE CC                    		dec	ah 
 31B0  80 E4 3F                 		and	ah,3Fh			; '?' 
 31B3  3A 26 FF35               		cmp	ah,ds:data_227e 
 31B7  74 08                    		je	loc_597			; Jump if equal 
 31B9  E2 F3                    		loop	locloop_596		; Loop if cx > 0 
                                 
 31BB  80 64 07 7F              		and	byte ptr [si+7],7Fh 
 31BF  F9                       		stc				; Set carry flag 
                                		retn 
 31C0  C3                     1                 db     0C3h
 31C1                           loc_597: 
 31C1  A0 0083                  		mov	al,byte ptr ds:[83h] 
 31C4  04 04                    		add	al,4 
 31C6  8A 64 03                 		mov	ah,[si+3] 
 31C9  80 EC 03                 		sub	ah,3 
 31CC  B9 0004                  		mov	cx,4 
                                 
 31CF                           locloop_598: 
 31CF  FE C4                    		inc	ah 
 31D1  3A E0                    		cmp	ah,al 
 31D3  74 08                    		je	loc_599			; Jump if equal 
 31D5  E2 F8                    		loop	locloop_598		; Loop if cx > 0 
                                 
 31D7  80 64 07 7F              		and	byte ptr [si+7],7Fh 
 31DB  F9                       		stc				; Set carry flag 
                                		retn 
 31DC  C3                     1                 db     0C3h
 31DD                           loc_599: 
 31DD  F6 44 07 80              		test	byte ptr [si+7],80h 
 31E1  F8                       		clc				; Clear carry flag 
 31E2  75 01                    		jnz	loc_600			; Jump if not zero 
                                		retn 
 31E4  C3                     1                 db     0C3h
Microsoft (R) Macro Assembler  Version 4.00                 3/29/26 15:13:40

                                                            Page     1-125
                                                            

 31E5                           loc_600: 
 31E5  FE 44 0F                 		inc	byte ptr [si+0Fh] 
 31E8  F6 44 0F 07              		test	byte ptr [si+0Fh],7 
 31EC  75 01                    		jnz	loc_601			; Jump if not zero 
                                		retn 
 31EE  C3                     1                 db     0C3h
 31EF                           loc_601: 
 31EF  F9                       		stc				; Set carry flag 
                                		retn 
 31F0  C3                     1                 db     0C3h
                                sub_121		endp 
                                 
                                 
                                ;ﬂﬂﬂﬂﬂﬂﬂﬂﬂﬂﬂﬂﬂﬂﬂﬂﬂﬂﬂﬂﬂﬂﬂﬂﬂﬂﬂﬂﬂﬂﬂﬂﬂﬂﬂﬂﬂﬂﬂﬂﬂﬂﬂﬂﬂﬂﬂﬂﬂﬂﬂﬂﬂﬂﬂﬂﬂﬂﬂﬂﬂﬂﬂﬂﬂﬂﬂﬂﬂﬂﬂﬂﬂﬂ 
                                ;                              SUBROUTINE 
                                ;‹‹‹‹‹‹‹‹‹‹‹‹‹‹‹‹‹‹‹‹‹‹‹‹‹‹‹‹‹‹‹‹‹‹‹‹‹‹‹‹‹‹‹‹‹‹‹‹‹‹‹‹‹‹‹‹‹‹‹‹‹‹‹‹‹‹‹‹‹‹‹‹‹‹ 
                                 
 31F1                           sub_122		proc	near 
 31F1                           loc_602: 
 31F1  80 7C 03 22              		cmp	byte ptr [si+3],22h	; '"' 
 31F5  F5                       		cmc				; Complement carry 
 31F6  73 01                    		jnc	loc_603			; Jump if carry=0 
                                		retn 
 31F8  C3                     1                 db     0C3h
 31F9                           loc_603: 
 31F9  E8 32C0 R                		call	sub_128 
 31FC  73 01                    		jnc	loc_604			; Jump if carry=0 
                                		retn 
 31FE  C3                     1                 db     0C3h
 31FF                           loc_604: 
 31FF  E9 328B R                		jmp	loc_623 
                                			                        ;* No entry point to code 
 3202  80 7C 03 22              		cmp	byte ptr [si+3],22h	; '"' 
 3206  F5                       		cmc				; Complement carry 
 3207  73 01                    		jnc	loc_605			; Jump if carry=0 
                                		retn 
 3209  C3                     1                 db     0C3h
 320A                           loc_605: 
 320A  E8 33D1 R                		call	sub_134 
 320D  73 01                    		jnc	loc_606			; Jump if carry=0 
                                		retn 
 320F  C3                     1                 db     0C3h
 3210                           loc_606: 
 3210  E8 328B R                		call	sub_126 
 3213  E9 32B8 R                		jmp	loc_628 
                                 
                                ;ﬂﬂﬂﬂ External Entry into Subroutine ﬂﬂﬂﬂﬂﬂﬂﬂﬂﬂﬂﬂﬂﬂﬂﬂﬂﬂﬂﬂﬂﬂﬂﬂﬂﬂﬂﬂﬂﬂﬂﬂﬂﬂﬂﬂﬂﬂ 
                                 
 3216                           sub_123: 
 3216                           loc_607: 
 3216  8A 44 03                 		mov	al,[si+3] 
 3219  0A C0                    		or	al,al			; Zero ? 
 321B  F9                       		stc				; Set carry flag 
 321C  75 01                    		jnz	loc_608			; Jump if not zero 
                                		retn 
Microsoft (R) Macro Assembler  Version 4.00                 3/29/26 15:13:40

                                                            Page     1-126
                                                            

 321E  C3                     1                 db     0C3h
 321F                           loc_608: 
 321F  3C 23                    		cmp	al,23h			; '#' 
 3221  F9                       		stc				; Set carry flag 
 3222  75 01                    		jnz	loc_609			; Jump if not zero 
                                		retn 
 3224  C3                     1                 db     0C3h
 3225                           loc_609: 
 3225  E8 336E R                		call	sub_132 
 3228  73 01                    		jnc	loc_610			; Jump if carry=0 
                                		retn 
 322A  C3                     1                 db     0C3h
 322B                           loc_610: 
 322B  E9 32B8 R                		jmp	loc_628 
                                			                        ;* No entry point to code 
 322E  80 7C 03 02              		cmp	byte ptr [si+3],2 
 3232  73 01                    		jae	loc_611			; Jump if above or = 
                                		retn 
 3234  C3                     1                 db     0C3h
 3235                           loc_611: 
 3235  E8 345E R                		call	sub_136 
 3238  73 01                    		jnc	loc_612			; Jump if carry=0 
                                		retn 
 323A  C3                     1                 db     0C3h
 323B                           loc_612: 
 323B  E8 329F R                		call	sub_127 
 323E  EB 78                    		jmp	short loc_628 
                                 
                                ;ﬂﬂﬂﬂ External Entry into Subroutine ﬂﬂﬂﬂﬂﬂﬂﬂﬂﬂﬂﬂﬂﬂﬂﬂﬂﬂﬂﬂﬂﬂﬂﬂﬂﬂﬂﬂﬂﬂﬂﬂﬂﬂﬂﬂﬂﬂ 
                                 
 3240                           sub_124: 
 3240                           loc_613: 
 3240  80 7C 03 02              		cmp	byte ptr [si+3],2 
 3244  73 01                    		jae	loc_614			; Jump if above or = 
                                		retn 
 3246  C3                     1                 db     0C3h
 3247                           loc_614: 
 3247  E8 3316 R                		call	sub_130 
 324A  73 01                    		jnc	loc_615			; Jump if carry=0 
                                		retn 
 324C  C3                     1                 db     0C3h
 324D                           loc_615: 
 324D  EB 50                    		jmp	short loc_625 
                                			                        ;* No entry point to code 
 324F  80 7C 03 02              		cmp	byte ptr [si+3],2 
 3253  73 01                    		jae	loc_616			; Jump if above or = 
                                		retn 
 3255  C3                     1                 db     0C3h
 3256                           loc_616: 
 3256  E8 34A6 R                		call	sub_137 
 3259  73 01                    		jnc	loc_617			; Jump if carry=0 
                                		retn 
 325B  C3                     1                 db     0C3h
 325C                           loc_617: 
 325C  E8 329F R                		call	sub_127 
Microsoft (R) Macro Assembler  Version 4.00                 3/29/26 15:13:40

                                                            Page     1-127
                                                            

 325F  EB 4F                    		jmp	short loc_627 
                                 
                                ;ﬂﬂﬂﬂ External Entry into Subroutine ﬂﬂﬂﬂﬂﬂﬂﬂﬂﬂﬂﬂﬂﬂﬂﬂﬂﬂﬂﬂﬂﬂﬂﬂﬂﬂﬂﬂﬂﬂﬂﬂﬂﬂﬂﬂﬂﬂ 
                                 
 3261                           sub_125: 
 3261  8A 44 03                 		mov	al,[si+3] 
 3264  0A C0                    		or	al,al			; Zero ? 
 3266  F9                       		stc				; Set carry flag 
 3267  75 01                    		jnz	loc_618			; Jump if not zero 
                                		retn 
 3269  C3                     1                 db     0C3h
 326A                           loc_618: 
 326A  3C 23                    		cmp	al,23h			; '#' 
 326C  F9                       		stc				; Set carry flag 
 326D  75 01                    		jnz	loc_619			; Jump if not zero 
                                		retn 
 326F  C3                     1                 db     0C3h
 3270                           loc_619: 
 3270  E8 33A6 R                		call	sub_133 
 3273  73 01                    		jnc	loc_620			; Jump if carry=0 
                                		retn 
 3275  C3                     1                 db     0C3h
 3276                           loc_620: 
 3276  EB 38                    		jmp	short loc_627 
                                			                        ;* No entry point to code 
 3278  80 7C 03 22              		cmp	byte ptr [si+3],22h	; '"' 
 327C  F5                       		cmc				; Complement carry 
 327D  73 01                    		jnc	loc_621			; Jump if carry=0 
                                		retn 
 327F  C3                     1                 db     0C3h
 3280                           loc_621: 
 3280  E8 3418 R                		call	sub_135 
 3283  73 01                    		jnc	loc_622			; Jump if carry=0 
                                		retn 
 3285  C3                     1                 db     0C3h
 3286                           loc_622: 
 3286  E8 328B R                		call	sub_126 
 3289  EB 25                    		jmp	short loc_627 
                                 
                                ;ﬂﬂﬂﬂ External Entry into Subroutine ﬂﬂﬂﬂﬂﬂﬂﬂﬂﬂﬂﬂﬂﬂﬂﬂﬂﬂﬂﬂﬂﬂﬂﬂﬂﬂﬂﬂﬂﬂﬂﬂﬂﬂﬂﬂﬂﬂ 
                                 
 328B                           sub_126: 
 328B                           loc_623: 
 328B  8B 04                    		mov	ax,[si] 
 328D  40                       		inc	ax 
 328E  8B D8                    		mov	bx,ax 
 3290  2B 1E C002               		sub	bx,ds:data_188e 
 3294  72 02                    		jc	loc_624			; Jump if carry Set 
 3296  8B C3                    		mov	ax,bx 
 3298                           loc_624: 
 3298  89 04                    		mov	[si],ax 
 329A  FE 44 03                 		inc	byte ptr [si+3] 
 329D  F8                       		clc				; Clear carry flag 
                                		retn 
 329E  C3                     1                 db     0C3h
Microsoft (R) Macro Assembler  Version 4.00                 3/29/26 15:13:40

                                                            Page     1-128
                                                            

                                 
                                ;ﬂﬂﬂﬂ External Entry into Subroutine ﬂﬂﬂﬂﬂﬂﬂﬂﬂﬂﬂﬂﬂﬂﬂﬂﬂﬂﬂﬂﬂﬂﬂﬂﬂﬂﬂﬂﬂﬂﬂﬂﬂﬂﬂﬂﬂﬂ 
                                 
 329F                           sub_127: 
 329F                           loc_625: 
 329F  8B 04                    		mov	ax,[si] 
 32A1  0B C0                    		or	ax,ax			; Zero ? 
 32A3  75 03                    		jnz	loc_626			; Jump if not zero 
 32A5  A1 C002                  		mov	ax,ds:data_188e 
 32A8                           loc_626: 
 32A8  48                       		dec	ax 
 32A9  89 04                    		mov	[si],ax 
 32AB  FE 4C 03                 		dec	byte ptr [si+3] 
 32AE  F8                       		clc				; Clear carry flag 
                                		retn 
 32AF  C3                     1                 db     0C3h
 32B0                           loc_627: 
 32B0  FE 44 02                 		inc	byte ptr [si+2] 
 32B3  80 64 02 3F              		and	byte ptr [si+2],3Fh	; '?' 
                                		retn 
 32B7  C3                     1                 db     0C3h
 32B8                           loc_628: 
 32B8  FE 4C 02                 		dec	byte ptr [si+2] 
 32BB  80 64 02 3F              		and	byte ptr [si+2],3Fh	; '?' 
                                		retn 
 32BF  C3                     1                 db     0C3h
                                sub_122		endp 
                                 
                                 
                                ;ﬂﬂﬂﬂﬂﬂﬂﬂﬂﬂﬂﬂﬂﬂﬂﬂﬂﬂﬂﬂﬂﬂﬂﬂﬂﬂﬂﬂﬂﬂﬂﬂﬂﬂﬂﬂﬂﬂﬂﬂﬂﬂﬂﬂﬂﬂﬂﬂﬂﬂﬂﬂﬂﬂﬂﬂﬂﬂﬂﬂﬂﬂﬂﬂﬂﬂﬂﬂﬂﬂﬂﬂﬂﬂ 
                                ;                              SUBROUTINE 
                                ;‹‹‹‹‹‹‹‹‹‹‹‹‹‹‹‹‹‹‹‹‹‹‹‹‹‹‹‹‹‹‹‹‹‹‹‹‹‹‹‹‹‹‹‹‹‹‹‹‹‹‹‹‹‹‹‹‹‹‹‹‹‹‹‹‹‹‹‹‹‹‹‹‹‹ 
                                 
 32C0                           sub_128		proc	near 
 32C0  8B 44 02                 		mov	ax,[si+2] 
 32C3  E8 0D73 R                		call	sub_33 
 32C6  47                       		inc	di 
 32C7  47                       		inc	di 
 32C8  E8 32F7 R                		call	sub_129 
 32CB  73 01                    		jnc	loc_629			; Jump if carry=0 
                                		retn 
 32CD  C3                     1                 db     0C3h
 32CE                           loc_629: 
 32CE  87 F7                    		xchg	si,di 
 32D0  83 C6 24                 		add	si,24h 
 32D3  E8 0D87 R                		call	sub_34 
 32D6  87 F7                    		xchg	si,di 
 32D8  E8 32F7 R                		call	sub_129 
 32DB  73 01                    		jnc	loc_630			; Jump if carry=0 
                                		retn 
 32DD  C3                     1                 db     0C3h
 32DE                           loc_630: 
 32DE  87 F7                    		xchg	si,di 
 32E0  8A 04                    		mov	al,[si] 
 32E2  83 EE 24                 		sub	si,24h 
Microsoft (R) Macro Assembler  Version 4.00                 3/29/26 15:13:40

                                                            Page     1-129
                                                            

 32E5  E8 0D93 R                		call	sub_35 
 32E8  0A 04                    		or	al,[si] 
 32EA  83 EE 24                 		sub	si,24h 
 32ED  E8 0D93 R                		call	sub_35 
 32F0  0A 04                    		or	al,[si] 
 32F2  87 F7                    		xchg	si,di 
 32F4  02 C0                    		add	al,al 
                                		retn 
 32F6  C3                     1                 db     0C3h
                                sub_128		endp 
                                 
                                 
                                ;ﬂﬂﬂﬂﬂﬂﬂﬂﬂﬂﬂﬂﬂﬂﬂﬂﬂﬂﬂﬂﬂﬂﬂﬂﬂﬂﬂﬂﬂﬂﬂﬂﬂﬂﬂﬂﬂﬂﬂﬂﬂﬂﬂﬂﬂﬂﬂﬂﬂﬂﬂﬂﬂﬂﬂﬂﬂﬂﬂﬂﬂﬂﬂﬂﬂﬂﬂﬂﬂﬂﬂﬂﬂﬂ 
                                ;                              SUBROUTINE 
                                ;‹‹‹‹‹‹‹‹‹‹‹‹‹‹‹‹‹‹‹‹‹‹‹‹‹‹‹‹‹‹‹‹‹‹‹‹‹‹‹‹‹‹‹‹‹‹‹‹‹‹‹‹‹‹‹‹‹‹‹‹‹‹‹‹‹‹‹‹‹‹‹‹‹‹ 
                                 
 32F7                           sub_129		proc	near 
 32F7  8A 05                    		mov	al,[di] 
 32F9  E8 34ED R                		call	sub_138 
 32FC  F9                       		stc				; Set carry flag 
 32FD  74 01                    		jz	loc_631			; Jump if zero 
                                		retn 
 32FF  C3                     1                 db     0C3h
 3300                           loc_631: 
 3300  80 3E C012 05            		cmp	byte ptr ds:data_196e,5 
 3305  F8                       		clc				; Clear carry flag 
 3306  74 01                    		jz	loc_632			; Jump if zero 
                                		retn 
 3308  C3                     1                 db     0C3h
 3309                           loc_632: 
 3309  56                       		push	si 
 330A  E8 16FC R                		call	sub_63 
 330D  5E                       		pop	si 
 330E  FE C9                    		dec	cl 
 3310  F8                       		clc				; Clear carry flag 
 3311  74 01                    		jz	loc_633			; Jump if zero 
                                		retn 
 3313  C3                     1                 db     0C3h
 3314                           loc_633: 
 3314  F9                       		stc				; Set carry flag 
                                		retn 
 3315  C3                     1                 db     0C3h
                                sub_129		endp 
                                 
                                 
                                ;ﬂﬂﬂﬂﬂﬂﬂﬂﬂﬂﬂﬂﬂﬂﬂﬂﬂﬂﬂﬂﬂﬂﬂﬂﬂﬂﬂﬂﬂﬂﬂﬂﬂﬂﬂﬂﬂﬂﬂﬂﬂﬂﬂﬂﬂﬂﬂﬂﬂﬂﬂﬂﬂﬂﬂﬂﬂﬂﬂﬂﬂﬂﬂﬂﬂﬂﬂﬂﬂﬂﬂﬂﬂﬂ 
                                ;                              SUBROUTINE 
                                ;‹‹‹‹‹‹‹‹‹‹‹‹‹‹‹‹‹‹‹‹‹‹‹‹‹‹‹‹‹‹‹‹‹‹‹‹‹‹‹‹‹‹‹‹‹‹‹‹‹‹‹‹‹‹‹‹‹‹‹‹‹‹‹‹‹‹‹‹‹‹‹‹‹‹ 
                                 
 3316                           sub_130		proc	near 
 3316  8B 44 02                 		mov	ax,[si+2] 
 3319  E8 0D73 R                		call	sub_33 
 331C  4F                       		dec	di 
 331D  E8 334D R                		call	sub_131 
 3320  73 01                    		jnc	loc_634			; Jump if carry=0 
Microsoft (R) Macro Assembler  Version 4.00                 3/29/26 15:13:40

                                                            Page     1-130
                                                            

                                		retn 
 3322  C3                     1                 db     0C3h
 3323                           loc_634: 
 3323  87 F7                    		xchg	si,di 
 3325  83 C6 24                 		add	si,24h 
 3328  E8 0D87 R                		call	sub_34 
 332B  87 F7                    		xchg	si,di 
 332D  E8 334D R                		call	sub_131 
 3330  73 01                    		jnc	loc_635			; Jump if carry=0 
                                		retn 
 3332  C3                     1                 db     0C3h
 3333                           loc_635: 
 3333  4F                       		dec	di 
 3334  87 F7                    		xchg	si,di 
 3336  8A 04                    		mov	al,[si] 
 3338  83 EE 24                 		sub	si,24h 
 333B  E8 0D93 R                		call	sub_35 
 333E  0A 04                    		or	al,[si] 
 3340  83 EE 24                 		sub	si,24h 
 3343  E8 0D93 R                		call	sub_35 
 3346  0A 04                    		or	al,[si] 
 3348  87 F7                    		xchg	si,di 
 334A  02 C0                    		add	al,al 
                                		retn 
 334C  C3                     1                 db     0C3h
                                sub_130		endp 
                                 
                                 
                                ;ﬂﬂﬂﬂﬂﬂﬂﬂﬂﬂﬂﬂﬂﬂﬂﬂﬂﬂﬂﬂﬂﬂﬂﬂﬂﬂﬂﬂﬂﬂﬂﬂﬂﬂﬂﬂﬂﬂﬂﬂﬂﬂﬂﬂﬂﬂﬂﬂﬂﬂﬂﬂﬂﬂﬂﬂﬂﬂﬂﬂﬂﬂﬂﬂﬂﬂﬂﬂﬂﬂﬂﬂﬂﬂ 
                                ;                              SUBROUTINE 
                                ;‹‹‹‹‹‹‹‹‹‹‹‹‹‹‹‹‹‹‹‹‹‹‹‹‹‹‹‹‹‹‹‹‹‹‹‹‹‹‹‹‹‹‹‹‹‹‹‹‹‹‹‹‹‹‹‹‹‹‹‹‹‹‹‹‹‹‹‹‹‹‹‹‹‹ 
                                 
 334D                           sub_131		proc	near 
 334D  8A 05                    		mov	al,[di] 
 334F  E8 34ED R                		call	sub_138 
 3352  F9                       		stc				; Set carry flag 
 3353  74 01                    		jz	loc_636			; Jump if zero 
                                		retn 
 3355  C3                     1                 db     0C3h
 3356                           loc_636: 
 3356  80 3E C012 05            		cmp	byte ptr ds:data_196e,5 
 335B  F8                       		clc				; Clear carry flag 
 335C  74 01                    		jz	loc_637			; Jump if zero 
                                		retn 
 335E  C3                     1                 db     0C3h
 335F                           loc_637: 
 335F  56                       		push	si 
 3360  E8 16FC R                		call	sub_63 
 3363  5E                       		pop	si 
 3364  FE C9                    		dec	cl 
 3366  FE C9                    		dec	cl 
 3368  F8                       		clc				; Clear carry flag 
 3369  74 01                    		jz	loc_638			; Jump if zero 
                                		retn 
 336B  C3                     1                 db     0C3h
Microsoft (R) Macro Assembler  Version 4.00                 3/29/26 15:13:40

                                                            Page     1-131
                                                            

 336C                           loc_638: 
 336C  F9                       		stc				; Set carry flag 
                                		retn 
 336D  C3                     1                 db     0C3h
                                sub_131		endp 
                                 
                                 
                                ;ﬂﬂﬂﬂﬂﬂﬂﬂﬂﬂﬂﬂﬂﬂﬂﬂﬂﬂﬂﬂﬂﬂﬂﬂﬂﬂﬂﬂﬂﬂﬂﬂﬂﬂﬂﬂﬂﬂﬂﬂﬂﬂﬂﬂﬂﬂﬂﬂﬂﬂﬂﬂﬂﬂﬂﬂﬂﬂﬂﬂﬂﬂﬂﬂﬂﬂﬂﬂﬂﬂﬂﬂﬂﬂ 
                                ;                              SUBROUTINE 
                                ;‹‹‹‹‹‹‹‹‹‹‹‹‹‹‹‹‹‹‹‹‹‹‹‹‹‹‹‹‹‹‹‹‹‹‹‹‹‹‹‹‹‹‹‹‹‹‹‹‹‹‹‹‹‹‹‹‹‹‹‹‹‹‹‹‹‹‹‹‹‹‹‹‹‹ 
                                 
 336E                           sub_132		proc	near 
 336E  8B 44 02                 		mov	ax,[si+2] 
 3371  E8 0D73 R                		call	sub_33 
 3374  87 F7                    		xchg	si,di 
 3376  83 EE 24                 		sub	si,24h 
 3379  E8 0D93 R                		call	sub_35 
 337C  87 F7                    		xchg	si,di 
 337E  8A 05                    		mov	al,[di] 
 3380  E8 34ED R                		call	sub_138 
 3383  F9                       		stc				; Set carry flag 
 3384  74 01                    		jz	loc_639			; Jump if zero 
                                		retn 
 3386  C3                     1                 db     0C3h
 3387                           loc_639: 
 3387  8A 45 01                 		mov	al,[di+1] 
 338A  E8 34ED R                		call	sub_138 
 338D  F9                       		stc				; Set carry flag 
 338E  74 01                    		jz	loc_640			; Jump if zero 
                                		retn 
 3390  C3                     1                 db     0C3h
 3391                           loc_640: 
 3391  87 F7                    		xchg	si,di 
 3393  83 EE 24                 		sub	si,24h 
 3396  E8 0D93 R                		call	sub_35 
 3399  87 F7                    		xchg	si,di 
 339B  8A 45 01                 		mov	al,[di+1] 
 339E  0A 05                    		or	al,[di] 
 33A0  0A 45 FF                 		or	al,[di-1] 
 33A3  02 C0                    		add	al,al 
                                		retn 
 33A5  C3                     1                 db     0C3h
                                sub_132		endp 
                                 
                                 
                                ;ﬂﬂﬂﬂﬂﬂﬂﬂﬂﬂﬂﬂﬂﬂﬂﬂﬂﬂﬂﬂﬂﬂﬂﬂﬂﬂﬂﬂﬂﬂﬂﬂﬂﬂﬂﬂﬂﬂﬂﬂﬂﬂﬂﬂﬂﬂﬂﬂﬂﬂﬂﬂﬂﬂﬂﬂﬂﬂﬂﬂﬂﬂﬂﬂﬂﬂﬂﬂﬂﬂﬂﬂﬂﬂ 
                                ;                              SUBROUTINE 
                                ;‹‹‹‹‹‹‹‹‹‹‹‹‹‹‹‹‹‹‹‹‹‹‹‹‹‹‹‹‹‹‹‹‹‹‹‹‹‹‹‹‹‹‹‹‹‹‹‹‹‹‹‹‹‹‹‹‹‹‹‹‹‹‹‹‹‹‹‹‹‹‹‹‹‹ 
                                 
 33A6                           sub_133		proc	near 
 33A6  8B 44 02                 		mov	ax,[si+2] 
 33A9  E8 0D73 R                		call	sub_33 
 33AC  87 F7                    		xchg	si,di 
 33AE  83 C6 48                 		add	si,48h 
 33B1  E8 0D87 R                		call	sub_34 
Microsoft (R) Macro Assembler  Version 4.00                 3/29/26 15:13:40

                                                            Page     1-132
                                                            

 33B4  87 F7                    		xchg	si,di 
 33B6  8A 05                    		mov	al,[di] 
 33B8  E8 34ED R                		call	sub_138 
 33BB  F9                       		stc				; Set carry flag 
 33BC  74 01                    		jz	loc_641			; Jump if zero 
                                		retn 
 33BE  C3                     1                 db     0C3h
 33BF                           loc_641: 
 33BF  8A 45 01                 		mov	al,[di+1] 
 33C2  E8 34ED R                		call	sub_138 
 33C5  F9                       		stc				; Set carry flag 
 33C6  74 01                    		jz	loc_642			; Jump if zero 
                                		retn 
 33C8  C3                     1                 db     0C3h
 33C9                           loc_642: 
 33C9  0A 05                    		or	al,[di] 
 33CB  0A 45 FF                 		or	al,[di-1] 
 33CE  02 C0                    		add	al,al 
                                		retn 
 33D0  C3                     1                 db     0C3h
                                sub_133		endp 
                                 
                                 
                                ;ﬂﬂﬂﬂﬂﬂﬂﬂﬂﬂﬂﬂﬂﬂﬂﬂﬂﬂﬂﬂﬂﬂﬂﬂﬂﬂﬂﬂﬂﬂﬂﬂﬂﬂﬂﬂﬂﬂﬂﬂﬂﬂﬂﬂﬂﬂﬂﬂﬂﬂﬂﬂﬂﬂﬂﬂﬂﬂﬂﬂﬂﬂﬂﬂﬂﬂﬂﬂﬂﬂﬂﬂﬂﬂ 
                                ;                              SUBROUTINE 
                                ;‹‹‹‹‹‹‹‹‹‹‹‹‹‹‹‹‹‹‹‹‹‹‹‹‹‹‹‹‹‹‹‹‹‹‹‹‹‹‹‹‹‹‹‹‹‹‹‹‹‹‹‹‹‹‹‹‹‹‹‹‹‹‹‹‹‹‹‹‹‹‹‹‹‹ 
                                 
 33D1                           sub_134		proc	near 
 33D1  8B 44 02                 		mov	ax,[si+2] 
 33D4  E8 0D73 R                		call	sub_33 
 33D7  47                       		inc	di 
 33D8  47                       		inc	di 
 33D9  8A 05                    		mov	al,[di] 
 33DB  E8 34ED R                		call	sub_138 
 33DE  F9                       		stc				; Set carry flag 
 33DF  74 01                    		jz	loc_643			; Jump if zero 
                                		retn 
 33E1  C3                     1                 db     0C3h
 33E2                           loc_643: 
 33E2  8A C8                    		mov	cl,al 
 33E4  87 F7                    		xchg	si,di 
 33E6  83 EE 24                 		sub	si,24h 
 33E9  E8 0D93 R                		call	sub_35 
 33EC  87 F7                    		xchg	si,di 
 33EE  8A 05                    		mov	al,[di] 
 33F0  E8 34ED R                		call	sub_138 
 33F3  F9                       		stc				; Set carry flag 
 33F4  74 01                    		jz	loc_644			; Jump if zero 
                                		retn 
 33F6  C3                     1                 db     0C3h
 33F7                           loc_644: 
 33F7  0A C8                    		or	cl,al 
 33F9  8A 45 FF                 		mov	al,[di-1] 
 33FC  E8 34ED R                		call	sub_138 
 33FF  F9                       		stc				; Set carry flag 
Microsoft (R) Macro Assembler  Version 4.00                 3/29/26 15:13:40

                                                            Page     1-133
                                                            

 3400  74 01                    		jz	loc_645			; Jump if zero 
                                		retn 
 3402  C3                     1                 db     0C3h
 3403                           loc_645: 
 3403  87 F7                    		xchg	si,di 
 3405  83 EE 24                 		sub	si,24h 
 3408  E8 0D93 R                		call	sub_35 
 340B  87 F7                    		xchg	si,di 
 340D  0A 0D                    		or	cl,[di] 
 340F  0A 4D FF                 		or	cl,[di-1] 
 3412  0A 4D FE                 		or	cl,[di-2] 
 3415  02 C9                    		add	cl,cl 
                                		retn 
 3417  C3                     1                 db     0C3h
                                sub_134		endp 
                                 
                                 
                                ;ﬂﬂﬂﬂﬂﬂﬂﬂﬂﬂﬂﬂﬂﬂﬂﬂﬂﬂﬂﬂﬂﬂﬂﬂﬂﬂﬂﬂﬂﬂﬂﬂﬂﬂﬂﬂﬂﬂﬂﬂﬂﬂﬂﬂﬂﬂﬂﬂﬂﬂﬂﬂﬂﬂﬂﬂﬂﬂﬂﬂﬂﬂﬂﬂﬂﬂﬂﬂﬂﬂﬂﬂﬂﬂ 
                                ;                              SUBROUTINE 
                                ;‹‹‹‹‹‹‹‹‹‹‹‹‹‹‹‹‹‹‹‹‹‹‹‹‹‹‹‹‹‹‹‹‹‹‹‹‹‹‹‹‹‹‹‹‹‹‹‹‹‹‹‹‹‹‹‹‹‹‹‹‹‹‹‹‹‹‹‹‹‹‹‹‹‹ 
                                 
 3418                           sub_135		proc	near 
 3418  8B 44 02                 		mov	ax,[si+2] 
 341B  E8 0D73 R                		call	sub_33 
 341E  47                       		inc	di 
 341F  47                       		inc	di 
 3420  8A 0D                    		mov	cl,[di] 
 3422  87 F7                    		xchg	si,di 
 3424  83 C6 24                 		add	si,24h 
 3427  E8 0D87 R                		call	sub_34 
 342A  87 F7                    		xchg	si,di 
 342C  8A 05                    		mov	al,[di] 
 342E  E8 34ED R                		call	sub_138 
 3431  F9                       		stc				; Set carry flag 
 3432  74 01                    		jz	loc_646			; Jump if zero 
                                		retn 
 3434  C3                     1                 db     0C3h
 3435                           loc_646: 
 3435  0A C8                    		or	cl,al 
 3437  87 F7                    		xchg	si,di 
 3439  83 C6 24                 		add	si,24h 
 343C  E8 0D87 R                		call	sub_34 
 343F  87 F7                    		xchg	si,di 
 3441  8A 05                    		mov	al,[di] 
 3443  E8 34ED R                		call	sub_138 
 3446  F9                       		stc				; Set carry flag 
 3447  74 01                    		jz	loc_647			; Jump if zero 
                                		retn 
 3449  C3                     1                 db     0C3h
 344A                           loc_647: 
 344A  0A C8                    		or	cl,al 
 344C  8A 45 FF                 		mov	al,[di-1] 
 344F  E8 34ED R                		call	sub_138 
 3452  F9                       		stc				; Set carry flag 
 3453  74 01                    		jz	loc_648			; Jump if zero 
Microsoft (R) Macro Assembler  Version 4.00                 3/29/26 15:13:40

                                                            Page     1-134
                                                            

                                		retn 
 3455  C3                     1                 db     0C3h
 3456                           loc_648: 
 3456  0A C8                    		or	cl,al 
 3458  0A 4D FE                 		or	cl,[di-2] 
 345B  02 C9                    		add	cl,cl 
                                		retn 
 345D  C3                     1                 db     0C3h
                                sub_135		endp 
                                 
                                 
                                ;ﬂﬂﬂﬂﬂﬂﬂﬂﬂﬂﬂﬂﬂﬂﬂﬂﬂﬂﬂﬂﬂﬂﬂﬂﬂﬂﬂﬂﬂﬂﬂﬂﬂﬂﬂﬂﬂﬂﬂﬂﬂﬂﬂﬂﬂﬂﬂﬂﬂﬂﬂﬂﬂﬂﬂﬂﬂﬂﬂﬂﬂﬂﬂﬂﬂﬂﬂﬂﬂﬂﬂﬂﬂﬂ 
                                ;                              SUBROUTINE 
                                ;‹‹‹‹‹‹‹‹‹‹‹‹‹‹‹‹‹‹‹‹‹‹‹‹‹‹‹‹‹‹‹‹‹‹‹‹‹‹‹‹‹‹‹‹‹‹‹‹‹‹‹‹‹‹‹‹‹‹‹‹‹‹‹‹‹‹‹‹‹‹‹‹‹‹ 
                                 
 345E                           sub_136		proc	near 
 345E  8B 44 02                 		mov	ax,[si+2] 
 3461  E8 0D73 R                		call	sub_33 
 3464  4F                       		dec	di 
 3465  8A 05                    		mov	al,[di] 
 3467  E8 34ED R                		call	sub_138 
 346A  F9                       		stc				; Set carry flag 
 346B  74 01                    		jz	loc_649			; Jump if zero 
                                		retn 
 346D  C3                     1                 db     0C3h
 346E                           loc_649: 
 346E  4F                       		dec	di 
 346F  8A 0D                    		mov	cl,[di] 
 3471  87 F7                    		xchg	si,di 
 3473  83 EE 24                 		sub	si,24h 
 3476  E8 0D93 R                		call	sub_35 
 3479  87 F7                    		xchg	si,di 
 347B  0A 0D                    		or	cl,[di] 
 347D  8A 45 01                 		mov	al,[di+1] 
 3480  E8 34ED R                		call	sub_138 
 3483  F9                       		stc				; Set carry flag 
 3484  74 01                    		jz	loc_650			; Jump if zero 
                                		retn 
 3486  C3                     1                 db     0C3h
 3487                           loc_650: 
 3487  8A 45 02                 		mov	al,[di+2] 
 348A  E8 34ED R                		call	sub_138 
 348D  F9                       		stc				; Set carry flag 
 348E  74 01                    		jz	loc_651			; Jump if zero 
                                		retn 
 3490  C3                     1                 db     0C3h
 3491                           loc_651: 
 3491  87 F7                    		xchg	si,di 
 3493  83 EE 24                 		sub	si,24h 
 3496  E8 0D93 R                		call	sub_35 
 3499  87 F7                    		xchg	si,di 
 349B  0A 4D 02                 		or	cl,[di+2] 
 349E  0A 4D 01                 		or	cl,[di+1] 
 34A1  0A 0D                    		or	cl,[di] 
 34A3  02 C9                    		add	cl,cl 
Microsoft (R) Macro Assembler  Version 4.00                 3/29/26 15:13:40

                                                            Page     1-135
                                                            

                                		retn 
 34A5  C3                     1                 db     0C3h
                                sub_136		endp 
                                 
                                 
                                ;ﬂﬂﬂﬂﬂﬂﬂﬂﬂﬂﬂﬂﬂﬂﬂﬂﬂﬂﬂﬂﬂﬂﬂﬂﬂﬂﬂﬂﬂﬂﬂﬂﬂﬂﬂﬂﬂﬂﬂﬂﬂﬂﬂﬂﬂﬂﬂﬂﬂﬂﬂﬂﬂﬂﬂﬂﬂﬂﬂﬂﬂﬂﬂﬂﬂﬂﬂﬂﬂﬂﬂﬂﬂﬂ 
                                ;                              SUBROUTINE 
                                ;‹‹‹‹‹‹‹‹‹‹‹‹‹‹‹‹‹‹‹‹‹‹‹‹‹‹‹‹‹‹‹‹‹‹‹‹‹‹‹‹‹‹‹‹‹‹‹‹‹‹‹‹‹‹‹‹‹‹‹‹‹‹‹‹‹‹‹‹‹‹‹‹‹‹ 
                                 
 34A6                           sub_137		proc	near 
 34A6  8B 44 02                 		mov	ax,[si+2] 
 34A9  E8 0D73 R                		call	sub_33 
 34AC  4F                       		dec	di 
 34AD  4F                       		dec	di 
 34AE  8A 0D                    		mov	cl,[di] 
 34B0  87 F7                    		xchg	si,di 
 34B2  83 C6 24                 		add	si,24h 
 34B5  E8 0D87 R                		call	sub_34 
 34B8  87 F7                    		xchg	si,di 
 34BA  0A 0D                    		or	cl,[di] 
 34BC  47                       		inc	di 
 34BD  8A 05                    		mov	al,[di] 
 34BF  E8 34ED R                		call	sub_138 
 34C2  F9                       		stc				; Set carry flag 
 34C3  74 01                    		jz	loc_652			; Jump if zero 
                                		retn 
 34C5  C3                     1                 db     0C3h
 34C6                           loc_652: 
 34C6  87 F7                    		xchg	si,di 
 34C8  83 C6 24                 		add	si,24h 
 34CB  E8 0D87 R                		call	sub_34 
 34CE  87 F7                    		xchg	si,di 
 34D0  8A 05                    		mov	al,[di] 
 34D2  E8 34ED R                		call	sub_138 
 34D5  F9                       		stc				; Set carry flag 
 34D6  74 01                    		jz	loc_653			; Jump if zero 
                                		retn 
 34D8  C3                     1                 db     0C3h
 34D9                           loc_653: 
 34D9  0A C8                    		or	cl,al 
 34DB  8A 45 01                 		mov	al,[di+1] 
 34DE  E8 34ED R                		call	sub_138 
 34E1  F9                       		stc				; Set carry flag 
 34E2  74 01                    		jz	loc_654			; Jump if zero 
                                		retn 
 34E4  C3                     1                 db     0C3h
 34E5                           loc_654: 
 34E5  0A C8                    		or	cl,al 
 34E7  0A 4D FF                 		or	cl,[di-1] 
 34EA  02 C9                    		add	cl,cl 
                                		retn 
 34EC  C3                     1                 db     0C3h
                                sub_137		endp 
                                 
                                 
Microsoft (R) Macro Assembler  Version 4.00                 3/29/26 15:13:40

                                                            Page     1-136
                                                            

                                ;ﬂﬂﬂﬂﬂﬂﬂﬂﬂﬂﬂﬂﬂﬂﬂﬂﬂﬂﬂﬂﬂﬂﬂﬂﬂﬂﬂﬂﬂﬂﬂﬂﬂﬂﬂﬂﬂﬂﬂﬂﬂﬂﬂﬂﬂﬂﬂﬂﬂﬂﬂﬂﬂﬂﬂﬂﬂﬂﬂﬂﬂﬂﬂﬂﬂﬂﬂﬂﬂﬂﬂﬂﬂﬂ 
                                ;                              SUBROUTINE 
                                ;‹‹‹‹‹‹‹‹‹‹‹‹‹‹‹‹‹‹‹‹‹‹‹‹‹‹‹‹‹‹‹‹‹‹‹‹‹‹‹‹‹‹‹‹‹‹‹‹‹‹‹‹‹‹‹‹‹‹‹‹‹‹‹‹‹‹‹‹‹‹‹‹‹‹ 
                                 
 34ED                           sub_138		proc	near 
 34ED  3C 49                    		cmp	al,49h			; 'I' 
 34EF  72 08                    		jb	loc_656			; Jump if below 
 34F1  0A C0                    		or	al,al			; Zero ? 
 34F3  79 01                    		jns	loc_655			; Jump if not sign 
                                		retn 
 34F5  C3                     1                 db     0C3h
 34F6                           loc_655: 
 34F6  3A C0                    		cmp	al,al 
                                		retn 
 34F8  C3                     1                 db     0C3h
 34F9                           loc_656: 
 34F9  57                       		push	di 
 34FA  51                       		push	cx 
 34FB  2E: 8E 06 FF2C           		mov	es,cs:data_220e 
 3500  BF 8000                  		mov	di,data_1e 
 3503  B9 0018                  		mov	cx,18h 
 3506  F2/ AE                   		repne	scasb			; Rep zf=0+cx >0 Scan es:[di] for al 
 3508  59                       		pop	cx 
 3509  5F                       		pop	di 
                                		retn 
 350A  C3                     1                 db     0C3h
                                sub_138		endp 
                                 
                                 
                                ;ﬂﬂﬂﬂﬂﬂﬂﬂﬂﬂﬂﬂﬂﬂﬂﬂﬂﬂﬂﬂﬂﬂﬂﬂﬂﬂﬂﬂﬂﬂﬂﬂﬂﬂﬂﬂﬂﬂﬂﬂﬂﬂﬂﬂﬂﬂﬂﬂﬂﬂﬂﬂﬂﬂﬂﬂﬂﬂﬂﬂﬂﬂﬂﬂﬂﬂﬂﬂﬂﬂﬂﬂﬂﬂ 
                                ;                              SUBROUTINE 
                                ;‹‹‹‹‹‹‹‹‹‹‹‹‹‹‹‹‹‹‹‹‹‹‹‹‹‹‹‹‹‹‹‹‹‹‹‹‹‹‹‹‹‹‹‹‹‹‹‹‹‹‹‹‹‹‹‹‹‹‹‹‹‹‹‹‹‹‹‹‹‹‹‹‹‹ 
                                 
 350B                           sub_139		proc	near 
 350B  80 7C 01 FF              		cmp	byte ptr [si+1],0FFh 
 350F  74 01                    		je	loc_657			; Jump if equal 
                                		retn 
 3511  C3                     1                 db     0C3h
 3512                           loc_657: 
 3512  F6 44 07 10              		test	byte ptr [si+7],10h 
 3516  74 07                    		jz	loc_658			; Jump if zero 
 3518  80 7C 11 FF              		cmp	byte ptr [si+11h],0FFh 
 351C  74 01                    		je	loc_658			; Jump if equal 
                                		retn 
 351E  C3                     1                 db     0C3h
 351F                           loc_658: 
 351F  8B 44 0B                 		mov	ax,[si+0Bh] 
 3522  3D FFFF                  		cmp	ax,0FFFFh 
 3525  75 01                    		jne	loc_659			; Jump if not equal 
                                		retn 
 3527  C3                     1                 db     0C3h
 3528                           loc_659: 
 3528  E8 36AD R                		call	sub_141 
 352B  73 01                    		jnc	loc_660			; Jump if carry=0 
                                		retn 
Microsoft (R) Macro Assembler  Version 4.00                 3/29/26 15:13:40

                                                            Page     1-137
                                                            

 352D  C3                     1                 db     0C3h
 352E                           loc_660: 
 352E  0A DB                    		or	bl,bl			; Zero ? 
 3530  75 01                    		jnz	loc_661			; Jump if not zero 
                                		retn 
 3532  C3                     1                 db     0C3h
 3533                           loc_661: 
 3533  80 FB 23                 		cmp	bl,23h			; '#' 
 3536  75 01                    		jne	loc_662			; Jump if not equal 
                                		retn 
 3538  C3                     1                 db     0C3h
 3539                           loc_662: 
 3539  A0 0082                  		mov	al,byte ptr ds:[82h] 
 353C  2C 02                    		sub	al,2 
 353E  24 3F                    		and	al,3Fh			; '?' 
 3540  2A 44 0D                 		sub	al,[si+0Dh] 
 3543  F6 D8                    		neg	al 
 3545  24 3F                    		and	al,3Fh			; '?' 
 3547  3C 18                    		cmp	al,18h 
 3549  73 0B                    		jae	loc_663			; Jump if above or = 
 354B  80 FB 03                 		cmp	bl,3 
 354E  72 06                    		jb	loc_663			; Jump if below 
 3550  80 FB 20                 		cmp	bl,20h			; ' ' 
 3553  73 01                    		jae	loc_663			; Jump if above or = 
                                		retn 
 3555  C3                     1                 db     0C3h
 3556                           loc_663: 
 3556  F6 44 07 10              		test	byte ptr [si+7],10h 
 355A  75 66                    		jnz	loc_666			; Jump if not zero 
 355C  88 5C 03                 		mov	[si+3],bl 
 355F  8A 44 0D                 		mov	al,[si+0Dh] 
 3562  8A E3                    		mov	ah,bl 
 3564  E8 0D73 R                		call	sub_33 
 3567  57                       		push	di 
 3568  87 F7                    		xchg	si,di 
 356A  83 EE 25                 		sub	si,25h 
 356D  E8 0D93 R                		call	sub_35 
 3570  32 C0                    		xor	al,al			; Zero register 
 3572  B9 0003                  		mov	cx,3 
                                 
 3575                           locloop_664: 
 3575  0A 04                    		or	al,[si] 
 3577  0A 44 01                 		or	al,[si+1] 
 357A  0A 44 02                 		or	al,[si+2] 
 357D  83 C6 24                 		add	si,24h 
 3580  E8 0D87 R                		call	sub_34 
 3583  E2 F0                    		loop	locloop_664		; Loop if cx > 0 
                                 
 3585  87 F7                    		xchg	si,di 
 3587  5F                       		pop	di 
 3588  0A C0                    		or	al,al			; Zero ? 
 358A  79 01                    		jns	loc_665			; Jump if not sign 
                                		retn 
 358C  C3                     1                 db     0C3h
 358D                           loc_665: 
Microsoft (R) Macro Assembler  Version 4.00                 3/29/26 15:13:40

                                                            Page     1-138
                                                            

 358D  A0 FF4A                  		mov	al,ds:data_245e 
 3590  0C 80                    		or	al,80h 
 3592  88 05                    		mov	[di],al 
 3594  8B 44 0B                 		mov	ax,[si+0Bh] 
 3597  89 04                    		mov	[si],ax 
 3599  8A 44 0D                 		mov	al,[si+0Dh] 
 359C  88 44 02                 		mov	[si+2],al 
 359F  8A 44 0E                 		mov	al,[si+0Eh] 
 35A2  88 44 04                 		mov	[si+4],al 
 35A5  C6 44 06 10              		mov	byte ptr [si+6],10h 
 35A9  C6 44 05 00              		mov	byte ptr [si+5],0 
 35AD  C7 44 09 0000            		mov	word ptr [si+9],0 
 35B2  C6 44 08 00              		mov	byte ptr [si+8],0 
 35B6  8A 1E FF4A               		mov	bl,ds:data_245e 
 35BA  32 FF                    		xor	bh,bh			; Zero register 
 35BC  C6 87 ED20 00            		mov	byte ptr ds:data_212e[bx],0 
                                		retn 
 35C1  C3                     1                 db     0C3h
 35C2                           loc_666: 
 35C2  F6 44 0E 01              		test	byte ptr [si+0Eh],1 
 35C6  74 01                    		jz	loc_667			; Jump if zero 
                                		retn 
 35C8  C3                     1                 db     0C3h
 35C9                           loc_667: 
 35C9  88 5C 03                 		mov	[si+3],bl 
 35CC  88 5C 13                 		mov	[si+13h],bl 
 35CF  8A 44 0D                 		mov	al,[si+0Dh] 
 35D2  8A E3                    		mov	ah,bl 
 35D4  E8 0D73 R                		call	sub_33 
 35D7  57                       		push	di 
 35D8  87 F7                    		xchg	si,di 
 35DA  83 EE 25                 		sub	si,25h 
 35DD  E8 0D93 R                		call	sub_35 
 35E0  32 C0                    		xor	al,al			; Zero register 
 35E2  B9 0005                  		mov	cx,5 
                                 
 35E5                           locloop_668: 
 35E5  0A 04                    		or	al,[si] 
 35E7  0A 44 01                 		or	al,[si+1] 
 35EA  0A 44 02                 		or	al,[si+2] 
 35ED  83 C6 24                 		add	si,24h 
 35F0  E8 0D87 R                		call	sub_34 
 35F3  E2 F0                    		loop	locloop_668		; Loop if cx > 0 
                                 
 35F5  87 F7                    		xchg	si,di 
 35F7  5F                       		pop	di 
 35F8  0A C0                    		or	al,al			; Zero ? 
 35FA  79 01                    		jns	loc_669			; Jump if not sign 
                                		retn 
 35FC  C3                     1                 db     0C3h
 35FD                           loc_669: 
 35FD  A0 FF4A                  		mov	al,ds:data_245e 
 3600  0C 80                    		or	al,80h 
 3602  88 05                    		mov	[di],al 
 3604  87 F7                    		xchg	si,di 
Microsoft (R) Macro Assembler  Version 4.00                 3/29/26 15:13:40

                                                            Page     1-139
                                                            

 3606  83 C6 48                 		add	si,48h 
 3609  E8 0D87 R                		call	sub_34 
 360C  87 F7                    		xchg	si,di 
 360E  FE C0                    		inc	al 
 3610  88 05                    		mov	[di],al 
 3612  8B 44 0B                 		mov	ax,[si+0Bh] 
 3615  89 04                    		mov	[si],ax 
 3617  89 44 10                 		mov	[si+10h],ax 
 361A  8A 44 0D                 		mov	al,[si+0Dh] 
 361D  88 44 02                 		mov	[si+2],al 
 3620  04 02                    		add	al,2 
 3622  24 3F                    		and	al,3Fh			; '?' 
 3624  88 44 12                 		mov	[si+12h],al 
 3627  8A 44 0E                 		mov	al,[si+0Eh] 
 362A  88 44 04                 		mov	[si+4],al 
 362D  FE C0                    		inc	al 
 362F  88 44 14                 		mov	[si+14h],al 
 3632  C6 44 06 10              		mov	byte ptr [si+6],10h 
 3636  C6 44 16 10              		mov	byte ptr [si+16h],10h 
 363A  C6 44 05 00              		mov	byte ptr [si+5],0 
 363E  C6 44 15 00              		mov	byte ptr [si+15h],0 
 3642  C7 44 09 0000            		mov	word ptr [si+9],0 
 3647  C7 44 19 0000            		mov	word ptr [si+19h],0 
 364C  C6 44 08 00              		mov	byte ptr [si+8],0 
 3650  C6 44 18 00              		mov	byte ptr [si+18h],0 
 3654  80 64 17 F0              		and	byte ptr [si+17h],0F0h 
 3658  8A 1E FF4A               		mov	bl,ds:data_245e 
 365C  32 FF                    		xor	bh,bh			; Zero register 
 365E  C7 87 ED20 0000          		mov	word ptr ds:data_212e[bx],0 
                                		retn 
 3664  C3                     1                 db     0C3h
                                sub_139		endp 
                                 
                                 
                                ;ﬂﬂﬂﬂﬂﬂﬂﬂﬂﬂﬂﬂﬂﬂﬂﬂﬂﬂﬂﬂﬂﬂﬂﬂﬂﬂﬂﬂﬂﬂﬂﬂﬂﬂﬂﬂﬂﬂﬂﬂﬂﬂﬂﬂﬂﬂﬂﬂﬂﬂﬂﬂﬂﬂﬂﬂﬂﬂﬂﬂﬂﬂﬂﬂﬂﬂﬂﬂﬂﬂﬂﬂﬂﬂ 
                                ;                              SUBROUTINE 
                                ;‹‹‹‹‹‹‹‹‹‹‹‹‹‹‹‹‹‹‹‹‹‹‹‹‹‹‹‹‹‹‹‹‹‹‹‹‹‹‹‹‹‹‹‹‹‹‹‹‹‹‹‹‹‹‹‹‹‹‹‹‹‹‹‹‹‹‹‹‹‹‹‹‹‹ 
                                 
 3665                           sub_140		proc	near 
 3665  0E                       		push	cs 
 3666  07                       		pop	es 
 3667  BF ED20                  		mov	di,data_212e 
 366A  B9 0080                  		mov	cx,80h 
 366D  32 C0                    		xor	al,al			; Zero register 
 366F  F3/ AA                   		rep	stosb			; Rep when cx >0 Store al to es:[di] 
 3671  EB 00                    		jmp	short $+2		; delay for I/O 
 3673  C6 06 FF4A 00            		mov	byte ptr ds:data_245e,0 
 3678  8B 36 C010               		mov	si,ds:data_195e 
 367C                           loc_670: 
 367C  8B 04                    		mov	ax,[si] 
 367E  3D FFFF                  		cmp	ax,0FFFFh 
 3681  75 01                    		jne	loc_671			; Jump if not equal 
                                		retn 
 3683  C3                     1                 db     0C3h
 3684                           loc_671: 
Microsoft (R) Macro Assembler  Version 4.00                 3/29/26 15:13:40

                                                            Page     1-140
                                                            

 3684  80 FC FF                 		cmp	ah,0FFh 
 3687  74 1B                    		je	loc_672			; Jump if equal 
 3689  C6 44 03 FF              		mov	byte ptr [si+3],0FFh 
 368D  E8 36AD R                		call	sub_141 
 3690  72 12                    		jc	loc_672			; Jump if carry Set 
 3692  88 5C 03                 		mov	[si+3],bl 
 3695  8A 44 02                 		mov	al,[si+2] 
 3698  8A E3                    		mov	ah,bl 
 369A  E8 0D73 R                		call	sub_33 
 369D  A0 FF4A                  		mov	al,ds:data_245e 
 36A0  0C 80                    		or	al,80h 
 36A2  88 05                    		mov	[di],al 
 36A4                           loc_672: 
 36A4  FE 06 FF4A               		inc	byte ptr ds:data_245e 
 36A8  83 C6 10                 		add	si,10h 
 36AB  EB CF                    		jmp	short loc_670 
                                sub_140		endp 
                                 
                                 
                                ;ﬂﬂﬂﬂﬂﬂﬂﬂﬂﬂﬂﬂﬂﬂﬂﬂﬂﬂﬂﬂﬂﬂﬂﬂﬂﬂﬂﬂﬂﬂﬂﬂﬂﬂﬂﬂﬂﬂﬂﬂﬂﬂﬂﬂﬂﬂﬂﬂﬂﬂﬂﬂﬂﬂﬂﬂﬂﬂﬂﬂﬂﬂﬂﬂﬂﬂﬂﬂﬂﬂﬂﬂﬂﬂ 
                                ;                              SUBROUTINE 
                                ;‹‹‹‹‹‹‹‹‹‹‹‹‹‹‹‹‹‹‹‹‹‹‹‹‹‹‹‹‹‹‹‹‹‹‹‹‹‹‹‹‹‹‹‹‹‹‹‹‹‹‹‹‹‹‹‹‹‹‹‹‹‹‹‹‹‹‹‹‹‹‹‹‹‹ 
                                 
 36AD                           sub_141		proc	near 
 36AD  8B D8                    		mov	bx,ax 
 36AF  2B 06 0080               		sub	ax,word ptr ds:[80h] 
 36B3  73 11                    		jnc	loc_674			; Jump if carry=0 
 36B5  B8 0023                  		mov	ax,23h 
 36B8  2B C3                    		sub	ax,bx 
 36BA  73 01                    		jnc	loc_673			; Jump if carry=0 
                                		retn 
 36BC  C3                     1                 db     0C3h
 36BD                           loc_673: 
 36BD  A1 C002                  		mov	ax,ds:data_188e 
 36C0  2B 06 0080               		sub	ax,word ptr ds:[80h] 
 36C4  03 C3                    		add	ax,bx 
 36C6                           loc_674: 
 36C6  93                       		xchg	bx,ax 
 36C7  B8 0023                  		mov	ax,23h 
 36CA  2B C3                    		sub	ax,bx 
                                		retn 
 36CC  C3                     1                 db     0C3h
                                sub_141		endp 
                                 
 36CD                           loc_675: 
 36CD  8A 44 04                 		mov	al,[si+4] 
 36D0  A8 10                    		test	al,10h 
 36D2  75 0D                    		jnz	loc_676			; Jump if not zero 
 36D4  24 0F                    		and	al,0Fh 
 36D6  BB A008                  		mov	bx,data_185e 
 36D9  D7                       		xlat				; al=[al+[bx]] table 
 36DA  32 E4                    		xor	ah,ah			; Zero register 
 36DC  E8 3721 R                		call	sub_143 
 36DF  EB 00                    		jmp	short loc_676 
 36E1                           loc_676: 
Microsoft (R) Macro Assembler  Version 4.00                 3/29/26 15:13:40

                                                            Page     1-141
                                                            

 36E1  C6 44 06 00              		mov	byte ptr [si+6],0 
 36E5  80 4C 04 68              		or	byte ptr [si+4],68h	; 'h' 
 36E9  80 64 05 80              		and	byte ptr [si+5],80h 
                                 
                                ;ﬂﬂﬂﬂﬂﬂﬂﬂﬂﬂﬂﬂﬂﬂﬂﬂﬂﬂﬂﬂﬂﬂﬂﬂﬂﬂﬂﬂﬂﬂﬂﬂﬂﬂﬂﬂﬂﬂﬂﬂﬂﬂﬂﬂﬂﬂﬂﬂﬂﬂﬂﬂﬂﬂﬂﬂﬂﬂﬂﬂﬂﬂﬂﬂﬂﬂﬂﬂﬂﬂﬂﬂﬂﬂ 
                                ;                              SUBROUTINE 
                                ;‹‹‹‹‹‹‹‹‹‹‹‹‹‹‹‹‹‹‹‹‹‹‹‹‹‹‹‹‹‹‹‹‹‹‹‹‹‹‹‹‹‹‹‹‹‹‹‹‹‹‹‹‹‹‹‹‹‹‹‹‹‹‹‹‹‹‹‹‹‹‹‹‹‹ 
                                 
 36ED                           sub_142		proc	near 
 36ED  F6 44 07 10              		test	byte ptr [si+7],10h 
 36F1  74 16                    		jz	loc_677			; Jump if zero 
 36F3  F6 44 04 01              		test	byte ptr [si+4],1 
 36F7  75 10                    		jnz	loc_677			; Jump if not zero 
 36F9  C6 44 06 80              		mov	byte ptr [si+6],80h 
 36FD  C6 44 16 00              		mov	byte ptr [si+16h],0 
 3701  80 4C 14 68              		or	byte ptr [si+14h],68h	; 'h' 
 3705  80 64 15 80              		and	byte ptr [si+15h],80h 
 3709                           loc_677: 
 3709  8A 44 02                 		mov	al,[si+2] 
 370C  8A 26 0082               		mov	ah,byte ptr ds:[82h] 
 3710  FE CC                    		dec	ah 
 3712  2A C4                    		sub	al,ah 
 3714  24 3F                    		and	al,3Fh			; '?' 
 3716  3C 13                    		cmp	al,13h 
 3718  72 01                    		jb	loc_678			; Jump if below 
                                		retn 
 371A  C3                     1                 db     0C3h
 371B                           loc_678: 
 371B  C6 06 FF75 07            		mov	byte ptr ds:data_247e,7 
                                		retn 
 3720  C3                     1                 db     0C3h
                                sub_142		endp 
                                 
                                 
                                ;ﬂﬂﬂﬂﬂﬂﬂﬂﬂﬂﬂﬂﬂﬂﬂﬂﬂﬂﬂﬂﬂﬂﬂﬂﬂﬂﬂﬂﬂﬂﬂﬂﬂﬂﬂﬂﬂﬂﬂﬂﬂﬂﬂﬂﬂﬂﬂﬂﬂﬂﬂﬂﬂﬂﬂﬂﬂﬂﬂﬂﬂﬂﬂﬂﬂﬂﬂﬂﬂﬂﬂﬂﬂﬂ 
                                ;                              SUBROUTINE 
                                ;‹‹‹‹‹‹‹‹‹‹‹‹‹‹‹‹‹‹‹‹‹‹‹‹‹‹‹‹‹‹‹‹‹‹‹‹‹‹‹‹‹‹‹‹‹‹‹‹‹‹‹‹‹‹‹‹‹‹‹‹‹‹‹‹‹‹‹‹‹‹‹‹‹‹ 
                                 
 3721                           sub_143		proc	near 
 3721  01 06 008E               		add	word ptr ds:[8Eh],ax 
 3725  72 01                    		jc	loc_679			; Jump if carry Set 
                                		retn 
 3727  C3                     1                 db     0C3h
 3728                           loc_679: 
 3728  C7 06 008E FFFF          		mov	word ptr ds:[8Eh],0FFFFh 
                                		retn 
 372E  C3                     1                 db     0C3h
                                sub_143		endp 
                                 
                                			                        ;* No entry point to code 
 372F  24 07                    		and	al,7 
 3731  8A D8                    		mov	bl,al 
 3733  32 FF                    		xor	bh,bh			; Zero register 
 3735  03 DB                    		add	bx,bx 
 3737  FF A7 972F               		jmp	word ptr ds:data_120e[bx]	;* 
Microsoft (R) Macro Assembler  Version 4.00                 3/29/26 15:13:40

                                                            Page     1-142
                                                            

                                			                        ;* No entry point to code 
 373B  E5 91                    		in	ax,91h			; port 91h ??I/O Non-standard 
 373D  F6 91 920A               		not	byte ptr ds:data_118e[bx+di] 
 3741  22 92 9234               		and	dl,ss:data_119e[bp+si] 
 3745  43                       		inc	bx 
 3746  92                       		xchg	dx,ax 
 3747  55                       		push	bp 
 3748  92                       		xchg	dx,ax 
 3749  6C 92 24 07 8A D8        		db	 6Ch, 92h, 24h, 07h, 8Ah,0D8h 
 374F  32 FF 03 DB FF A7        		db	 32h,0FFh, 03h,0DBh,0FFh,0A7h 
 3755  4B 97 B4 92 C5 93        		db	 4Bh, 97h,0B4h, 92h,0C5h, 93h 
 375B  62 93 52 94 0A 93        		db	 62h, 93h, 52h, 94h, 0Ah, 93h 
 3761  9A 94 9A 93 0C 94        		db	 9Ah, 94h, 9Ah, 93h, 0Ch, 94h 
 3767  8B 44 02 E8 0D D6        		db	 8Bh, 44h, 02h,0E8h, 0Dh,0D6h 
 376D  87 FE 83 C6 24 E8        		db	 87h,0FEh, 83h,0C6h, 24h,0E8h 
 3773  19 D6 87 FE B9 02        		db	 19h,0D6h, 87h,0FEh,0B9h, 02h 
 3779  00                       		db	 00h 
                                 
 377A                           locloop_680: 
 377A  51                       		push	cx 
 377B  56                       		push	si 
 377C  8A 05                    		mov	al,[di] 
 377E  E8 16FC R                		call	sub_63 
 3781  8A D9                    		mov	bl,cl 
 3783  5E                       		pop	si 
 3784  59                       		pop	cx 
 3785  74 04                    		jz	loc_681			; Jump if zero 
 3787  47                       		inc	di 
 3788  E2 F0                    		loop	locloop_680		; Loop if cx > 0 
                                 
                                		retn 
 378A  C3                     1                 db     0C3h
 378B                           loc_681: 
 378B  58                       		pop	ax 
 378C  32 FF                    		xor	bh,bh			; Zero register 
 378E  03 DB                    		add	bx,bx 
 3790  FF A7 9788               		jmp	word ptr ds:data_121e[bx]	;* 
                                			                        ;* No entry point to code 
                                ;*		call	far ptr sub_156		;* 
 3794  9A                       		db	9Ah 
 3795  9497 8E97                		dw	9497h, 8E97h		;  Fixup - byte match 
 3799  97                       		xchg	di,ax 
 379A  E8 31F1 R                		call	sub_122 
 379D  E9 31F1 R                		jmp	loc_602 
                                			                        ;* No entry point to code 
 37A0  E8 3240 R                		call	sub_124 
 37A3  E9 3240 R                		jmp	loc_613 
                                			                        ;* No entry point to code 
 37A6  E8 3216 R                		call	sub_123 
 37A9  E9 3216 R                		jmp	loc_607 
                                			                        ;* No entry point to code 
 37AC  8B 44 02                 		mov	ax,[si+2] 
 37AF  E8 0D73 R                		call	sub_33 
 37B2  87 F7                    		xchg	si,di 
 37B4  83 C6 48                 		add	si,48h 
Microsoft (R) Macro Assembler  Version 4.00                 3/29/26 15:13:40

                                                            Page     1-143
                                                            

 37B7  E8 0D87 R                		call	sub_34 
 37BA  87 F7                    		xchg	si,di 
 37BC  8A 05                    		mov	al,[di] 
 37BE  E9 13C6 R                		jmp	loc_274 
                                			                        ;* No entry point to code 
 37C1  8A 44 05                 		mov	al,[si+5] 
 37C4  24 1F                    		and	al,1Fh 
 37C6  E8 385F R                		call	sub_144 
 37C9  8A 44 08                 		mov	al,[si+8] 
 37CC  2A C4                    		sub	al,ah 
 37CE  76 09                    		jbe	loc_682			; Jump if below or = 
 37D0  88 44 08                 		mov	[si+8],al 
 37D3  C6 06 FF75 06            		mov	byte ptr ds:data_247e,6 
                                		retn 
 37D8  C3                     1                 db     0C3h
 37D9                           loc_682: 
 37D9  F6 44 04 01              		test	byte ptr [si+4],1 
 37DD  75 06                    		jnz	loc_683			; Jump if not zero 
 37DF  F6 44 07 10              		test	byte ptr [si+7],10h 
 37E3  75 3D                    		jnz	loc_686			; Jump if not zero 
 37E5                           loc_683: 
 37E5  F6 44 07 0F              		test	byte ptr [si+7],0Fh 
 37E9  74 03                    		jz	loc_684			; Jump if zero 
 37EB  E9 36CD R                		jmp	loc_675 
 37EE                           loc_684: 
 37EE  8B 3E A006               		mov	di,ds:data_184e 
 37F2  8A 5C 04                 		mov	bl,[si+4] 
 37F5  80 E3 07                 		and	bl,7 
 37F8  32 FF                    		xor	bh,bh			; Zero register 
 37FA  03 DB                    		add	bx,bx 
 37FC  8B 39                    		mov	di,[bx+di] 
 37FE  2E: FF 16 011A           		call	word ptr cs:[11Ah] 
 3803  8A D8                    		mov	bl,al 
 3805  81 E3 0003               		and	bx,3 
 3809  80 3E FF45 02            		cmp	byte ptr ds:data_242e,2 
 380E  75 02                    		jne	loc_685			; Jump if not equal 
 3810  33 DB                    		xor	bx,bx			; Zero register 
 3812                           loc_685: 
 3812  8A 01                    		mov	al,[bx+di] 
 3814  8A 64 07                 		mov	ah,[si+7] 
 3817  80 E4 F0                 		and	ah,0F0h 
 381A  0A C4                    		or	al,ah 
 381C  88 44 07                 		mov	[si+7],al 
 381F  E9 36CD R                		jmp	loc_675 
 3822                           loc_686: 
 3822  F6 44 17 0F              		test	byte ptr [si+17h],0Fh 
 3826  74 03                    		jz	loc_687			; Jump if zero 
 3828  E9 36CD R                		jmp	loc_675 
 382B                           loc_687: 
 382B  8B 3E A006               		mov	di,ds:data_184e 
 382F  8A 5C 04                 		mov	bl,[si+4] 
 3832  80 E3 07                 		and	bl,7 
 3835  32 FF                    		xor	bh,bh			; Zero register 
 3837  03 DB                    		add	bx,bx 
 3839  8B 39                    		mov	di,[bx+di] 
Microsoft (R) Macro Assembler  Version 4.00                 3/29/26 15:13:40

                                                            Page     1-144
                                                            

 383B  2E: FF 16 011A           		call	word ptr cs:[11Ah] 
 3840  8A D8                    		mov	bl,al 
 3842  81 E3 0003               		and	bx,3 
 3846  80 3E FF45 02            		cmp	byte ptr ds:data_242e,2 
 384B  75 02                    		jne	loc_688			; Jump if not equal 
 384D  33 DB                    		xor	bx,bx			; Zero register 
 384F                           loc_688: 
 384F  8A 01                    		mov	al,[bx+di] 
 3851  8A 64 17                 		mov	ah,[si+17h] 
 3854  80 E4 F0                 		and	ah,0F0h 
 3857  0A C4                    		or	al,ah 
 3859  88 44 17                 		mov	[si+17h],al 
 385C  E9 36CD R                		jmp	loc_675 
                                 
                                ;ﬂﬂﬂﬂﬂﬂﬂﬂﬂﬂﬂﬂﬂﬂﬂﬂﬂﬂﬂﬂﬂﬂﬂﬂﬂﬂﬂﬂﬂﬂﬂﬂﬂﬂﬂﬂﬂﬂﬂﬂﬂﬂﬂﬂﬂﬂﬂﬂﬂﬂﬂﬂﬂﬂﬂﬂﬂﬂﬂﬂﬂﬂﬂﬂﬂﬂﬂﬂﬂﬂﬂﬂﬂﬂ 
                                ;                              SUBROUTINE 
                                ;‹‹‹‹‹‹‹‹‹‹‹‹‹‹‹‹‹‹‹‹‹‹‹‹‹‹‹‹‹‹‹‹‹‹‹‹‹‹‹‹‹‹‹‹‹‹‹‹‹‹‹‹‹‹‹‹‹‹‹‹‹‹‹‹‹‹‹‹‹‹‹‹‹‹ 
                                 
 385F                           sub_144		proc	near 
 385F  8A 26 008D               		mov	ah,byte ptr ds:[8Dh] 
 3863  D0 EC                    		shr	ah,1			; Shift w/zeros fill 
 3865  FE C4                    		inc	ah 
 3867  0A C0                    		or	al,al			; Zero ? 
 3869  75 01                    		jnz	loc_689			; Jump if not zero 
                                		retn 
 386B  C3                     1                 db     0C3h
 386C                           loc_689: 
 386C  3C 01                    		cmp	al,1 
 386E  74 20                    		je	loc_693			; Jump if equal 
 3870  8A 26 008D               		mov	ah,byte ptr ds:[8Dh] 
 3874  FE C4                    		inc	ah 
 3876  02 E4                    		add	ah,ah 
 3878  72 04                    		jc	loc_690			; Jump if carry Set 
 387A  02 E4                    		add	ah,ah 
 387C  73 02                    		jnc	loc_691			; Jump if carry=0 
 387E                           loc_690: 
 387E  B4 FF                    		mov	ah,0FFh 
 3880                           loc_691: 
 3880  3C 09                    		cmp	al,9 
 3882  75 01                    		jne	loc_692			; Jump if not equal 
                                		retn 
 3884  C3                     1                 db     0C3h
 3885                           loc_692: 
 3885  2C 02                    		sub	al,2 
 3887  8A D8                    		mov	bl,al 
 3889  32 FF                    		xor	bh,bh			; Zero register 
 388B  8A A7 98BE               		mov	ah,ds:data_123e[bx] 
                                		retn 
 388F  C3                     1                 db     0C3h
 3890                           loc_693: 
 3890  8A 1E 0092               		mov	bl,byte ptr ds:[92h] 
 3894  FE CB                    		dec	bl 
 3896  32 FF                    		xor	bh,bh			; Zero register 
 3898  8A 87 98B8               		mov	al,ds:data_122e[bx] 
 389C  8A 1E 008D               		mov	bl,byte ptr ds:[8Dh] 
Microsoft (R) Macro Assembler  Version 4.00                 3/29/26 15:13:40

                                                            Page     1-145
                                                            

 38A0  D0 EB                    		shr	bl,1			; Shift w/zeros fill 
 38A2  02 C3                    		add	al,bl 
 38A4  72 0C                    		jc	loc_694			; Jump if carry Set 
 38A6  8A 0E 00E4               		mov	cl,byte ptr ds:[0E4h] 
 38AA  FE C1                    		inc	cl 
 38AC  F6 E1                    		mul	cl			; ax = reg * al 
 38AE  0A E4                    		or	ah,ah			; Zero ? 
 38B0  74 02                    		jz	loc_695			; Jump if zero 
 38B2                           loc_694: 
 38B2  B0 FF                    		mov	al,0FFh 
 38B4                           loc_695: 
 38B4  8A E0                    		mov	ah,al 
 38B6  80 3E FF45 02            		cmp	byte ptr ds:data_242e,2 
 38BB  74 01                    		je	loc_696			; Jump if equal 
                                		retn 
 38BD  C3                     1                 db     0C3h
 38BE                           loc_696: 
 38BE  02 E4                    		add	ah,ah 
 38C0  72 01                    		jc	loc_697			; Jump if carry Set 
                                		retn 
 38C2  C3                     1                 db     0C3h
 38C3                           loc_697: 
 38C3  B4 FF                    		mov	ah,0FFh 
                                		retn 
 38C5  C3                     1                 db     0C3h
                                sub_144		endp 
                                 
                                			                        ;* No entry point to code 
 38C6  01 02                    		add	[bp+si],ax 
 38C8  04 08                    		add	al,8 
 38CA  20 7F 02                 		and	[bx+2],bh 
 38CD  04 08                    		add	al,8 
 38CF  10 20                    		adc	[bx+si],ah 
 38D1  40                       		inc	ax 
 38D2  FF 32                    		push	word ptr [bp+si] 
 38D4  D2 8B 103E               		ror	byte ptr ss:[103Eh][bp+di],cl	; Rotate 
 38D8  C0                       		db	0C0h 
 38D9                           loc_698: 
 38D9  83 3D FF                 		cmp	word ptr [di],0FFFFh 
 38DC  F9                       		stc				; Set carry flag 
 38DD  75 01                    		jnz	loc_699			; Jump if not zero 
                                		retn 
 38DF  C3                     1                 db     0C3h
 38E0                           loc_699: 
 38E0  83 7D 0B FF              		cmp	word ptr [di+0Bh],0FFFFh 
 38E4  75 15                    		jne	loc_700			; Jump if not equal 
 38E6  80 7D 01 FF              		cmp	byte ptr [di+1],0FFh 
 38EA  74 16                    		je	loc_701			; Jump if equal 
 38EC  8B 05                    		mov	ax,[di] 
 38EE  52                       		push	dx 
 38EF  E8 36AD R                		call	sub_141 
 38F2  5A                       		pop	dx 
 38F3  73 06                    		jnc	loc_700			; Jump if carry=0 
 38F5  F6 45 04 10              		test	byte ptr [di+4],10h 
 38F9  74 0D                    		jz	loc_702			; Jump if zero 
Microsoft (R) Macro Assembler  Version 4.00                 3/29/26 15:13:40

                                                            Page     1-146
                                                            

 38FB                           loc_700: 
 38FB  FE C2                    		inc	dl 
 38FD  83 C7 10                 		add	di,10h 
 3900  EB D7                    		jmp	short loc_698 
 3902                           loc_701: 
 3902  80 7D 02 7F              		cmp	byte ptr [di+2],7Fh 
 3906  74 F3                    		je	loc_700			; Jump if equal 
 3908                           loc_702: 
 3908  F8                       		clc				; Clear carry flag 
                                		retn 
 3909  C3                     1                 db     0C3h
 390A                           loc_703: 
 390A  2E: FF 16 300C R         		call	word ptr cs:data_73 
 390F  C6 06 FF43 00            		mov	byte ptr ds:data_240e,0 
 3914  C6 06 FF3D 00            		mov	byte ptr ds:data_234e,0 
 3919  C6 06 FF38 00            		mov	byte ptr ds:data_230e,0 
 391E  C6 06 FF36 00            		mov	byte ptr ds:data_228e,0 
 3923  C6 06 00E8 FF            		mov	byte ptr ds:[0E8h],0FFh 
 3928  C6 06 9F28 00            		mov	byte ptr ds:data_175e,0 
 392D  C6 06 9F29 00            		mov	byte ptr ds:data_176e,0 
 3932  2E: FF 16 2008           		call	word ptr cs:[2008h] 
 3937  C6 06 00E7 00            		mov	byte ptr ds:[0E7h],0 
 393C  C6 06 FF39 00            		mov	byte ptr ds:data_231e,0 
 3941  C6 06 FF37 00            		mov	byte ptr ds:data_229e,0 
 3946  E8 0FA0 R                		call	sub_44 
 3949  B8 9929                  		mov	ax,9929h 
 394C  50                       		push	ax 
 394D  E8 095F R                		call	sub_18 
 3950  58                       		pop	ax 
 3951  C6 06 FF37 00            		mov	byte ptr ds:data_229e,0 
 3956                           loc_704: 
 3956  E8 0FA0 R                		call	sub_44 
 3959  C6 06 FF37 00            		mov	byte ptr ds:data_229e,0 
 395E  80 3E 00E7 02            		cmp	byte ptr ds:[0E7h],2 
 3963  74 1B                    		je	loc_705			; Jump if equal 
 3965  FE 06 9F28               		inc	byte ptr ds:data_175e 
 3969  F6 06 9F28 07            		test	byte ptr ds:data_175e,7 
 396E  75 E6                    		jnz	loc_704			; Jump if not zero 
 3970  A0 00E7                  		mov	al,byte ptr ds:[0E7h] 
 3973  FE C0                    		inc	al 
 3975  24 03                    		and	al,3 
 3977  3C 03                    		cmp	al,3 
 3979  74 DB                    		je	loc_704			; Jump if equal 
 397B  A2 00E7                  		mov	byte ptr ds:[0E7h],al 
 397E  EB D6                    		jmp	short loc_704 
 3980                           loc_705: 
 3980  FE 06 9F29               		inc	byte ptr ds:data_176e 
 3984  F6 06 9F29 0F            		test	byte ptr ds:data_176e,0Fh 
 3989  74 0E                    		jz	loc_706			; Jump if zero 
 398B  F6 06 9F29 01            		test	byte ptr ds:data_176e,1 
 3990  74 C4                    		jz	loc_704			; Jump if zero 
 3992  C6 06 FF37 FF            		mov	byte ptr ds:data_229e,0FFh 
 3997  EB BD                    		jmp	short loc_704 
 3999                           loc_706: 
 3999  C6 06 FF24 08            		mov	byte ptr ds:data_219e,8 
Microsoft (R) Macro Assembler  Version 4.00                 3/29/26 15:13:40

                                                            Page     1-147
                                                            

 399E  B9 001E                  		mov	cx,1Eh 
                                 
 39A1                           locloop_707: 
 39A1  51                       		push	cx 
 39A2  E8 0FA0 R                		call	sub_44 
 39A5  59                       		pop	cx 
 39A6  8A C1                    		mov	al,cl 
 39A8  24 01                    		and	al,1 
 39AA  FE C8                    		dec	al 
 39AC  A2 FF37                  		mov	ds:data_229e,al 
 39AF  E2 F0                    		loop	locloop_707		; Loop if cx > 0 
                                 
 39B1  B8 0001                  		mov	ax,1 
 39B4  CD 60                    		int	60h			; ??INT Non-standard interrupt 
 39B6  2E: FF 16 2040           		call	word ptr cs:[2040h] 
 39BB  F6 06 0049 FF            		test	byte ptr ds:[49h],0FFh 
 39C0  74 07                    		jz	loc_708			; Jump if zero 
 39C2  C6 06 00C5 80            		mov	byte ptr ds:[0C5h],80h 
 39C7  EB 1D                    		jmp	short loc_709 
 39C9                           loc_708: 
 39C9  A0 008D                  		mov	al,byte ptr ds:[8Dh] 
 39CC  02 C0                    		add	al,al 
 39CE  F6 D8                    		neg	al 
 39D0  04 7F                    		add	al,7Fh 
 39D2  32 E4                    		xor	ah,ah			; Zero register 
 39D4  E8 3721 R                		call	sub_143 
 39D7  C6 06 0085 00            		mov	byte ptr ds:[85h],0 
 39DC  C7 06 0086 0000          		mov	word ptr ds:[86h],0 
 39E2  D1 2E 008B               		shr	word ptr ds:[8Bh],1	; Shift w/zeros fill 
 39E6                           loc_709: 
 39E6  A1 00B2                  		mov	ax,word ptr ds:[0B2h] 
 39E9  A3 0090                  		mov	word ptr ds:[90h],ax 
 39EC  EB 00                    		jmp	short loc_710 
 39EE                           loc_710: 
 39EE  C6 06 FF08 00            		mov	byte ptr ds:data_214e,0 
 39F3  8A 26 00C5               		mov	ah,byte ptr ds:[0C5h] 
 39F7  88 26 00C4               		mov	byte ptr ds:[0C4h],ah 
 39FB  B0 01                    		mov	al,1 
 39FD  2E: FF 16 010C           		call	word ptr cs:[10Ch] 
 3A02  A1 C013                  		mov	ax,ds:data_197e 
 3A05  A3 9F1A                  		mov	ds:data_162e,ax 
 3A08  8B 36 C000               		mov	si,ds:data_187e 
 3A0C  46                       		inc	si 
 3A0D  AC                       		lodsb				; String [si] to al 
 3A0E  B3 0B                    		mov	bl,0Bh 
 3A10  F6 E3                    		mul	bl			; ax = reg * al 
 3A12  05 9C2D                  		add	ax,9C2Dh 
 3A15  8B F0                    		mov	si,ax 
 3A17  2E: 8E 06 FF2C           		mov	es,cs:data_220e 
 3A1C  BF 4000                  		mov	di,4000h 
 3A1F  B0 02                    		mov	al,2 
 3A21  2E: FF 16 010C           		call	word ptr cs:[10Ch] 
 3A26  BB 6002                  		mov	bx,6002h 
 3A29  E9 1D88 R                		jmp	loc_367 
 3A2C  26 00                    		db	 26h, 00h 
Microsoft (R) Macro Assembler  Version 4.00                 3/29/26 15:13:40

                                                            Page     1-148
                                                            

 3A2E  59 6F 75 20 67 65 74     		db	'You get 50 golds.' 
       20 35 30 20 67 6F 6C     
       64 73 2E                 
 3A3F  FF 22 00                 		db	0FFh, 22h, 00h 
 3A42  59 6F 75 20 67 65 74     		db	'You get 100 golds.' 
       20 31 30 30 20 67 6F     
       6C 64 73 2E              
 3A54  FF 22 00                 		db	0FFh, 22h, 00h 
 3A57  59 6F 75 20 67 65 74     		db	'You get 500 golds.' 
       20 35 30 30 20 67 6F     
       6C 64 73 2E              
 3A69  FF 1E 00                 		db	0FFh, 1Eh, 00h 
 3A6C  59 6F 75 20 67 65 74     		db	'You get 1000 golds.' 
       20 31 30 30 30 20 67     
       6F 6C 64 73 2E           
 3A7F  FF 32 00                 		db	0FFh, 32h, 00h 
 3A82  59 6F 75 20 67 65 74     		db	'You get a Key' 
       20 61 20 4B 65 79        
 3A8F  FF2E                     data_91		dw	0FF2Eh			; Data table (indexed access) 
 3A91  1C 00                    		db	 1Ch, 00h 
 3A93  59 6F 75 20 68 61 76     		db	'You have recovered.' 
       65 20 72 65 63 6F 76     
       65 72 65 64 2E           
 3AA6  FF 08 00                 		db	0FFh, 08h, 00h 
 3AA9  59 6F 75 20 68 61 76     		db	'You have recovered full.' 
       65 20 72 65 63 6F 76     
       65 72 65 64 20 66 75     
       6C 6C 2E                 
 3AC1  FF 3C 00                 		db	0FFh, 3Ch, 00h 
 3AC4  53 68 69 65 6C 64 20     		db	'Shield broken.' 
       62 72 6F 6B 65 6E 2E     
                                
 3AD2  FF 14 00                 		db	0FFh, 14h, 00h 
 3AD5  43 61 6E 5C 74 20 6F     		db	'Can\t open this door.' 
       70 65 6E 20 74 68 69     
       73 20 64 6F 6F 72 2E     
                                
 3AEA  FF 1C 00                 		db	0FFh, 1Ch, 00h 
 3AED  4E 6F 74 68 69 6E 67     		db	'Nothing in the box.' 
       20 69 6E 20 74 68 65     
       20 62 6F 78 2E           
 3B00  FF 06 00                 		db	0FFh, 06h, 00h 
 3B03  59 6F 75 20 67 65 74     		db	'You get the Hero\s Crest.' 
       20 74 68 65 20 48 65     
       72 6F 5C 73 20 43 72     
       65 73 74 2E              
 3B1C  FF 00 00                 		db	0FFh, 00h, 00h 
 3B1F  59 6F 75 20 67 65 74     		db	'You get the Ruzeria shoes.' 
       20 74 68 65 20 52 75     
       7A 65 72 69 61 20 73     
       68 6F 65 73 2E           
 3B39  FF 08 00                 		db	0FFh, 08h, 00h 
 3B3C  59 6F 75 20 67 65 74     		db	'You get the Glory Crest.' 
       20 74 68 65 20 47 6C     
       6F 72 79 20 43 72 65     
Microsoft (R) Macro Assembler  Version 4.00                 3/29/26 15:13:40

                                                            Page     1-149
                                                            

       73 74 2E                 
 3B54  FF 06 00                 		db	0FFh, 06h, 00h 
 3B57  59 6F 75 20 67 65 74     		db	'You get the Pirika shoes.' 
       20 74 68 65 20 50 69     
       72 69 6B 61 20 73 68     
       6F 65 73 2E              
 3B70  FF 06 00                 		db	0FFh, 06h, 00h 
 3B73  59 6F 75 20 67 65 74     		db	'You get the Feruza shoes.' 
       20 74 68 65 20 46 65     
       72 75 7A 61 20 73 68     
       6F 65 73 2E              
 3B8C  FF 00 00                 		db	0FFh, 00h, 00h 
 3B8F  59 6F 75 20 67 65 74     		db	'You get the Silkarn shoes.' 
       20 74 68 65 20 53 69     
       6C 6B 61 72 6E 20 73     
       68 6F 65 73 2E           
 3BA9  FF 00 00                 		db	0FFh, 00h, 00h 
 3BAC  47 65 74 20 74 68 65     		db	'Get the Enchantment sword.' 
       20 45 6E 63 68 61 6E     
       74 6D 65 6E 74 20 73     
       77 6F 72 64 2E           
 3BC6  FF 30 00                 		db	0FFh, 30h, 00h 
 3BC9  49 74 5C 73 20 74 6F     		db	'It\s too hot !!' 
       6F 20 68 6F 74 20 21     
       21                       
 3BD8  FF 08 00                 		db	0FFh, 08h, 00h 
 3BDB  47 65 74 20 74 68 65     		db	'Get the lion\s head Key.' 
       20 6C 69 6F 6E 5C 73     
       20 68 65 61 64 20 4B     
       65 79 2E                 
 3BF3  FF 02                    		db	0FFh, 02h 
 3BF5  34 46 4D 41 4E 2E 47     		db	'4FMAN.GRP' 
       52 50                    
 3BFE  00 02                    		db	0, 2 
 3C00  38 45 4E 43 4E 54 2E     		db	'8ENCNT.GRP' 
       47 52 50                 
 3C0A  00 02                    		db	0, 2 
 3C0C  35 52 4F 4B 41 2E 47     		db	'5ROKA.GRP' 
       52 50                    
 3C15  00 01                    		db	0, 1 
 3C17  3A 52 4F 4B 41 2E 47     		db	':ROKA.GRP' 
       52 50                    
 3C20  00 02                    		db	0, 2 
 3C22  37 44 43 48 52 2E 47     		db	'7DCHR.GRP' 
       52 50                    
 3C2B  00 02 01                 		db	0, 2, 1 
 3C2E  52 4F 4B 41 44 45 4D     		db	'ROKADEMO.BIN' 
       4F 2E 42 49 4E           
 3C3A  00 01 1E                 		db	 00h, 01h, 1Eh 
 3C3D  4D 4D 41 4E 2E 47 52     		db	'MMAN.GRP' 
       50                       
 3C45  00 01 1F                 		db	 00h, 01h, 1Fh 
 3C48  43 4D 41 4E 2E 47 52     		db	'CMAN.GRP' 
       50                       
 3C50  00 02                    		db	0, 2 
Microsoft (R) Macro Assembler  Version 4.00                 3/29/26 15:13:40

                                                            Page     1-150
                                                            

 3C52  4B 4D 50 50 31 2E 47     		db	'KMPP1.GRP' 
       52 50                    
 3C5B  00 02                    		db	0, 2 
 3C5D  4C 4D 50 50 32 2E 47     		db	'LMPP2.GRP' 
       52 50                    
 3C66  00 02                    		db	0, 2 
 3C68  4D 4D 50 50 33 2E 47     		db	'MMPP3.GRP' 
       52 50                    
 3C71  00 02                    		db	0, 2 
 3C73  4E 4D 50 50 34 2E 47     		db	'NMPP4.GRP' 
       52 50                    
 3C7C  00 02                    		db	0, 2 
 3C7E  4F 4D 50 50 35 2E 47     		db	'OMPP5.GRP' 
       52 50                    
 3C87  00 02                    		db	0, 2 
 3C89  50 4D 50 50 36 2E 47     		db	'PMPP6.GRP' 
       52 50                    
 3C92  00 02                    		db	0, 2 
 3C94  51 4D 50 50 37 2E 47     		db	'QMPP7.GRP' 
       52 50                    
 3C9D  00 02                    		db	0, 2 
 3C9F  52 4D 50 50 38 2E 47     		db	'RMPP8.GRP' 
       52 50                    
 3CA8  00 02                    		db	0, 2 
 3CAA  53 4D 50 50 39 2E 47     		db	'SMPP9.GRP' 
       52 50                    
 3CB3  00 02                    		db	0, 2 
 3CB5  54 4D 50 50 41 2E 47     		db	'TMPPA.GRP' 
       52 50                    
 3CBE  00 02                    		db	0, 2 
 3CC0  55 4D 50 50 42 2E 47     		db	'UMPPB.GRP' 
       52 50                    
 3CC9  00 02 02                 		db	0, 2, 2 
 3CCC  45 41 49 31 2E 42 49     		db	'EAI1.BIN' 
       4E                       
 3CD4  00 02                    		db	0, 2 
 3CD6  0A 43 52 41 42 2E 42     		db	0Ah, 'CRAB.BIN' 
       49 4E                    
 3CDF  00 02 03                 		db	0, 2, 3 
 3CE2  45 41 49 32 2E 42 49     		db	'EAI2.BIN' 
       4E                       
 3CEA  00 02 0B                 		db	 00h, 02h, 0Bh 
 3CED  54 41 4B 4F 2E 42 49     		db	'TAKO.BIN' 
       4E                       
 3CF5  00 02 04                 		db	0, 2, 4 
 3CF8  45 41 49 33 2E 42 49     		db	'EAI3.BIN' 
       4E                       
 3D00  00 02                    		db	0, 2 
 3D02  0C 54 4F 52 49 2E 42     		db	0Ch, 'TORI.BIN' 
       49 4E                    
 3D0B  00 02 05                 		db	0, 2, 5 
 3D0E  45 41 49 34 2E 42 49     		db	'EAI4.BIN' 
       4E                       
 3D16  00 02                    		db	0, 2 
 3D18  0D 5A 45 4C 41 2E 42     		db	0Dh, 'ZELA.BIN' 
Microsoft (R) Macro Assembler  Version 4.00                 3/29/26 15:13:40

                                                            Page     1-151
                                                            

       49 4E                    
 3D21  00 02 06                 		db	0, 2, 6 
 3D24  45 41 49 35 2E 42 49     		db	'EAI5.BIN' 
       4E                       
 3D2C  00 02 0E                 		db	 00h, 02h, 0Eh 
 3D2F  4D 45 44 41 2E 42 49     		db	'MEDA.BIN' 
       4E                       
 3D37  00 02 07                 		db	0, 2, 7 
 3D3A  45 41 49 36 2E 42 49     		db	'EAI6.BIN' 
       4E                       
 3D42  00 02 0F                 		db	 00h, 02h, 0Fh 
 3D45  4C 45 47 41 2E 42 49     		db	'LEGA.BIN' 
       4E                       
 3D4D  00 02                    		db	0, 2 
 3D4F  08 45 41 49 37 2E 42     		db	8, 'EAI7.BIN' 
       49 4E                    
 3D58  00 02 11                 		db	 00h, 02h, 11h 
 3D5B  44 52 47 4E 2E 42 49     		db	'DRGN.BIN' 
       4E                       
 3D63  00 02                    		db	0, 2 
 3D65  09 45 41 49 38 2E 42     		db	9, 'EAI8.BIN' 
       49 4E                    
 3D6E  00 02 12                 		db	 00h, 02h, 12h 
 3D71  41 4B 4D 41 2E 42 49     		db	'AKMA.BIN' 
       4E                       
 3D79  00 02 13                 		db	 00h, 02h, 13h 
 3D7C  4D 41 4F 31 2E 42 49     		db	'MAO1.BIN' 
       4E                       
 3D84  00 02 14                 		db	 00h, 02h, 14h 
 3D87  4D 41 4F 32 2E 42 49     		db	'MAO2.BIN' 
       4E                       
 3D8F  00 02 10                 		db	 00h, 02h, 10h 
 3D92  5A 45 4C 32 2E 42 49     		db	'ZEL2.BIN' 
       4E                       
 3D9A  00 02                    		db	0, 2 
 3D9C  39 45 4E 50 31 2E 47     		db	'9ENP1.GRP' 
       52 50                    
 3DA5  00 02                    		db	0, 2 
 3DA7  41 43 52 41 42 2E 47     		db	'ACRAB.GRP' 
       52 50                    
 3DB0  00 02                    		db	0, 2 
 3DB2  3A 45 4E 50 32 2E 47     		db	':ENP2.GRP' 
       52 50                    
 3DBB  00 02                    		db	0, 2 
 3DBD  42 54 41 4B 4F 2E 47     		db	'BTAKO.GRP' 
       52 50                    
 3DC6  00 02                    		db	0, 2 
 3DC8  3B 45 4E 50 33 2E 47     		db	';ENP3.GRP' 
       52 50                    
 3DD1  00 02                    		db	0, 2 
 3DD3  43 54 4F 52 49 2E 47     		db	'CTORI.GRP' 
       52 50                    
 3DDC  00 02                    		db	0, 2 
 3DDE  3C 45 4E 50 34 2E 47     		db	'<ENP4.GRP' 
       52 50                    
Microsoft (R) Macro Assembler  Version 4.00                 3/29/26 15:13:40

                                                            Page     1-152
                                                            

 3DE7  00 02                    		db	0, 2 
 3DE9  44 5A 45 4C 41 2E 47     		db	'DZELA.GRP' 
       52 50                    
 3DF2  00 02                    		db	0, 2 
 3DF4  3D 45 4E 50 35 2E 47     		db	'=ENP5.GRP' 
       52 50                    
 3DFD  00 02                    		db	0, 2 
 3DFF  45 4D 45 44 41 2E 47     		db	'EMEDA.GRP' 
       52 50                    
 3E08  00 02                    		db	0, 2 
 3E0A  3E 45 4E 50 36 2E 47     		db	'>ENP6.GRP' 
       52 50                    
 3E13  00 02                    		db	0, 2 
 3E15  46 4C 45 47 41 2E 47     		db	'FLEGA.GRP' 
       52 50                    
 3E1E  00 02                    		db	0, 2 
 3E20  3F 45 4E 50 37 2E 47     		db	'?ENP7.GRP' 
       52 50                    
 3E29  00 02                    		db	0, 2 
 3E2B  47 44 52 47 4E 2E 47     		db	'GDRGN.GRP' 
       52 50                    
 3E34  00 02                    		db	0, 2 
 3E36  40 45 4E 50 38 2E 47     		db	'@ENP8.GRP' 
       52 50                    
 3E3F  00 02                    		db	0, 2 
 3E41  48 41 4B 4D 41 2E 47     		db	'HAKMA.GRP' 
       52 50                    
 3E4A  00 02                    		db	0, 2 
 3E4C  49 4D 41 4F 31 2E 47     		db	'IMAO1.GRP' 
       52 50                    
 3E55  00 02                    		db	0, 2 
 3E57  4A 4D 41 4F 32 2E 47     		db	'JMAO2.GRP' 
       52 50                    
 3E60  00 01                    		db	0, 1 
 3E62  2F 4D 47 54 31 2E 4D     		db	'/MGT1.MSD' 
       53 44                    
 3E6B  00 01                    		db	0, 1 
 3E6D  31 55 47 4D 31 2E 4D     		db	'1UGM1.MSD' 
       53 44                    
 3E76  00 01                    		db	0, 1 
 3E78  30 4D 47 54 32 2E 4D     		db	'0MGT2.MSD' 
       53 44                    
 3E81  00 01                    		db	0, 1 
 3E83  32 55 47 4D 32 2E 4D     		db	'2UGM2.MSD' 
       53 44                    
 3E8C  00 02                    		db	0, 2 
 3E8E  56 4D 55 53 31 2E 4D     		db	'VMUS1.MSD' 
       53 44                    
 3E97  00 02                    		db	0, 2 
 3E99  57 4D 55 53 32 2E 4D     		db	'WMUS2.MSD' 
       53 44                    
 3EA2  00 02                    		db	0, 2 
 3EA4  58 4D 55 53 33 2E 4D     		db	'XMUS3.MSD' 
       53 44                    
 3EAD  00 02                    		db	0, 2 
Microsoft (R) Macro Assembler  Version 4.00                 3/29/26 15:13:40

                                                            Page     1-153
                                                            

 3EAF  59 4D 55 53 34 2E 4D     		db	'YMUS4.MSD' 
       53 44                    
 3EB8  00 02                    		db	0, 2 
 3EBA  5A 4D 55 53 35 2E 4D     		db	'ZMUS5.MSD' 
       53 44                    
 3EC3  00 02                    		db	0, 2 
 3EC5  5B 4D 55 53 36 2E 4D     		db	'[MUS6.MSD' 
       53 44                    
 3ECE  00 02                    		db	0, 2 
 3ED0  5C 4D 55 53 37 2E 4D     		db	'\MUS7.MSD' 
       53 44                    
 3ED9  00 02                    		db	0, 2 
 3EDB  5D 4D 55 53 38 2E 4D     		db	']MUS8.MSD' 
       53 44                    
 3EE4  00 02                    		db	0, 2 
 3EE6  5E 4D 42 4F 53 2E 4D     		db	'^MBOS.MSD' 
       53 44                    
 3EEF  00 02                    		db	0, 2 
 3EF1  60 4D 4D 41 4F 2E 4D     		db	'`MMAO.MSD' 
       53 44                    
 3EFA  0009[                    		db	9 dup (0) 
            00                  
                         ]      
                                
 3F03  FF 00                    		db	0FFh, 00h 
 3F05  0007[                    		db	7 dup (0) 
            00                  
                         ]      
                                
 3F0C  FF FF 00                 		db	0FFh,0FFh, 00h 
 3F0F  000C[                    		db	12 dup (0) 
            00                  
                         ]      
                                
 3F1B  02 00                    		db	2, 0 
 3F1D  001F[                    		db	31 dup (0) 
            00                  
                         ]      
                                
                                 
 3F3C                           seg_a		ends 
                                 
                                 
                                 
                                		end	start 

Microsoft (R) Macro Assembler  Version 4.00                 3/29/26 15:13:40

                                                            Symbols-1
                                                             

Macros:

		N a m e			Lines

CALLF  . . . . . . . . . . . . .  	   2
CALLFX . . . . . . . . . . . . .  	   3
JMPN . . . . . . . . . . . . . .  	   2
MOVSEG . . . . . . . . . . . . .  	  43
RETF . . . . . . . . . . . . . .  	   6
RETN . . . . . . . . . . . . . .  	   6

Segments and Groups:

                N a m e         	Size	Align	Combine Class

SEG_A  . . . . . . . . . . . . .  	3F3C	BYTE	PUBLIC	

Symbols:            

                N a m e         	Type	Value	Attr         

DATA_100E  . . . . . . . . . . .  	Number	76CE	
DATA_101E  . . . . . . . . . . .  	Number	77C7	
DATA_102E  . . . . . . . . . . .  	Number	77D7	
DATA_103E  . . . . . . . . . . .  	Number	79B4	
DATA_104E  . . . . . . . . . . .  	Number	79B6	
DATA_105E  . . . . . . . . . . .  	Number	79CA	
DATA_106E  . . . . . . . . . . .  	Number	8244	
DATA_107E  . . . . . . . . . . .  	Number	83D7	
DATA_108E  . . . . . . . . . . .  	Number	8581	
DATA_109E  . . . . . . . . . . .  	Number	85C2	
DATA_110E  . . . . . . . . . . .  	Number	85EE	
DATA_111E  . . . . . . . . . . .  	Number	8790	
DATA_112E  . . . . . . . . . . .  	Number	883F	
DATA_113E  . . . . . . . . . . .  	Number	8C79	
DATA_114E  . . . . . . . . . . .  	Number	8C8D	
DATA_115E  . . . . . . . . . . .  	Number	8F33	
DATA_116E  . . . . . . . . . . .  	Number	90CA	
DATA_117E  . . . . . . . . . . .  	Number	9185	
DATA_118E  . . . . . . . . . . .  	Number	920A	
DATA_119E  . . . . . . . . . . .  	Number	9234	
DATA_120E  . . . . . . . . . . .  	Number	972F	
DATA_121E  . . . . . . . . . . .  	Number	9788	
DATA_122E  . . . . . . . . . . .  	Number	98B8	
DATA_123E  . . . . . . . . . . .  	Number	98BE	
DATA_124E  . . . . . . . . . . .  	Number	9985	
DATA_125E  . . . . . . . . . . .  	Number	9C1E	
DATA_126E  . . . . . . . . . . .  	Number	9EED	
DATA_127E  . . . . . . . . . . .  	Number	9EEE	
DATA_128E  . . . . . . . . . . .  	Number	9EEF	
DATA_129E  . . . . . . . . . . .  	Number	9EF0	
DATA_130E  . . . . . . . . . . .  	Number	9EF1	
DATA_131E  . . . . . . . . . . .  	Number	9EF2	
DATA_132E  . . . . . . . . . . .  	Number	9EF4	
DATA_133E  . . . . . . . . . . .  	Number	9EF5	
Microsoft (R) Macro Assembler  Version 4.00                 3/29/26 15:13:40

                                                            Symbols-2
                                                             

DATA_134E  . . . . . . . . . . .  	Number	9EF6	
DATA_135E  . . . . . . . . . . .  	Number	9EF7	
DATA_136E  . . . . . . . . . . .  	Number	9EF8	
DATA_137E  . . . . . . . . . . .  	Number	9EF9	
DATA_138E  . . . . . . . . . . .  	Number	9EFA	
DATA_139E  . . . . . . . . . . .  	Number	9EFE	
DATA_140E  . . . . . . . . . . .  	Number	9EFF	
DATA_141E  . . . . . . . . . . .  	Number	9F00	
DATA_142E  . . . . . . . . . . .  	Number	9F01	
DATA_143E  . . . . . . . . . . .  	Number	9F02	
DATA_144E  . . . . . . . . . . .  	Number	9F03	
DATA_145E  . . . . . . . . . . .  	Number	9F05	
DATA_146E  . . . . . . . . . . .  	Number	9F07	
DATA_147E  . . . . . . . . . . .  	Number	9F08	
DATA_148E  . . . . . . . . . . .  	Number	9F09	
DATA_149E  . . . . . . . . . . .  	Number	9F0A	
DATA_150E  . . . . . . . . . . .  	Number	9F0B	
DATA_151E  . . . . . . . . . . .  	Number	9F0C	
DATA_152E  . . . . . . . . . . .  	Number	9F0D	
DATA_153E  . . . . . . . . . . .  	Number	9F0E	
DATA_154E  . . . . . . . . . . .  	Number	9F10	
DATA_155E  . . . . . . . . . . .  	Number	9F12	
DATA_156E  . . . . . . . . . . .  	Number	9F14	
DATA_157E  . . . . . . . . . . .  	Number	9F15	
DATA_158E  . . . . . . . . . . .  	Number	9F16	
DATA_159E  . . . . . . . . . . .  	Number	9F17	
DATA_160E  . . . . . . . . . . .  	Number	9F18	
DATA_161E  . . . . . . . . . . .  	Number	9F19	
DATA_162E  . . . . . . . . . . .  	Number	9F1A	
DATA_163E  . . . . . . . . . . .  	Number	9F1C	
DATA_164E  . . . . . . . . . . .  	Number	9F1D	
DATA_165E  . . . . . . . . . . .  	Number	9F1E	
DATA_166E  . . . . . . . . . . .  	Number	9F1F	
DATA_167E  . . . . . . . . . . .  	Number	9F20	
DATA_168E  . . . . . . . . . . .  	Number	9F21	
DATA_169E  . . . . . . . . . . .  	Number	9F22	
DATA_170E  . . . . . . . . . . .  	Number	9F23	
DATA_171E  . . . . . . . . . . .  	Number	9F24	
DATA_172E  . . . . . . . . . . .  	Number	9F25	
DATA_173E  . . . . . . . . . . .  	Number	9F26	
DATA_174E  . . . . . . . . . . .  	Number	9F27	
DATA_175E  . . . . . . . . . . .  	Number	9F28	
DATA_176E  . . . . . . . . . . .  	Number	9F29	
DATA_177E  . . . . . . . . . . .  	Number	9F2A	
DATA_178E  . . . . . . . . . . .  	Number	9F2B	
DATA_179E  . . . . . . . . . . .  	Number	9F2C	
DATA_180E  . . . . . . . . . . .  	Number	9F2D	
DATA_181E  . . . . . . . . . . .  	Number	9F85	
DATA_182E  . . . . . . . . . . .  	Number	A000	
DATA_183E  . . . . . . . . . . .  	Number	A002	
DATA_184E  . . . . . . . . . . .  	Number	A006	
DATA_185E  . . . . . . . . . . .  	Number	A008	
DATA_186E  . . . . . . . . . . .  	Number	A010	
DATA_187E  . . . . . . . . . . .  	Number	C000	
DATA_188E  . . . . . . . . . . .  	Number	C002	
Microsoft (R) Macro Assembler  Version 4.00                 3/29/26 15:13:40

                                                            Symbols-3
                                                             

DATA_189E  . . . . . . . . . . .  	Number	C004	
DATA_190E  . . . . . . . . . . .  	Number	C006	
DATA_191E  . . . . . . . . . . .  	Number	C008	
DATA_192E  . . . . . . . . . . .  	Number	C00A	
DATA_193E  . . . . . . . . . . .  	Number	C00C	
DATA_194E  . . . . . . . . . . .  	Number	C00E	
DATA_195E  . . . . . . . . . . .  	Number	C010	
DATA_196E  . . . . . . . . . . .  	Number	C012	
DATA_197E  . . . . . . . . . . .  	Number	C013	
DATA_198E  . . . . . . . . . . .  	Number	C015	
DATA_199E  . . . . . . . . . . .  	Number	C016	
DATA_1E  . . . . . . . . . . . .  	Number	8000	
DATA_200E  . . . . . . . . . . .  	Number	C017	
DATA_201E  . . . . . . . . . . .  	Number	C019	
DATA_202E  . . . . . . . . . . .  	Number	C01B	
DATA_203E  . . . . . . . . . . .  	Number	E000	
DATA_204E  . . . . . . . . . . .  	Number	E001	
DATA_205E  . . . . . . . . . . .  	Number	E8FE	
DATA_206E  . . . . . . . . . . .  	Number	E8FF	
DATA_207E  . . . . . . . . . . .  	Number	E900	
DATA_208E  . . . . . . . . . . .  	Number	E921	
DATA_209E  . . . . . . . . . . .  	Number	E939	
DATA_210E  . . . . . . . . . . .  	Number	EB60	
DATA_211E  . . . . . . . . . . .  	Number	EB80	
DATA_212E  . . . . . . . . . . .  	Number	ED20	
DATA_213E  . . . . . . . . . . .  	Number	EDA0	
DATA_214E  . . . . . . . . . . .  	Number	FF08	
DATA_215E  . . . . . . . . . . .  	Number	FF18	
DATA_216E  . . . . . . . . . . .  	Number	FF1A	
DATA_217E  . . . . . . . . . . .  	Number	FF1D	
DATA_218E  . . . . . . . . . . .  	Number	FF1E	
DATA_219E  . . . . . . . . . . .  	Number	FF24	
DATA_220E  . . . . . . . . . . .  	Number	FF2C	
DATA_221E  . . . . . . . . . . .  	Number	FF2E	
DATA_222E  . . . . . . . . . . .  	Number	FF2F	
DATA_223E  . . . . . . . . . . .  	Number	FF30	
DATA_224E  . . . . . . . . . . .  	Number	FF31	
DATA_225E  . . . . . . . . . . .  	Number	FF33	
DATA_226E  . . . . . . . . . . .  	Number	FF34	
DATA_227E  . . . . . . . . . . .  	Number	FF35	
DATA_228E  . . . . . . . . . . .  	Number	FF36	
DATA_229E  . . . . . . . . . . .  	Number	FF37	
DATA_230E  . . . . . . . . . . .  	Number	FF38	
DATA_231E  . . . . . . . . . . .  	Number	FF39	
DATA_232E  . . . . . . . . . . .  	Number	FF3A	
DATA_233E  . . . . . . . . . . .  	Number	FF3C	
DATA_234E  . . . . . . . . . . .  	Number	FF3D	
DATA_235E  . . . . . . . . . . .  	Number	FF3E	
DATA_236E  . . . . . . . . . . .  	Number	FF3F	
DATA_237E  . . . . . . . . . . .  	Number	FF40	
DATA_238E  . . . . . . . . . . .  	Number	FF41	
DATA_239E  . . . . . . . . . . .  	Number	FF42	
DATA_240E  . . . . . . . . . . .  	Number	FF43	
DATA_241E  . . . . . . . . . . .  	Number	FF44	
DATA_242E  . . . . . . . . . . .  	Number	FF45	
Microsoft (R) Macro Assembler  Version 4.00                 3/29/26 15:13:40

                                                            Symbols-4
                                                             

DATA_243E  . . . . . . . . . . .  	Number	FF46	
DATA_244E  . . . . . . . . . . .  	Number	FF47	
DATA_245E  . . . . . . . . . . .  	Number	FF4A	
DATA_246E  . . . . . . . . . . .  	Number	FF4B	
DATA_247E  . . . . . . . . . . .  	Number	FF75	
DATA_2E  . . . . . . . . . . . .  	Number	8018	
DATA_3E  . . . . . . . . . . . .  	Number	801C	
DATA_4E  . . . . . . . . . . . .  	Number	8020	
DATA_5E  . . . . . . . . . . . .  	Number	8024	
DATA_6E  . . . . . . . . . . . .  	Number	8028	
DATA_71  . . . . . . . . . . . .  	L WORD 	3008	SEG_A
DATA_72  . . . . . . . . . . . .  	L WORD 	300A	SEG_A
DATA_73  . . . . . . . . . . . .  	L WORD 	300C	SEG_A
DATA_74  . . . . . . . . . . . .  	L WORD 	300E	SEG_A
DATA_75  . . . . . . . . . . . .  	L WORD 	3010	SEG_A
DATA_76  . . . . . . . . . . . .  	L WORD 	3012	SEG_A
DATA_77  . . . . . . . . . . . .  	L WORD 	3016	SEG_A
DATA_78  . . . . . . . . . . . .  	L WORD 	3018	SEG_A
DATA_79  . . . . . . . . . . . .  	L WORD 	301A	SEG_A
DATA_7E  . . . . . . . . . . . .  	Number	802C	
DATA_80  . . . . . . . . . . . .  	L WORD 	301C	SEG_A
DATA_81  . . . . . . . . . . . .  	L WORD 	301E	SEG_A
DATA_82  . . . . . . . . . . . .  	L WORD 	3020	SEG_A
DATA_83  . . . . . . . . . . . .  	L WORD 	3022	SEG_A
DATA_85  . . . . . . . . . . . .  	L WORD 	3024	SEG_A
DATA_86  . . . . . . . . . . . .  	L WORD 	3026	SEG_A
DATA_87  . . . . . . . . . . . .  	L WORD 	3028	SEG_A
DATA_88  . . . . . . . . . . . .  	L WORD 	302D	SEG_A
DATA_89  . . . . . . . . . . . .  	L WORD 	3030	SEG_A
DATA_8E  . . . . . . . . . . . .  	Number	B002	
DATA_90  . . . . . . . . . . . .  	L WORD 	3032	SEG_A
DATA_91  . . . . . . . . . . . .  	L WORD 	3A8F	SEG_A
DATA_96E . . . . . . . . . . . .  	Number	4000	
DATA_97E . . . . . . . . . . . .  	Number	6CFE	
DATA_98E . . . . . . . . . . . .  	Number	6D17	
DATA_99E . . . . . . . . . . . .  	Number	7516	
DATA_9E  . . . . . . . . . . . .  	Number	C000	

LOCLOOP_117  . . . . . . . . . .  	L NEAR	0861	SEG_A
LOCLOOP_121  . . . . . . . . . .  	L NEAR	088C	SEG_A
LOCLOOP_180  . . . . . . . . . .  	L NEAR	0BD8	SEG_A
LOCLOOP_183  . . . . . . . . . .  	L NEAR	0BEF	SEG_A
LOCLOOP_191  . . . . . . . . . .  	L NEAR	0CA8	SEG_A
LOCLOOP_194  . . . . . . . . . .  	L NEAR	0CC4	SEG_A
LOCLOOP_216  . . . . . . . . . .  	L NEAR	0EB4	SEG_A
LOCLOOP_217  . . . . . . . . . .  	L NEAR	0EB8	SEG_A
LOCLOOP_258  . . . . . . . . . .  	L NEAR	123C	SEG_A
LOCLOOP_262  . . . . . . . . . .  	L NEAR	126C	SEG_A
LOCLOOP_266  . . . . . . . . . .  	L NEAR	12ED	SEG_A
LOCLOOP_275  . . . . . . . . . .  	L NEAR	13D2	SEG_A
LOCLOOP_283  . . . . . . . . . .  	L NEAR	149D	SEG_A
LOCLOOP_285  . . . . . . . . . .  	L NEAR	14C7	SEG_A
LOCLOOP_286  . . . . . . . . . .  	L NEAR	14CB	SEG_A
LOCLOOP_3  . . . . . . . . . . .  	L NEAR	00ED	SEG_A
LOCLOOP_312  . . . . . . . . . .  	L NEAR	16B0	SEG_A
Microsoft (R) Macro Assembler  Version 4.00                 3/29/26 15:13:40

                                                            Symbols-5
                                                             

LOCLOOP_336  . . . . . . . . . .  	L NEAR	195A	SEG_A
LOCLOOP_362  . . . . . . . . . .  	L NEAR	1C83	SEG_A
LOCLOOP_364  . . . . . . . . . .  	L NEAR	1CC2	SEG_A
LOCLOOP_383  . . . . . . . . . .  	L NEAR	1FD2	SEG_A
LOCLOOP_392  . . . . . . . . . .  	L NEAR	203E	SEG_A
LOCLOOP_394  . . . . . . . . . .  	L NEAR	2055	SEG_A
LOCLOOP_398  . . . . . . . . . .  	L NEAR	20BD	SEG_A
LOCLOOP_401  . . . . . . . . . .  	L NEAR	20DD	SEG_A
LOCLOOP_410  . . . . . . . . . .  	L NEAR	2184	SEG_A
LOCLOOP_419  . . . . . . . . . .  	L NEAR	2207	SEG_A
LOCLOOP_422  . . . . . . . . . .  	L NEAR	2239	SEG_A
LOCLOOP_435  . . . . . . . . . .  	L NEAR	22EF	SEG_A
LOCLOOP_460  . . . . . . . . . .  	L NEAR	24AC	SEG_A
LOCLOOP_484  . . . . . . . . . .  	L NEAR	268A	SEG_A
LOCLOOP_488  . . . . . . . . . .  	L NEAR	270D	SEG_A
LOCLOOP_504  . . . . . . . . . .  	L NEAR	28B6	SEG_A
LOCLOOP_506  . . . . . . . . . .  	L NEAR	2907	SEG_A
LOCLOOP_508  . . . . . . . . . .  	L NEAR	2948	SEG_A
LOCLOOP_509  . . . . . . . . . .  	L NEAR	294C	SEG_A
LOCLOOP_516  . . . . . . . . . .  	L NEAR	29DE	SEG_A
LOCLOOP_520  . . . . . . . . . .  	L NEAR	2A3E	SEG_A
LOCLOOP_531  . . . . . . . . . .  	L NEAR	2B7B	SEG_A
LOCLOOP_532  . . . . . . . . . .  	L NEAR	2B9A	SEG_A
LOCLOOP_543  . . . . . . . . . .  	L NEAR	2C3E	SEG_A
LOCLOOP_544  . . . . . . . . . .  	L NEAR	2C42	SEG_A
LOCLOOP_563  . . . . . . . . . .  	L NEAR	2EC2	SEG_A
LOCLOOP_596  . . . . . . . . . .  	L NEAR	31AE	SEG_A
LOCLOOP_598  . . . . . . . . . .  	L NEAR	31CF	SEG_A
LOCLOOP_664  . . . . . . . . . .  	L NEAR	3575	SEG_A
LOCLOOP_668  . . . . . . . . . .  	L NEAR	35E5	SEG_A
LOCLOOP_680  . . . . . . . . . .  	L NEAR	377A	SEG_A
LOCLOOP_707  . . . . . . . . . .  	L NEAR	39A1	SEG_A
LOCLOOP_88 . . . . . . . . . . .  	L NEAR	06B9	SEG_A
LOCLOOP_92 . . . . . . . . . . .  	L NEAR	06E4	SEG_A
LOC_1  . . . . . . . . . . . . .  	L NEAR	0046	SEG_A
LOC_10 . . . . . . . . . . . . .  	L NEAR	01C2	SEG_A
LOC_100  . . . . . . . . . . . .  	L NEAR	076B	SEG_A
LOC_101  . . . . . . . . . . . .  	L NEAR	077F	SEG_A
LOC_102  . . . . . . . . . . . .  	L NEAR	0787	SEG_A
LOC_103  . . . . . . . . . . . .  	L NEAR	079F	SEG_A
LOC_104  . . . . . . . . . . . .  	L NEAR	07B1	SEG_A
LOC_105  . . . . . . . . . . . .  	L NEAR	07BF	SEG_A
LOC_106  . . . . . . . . . . . .  	L NEAR	07C1	SEG_A
LOC_107  . . . . . . . . . . . .  	L NEAR	07CB	SEG_A
LOC_108  . . . . . . . . . . . .  	L NEAR	07DF	SEG_A
LOC_109  . . . . . . . . . . . .  	L NEAR	07F8	SEG_A
LOC_11 . . . . . . . . . . . . .  	L NEAR	0241	SEG_A
LOC_110  . . . . . . . . . . . .  	L NEAR	080D	SEG_A
LOC_111  . . . . . . . . . . . .  	L NEAR	081A	SEG_A
LOC_112  . . . . . . . . . . . .  	L NEAR	0829	SEG_A
LOC_113  . . . . . . . . . . . .  	L NEAR	0836	SEG_A
LOC_114  . . . . . . . . . . . .  	L NEAR	083C	SEG_A
LOC_115  . . . . . . . . . . . .  	L NEAR	084B	SEG_A
LOC_116  . . . . . . . . . . . .  	L NEAR	0851	SEG_A
LOC_118  . . . . . . . . . . . .  	L NEAR	0869	SEG_A
Microsoft (R) Macro Assembler  Version 4.00                 3/29/26 15:13:40

                                                            Symbols-6
                                                             

LOC_119  . . . . . . . . . . . .  	L NEAR	0883	SEG_A
LOC_12 . . . . . . . . . . . . .  	L NEAR	0258	SEG_A
LOC_120  . . . . . . . . . . . .  	L NEAR	0889	SEG_A
LOC_122  . . . . . . . . . . . .  	L NEAR	089B	SEG_A
LOC_123  . . . . . . . . . . . .  	L NEAR	08A3	SEG_A
LOC_124  . . . . . . . . . . . .  	L NEAR	08A5	SEG_A
LOC_125  . . . . . . . . . . . .  	L NEAR	08BB	SEG_A
LOC_126  . . . . . . . . . . . .  	L NEAR	08EC	SEG_A
LOC_127  . . . . . . . . . . . .  	L NEAR	08F2	SEG_A
LOC_128  . . . . . . . . . . . .  	L NEAR	08FD	SEG_A
LOC_129  . . . . . . . . . . . .  	L NEAR	091A	SEG_A
LOC_13 . . . . . . . . . . . . .  	L NEAR	0264	SEG_A
LOC_130  . . . . . . . . . . . .  	L NEAR	091E	SEG_A
LOC_131  . . . . . . . . . . . .  	L NEAR	0926	SEG_A
LOC_132  . . . . . . . . . . . .  	L NEAR	093E	SEG_A
LOC_133  . . . . . . . . . . . .  	L NEAR	0950	SEG_A
LOC_134  . . . . . . . . . . . .  	L NEAR	095D	SEG_A
LOC_135  . . . . . . . . . . . .  	L NEAR	0967	SEG_A
LOC_136  . . . . . . . . . . . .  	L NEAR	096F	SEG_A
LOC_137  . . . . . . . . . . . .  	L NEAR	097D	SEG_A
LOC_138  . . . . . . . . . . . .  	L NEAR	0992	SEG_A
LOC_139  . . . . . . . . . . . .  	L NEAR	0998	SEG_A
LOC_14 . . . . . . . . . . . . .  	L NEAR	026A	SEG_A
LOC_140  . . . . . . . . . . . .  	L NEAR	09B3	SEG_A
LOC_141  . . . . . . . . . . . .  	L NEAR	09C8	SEG_A
LOC_142  . . . . . . . . . . . .  	L NEAR	09D0	SEG_A
LOC_143  . . . . . . . . . . . .  	L NEAR	09E2	SEG_A
LOC_144  . . . . . . . . . . . .  	L NEAR	09EB	SEG_A
LOC_145  . . . . . . . . . . . .  	L NEAR	09F7	SEG_A
LOC_146  . . . . . . . . . . . .  	L NEAR	0A07	SEG_A
LOC_147  . . . . . . . . . . . .  	L NEAR	0A11	SEG_A
LOC_148  . . . . . . . . . . . .  	L NEAR	0A14	SEG_A
LOC_149  . . . . . . . . . . . .  	L NEAR	0A23	SEG_A
LOC_15 . . . . . . . . . . . . .  	L NEAR	0274	SEG_A
LOC_150  . . . . . . . . . . . .  	L NEAR	0A34	SEG_A
LOC_151  . . . . . . . . . . . .  	L NEAR	0A3D	SEG_A
LOC_152  . . . . . . . . . . . .  	L NEAR	0A40	SEG_A
LOC_153  . . . . . . . . . . . .  	L NEAR	0A4F	SEG_A
LOC_154  . . . . . . . . . . . .  	L NEAR	0A60	SEG_A
LOC_155  . . . . . . . . . . . .  	L NEAR	0A69	SEG_A
LOC_156  . . . . . . . . . . . .  	L NEAR	0A80	SEG_A
LOC_157  . . . . . . . . . . . .  	L NEAR	0A9C	SEG_A
LOC_158  . . . . . . . . . . . .  	L NEAR	0AAA	SEG_A
LOC_159  . . . . . . . . . . . .  	L NEAR	0AAD	SEG_A
LOC_16 . . . . . . . . . . . . .  	L NEAR	028E	SEG_A
LOC_160  . . . . . . . . . . . .  	L NEAR	0AB2	SEG_A
LOC_161  . . . . . . . . . . . .  	L NEAR	0AB5	SEG_A
LOC_162  . . . . . . . . . . . .  	L NEAR	0ABD	SEG_A
LOC_163  . . . . . . . . . . . .  	L NEAR	0ACB	SEG_A
LOC_164  . . . . . . . . . . . .  	L NEAR	0ADB	SEG_A
LOC_165  . . . . . . . . . . . .  	L NEAR	0AFE	SEG_A
LOC_166  . . . . . . . . . . . .  	L NEAR	0B09	SEG_A
LOC_167  . . . . . . . . . . . .  	L NEAR	0B23	SEG_A
LOC_168  . . . . . . . . . . . .  	L NEAR	0B31	SEG_A
LOC_169  . . . . . . . . . . . .  	L NEAR	0B33	SEG_A
Microsoft (R) Macro Assembler  Version 4.00                 3/29/26 15:13:40

                                                            Symbols-7
                                                             

LOC_17 . . . . . . . . . . . . .  	L NEAR	02A0	SEG_A
LOC_170  . . . . . . . . . . . .  	L NEAR	0B46	SEG_A
LOC_171  . . . . . . . . . . . .  	L NEAR	0B4E	SEG_A
LOC_172  . . . . . . . . . . . .  	L NEAR	0B6F	SEG_A
LOC_173  . . . . . . . . . . . .  	L NEAR	0B75	SEG_A
LOC_174  . . . . . . . . . . . .  	L NEAR	0B8E	SEG_A
LOC_175  . . . . . . . . . . . .  	L NEAR	0B97	SEG_A
LOC_176  . . . . . . . . . . . .  	L NEAR	0BA2	SEG_A
LOC_177  . . . . . . . . . . . .  	L NEAR	0BAB	SEG_A
LOC_178  . . . . . . . . . . . .  	L NEAR	0BB5	SEG_A
LOC_179  . . . . . . . . . . . .  	L NEAR	0BC0	SEG_A
LOC_18 . . . . . . . . . . . . .  	L NEAR	02CA	SEG_A
LOC_181  . . . . . . . . . . . .  	L NEAR	0BE4	SEG_A
LOC_182  . . . . . . . . . . . .  	L NEAR	0BE7	SEG_A
LOC_184  . . . . . . . . . . . .  	L NEAR	0BFB	SEG_A
LOC_185  . . . . . . . . . . . .  	L NEAR	0BFE	SEG_A
LOC_186  . . . . . . . . . . . .  	L NEAR	0C05	SEG_A
LOC_187  . . . . . . . . . . . .  	L NEAR	0C0D	SEG_A
LOC_188  . . . . . . . . . . . .  	L NEAR	0C17	SEG_A
LOC_189  . . . . . . . . . . . .  	L NEAR	0C23	SEG_A
LOC_19 . . . . . . . . . . . . .  	L NEAR	02D9	SEG_A
LOC_190  . . . . . . . . . . . .  	L NEAR	0C34	SEG_A
LOC_192  . . . . . . . . . . . .  	L NEAR	0CAA	SEG_A
LOC_193  . . . . . . . . . . . .  	L NEAR	0CB7	SEG_A
LOC_195  . . . . . . . . . . . .  	L NEAR	0CD6	SEG_A
LOC_196  . . . . . . . . . . . .  	L NEAR	0CE0	SEG_A
LOC_197  . . . . . . . . . . . .  	L NEAR	0D5E	SEG_A
LOC_198  . . . . . . . . . . . .  	L NEAR	0D64	SEG_A
LOC_199  . . . . . . . . . . . .  	L NEAR	0D87	SEG_A
LOC_2  . . . . . . . . . . . . .  	L NEAR	0086	SEG_A
LOC_20 . . . . . . . . . . . . .  	L NEAR	02E0	SEG_A
LOC_200  . . . . . . . . . . . .  	L NEAR	0D8E	SEG_A
LOC_201  . . . . . . . . . . . .  	L NEAR	0D9A	SEG_A
LOC_202  . . . . . . . . . . . .  	L NEAR	0DA7	SEG_A
LOC_203  . . . . . . . . . . . .  	L NEAR	0DB3	SEG_A
LOC_204  . . . . . . . . . . . .  	L NEAR	0DD8	SEG_A
LOC_205  . . . . . . . . . . . .  	L NEAR	0DF8	SEG_A
LOC_206  . . . . . . . . . . . .  	L NEAR	0E0C	SEG_A
LOC_207  . . . . . . . . . . . .  	L NEAR	0E1B	SEG_A
LOC_208  . . . . . . . . . . . .  	L NEAR	0E27	SEG_A
LOC_209  . . . . . . . . . . . .  	L NEAR	0E3B	SEG_A
LOC_21 . . . . . . . . . . . . .  	L NEAR	0322	SEG_A
LOC_210  . . . . . . . . . . . .  	L NEAR	0E48	SEG_A
LOC_211  . . . . . . . . . . . .  	L NEAR	0E75	SEG_A
LOC_212  . . . . . . . . . . . .  	L NEAR	0E81	SEG_A
LOC_213  . . . . . . . . . . . .  	L NEAR	0E8E	SEG_A
LOC_214  . . . . . . . . . . . .  	L NEAR	0E96	SEG_A
LOC_215  . . . . . . . . . . . .  	L NEAR	0E9E	SEG_A
LOC_218  . . . . . . . . . . . .  	L NEAR	0ECA	SEG_A
LOC_219  . . . . . . . . . . . .  	L NEAR	0EDB	SEG_A
LOC_22 . . . . . . . . . . . . .  	L NEAR	0356	SEG_A
LOC_220  . . . . . . . . . . . .  	L NEAR	0EE1	SEG_A
LOC_221  . . . . . . . . . . . .  	L NEAR	0EED	SEG_A
LOC_222  . . . . . . . . . . . .  	L NEAR	0EF7	SEG_A
LOC_223  . . . . . . . . . . . .  	L NEAR	0EFC	SEG_A
Microsoft (R) Macro Assembler  Version 4.00                 3/29/26 15:13:40

                                                            Symbols-8
                                                             

LOC_224  . . . . . . . . . . . .  	L NEAR	0F14	SEG_A
LOC_225  . . . . . . . . . . . .  	L NEAR	0F23	SEG_A
LOC_226  . . . . . . . . . . . .  	L NEAR	0F33	SEG_A
LOC_227  . . . . . . . . . . . .  	L NEAR	0F5C	SEG_A
LOC_228  . . . . . . . . . . . .  	L NEAR	0F63	SEG_A
LOC_229  . . . . . . . . . . . .  	L NEAR	0F73	SEG_A
LOC_23 . . . . . . . . . . . . .  	L NEAR	035D	SEG_A
LOC_230  . . . . . . . . . . . .  	L NEAR	0F7C	SEG_A
LOC_231  . . . . . . . . . . . .  	L NEAR	0FA0	SEG_A
LOC_232  . . . . . . . . . . . .  	L NEAR	0FAB	SEG_A
LOC_233  . . . . . . . . . . . .  	L NEAR	0FD1	SEG_A
LOC_234  . . . . . . . . . . . .  	L NEAR	0FD8	SEG_A
LOC_235  . . . . . . . . . . . .  	L NEAR	0FE6	SEG_A
LOC_236  . . . . . . . . . . . .  	L NEAR	0FFE	SEG_A
LOC_237  . . . . . . . . . . . .  	L NEAR	100C	SEG_A
LOC_238  . . . . . . . . . . . .  	L NEAR	1034	SEG_A
LOC_239  . . . . . . . . . . . .  	L NEAR	1084	SEG_A
LOC_24 . . . . . . . . . . . . .  	L NEAR	0364	SEG_A
LOC_240  . . . . . . . . . . . .  	L NEAR	1095	SEG_A
LOC_241  . . . . . . . . . . . .  	L NEAR	109A	SEG_A
LOC_242  . . . . . . . . . . . .  	L NEAR	10B9	SEG_A
LOC_243  . . . . . . . . . . . .  	L NEAR	10D0	SEG_A
LOC_244  . . . . . . . . . . . .  	L NEAR	10DA	SEG_A
LOC_245  . . . . . . . . . . . .  	L NEAR	110B	SEG_A
LOC_246  . . . . . . . . . . . .  	L NEAR	1115	SEG_A
LOC_247  . . . . . . . . . . . .  	L NEAR	112B	SEG_A
LOC_248  . . . . . . . . . . . .  	L NEAR	1133	SEG_A
LOC_249  . . . . . . . . . . . .  	L NEAR	115A	SEG_A
LOC_25 . . . . . . . . . . . . .  	L NEAR	037E	SEG_A
LOC_250  . . . . . . . . . . . .  	L NEAR	117E	SEG_A
LOC_251  . . . . . . . . . . . .  	L NEAR	1192	SEG_A
LOC_252  . . . . . . . . . . . .  	L NEAR	11A4	SEG_A
LOC_253  . . . . . . . . . . . .  	L NEAR	11C8	SEG_A
LOC_254  . . . . . . . . . . . .  	L NEAR	11D2	SEG_A
LOC_255  . . . . . . . . . . . .  	L NEAR	1200	SEG_A
LOC_256  . . . . . . . . . . . .  	L NEAR	1208	SEG_A
LOC_257  . . . . . . . . . . . .  	L NEAR	1231	SEG_A
LOC_259  . . . . . . . . . . . .  	L NEAR	1248	SEG_A
LOC_26 . . . . . . . . . . . . .  	L NEAR	038D	SEG_A
LOC_260  . . . . . . . . . . . .  	L NEAR	1250	SEG_A
LOC_261  . . . . . . . . . . . .  	L NEAR	1264	SEG_A
LOC_263  . . . . . . . . . . . .  	L NEAR	127B	SEG_A
LOC_264  . . . . . . . . . . . .  	L NEAR	128D	SEG_A
LOC_265  . . . . . . . . . . . .  	L NEAR	12AC	SEG_A
LOC_267  . . . . . . . . . . . .  	L NEAR	12F7	SEG_A
LOC_268  . . . . . . . . . . . .  	L NEAR	12FF	SEG_A
LOC_269  . . . . . . . . . . . .  	L NEAR	135E	SEG_A
LOC_27 . . . . . . . . . . . . .  	L NEAR	039B	SEG_A
LOC_270  . . . . . . . . . . . .  	L NEAR	136B	SEG_A
LOC_271  . . . . . . . . . . . .  	L NEAR	1382	SEG_A
LOC_272  . . . . . . . . . . . .  	L NEAR	138C	SEG_A
LOC_273  . . . . . . . . . . . .  	L NEAR	13B9	SEG_A
LOC_274  . . . . . . . . . . . .  	L NEAR	13C6	SEG_A
LOC_276  . . . . . . . . . . . .  	L NEAR	13E0	SEG_A
LOC_277  . . . . . . . . . . . .  	L NEAR	13E4	SEG_A
Microsoft (R) Macro Assembler  Version 4.00                 3/29/26 15:13:40

                                                            Symbols-9
                                                             

LOC_278  . . . . . . . . . . . .  	L NEAR	13E6	SEG_A
LOC_279  . . . . . . . . . . . .  	L NEAR	144C	SEG_A
LOC_28 . . . . . . . . . . . . .  	L NEAR	039E	SEG_A
LOC_280  . . . . . . . . . . . .  	L NEAR	1459	SEG_A
LOC_281  . . . . . . . . . . . .  	L NEAR	145F	SEG_A
LOC_282  . . . . . . . . . . . .  	L NEAR	1475	SEG_A
LOC_284  . . . . . . . . . . . .  	L NEAR	14AE	SEG_A
LOC_287  . . . . . . . . . . . .  	L NEAR	14D9	SEG_A
LOC_288  . . . . . . . . . . . .  	L NEAR	14F9	SEG_A
LOC_289  . . . . . . . . . . . .  	L NEAR	1501	SEG_A
LOC_29 . . . . . . . . . . . . .  	L NEAR	03B0	SEG_A
LOC_290  . . . . . . . . . . . .  	L NEAR	1534	SEG_A
LOC_291  . . . . . . . . . . . .  	L NEAR	1554	SEG_A
LOC_292  . . . . . . . . . . . .  	L NEAR	1562	SEG_A
LOC_293  . . . . . . . . . . . .  	L NEAR	1571	SEG_A
LOC_294  . . . . . . . . . . . .  	L NEAR	157A	SEG_A
LOC_295  . . . . . . . . . . . .  	L NEAR	1589	SEG_A
LOC_296  . . . . . . . . . . . .  	L NEAR	1592	SEG_A
LOC_297  . . . . . . . . . . . .  	L NEAR	15A2	SEG_A
LOC_299  . . . . . . . . . . . .  	L NEAR	15C8	SEG_A
LOC_30 . . . . . . . . . . . . .  	L NEAR	03BB	SEG_A
LOC_300  . . . . . . . . . . . .  	L NEAR	15DC	SEG_A
LOC_301  . . . . . . . . . . . .  	L NEAR	15E8	SEG_A
LOC_302  . . . . . . . . . . . .  	L NEAR	1603	SEG_A
LOC_303  . . . . . . . . . . . .  	L NEAR	160E	SEG_A
LOC_304  . . . . . . . . . . . .  	L NEAR	1617	SEG_A
LOC_305  . . . . . . . . . . . .  	L NEAR	1651	SEG_A
LOC_306  . . . . . . . . . . . .  	L NEAR	1664	SEG_A
LOC_307  . . . . . . . . . . . .  	L NEAR	1671	SEG_A
LOC_308  . . . . . . . . . . . .  	L NEAR	1677	SEG_A
LOC_309  . . . . . . . . . . . .  	L NEAR	167B	SEG_A
LOC_31 . . . . . . . . . . . . .  	L NEAR	03C5	SEG_A
LOC_310  . . . . . . . . . . . .  	L NEAR	168B	SEG_A
LOC_311  . . . . . . . . . . . .  	L NEAR	1697	SEG_A
LOC_314  . . . . . . . . . . . .  	L NEAR	16C8	SEG_A
LOC_315  . . . . . . . . . . . .  	L NEAR	170E	SEG_A
LOC_316  . . . . . . . . . . . .  	L NEAR	171B	SEG_A
LOC_317  . . . . . . . . . . . .  	L NEAR	171F	SEG_A
LOC_318  . . . . . . . . . . . .  	L NEAR	1726	SEG_A
LOC_319  . . . . . . . . . . . .  	L NEAR	1733	SEG_A
LOC_32 . . . . . . . . . . . . .  	L NEAR	03CC	SEG_A
LOC_320  . . . . . . . . . . . .  	L NEAR	1737	SEG_A
LOC_321  . . . . . . . . . . . .  	L NEAR	173E	SEG_A
LOC_322  . . . . . . . . . . . .  	L NEAR	174B	SEG_A
LOC_323  . . . . . . . . . . . .  	L NEAR	174F	SEG_A
LOC_324  . . . . . . . . . . . .  	L NEAR	176E	SEG_A
LOC_325  . . . . . . . . . . . .  	L NEAR	1776	SEG_A
LOC_326  . . . . . . . . . . . .  	L NEAR	177C	SEG_A
LOC_327  . . . . . . . . . . . .  	L NEAR	1799	SEG_A
LOC_328  . . . . . . . . . . . .  	L NEAR	17C7	SEG_A
LOC_329  . . . . . . . . . . . .  	L NEAR	18E7	SEG_A
LOC_33 . . . . . . . . . . . . .  	L NEAR	03D9	SEG_A
LOC_330  . . . . . . . . . . . .  	L NEAR	18F1	SEG_A
LOC_331  . . . . . . . . . . . .  	L NEAR	1923	SEG_A
LOC_332  . . . . . . . . . . . .  	L NEAR	1939	SEG_A
Microsoft (R) Macro Assembler  Version 4.00                 3/29/26 15:13:40

                                                            Symbols-10
                                                             

LOC_333  . . . . . . . . . . . .  	L NEAR	193E	SEG_A
LOC_334  . . . . . . . . . . . .  	L NEAR	194B	SEG_A
LOC_335  . . . . . . . . . . . .  	L NEAR	1957	SEG_A
LOC_337  . . . . . . . . . . . .  	L NEAR	195E	SEG_A
LOC_338  . . . . . . . . . . . .  	L NEAR	1982	SEG_A
LOC_339  . . . . . . . . . . . .  	L NEAR	1993	SEG_A
LOC_34 . . . . . . . . . . . . .  	L NEAR	03E7	SEG_A
LOC_340  . . . . . . . . . . . .  	L NEAR	19A2	SEG_A
LOC_341  . . . . . . . . . . . .  	L NEAR	19AA	SEG_A
LOC_342  . . . . . . . . . . . .  	L NEAR	1A83	SEG_A
LOC_343  . . . . . . . . . . . .  	L NEAR	1AA1	SEG_A
LOC_344  . . . . . . . . . . . .  	L NEAR	1AA9	SEG_A
LOC_345  . . . . . . . . . . . .  	L NEAR	1AAD	SEG_A
LOC_346  . . . . . . . . . . . .  	L NEAR	1AB5	SEG_A
LOC_347  . . . . . . . . . . . .  	L NEAR	1AB9	SEG_A
LOC_348  . . . . . . . . . . . .  	L NEAR	1AD4	SEG_A
LOC_349  . . . . . . . . . . . .  	L NEAR	1AE5	SEG_A
LOC_35 . . . . . . . . . . . . .  	L NEAR	03EF	SEG_A
LOC_350  . . . . . . . . . . . .  	L NEAR	1AEB	SEG_A
LOC_351  . . . . . . . . . . . .  	L NEAR	1AF4	SEG_A
LOC_352  . . . . . . . . . . . .  	L NEAR	1AF9	SEG_A
LOC_353  . . . . . . . . . . . .  	L NEAR	1B06	SEG_A
LOC_354  . . . . . . . . . . . .  	L NEAR	1B18	SEG_A
LOC_355  . . . . . . . . . . . .  	L NEAR	1B28	SEG_A
LOC_356  . . . . . . . . . . . .  	L NEAR	1B35	SEG_A
LOC_357  . . . . . . . . . . . .  	L NEAR	1B7C	SEG_A
LOC_358  . . . . . . . . . . . .  	L NEAR	1B91	SEG_A
LOC_359  . . . . . . . . . . . .  	L NEAR	1BD3	SEG_A
LOC_36 . . . . . . . . . . . . .  	L NEAR	03FA	SEG_A
LOC_360  . . . . . . . . . . . .  	L NEAR	1C05	SEG_A
LOC_361  . . . . . . . . . . . .  	L NEAR	1C71	SEG_A
LOC_363  . . . . . . . . . . . .  	L NEAR	1CB7	SEG_A
LOC_365  . . . . . . . . . . . .  	L NEAR	1CF7	SEG_A
LOC_366  . . . . . . . . . . . .  	L NEAR	1D67	SEG_A
LOC_367  . . . . . . . . . . . .  	L NEAR	1D88	SEG_A
LOC_368  . . . . . . . . . . . .  	L NEAR	1DD2	SEG_A
LOC_369  . . . . . . . . . . . .  	L NEAR	1E06	SEG_A
LOC_37 . . . . . . . . . . . . .  	L NEAR	0404	SEG_A
LOC_370  . . . . . . . . . . . .  	L NEAR	1E0E	SEG_A
LOC_371  . . . . . . . . . . . .  	L NEAR	1E29	SEG_A
LOC_372  . . . . . . . . . . . .  	L NEAR	1E3F	SEG_A
LOC_373  . . . . . . . . . . . .  	L NEAR	1E48	SEG_A
LOC_374  . . . . . . . . . . . .  	L NEAR	1EB9	SEG_A
LOC_375  . . . . . . . . . . . .  	L NEAR	1EF6	SEG_A
LOC_376  . . . . . . . . . . . .  	L NEAR	1F15	SEG_A
LOC_377  . . . . . . . . . . . .  	L NEAR	1F1F	SEG_A
LOC_378  . . . . . . . . . . . .  	L NEAR	1F56	SEG_A
LOC_379  . . . . . . . . . . . .  	L NEAR	1F60	SEG_A
LOC_38 . . . . . . . . . . . . .  	L NEAR	0414	SEG_A
LOC_380  . . . . . . . . . . . .  	L NEAR	1F8D	SEG_A
LOC_381  . . . . . . . . . . . .  	L NEAR	1FB8	SEG_A
LOC_382  . . . . . . . . . . . .  	L NEAR	1FC0	SEG_A
LOC_384  . . . . . . . . . . . .  	L NEAR	1FDA	SEG_A
LOC_385  . . . . . . . . . . . .  	L NEAR	1FE7	SEG_A
LOC_386  . . . . . . . . . . . .  	L NEAR	1FF8	SEG_A
Microsoft (R) Macro Assembler  Version 4.00                 3/29/26 15:13:40

                                                            Symbols-11
                                                             

LOC_387  . . . . . . . . . . . .  	L NEAR	200C	SEG_A
LOC_388  . . . . . . . . . . . .  	L NEAR	2012	SEG_A
LOC_389  . . . . . . . . . . . .  	L NEAR	2017	SEG_A
LOC_39 . . . . . . . . . . . . .  	L NEAR	041F	SEG_A
LOC_390  . . . . . . . . . . . .  	L NEAR	201E	SEG_A
LOC_391  . . . . . . . . . . . .  	L NEAR	203B	SEG_A
LOC_393  . . . . . . . . . . . .  	L NEAR	2045	SEG_A
LOC_395  . . . . . . . . . . . .  	L NEAR	207F	SEG_A
LOC_396  . . . . . . . . . . . .  	L NEAR	2090	SEG_A
LOC_397  . . . . . . . . . . . .  	L NEAR	209F	SEG_A
LOC_399  . . . . . . . . . . . .  	L NEAR	20C3	SEG_A
LOC_4  . . . . . . . . . . . . .  	L NEAR	00F3	SEG_A
LOC_40 . . . . . . . . . . . . .  	L NEAR	0441	SEG_A
LOC_400  . . . . . . . . . . . .  	L NEAR	20C9	SEG_A
LOC_402  . . . . . . . . . . . .  	L NEAR	2123	SEG_A
LOC_403  . . . . . . . . . . . .  	L NEAR	2131	SEG_A
LOC_404  . . . . . . . . . . . .  	L NEAR	213A	SEG_A
LOC_405  . . . . . . . . . . . .  	L NEAR	213F	SEG_A
LOC_406  . . . . . . . . . . . .  	L NEAR	2156	SEG_A
LOC_407  . . . . . . . . . . . .  	L NEAR	215F	SEG_A
LOC_408  . . . . . . . . . . . .  	L NEAR	216A	SEG_A
LOC_409  . . . . . . . . . . . .  	L NEAR	2172	SEG_A
LOC_41 . . . . . . . . . . . . .  	L NEAR	0445	SEG_A
LOC_411  . . . . . . . . . . . .  	L NEAR	218C	SEG_A
LOC_412  . . . . . . . . . . . .  	L NEAR	21A2	SEG_A
LOC_413  . . . . . . . . . . . .  	L NEAR	21AE	SEG_A
LOC_414  . . . . . . . . . . . .  	L NEAR	21B9	SEG_A
LOC_415  . . . . . . . . . . . .  	L NEAR	21C1	SEG_A
LOC_416  . . . . . . . . . . . .  	L NEAR	21DD	SEG_A
LOC_417  . . . . . . . . . . . .  	L NEAR	21F9	SEG_A
LOC_418  . . . . . . . . . . . .  	L NEAR	2203	SEG_A
LOC_42 . . . . . . . . . . . . .  	L NEAR	0460	SEG_A
LOC_420  . . . . . . . . . . . .  	L NEAR	220D	SEG_A
LOC_421  . . . . . . . . . . . .  	L NEAR	2227	SEG_A
LOC_423  . . . . . . . . . . . .  	L NEAR	2241	SEG_A
LOC_424  . . . . . . . . . . . .  	L NEAR	2262	SEG_A
LOC_425  . . . . . . . . . . . .  	L NEAR	2272	SEG_A
LOC_426  . . . . . . . . . . . .  	L NEAR	227C	SEG_A
LOC_427  . . . . . . . . . . . .  	L NEAR	2283	SEG_A
LOC_428  . . . . . . . . . . . .  	L NEAR	228D	SEG_A
LOC_429  . . . . . . . . . . . .  	L NEAR	2297	SEG_A
LOC_43 . . . . . . . . . . . . .  	L NEAR	0468	SEG_A
LOC_430  . . . . . . . . . . . .  	L NEAR	229C	SEG_A
LOC_431  . . . . . . . . . . . .  	L NEAR	22AE	SEG_A
LOC_432  . . . . . . . . . . . .  	L NEAR	22C3	SEG_A
LOC_433  . . . . . . . . . . . .  	L NEAR	22DA	SEG_A
LOC_434  . . . . . . . . . . . .  	L NEAR	22E5	SEG_A
LOC_436  . . . . . . . . . . . .  	L NEAR	22F5	SEG_A
LOC_437  . . . . . . . . . . . .  	L NEAR	230A	SEG_A
LOC_438  . . . . . . . . . . . .  	L NEAR	2312	SEG_A
LOC_439  . . . . . . . . . . . .  	L NEAR	232E	SEG_A
LOC_44 . . . . . . . . . . . . .  	L NEAR	047E	SEG_A
LOC_440  . . . . . . . . . . . .  	L NEAR	233D	SEG_A
LOC_441  . . . . . . . . . . . .  	L NEAR	2345	SEG_A
LOC_442  . . . . . . . . . . . .  	L NEAR	235D	SEG_A
Microsoft (R) Macro Assembler  Version 4.00                 3/29/26 15:13:40

                                                            Symbols-12
                                                             

LOC_443  . . . . . . . . . . . .  	L NEAR	236C	SEG_A
LOC_444  . . . . . . . . . . . .  	L NEAR	2372	SEG_A
LOC_445  . . . . . . . . . . . .  	L NEAR	23D1	SEG_A
LOC_446  . . . . . . . . . . . .  	L NEAR	23D6	SEG_A
LOC_447  . . . . . . . . . . . .  	L NEAR	23E2	SEG_A
LOC_448  . . . . . . . . . . . .  	L NEAR	23F1	SEG_A
LOC_449  . . . . . . . . . . . .  	L NEAR	23FF	SEG_A
LOC_45 . . . . . . . . . . . . .  	L NEAR	0486	SEG_A
LOC_450  . . . . . . . . . . . .  	L NEAR	240D	SEG_A
LOC_451  . . . . . . . . . . . .  	L NEAR	2418	SEG_A
LOC_452  . . . . . . . . . . . .  	L NEAR	2433	SEG_A
LOC_453  . . . . . . . . . . . .  	L NEAR	2440	SEG_A
LOC_454  . . . . . . . . . . . .  	L NEAR	2448	SEG_A
LOC_455  . . . . . . . . . . . .  	L NEAR	246A	SEG_A
LOC_456  . . . . . . . . . . . .  	L NEAR	246E	SEG_A
LOC_457  . . . . . . . . . . . .  	L NEAR	2483	SEG_A
LOC_458  . . . . . . . . . . . .  	L NEAR	2494	SEG_A
LOC_459  . . . . . . . . . . . .  	L NEAR	24A9	SEG_A
LOC_46 . . . . . . . . . . . . .  	L NEAR	0497	SEG_A
LOC_461  . . . . . . . . . . . .  	L NEAR	24B8	SEG_A
LOC_462  . . . . . . . . . . . .  	L NEAR	24C6	SEG_A
LOC_463  . . . . . . . . . . . .  	L NEAR	24D1	SEG_A
LOC_464  . . . . . . . . . . . .  	L NEAR	250B	SEG_A
LOC_465  . . . . . . . . . . . .  	L NEAR	2512	SEG_A
LOC_466  . . . . . . . . . . . .  	L NEAR	254A	SEG_A
LOC_467  . . . . . . . . . . . .  	L NEAR	2553	SEG_A
LOC_468  . . . . . . . . . . . .  	L NEAR	256C	SEG_A
LOC_469  . . . . . . . . . . . .  	L NEAR	2571	SEG_A
LOC_47 . . . . . . . . . . . . .  	L NEAR	049F	SEG_A
LOC_471  . . . . . . . . . . . .  	L NEAR	2597	SEG_A
LOC_472  . . . . . . . . . . . .  	L NEAR	25A6	SEG_A
LOC_473  . . . . . . . . . . . .  	L NEAR	25BB	SEG_A
LOC_474  . . . . . . . . . . . .  	L NEAR	2612	SEG_A
LOC_475  . . . . . . . . . . . .  	L NEAR	2624	SEG_A
LOC_476  . . . . . . . . . . . .  	L NEAR	262C	SEG_A
LOC_477  . . . . . . . . . . . .  	L NEAR	2636	SEG_A
LOC_478  . . . . . . . . . . . .  	L NEAR	2647	SEG_A
LOC_479  . . . . . . . . . . . .  	L NEAR	264E	SEG_A
LOC_48 . . . . . . . . . . . . .  	L NEAR	04A7	SEG_A
LOC_480  . . . . . . . . . . . .  	L NEAR	2654	SEG_A
LOC_481  . . . . . . . . . . . .  	L NEAR	265C	SEG_A
LOC_482  . . . . . . . . . . . .  	L NEAR	2663	SEG_A
LOC_483  . . . . . . . . . . . .  	L NEAR	2669	SEG_A
LOC_485  . . . . . . . . . . . .  	L NEAR	269E	SEG_A
LOC_486  . . . . . . . . . . . .  	L NEAR	26E7	SEG_A
LOC_487  . . . . . . . . . . . .  	L NEAR	26F6	SEG_A
LOC_489  . . . . . . . . . . . .  	L NEAR	2745	SEG_A
LOC_49 . . . . . . . . . . . . .  	L NEAR	04AD	SEG_A
LOC_490  . . . . . . . . . . . .  	L NEAR	275B	SEG_A
LOC_491  . . . . . . . . . . . .  	L NEAR	2777	SEG_A
LOC_492  . . . . . . . . . . . .  	L NEAR	2781	SEG_A
LOC_493  . . . . . . . . . . . .  	L NEAR	2788	SEG_A
LOC_494  . . . . . . . . . . . .  	L NEAR	278F	SEG_A
LOC_495  . . . . . . . . . . . .  	L NEAR	27C3	SEG_A
LOC_496  . . . . . . . . . . . .  	L NEAR	27D2	SEG_A
Microsoft (R) Macro Assembler  Version 4.00                 3/29/26 15:13:40

                                                            Symbols-13
                                                             

LOC_497  . . . . . . . . . . . .  	L NEAR	27E4	SEG_A
LOC_498  . . . . . . . . . . . .  	L NEAR	27EC	SEG_A
LOC_499  . . . . . . . . . . . .  	L NEAR	27FC	SEG_A
LOC_5  . . . . . . . . . . . . .  	L NEAR	010C	SEG_A
LOC_50 . . . . . . . . . . . . .  	L NEAR	04B7	SEG_A
LOC_500  . . . . . . . . . . . .  	L NEAR	2810	SEG_A
LOC_501  . . . . . . . . . . . .  	L NEAR	2816	SEG_A
LOC_502  . . . . . . . . . . . .  	L NEAR	2826	SEG_A
LOC_503  . . . . . . . . . . . .  	L NEAR	2893	SEG_A
LOC_505  . . . . . . . . . . . .  	L NEAR	28CC	SEG_A
LOC_507  . . . . . . . . . . . .  	L NEAR	293B	SEG_A
LOC_51 . . . . . . . . . . . . .  	L NEAR	04C6	SEG_A
LOC_510  . . . . . . . . . . . .  	L NEAR	2955	SEG_A
LOC_511  . . . . . . . . . . . .  	L NEAR	295F	SEG_A
LOC_512  . . . . . . . . . . . .  	L NEAR	297F	SEG_A
LOC_513  . . . . . . . . . . . .  	L NEAR	2985	SEG_A
LOC_514  . . . . . . . . . . . .  	L NEAR	2996	SEG_A
LOC_515  . . . . . . . . . . . .  	L NEAR	29B4	SEG_A
LOC_517  . . . . . . . . . . . .  	L NEAR	2A29	SEG_A
LOC_518  . . . . . . . . . . . .  	L NEAR	2A2B	SEG_A
LOC_519  . . . . . . . . . . . .  	L NEAR	2A36	SEG_A
LOC_52 . . . . . . . . . . . . .  	L NEAR	04CE	SEG_A
LOC_522  . . . . . . . . . . . .  	L NEAR	2A5C	SEG_A
LOC_523  . . . . . . . . . . . .  	L NEAR	2A78	SEG_A
LOC_524  . . . . . . . . . . . .  	L NEAR	2A96	SEG_A
LOC_525  . . . . . . . . . . . .  	L NEAR	2A9E	SEG_A
LOC_526  . . . . . . . . . . . .  	L NEAR	2AFD	SEG_A
LOC_527  . . . . . . . . . . . .  	L NEAR	2B0E	SEG_A
LOC_528  . . . . . . . . . . . .  	L NEAR	2B20	SEG_A
LOC_529  . . . . . . . . . . . .  	L NEAR	2B2B	SEG_A
LOC_53 . . . . . . . . . . . . .  	L NEAR	04D6	SEG_A
LOC_530  . . . . . . . . . . . .  	L NEAR	2B6C	SEG_A
LOC_533  . . . . . . . . . . . .  	L NEAR	2BA8	SEG_A
LOC_534  . . . . . . . . . . . .  	L NEAR	2BB0	SEG_A
LOC_535  . . . . . . . . . . . .  	L NEAR	2BC0	SEG_A
LOC_536  . . . . . . . . . . . .  	L NEAR	2BD8	SEG_A
LOC_537  . . . . . . . . . . . .  	L NEAR	2BF6	SEG_A
LOC_538  . . . . . . . . . . . .  	L NEAR	2C00	SEG_A
LOC_539  . . . . . . . . . . . .  	L NEAR	2C03	SEG_A
LOC_54 . . . . . . . . . . . . .  	L NEAR	04F3	SEG_A
LOC_540  . . . . . . . . . . . .  	L NEAR	2C13	SEG_A
LOC_541  . . . . . . . . . . . .  	L NEAR	2C1B	SEG_A
LOC_542  . . . . . . . . . . . .  	L NEAR	2C27	SEG_A
LOC_545  . . . . . . . . . . . .  	L NEAR	2C61	SEG_A
LOC_546  . . . . . . . . . . . .  	L NEAR	2C66	SEG_A
LOC_547  . . . . . . . . . . . .  	L NEAR	2C6D	SEG_A
LOC_548  . . . . . . . . . . . .  	L NEAR	2D37	SEG_A
LOC_549  . . . . . . . . . . . .  	L NEAR	2D3C	SEG_A
LOC_55 . . . . . . . . . . . . .  	L NEAR	0502	SEG_A
LOC_550  . . . . . . . . . . . .  	L NEAR	2D44	SEG_A
LOC_551  . . . . . . . . . . . .  	L NEAR	2D9C	SEG_A
LOC_552  . . . . . . . . . . . .  	L NEAR	2DAC	SEG_A
LOC_553  . . . . . . . . . . . .  	L NEAR	2DB1	SEG_A
LOC_554  . . . . . . . . . . . .  	L NEAR	2DD1	SEG_A
LOC_555  . . . . . . . . . . . .  	L NEAR	2DD3	SEG_A
Microsoft (R) Macro Assembler  Version 4.00                 3/29/26 15:13:40

                                                            Symbols-14
                                                             

LOC_556  . . . . . . . . . . . .  	L NEAR	2DFD	SEG_A
LOC_557  . . . . . . . . . . . .  	L NEAR	2E08	SEG_A
LOC_558  . . . . . . . . . . . .  	L NEAR	2E67	SEG_A
LOC_559  . . . . . . . . . . . .  	L NEAR	2E71	SEG_A
LOC_56 . . . . . . . . . . . . .  	L NEAR	0505	SEG_A
LOC_560  . . . . . . . . . . . .  	L NEAR	2E7F	SEG_A
LOC_561  . . . . . . . . . . . .  	L NEAR	2E8D	SEG_A
LOC_562  . . . . . . . . . . . .  	L NEAR	2EAF	SEG_A
LOC_564  . . . . . . . . . . . .  	L NEAR	2ECC	SEG_A
LOC_565  . . . . . . . . . . . .  	L NEAR	2ED6	SEG_A
LOC_566  . . . . . . . . . . . .  	L NEAR	2EE4	SEG_A
LOC_567  . . . . . . . . . . . .  	L NEAR	2EEE	SEG_A
LOC_568  . . . . . . . . . . . .  	L NEAR	2EFF	SEG_A
LOC_569  . . . . . . . . . . . .  	L NEAR	2F08	SEG_A
LOC_57 . . . . . . . . . . . . .  	L NEAR	050A	SEG_A
LOC_570  . . . . . . . . . . . .  	L NEAR	2F24	SEG_A
LOC_571  . . . . . . . . . . . .  	L NEAR	2F2C	SEG_A
LOC_572  . . . . . . . . . . . .  	L NEAR	2FDE	SEG_A
LOC_573  . . . . . . . . . . . .  	L NEAR	2FEB	SEG_A
LOC_574  . . . . . . . . . . . .  	L NEAR	2FFD	SEG_A
LOC_576  . . . . . . . . . . . .  	L NEAR	3058	SEG_A
LOC_577  . . . . . . . . . . . .  	L NEAR	307C	SEG_A
LOC_578  . . . . . . . . . . . .  	L NEAR	3086	SEG_A
LOC_579  . . . . . . . . . . . .  	L NEAR	3094	SEG_A
LOC_58 . . . . . . . . . . . . .  	L NEAR	0513	SEG_A
LOC_580  . . . . . . . . . . . .  	L NEAR	30A5	SEG_A
LOC_581  . . . . . . . . . . . .  	L NEAR	30C4	SEG_A
LOC_582  . . . . . . . . . . . .  	L NEAR	30C8	SEG_A
LOC_583  . . . . . . . . . . . .  	L NEAR	30D0	SEG_A
LOC_584  . . . . . . . . . . . .  	L NEAR	30EA	SEG_A
LOC_585  . . . . . . . . . . . .  	L NEAR	30F2	SEG_A
LOC_586  . . . . . . . . . . . .  	L NEAR	30F9	SEG_A
LOC_587  . . . . . . . . . . . .  	L NEAR	3103	SEG_A
LOC_588  . . . . . . . . . . . .  	L NEAR	3122	SEG_A
LOC_589  . . . . . . . . . . . .  	L NEAR	312E	SEG_A
LOC_59 . . . . . . . . . . . . .  	L NEAR	051B	SEG_A
LOC_590  . . . . . . . . . . . .  	L NEAR	313E	SEG_A
LOC_591  . . . . . . . . . . . .  	L NEAR	3158	SEG_A
LOC_592  . . . . . . . . . . . .  	L NEAR	3163	SEG_A
LOC_593  . . . . . . . . . . . .  	L NEAR	316C	SEG_A
LOC_594  . . . . . . . . . . . .  	L NEAR	3194	SEG_A
LOC_595  . . . . . . . . . . . .  	L NEAR	31A5	SEG_A
LOC_597  . . . . . . . . . . . .  	L NEAR	31C1	SEG_A
LOC_599  . . . . . . . . . . . .  	L NEAR	31DD	SEG_A
LOC_6  . . . . . . . . . . . . .  	L NEAR	0154	SEG_A
LOC_60 . . . . . . . . . . . . .  	L NEAR	0523	SEG_A
LOC_600  . . . . . . . . . . . .  	L NEAR	31E5	SEG_A
LOC_601  . . . . . . . . . . . .  	L NEAR	31EF	SEG_A
LOC_602  . . . . . . . . . . . .  	L NEAR	31F1	SEG_A
LOC_603  . . . . . . . . . . . .  	L NEAR	31F9	SEG_A
LOC_604  . . . . . . . . . . . .  	L NEAR	31FF	SEG_A
LOC_605  . . . . . . . . . . . .  	L NEAR	320A	SEG_A
LOC_606  . . . . . . . . . . . .  	L NEAR	3210	SEG_A
LOC_607  . . . . . . . . . . . .  	L NEAR	3216	SEG_A
LOC_608  . . . . . . . . . . . .  	L NEAR	321F	SEG_A
Microsoft (R) Macro Assembler  Version 4.00                 3/29/26 15:13:40

                                                            Symbols-15
                                                             

LOC_609  . . . . . . . . . . . .  	L NEAR	3225	SEG_A
LOC_61 . . . . . . . . . . . . .  	L NEAR	052D	SEG_A
LOC_610  . . . . . . . . . . . .  	L NEAR	322B	SEG_A
LOC_611  . . . . . . . . . . . .  	L NEAR	3235	SEG_A
LOC_612  . . . . . . . . . . . .  	L NEAR	323B	SEG_A
LOC_613  . . . . . . . . . . . .  	L NEAR	3240	SEG_A
LOC_614  . . . . . . . . . . . .  	L NEAR	3247	SEG_A
LOC_615  . . . . . . . . . . . .  	L NEAR	324D	SEG_A
LOC_616  . . . . . . . . . . . .  	L NEAR	3256	SEG_A
LOC_617  . . . . . . . . . . . .  	L NEAR	325C	SEG_A
LOC_618  . . . . . . . . . . . .  	L NEAR	326A	SEG_A
LOC_619  . . . . . . . . . . . .  	L NEAR	3270	SEG_A
LOC_62 . . . . . . . . . . . . .  	L NEAR	0533	SEG_A
LOC_620  . . . . . . . . . . . .  	L NEAR	3276	SEG_A
LOC_621  . . . . . . . . . . . .  	L NEAR	3280	SEG_A
LOC_622  . . . . . . . . . . . .  	L NEAR	3286	SEG_A
LOC_623  . . . . . . . . . . . .  	L NEAR	328B	SEG_A
LOC_624  . . . . . . . . . . . .  	L NEAR	3298	SEG_A
LOC_625  . . . . . . . . . . . .  	L NEAR	329F	SEG_A
LOC_626  . . . . . . . . . . . .  	L NEAR	32A8	SEG_A
LOC_627  . . . . . . . . . . . .  	L NEAR	32B0	SEG_A
LOC_628  . . . . . . . . . . . .  	L NEAR	32B8	SEG_A
LOC_629  . . . . . . . . . . . .  	L NEAR	32CE	SEG_A
LOC_63 . . . . . . . . . . . . .  	L NEAR	053C	SEG_A
LOC_630  . . . . . . . . . . . .  	L NEAR	32DE	SEG_A
LOC_631  . . . . . . . . . . . .  	L NEAR	3300	SEG_A
LOC_632  . . . . . . . . . . . .  	L NEAR	3309	SEG_A
LOC_633  . . . . . . . . . . . .  	L NEAR	3314	SEG_A
LOC_634  . . . . . . . . . . . .  	L NEAR	3323	SEG_A
LOC_635  . . . . . . . . . . . .  	L NEAR	3333	SEG_A
LOC_636  . . . . . . . . . . . .  	L NEAR	3356	SEG_A
LOC_637  . . . . . . . . . . . .  	L NEAR	335F	SEG_A
LOC_638  . . . . . . . . . . . .  	L NEAR	336C	SEG_A
LOC_639  . . . . . . . . . . . .  	L NEAR	3387	SEG_A
LOC_64 . . . . . . . . . . . . .  	L NEAR	055A	SEG_A
LOC_640  . . . . . . . . . . . .  	L NEAR	3391	SEG_A
LOC_641  . . . . . . . . . . . .  	L NEAR	33BF	SEG_A
LOC_642  . . . . . . . . . . . .  	L NEAR	33C9	SEG_A
LOC_643  . . . . . . . . . . . .  	L NEAR	33E2	SEG_A
LOC_644  . . . . . . . . . . . .  	L NEAR	33F7	SEG_A
LOC_645  . . . . . . . . . . . .  	L NEAR	3403	SEG_A
LOC_646  . . . . . . . . . . . .  	L NEAR	3435	SEG_A
LOC_647  . . . . . . . . . . . .  	L NEAR	344A	SEG_A
LOC_648  . . . . . . . . . . . .  	L NEAR	3456	SEG_A
LOC_649  . . . . . . . . . . . .  	L NEAR	346E	SEG_A
LOC_65 . . . . . . . . . . . . .  	L NEAR	0562	SEG_A
LOC_650  . . . . . . . . . . . .  	L NEAR	3487	SEG_A
LOC_651  . . . . . . . . . . . .  	L NEAR	3491	SEG_A
LOC_652  . . . . . . . . . . . .  	L NEAR	34C6	SEG_A
LOC_653  . . . . . . . . . . . .  	L NEAR	34D9	SEG_A
LOC_654  . . . . . . . . . . . .  	L NEAR	34E5	SEG_A
LOC_655  . . . . . . . . . . . .  	L NEAR	34F6	SEG_A
LOC_656  . . . . . . . . . . . .  	L NEAR	34F9	SEG_A
LOC_657  . . . . . . . . . . . .  	L NEAR	3512	SEG_A
LOC_658  . . . . . . . . . . . .  	L NEAR	351F	SEG_A
Microsoft (R) Macro Assembler  Version 4.00                 3/29/26 15:13:40

                                                            Symbols-16
                                                             

LOC_659  . . . . . . . . . . . .  	L NEAR	3528	SEG_A
LOC_66 . . . . . . . . . . . . .  	L NEAR	05A5	SEG_A
LOC_660  . . . . . . . . . . . .  	L NEAR	352E	SEG_A
LOC_661  . . . . . . . . . . . .  	L NEAR	3533	SEG_A
LOC_662  . . . . . . . . . . . .  	L NEAR	3539	SEG_A
LOC_663  . . . . . . . . . . . .  	L NEAR	3556	SEG_A
LOC_665  . . . . . . . . . . . .  	L NEAR	358D	SEG_A
LOC_666  . . . . . . . . . . . .  	L NEAR	35C2	SEG_A
LOC_667  . . . . . . . . . . . .  	L NEAR	35C9	SEG_A
LOC_669  . . . . . . . . . . . .  	L NEAR	35FD	SEG_A
LOC_67 . . . . . . . . . . . . .  	L NEAR	05AA	SEG_A
LOC_670  . . . . . . . . . . . .  	L NEAR	367C	SEG_A
LOC_671  . . . . . . . . . . . .  	L NEAR	3684	SEG_A
LOC_672  . . . . . . . . . . . .  	L NEAR	36A4	SEG_A
LOC_673  . . . . . . . . . . . .  	L NEAR	36BD	SEG_A
LOC_674  . . . . . . . . . . . .  	L NEAR	36C6	SEG_A
LOC_675  . . . . . . . . . . . .  	L NEAR	36CD	SEG_A
LOC_676  . . . . . . . . . . . .  	L NEAR	36E1	SEG_A
LOC_677  . . . . . . . . . . . .  	L NEAR	3709	SEG_A
LOC_678  . . . . . . . . . . . .  	L NEAR	371B	SEG_A
LOC_679  . . . . . . . . . . . .  	L NEAR	3728	SEG_A
LOC_68 . . . . . . . . . . . . .  	L NEAR	05B9	SEG_A
LOC_681  . . . . . . . . . . . .  	L NEAR	378B	SEG_A
LOC_682  . . . . . . . . . . . .  	L NEAR	37D9	SEG_A
LOC_683  . . . . . . . . . . . .  	L NEAR	37E5	SEG_A
LOC_684  . . . . . . . . . . . .  	L NEAR	37EE	SEG_A
LOC_685  . . . . . . . . . . . .  	L NEAR	3812	SEG_A
LOC_686  . . . . . . . . . . . .  	L NEAR	3822	SEG_A
LOC_687  . . . . . . . . . . . .  	L NEAR	382B	SEG_A
LOC_688  . . . . . . . . . . . .  	L NEAR	384F	SEG_A
LOC_689  . . . . . . . . . . . .  	L NEAR	386C	SEG_A
LOC_69 . . . . . . . . . . . . .  	L NEAR	05BF	SEG_A
LOC_690  . . . . . . . . . . . .  	L NEAR	387E	SEG_A
LOC_691  . . . . . . . . . . . .  	L NEAR	3880	SEG_A
LOC_692  . . . . . . . . . . . .  	L NEAR	3885	SEG_A
LOC_693  . . . . . . . . . . . .  	L NEAR	3890	SEG_A
LOC_694  . . . . . . . . . . . .  	L NEAR	38B2	SEG_A
LOC_695  . . . . . . . . . . . .  	L NEAR	38B4	SEG_A
LOC_696  . . . . . . . . . . . .  	L NEAR	38BE	SEG_A
LOC_697  . . . . . . . . . . . .  	L NEAR	38C3	SEG_A
LOC_698  . . . . . . . . . . . .  	L NEAR	38D9	SEG_A
LOC_699  . . . . . . . . . . . .  	L NEAR	38E0	SEG_A
LOC_7  . . . . . . . . . . . . .  	L NEAR	017D	SEG_A
LOC_70 . . . . . . . . . . . . .  	L NEAR	05E1	SEG_A
LOC_700  . . . . . . . . . . . .  	L NEAR	38FB	SEG_A
LOC_701  . . . . . . . . . . . .  	L NEAR	3902	SEG_A
LOC_702  . . . . . . . . . . . .  	L NEAR	3908	SEG_A
LOC_703  . . . . . . . . . . . .  	L NEAR	390A	SEG_A
LOC_704  . . . . . . . . . . . .  	L NEAR	3956	SEG_A
LOC_705  . . . . . . . . . . . .  	L NEAR	3980	SEG_A
LOC_706  . . . . . . . . . . . .  	L NEAR	3999	SEG_A
LOC_708  . . . . . . . . . . . .  	L NEAR	39C9	SEG_A
LOC_709  . . . . . . . . . . . .  	L NEAR	39E6	SEG_A
LOC_71 . . . . . . . . . . . . .  	L NEAR	05E9	SEG_A
LOC_710  . . . . . . . . . . . .  	L NEAR	39EE	SEG_A
Microsoft (R) Macro Assembler  Version 4.00                 3/29/26 15:13:40

                                                            Symbols-17
                                                             

LOC_73 . . . . . . . . . . . . .  	L NEAR	05F4	SEG_A
LOC_74 . . . . . . . . . . . . .  	L NEAR	05FE	SEG_A
LOC_75 . . . . . . . . . . . . .  	L NEAR	0616	SEG_A
LOC_76 . . . . . . . . . . . . .  	L NEAR	0624	SEG_A
LOC_77 . . . . . . . . . . . . .  	L NEAR	0626	SEG_A
LOC_78 . . . . . . . . . . . . .  	L NEAR	0639	SEG_A
LOC_79 . . . . . . . . . . . . .  	L NEAR	0643	SEG_A
LOC_8  . . . . . . . . . . . . .  	L NEAR	0193	SEG_A
LOC_80 . . . . . . . . . . . . .  	L NEAR	0652	SEG_A
LOC_81 . . . . . . . . . . . . .  	L NEAR	065A	SEG_A
LOC_82 . . . . . . . . . . . . .  	L NEAR	0664	SEG_A
LOC_83 . . . . . . . . . . . . .  	L NEAR	066C	SEG_A
LOC_84 . . . . . . . . . . . . .  	L NEAR	0679	SEG_A
LOC_85 . . . . . . . . . . . . .  	L NEAR	068E	SEG_A
LOC_86 . . . . . . . . . . . . .  	L NEAR	069B	SEG_A
LOC_87 . . . . . . . . . . . . .  	L NEAR	06AA	SEG_A
LOC_89 . . . . . . . . . . . . .  	L NEAR	06C1	SEG_A
LOC_9  . . . . . . . . . . . . .  	L NEAR	01AC	SEG_A
LOC_90 . . . . . . . . . . . . .  	L NEAR	06DB	SEG_A
LOC_91 . . . . . . . . . . . . .  	L NEAR	06E1	SEG_A
LOC_93 . . . . . . . . . . . . .  	L NEAR	06F3	SEG_A
LOC_94 . . . . . . . . . . . . .  	L NEAR	06FB	SEG_A
LOC_95 . . . . . . . . . . . . .  	L NEAR	06FD	SEG_A
LOC_96 . . . . . . . . . . . . .  	L NEAR	0717	SEG_A
LOC_97 . . . . . . . . . . . . .  	L NEAR	0730	SEG_A
LOC_98 . . . . . . . . . . . . .  	L NEAR	0736	SEG_A
LOC_99 . . . . . . . . . . . . .  	L NEAR	0760	SEG_A
LOC_RET_298  . . . . . . . . . .  	L NEAR	15BF	SEG_A
LOC_RET_521  . . . . . . . . . .  	L NEAR	2A41	SEG_A
LOC_RET_72 . . . . . . . . . . .  	L NEAR	05F3	SEG_A

START  . . . . . . . . . . . . .  	L NEAR	0000	SEG_A
SUB_10 . . . . . . . . . . . . .  	L NEAR	05CA	SEG_A
SUB_100  . . . . . . . . . . . .  	N PROC	2659	SEG_A	Length = 0015
SUB_101  . . . . . . . . . . . .  	N PROC	266E	SEG_A	Length = 0016
SUB_102  . . . . . . . . . . . .  	N PROC	2684	SEG_A	Length = 006A
SUB_103  . . . . . . . . . . . .  	N PROC	26EE	SEG_A	Length = 0019
SUB_104  . . . . . . . . . . . .  	N PROC	2707	SEG_A	Length = 0045
SUB_105  . . . . . . . . . . . .  	N PROC	274C	SEG_A	Length = 0024
SUB_106  . . . . . . . . . . . .  	N PROC	2770	SEG_A	Length = 002B
SUB_107  . . . . . . . . . . . .  	N PROC	27B6	SEG_A	Length = 0094
SUB_109  . . . . . . . . . . . .  	N PROC	2979	SEG_A	Length = 00C9
SUB_11 . . . . . . . . . . . . .  	L NEAR	0626	SEG_A
SUB_110  . . . . . . . . . . . .  	N PROC	2A42	SEG_A	Length = 0076
SUB_111  . . . . . . . . . . . .  	N PROC	2AB8	SEG_A	Length = 0008
SUB_112  . . . . . . . . . . . .  	N PROC	2BCD	SEG_A	Length = 0036
SUB_113  . . . . . . . . . . . .  	L NEAR	2BDB	SEG_A
SUB_114  . . . . . . . . . . . .  	N PROC	2C03	SEG_A	Length = 0058
SUB_115  . . . . . . . . . . . .  	N PROC	2C5B	SEG_A	Length = 002A
SUB_116  . . . . . . . . . . . .  	N PROC	2D25	SEG_A	Length = 0095
SUB_117  . . . . . . . . . . . .  	N PROC	2DBA	SEG_A	Length = 03BD
SUB_118  . . . . . . . . . . . .  	L NEAR	30DF	SEG_A
SUB_119  . . . . . . . . . . . .  	L NEAR	3158	SEG_A
SUB_120  . . . . . . . . . . . .  	N PROC	3188	SEG_A	Length = 0014
SUB_121  . . . . . . . . . . . .  	N PROC	319C	SEG_A	Length = 0055
Microsoft (R) Macro Assembler  Version 4.00                 3/29/26 15:13:40

                                                            Symbols-18
                                                             

SUB_122  . . . . . . . . . . . .  	N PROC	31F1	SEG_A	Length = 00CF
SUB_123  . . . . . . . . . . . .  	L NEAR	3216	SEG_A
SUB_124  . . . . . . . . . . . .  	L NEAR	3240	SEG_A
SUB_125  . . . . . . . . . . . .  	L NEAR	3261	SEG_A
SUB_126  . . . . . . . . . . . .  	L NEAR	328B	SEG_A
SUB_127  . . . . . . . . . . . .  	L NEAR	329F	SEG_A
SUB_128  . . . . . . . . . . . .  	N PROC	32C0	SEG_A	Length = 0037
SUB_129  . . . . . . . . . . . .  	N PROC	32F7	SEG_A	Length = 001F
SUB_13 . . . . . . . . . . . . .  	L NEAR	06AA	SEG_A
SUB_130  . . . . . . . . . . . .  	N PROC	3316	SEG_A	Length = 0037
SUB_131  . . . . . . . . . . . .  	N PROC	334D	SEG_A	Length = 0021
SUB_132  . . . . . . . . . . . .  	N PROC	336E	SEG_A	Length = 0038
SUB_133  . . . . . . . . . . . .  	N PROC	33A6	SEG_A	Length = 002B
SUB_134  . . . . . . . . . . . .  	N PROC	33D1	SEG_A	Length = 0047
SUB_135  . . . . . . . . . . . .  	N PROC	3418	SEG_A	Length = 0046
SUB_136  . . . . . . . . . . . .  	N PROC	345E	SEG_A	Length = 0048
SUB_137  . . . . . . . . . . . .  	N PROC	34A6	SEG_A	Length = 0047
SUB_138  . . . . . . . . . . . .  	N PROC	34ED	SEG_A	Length = 001E
SUB_139  . . . . . . . . . . . .  	N PROC	350B	SEG_A	Length = 015A
SUB_14 . . . . . . . . . . . . .  	L NEAR	07A8	SEG_A
SUB_140  . . . . . . . . . . . .  	N PROC	3665	SEG_A	Length = 0048
SUB_141  . . . . . . . . . . . .  	N PROC	36AD	SEG_A	Length = 0020
SUB_142  . . . . . . . . . . . .  	N PROC	36ED	SEG_A	Length = 0034
SUB_143  . . . . . . . . . . . .  	N PROC	3721	SEG_A	Length = 000E
SUB_144  . . . . . . . . . . . .  	N PROC	385F	SEG_A	Length = 0067
SUB_15 . . . . . . . . . . . . .  	L NEAR	0829	SEG_A
SUB_16 . . . . . . . . . . . . .  	N PROC	0851	SEG_A	Length = 00F6
SUB_17 . . . . . . . . . . . . .  	N PROC	0947	SEG_A	Length = 0018
SUB_18 . . . . . . . . . . . . .  	N PROC	095F	SEG_A	Length = 021C
SUB_19 . . . . . . . . . . . . .  	L NEAR	0A6C	SEG_A
SUB_2  . . . . . . . . . . . . .  	N PROC	0130	SEG_A	Length = 0218
SUB_20 . . . . . . . . . . . . .  	L NEAR	0ACE	SEG_A
SUB_21 . . . . . . . . . . . . .  	L NEAR	0B33	SEG_A
SUB_22 . . . . . . . . . . . . .  	N PROC	0B7B	SEG_A	Length = 0047
SUB_23 . . . . . . . . . . . . .  	N PROC	0BC2	SEG_A	Length = 0007
SUB_24 . . . . . . . . . . . . .  	N PROC	0BC9	SEG_A	Length = 0038
SUB_25 . . . . . . . . . . . . .  	L NEAR	0BFE	SEG_A
SUB_26 . . . . . . . . . . . . .  	N PROC	0C01	SEG_A	Length = 0037
SUB_27 . . . . . . . . . . . . .  	N PROC	0C38	SEG_A	Length = 0011
SUB_28 . . . . . . . . . . . . .  	N PROC	0C5A	SEG_A	Length = 003A
SUB_29 . . . . . . . . . . . . .  	N PROC	0C9D	SEG_A	Length = 0055
SUB_30 . . . . . . . . . . . . .  	N PROC	0CF2	SEG_A	Length = 0011
SUB_31 . . . . . . . . . . . . .  	N PROC	0D0B	SEG_A	Length = 0011
SUB_32 . . . . . . . . . . . . .  	N PROC	0D5C	SEG_A	Length = 0017
SUB_33 . . . . . . . . . . . . .  	N PROC	0D73	SEG_A	Length = 0014
SUB_34 . . . . . . . . . . . . .  	N PROC	0D87	SEG_A	Length = 000C
SUB_35 . . . . . . . . . . . . .  	N PROC	0D93	SEG_A	Length = 000C
SUB_36 . . . . . . . . . . . . .  	N PROC	0D9F	SEG_A	Length = 0017
SUB_37 . . . . . . . . . . . . .  	N PROC	0DB6	SEG_A	Length = 001A
SUB_38 . . . . . . . . . . . . .  	N PROC	0DD0	SEG_A	Length = 001A
SUB_39 . . . . . . . . . . . . .  	N PROC	0DEA	SEG_A	Length = 0036
SUB_40 . . . . . . . . . . . . .  	L NEAR	0DF1	SEG_A
SUB_41 . . . . . . . . . . . . .  	N PROC	0E20	SEG_A	Length = 0020
SUB_42 . . . . . . . . . . . . .  	N PROC	0E40	SEG_A	Length = 00CC
SUB_43 . . . . . . . . . . . . .  	N PROC	0F0C	SEG_A	Length = 0094
Microsoft (R) Macro Assembler  Version 4.00                 3/29/26 15:13:40

                                                            Symbols-19
                                                             

SUB_44 . . . . . . . . . . . . .  	N PROC	0FA0	SEG_A	Length = 0419
SUB_45 . . . . . . . . . . . . .  	L NEAR	1095	SEG_A
SUB_46 . . . . . . . . . . . . .  	L NEAR	1216	SEG_A
SUB_47 . . . . . . . . . . . . .  	L NEAR	12DF	SEG_A
SUB_48 . . . . . . . . . . . . .  	N PROC	13B9	SEG_A	Length = 000D
SUB_49 . . . . . . . . . . . . .  	N PROC	13C6	SEG_A	Length = 0020
SUB_5  . . . . . . . . . . . . .  	N PROC	0348	SEG_A	Length = 0509
SUB_50 . . . . . . . . . . . . .  	N PROC	13E6	SEG_A	Length = 002E
SUB_51 . . . . . . . . . . . . .  	L NEAR	13E8	SEG_A
SUB_52 . . . . . . . . . . . . .  	N PROC	1414	SEG_A	Length = 006E
SUB_53 . . . . . . . . . . . . .  	N PROC	1482	SEG_A	Length = 0024
SUB_54 . . . . . . . . . . . . .  	N PROC	14A6	SEG_A	Length = 01F9
SUB_56 . . . . . . . . . . . . .  	L NEAR	15C0	SEG_A
SUB_57 . . . . . . . . . . . . .  	L NEAR	15D4	SEG_A
SUB_58 . . . . . . . . . . . . .  	L NEAR	1620	SEG_A
SUB_59 . . . . . . . . . . . . .  	L NEAR	1664	SEG_A
SUB_6  . . . . . . . . . . . . .  	L NEAR	0417	SEG_A
SUB_60 . . . . . . . . . . . . .  	L NEAR	168B	SEG_A
SUB_61 . . . . . . . . . . . . .  	N PROC	169F	SEG_A	Length = 001F
SUB_62 . . . . . . . . . . . . .  	N PROC	16BE	SEG_A	Length = 0016
SUB_63 . . . . . . . . . . . . .  	N PROC	16FC	SEG_A	Length = 0058
SUB_64 . . . . . . . . . . . . .  	N PROC	1754	SEG_A	Length = 0079
SUB_65 . . . . . . . . . . . . .  	N PROC	18DD	SEG_A	Length = 0006
SUB_66 . . . . . . . . . . . . .  	N PROC	18E3	SEG_A	Length = 0099
SUB_67 . . . . . . . . . . . . .  	N PROC	197C	SEG_A	Length = 000B
SUB_68 . . . . . . . . . . . . .  	N PROC	1987	SEG_A	Length = 0033
SUB_69 . . . . . . . . . . . . .  	N PROC	1A86	SEG_A	Length = 033E
SUB_7  . . . . . . . . . . . . .  	L NEAR	04C0	SEG_A
SUB_70 . . . . . . . . . . . . .  	N PROC	1DC4	SEG_A	Length = 0020
SUB_71 . . . . . . . . . . . . .  	N PROC	1DE4	SEG_A	Length = 0034
SUB_72 . . . . . . . . . . . . .  	N PROC	1E18	SEG_A	Length = 0046
SUB_73 . . . . . . . . . . . . .  	N PROC	1E5E	SEG_A	Length = 0038
SUB_74 . . . . . . . . . . . . .  	N PROC	1E96	SEG_A	Length = 0028
SUB_75 . . . . . . . . . . . . .  	N PROC	1EBE	SEG_A	Length = 00C7
SUB_76 . . . . . . . . . . . . .  	N PROC	1F85	SEG_A	Length = 002F
SUB_77 . . . . . . . . . . . . .  	N PROC	1FB4	SEG_A	Length = 002B
SUB_78 . . . . . . . . . . . . .  	N PROC	1FDF	SEG_A	Length = 0048
SUB_79 . . . . . . . . . . . . .  	N PROC	2027	SEG_A	Length = 0050
SUB_8  . . . . . . . . . . . . .  	L NEAR	050D	SEG_A
SUB_80 . . . . . . . . . . . . .  	N PROC	2077	SEG_A	Length = 0095
SUB_81 . . . . . . . . . . . . .  	N PROC	210C	SEG_A	Length = 0043
SUB_82 . . . . . . . . . . . . .  	N PROC	214F	SEG_A	Length = 0017
SUB_83 . . . . . . . . . . . . .  	N PROC	2166	SEG_A	Length = 002B
SUB_84 . . . . . . . . . . . . .  	N PROC	2191	SEG_A	Length = 0020
SUB_85 . . . . . . . . . . . . .  	N PROC	21B1	SEG_A	Length = 0096
SUB_86 . . . . . . . . . . . . .  	N PROC	22B7	SEG_A	Length = 0044
SUB_87 . . . . . . . . . . . . .  	N PROC	22FB	SEG_A	Length = 0027
SUB_88 . . . . . . . . . . . . .  	N PROC	2322	SEG_A	Length = 0033
SUB_89 . . . . . . . . . . . . .  	N PROC	2355	SEG_A	Length = 0014
SUB_9  . . . . . . . . . . . . .  	L NEAR	054A	SEG_A
SUB_90 . . . . . . . . . . . . .  	N PROC	2369	SEG_A	Length = 0072
SUB_91 . . . . . . . . . . . . .  	N PROC	23DF	SEG_A	Length = 0018
SUB_92 . . . . . . . . . . . . .  	N PROC	23F7	SEG_A	Length = 0016
SUB_93 . . . . . . . . . . . . .  	N PROC	240D	SEG_A	Length = 0019
SUB_94 . . . . . . . . . . . . .  	N PROC	2426	SEG_A	Length = 004D
Microsoft (R) Macro Assembler  Version 4.00                 3/29/26 15:13:40

                                                            Symbols-20
                                                             

SUB_95 . . . . . . . . . . . . .  	N PROC	2473	SEG_A	Length = 0104
SUB_96 . . . . . . . . . . . . .  	N PROC	2577	SEG_A	Length = 000F
SUB_98 . . . . . . . . . . . . .  	N PROC	25FD	SEG_A	Length = 001F
SUB_99 . . . . . . . . . . . . .  	N PROC	2644	SEG_A	Length = 0015

TARGET . . . . . . . . . . . . .  	Number	4D34	

_200FIGHT  . . . . . . . . . . .  	F PROC	0000	SEG_A	Length = 0130


   7835 Source  Lines
  10326 Total   Lines
   1056 Symbols

  14730 Bytes symbol space free

      1 Warning Errors
      4 Severe  Errors
