Microsoft (R) Macro Assembler  Version 4.00                 3/29/26 15:14:47

                                                            Page     1-1
                                                            

                                 
                                PAGE  59,132 
                                 
                                ;€€€€€€€€€€€€€€€€€€€€€€€€€€€€€€€€€€€€€€€€€€€€€€€€€€€€€€€€€€€€€€€€€€€€€€€€€€ 
                                ;€€					                                 €€ 
                                ;€€				_204GFHGC                                €€ 
                                ;€€					                                 €€ 
                                ;€€      Created:   29-Mar-26		                                 €€ 
                                ;€€      Code type: zero start		                                 €€ 
                                ;€€      Passes:    9          Analysis	Options on: none                 €€ 
                                ;€€					                                 €€ 
                                ;€€€€€€€€€€€€€€€€€€€€€€€€€€€€€€€€€€€€€€€€€€€€€€€€€€€€€€€€€€€€€€€€€€€€€€€€€€ 
                                 
 = 4D34                         target		EQU   'M4'                      ; Target assembler: MASM-4.0 
                                 
                             C  include  srmacros.inc 
                             C   
                             C  ; Macros which may be required for proper re-assembly 
                             C   
                             C  IF (target EQ 'M4') 
                             C  ;----------------------------------------------------------------------------- 
                             C  ;  MASM 4.0 does not allow retf and retn, allowed by current assemblers. 
                             C  ;  These marcos, convert RETF and RETN into data bytes that are acceptable 
                             C  ;  to MASM 4.0. 
                             C   
                             C   
                             C  retf            macro   ret_count               ; Fixup for Assembler 
                             C                  if      ret_count+0 GT 1 
                             C                  db      0CAh 
                             C                  dw      ret_count 
                             C                  else 
                             C                  db      0CBh 
                             C                  endif 
                             C  endm 
                             C   
                             C  retn            macro  ret_count 
                             C                  if     ret_count+0 GT 1 
                             C                  db     0C2h 
                             C                  dw     ret_count 
                             C                  else 
                             C                  db     0C3h 
                             C                  endif 
                             C  endm 
                             C   
                             C  ENDIF 
                             C   
                             C   
                             C  IF (target EQ 'M4') OR (target EQ 'M5')  
                             C  ;----------------------------------------------------------------------------- 
                             C  ; Due to a bug in earlier MASM assemblers, the valid instruction type  
                             C  ; "mov segreg, reg"  cannot be used, if the register is not AX.   
                             C  ; For example:  mov  es, bx 
                             C   
                             C  movseg          macro reg16, unused, Imm16      ; Fixup for Assembler 
                             C                  ifidn  <reg16>, <bx>             
Microsoft (R) Macro Assembler  Version 4.00                 3/29/26 15:14:47

                                                            Page     1-2
                                                            

                             C                  db     0BBh                      
                             C                  endif                            
                             C                  ifidn  <reg16>, <cx>             
                             C                  db     0B9h                      
                             C                  endif 
                             C                  ifidn  <reg16>, <dx> 
                             C                  db     0BAh 
                             C                  endif 
                             C                  ifidn  <reg16>, <si> 
                             C                  db     0BEh 
                             C                  endif 
                             C                  ifidn  <reg16>, <di> 
                             C                  db     0BFh 
                             C                  endif 
                             C                  ifidn  <reg16>, <bp> 
                             C                  db     0BDh 
                             C                  endif 
                             C                  ifidn  <reg16>, <sp> 
                             C                  db     0BCh 
                             C                  endif 
                             C                  ifidn  <reg16>, <BX> 
                             C                  db     0BBH 
                             C                  endif 
                             C                  ifidn  <reg16>, <CX> 
                             C                  db     0B9H 
                             C                  endif 
                             C                  ifidn  <reg16>, <DX> 
                             C                  db     0BAH 
                             C                  endif 
                             C                  ifidn  <reg16>, <SI> 
                             C                  db     0BEH 
                             C                  endif 
                             C                  ifidn  <reg16>, <DI> 
                             C                  db     0BFH 
                             C                  endif 
                             C                  ifidn  <reg16>, <BP> 
                             C                  db     0BDH 
                             C                  endif 
                             C                  ifidn  <reg16>, <SP> 
                             C                  db     0BCH 
                             C                  endif 
                             C                  dw     seg Imm16 
                             C  endm 
                             C   
                             C  ENDIF 
                             C   
                             C   
                             C  ENDIF 
                             C   
                             C   
                             C   
                             C  IFE (target EQ 'NO') 
                             C  ;----------------------------------------------------------------------------- 
                             C  ;  Some compilers and some assemblers will code a call that goes to a far 
                             C  ;  subroutine in the same segment as: 
Microsoft (R) Macro Assembler  Version 4.00                 3/29/26 15:14:47

                                                            Page     1-3
                                                            

                             C  ; 
                             C  ;               PUSH    CS 
                             C  ;               CALL    near 
                             C  ; 
                             C  ;  This saves one byte, and is slightly faster.  If the assembler you are 
                             C  ;  using (i.e. MASM, Optasm) does not do this automatically, the following 
                             C  ;  macros are used to code the same information.  In other words, the binary 
                             C  ;  file has "PUSH CS, CALL near", and Sourcer ensures the same instructions 
                             C  ;  are used!  (macro CALLF) 
                             C  ; 
                             C   
                             C  callf           macro   location 
                             C                  push    cs 
                             C                  call    near ptr location 
                             C  endm 
                             C   
                             C  ;  Some compilers generate an unnecessary DS override on the call instruction 
                             C  ;  when compacting the CALLF type function.  Macro CALLFX handles this case. 
                             C   
                             C  callfx          macro   location 
                             C                  push    cs 
                             C                  db      3Eh 
                             C                  call    near ptr location 
                             C  endm 
                             C   
                             C   
                             C  ;----------------------------------------------------------------------------- 
                             C  ;  Some compilers and some assemblers will code a near call that is the 
                             C  ;  selected assembler will convert to a short jump to save a byte.  This 
                             C  ;  reconstructs a near jump for these cases. 
                             C   
                             C  jmpn            macro   location 
                             C                  db      0E9h 
                             C                  dw      offset location-$-2 
                             C  endm 
                             C   
                             C  ENDIF 
                             C   
                                 
                                 
                                 
                                ; The following equates show data references outside the range of the program. 
                                 
 = 4000                         data_1e		equ	4000h			;* 
 = 6000                         data_2e		equ	6000h			;* 
 = 6333                         data_3e		equ	6333h			;* 
 = 8640                         data_4e		equ	8640h			;* 
 = 8690                         data_5e		equ	8690h			;* 
 = B000                         data_6e		equ	0B000h			;* 
 = B17E                         data_7e		equ	0B17Eh			;* 
 = D000                         data_8e		equ	0D000h			;* 
 = 317E                         data_60e	equ	317Eh			;* 
 = 37A2                         data_61e	equ	37A2h			;* 
 = 3844                         data_62e	equ	3844h			;* 
 = 45AB                         data_63e	equ	45ABh			;* 
Microsoft (R) Macro Assembler  Version 4.00                 3/29/26 15:14:47

                                                            Page     1-4
                                                            

 = 46D0                         data_64e	equ	46D0h			;* 
 = 4982                         data_65e	equ	4982h			;* 
 = 4C38                         data_66e	equ	4C38h			;* 
 = 4EFF                         data_67e	equ	4EFFh			;* 
 = 4F46                         data_68e	equ	4F46h			;* 
 = 4F86                         data_69e	equ	4F86h			;* 
 = 4FE2                         data_70e	equ	4FE2h			;* 
 = 4FE4                         data_72e	equ	4FE4h			;* 
 = 4FE6                         data_73e	equ	4FE6h			;* 
 = 4FE8                         data_74e	equ	4FE8h			;* 
 = 4FEA                         data_75e	equ	4FEAh			;* 
 = 4FEB                         data_76e	equ	4FEBh			;* 
 = 4FEC                         data_77e	equ	4FECh			;* 
 = 4FED                         data_78e	equ	4FEDh			;* 
 = 4FEF                         data_79e	equ	4FEFh			;* 
 = 4FF1                         data_80e	equ	4FF1h			;* 
 = 4FF3                         data_81e	equ	4FF3h			;* 
 = 4FF5                         data_83e	equ	4FF5h			;* 
 = 4FF7                         data_84e	equ	4FF7h			;* 
 = 4FF8                         data_85e	equ	4FF8h			;* 
 = 4FF9                         data_86e	equ	4FF9h			;* 
 = 5009                         data_87e	equ	5009h			;* 
 = 500A                         data_88e	equ	500Ah			;* 
 = 500D                         data_89e	equ	500Dh			;* 
 = 5016                         data_90e	equ	5016h			;* 
 = 5116                         data_91e	equ	5116h			;* 
 = 5216                         data_92e	equ	5216h			;* 
 = 52A6                         data_93e	equ	52A6h			;* 
 = 6000                         data_94e	equ	6000h			;* 
 = 625C                         data_95e	equ	625Ch			;* 
 = A030                         data_96e	equ	0A030h			;* 
 = A05A                         data_97e	equ	0A05Ah			;* 
 = B24F                         data_98e	equ	0B24Fh			;* 
 = C010                         data_99e	equ	0C010h			;* 
 = C012                         data_100e	equ	0C012h			;* 
 = E000                         data_101e	equ	0E000h			;* 
 = E900                         data_102e	equ	0E900h			;* 
 = E91B                         data_103e	equ	0E91Bh			;* 
 = ED20                         data_104e	equ	0ED20h			;* 
 = EDA0                         data_105e	equ	0EDA0h			;* 
 = FF1A                         data_106e	equ	0FF1Ah			;* 
 = FF2C                         data_107e	equ	0FF2Ch			;* 
 = FF2F                         data_108e	equ	0FF2Fh			;* 
 = FF31                         data_109e	equ	0FF31h			;* 
 = FF33                         data_110e	equ	0FF33h			;* 
 = FF34                         data_111e	equ	0FF34h			;* 
 = FF35                         data_112e	equ	0FF35h			;* 
 = FF36                         data_113e	equ	0FF36h			;* 
 = FF37                         data_114e	equ	0FF37h			;* 
 = FF38                         data_115e	equ	0FF38h			;* 
 = FF39                         data_116e	equ	0FF39h			;* 
 = FF3A                         data_117e	equ	0FF3Ah			;* 
 = FF3D                         data_118e	equ	0FF3Dh			;* 
 = FF3F                         data_119e	equ	0FF3Fh			;* 
 = FF40                         data_120e	equ	0FF40h			;* 
Microsoft (R) Macro Assembler  Version 4.00                 3/29/26 15:14:47

                                                            Page     1-5
                                                            

 = FF41                         data_121e	equ	0FF41h			;* 
 = FF42                         data_122e	equ	0FF42h			;* 
 = FF43                         data_123e	equ	0FF43h			;* 
 = FF44                         data_124e	equ	0FF44h			;* 
 = FF45                         data_125e	equ	0FF45h			;* 
 = FF46                         data_126e	equ	0FF46h			;* 
 = 0000                         data_127e	equ	0			;* 
 = 04FD                         data_128e	equ	4FDh 
 = 0D85                         data_129e	equ	0D85h 
 = 2000                         data_130e	equ	2000h 
 = 47CD                         data_131e	equ	47CDh 
 = 6000                         data_132e	equ	6000h 
 = A058                         data_133e	equ	0A058h 
 = A05A                         data_134e	equ	0A05Ah 
                                 
 0000                           seg_a		segment	byte public 
                                		assume	cs:seg_a, ds:seg_a 
                                 
                                 
 0000                           		org	0 
                                 
 0000                           _204GFHGC	proc	far 
                                 
 0000                           start: 
 0000  B6 22                    		mov	dh,22h			; '"' 
 0002  00 00                    		add	[bx+si],al 
 0004  2C 30                    		sub	al,30h			; '0' 
 0006  62 39 15 3F D3 3D        		db	 62h, 39h, 15h, 3Fh,0D3h, 3Dh 
 000C  AC 40 E4 44 D5 3F        		db	0ACh, 40h,0E4h, 44h,0D5h, 3Fh 
 0012  7A 32 A6 37 FE 40        		db	 7Ah, 32h,0A6h, 37h,0FEh, 40h 
 0018  64 40 4C 39 5F 42        		db	 64h, 40h, 4Ch, 39h, 5Fh, 42h 
 001E  FE 44 48 45 37 46        		db	0FEh, 44h, 48h, 45h, 37h, 46h 
 0024  5C 40 0F 49 44 49        		db	 5Ch, 40h, 0Fh, 49h, 44h, 49h 
 002A  AE 4A 6C 4E 31 4F        		db	0AEh, 4Ah, 6Ch, 4Eh, 31h, 4Fh 
 0030  0E 07 BF 16 50 33        		db	 0Eh, 07h,0BFh, 16h, 50h, 33h 
 0036  C0 B9 80 00 F3 AB        		db	0C0h,0B9h, 80h, 00h,0F3h,0ABh 
 003C  FE                       data_9		db	0FEh 
 003D  06 F7 4F C7 06 E4        		db	 06h,0F7h, 4Fh,0C7h, 06h,0E4h 
 0043  4F FD 04 8B 36 31        		db	 4Fh,0FDh, 04h, 8Bh, 36h, 31h 
 0049  FF 83 EE 21 E8 F0        		db	0FFh, 83h,0EEh, 21h,0E8h,0F0h 
 004F  14 33 DB F6 04 80        		db	 14h, 33h,0DBh,0F6h, 04h, 80h 
 0055  74 03 E8 CD 02           		db	 74h, 03h,0E8h,0CDh, 02h 
 005A                           loc_5: 
 005A  46                       		inc	si 
 005B  B9 0006                  		mov	cx,6 
                                 
 005E                           locloop_6: 
 005E  51                       		push	cx 
 005F  F6 04 80                 		test	byte ptr [si],80h 
 0062  74 03                    		jz	loc_7			; Jump if zero 
 0064  E8 0364 R                		call	sub_4 
 0067                           loc_7: 
 0067  46                       		inc	si 
 0068  43                       		inc	bx 
 0069  F6 04 80                 		test	byte ptr [si],80h 
Microsoft (R) Macro Assembler  Version 4.00                 3/29/26 15:14:47

                                                            Page     1-6
                                                            

 006C  74 03                    		jz	loc_8			; Jump if zero 
 006E  E8 0364 R                		call	sub_4 
 0071                           loc_8: 
 0071  46                       		inc	si 
 0072  43                       		inc	bx 
 0073  F6 04 80                 		test	byte ptr [si],80h 
 0076  74 03                    		jz	loc_9			; Jump if zero 
 0078  E8 0364 R                		call	sub_4 
 007B                           loc_9: 
 007B  46                       		inc	si 
 007C  43                       		inc	bx 
 007D  F6 04 80                 		test	byte ptr [si],80h 
 0080  74 03                    		jz	loc_10			; Jump if zero 
 0082  E8 0364 R                		call	sub_4 
 0085                           loc_10: 
 0085  46                       		inc	si 
 0086  43                       		inc	bx 
 0087  59                       		pop	cx 
 0088  E2 D4                    		loop	locloop_6		; Loop if cx > 0 
                                 
 008A  F6 04 80                 		test	byte ptr [si],80h 
 008D  74 03                    		jz	loc_11			; Jump if zero 
 008F  E8 0364 R                		call	sub_4 
 0092                           loc_11: 
 0092  46                       		inc	si 
 0093  43                       		inc	bx 
 0094  F6 04 80                 		test	byte ptr [si],80h 
 0097  74 03                    		jz	loc_12			; Jump if zero 
 0099  E8 0364 R                		call	sub_4 
 009C                           loc_12: 
 009C  46                       		inc	si 
 009D  43                       		inc	bx 
 009E  F6 04 80                 		test	byte ptr [si],80h 
 00A1  74 03                    		jz	loc_13			; Jump if zero 
 00A3  E8 0364 R                		call	sub_4 
 00A6                           loc_13: 
 00A6  46                       		inc	si 
 00A7  F6 04 80                 		test	byte ptr [si],80h 
 00AA  74 03                    		jz	loc_14			; Jump if zero 
 00AC  E8 03A8 R                		call	sub_5 
 00AF                           loc_14: 
 00AF  8B 36 FF31               		mov	si,ds:data_109e 
 00B3  BF E900                  		mov	di,data_102e 
 00B6  C6 06 4FEA 12            		mov	byte ptr ds:data_75e,12h 
 00BB                           loc_15: 
 00BB  E8 0D9E R                		call	sub_23 
 00BE  33 DB                    		xor	bx,bx			; Zero register 
 00C0  83 C6 03                 		add	si,3 
 00C3  AC                       		lodsb				; String [si] to al 
 00C4  0A C0                    		or	al,al			; Zero ? 
 00C6  79 03                    		jns	loc_16			; Jump if not sign 
 00C8  E8 03E0 R                		call	sub_6 
 00CB                           loc_16: 
 00CB  B9 0006                  		mov	cx,6 
                                 
Microsoft (R) Macro Assembler  Version 4.00                 3/29/26 15:14:47

                                                            Page     1-7
                                                            

 00CE                           locloop_17: 
 00CE  51                       		push	cx 
 00CF  A6                       		cmpsb				; Cmp [si] to es:[di] 
 00D0  74 03                    		jz	loc_18			; Jump if zero 
 00D2  E8 0136 R                		call	sub_1 
 00D5                           loc_18: 
 00D5  43                       		inc	bx 
 00D6  A6                       		cmpsb				; Cmp [si] to es:[di] 
 00D7  74 03                    		jz	loc_19			; Jump if zero 
 00D9  E8 0136 R                		call	sub_1 
 00DC                           loc_19: 
 00DC  43                       		inc	bx 
 00DD  A6                       		cmpsb				; Cmp [si] to es:[di] 
 00DE  74 03                    		jz	loc_20			; Jump if zero 
 00E0  E8 0136 R                		call	sub_1 
 00E3                           loc_20: 
 00E3  43                       		inc	bx 
 00E4  A6                       		cmpsb				; Cmp [si] to es:[di] 
 00E5  74 03                    		jz	loc_21			; Jump if zero 
 00E7  E8 0136 R                		call	sub_1 
 00EA                           loc_21: 
 00EA  43                       		inc	bx 
 00EB  59                       		pop	cx 
 00EC  E2 E0                    		loop	locloop_17		; Loop if cx > 0 
                                 
 00EE  A6                       		cmpsb				; Cmp [si] to es:[di] 
 00EF  74 03                    		jz	loc_22			; Jump if zero 
 00F1  E8 0136 R                		call	sub_1 
 00F4                           loc_22: 
 00F4  43                       		inc	bx 
 00F5  A6                       		cmpsb				; Cmp [si] to es:[di] 
 00F6  74 03                    		jz	loc_23			; Jump if zero 
 00F8  E8 0136 R                		call	sub_1 
 00FB                           loc_23: 
 00FB  43                       		inc	bx 
 00FC  A6                       		cmpsb				; Cmp [si] to es:[di] 
 00FD  74 03                    		jz	loc_24			; Jump if zero 
 00FF  E8 0136 R                		call	sub_1 
 0102                           loc_24: 
 0102  43                       		inc	bx 
 0103  AC                       		lodsb				; String [si] to al 
 0104  47                       		inc	di 
 0105  0A C0                    		or	al,al			; Zero ? 
 0107  79 03                    		jns	loc_25			; Jump if not sign 
 0109  E9 04EC R                		jmp	loc_69 
 010C                           loc_25: 
 010C  26: 3A 45 FF             		cmp	al,es:[di-1] 
 0110  74 03                    		je	loc_26			; Jump if equal 
 0112  E8 0136 R                		call	sub_1 
 0115                           loc_26: 
 0115  83 C6 04                 		add	si,4 
 0118  E8 1534 R                		call	sub_41 
 011B  81 06 4FE4 40B4          		add	word ptr ds:data_72e,40B4h 
 0121  81 3E 4FE4 6000          		cmp	word ptr ds:data_72e,6000h 
 0127  72 06                    		jb	loc_27			; Jump if below 
Microsoft (R) Macro Assembler  Version 4.00                 3/29/26 15:14:47

                                                            Page     1-8
                                                            

 0129  81 06 4FE4 A05A          		add	word ptr ds:data_72e,0A05Ah 
 012F                           loc_27: 
 012F  FE 0E 4FEA               		dec	byte ptr ds:data_75e 
 0133  75 86                    		jnz	loc_15			; Jump if not zero 
                                		retn 
 0135  C3                     1                 db     0C3h
                                 
                                _204GFHGC	endp 
                                 
                                ;ﬂﬂﬂﬂﬂﬂﬂﬂﬂﬂﬂﬂﬂﬂﬂﬂﬂﬂﬂﬂﬂﬂﬂﬂﬂﬂﬂﬂﬂﬂﬂﬂﬂﬂﬂﬂﬂﬂﬂﬂﬂﬂﬂﬂﬂﬂﬂﬂﬂﬂﬂﬂﬂﬂﬂﬂﬂﬂﬂﬂﬂﬂﬂﬂﬂﬂﬂﬂﬂﬂﬂﬂﬂﬂ 
                                ;                              SUBROUTINE 
                                ;‹‹‹‹‹‹‹‹‹‹‹‹‹‹‹‹‹‹‹‹‹‹‹‹‹‹‹‹‹‹‹‹‹‹‹‹‹‹‹‹‹‹‹‹‹‹‹‹‹‹‹‹‹‹‹‹‹‹‹‹‹‹‹‹‹‹‹‹‹‹‹‹‹‹ 
                                 
 0136                           sub_1		proc	near 
 0136  8A 44 FF                 		mov	al,[si-1] 
 0139  0A C0                    		or	al,al			; Zero ? 
 013B  79 03                    		jns	loc_28			; Jump if not sign 
 013D  E9 046B R                		jmp	loc_66 
 0140                           loc_28: 
 0140  26: 80 7D FF FC          		cmp	byte ptr es:[di-1],0FCh 
 0145  75 07                    		jne	loc_29			; Jump if not equal 
 0147  26: C6 45 FF FF          		mov	byte ptr es:[di-1],0FFh 
 014C  EB 1A                    		jmp	short loc_30 
 014E                           loc_29: 
 014E  26: FE 45 FF             		inc	byte ptr es:[di-1] 
 0152  26: C6 45 FF FE          		mov	byte ptr es:[di-1],0FEh 
 0157  74 0F                    		jz	loc_30			; Jump if zero 
 0159  26: 88 45 FF             		mov	es:[di-1],al 
 015D  8B D3                    		mov	dx,bx 
 015F  03 D2                    		add	dx,dx 
 0161  03 16 4FE4               		add	dx,ds:data_72e 
 0165  E8 027E R                		call	sub_2 
 0168                           loc_30: 
 0168  A0 C012                  		mov	al,ds:data_100e 
 016B  2C 05                    		sub	al,5 
 016D  73 01                    		jnc	loc_31			; Jump if carry=0 
                                		retn 
 016F  C3                     1                 db     0C3h
 0170                           loc_31: 
 0170  3C 04                    		cmp	al,4 
 0172  72 01                    		jb	loc_32			; Jump if below 
                                		retn 
 0174  C3                     1                 db     0C3h
 0175                           loc_32: 
 0175  53                       		push	bx 
 0176  8A D8                    		mov	bl,al 
 0178  32 FF                    		xor	bh,bh			; Zero register 
 017A  03 DB                    		add	bx,bx 
 017C  FF 97 317E               		call	word ptr ds:data_60e[bx]	;* 
 0180  5B                       		pop	bx 
                                		retn 
 0181  C3                     1                 db     0C3h
                                sub_1		endp 
                                 
                                			                        ;* No entry point to code 
Microsoft (R) Macro Assembler  Version 4.00                 3/29/26 15:14:47

                                                            Page     1-9
                                                            

 0182  86 31                    		xchg	[bx+di],dh 
 0184  A6                       		cmpsb				; Cmp [si] to es:[di] 
                                ;*		xor	sp,bx 
 0185  31 DC                    		db	 31h,0DCh		;  Fixup - byte match 
 0187  31 5A 32                 		xor	[bp+si+32h],bx 
 018A  8A 44 FF                 		mov	al,[si-1] 
 018D  2C 1B                    		sub	al,1Bh 
 018F  3C 02                    		cmp	al,2 
 0191  72 01                    		jb	loc_33			; Jump if below 
                                		retn 
 0193  C3                     1                 db     0C3h
 0194                           loc_33: 
 0194  C6 45 FF FE              		mov	byte ptr [di-1],0FEh 
 0198  F6 06 4FF7 01            		test	byte ptr ds:data_84e,1 
 019D  75 01                    		jnz	loc_34			; Jump if not zero 
                                		retn 
 019F  C3                     1                 db     0C3h
 01A0                           loc_34: 
 01A0  FE C0                    		inc	al 
 01A2  24 01                    		and	al,1 
 01A4  04 1B                    		add	al,1Bh 
 01A6  88 44 FF                 		mov	[si-1],al 
                                		retn 
 01A9  C3                     1                 db     0C3h
                                			                        ;* No entry point to code 
 01AA  8A 44 FF                 		mov	al,[si-1] 
 01AD  2C 1D                    		sub	al,1Dh 
 01AF  3C 06                    		cmp	al,6 
 01B1  72 01                    		jb	loc_35			; Jump if below 
                                		retn 
 01B3  C3                     1                 db     0C3h
 01B4                           loc_35: 
 01B4  C6 45 FF FE              		mov	byte ptr [di-1],0FEh 
 01B8  3C 04                    		cmp	al,4 
 01BA  73 1A                    		jae	loc_37			; Jump if above or = 
 01BC  0A C0                    		or	al,al			; Zero ? 
 01BE  75 0C                    		jnz	loc_36			; Jump if not zero 
 01C0  50                       		push	ax 
 01C1  2E: FF 16 011A           		call	word ptr cs:[11Ah] 
 01C6  24 03                    		and	al,3 
 01C8  58                       		pop	ax 
 01C9  74 01                    		jz	loc_36			; Jump if zero 
                                		retn 
 01CB  C3                     1                 db     0C3h
 01CC                           loc_36: 
 01CC  FE C0                    		inc	al 
 01CE  24 03                    		and	al,3 
 01D0  04 1D                    		add	al,1Dh 
 01D2  88 44 FF                 		mov	[si-1],al 
                                		retn 
 01D5  C3                     1                 db     0C3h
 01D6                           loc_37: 
 01D6  FE C0                    		inc	al 
 01D8  24 01                    		and	al,1 
 01DA  04 21                    		add	al,21h			; '!' 
Microsoft (R) Macro Assembler  Version 4.00                 3/29/26 15:14:47

                                                            Page     1-10
                                                            

 01DC  88 44 FF                 		mov	[si-1],al 
                                		retn 
 01DF  C3                     1                 db     0C3h
                                			                        ;* No entry point to code 
 01E0  8A 44 FF                 		mov	al,[si-1] 
 01E3  2C 2C                    		sub	al,2Ch			; ',' 
 01E5  3C 02                    		cmp	al,2 
 01E7  73 16                    		jae	loc_39			; Jump if above or = 
 01E9  C6 45 FF FE              		mov	byte ptr [di-1],0FEh 
 01ED  F6 06 4FF7 01            		test	byte ptr ds:data_84e,1 
 01F2  75 01                    		jnz	loc_38			; Jump if not zero 
                                		retn 
 01F4  C3                     1                 db     0C3h
 01F5                           loc_38: 
 01F5  FE C0                    		inc	al 
 01F7  24 01                    		and	al,1 
 01F9  04 2C                    		add	al,2Ch			; ',' 
 01FB  88 44 FF                 		mov	[si-1],al 
                                		retn 
 01FE  C3                     1                 db     0C3h
 01FF                           loc_39: 
 01FF  8A 44 FF                 		mov	al,[si-1] 
 0202  3C 3E                    		cmp	al,3Eh			; '>' 
 0204  72 01                    		jb	loc_40			; Jump if below 
                                		retn 
 0206  C3                     1                 db     0C3h
 0207                           loc_40: 
 0207  B3 33                    		mov	bl,33h			; '3' 
 0209  3C 0E                    		cmp	al,0Eh 
 020B  74 41                    		je	loc_42			; Jump if equal 
 020D  B3 36                    		mov	bl,36h			; '6' 
 020F  3C 0D                    		cmp	al,0Dh 
 0211  74 3B                    		je	loc_42			; Jump if equal 
 0213  B3 39                    		mov	bl,39h			; '9' 
 0215  3C 0F                    		cmp	al,0Fh 
 0217  74 35                    		je	loc_42			; Jump if equal 
 0219  B3 3C                    		mov	bl,3Ch			; '<' 
 021B  3C 0C                    		cmp	al,0Ch 
 021D  74 2F                    		je	loc_42			; Jump if equal 
 021F  B3 3D                    		mov	bl,3Dh			; '=' 
 0221  3C 10                    		cmp	al,10h 
 0223  74 29                    		je	loc_42			; Jump if equal 
 0225  2C 33                    		sub	al,33h			; '3' 
 0227  73 01                    		jnc	loc_41			; Jump if carry=0 
                                		retn 
 0229  C3                     1                 db     0C3h
 022A                           loc_41: 
 022A  B3 0E                    		mov	bl,0Eh 
 022C  3C 02                    		cmp	al,2 
 022E  74 1E                    		je	loc_42			; Jump if equal 
 0230  B3 0D                    		mov	bl,0Dh 
 0232  3C 05                    		cmp	al,5 
 0234  74 18                    		je	loc_42			; Jump if equal 
 0236  B3 0F                    		mov	bl,0Fh 
 0238  3C 08                    		cmp	al,8 
Microsoft (R) Macro Assembler  Version 4.00                 3/29/26 15:14:47

                                                            Page     1-11
                                                            

 023A  74 12                    		je	loc_42			; Jump if equal 
 023C  B3 0C                    		mov	bl,0Ch 
 023E  3C 09                    		cmp	al,9 
 0240  74 0C                    		je	loc_42			; Jump if equal 
 0242  B3 10                    		mov	bl,10h 
 0244  3C 0A                    		cmp	al,0Ah 
 0246  74 06                    		je	loc_42			; Jump if equal 
 0248  FE C0                    		inc	al 
 024A  04 33                    		add	al,33h			; '3' 
 024C  8A D8                    		mov	bl,al 
 024E                           loc_42: 
 024E  C6 45 FF FE              		mov	byte ptr [di-1],0FEh 
 0252  F6 06 4FF7 01            		test	byte ptr ds:data_84e,1 
 0257  75 01                    		jnz	loc_43			; Jump if not zero 
                                		retn 
 0259  C3                     1                 db     0C3h
 025A                           loc_43: 
 025A  88 5C FF                 		mov	[si-1],bl 
                                		retn 
 025D  C3                     1                 db     0C3h
                                			                        ;* No entry point to code 
 025E  8A 44 FF                 		mov	al,[si-1] 
 0261  2C 25                    		sub	al,25h			; '%' 
 0263  3C 04                    		cmp	al,4 
 0265  72 01                    		jb	loc_44			; Jump if below 
                                		retn 
 0267  C3                     1                 db     0C3h
 0268                           loc_44: 
 0268  C6 45 FF FE              		mov	byte ptr [di-1],0FEh 
 026C  F6 06 4FF7 01            		test	byte ptr ds:data_84e,1 
 0271  75 01                    		jnz	loc_45			; Jump if not zero 
                                		retn 
 0273  C3                     1                 db     0C3h
 0274                           loc_45: 
 0274  FE C0                    		inc	al 
 0276  24 03                    		and	al,3 
 0278  04 25                    		add	al,25h			; '%' 
 027A  88 44 FF                 		mov	[si-1],al 
                                		retn 
 027D  C3                     1                 db     0C3h
                                 
                                ;ﬂﬂﬂﬂﬂﬂﬂﬂﬂﬂﬂﬂﬂﬂﬂﬂﬂﬂﬂﬂﬂﬂﬂﬂﬂﬂﬂﬂﬂﬂﬂﬂﬂﬂﬂﬂﬂﬂﬂﬂﬂﬂﬂﬂﬂﬂﬂﬂﬂﬂﬂﬂﬂﬂﬂﬂﬂﬂﬂﬂﬂﬂﬂﬂﬂﬂﬂﬂﬂﬂﬂﬂﬂﬂ 
                                ;                              SUBROUTINE 
                                ;‹‹‹‹‹‹‹‹‹‹‹‹‹‹‹‹‹‹‹‹‹‹‹‹‹‹‹‹‹‹‹‹‹‹‹‹‹‹‹‹‹‹‹‹‹‹‹‹‹‹‹‹‹‹‹‹‹‹‹‹‹‹‹‹‹‹‹‹‹‹‹‹‹‹ 
                                 
 027E                           sub_2		proc	near 
 027E  06                       		push	es 
 027F  1E                       		push	ds 
 0280  57                       		push	di 
 0281  56                       		push	si 
 0282  53                       		push	bx 
 0283  8B FA                    		mov	di,dx 
 0285  0A C0                    		or	al,al			; Zero ? 
 0287  74 7C                    		jz	loc_52			; Jump if zero 
 0289  8A D8                    		mov	bl,al 
Microsoft (R) Macro Assembler  Version 4.00                 3/29/26 15:14:47

                                                            Page     1-12
                                                            

 028B  32 FF                    		xor	bh,bh			; Zero register 
 028D  03 DB                    		add	bx,bx 
 028F  F7 87 5016 FFFF          		test	word ptr ds:data_90e[bx],0FFFFh 
 0295  75 37                    		jnz	loc_48			; Jump if not zero 
 0297  FE C8                    		dec	al 
 0299  89 BF 5016               		mov	ds:data_90e[bx],di 
 029D  B1 10                    		mov	cl,10h 
 029F  F6 E1                    		mul	cl			; ax = reg * al 
 02A1  05 8030                  		add	ax,8030h 
 02A4  8B F0                    		mov	si,ax 
 02A6  2E: 8E 1E FF2C           		mov	ds,cs:data_107e 
 02AB  B8 B000                  		mov	ax,0B000h 
 02AE  8E C0                    		mov	es,ax 
 02B0  B9 0008                  		mov	cx,8 
                                 
 02B3                           locloop_46: 
 02B3  A5                       		movsw				; Mov [si] to es:[di] 
 02B4  81 C7 1FFE               		add	di,1FFEh 
 02B8  81 FF 6000               		cmp	di,data_132e 
 02BC  72 08                    		jb	loc_47			; Jump if below 
 02BE  8B 44 FE                 		mov	ax,[si-2] 
 02C1  AB                       		stosw				; Store ax to es:[di] 
 02C2  81 C7 A058               		add	di,data_133e 
 02C6                           loc_47: 
 02C6  E2 EB                    		loop	locloop_46		; Loop if cx > 0 
                                 
 02C8  5B                       		pop	bx 
 02C9  5E                       		pop	si 
 02CA  5F                       		pop	di 
 02CB  1F                       		pop	ds 
 02CC  07                       		pop	es 
                                		retn 
 02CD  C3                     1                 db     0C3h
 02CE                           loc_48: 
 02CE  8B B7 5016               		mov	si,ds:data_90e[bx] 
 02D2  B8 B000                  		mov	ax,0B000h 
 02D5  8E C0                    		mov	es,ax 
 02D7  8E D8                    		mov	ds,ax 
 02D9  B9 0008                  		mov	cx,8 
                                 
 02DC                           locloop_49: 
 02DC  A5                       		movsw				; Mov [si] to es:[di] 
 02DD  81 C7 1FFE               		add	di,1FFEh 
 02E1  81 FF 6000               		cmp	di,data_132e 
 02E5  72 08                    		jb	loc_50			; Jump if below 
 02E7  8B 44 FE                 		mov	ax,[si-2] 
 02EA  AB                       		stosw				; Store ax to es:[di] 
 02EB  81 C7 A058               		add	di,data_133e 
 02EF                           loc_50: 
 02EF  81 C6 1FFE               		add	si,1FFEh 
 02F3  81 FE 6000               		cmp	si,6000h 
 02F7  72 04                    		jb	loc_51			; Jump if below 
 02F9  81 C6 A05A               		add	si,0A05Ah 
 02FD                           loc_51: 
 02FD  E2 DD                    		loop	locloop_49		; Loop if cx > 0 
Microsoft (R) Macro Assembler  Version 4.00                 3/29/26 15:14:47

                                                            Page     1-13
                                                            

                                 
 02FF  5B                       		pop	bx 
 0300  5E                       		pop	si 
 0301  5F                       		pop	di 
 0302  1F                       		pop	ds 
 0303  07                       		pop	es 
                                		retn 
 0304  C3                     1                 db     0C3h
 0305                           loc_52: 
 0305  B8 B000                  		mov	ax,0B000h 
 0308  8E C0                    		mov	es,ax 
 030A  33 C0                    		xor	ax,ax			; Zero register 
 030C  B9 0008                  		mov	cx,8 
                                 
 030F                           locloop_53: 
 030F  AB                       		stosw				; Store ax to es:[di] 
 0310  81 C7 1FFE               		add	di,1FFEh 
 0314  81 FF 6000               		cmp	di,data_132e 
 0318  72 05                    		jb	loc_54			; Jump if below 
 031A  AB                       		stosw				; Store ax to es:[di] 
 031B  81 C7 A058               		add	di,0A058h 
 031F                           loc_54: 
 031F  E2 EE                    		loop	locloop_53		; Loop if cx > 0 
                                 
 0321  5B                       		pop	bx 
 0322  5E                       		pop	si 
 0323  5F                       		pop	di 
 0324  1F                       		pop	ds 
 0325  07                       		pop	es 
                                		retn 
 0326  C3                     1                 db     0C3h
                                sub_2		endp 
                                 
                                 
                                ;ﬂﬂﬂﬂﬂﬂﬂﬂﬂﬂﬂﬂﬂﬂﬂﬂﬂﬂﬂﬂﬂﬂﬂﬂﬂﬂﬂﬂﬂﬂﬂﬂﬂﬂﬂﬂﬂﬂﬂﬂﬂﬂﬂﬂﬂﬂﬂﬂﬂﬂﬂﬂﬂﬂﬂﬂﬂﬂﬂﬂﬂﬂﬂﬂﬂﬂﬂﬂﬂﬂﬂﬂﬂﬂ 
                                ;                              SUBROUTINE 
                                ;‹‹‹‹‹‹‹‹‹‹‹‹‹‹‹‹‹‹‹‹‹‹‹‹‹‹‹‹‹‹‹‹‹‹‹‹‹‹‹‹‹‹‹‹‹‹‹‹‹‹‹‹‹‹‹‹‹‹‹‹‹‹‹‹‹‹‹‹‹‹‹‹‹‹ 
                                 
 0327                           sub_3		proc	near 
 0327  80 3E E900 FF            		cmp	byte ptr ds:data_102e,0FFh 
 032C  75 01                    		jne	loc_55			; Jump if not equal 
                                		retn 
 032E  C3                     1                 db     0C3h
 032F                           loc_55: 
 032F  80 3E E900 FC            		cmp	byte ptr ds:data_102e,0FCh 
 0334  75 01                    		jne	loc_56			; Jump if not equal 
                                		retn 
 0336  C3                     1                 db     0C3h
 0337                           loc_56: 
 0337  56                       		push	si 
 0338  53                       		push	bx 
 0339  C6 06 E900 FF            		mov	byte ptr ds:data_102e,0FFh 
 033E  8A 0C                    		mov	cl,[si] 
 0340  83 C6 25                 		add	si,25h 
 0343  E8 1534 R                		call	sub_41 
Microsoft (R) Macro Assembler  Version 4.00                 3/29/26 15:14:47

                                                            Page     1-14
                                                            

 0346  8A 04                    		mov	al,[si] 
 0348  0A C0                    		or	al,al			; Zero ? 
 034A  79 03                    		jns	loc_57			; Jump if not sign 
 034C  E8 06D8 R                		call	sub_17 
 034F                           loc_57: 
 034F  50                       		push	ax 
 0350  8A C1                    		mov	al,cl 
 0352  E8 06DF R                		call	sub_18 
 0355  83 C6 03                 		add	si,3 
 0358  58                       		pop	ax 
 0359  8A 24                    		mov	ah,[si] 
 035B  BA 04FD                  		mov	dx,4FDh 
 035E  E8 05A7 R                		call	sub_9 
 0361  5B                       		pop	bx 
 0362  5E                       		pop	si 
                                		retn 
 0363  C3                     1                 db     0C3h
                                sub_3		endp 
                                 
                                 
                                ;ﬂﬂﬂﬂﬂﬂﬂﬂﬂﬂﬂﬂﬂﬂﬂﬂﬂﬂﬂﬂﬂﬂﬂﬂﬂﬂﬂﬂﬂﬂﬂﬂﬂﬂﬂﬂﬂﬂﬂﬂﬂﬂﬂﬂﬂﬂﬂﬂﬂﬂﬂﬂﬂﬂﬂﬂﬂﬂﬂﬂﬂﬂﬂﬂﬂﬂﬂﬂﬂﬂﬂﬂﬂﬂ 
                                ;                              SUBROUTINE 
                                ;‹‹‹‹‹‹‹‹‹‹‹‹‹‹‹‹‹‹‹‹‹‹‹‹‹‹‹‹‹‹‹‹‹‹‹‹‹‹‹‹‹‹‹‹‹‹‹‹‹‹‹‹‹‹‹‹‹‹‹‹‹‹‹‹‹‹‹‹‹‹‹‹‹‹ 
                                 
 0364                           sub_4		proc	near 
 0364  56                       		push	si 
 0365  53                       		push	bx 
 0366  8B CB                    		mov	cx,bx 
 0368  8B FB                    		mov	di,bx 
 036A  81 C7 E900               		add	di,data_102e 
 036E  BB 5009                  		mov	bx,data_87e 
 0371  B0 FF                    		mov	al,0FFh 
 0373  86 05                    		xchg	[di],al 
 0375  88 07                    		mov	[bx],al 
 0377  C6 47 01 00              		mov	byte ptr [bx+1],0 
 037B  C6 45 01 FF              		mov	byte ptr [di+1],0FFh 
 037F  8B D1                    		mov	dx,cx 
 0381  03 D2                    		add	dx,dx 
 0383  81 C2 04FD               		add	dx,4FDh 
 0387  8A 0C                    		mov	cl,[si] 
 0389  83 C6 24                 		add	si,24h 
 038C  E8 1534 R                		call	sub_41 
 038F  BB 500D                  		mov	bx,data_89e 
 0392  AD                       		lodsw				; String [si] to ax 
 0393  89 07                    		mov	[bx],ax 
 0395  8A C1                    		mov	al,cl 
 0397  E8 06DF R                		call	sub_18 
 039A  46                       		inc	si 
 039B  46                       		inc	si 
 039C  BF 500D                  		mov	di,data_89e 
 039F  BD 5009                  		mov	bp,data_87e 
 03A2  E8 057A R                		call	sub_7 
 03A5  5B                       		pop	bx 
 03A6  5E                       		pop	si 
                                		retn 
Microsoft (R) Macro Assembler  Version 4.00                 3/29/26 15:14:47

                                                            Page     1-15
                                                            

 03A7  C3                     1                 db     0C3h
                                sub_4		endp 
                                 
                                 
                                ;ﬂﬂﬂﬂﬂﬂﬂﬂﬂﬂﬂﬂﬂﬂﬂﬂﬂﬂﬂﬂﬂﬂﬂﬂﬂﬂﬂﬂﬂﬂﬂﬂﬂﬂﬂﬂﬂﬂﬂﬂﬂﬂﬂﬂﬂﬂﬂﬂﬂﬂﬂﬂﬂﬂﬂﬂﬂﬂﬂﬂﬂﬂﬂﬂﬂﬂﬂﬂﬂﬂﬂﬂﬂﬂ 
                                ;                              SUBROUTINE 
                                ;‹‹‹‹‹‹‹‹‹‹‹‹‹‹‹‹‹‹‹‹‹‹‹‹‹‹‹‹‹‹‹‹‹‹‹‹‹‹‹‹‹‹‹‹‹‹‹‹‹‹‹‹‹‹‹‹‹‹‹‹‹‹‹‹‹‹‹‹‹‹‹‹‹‹ 
                                 
 03A8                           sub_5		proc	near 
 03A8  80 3E E91B FF            		cmp	byte ptr ds:data_103e,0FFh 
 03AD  75 01                    		jne	loc_58			; Jump if not equal 
                                		retn 
 03AF  C3                     1                 db     0C3h
 03B0                           loc_58: 
 03B0  80 3E E91B FC            		cmp	byte ptr ds:data_103e,0FCh 
 03B5  75 01                    		jne	loc_59			; Jump if not equal 
                                		retn 
 03B7  C3                     1                 db     0C3h
 03B8                           loc_59: 
 03B8  C6 06 E91B FF            		mov	byte ptr ds:data_103e,0FFh 
 03BD  8A 0C                    		mov	cl,[si] 
 03BF  83 C6 24                 		add	si,24h 
 03C2  E8 1534 R                		call	sub_41 
 03C5  8A 04                    		mov	al,[si] 
 03C7  0A C0                    		or	al,al			; Zero ? 
 03C9  79 03                    		jns	loc_60			; Jump if not sign 
 03CB  E8 06D8 R                		call	sub_17 
 03CE                           loc_60: 
 03CE  50                       		push	ax 
 03CF  8A C1                    		mov	al,cl 
 03D1  E8 06DF R                		call	sub_18 
 03D4  83 C6 02                 		add	si,2 
 03D7  58                       		pop	ax 
 03D8  8A 24                    		mov	ah,[si] 
 03DA  BA 0533                  		mov	dx,533h 
 03DD  E9 05A7 R                		jmp	loc_77 
                                 
                                ;ﬂﬂﬂﬂ External Entry into Subroutine ﬂﬂﬂﬂﬂﬂﬂﬂﬂﬂﬂﬂﬂﬂﬂﬂﬂﬂﬂﬂﬂﬂﬂﬂﬂﬂﬂﬂﬂﬂﬂﬂﬂﬂﬂﬂﬂﬂ 
                                 
 03E0                           sub_6: 
 03E0  56                       		push	si 
 03E1  57                       		push	di 
 03E2  53                       		push	bx 
 03E3  53                       		push	bx 
 03E4  BB 5009                  		mov	bx,data_87e 
 03E7  B0 FF                    		mov	al,0FFh 
 03E9  86 05                    		xchg	[di],al 
 03EB  88 07                    		mov	[bx],al 
 03ED  B0 FF                    		mov	al,0FFh 
 03EF  86 45 1C                 		xchg	[di+1Ch],al 
 03F2  88 47 01                 		mov	[bx+1],al 
 03F5  8A 4C FF                 		mov	cl,[si-1] 
 03F8  8A 14                    		mov	dl,[si] 
 03FA  83 C6 24                 		add	si,24h 
 03FD  E8 1534 R                		call	sub_41 
Microsoft (R) Macro Assembler  Version 4.00                 3/29/26 15:14:47

                                                            Page     1-16
                                                            

 0400  8A 34                    		mov	dh,[si] 
 0402  8A C1                    		mov	al,cl 
 0404  E8 06DF R                		call	sub_18 
 0407  46                       		inc	si 
 0408  8B DA                    		mov	bx,dx 
 040A  5A                       		pop	dx 
 040B  03 D2                    		add	dx,dx 
 040D  03 16 4FE4               		add	dx,ds:data_72e 
 0411  80 3E 5009 FF            		cmp	byte ptr ds:data_87e,0FFh 
 0416  74 1B                    		je	loc_62			; Jump if equal 
 0418  80 3E 5009 FC            		cmp	byte ptr ds:data_87e,0FCh 
 041D  74 14                    		je	loc_62			; Jump if equal 
 041F  8A 24                    		mov	ah,[si] 
 0421  8A C3                    		mov	al,bl 
 0423  53                       		push	bx 
 0424  56                       		push	si 
 0425  52                       		push	dx 
 0426  0A C0                    		or	al,al			; Zero ? 
 0428  79 03                    		jns	loc_61			; Jump if not sign 
 042A  E8 06D8 R                		call	sub_17 
 042D                           loc_61: 
 042D  E8 05A7 R                		call	sub_9 
 0430  5A                       		pop	dx 
 0431  5E                       		pop	si 
 0432  5B                       		pop	bx 
 0433                           loc_62: 
 0433  81 C2 40B4               		add	dx,40B4h 
 0437  81 FA 6000               		cmp	dx,6000h 
 043B  72 04                    		jb	loc_63			; Jump if below 
 043D  81 C2 A05A               		add	dx,0A05Ah 
 0441                           loc_63: 
 0441  80 3E 4FEA 01            		cmp	byte ptr ds:data_75e,1 
 0446  74 1F                    		je	loc_65			; Jump if equal 
 0448  80 3E 500A FF            		cmp	byte ptr ds:data_88e,0FFh 
 044D  74 18                    		je	loc_65			; Jump if equal 
 044F  80 3E 500A FC            		cmp	byte ptr ds:data_88e,0FCh 
 0454  74 11                    		je	loc_65			; Jump if equal 
 0456  46                       		inc	si 
 0457  46                       		inc	si 
 0458  AC                       		lodsb				; String [si] to al 
 0459  8A E0                    		mov	ah,al 
 045B  8A C7                    		mov	al,bh 
 045D  0A C0                    		or	al,al			; Zero ? 
 045F  79 03                    		jns	loc_64			; Jump if not sign 
 0461  E8 06D8 R                		call	sub_17 
 0464                           loc_64: 
 0464  E8 05A7 R                		call	sub_9 
 0467                           loc_65: 
 0467  5B                       		pop	bx 
 0468  5F                       		pop	di 
 0469  5E                       		pop	si 
                                		retn 
 046A  C3                     1                 db     0C3h
 046B                           loc_66: 
 046B  56                       		push	si 
Microsoft (R) Macro Assembler  Version 4.00                 3/29/26 15:14:47

                                                            Page     1-17
                                                            

 046C  57                       		push	di 
 046D  53                       		push	bx 
 046E  53                       		push	bx 
 046F  BB 5009                  		mov	bx,data_87e 
 0472  B8 FFFE                  		mov	ax,0FFFEh 
 0475  87 45 FF                 		xchg	[di-1],ax 
 0478  89 07                    		mov	[bx],ax 
 047A  B8 FFFF                  		mov	ax,0FFFFh 
 047D  87 45 1B                 		xchg	[di+1Bh],ax 
 0480  89 47 02                 		mov	[bx+2],ax 
 0483  8A 4C FF                 		mov	cl,[si-1] 
 0486  BB 500D                  		mov	bx,data_89e 
 0489  8A 04                    		mov	al,[si] 
 048B  88 47 01                 		mov	[bx+1],al 
 048E  83 C6 24                 		add	si,24h 
 0491  E8 1534 R                		call	sub_41 
 0494  8B 44 FF                 		mov	ax,[si-1] 
 0497  89 47 02                 		mov	[bx+2],ax 
 049A  5A                       		pop	dx 
 049B  88 16 4FEB               		mov	ds:data_76e,dl 
 049F  A0 4FEA                  		mov	al,ds:data_75e 
 04A2  F6 D8                    		neg	al 
 04A4  04 12                    		add	al,12h 
 04A6  A2 4FEC                  		mov	ds:data_77e,al 
 04A9  03 D2                    		add	dx,dx 
 04AB  03 16 4FE4               		add	dx,ds:data_72e 
 04AF  8A C1                    		mov	al,cl 
 04B1  E8 06DF R                		call	sub_18 
 04B4  BF 500D                  		mov	di,data_89e 
 04B7  88 05                    		mov	[di],al 
 04B9  BD 5009                  		mov	bp,data_87e 
 04BC  E8 057A R                		call	sub_7 
 04BF  80 3E 4FEA 01            		cmp	byte ptr ds:data_75e,1 
 04C4  74 22                    		je	loc_68			; Jump if equal 
 04C6  81 C2 40B0               		add	dx,40B0h 
 04CA  81 FA 6000               		cmp	dx,6000h 
 04CE  72 04                    		jb	loc_67			; Jump if below 
 04D0  81 C2 A05A               		add	dx,0A05Ah 
 04D4                           loc_67: 
 04D4  E8 057A R                		call	sub_7 
 04D7  F6 06 FF34 FF            		test	byte ptr ds:data_111e,0FFh 
 04DC  74 0A                    		jz	loc_68			; Jump if zero 
 04DE  F6 06 FF2F FF            		test	byte ptr ds:data_108e,0FFh 
 04E3  74 03                    		jz	loc_68			; Jump if zero 
 04E5  E8 0730 R                		call	sub_19 
 04E8                           loc_68: 
 04E8  5B                       		pop	bx 
 04E9  5F                       		pop	di 
 04EA  5E                       		pop	si 
                                		retn 
 04EB  C3                     1                 db     0C3h
 04EC                           loc_69: 
 04EC  56                       		push	si 
 04ED  57                       		push	di 
 04EE  53                       		push	bx 
Microsoft (R) Macro Assembler  Version 4.00                 3/29/26 15:14:47

                                                            Page     1-18
                                                            

 04EF  53                       		push	bx 
 04F0  BB 5009                  		mov	bx,data_87e 
 04F3  B0 FE                    		mov	al,0FEh 
 04F5  86 45 FF                 		xchg	[di-1],al 
 04F8  88 07                    		mov	[bx],al 
 04FA  B0 FF                    		mov	al,0FFh 
 04FC  86 45 1B                 		xchg	[di+1Bh],al 
 04FF  88 47 01                 		mov	[bx+1],al 
 0502  8A 4C FF                 		mov	cl,[si-1] 
 0505  83 C6 24                 		add	si,24h 
 0508  E8 1534 R                		call	sub_41 
 050B  8A 54 FF                 		mov	dl,[si-1] 
 050E  8A C1                    		mov	al,cl 
 0510  E8 06DF R                		call	sub_18 
 0513  8A D8                    		mov	bl,al 
 0515  8A FA                    		mov	bh,dl 
 0517  5A                       		pop	dx 
 0518  03 D2                    		add	dx,dx 
 051A  03 16 4FE4               		add	dx,ds:data_72e 
 051E  80 3E 5009 FF            		cmp	byte ptr ds:data_87e,0FFh 
 0523  74 1B                    		je	loc_71			; Jump if equal 
 0525  80 3E 5009 FC            		cmp	byte ptr ds:data_87e,0FCh 
 052A  74 14                    		je	loc_71			; Jump if equal 
 052C  8A 24                    		mov	ah,[si] 
 052E  8A C3                    		mov	al,bl 
 0530  53                       		push	bx 
 0531  56                       		push	si 
 0532  52                       		push	dx 
 0533  0A C0                    		or	al,al			; Zero ? 
 0535  79 03                    		jns	loc_70			; Jump if not sign 
 0537  E8 06D8 R                		call	sub_17 
 053A                           loc_70: 
 053A  E8 05A7 R                		call	sub_9 
 053D  5A                       		pop	dx 
 053E  5E                       		pop	si 
 053F  5B                       		pop	bx 
 0540                           loc_71: 
 0540  81 C2 40B4               		add	dx,40B4h 
 0544  81 FA 6000               		cmp	dx,6000h 
 0548  72 04                    		jb	loc_72			; Jump if below 
 054A  81 C2 A05A               		add	dx,0A05Ah 
 054E                           loc_72: 
 054E  80 3E 4FEA 01            		cmp	byte ptr ds:data_75e,1 
 0553  74 1F                    		je	loc_74			; Jump if equal 
 0555  80 3E 500A FF            		cmp	byte ptr ds:data_88e,0FFh 
 055A  74 18                    		je	loc_74			; Jump if equal 
 055C  80 3E 500A FC            		cmp	byte ptr ds:data_88e,0FCh 
 0561  74 11                    		je	loc_74			; Jump if equal 
 0563  46                       		inc	si 
 0564  46                       		inc	si 
 0565  AC                       		lodsb				; String [si] to al 
 0566  8A E0                    		mov	ah,al 
 0568  8A C7                    		mov	al,bh 
 056A  0A C0                    		or	al,al			; Zero ? 
 056C  79 03                    		jns	loc_73			; Jump if not sign 
Microsoft (R) Macro Assembler  Version 4.00                 3/29/26 15:14:47

                                                            Page     1-19
                                                            

 056E  E8 06D8 R                		call	sub_17 
 0571                           loc_73: 
 0571  E8 05A7 R                		call	sub_9 
 0574                           loc_74: 
 0574  5B                       		pop	bx 
 0575  5F                       		pop	di 
 0576  5E                       		pop	si 
 0577  E9 0115 R                		jmp	loc_26 
                                 
                                ;ﬂﬂﬂﬂ External Entry into Subroutine ﬂﬂﬂﬂﬂﬂﬂﬂﬂﬂﬂﬂﬂﬂﬂﬂﬂﬂﬂﬂﬂﬂﬂﬂﬂﬂﬂﬂﬂﬂﬂﬂﬂﬂﬂﬂﬂﬂ 
                                 
 057A                           sub_7: 
 057A  E8 057D R                		call	sub_8 
                                 
                                ;ﬂﬂﬂﬂ External Entry into Subroutine ﬂﬂﬂﬂﬂﬂﬂﬂﬂﬂﬂﬂﬂﬂﬂﬂﬂﬂﬂﬂﬂﬂﬂﬂﬂﬂﬂﬂﬂﬂﬂﬂﬂﬂﬂﬂﬂﬂ 
                                 
 057D                           sub_8: 
 057D  3E: 80 7E 00 FF          		cmp	byte ptr ds:[bp],0FFh 
 0582  74 1D                    		je	loc_76			; Jump if equal 
 0584  3E: 80 7E 00 FC          		cmp	byte ptr ds:[bp],0FCh 
 0589  74 16                    		je	loc_76			; Jump if equal 
 058B  8A 24                    		mov	ah,[si] 
 058D  8A 05                    		mov	al,[di] 
 058F  0A C0                    		or	al,al			; Zero ? 
 0591  79 03                    		jns	loc_75			; Jump if not sign 
 0593  E8 06D8 R                		call	sub_17 
 0596                           loc_75: 
 0596  55                       		push	bp 
 0597  56                       		push	si 
 0598  57                       		push	di 
 0599  52                       		push	dx 
 059A  E8 05A7 R                		call	sub_9 
 059D  5A                       		pop	dx 
 059E  5F                       		pop	di 
 059F  5E                       		pop	si 
 05A0  5D                       		pop	bp 
 05A1                           loc_76: 
 05A1  46                       		inc	si 
 05A2  47                       		inc	di 
 05A3  45                       		inc	bp 
 05A4  42                       		inc	dx 
 05A5  42                       		inc	dx 
                                		retn 
 05A6  C3                     1                 db     0C3h
                                 
                                ;ﬂﬂﬂﬂ External Entry into Subroutine ﬂﬂﬂﬂﬂﬂﬂﬂﬂﬂﬂﬂﬂﬂﬂﬂﬂﬂﬂﬂﬂﬂﬂﬂﬂﬂﬂﬂﬂﬂﬂﬂﬂﬂﬂﬂﬂﬂ 
                                 
 05A7                           sub_9: 
 05A7                           loc_77: 
 05A7  06                       		push	es 
 05A8  1E                       		push	ds 
 05A9  8A 1E 4FED               		mov	bl,ds:data_78e 
 05AD  0A C0                    		or	al,al			; Zero ? 
 05AF  74 05                    		jz	loc_78			; Jump if zero 
 05B1  78 03                    		js	loc_78			; Jump if sign=1 
Microsoft (R) Macro Assembler  Version 4.00                 3/29/26 15:14:47

                                                            Page     1-20
                                                            

 05B3  80 CB 80                 		or	bl,80h 
 05B6                           loc_78: 
 05B6  8A C8                    		mov	cl,al 
 05B8  8A C4                    		mov	al,ah 
 05BA  B5 10                    		mov	ch,10h 
 05BC  F6 E5                    		mul	ch			; ax = reg * al 
 05BE  8B F0                    		mov	si,ax 
 05C0  81 C6 4000               		add	si,data_1e 
 05C4  8B E8                    		mov	bp,ax 
 05C6  81 C5 A000               		add	bp,0A000h 
 05CA  2E: 8E 1E FF2C           		mov	ds,cs:data_107e 
 05CF  8B FA                    		mov	di,dx 
 05D1  0E                       		push	cs 
 05D2  07                       		pop	es 
 05D3  8A EB                    		mov	ch,bl 
 05D5  80 E3 7F                 		and	bl,7Fh 
 05D8  32 FF                    		xor	bh,bh			; Zero register 
 05DA  03 DB                    		add	bx,bx 
 05DC  2E: 8B 87 4F86           		mov	ax,cs:data_69e[bx] 
 05E1  2E: A3 4FE2              		mov	cs:data_70e,ax 
 05E5  8A C1                    		mov	al,cl 
 05E7  0A ED                    		or	ch,ch			; Zero ? 
 05E9  78 18                    		js	loc_79			; Jump if sign=1 
 05EB  57                       		push	di 
 05EC  BF 52A6                  		mov	di,52A6h 
 05EF  E8 0649 R                		call	sub_12 
 05F2  5F                       		pop	di 
 05F3  BE 52A6                  		mov	si,data_93e 
 05F6  0E                       		push	cs 
 05F7  1F                       		pop	ds 
 05F8  B8 B000                  		mov	ax,0B000h 
 05FB  8E C0                    		mov	es,ax 
 05FD  E8 06B1 R                		call	sub_14 
 0600  1F                       		pop	ds 
 0601  07                       		pop	es 
                                		retn 
 0602  C3                     1                 db     0C3h
 0603                           loc_79: 
 0603  57                       		push	di 
 0604  BF 52A6                  		mov	di,data_93e 
 0607  E8 061B R                		call	sub_10 
 060A  5F                       		pop	di 
 060B  BE 52A6                  		mov	si,data_93e 
 060E  0E                       		push	cs 
 060F  1F                       		pop	ds 
 0610  B8 B000                  		mov	ax,0B000h 
 0613  8E C0                    		mov	es,ax 
 0615  E8 06B1 R                		call	sub_14 
 0618  1F                       		pop	ds 
 0619  07                       		pop	es 
                                		retn 
 061A  C3                     1                 db     0C3h
                                sub_5		endp 
                                 
                                 
Microsoft (R) Macro Assembler  Version 4.00                 3/29/26 15:14:47

                                                            Page     1-21
                                                            

                                ;ﬂﬂﬂﬂﬂﬂﬂﬂﬂﬂﬂﬂﬂﬂﬂﬂﬂﬂﬂﬂﬂﬂﬂﬂﬂﬂﬂﬂﬂﬂﬂﬂﬂﬂﬂﬂﬂﬂﬂﬂﬂﬂﬂﬂﬂﬂﬂﬂﬂﬂﬂﬂﬂﬂﬂﬂﬂﬂﬂﬂﬂﬂﬂﬂﬂﬂﬂﬂﬂﬂﬂﬂﬂﬂ 
                                ;                              SUBROUTINE 
                                ;‹‹‹‹‹‹‹‹‹‹‹‹‹‹‹‹‹‹‹‹‹‹‹‹‹‹‹‹‹‹‹‹‹‹‹‹‹‹‹‹‹‹‹‹‹‹‹‹‹‹‹‹‹‹‹‹‹‹‹‹‹‹‹‹‹‹‹‹‹‹‹‹‹‹ 
                                 
 061B                           sub_10		proc	near 
 061B  55                       		push	bp 
 061C  56                       		push	si 
 061D  57                       		push	di 
 061E  FE C9                    		dec	cl 
 0620  B0 10                    		mov	al,10h 
 0622  F6 E1                    		mul	cl			; ax = reg * al 
 0624  05 8030                  		add	ax,8030h 
 0627  8B F0                    		mov	si,ax 
 0629  E8 06CA R                		call	sub_15 
 062C  5F                       		pop	di 
 062D  5E                       		pop	si 
 062E  5D                       		pop	bp 
 062F  EB 00                    		jmp	short $+2		; delay for I/O 
                                 
                                ;ﬂﬂﬂﬂ External Entry into Subroutine ﬂﬂﬂﬂﬂﬂﬂﬂﬂﬂﬂﬂﬂﬂﬂﬂﬂﬂﬂﬂﬂﬂﬂﬂﬂﬂﬂﬂﬂﬂﬂﬂﬂﬂﬂﬂﬂﬂ 
                                 
 0631                           sub_11: 
 0631  B9 0008                  		mov	cx,8 
                                 
 0634                           locloop_80: 
 0634  3E: 8B 46 00             		mov	ax,ds:[bp] 
 0638  26: 21 05                		and	es:[di],ax 
 063B  AD                       		lodsw				; String [si] to ax 
 063C  E8 0654 R                		call	sub_13 
 063F  26: 09 05                		or	es:[di],ax 
 0642  45                       		inc	bp 
 0643  45                       		inc	bp 
 0644  47                       		inc	di 
 0645  47                       		inc	di 
 0646  E2 EC                    		loop	locloop_80		; Loop if cx > 0 
                                 
                                		retn 
 0648  C3                     1                 db     0C3h
                                sub_10		endp 
                                 
                                 
                                ;ﬂﬂﬂﬂﬂﬂﬂﬂﬂﬂﬂﬂﬂﬂﬂﬂﬂﬂﬂﬂﬂﬂﬂﬂﬂﬂﬂﬂﬂﬂﬂﬂﬂﬂﬂﬂﬂﬂﬂﬂﬂﬂﬂﬂﬂﬂﬂﬂﬂﬂﬂﬂﬂﬂﬂﬂﬂﬂﬂﬂﬂﬂﬂﬂﬂﬂﬂﬂﬂﬂﬂﬂﬂﬂ 
                                ;                              SUBROUTINE 
                                ;‹‹‹‹‹‹‹‹‹‹‹‹‹‹‹‹‹‹‹‹‹‹‹‹‹‹‹‹‹‹‹‹‹‹‹‹‹‹‹‹‹‹‹‹‹‹‹‹‹‹‹‹‹‹‹‹‹‹‹‹‹‹‹‹‹‹‹‹‹‹‹‹‹‹ 
                                 
 0649                           sub_12		proc	near 
 0649  B9 0008                  		mov	cx,8 
                                 
 064C                           locloop_81: 
 064C  AD                       		lodsw				; String [si] to ax 
 064D  E8 0654 R                		call	sub_13 
 0650  AB                       		stosw				; Store ax to es:[di] 
 0651  E2 F9                    		loop	locloop_81		; Loop if cx > 0 
                                 
                                		retn 
Microsoft (R) Macro Assembler  Version 4.00                 3/29/26 15:14:47

                                                            Page     1-22
                                                            

 0653  C3                     1                 db     0C3h
                                sub_12		endp 
                                 
                                 
                                ;ﬂﬂﬂﬂﬂﬂﬂﬂﬂﬂﬂﬂﬂﬂﬂﬂﬂﬂﬂﬂﬂﬂﬂﬂﬂﬂﬂﬂﬂﬂﬂﬂﬂﬂﬂﬂﬂﬂﬂﬂﬂﬂﬂﬂﬂﬂﬂﬂﬂﬂﬂﬂﬂﬂﬂﬂﬂﬂﬂﬂﬂﬂﬂﬂﬂﬂﬂﬂﬂﬂﬂﬂﬂﬂ 
                                ;                              SUBROUTINE 
                                ;‹‹‹‹‹‹‹‹‹‹‹‹‹‹‹‹‹‹‹‹‹‹‹‹‹‹‹‹‹‹‹‹‹‹‹‹‹‹‹‹‹‹‹‹‹‹‹‹‹‹‹‹‹‹‹‹‹‹‹‹‹‹‹‹‹‹‹‹‹‹‹‹‹‹ 
                                 
 0654                           sub_13		proc	near 
 0654  8B D8                    		mov	bx,ax 
 0656  D0 EF                    		shr	bh,1			; Shift w/zeros fill 
 0658  D0 EF                    		shr	bh,1			; Shift w/zeros fill 
 065A  D0 EF                    		shr	bh,1			; Shift w/zeros fill 
 065C  D0 EF                    		shr	bh,1			; Shift w/zeros fill 
 065E  8A DF                    		mov	bl,bh 
 0660  32 FF                    		xor	bh,bh			; Zero register 
 0662  2E: 03 1E 4FE2           		add	bx,cs:data_70e 
 0667  2E: 8A 37                		mov	dh,cs:[bx] 
 066A  02 F6                    		add	dh,dh 
 066C  02 F6                    		add	dh,dh 
 066E  02 F6                    		add	dh,dh 
 0670  02 F6                    		add	dh,dh 
 0672  8B D8                    		mov	bx,ax 
 0674  80 E7 0F                 		and	bh,0Fh 
 0677  8A DF                    		mov	bl,bh 
 0679  32 FF                    		xor	bh,bh			; Zero register 
 067B  2E: 03 1E 4FE2           		add	bx,cs:data_70e 
 0680  2E: 0A 37                		or	dh,cs:[bx] 
 0683  8B D8                    		mov	bx,ax 
 0685  D0 EB                    		shr	bl,1			; Shift w/zeros fill 
 0687  D0 EB                    		shr	bl,1			; Shift w/zeros fill 
 0689  D0 EB                    		shr	bl,1			; Shift w/zeros fill 
 068B  D0 EB                    		shr	bl,1			; Shift w/zeros fill 
 068D  32 FF                    		xor	bh,bh			; Zero register 
 068F  2E: 03 1E 4FE2           		add	bx,cs:data_70e 
 0694  2E: 8A 17                		mov	dl,cs:[bx] 
 0697  02 D2                    		add	dl,dl 
 0699  02 D2                    		add	dl,dl 
 069B  02 D2                    		add	dl,dl 
 069D  02 D2                    		add	dl,dl 
 069F  8B D8                    		mov	bx,ax 
 06A1  80 E3 0F                 		and	bl,0Fh 
 06A4  32 FF                    		xor	bh,bh			; Zero register 
 06A6  2E: 03 1E 4FE2           		add	bx,cs:data_70e 
 06AB  2E: 0A 17                		or	dl,cs:[bx] 
 06AE  8B C2                    		mov	ax,dx 
                                		retn 
 06B0  C3                     1                 db     0C3h
                                sub_13		endp 
                                 
                                 
                                ;ﬂﬂﬂﬂﬂﬂﬂﬂﬂﬂﬂﬂﬂﬂﬂﬂﬂﬂﬂﬂﬂﬂﬂﬂﬂﬂﬂﬂﬂﬂﬂﬂﬂﬂﬂﬂﬂﬂﬂﬂﬂﬂﬂﬂﬂﬂﬂﬂﬂﬂﬂﬂﬂﬂﬂﬂﬂﬂﬂﬂﬂﬂﬂﬂﬂﬂﬂﬂﬂﬂﬂﬂﬂﬂ 
                                ;                              SUBROUTINE 
                                ;‹‹‹‹‹‹‹‹‹‹‹‹‹‹‹‹‹‹‹‹‹‹‹‹‹‹‹‹‹‹‹‹‹‹‹‹‹‹‹‹‹‹‹‹‹‹‹‹‹‹‹‹‹‹‹‹‹‹‹‹‹‹‹‹‹‹‹‹‹‹‹‹‹‹ 
                                 
Microsoft (R) Macro Assembler  Version 4.00                 3/29/26 15:14:47

                                                            Page     1-23
                                                            

 06B1                           sub_14		proc	near 
 06B1  B9 0008                  		mov	cx,8 
                                 
 06B4                           locloop_82: 
 06B4  A5                       		movsw				; Mov [si] to es:[di] 
 06B5  81 C7 1FFE               		add	di,1FFEh 
 06B9  81 FF 6000               		cmp	di,data_132e 
 06BD  72 08                    		jb	loc_83			; Jump if below 
 06BF  8B 44 FE                 		mov	ax,[si-2] 
 06C2  AB                       		stosw				; Store ax to es:[di] 
 06C3  81 C7 A058               		add	di,0A058h 
 06C7                           loc_83: 
 06C7  E2 EB                    		loop	locloop_82		; Loop if cx > 0 
                                 
                                		retn 
 06C9  C3                     1                 db     0C3h
                                sub_14		endp 
                                 
                                 
                                ;ﬂﬂﬂﬂﬂﬂﬂﬂﬂﬂﬂﬂﬂﬂﬂﬂﬂﬂﬂﬂﬂﬂﬂﬂﬂﬂﬂﬂﬂﬂﬂﬂﬂﬂﬂﬂﬂﬂﬂﬂﬂﬂﬂﬂﬂﬂﬂﬂﬂﬂﬂﬂﬂﬂﬂﬂﬂﬂﬂﬂﬂﬂﬂﬂﬂﬂﬂﬂﬂﬂﬂﬂﬂﬂ 
                                ;                              SUBROUTINE 
                                ;‹‹‹‹‹‹‹‹‹‹‹‹‹‹‹‹‹‹‹‹‹‹‹‹‹‹‹‹‹‹‹‹‹‹‹‹‹‹‹‹‹‹‹‹‹‹‹‹‹‹‹‹‹‹‹‹‹‹‹‹‹‹‹‹‹‹‹‹‹‹‹‹‹‹ 
                                 
 06CA                           sub_15		proc	near 
 06CA  B9 0008                  		mov	cx,8 
 06CD  F3/ A5                   		rep	movsw			; Rep when cx >0 Mov [si] to es:[di] 
                                		retn 
 06CF  C3                     1                 db     0C3h
                                sub_15		endp 
                                 
                                 
                                ;ﬂﬂﬂﬂﬂﬂﬂﬂﬂﬂﬂﬂﬂﬂﬂﬂﬂﬂﬂﬂﬂﬂﬂﬂﬂﬂﬂﬂﬂﬂﬂﬂﬂﬂﬂﬂﬂﬂﬂﬂﬂﬂﬂﬂﬂﬂﬂﬂﬂﬂﬂﬂﬂﬂﬂﬂﬂﬂﬂﬂﬂﬂﬂﬂﬂﬂﬂﬂﬂﬂﬂﬂﬂﬂ 
                                ;                              SUBROUTINE 
                                ;‹‹‹‹‹‹‹‹‹‹‹‹‹‹‹‹‹‹‹‹‹‹‹‹‹‹‹‹‹‹‹‹‹‹‹‹‹‹‹‹‹‹‹‹‹‹‹‹‹‹‹‹‹‹‹‹‹‹‹‹‹‹‹‹‹‹‹‹‹‹‹‹‹‹ 
                                 
 06D0                           sub_16		proc	near 
 06D0  33 C0                    		xor	ax,ax			; Zero register 
 06D2  B9 0008                  		mov	cx,8 
 06D5  F3/ AB                   		rep	stosw			; Rep when cx >0 Store ax to es:[di] 
                                		retn 
 06D7  C3                     1                 db     0C3h
                                sub_16		endp 
                                 
                                 
                                ;ﬂﬂﬂﬂﬂﬂﬂﬂﬂﬂﬂﬂﬂﬂﬂﬂﬂﬂﬂﬂﬂﬂﬂﬂﬂﬂﬂﬂﬂﬂﬂﬂﬂﬂﬂﬂﬂﬂﬂﬂﬂﬂﬂﬂﬂﬂﬂﬂﬂﬂﬂﬂﬂﬂﬂﬂﬂﬂﬂﬂﬂﬂﬂﬂﬂﬂﬂﬂﬂﬂﬂﬂﬂﬂ 
                                ;                              SUBROUTINE 
                                ;‹‹‹‹‹‹‹‹‹‹‹‹‹‹‹‹‹‹‹‹‹‹‹‹‹‹‹‹‹‹‹‹‹‹‹‹‹‹‹‹‹‹‹‹‹‹‹‹‹‹‹‹‹‹‹‹‹‹‹‹‹‹‹‹‹‹‹‹‹‹‹‹‹‹ 
                                 
 06D8                           sub_17		proc	near 
 06D8  24 7F                    		and	al,7Fh 
 06DA  BB ED20                  		mov	bx,data_104e 
 06DD  D7                       		xlat				; al=[al+[bx]] table 
                                		retn 
 06DE  C3                     1                 db     0C3h
                                sub_17		endp 
Microsoft (R) Macro Assembler  Version 4.00                 3/29/26 15:14:47

                                                            Page     1-24
                                                            

                                 
                                 
                                ;ﬂﬂﬂﬂﬂﬂﬂﬂﬂﬂﬂﬂﬂﬂﬂﬂﬂﬂﬂﬂﬂﬂﬂﬂﬂﬂﬂﬂﬂﬂﬂﬂﬂﬂﬂﬂﬂﬂﬂﬂﬂﬂﬂﬂﬂﬂﬂﬂﬂﬂﬂﬂﬂﬂﬂﬂﬂﬂﬂﬂﬂﬂﬂﬂﬂﬂﬂﬂﬂﬂﬂﬂﬂﬂ 
                                ;                              SUBROUTINE 
                                ;‹‹‹‹‹‹‹‹‹‹‹‹‹‹‹‹‹‹‹‹‹‹‹‹‹‹‹‹‹‹‹‹‹‹‹‹‹‹‹‹‹‹‹‹‹‹‹‹‹‹‹‹‹‹‹‹‹‹‹‹‹‹‹‹‹‹‹‹‹‹‹‹‹‹ 
                                 
 06DF                           sub_18		proc	near 
 06DF  24 7F                    		and	al,7Fh 
 06E1  8A D8                    		mov	bl,al 
 06E3  32 FF                    		xor	bh,bh			; Zero register 
 06E5  8A 8F ED20               		mov	cl,ds:data_104e[bx] 
 06E9  B5 10                    		mov	ch,10h 
 06EB  F6 E5                    		mul	ch			; ax = reg * al 
 06ED  03 06 C010               		add	ax,ds:data_99e 
 06F1  8B E8                    		mov	bp,ax 
 06F3  3E: 8A 46 06             		mov	al,ds:[bp+6] 
 06F7  24 0F                    		and	al,0Fh 
 06F9  B5 05                    		mov	ch,5 
 06FB  F6 E5                    		mul	ch			; ax = reg * al 
 06FD  BE A070                  		mov	si,0A070h 
 0700  3E: F6 46 05 80          		test	byte ptr ds:[bp+5],80h 
 0705  75 03                    		jnz	loc_84			; Jump if not zero 
 0707  BE A030                  		mov	si,data_96e 
 070A                           loc_84: 
 070A  3E: 8A 5E 04             		mov	bl,ds:[bp+4] 
 070E  80 E3 1F                 		and	bl,1Fh 
 0711  02 DB                    		add	bl,bl 
 0713  32 FF                    		xor	bh,bh			; Zero register 
 0715  03 00                    		add	ax,[bx+si] 
 0717  8B F0                    		mov	si,ax 
 0719  AC                       		lodsb				; String [si] to al 
 071A  F6 06 FF34 FF            		test	byte ptr ds:data_111e,0FFh 
 071F  75 09                    		jnz	loc_85			; Jump if not zero 
 0721  3E: F6 46 05 20          		test	byte ptr ds:[bp+5],20h	; ' ' 
 0726  74 02                    		jz	loc_85			; Jump if zero 
 0728  04 03                    		add	al,3 
 072A                           loc_85: 
 072A  A2 4FED                  		mov	ds:data_78e,al 
 072D  8A C1                    		mov	al,cl 
                                		retn 
 072F  C3                     1                 db     0C3h
                                sub_18		endp 
                                 
                                 
                                ;ﬂﬂﬂﬂﬂﬂﬂﬂﬂﬂﬂﬂﬂﬂﬂﬂﬂﬂﬂﬂﬂﬂﬂﬂﬂﬂﬂﬂﬂﬂﬂﬂﬂﬂﬂﬂﬂﬂﬂﬂﬂﬂﬂﬂﬂﬂﬂﬂﬂﬂﬂﬂﬂﬂﬂﬂﬂﬂﬂﬂﬂﬂﬂﬂﬂﬂﬂﬂﬂﬂﬂﬂﬂﬂ 
                                ;                              SUBROUTINE 
                                ;‹‹‹‹‹‹‹‹‹‹‹‹‹‹‹‹‹‹‹‹‹‹‹‹‹‹‹‹‹‹‹‹‹‹‹‹‹‹‹‹‹‹‹‹‹‹‹‹‹‹‹‹‹‹‹‹‹‹‹‹‹‹‹‹‹‹‹‹‹‹‹‹‹‹ 
                                 
 0730                           sub_19		proc	near 
 0730  80 3E 4FEC 10            		cmp	byte ptr ds:data_77e,10h 
 0735  72 01                    		jb	loc_86			; Jump if below 
                                		retn 
 0737  C3                     1                 db     0C3h
 0738                           loc_86: 
 0738  0E                       		push	cs 
Microsoft (R) Macro Assembler  Version 4.00                 3/29/26 15:14:47

                                                            Page     1-25
                                                            

 0739  07                       		pop	es 
 073A  2E: FF 16 011A           		call	word ptr cs:[11Ah] 
 073F  24 0F                    		and	al,0Fh 
 0741  3C 0E                    		cmp	al,0Eh 
 0743  73 01                    		jae	loc_87			; Jump if above or = 
                                		retn 
 0745  C3                     1                 db     0C3h
 0746                           loc_87: 
 0746  BF EDA0                  		mov	di,data_105e 
 0749  32 C9                    		xor	cl,cl			; Zero register 
 074B                           loc_88: 
 074B  80 3D FF                 		cmp	byte ptr [di],0FFh 
 074E  74 07                    		je	loc_89			; Jump if equal 
 0750  83 C7 04                 		add	di,4 
 0753  FE C1                    		inc	cl 
 0755  EB F4                    		jmp	short loc_88 
 0757                           loc_89: 
 0757  80 F9 20                 		cmp	cl,20h			; ' ' 
 075A  72 01                    		jb	loc_90			; Jump if below 
                                		retn 
 075C  C3                     1                 db     0C3h
 075D                           loc_90: 
 075D  2E: FF 16 011A           		call	word ptr cs:[11Ah] 
 0762  24 03                    		and	al,3 
 0764  3C 03                    		cmp	al,3 
 0766  74 F5                    		je	loc_90			; Jump if equal 
 0768  FE C8                    		dec	al 
 076A  02 06 4FEB               		add	al,ds:data_76e 
 076E  3C FF                    		cmp	al,0FFh 
 0770  75 02                    		jne	loc_91			; Jump if not equal 
 0772  B0 04                    		mov	al,4 
 0774                           loc_91: 
 0774  3C 1B                    		cmp	al,1Bh 
 0776  72 02                    		jb	loc_92			; Jump if below 
 0778  B0 1A                    		mov	al,1Ah 
 077A                           loc_92: 
 077A  AA                       		stosb				; Store al to es:[di] 
 077B                           loc_93: 
 077B  2E: FF 16 011A           		call	word ptr cs:[11Ah] 
 0780  24 03                    		and	al,3 
 0782  3C 03                    		cmp	al,3 
 0784  74 F5                    		je	loc_93			; Jump if equal 
 0786  FE C8                    		dec	al 
 0788  02 06 4FEC               		add	al,ds:data_77e 
 078C  3C FF                    		cmp	al,0FFh 
 078E  75 02                    		jne	loc_94			; Jump if not equal 
 0790  32 C0                    		xor	al,al			; Zero register 
 0792                           loc_94: 
 0792  AA                       		stosb				; Store al to es:[di] 
 0793  B0 03                    		mov	al,3 
 0795  AA                       		stosb				; Store al to es:[di] 
 0796  2E: FF 16 011A           		call	word ptr cs:[11Ah] 
 079B  24 03                    		and	al,3 
 079D  BB 37A2                  		mov	bx,data_61e 
 07A0  D7                       		xlat				; al=[al+[bx]] table 
Microsoft (R) Macro Assembler  Version 4.00                 3/29/26 15:14:47

                                                            Page     1-26
                                                            

 07A1  AA                       		stosb				; Store al to es:[di] 
 07A2  B0 FF                    		mov	al,0FFh 
 07A4  AA                       		stosb				; Store al to es:[di] 
                                		retn 
 07A5  C3                     1                 db     0C3h
                                sub_19		endp 
                                 
                                			                        ;* No entry point to code 
 07A6  55                       		push	bp 
 07A7  AA                       		stosb				; Store al to es:[di] 
 07A8  FF AA 070E               		jmp	dword ptr ss:[70Eh][bp+si]	;* 
 07AC  BF A0 ED 8B F7           		db	0BFh,0A0h,0EDh, 8Bh,0F7h 
 07B1                           loc_95: 
 07B1  80 3C FF                 		cmp	byte ptr [si],0FFh 
 07B4  75 04                    		jne	loc_96			; Jump if not equal 
 07B6  C6 05 FF                 		mov	byte ptr [di],0FFh 
                                		retn 
 07B9  C3                     1                 db     0C3h
 07BA                           loc_96: 
 07BA  8A 44 01                 		mov	al,[si+1] 
 07BD  B1 1C                    		mov	cl,1Ch 
 07BF  F6 E1                    		mul	cl			; ax = reg * al 
 07C1  8A 0C                    		mov	cl,[si] 
 07C3  32 ED                    		xor	ch,ch			; Zero register 
 07C5  03 C1                    		add	ax,cx 
 07C7  57                       		push	di 
 07C8  05 E900                  		add	ax,0E900h 
 07CB  8B F8                    		mov	di,ax 
 07CD  B0 FE                    		mov	al,0FEh 
 07CF  AA                       		stosb				; Store al to es:[di] 
 07D0  AA                       		stosb				; Store al to es:[di] 
 07D1  83 C7 1A                 		add	di,1Ah 
 07D4  AA                       		stosb				; Store al to es:[di] 
 07D5  AA                       		stosb				; Store al to es:[di] 
 07D6  5F                       		pop	di 
 07D7  8A 04                    		mov	al,[si] 
 07D9  32 E4                    		xor	ah,ah			; Zero register 
 07DB  03 C0                    		add	ax,ax 
 07DD  05 04FD                  		add	ax,4FDh 
 07E0  33 C9                    		xor	cx,cx			; Zero register 
 07E2  8A 4C 01                 		mov	cl,[si+1] 
 07E5  E3 0D                    		jcxz	loc_99			; Jump if cx=0 
                                 
 07E7                           locloop_97: 
 07E7  05 40B4                  		add	ax,40B4h 
 07EA  3D 6000                  		cmp	ax,6000h 
 07ED  72 03                    		jb	loc_98			; Jump if below 
 07EF  05 A05A                  		add	ax,0A05Ah 
 07F2                           loc_98: 
 07F2  E2 F3                    		loop	locloop_97		; Loop if cx > 0 
                                 
 07F4                           loc_99: 
 07F4  56                       		push	si 
 07F5  57                       		push	di 
 07F6  06                       		push	es 
Microsoft (R) Macro Assembler  Version 4.00                 3/29/26 15:14:47

                                                            Page     1-27
                                                            

 07F7  50                       		push	ax 
 07F8  8A 5C 02                 		mov	bl,[si+2] 
 07FB  80 E3 03                 		and	bl,3 
 07FE  02 DB                    		add	bl,bl 
 0800  32 FF                    		xor	bh,bh			; Zero register 
 0802  8B B7 3844               		mov	si,ds:data_62e[bx] 
 0806  5F                       		pop	di 
 0807  B8 B000                  		mov	ax,0B000h 
 080A  8E C0                    		mov	es,ax 
 080C  B9 0010                  		mov	cx,10h 
                                 
 080F                           locloop_100: 
 080F  AD                       		lodsw				; String [si] to ax 
 0810  8B D8                    		mov	bx,ax 
 0812  AD                       		lodsw				; String [si] to ax 
 0813  26: 09 1D                		or	es:[di],bx 
 0816  26: 09 45 02             		or	es:[di+2],ax 
 081A  81 C7 2000               		add	di,2000h 
 081E  81 FF 6000               		cmp	di,data_132e 
 0822  72 0B                    		jb	loc_101			; Jump if below 
 0824  26: 09 1D                		or	es:[di],bx 
 0827  26: 09 45 02             		or	es:[di+2],ax 
 082B  81 C7 A05A               		add	di,data_97e 
 082F                           loc_101: 
 082F  E2 DE                    		loop	locloop_100		; Loop if cx > 0 
                                 
 0831  07                       		pop	es 
 0832  5F                       		pop	di 
 0833  5E                       		pop	si 
 0834  FE 4C 02                 		dec	byte ptr [si+2] 
 0837  80 7C 02 FF              		cmp	byte ptr [si+2],0FFh 
 083B  74 05                    		je	loc_102			; Jump if equal 
 083D  A5                       		movsw				; Mov [si] to es:[di] 
 083E  A5                       		movsw				; Mov [si] to es:[di] 
 083F  83 EE 04                 		sub	si,4 
 0842                           loc_102: 
 0842  83 C6 04                 		add	si,4 
 0845  E9 07B1 R                		jmp	loc_95 
                                			                        ;* No entry point to code 
 0848  0C 39                    		or	al,39h			; '9' 
 084A  CC                       		int	3			; Debug breakpoint 
 084B  38 8C 4C38               		cmp	ds:data_66e[si],cl 
 084F  38 00                    		cmp	[bx+si],al 
 0851  0010[                    		db	16 dup (0) 
            00                  
                         ]      
                                
 0861  0B D0 00 00 5F FA        		db	 0Bh,0D0h, 00h, 00h, 5Fh,0FAh 
 0867  00 00 7F FE 00 00        		db	 00h, 00h, 7Fh,0FEh, 00h, 00h 
 086D  FF FF 00 00 FF FF        		db	0FFh,0FFh, 00h, 00h,0FFh,0FFh 
 0873  00 00 7F FE 00 00        		db	 00h, 00h, 7Fh,0FEh, 00h, 00h 
 0879  5F FA 00 00 0B D0        		db	 5Fh,0FAh, 00h, 00h, 0Bh,0D0h 
 087F  001A[                    		db	26 dup (0) 
            00                  
                         ]      
Microsoft (R) Macro Assembler  Version 4.00                 3/29/26 15:14:47

                                                            Page     1-28
                                                            

                                
 0899  2F F4 00 00 FF FF        		db	 2Fh,0F4h, 00h, 00h,0FFh,0FFh 
 089F  00 03 FF FF C0 07        		db	 00h, 03h,0FFh,0FFh,0C0h, 07h 
 08A5  FF FF E0 0F FA 5F        		db	0FFh,0FFh,0E0h, 0Fh,0FAh, 5Fh 
 08AB  F0 0F F0 0F F0 0F        		db	0F0h, 0Fh,0F0h, 0Fh,0F0h, 0Fh 
 08B1  F0 0F F0 0F FA 5F        		db	0F0h, 0Fh,0F0h, 0Fh,0FAh, 5Fh 
 08B7  F0 07 FF FF E0 03        		db	0F0h, 07h,0FFh,0FFh,0E0h, 03h 
 08BD  FF FF C0 00 FF FF        		db	0FFh,0FFh,0C0h, 00h,0FFh,0FFh 
 08C3  00 00 2F F4              		db	 00h, 00h, 2Fh,0F4h 
 08C7  000A[                    		db	10 dup (0) 
            00                  
                         ]      
                                
 08D1  2F F4 00 01 7F FE        		db	 2Fh,0F4h, 00h, 01h, 7Fh,0FEh 
 08D7  80 07 FF FF E0 0F        		db	 80h, 07h,0FFh,0FFh,0E0h, 0Fh 
 08DD  FF FF F0 3F F4 2F        		db	0FFh,0FFh,0F0h, 3Fh,0F4h, 2Fh 
 08E3  FC 7F A0 05 FE 7F        		db	0FCh, 7Fh,0A0h, 05h,0FEh, 7Fh 
 08E9  80 01 FE FF 00 00        		db	 80h, 01h,0FEh,0FFh, 00h, 00h 
 08EF  FF FF 00 00 FF 7F        		db	0FFh,0FFh, 00h, 00h,0FFh, 7Fh 
 08F5  80 01 FE 7F A0 05        		db	 80h, 01h,0FEh, 7Fh,0A0h, 05h 
 08FB  FE 3F F4 2F FC 0F        		db	0FEh, 3Fh,0F4h, 2Fh,0FCh, 0Fh 
 0901  FF FF F0 07 FF FF        		db	0FFh,0FFh,0F0h, 07h,0FFh,0FFh 
 0907  E0 01 7F FE 80 00        		db	0E0h, 01h, 7Fh,0FEh, 80h, 00h 
 090D  2F F4 00 00 2F F4        		db	 2Fh,0F4h, 00h, 00h, 2Fh,0F4h 
 0913  00 01                    		db	 00h, 01h 
 0915                           loc_103: 
 0915  7F FE                    		jg	loc_103			; Jump if > 
 0917  80 07 D0                 		add	byte ptr [bx],0D0h 
 091A  0B E0                    		or	sp,ax 
                                ;*		pop	cs			; Dangerous-8088 only 
 091C  0F                       		db	0Fh			;  Fixup - byte match 
 091D  00 00                    		add	[bx+si],al 
 091F  F0/ 3C 00                                           lock	cmp	al,0 
 0922  00 3C                    		add	[si],bh 
 0924  78 00                    		js	$+2			; delay for I/O 
 0926  00 1E 0070               		add	byte ptr ds:[70h],bl 
 092A  00 0E 00F0               		add	byte ptr ds:[0F0h],cl 
 092E  00 0F                    		add	[bx],cl 
 0930  F0/ 00 00                                           lock	add	[bx+si],al 
                                ;*		pop	cs			; Dangerous-8088 only 
 0933  0F                       		db	0Fh			;  Fixup - byte match 
 0934  70 00                    		jo	$+2			; delay for I/O 
 0936  00 0E 0078               		add	byte ptr ds:[78h],cl 
 093A  00 1E 003C R             		add	data_9,bl 
 093E  00 3C                    		add	[si],bh 
                                ;*		pop	cs			; Dangerous-8088 only 
 0940  0F                       		db	0Fh			;  Fixup - byte match 
 0941  00 00                    		add	[bx+si],al 
 0943  F0/ 07                                              lock	pop	es 
 0945  D0 0B                    		ror	byte ptr [bp+di],1	; Rotate 
                                ;*		loopnz	locloop_105		;*Loop if zf=0, cx>0 
                                 
 0947  E0 01                    		db	0E0h, 01h		;  Fixup - byte match 
 0949                           loc_104: 
 0949  7F FE                    		jg	loc_104			; Jump if > 
Microsoft (R) Macro Assembler  Version 4.00                 3/29/26 15:14:47

                                                            Page     1-29
                                                            

 094B  80 00 2F                 		add	byte ptr [bx+si],2Fh	; '/' 
 094E  F4                       		hlt				; Halt processor 
 094F  00 BF 500D               		add	ds:data_89e[bx],bh 
 0953  0E                       		push	cs 
 0954  07                       		pop	es 
 0955  33 C0                    		xor	ax,ax			; Zero register 
 0957  AB                       		stosw				; Store ax to es:[di] 
 0958  AB                       		stosw				; Store ax to es:[di] 
 0959  AB                       		stosw				; Store ax to es:[di] 
 095A  AB                       		stosw				; Store ax to es:[di] 
 095B  AA                       		stosb				; Store al to es:[di] 
 095C  BF 4FF9                  		mov	di,data_86e 
 095F  B9 0008                  		mov	cx,8 
 0962  F3/ AB                   		rep	stosw			; Rep when cx >0 Store ax to es:[di] 
 0964  EB 3C                    		jmp	short loc_109 
                                			                        ;* No entry point to code 
 0966  E8 0D6F R                		call	sub_22 
 0969  BF 4FF9                  		mov	di,data_86e 
 096C  8A 16 FF35               		mov	dl,ds:data_112e 
 0970  FE CA                    		dec	dl 
 0972  B9 0004                  		mov	cx,4 
                                 
 0975                           locloop_106: 
 0975  51                       		push	cx 
 0976  80 E2 3F                 		and	dl,3Fh			; '?' 
 0979  B0 24                    		mov	al,24h			; '$' 
 097B  F6 E2                    		mul	dl			; ax = reg * al 
 097D  8B D8                    		mov	bx,ax 
 097F  81 C3 E000               		add	bx,data_101e 
 0983  A0 0083                  		mov	al,byte ptr ds:[83h] 
 0986  04 03                    		add	al,3 
 0988  32 E4                    		xor	ah,ah			; Zero register 
 098A  03 D8                    		add	bx,ax 
 098C  B9 0004                  		mov	cx,4 
                                 
 098F                           locloop_107: 
 098F  8A 07                    		mov	al,[bx] 
 0991  0A C0                    		or	al,al			; Zero ? 
 0993  78 02                    		js	loc_108			; Jump if sign=1 
 0995  32 C0                    		xor	al,al			; Zero register 
 0997                           loc_108: 
 0997  88 05                    		mov	[di],al 
 0999  43                       		inc	bx 
 099A  47                       		inc	di 
 099B  E2 F2                    		loop	locloop_107		; Loop if cx > 0 
                                 
 099D  FE C2                    		inc	dl 
 099F  59                       		pop	cx 
 09A0  E2 D3                    		loop	locloop_106		; Loop if cx > 0 
                                 
 09A2                           loc_109: 
 09A2  8A 1E 0084               		mov	bl,byte ptr ds:[84h] 
 09A6  02 DB                    		add	bl,bl 
 09A8  02 DB                    		add	bl,bl 
 09AA  02 DB                    		add	bl,bl 
Microsoft (R) Macro Assembler  Version 4.00                 3/29/26 15:14:47

                                                            Page     1-30
                                                            

 09AC  80 C3 0E                 		add	bl,0Eh 
 09AF  8A 3E 0083               		mov	bh,byte ptr ds:[83h] 
 09B3  80 C7 06                 		add	bh,6 
 09B6  02 FF                    		add	bh,bh 
 09B8  E8 1E4A R                		call	sub_46 
 09BB  A3 4FE6                  		mov	ds:data_73e,ax 
 09BE  C6 06 4FEB 00            		mov	byte ptr ds:data_76e,0 
 09C3  BE 500D                  		mov	si,500Dh 
 09C6  BF 4FF9                  		mov	di,data_86e 
 09C9  B9 0003                  		mov	cx,3 
                                 
 09CC                           locloop_110: 
 09CC  51                       		push	cx 
 09CD  B9 0003                  		mov	cx,3 
                                 
 09D0                           locloop_111: 
 09D0  51                       		push	cx 
 09D1  B8 3A2F                  		mov	ax,3A2Fh 
 09D4  50                       		push	ax 
 09D5  8A 05                    		mov	al,[di] 
 09D7  0A 45 01                 		or	al,[di+1] 
 09DA  0A 45 04                 		or	al,[di+4] 
 09DD  0A 45 05                 		or	al,[di+5] 
 09E0  75 03                    		jnz	loc_112			; Jump if not zero 
 09E2  E9 0CDB R                		jmp	loc_149 
 09E5                           loc_112: 
 09E5  F6 05 FF                 		test	byte ptr [di],0FFh 
 09E8  74 0F                    		jz	loc_113			; Jump if zero 
 09EA  8A 05                    		mov	al,[di] 
 09EC  56                       		push	si 
 09ED  E8 06DF R                		call	sub_18 
 09F0  46                       		inc	si 
 09F1  46                       		inc	si 
 09F2  46                       		inc	si 
 09F3  8A 04                    		mov	al,[si] 
 09F5  5E                       		pop	si 
 09F6  E9 0D13 R                		jmp	loc_151 
 09F9                           loc_113: 
 09F9  F6 45 01 FF              		test	byte ptr [di+1],0FFh 
 09FD  74 0F                    		jz	loc_114			; Jump if zero 
 09FF  8A 45 01                 		mov	al,[di+1] 
 0A02  56                       		push	si 
 0A03  E8 06DF R                		call	sub_18 
 0A06  46                       		inc	si 
 0A07  46                       		inc	si 
 0A08  8A 04                    		mov	al,[si] 
 0A0A  5E                       		pop	si 
 0A0B  E9 0D13 R                		jmp	loc_151 
 0A0E                           loc_114: 
 0A0E  F6 45 04 FF              		test	byte ptr [di+4],0FFh 
 0A12  74 0E                    		jz	loc_115			; Jump if zero 
 0A14  8A 45 04                 		mov	al,[di+4] 
 0A17  56                       		push	si 
 0A18  E8 06DF R                		call	sub_18 
 0A1B  46                       		inc	si 
Microsoft (R) Macro Assembler  Version 4.00                 3/29/26 15:14:47

                                                            Page     1-31
                                                            

 0A1C  8A 04                    		mov	al,[si] 
 0A1E  5E                       		pop	si 
 0A1F  E9 0D13 R                		jmp	loc_151 
 0A22                           loc_115: 
 0A22  8A 45 05                 		mov	al,[di+5] 
 0A25  56                       		push	si 
 0A26  E8 06DF R                		call	sub_18 
 0A29  8A 0C                    		mov	cl,[si] 
 0A2B  5E                       		pop	si 
 0A2C  88 04                    		mov	[si],al 
 0A2E  8A C1                    		mov	al,cl 
 0A30  E9 0D13 R                		jmp	loc_151 
                                			                        ;* No entry point to code 
 0A33  FE 06 4FEB               		inc	byte ptr ds:data_76e 
 0A37  47                       		inc	di 
 0A38  46                       		inc	si 
 0A39  59                       		pop	cx 
 0A3A  E2 94                    		loop	locloop_111		; Loop if cx > 0 
                                 
 0A3C  59                       		pop	cx 
 0A3D  47                       		inc	di 
 0A3E  E2 8C                    		loop	locloop_110		; Loop if cx > 0 
                                 
 0A40  8A 1E FF36               		mov	bl,ds:data_113e 
 0A44  80 E3 03                 		and	bl,3 
 0A47  32 FF                    		xor	bh,bh			; Zero register 
 0A49  03 DB                    		add	bx,bx 
 0A4B  2E: 8B 87 4F86           		mov	ax,cs:data_69e[bx] 
 0A50  2E: A3 4FE2              		mov	cs:data_70e,ax 
 0A54  2E: 8E 06 FF2C           		mov	es,cs:data_107e 
 0A59  A0 00E8                  		mov	al,byte ptr ds:[0E8h] 
 0A5C  0A 06 FF39               		or	al,ds:data_116e 
 0A60  0A 06 FF3A               		or	al,ds:data_117e 
 0A64  74 03                    		jz	loc_116			; Jump if zero 
 0A66  E9 0B2B R                		jmp	loc_126 
 0A69                           loc_116: 
 0A69  B1 FF                    		mov	cl,0FFh 
 0A6B  BE 6117                  		mov	si,6117h 
 0A6E  F6 06 00C2 01            		test	byte ptr ds:[0C2h],1 
 0A73  74 05                    		jz	loc_117			; Jump if zero 
 0A75  32 C9                    		xor	cl,cl			; Zero register 
 0A77  BE 61B9                  		mov	si,61B9h 
 0A7A                           loc_117: 
 0A7A  F6 06 FF40 FF            		test	byte ptr ds:data_120e,0FFh 
 0A7F  74 42                    		jz	loc_121			; Jump if zero 
 0A81  FE C1                    		inc	cl 
 0A83  75 1A                    		jnz	loc_118			; Jump if not zero 
 0A85  A0 FF3F                  		mov	al,ds:data_119e 
 0A88  D0 E8                    		shr	al,1			; Shift w/zeros fill 
 0A8A  B1 09                    		mov	cl,9 
 0A8C  F6 E1                    		mul	cl			; ax = reg * al 
 0A8E  50                       		push	ax 
 0A8F  E8 0CC9 R                		call	sub_21 
 0A92  B1 24                    		mov	cl,24h			; '$' 
 0A94  F6 E1                    		mul	cl			; ax = reg * al 
Microsoft (R) Macro Assembler  Version 4.00                 3/29/26 15:14:47

                                                            Page     1-32
                                                            

 0A96  5E                       		pop	si 
 0A97  03 F0                    		add	si,ax 
 0A99  81 C6 62C7               		add	si,62C7h 
 0A9D  EB 6D                    		jmp	short loc_124 
 0A9F                           loc_118: 
 0A9F  A0 FF3F                  		mov	al,ds:data_119e 
 0AA2  D0 E8                    		shr	al,1			; Shift w/zeros fill 
 0AA4  B1 09                    		mov	cl,9 
 0AA6  F6 E1                    		mul	cl			; ax = reg * al 
 0AA8  05 0024                  		add	ax,24h 
 0AAB  8A 16 FF41               		mov	dl,ds:data_121e 
 0AAF  FE CA                    		dec	dl 
 0AB1  75 05                    		jnz	loc_119			; Jump if not zero 
 0AB3  05 0024                  		add	ax,24h 
 0AB6  EB 07                    		jmp	short loc_120 
 0AB8                           loc_119: 
 0AB8  FE CA                    		dec	dl 
 0ABA  75 03                    		jnz	loc_120			; Jump if not zero 
 0ABC  B8 0063                  		mov	ax,63h 
 0ABF                           loc_120: 
 0ABF  03 F0                    		add	si,ax 
 0AC1  EB 49                    		jmp	short loc_124 
 0AC3                           loc_121: 
 0AC3  E8 0CC9 R                		call	sub_21 
 0AC6  0A C0                    		or	al,al			; Zero ? 
 0AC8  74 24                    		jz	loc_123			; Jump if zero 
 0ACA  FE C8                    		dec	al 
 0ACC  8A C8                    		mov	cl,al 
 0ACE  F6 06 00C2 01            		test	byte ptr ds:[0C2h],1 
 0AD3  75 19                    		jnz	loc_123			; Jump if not zero 
 0AD5  B8 006C                  		mov	ax,6Ch 
 0AD8  8A 16 FF38               		mov	dl,ds:data_115e 
 0ADC  80 E2 09                 		and	dl,9 
 0ADF  32 F6                    		xor	dh,dh			; Zero register 
 0AE1  03 C2                    		add	ax,dx 
 0AE3  0A C9                    		or	cl,cl			; Zero ? 
 0AE5  74 03                    		jz	loc_122			; Jump if zero 
 0AE7  05 001B                  		add	ax,1Bh 
 0AEA                           loc_122: 
 0AEA  03 F0                    		add	si,ax 
 0AEC  EB 1E                    		jmp	short loc_124 
 0AEE                           loc_123: 
 0AEE  F6 06 FF38 FF            		test	byte ptr ds:data_115e,0FFh 
 0AF3  75 36                    		jnz	loc_126			; Jump if not zero 
 0AF5  A0 00E7                  		mov	al,byte ptr ds:[0E7h] 
 0AF8  3C 80                    		cmp	al,80h 
 0AFA  74 2F                    		je	loc_126			; Jump if equal 
 0AFC  04 02                    		add	al,2 
 0AFE  24 03                    		and	al,3 
 0B00  A8 01                    		test	al,1 
 0B02  75 27                    		jnz	loc_126			; Jump if not zero 
 0B04  B1 09                    		mov	cl,9 
 0B06  F6 E1                    		mul	cl			; ax = reg * al 
 0B08  03 F0                    		add	si,ax 
 0B0A  EB 14                    		jmp	short loc_125 
Microsoft (R) Macro Assembler  Version 4.00                 3/29/26 15:14:47

                                                            Page     1-33
                                                            

 0B0C                           loc_124: 
 0B0C  F6 06 FF38 FF            		test	byte ptr ds:data_115e,0FFh 
 0B11  74 0D                    		jz	loc_125			; Jump if zero 
 0B13  B9 0006                  		mov	cx,6 
 0B16  C6 06 4FEB 03            		mov	byte ptr ds:data_76e,3 
 0B1B  E8 0C87 R                		call	sub_20 
 0B1E  EB 0B                    		jmp	short loc_126 
 0B20                           loc_125: 
 0B20  B9 0009                  		mov	cx,9 
 0B23  C6 06 4FEB 00            		mov	byte ptr ds:data_76e,0 
 0B28  E8 0C87 R                		call	sub_20 
 0B2B                           loc_126: 
 0B2B  BE 610E                  		mov	si,610Eh 
 0B2E  F6 06 FF3A FF            		test	byte ptr ds:data_117e,0FFh 
 0B33  75 68                    		jnz	loc_131			; Jump if not zero 
 0B35  BE 60EA                  		mov	si,60EAh 
 0B38  F6 06 FF39 FF            		test	byte ptr ds:data_116e,0FFh 
 0B3D  75 53                    		jnz	loc_129			; Jump if not zero 
 0B3F  BE 6075                  		mov	si,6075h 
 0B42  F6 06 00C2 01            		test	byte ptr ds:[0C2h],1 
 0B47  75 03                    		jnz	loc_127			; Jump if not zero 
 0B49  BE 6000                  		mov	si,data_2e 
 0B4C                           loc_127: 
 0B4C  F6 06 00E8 FF            		test	byte ptr ds:[0E8h],0FFh 
 0B51  74 05                    		jz	loc_128			; Jump if zero 
 0B53  83 C6 5A                 		add	si,5Ah 
 0B56  EB 3A                    		jmp	short loc_129 
 0B58                           loc_128: 
 0B58  B8 002D                  		mov	ax,2Dh 
 0B5B  F6 06 FF38 FF            		test	byte ptr ds:data_115e,0FFh 
 0B60  75 39                    		jnz	loc_130			; Jump if not zero 
 0B62  B8 003F                  		mov	ax,3Fh 
 0B65  F6 06 FF3D 80            		test	byte ptr ds:data_118e,80h 
 0B6A  75 2F                    		jnz	loc_130			; Jump if not zero 
 0B6C  8A 0E FF42               		mov	cl,ds:data_122e 
 0B70  B8 0048                  		mov	ax,48h 
 0B73  FE C9                    		dec	cl 
 0B75  74 24                    		jz	loc_130			; Jump if zero 
 0B77  B8 0051                  		mov	ax,51h 
 0B7A  FE C9                    		dec	cl 
 0B7C  74 1D                    		jz	loc_130			; Jump if zero 
 0B7E  B8 0036                  		mov	ax,36h 
 0B81  80 3E FF3D 7F            		cmp	byte ptr ds:data_118e,7Fh 
 0B86  74 13                    		je	loc_130			; Jump if equal 
 0B88  B8 0024                  		mov	ax,24h 
 0B8B  80 3E 00E7 80            		cmp	byte ptr ds:[0E7h],80h 
 0B90  74 09                    		je	loc_130			; Jump if equal 
 0B92                           loc_129: 
 0B92  A0 00E7                  		mov	al,byte ptr ds:[0E7h] 
 0B95  24 03                    		and	al,3 
 0B97  B1 09                    		mov	cl,9 
 0B99  F6 E1                    		mul	cl			; ax = reg * al 
 0B9B                           loc_130: 
 0B9B  03 F0                    		add	si,ax 
 0B9D                           loc_131: 
Microsoft (R) Macro Assembler  Version 4.00                 3/29/26 15:14:47

                                                            Page     1-34
                                                            

 0B9D  B9 0009                  		mov	cx,9 
 0BA0  C6 06 4FEB 00            		mov	byte ptr ds:data_76e,0 
 0BA5  E8 0C87 R                		call	sub_20 
 0BA8  F6 06 00E8 FF            		test	byte ptr ds:[0E8h],0FFh 
 0BAD  74 01                    		jz	loc_132			; Jump if zero 
                                		retn 
 0BAF  C3                     1                 db     0C3h
 0BB0                           loc_132: 
 0BB0  B1 FF                    		mov	cl,0FFh 
 0BB2  BE 61B9                  		mov	si,61B9h 
 0BB5  F6 06 00C2 01            		test	byte ptr ds:[0C2h],1 
 0BBA  75 05                    		jnz	loc_133			; Jump if not zero 
 0BBC  32 C9                    		xor	cl,cl			; Zero register 
 0BBE  BE 6117                  		mov	si,6117h 
 0BC1                           loc_133: 
 0BC1  A0 FF39                  		mov	al,ds:data_116e 
 0BC4  0A 06 FF3A               		or	al,ds:data_117e 
 0BC8  74 17                    		jz	loc_135			; Jump if zero 
 0BCA  E8 0CC9 R                		call	sub_21 
 0BCD  0A C0                    		or	al,al			; Zero ? 
 0BCF  75 01                    		jnz	loc_134			; Jump if not zero 
                                		retn 
 0BD1  C3                     1                 db     0C3h
 0BD2                           loc_134: 
 0BD2  FE C8                    		dec	al 
 0BD4  D0 E8                    		shr	al,1			; Shift w/zeros fill 
 0BD6  1A C0                    		sbb	al,al 
 0BD8  24 1B                    		and	al,1Bh 
 0BDA  04 7E                    		add	al,7Eh			; '~' 
 0BDC  32 E4                    		xor	ah,ah			; Zero register 
 0BDE  E9 0C6A R                		jmp	loc_142 
 0BE1                           loc_135: 
 0BE1  F6 06 FF40 FF            		test	byte ptr ds:data_120e,0FFh 
 0BE6  74 42                    		jz	loc_139			; Jump if zero 
 0BE8  FE C1                    		inc	cl 
 0BEA  75 1A                    		jnz	loc_136			; Jump if not zero 
 0BEC  A0 FF3F                  		mov	al,ds:data_119e 
 0BEF  D0 E8                    		shr	al,1			; Shift w/zeros fill 
 0BF1  B1 09                    		mov	cl,9 
 0BF3  F6 E1                    		mul	cl			; ax = reg * al 
 0BF5  50                       		push	ax 
 0BF6  E8 0CC9 R                		call	sub_21 
 0BF9  B1 24                    		mov	cl,24h			; '$' 
 0BFB  F6 E1                    		mul	cl			; ax = reg * al 
 0BFD  5E                       		pop	si 
 0BFE  03 F0                    		add	si,ax 
 0C00  81 C6 625B               		add	si,625Bh 
 0C04  EB 66                    		jmp	short loc_143 
 0C06                           loc_136: 
 0C06  A0 FF3F                  		mov	al,ds:data_119e 
 0C09  D0 E8                    		shr	al,1			; Shift w/zeros fill 
 0C0B  B1 09                    		mov	cl,9 
 0C0D  F6 E1                    		mul	cl			; ax = reg * al 
 0C0F  05 0024                  		add	ax,24h 
 0C12  8A 16 FF41               		mov	dl,ds:data_121e 
Microsoft (R) Macro Assembler  Version 4.00                 3/29/26 15:14:47

                                                            Page     1-35
                                                            

 0C16  FE CA                    		dec	dl 
 0C18  75 05                    		jnz	loc_137			; Jump if not zero 
 0C1A  05 0024                  		add	ax,24h 
 0C1D  EB 07                    		jmp	short loc_138 
 0C1F                           loc_137: 
 0C1F  FE CA                    		dec	dl 
 0C21  75 03                    		jnz	loc_138			; Jump if not zero 
 0C23  B8 0063                  		mov	ax,63h 
 0C26                           loc_138: 
 0C26  03 F0                    		add	si,ax 
 0C28  EB 42                    		jmp	short loc_143 
 0C2A                           loc_139: 
 0C2A  F6 06 00C2 01            		test	byte ptr ds:[0C2h],1 
 0C2F  74 1F                    		jz	loc_141			; Jump if zero 
 0C31  E8 0CC9 R                		call	sub_21 
 0C34  0A C0                    		or	al,al			; Zero ? 
 0C36  74 18                    		jz	loc_141			; Jump if zero 
 0C38  FE C8                    		dec	al 
 0C3A  8A C8                    		mov	cl,al 
 0C3C  A0 FF38                  		mov	al,ds:data_115e 
 0C3F  24 09                    		and	al,9 
 0C41  04 6C                    		add	al,6Ch			; 'l' 
 0C43  32 E4                    		xor	ah,ah			; Zero register 
 0C45  0A C9                    		or	cl,cl			; Zero ? 
 0C47  74 03                    		jz	loc_140			; Jump if zero 
 0C49  05 001B                  		add	ax,1Bh 
 0C4C                           loc_140: 
 0C4C  03 F0                    		add	si,ax 
 0C4E  EB 1C                    		jmp	short loc_143 
 0C50                           loc_141: 
 0C50  B8 001B                  		mov	ax,1Bh 
 0C53  F6 06 FF38 FF            		test	byte ptr ds:data_115e,0FFh 
 0C58  75 10                    		jnz	loc_142			; Jump if not zero 
 0C5A  8A 0E 00E7               		mov	cl,byte ptr ds:[0E7h] 
 0C5E  80 F9 80                 		cmp	cl,80h 
 0C61  74 07                    		je	loc_142			; Jump if equal 
 0C63  80 E1 03                 		and	cl,3 
 0C66  B0 09                    		mov	al,9 
 0C68  F6 E1                    		mul	cl			; ax = reg * al 
 0C6A                           loc_142: 
 0C6A  03 F0                    		add	si,ax 
 0C6C                           loc_143: 
 0C6C  F6 06 FF38 FF            		test	byte ptr ds:data_115e,0FFh 
 0C71  74 0A                    		jz	loc_144			; Jump if zero 
 0C73  B9 0006                  		mov	cx,6 
 0C76  C6 06 4FEB 03            		mov	byte ptr ds:data_76e,3 
 0C7B  EB 0A                    		jmp	short locloop_145 
 0C7D                           loc_144: 
 0C7D  B9 0009                  		mov	cx,9 
 0C80  C6 06 4FEB 00            		mov	byte ptr ds:data_76e,0 
 0C85  EB 00                    		jmp	short locloop_145 
                                 
                                ;ﬂﬂﬂﬂﬂﬂﬂﬂﬂﬂﬂﬂﬂﬂﬂﬂﬂﬂﬂﬂﬂﬂﬂﬂﬂﬂﬂﬂﬂﬂﬂﬂﬂﬂﬂﬂﬂﬂﬂﬂﬂﬂﬂﬂﬂﬂﬂﬂﬂﬂﬂﬂﬂﬂﬂﬂﬂﬂﬂﬂﬂﬂﬂﬂﬂﬂﬂﬂﬂﬂﬂﬂﬂﬂ 
                                ;                              SUBROUTINE 
                                ;‹‹‹‹‹‹‹‹‹‹‹‹‹‹‹‹‹‹‹‹‹‹‹‹‹‹‹‹‹‹‹‹‹‹‹‹‹‹‹‹‹‹‹‹‹‹‹‹‹‹‹‹‹‹‹‹‹‹‹‹‹‹‹‹‹‹‹‹‹‹‹‹‹‹ 
Microsoft (R) Macro Assembler  Version 4.00                 3/29/26 15:14:47

                                                            Page     1-36
                                                            

                                 
 0C87                           sub_20		proc	near 
                                 
 0C87                           locloop_145: 
 0C87  51                       		push	cx 
 0C88  26: 8A 04                		mov	al,es:[si] 
 0C8B  0A C0                    		or	al,al			; Zero ? 
 0C8D  74 31                    		jz	loc_146			; Jump if zero 
 0C8F  06                       		push	es 
 0C90  1E                       		push	ds 
 0C91  56                       		push	si 
 0C92  57                       		push	di 
 0C93  B5 10                    		mov	ch,10h 
 0C95  F6 E5                    		mul	ch			; ax = reg * al 
 0C97  8B F0                    		mov	si,ax 
 0C99  81 C6 6333               		add	si,data_3e 
 0C9D  8B E8                    		mov	bp,ax 
 0C9F  81 C5 D000               		add	bp,data_8e 
 0CA3  2E: 8E 1E FF2C           		mov	ds,cs:data_107e 
 0CA8  8B FA                    		mov	di,dx 
 0CAA  0E                       		push	cs 
 0CAB  07                       		pop	es 
 0CAC  2E: A0 4FEB              		mov	al,cs:data_76e 
 0CB0  B1 10                    		mov	cl,10h 
 0CB2  F6 E1                    		mul	cl			; ax = reg * al 
 0CB4  05 5216                  		add	ax,5216h 
 0CB7  8B F8                    		mov	di,ax 
 0CB9  E8 0631 R                		call	sub_11 
 0CBC  5F                       		pop	di 
 0CBD  5E                       		pop	si 
 0CBE  1F                       		pop	ds 
 0CBF  07                       		pop	es 
 0CC0                           loc_146: 
 0CC0  46                       		inc	si 
 0CC1  FE 06 4FEB               		inc	byte ptr ds:data_76e 
 0CC5  59                       		pop	cx 
 0CC6  E2 BF                    		loop	locloop_145		; Loop if cx > 0 
                                 
                                		retn 
 0CC8  C3                     1                 db     0C3h
                                sub_20		endp 
                                 
                                 
                                ;ﬂﬂﬂﬂﬂﬂﬂﬂﬂﬂﬂﬂﬂﬂﬂﬂﬂﬂﬂﬂﬂﬂﬂﬂﬂﬂﬂﬂﬂﬂﬂﬂﬂﬂﬂﬂﬂﬂﬂﬂﬂﬂﬂﬂﬂﬂﬂﬂﬂﬂﬂﬂﬂﬂﬂﬂﬂﬂﬂﬂﬂﬂﬂﬂﬂﬂﬂﬂﬂﬂﬂﬂﬂﬂ 
                                ;                              SUBROUTINE 
                                ;‹‹‹‹‹‹‹‹‹‹‹‹‹‹‹‹‹‹‹‹‹‹‹‹‹‹‹‹‹‹‹‹‹‹‹‹‹‹‹‹‹‹‹‹‹‹‹‹‹‹‹‹‹‹‹‹‹‹‹‹‹‹‹‹‹‹‹‹‹‹‹‹‹‹ 
                                 
 0CC9                           sub_21		proc	near 
 0CC9  A0 0093                  		mov	al,byte ptr ds:[93h] 
 0CCC  0A C0                    		or	al,al			; Zero ? 
 0CCE  75 01                    		jnz	loc_147			; Jump if not zero 
                                		retn 
 0CD0  C3                     1                 db     0C3h
 0CD1                           loc_147: 
 0CD1  3C 04                    		cmp	al,4 
Microsoft (R) Macro Assembler  Version 4.00                 3/29/26 15:14:47

                                                            Page     1-37
                                                            

 0CD3  B0 01                    		mov	al,1 
 0CD5  73 01                    		jnc	loc_148			; Jump if carry=0 
                                		retn 
 0CD7  C3                     1                 db     0C3h
 0CD8                           loc_148: 
 0CD8  B0 02                    		mov	al,2 
                                		retn 
 0CDA  C3                     1                 db     0C3h
                                sub_21		endp 
                                 
 0CDB                           loc_149: 
 0CDB  8A 04                    		mov	al,[si] 
 0CDD  1E                       		push	ds 
 0CDE  56                       		push	si 
 0CDF  57                       		push	di 
 0CE0  50                       		push	ax 
 0CE1  2E: 8E 1E FF2C           		mov	ds,cs:data_107e 
 0CE6  0E                       		push	cs 
 0CE7  07                       		pop	es 
 0CE8  2E: A0 4FEB              		mov	al,cs:data_76e 
 0CEC  B1 10                    		mov	cl,10h 
 0CEE  F6 E1                    		mul	cl			; ax = reg * al 
 0CF0  05 5216                  		add	ax,5216h 
 0CF3  8B F8                    		mov	di,ax 
 0CF5  58                       		pop	ax 
 0CF6  0A C0                    		or	al,al			; Zero ? 
 0CF8  74 12                    		jz	loc_150			; Jump if zero 
 0CFA  FE C8                    		dec	al 
 0CFC  B1 10                    		mov	cl,10h 
 0CFE  F6 E1                    		mul	cl			; ax = reg * al 
 0D00  05 8030                  		add	ax,8030h 
 0D03  8B F0                    		mov	si,ax 
 0D05  E8 06CA R                		call	sub_15 
 0D08  5F                       		pop	di 
 0D09  5E                       		pop	si 
 0D0A  1F                       		pop	ds 
                                		retn 
 0D0B  C3                     1                 db     0C3h
 0D0C                           loc_150: 
 0D0C  E8 06D0 R                		call	sub_16 
 0D0F  5F                       		pop	di 
 0D10  5E                       		pop	si 
 0D11  1F                       		pop	ds 
                                		retn 
 0D12  C3                     1                 db     0C3h
 0D13                           loc_151: 
 0D13  1E                       		push	ds 
 0D14  56                       		push	si 
 0D15  57                       		push	di 
 0D16  8A C8                    		mov	cl,al 
 0D18  8A 04                    		mov	al,[si] 
 0D1A  0A C0                    		or	al,al			; Zero ? 
 0D1C  79 03                    		jns	loc_152			; Jump if not sign 
 0D1E  E8 06D8 R                		call	sub_17 
 0D21                           loc_152: 
Microsoft (R) Macro Assembler  Version 4.00                 3/29/26 15:14:47

                                                            Page     1-38
                                                            

 0D21  50                       		push	ax 
 0D22  8A 1E 4FED               		mov	bl,ds:data_78e 
 0D26  32 FF                    		xor	bh,bh			; Zero register 
 0D28  03 DB                    		add	bx,bx 
 0D2A  2E: 8B 97 4F86           		mov	dx,cs:data_69e[bx] 
 0D2F  2E: 89 16 4FE2           		mov	cs:data_70e,dx 
 0D34  8A C1                    		mov	al,cl 
 0D36  B5 10                    		mov	ch,10h 
 0D38  F6 E5                    		mul	ch			; ax = reg * al 
 0D3A  8B F0                    		mov	si,ax 
 0D3C  81 C6 4000               		add	si,data_1e 
 0D40  8B E8                    		mov	bp,ax 
 0D42  81 C5 A000               		add	bp,0A000h 
 0D46  2E: 8E 1E FF2C           		mov	ds,cs:data_107e 
 0D4B  0E                       		push	cs 
 0D4C  07                       		pop	es 
 0D4D  2E: A0 4FEB              		mov	al,cs:data_76e 
 0D51  B1 10                    		mov	cl,10h 
 0D53  F6 E1                    		mul	cl			; ax = reg * al 
 0D55  05 5216                  		add	ax,5216h 
 0D58  8B F8                    		mov	di,ax 
 0D5A  58                       		pop	ax 
 0D5B  0A C0                    		or	al,al			; Zero ? 
 0D5D  74 09                    		jz	loc_153			; Jump if zero 
 0D5F  8A C8                    		mov	cl,al 
 0D61  E8 061B R                		call	sub_10 
 0D64  5F                       		pop	di 
 0D65  5E                       		pop	si 
 0D66  1F                       		pop	ds 
                                		retn 
 0D67  C3                     1                 db     0C3h
 0D68                           loc_153: 
 0D68  E8 0649 R                		call	sub_12 
 0D6B  5F                       		pop	di 
 0D6C  5E                       		pop	si 
 0D6D  1F                       		pop	ds 
                                		retn 
 0D6E  C3                     1                 db     0C3h
                                 
                                ;ﬂﬂﬂﬂﬂﬂﬂﬂﬂﬂﬂﬂﬂﬂﬂﬂﬂﬂﬂﬂﬂﬂﬂﬂﬂﬂﬂﬂﬂﬂﬂﬂﬂﬂﬂﬂﬂﬂﬂﬂﬂﬂﬂﬂﬂﬂﬂﬂﬂﬂﬂﬂﬂﬂﬂﬂﬂﬂﬂﬂﬂﬂﬂﬂﬂﬂﬂﬂﬂﬂﬂﬂﬂﬂ 
                                ;                              SUBROUTINE 
                                ;‹‹‹‹‹‹‹‹‹‹‹‹‹‹‹‹‹‹‹‹‹‹‹‹‹‹‹‹‹‹‹‹‹‹‹‹‹‹‹‹‹‹‹‹‹‹‹‹‹‹‹‹‹‹‹‹‹‹‹‹‹‹‹‹‹‹‹‹‹‹‹‹‹‹ 
                                 
 0D6F                           sub_22		proc	near 
 0D6F  8A 0E 0084               		mov	cl,byte ptr ds:[84h] 
 0D73  B0 24                    		mov	al,24h			; '$' 
 0D75  F6 E1                    		mul	cl			; ax = reg * al 
 0D77  8A 0E 0083               		mov	cl,byte ptr ds:[83h] 
 0D7B  80 C1 04                 		add	cl,4 
 0D7E  32 ED                    		xor	ch,ch			; Zero register 
 0D80  03 C1                    		add	ax,cx 
 0D82  03 06 FF31               		add	ax,ds:data_109e 
 0D86  8B F0                    		mov	si,ax 
 0D88  E8 1534 R                		call	sub_41 
 0D8B  BF 500D                  		mov	di,data_89e 
Microsoft (R) Macro Assembler  Version 4.00                 3/29/26 15:14:47

                                                            Page     1-39
                                                            

 0D8E  0E                       		push	cs 
 0D8F  07                       		pop	es 
 0D90  B9 0003                  		mov	cx,3 
                                 
 0D93                           locloop_154: 
 0D93  A5                       		movsw				; Mov [si] to es:[di] 
 0D94  A4                       		movsb				; Mov [si] to es:[di] 
 0D95  83 C6 21                 		add	si,21h 
 0D98  E8 1534 R                		call	sub_41 
 0D9B  E2 F6                    		loop	locloop_154		; Loop if cx > 0 
                                 
                                		retn 
 0D9D  C3                     1                 db     0C3h
                                sub_22		endp 
                                 
                                 
                                ;ﬂﬂﬂﬂﬂﬂﬂﬂﬂﬂﬂﬂﬂﬂﬂﬂﬂﬂﬂﬂﬂﬂﬂﬂﬂﬂﬂﬂﬂﬂﬂﬂﬂﬂﬂﬂﬂﬂﬂﬂﬂﬂﬂﬂﬂﬂﬂﬂﬂﬂﬂﬂﬂﬂﬂﬂﬂﬂﬂﬂﬂﬂﬂﬂﬂﬂﬂﬂﬂﬂﬂﬂﬂﬂ 
                                ;                              SUBROUTINE 
                                ;‹‹‹‹‹‹‹‹‹‹‹‹‹‹‹‹‹‹‹‹‹‹‹‹‹‹‹‹‹‹‹‹‹‹‹‹‹‹‹‹‹‹‹‹‹‹‹‹‹‹‹‹‹‹‹‹‹‹‹‹‹‹‹‹‹‹‹‹‹‹‹‹‹‹ 
                                 
 0D9E                           sub_23		proc	near 
 0D9E  A0 4FEA                  		mov	al,ds:data_75e 
 0DA1  F6 D8                    		neg	al 
 0DA3  04 12                    		add	al,12h 
 0DA5  8A C8                    		mov	cl,al 
 0DA7  F6 06 FF43 FF            		test	byte ptr ds:data_123e,0FFh 
 0DAC  75 0D                    		jnz	loc_156			; Jump if not zero 
 0DAE  A0 0084                  		mov	al,byte ptr ds:[84h] 
 0DB1  2C 02                    		sub	al,2 
 0DB3  3A C1                    		cmp	al,cl 
 0DB5  75 03                    		jne	loc_ret_155		; Jump if not equal 
 0DB7  E8 1068 R                		call	sub_28 
                                 
 0DBA                           loc_ret_155: 
                                		retn 
 0DBA  C3                     1                 db     0C3h
 0DBB                           loc_156: 
 0DBB  A0 0084                  		mov	al,byte ptr ds:[84h] 
 0DBE  2C 05                    		sub	al,5 
 0DC0  3A C8                    		cmp	cl,al 
 0DC2  73 01                    		jae	loc_157			; Jump if above or = 
                                		retn 
 0DC4  C3                     1                 db     0C3h
 0DC5                           loc_157: 
 0DC5  75 06                    		jnz	loc_158			; Jump if not zero 
 0DC7  E8 0F19 R                		call	sub_24 
 0DCA  E9 1068 R                		jmp	loc_194 
 0DCD                           loc_158: 
 0DCD  04 0A                    		add	al,0Ah 
 0DCF  3A C1                    		cmp	al,cl 
 0DD1  74 01                    		je	loc_159			; Jump if equal 
                                		retn 
 0DD3  C3                     1                 db     0C3h
 0DD4                           loc_159: 
 0DD4  E9 0FD9 R                		jmp	loc_185 
Microsoft (R) Macro Assembler  Version 4.00                 3/29/26 15:14:47

                                                            Page     1-40
                                                            

                                			                        ;* No entry point to code 
 0DD7  F6 06 FF43 FF            		test	byte ptr ds:data_123e,0FFh 
 0DDC  75 01                    		jnz	loc_160			; Jump if not zero 
                                		retn 
 0DDE  C3                     1                 db     0C3h
 0DDF                           loc_160: 
 0DDF  06                       		push	es 
 0DE0  56                       		push	si 
 0DE1  57                       		push	di 
 0DE2  53                       		push	bx 
 0DE3  2E: 8E 06 FF2C           		mov	es,cs:data_107e 
 0DE8  FE 06 FF46               		inc	byte ptr ds:data_126e 
 0DEC  A0 FF45                  		mov	al,ds:data_125e 
 0DEF  0A C0                    		or	al,al			; Zero ? 
 0DF1  74 7E                    		jz	loc_167			; Jump if zero 
 0DF3  FE C8                    		dec	al 
 0DF5  74 4F                    		jz	loc_165			; Jump if zero 
 0DF7  80 3E FF46 05            		cmp	byte ptr ds:data_126e,5 
 0DFC  72 03                    		jb	loc_161			; Jump if below 
 0DFE  E9 0F0A R                		jmp	loc_177 
 0E01                           loc_161: 
 0E01  32 C9                    		xor	cl,cl			; Zero register 
 0E03  BE B16E                  		mov	si,0B16Eh 
 0E06  C7 06 4FF3 FF01          		mov	word ptr ds:data_81e,0FF01h 
 0E0C  8B 3E 4FE6               		mov	di,ds:data_73e 
 0E10  81 C7 40B2               		add	di,40B2h 
 0E14  81 FF 6000               		cmp	di,6000h 
 0E18  72 04                    		jb	loc_162			; Jump if below 
 0E1A  81 C7 A05A               		add	di,0A05Ah 
 0E1E                           loc_162: 
 0E1E  F6 06 00C2 01            		test	byte ptr ds:[0C2h],1 
 0E23  74 03                    		jz	loc_163			; Jump if zero 
 0E25  E9 0EDA R                		jmp	loc_175 
 0E28                           loc_163: 
 0E28  BE B0BE                  		mov	si,0B0BEh 
 0E2B  C7 06 4FF3 0001          		mov	word ptr ds:data_81e,1 
 0E31  8B 3E 4FE6               		mov	di,ds:data_73e 
 0E35  81 C7 40B4               		add	di,40B4h 
 0E39  81 FF 6000               		cmp	di,6000h 
 0E3D  72 04                    		jb	loc_164			; Jump if below 
 0E3F  81 C7 A05A               		add	di,0A05Ah 
 0E43                           loc_164: 
 0E43  E9 0EDA R                		jmp	loc_175 
 0E46                           loc_165: 
 0E46  80 3E FF46 05            		cmp	byte ptr ds:data_126e,5 
 0E4B  72 03                    		jb	loc_166			; Jump if below 
 0E4D  E9 0F0A R                		jmp	loc_177 
 0E50                           loc_166: 
 0E50  8A 1E FF46               		mov	bl,ds:data_126e 
 0E54  FE CB                    		dec	bl 
 0E56  32 FF                    		xor	bh,bh			; Zero register 
 0E58  8A CB                    		mov	cl,bl 
 0E5A  03 DB                    		add	bx,bx 
 0E5C  BF B19E                  		mov	di,0B19Eh 
 0E5F  BE B12E                  		mov	si,0B12Eh 
Microsoft (R) Macro Assembler  Version 4.00                 3/29/26 15:14:47

                                                            Page     1-41
                                                            

 0E62  F6 06 00C2 01            		test	byte ptr ds:[0C2h],1 
 0E67  75 31                    		jnz	loc_169			; Jump if not zero 
 0E69  BF B18A                  		mov	di,0B18Ah 
 0E6C  BE B07E                  		mov	si,0B07Eh 
 0E6F  EB 29                    		jmp	short loc_169 
 0E71                           loc_167: 
 0E71  80 3E FF46 07            		cmp	byte ptr ds:data_126e,7 
 0E76  72 03                    		jb	loc_168			; Jump if below 
 0E78  E9 0F0A R                		jmp	loc_177 
 0E7B                           loc_168: 
 0E7B  8A 1E FF46               		mov	bl,ds:data_126e 
 0E7F  FE CB                    		dec	bl 
 0E81  32 FF                    		xor	bh,bh			; Zero register 
 0E83  8A CB                    		mov	cl,bl 
 0E85  03 DB                    		add	bx,bx 
 0E87  BF B192                  		mov	di,0B192h 
 0E8A  BE B0CE                  		mov	si,0B0CEh 
 0E8D  F6 06 00C2 01            		test	byte ptr ds:[0C2h],1 
 0E92  75 06                    		jnz	loc_169			; Jump if not zero 
 0E94  BF B17E                  		mov	di,data_7e 
 0E97  BE B01E                  		mov	si,0B01Eh 
 0E9A                           loc_169: 
 0E9A  26: 8B 19                		mov	bx,es:[bx+di] 
 0E9D  8B 3E 4FE6               		mov	di,ds:data_73e 
 0EA1  89 1E 4FF3               		mov	ds:data_81e,bx 
 0EA5  8A C7                    		mov	al,bh 
 0EA7  98                       		cbw				; Convrt byte to word 
 0EA8  03 C0                    		add	ax,ax 
 0EAA  03 F8                    		add	di,ax 
 0EAC  0A DB                    		or	bl,bl			; Zero ? 
 0EAE  78 18                    		js	loc_172			; Jump if sign=1 
 0EB0  0A DB                    		or	bl,bl			; Zero ? 
 0EB2  74 26                    		jz	loc_175			; Jump if zero 
 0EB4                           loc_170: 
 0EB4  81 C7 40B4               		add	di,40B4h 
 0EB8  81 FF 6000               		cmp	di,6000h 
 0EBC  72 04                    		jb	loc_171			; Jump if below 
 0EBE  81 C7 A05A               		add	di,0A05Ah 
 0EC2                           loc_171: 
 0EC2  FE CB                    		dec	bl 
 0EC4  75 EE                    		jnz	loc_170			; Jump if not zero 
 0EC6  EB 12                    		jmp	short loc_175 
 0EC8                           loc_172: 
 0EC8  F6 DB                    		neg	bl 
 0ECA  74 0E                    		jz	loc_175			; Jump if zero 
 0ECC                           loc_173: 
 0ECC  81 EF 40B4               		sub	di,40B4h 
 0ED0  73 04                    		jnc	loc_174			; Jump if carry=0 
 0ED2  81 C7 5FA6               		add	di,5FA6h 
 0ED6                           loc_174: 
 0ED6  FE CB                    		dec	bl 
 0ED8  75 F2                    		jnz	loc_173			; Jump if not zero 
 0EDA                           loc_175: 
 0EDA  F6 06 FF38 FF            		test	byte ptr ds:data_115e,0FFh 
 0EDF  74 0E                    		jz	loc_176			; Jump if zero 
Microsoft (R) Macro Assembler  Version 4.00                 3/29/26 15:14:47

                                                            Page     1-42
                                                            

 0EE1  81 C7 40B4               		add	di,40B4h 
 0EE5  81 FF 6000               		cmp	di,6000h 
 0EE9  72 04                    		jb	loc_176			; Jump if below 
 0EEB  81 C7 A05A               		add	di,0A05Ah 
 0EEF                           loc_176: 
 0EEF  89 3E 4FEF               		mov	ds:data_79e,di 
 0EF3  32 ED                    		xor	ch,ch			; Zero register 
 0EF5  03 C9                    		add	cx,cx 
 0EF7  03 C9                    		add	cx,cx 
 0EF9  03 C9                    		add	cx,cx 
 0EFB  03 C9                    		add	cx,cx 
 0EFD  03 F1                    		add	si,cx 
 0EFF  89 36 4FF1               		mov	ds:data_80e,si 
 0F03  5B                       		pop	bx 
 0F04  5F                       		pop	di 
 0F05  5E                       		pop	si 
 0F06  07                       		pop	es 
 0F07  E9 0FD9 R                		jmp	loc_185 
 0F0A                           loc_177: 
 0F0A  C6 06 FF43 00            		mov	byte ptr ds:data_123e,0 
 0F0F  C6 06 FF46 00            		mov	byte ptr ds:data_126e,0 
 0F14  5B                       		pop	bx 
 0F15  5F                       		pop	di 
 0F16  5E                       		pop	si 
 0F17  07                       		pop	es 
                                		retn 
 0F18  C3                     1                 db     0C3h
                                 
                                ;ﬂﬂﬂﬂ External Entry into Subroutine ﬂﬂﬂﬂﬂﬂﬂﬂﬂﬂﬂﬂﬂﬂﬂﬂﬂﬂﬂﬂﬂﬂﬂﬂﬂﬂﬂﬂﬂﬂﬂﬂﬂﬂﬂﬂﬂﬂ 
                                 
 0F19                           sub_24: 
 0F19  F6 06 FF44 FF            		test	byte ptr ds:data_124e,0FFh 
 0F1E  75 01                    		jnz	loc_178			; Jump if not zero 
                                		retn 
 0F20  C3                     1                 db     0C3h
 0F21                           loc_178: 
 0F21  06                       		push	es 
 0F22  57                       		push	di 
 0F23  56                       		push	si 
 0F24  53                       		push	bx 
 0F25  E8 0F5B R                		call	sub_26 
 0F28  5B                       		pop	bx 
 0F29  5E                       		pop	si 
 0F2A  5F                       		pop	di 
 0F2B  07                       		pop	es 
 0F2C  C6 06 FF44 00            		mov	byte ptr ds:data_124e,0 
                                		retn 
 0F31  C3                     1                 db     0C3h
                                 
                                ;ﬂﬂﬂﬂ External Entry into Subroutine ﬂﬂﬂﬂﬂﬂﬂﬂﬂﬂﬂﬂﬂﬂﬂﬂﬂﬂﬂﬂﬂﬂﬂﬂﬂﬂﬂﬂﬂﬂﬂﬂﬂﬂﬂﬂﬂﬂ 
                                 
 0F32                           sub_25: 
 0F32  1E                       		push	ds 
 0F33  0E                       		push	cs 
 0F34  07                       		pop	es 
Microsoft (R) Macro Assembler  Version 4.00                 3/29/26 15:14:47

                                                            Page     1-43
                                                            

 0F35  2E: 8B 36 4FEF           		mov	si,cs:data_79e 
 0F3A  B8 B000                  		mov	ax,0B000h 
 0F3D  8E D8                    		mov	ds,ax 
 0F3F  BF 5116                  		mov	di,data_91e 
 0F42  B9 0020                  		mov	cx,20h 
                                 
 0F45                           locloop_179: 
 0F45  A5                       		movsw				; Mov [si] to es:[di] 
 0F46  A5                       		movsw				; Mov [si] to es:[di] 
 0F47  A5                       		movsw				; Mov [si] to es:[di] 
 0F48  A5                       		movsw				; Mov [si] to es:[di] 
 0F49  81 C6 1FF8               		add	si,1FF8h 
 0F4D  81 FE 6000               		cmp	si,6000h 
 0F51  72 04                    		jb	loc_180			; Jump if below 
 0F53  81 C6 A05A               		add	si,0A05Ah 
 0F57                           loc_180: 
 0F57  E2 EC                    		loop	locloop_179		; Loop if cx > 0 
                                 
 0F59  1F                       		pop	ds 
                                		retn 
 0F5A  C3                     1                 db     0C3h
                                 
                                ;ﬂﬂﬂﬂ External Entry into Subroutine ﬂﬂﬂﬂﬂﬂﬂﬂﬂﬂﬂﬂﬂﬂﬂﬂﬂﬂﬂﬂﬂﬂﬂﬂﬂﬂﬂﬂﬂﬂﬂﬂﬂﬂﬂﬂﬂﬂ 
                                 
 0F5B                           sub_26: 
 0F5B  1E                       		push	ds 
 0F5C  0E                       		push	cs 
 0F5D  1F                       		pop	ds 
 0F5E  2E: 8B 3E 4FEF           		mov	di,cs:data_79e 
 0F63  B8 B000                  		mov	ax,0B000h 
 0F66  8E C0                    		mov	es,ax 
 0F68  BE 5116                  		mov	si,data_91e 
 0F6B  B9 0020                  		mov	cx,20h 
                                 
 0F6E                           locloop_181: 
 0F6E  56                       		push	si 
 0F6F  A5                       		movsw				; Mov [si] to es:[di] 
 0F70  A5                       		movsw				; Mov [si] to es:[di] 
 0F71  A5                       		movsw				; Mov [si] to es:[di] 
 0F72  A5                       		movsw				; Mov [si] to es:[di] 
 0F73  5E                       		pop	si 
 0F74  81 C7 1FF8               		add	di,1FF8h 
 0F78  81 FF 6000               		cmp	di,data_132e 
 0F7C  72 0A                    		jb	loc_182			; Jump if below 
 0F7E  56                       		push	si 
 0F7F  A5                       		movsw				; Mov [si] to es:[di] 
 0F80  A5                       		movsw				; Mov [si] to es:[di] 
 0F81  A5                       		movsw				; Mov [si] to es:[di] 
 0F82  A5                       		movsw				; Mov [si] to es:[di] 
 0F83  5E                       		pop	si 
 0F84  81 C7 A052               		add	di,0A052h 
 0F88                           loc_182: 
 0F88  83 C6 08                 		add	si,8 
 0F8B  E2 E1                    		loop	locloop_181		; Loop if cx > 0 
                                 
Microsoft (R) Macro Assembler  Version 4.00                 3/29/26 15:14:47

                                                            Page     1-44
                                                            

 0F8D  1F                       		pop	ds 
                                		retn 
 0F8E  C3                     1                 db     0C3h
                                 
                                ;ﬂﬂﬂﬂ External Entry into Subroutine ﬂﬂﬂﬂﬂﬂﬂﬂﬂﬂﬂﬂﬂﬂﬂﬂﬂﬂﬂﬂﬂﬂﬂﬂﬂﬂﬂﬂﬂﬂﬂﬂﬂﬂﬂﬂﬂﬂ 
                                 
 0F8F                           sub_27: 
 0F8F  A0 0084                  		mov	al,byte ptr ds:[84h] 
 0F92  02 06 4FF3               		add	al,ds:data_81e 
 0F96  24 3F                    		and	al,3Fh			; '?' 
 0F98  B1 24                    		mov	cl,24h			; '$' 
 0F9A  F6 E1                    		mul	cl			; ax = reg * al 
 0F9C  8A 0E 0083               		mov	cl,byte ptr ds:[83h] 
 0FA0  02 0E 4FF4               		add	cl,byte ptr ds:data_81e+1 
 0FA4  80 C1 04                 		add	cl,4 
 0FA7  32 ED                    		xor	ch,ch			; Zero register 
 0FA9  03 C1                    		add	ax,cx 
 0FAB  8B F0                    		mov	si,ax 
 0FAD  03 36 FF31               		add	si,ds:data_109e 
 0FB1  E8 1534 R                		call	sub_41 
 0FB4  B9 0004                  		mov	cx,4 
                                 
 0FB7                           locloop_183: 
 0FB7  51                       		push	cx 
 0FB8  B9 0004                  		mov	cx,4 
                                 
 0FBB                           locloop_184: 
 0FBB  51                       		push	cx 
 0FBC  8A 1C                    		mov	bl,[si] 
 0FBE  46                       		inc	si 
 0FBF  80 E3 7F                 		and	bl,7Fh 
 0FC2  32 FF                    		xor	bh,bh			; Zero register 
 0FC4  03 DB                    		add	bx,bx 
 0FC6  C7 87 5016 0000          		mov	word ptr ds:data_90e[bx],0 
 0FCC  59                       		pop	cx 
 0FCD  E2 EC                    		loop	locloop_184		; Loop if cx > 0 
                                 
 0FCF  83 C6 20                 		add	si,20h 
 0FD2  E8 1534 R                		call	sub_41 
 0FD5  59                       		pop	cx 
 0FD6  E2 DF                    		loop	locloop_183		; Loop if cx > 0 
                                 
                                		retn 
 0FD8  C3                     1                 db     0C3h
 0FD9                           loc_185: 
 0FD9  F6 06 FF43 FF            		test	byte ptr ds:data_123e,0FFh 
 0FDE  75 01                    		jnz	loc_186			; Jump if not zero 
                                		retn 
 0FE0  C3                     1                 db     0C3h
 0FE1                           loc_186: 
 0FE1  C6 06 FF44 FF            		mov	byte ptr ds:data_124e,0FFh 
 0FE6  06                       		push	es 
 0FE7  1E                       		push	ds 
 0FE8  57                       		push	di 
 0FE9  56                       		push	si 
Microsoft (R) Macro Assembler  Version 4.00                 3/29/26 15:14:47

                                                            Page     1-45
                                                            

 0FEA  53                       		push	bx 
 0FEB  E8 0F8F R                		call	sub_27 
 0FEE  E8 0F32 R                		call	sub_25 
 0FF1  2E: 8E 1E FF2C           		mov	ds,cs:data_107e 
 0FF6  B8 B000                  		mov	ax,0B000h 
 0FF9  8E C0                    		mov	es,ax 
 0FFB  2E: 8B 3E 4FEF           		mov	di,cs:data_79e 
 1000  2E: 8B 36 4FF1           		mov	si,cs:data_80e 
 1005  B9 0004                  		mov	cx,4 
                                 
 1008                           locloop_187: 
 1008  51                       		push	cx 
 1009  57                       		push	di 
 100A  B9 0004                  		mov	cx,4 
                                 
 100D                           locloop_188: 
 100D  51                       		push	cx 
 100E  AC                       		lodsb				; String [si] to al 
 100F  3C FF                    		cmp	al,0FFh 
 1011  75 10                    		jne	loc_190			; Jump if not equal 
 1013  81 C7 40B4               		add	di,40B4h 
 1017  81 FF 6000               		cmp	di,6000h 
 101B  72 04                    		jb	loc_189			; Jump if below 
 101D  81 C7 A05A               		add	di,data_134e 
 1021                           loc_189: 
 1021  EB 2E                    		jmp	short loc_193 
 1023                           loc_190: 
 1023  56                       		push	si 
 1024  32 E4                    		xor	ah,ah			; Zero register 
 1026  03 C0                    		add	ax,ax 
 1028  03 C0                    		add	ax,ax 
 102A  03 C0                    		add	ax,ax 
 102C  03 C0                    		add	ax,ax 
 102E  8B F0                    		mov	si,ax 
 1030  03 36 B000               		add	si,ds:data_6e 
 1034  B9 0008                  		mov	cx,8 
                                 
 1037                           locloop_191: 
 1037  51                       		push	cx 
 1038  AD                       		lodsw				; String [si] to ax 
 1039  26: 09 05                		or	es:[di],ax 
 103C  81 C7 2000               		add	di,2000h 
 1040  81 FF 6000               		cmp	di,data_132e 
 1044  72 07                    		jb	loc_192			; Jump if below 
 1046  26: 09 05                		or	es:[di],ax 
 1049  81 C7 A05A               		add	di,0A05Ah 
 104D                           loc_192: 
 104D  59                       		pop	cx 
 104E  E2 E7                    		loop	locloop_191		; Loop if cx > 0 
                                 
 1050  5E                       		pop	si 
 1051                           loc_193: 
 1051  59                       		pop	cx 
 1052  E2 B9                    		loop	locloop_188		; Loop if cx > 0 
                                 
Microsoft (R) Macro Assembler  Version 4.00                 3/29/26 15:14:47

                                                            Page     1-46
                                                            

 1054  5F                       		pop	di 
 1055  47                       		inc	di 
 1056  47                       		inc	di 
 1057  59                       		pop	cx 
 1058  E2 AE                    		loop	locloop_187		; Loop if cx > 0 
                                 
 105A  5B                       		pop	bx 
 105B  5E                       		pop	si 
 105C  5F                       		pop	di 
 105D  1F                       		pop	ds 
 105E  07                       		pop	es 
                                		retn 
 105F  C3                     1                 db     0C3h
                                			                        ;* No entry point to code 
 1060  E8 1E4A R                		call	sub_46 
 1063  A3 4FE6                  		mov	ds:data_73e,ax 
 1066  EB 0D                    		jmp	short loc_196 
                                 
                                ;ﬂﬂﬂﬂ External Entry into Subroutine ﬂﬂﬂﬂﬂﬂﬂﬂﬂﬂﬂﬂﬂﬂﬂﬂﬂﬂﬂﬂﬂﬂﬂﬂﬂﬂﬂﬂﬂﬂﬂﬂﬂﬂﬂﬂﬂﬂ 
                                 
 1068                           sub_28: 
 1068                           loc_194: 
 1068  F6 06 FF37 FF            		test	byte ptr ds:data_114e,0FFh 
 106D  74 01                    		jz	loc_195			; Jump if zero 
                                		retn 
 106F  C3                     1                 db     0C3h
 1070                           loc_195: 
 1070  C6 06 FF37 FF            		mov	byte ptr ds:data_114e,0FFh 
 1075                           loc_196: 
 1075  06                       		push	es 
 1076  1E                       		push	ds 
 1077  56                       		push	si 
 1078  57                       		push	di 
 1079  53                       		push	bx 
 107A  B8 B000                  		mov	ax,0B000h 
 107D  8E C0                    		mov	es,ax 
 107F  BE 5216                  		mov	si,data_92e 
 1082  2E: 8B 3E 4FE6           		mov	di,cs:data_73e 
 1087  B9 0003                  		mov	cx,3 
                                 
 108A                           locloop_197: 
 108A  51                       		push	cx 
 108B  B9 0003                  		mov	cx,3 
                                 
 108E                           locloop_198: 
 108E  51                       		push	cx 
 108F  57                       		push	di 
 1090  E8 06B1 R                		call	sub_14 
 1093  5F                       		pop	di 
 1094  47                       		inc	di 
 1095  47                       		inc	di 
 1096  59                       		pop	cx 
 1097  E2 F5                    		loop	locloop_198		; Loop if cx > 0 
                                 
 1099  81 C7 40AE               		add	di,40AEh 
Microsoft (R) Macro Assembler  Version 4.00                 3/29/26 15:14:47

                                                            Page     1-47
                                                            

 109D  81 FF 6000               		cmp	di,6000h 
 10A1  72 04                    		jb	loc_199			; Jump if below 
 10A3  81 C7 A05A               		add	di,0A05Ah 
 10A7                           loc_199: 
 10A7  59                       		pop	cx 
 10A8  E2 E0                    		loop	locloop_197		; Loop if cx > 0 
                                 
 10AA  5B                       		pop	bx 
 10AB  5F                       		pop	di 
 10AC  5E                       		pop	si 
 10AD  1F                       		pop	ds 
 10AE  07                       		pop	es 
                                		retn 
 10AF  C3                     1                 db     0C3h
                                sub_23		endp 
                                 
                                			                        ;* No entry point to code 
 10B0  1E                       		push	ds 
 10B1  56                       		push	si 
 10B2  FE C8                    		dec	al 
 10B4  B1 10                    		mov	cl,10h 
 10B6  F6 E1                    		mul	cl			; ax = reg * al 
 10B8  05 8030                  		add	ax,8030h 
 10BB  8B F0                    		mov	si,ax 
 10BD  2E: 8E 1E FF2C           		mov	ds,cs:data_107e 
 10C2  B8 B000                  		mov	ax,0B000h 
 10C5  8E C0                    		mov	es,ax 
 10C7  B9 0008                  		mov	cx,8 
                                 
 10CA                           locloop_200: 
 10CA  51                       		push	cx 
 10CB  AD                       		lodsw				; String [si] to ax 
 10CC  8B D8                    		mov	bx,ax 
 10CE  BA 0003                  		mov	dx,3 
 10D1  B9 0008                  		mov	cx,8 
                                 
 10D4                           locloop_201: 
 10D4  85 DA                    		test	bx,dx 
 10D6  74 02                    		jz	loc_202			; Jump if zero 
 10D8  0B DA                    		or	bx,dx 
 10DA                           loc_202: 
 10DA  03 D2                    		add	dx,dx 
 10DC  03 D2                    		add	dx,dx 
 10DE  E2 F4                    		loop	locloop_201		; Loop if cx > 0 
                                 
 10E0  F7 D3                    		not	bx 
 10E2  26: 21 1D                		and	es:[di],bx 
 10E5  26: 09 05                		or	es:[di],ax 
 10E8  81 C7 2000               		add	di,2000h 
 10EC  81 FF 6000               		cmp	di,data_132e 
 10F0  72 0A                    		jb	loc_203			; Jump if below 
 10F2  26: 21 1D                		and	es:[di],bx 
 10F5  26: 09 05                		or	es:[di],ax 
 10F8  81 C7 A05A               		add	di,0A05Ah 
 10FC                           loc_203: 
Microsoft (R) Macro Assembler  Version 4.00                 3/29/26 15:14:47

                                                            Page     1-48
                                                            

 10FC  59                       		pop	cx 
 10FD  E2 CB                    		loop	locloop_200		; Loop if cx > 0 
                                 
 10FF  5E                       		pop	si 
 1100  1F                       		pop	ds 
                                		retn 
 1101  C3                     1                 db     0C3h
                                			                        ;* No entry point to code 
 1102  C6 06 FF44 00            		mov	byte ptr ds:data_124e,0 
 1107  B8 B000                  		mov	ax,0B000h 
 110A  8E C0                    		mov	es,ax 
 110C  C6 06 4FF7 08            		mov	byte ptr ds:data_84e,8 
 1111                           loc_204: 
 1111  C7 06 4FE4 0C0E          		mov	word ptr ds:data_72e,0C0Eh 
 1117  C6 06 FF1A 00            		mov	byte ptr ds:data_106e,0 
 111C  8B 36 FF31               		mov	si,ds:data_109e 
 1120  BF E900                  		mov	di,data_102e 
 1123  B9 0012                  		mov	cx,12h 
                                 
 1126                           locloop_205: 
 1126  51                       		push	cx 
 1127  83 C6 04                 		add	si,4 
 112A  33 DB                    		xor	bx,bx			; Zero register 
 112C  B9 001C                  		mov	cx,1Ch 
                                 
 112F                           locloop_206: 
 112F  51                       		push	cx 
 1130  AC                       		lodsb				; String [si] to al 
 1131  E8 1156 R                		call	sub_29 
 1134  47                       		inc	di 
 1135  FE C3                    		inc	bl 
 1137  59                       		pop	cx 
 1138  E2 F5                    		loop	locloop_206		; Loop if cx > 0 
                                 
 113A  83 C6 04                 		add	si,4 
 113D  E8 1534 R                		call	sub_41 
 1140  83 06 4FE4 08            		add	word ptr ds:data_72e,8 
 1145  59                       		pop	cx 
 1146  E2 DE                    		loop	locloop_205		; Loop if cx > 0 
                                 
 1148                           loc_207: 
 1148  80 3E FF1A 10            		cmp	byte ptr ds:data_106e,10h 
 114D  72 F9                    		jb	loc_207			; Jump if below 
 114F  FE 0E 4FF7               		dec	byte ptr ds:data_84e 
 1153  75 BC                    		jnz	loc_204			; Jump if not zero 
                                		retn 
 1155  C3                     1                 db     0C3h
                                 
                                ;ﬂﬂﬂﬂﬂﬂﬂﬂﬂﬂﬂﬂﬂﬂﬂﬂﬂﬂﬂﬂﬂﬂﬂﬂﬂﬂﬂﬂﬂﬂﬂﬂﬂﬂﬂﬂﬂﬂﬂﬂﬂﬂﬂﬂﬂﬂﬂﬂﬂﬂﬂﬂﬂﬂﬂﬂﬂﬂﬂﬂﬂﬂﬂﬂﬂﬂﬂﬂﬂﬂﬂﬂﬂﬂ 
                                ;                              SUBROUTINE 
                                ;‹‹‹‹‹‹‹‹‹‹‹‹‹‹‹‹‹‹‹‹‹‹‹‹‹‹‹‹‹‹‹‹‹‹‹‹‹‹‹‹‹‹‹‹‹‹‹‹‹‹‹‹‹‹‹‹‹‹‹‹‹‹‹‹‹‹‹‹‹‹‹‹‹‹ 
                                 
 1156                           sub_29		proc	near 
 1156  80 3D FF                 		cmp	byte ptr [di],0FFh 
 1159  75 01                    		jne	loc_208			; Jump if not equal 
Microsoft (R) Macro Assembler  Version 4.00                 3/29/26 15:14:47

                                                            Page     1-49
                                                            

                                		retn 
 115B  C3                     1                 db     0C3h
 115C                           loc_208: 
 115C  80 3D FC                 		cmp	byte ptr [di],0FCh 
 115F  75 01                    		jne	loc_209			; Jump if not equal 
                                		retn 
 1161  C3                     1                 db     0C3h
 1162                           loc_209: 
 1162  1E                       		push	ds 
 1163  57                       		push	di 
 1164  56                       		push	si 
 1165  53                       		push	bx 
 1166  50                       		push	ax 
 1167  8A 26 4FF7               		mov	ah,ds:data_84e 
 116B  FE CC                    		dec	ah 
 116D  D0 EC                    		shr	ah,1			; Shift w/zeros fill 
 116F  D0 EC                    		shr	ah,1			; Shift w/zeros fill 
 1171  D0 EC                    		shr	ah,1			; Shift w/zeros fill 
 1173  1A E4                    		sbb	ah,ah 
 1175  80 F4 CC                 		xor	ah,0CCh 
 1178  2E: 88 26 4FF8           		mov	cs:data_85e,ah 
 117D  03 DB                    		add	bx,bx 
 117F  86 FB                    		xchg	bh,bl 
 1181  03 1E 4FE4               		add	bx,ds:data_72e 
 1185  8B FB                    		mov	di,bx 
 1187  58                       		pop	ax 
 1188  A8 FF                    		test	al,0FFh 
 118A  74 6D                    		jz	loc_212			; Jump if zero 
 118C  FE C8                    		dec	al 
 118E  B1 10                    		mov	cl,10h 
 1190  F6 E1                    		mul	cl			; ax = reg * al 
 1192  05 8030                  		add	ax,8030h 
 1195  8B F0                    		mov	si,ax 
 1197  2E: 8E 1E FF2C           		mov	ds,cs:data_107e 
 119C  56                       		push	si 
 119D  57                       		push	di 
 119E  2E: A0 4FF7              		mov	al,cs:data_84e 
 11A2  24 03                    		and	al,3 
 11A4  F6 D8                    		neg	al 
 11A6  04 03                    		add	al,3 
 11A8  E8 1258 R                		call	sub_32 
 11AB  E8 11C4 R                		call	sub_30 
 11AE  5F                       		pop	di 
 11AF  5E                       		pop	si 
 11B0  2E: A0 4FF7              		mov	al,cs:data_84e 
 11B4  E8 1258 R                		call	sub_32 
 11B7  81 C7 0100               		add	di,100h 
 11BB  46                       		inc	si 
 11BC  E8 11C4 R                		call	sub_30 
 11BF  5B                       		pop	bx 
 11C0  5E                       		pop	si 
 11C1  5F                       		pop	di 
 11C2  1F                       		pop	ds 
                                		retn 
 11C3  C3                     1                 db     0C3h
Microsoft (R) Macro Assembler  Version 4.00                 3/29/26 15:14:47

                                                            Page     1-50
                                                            

                                 
                                ;ﬂﬂﬂﬂ External Entry into Subroutine ﬂﬂﬂﬂﬂﬂﬂﬂﬂﬂﬂﬂﬂﬂﬂﬂﬂﬂﬂﬂﬂﬂﬂﬂﬂﬂﬂﬂﬂﬂﬂﬂﬂﬂﬂﬂﬂﬂ 
                                 
 11C4                           sub_30: 
 11C4  B9 0002                  		mov	cx,2 
                                 
 11C7                           locloop_210: 
 11C7  57                       		push	di 
 11C8  8B DF                    		mov	bx,di 
 11CA  E8 1E4A R                		call	sub_46 
 11CD  8B F8                    		mov	di,ax 
 11CF  2E: 8A 1E 4FF8           		mov	bl,cs:data_85e 
 11D4  AC                       		lodsb				; String [si] to al 
 11D5  22 C3                    		and	al,bl 
 11D7  F6 D3                    		not	bl 
 11D9  26: 20 1D                		and	es:[di],bl 
 11DC  26: 08 05                		or	es:[di],al 
 11DF  81 FF 4000               		cmp	di,4000h 
 11E3  72 0A                    		jb	loc_211			; Jump if below 
 11E5  81 C7 2000               		add	di,data_130e 
 11E9  26: 20 1D                		and	es:[di],bl 
 11EC  26: 08 05                		or	es:[di],al 
 11EF                           loc_211: 
 11EF  5F                       		pop	di 
 11F0  83 C7 04                 		add	di,4 
 11F3  83 C6 07                 		add	si,7 
 11F6  E2 CF                    		loop	locloop_210		; Loop if cx > 0 
                                 
                                		retn 
 11F8  C3                     1                 db     0C3h
 11F9                           loc_212: 
 11F9  57                       		push	di 
 11FA  2E: A0 4FF7              		mov	al,cs:data_84e 
 11FE  24 03                    		and	al,3 
 1200  F6 D8                    		neg	al 
 1202  04 03                    		add	al,3 
 1204  E8 1258 R                		call	sub_32 
 1207  E8 121E R                		call	sub_31 
 120A  5F                       		pop	di 
 120B  2E: A0 4FF7              		mov	al,cs:data_84e 
 120F  E8 1258 R                		call	sub_32 
 1212  81 C7 0100               		add	di,100h 
 1216  E8 121E R                		call	sub_31 
 1219  5B                       		pop	bx 
 121A  5E                       		pop	si 
 121B  5F                       		pop	di 
 121C  1F                       		pop	ds 
                                		retn 
 121D  C3                     1                 db     0C3h
                                sub_29		endp 
                                 
                                 
                                ;ﬂﬂﬂﬂﬂﬂﬂﬂﬂﬂﬂﬂﬂﬂﬂﬂﬂﬂﬂﬂﬂﬂﬂﬂﬂﬂﬂﬂﬂﬂﬂﬂﬂﬂﬂﬂﬂﬂﬂﬂﬂﬂﬂﬂﬂﬂﬂﬂﬂﬂﬂﬂﬂﬂﬂﬂﬂﬂﬂﬂﬂﬂﬂﬂﬂﬂﬂﬂﬂﬂﬂﬂﬂﬂ 
                                ;                              SUBROUTINE 
                                ;‹‹‹‹‹‹‹‹‹‹‹‹‹‹‹‹‹‹‹‹‹‹‹‹‹‹‹‹‹‹‹‹‹‹‹‹‹‹‹‹‹‹‹‹‹‹‹‹‹‹‹‹‹‹‹‹‹‹‹‹‹‹‹‹‹‹‹‹‹‹‹‹‹‹ 
Microsoft (R) Macro Assembler  Version 4.00                 3/29/26 15:14:47

                                                            Page     1-51
                                                            

                                 
 121E                           sub_31		proc	near 
 121E  57                       		push	di 
 121F  8B DF                    		mov	bx,di 
 1221  E8 1E4A R                		call	sub_46 
 1224  8B F8                    		mov	di,ax 
 1226  2E: A0 4FF8              		mov	al,cs:data_85e 
 122A  F6 D0                    		not	al 
 122C  26: 20 05                		and	es:[di],al 
 122F  81 FF 4000               		cmp	di,4000h 
 1233  72 07                    		jb	loc_213			; Jump if below 
 1235  81 C7 2000               		add	di,data_130e 
 1239  26: 20 05                		and	es:[di],al 
 123C                           loc_213: 
 123C  5B                       		pop	bx 
 123D  50                       		push	ax 
 123E  83 C3 04                 		add	bx,4 
 1241  E8 1E4A R                		call	sub_46 
 1244  8B F8                    		mov	di,ax 
 1246  58                       		pop	ax 
 1247  26: 20 05                		and	es:[di],al 
 124A  81 FF 4000               		cmp	di,4000h 
 124E  72 07                    		jb	loc_ret_214		; Jump if below 
 1250  81 C7 2000               		add	di,data_130e 
 1254  26: 20 05                		and	es:[di],al 
                                 
 1257                           loc_ret_214: 
                                		retn 
 1257  C3                     1                 db     0C3h
                                sub_31		endp 
                                 
                                 
                                ;ﬂﬂﬂﬂﬂﬂﬂﬂﬂﬂﬂﬂﬂﬂﬂﬂﬂﬂﬂﬂﬂﬂﬂﬂﬂﬂﬂﬂﬂﬂﬂﬂﬂﬂﬂﬂﬂﬂﬂﬂﬂﬂﬂﬂﬂﬂﬂﬂﬂﬂﬂﬂﬂﬂﬂﬂﬂﬂﬂﬂﬂﬂﬂﬂﬂﬂﬂﬂﬂﬂﬂﬂﬂﬂ 
                                ;                              SUBROUTINE 
                                ;‹‹‹‹‹‹‹‹‹‹‹‹‹‹‹‹‹‹‹‹‹‹‹‹‹‹‹‹‹‹‹‹‹‹‹‹‹‹‹‹‹‹‹‹‹‹‹‹‹‹‹‹‹‹‹‹‹‹‹‹‹‹‹‹‹‹‹‹‹‹‹‹‹‹ 
                                 
 1258                           sub_32		proc	near 
 1258  24 03                    		and	al,3 
 125A  32 E4                    		xor	ah,ah			; Zero register 
 125C  03 F8                    		add	di,ax 
 125E  03 C0                    		add	ax,ax 
 1260  03 F0                    		add	si,ax 
                                		retn 
 1262  C3                     1                 db     0C3h
                                sub_32		endp 
                                 
                                			                        ;* No entry point to code 
 1263  A0 0083                  		mov	al,byte ptr ds:[83h] 
 1266  02 C0                    		add	al,al 
 1268  02 C0                    		add	al,al 
 126A  02 C0                    		add	al,al 
 126C  8A 26 0084               		mov	ah,byte ptr ds:[84h] 
 1270  02 E4                    		add	ah,ah 
 1272  02 E4                    		add	ah,ah 
 1274  02 E4                    		add	ah,ah 
Microsoft (R) Macro Assembler  Version 4.00                 3/29/26 15:14:47

                                                            Page     1-52
                                                            

 1276  A2 4FE2                  		mov	ds:data_70e,al 
 1279  88 26 4FE3               		mov	byte ptr ds:data_70e+1,ah 
 127D  E8 14AC R                		call	sub_40 
 1280  C6 06 4FF7 AA            		mov	byte ptr ds:data_84e,0AAh 
 1285  E8 1293 R                		call	sub_33 
 1288  C6 06 4FF7 00            		mov	byte ptr ds:data_84e,0 
 128D  E8 1293 R                		call	sub_33 
 1290  E9 14AC R                		jmp	loc_247 
                                 
                                ;ﬂﬂﬂﬂﬂﬂﬂﬂﬂﬂﬂﬂﬂﬂﬂﬂﬂﬂﬂﬂﬂﬂﬂﬂﬂﬂﬂﬂﬂﬂﬂﬂﬂﬂﬂﬂﬂﬂﬂﬂﬂﬂﬂﬂﬂﬂﬂﬂﬂﬂﬂﬂﬂﬂﬂﬂﬂﬂﬂﬂﬂﬂﬂﬂﬂﬂﬂﬂﬂﬂﬂﬂﬂﬂ 
                                ;                              SUBROUTINE 
                                ;‹‹‹‹‹‹‹‹‹‹‹‹‹‹‹‹‹‹‹‹‹‹‹‹‹‹‹‹‹‹‹‹‹‹‹‹‹‹‹‹‹‹‹‹‹‹‹‹‹‹‹‹‹‹‹‹‹‹‹‹‹‹‹‹‹‹‹‹‹‹‹‹‹‹ 
                                 
 1293                           sub_33		proc	near 
 1293  A0 4FE2                  		mov	al,ds:data_70e 
 1296  FE C8                    		dec	al 
 1298  8A D8                    		mov	bl,al 
 129A  04 19                    		add	al,19h 
 129C  8A D0                    		mov	dl,al 
 129E  A0 4FE3                  		mov	al,byte ptr ds:data_70e+1 
 12A1  FE C8                    		dec	al 
 12A3  8A F8                    		mov	bh,al 
 12A5  04 19                    		add	al,19h 
 12A7  8A F0                    		mov	dh,al 
 12A9  E8 12DB R                		call	sub_34 
 12AC  A0 4FE2                  		mov	al,ds:data_70e 
 12AF  2C 05                    		sub	al,5 
 12B1  8A D8                    		mov	bl,al 
 12B3  04 21                    		add	al,21h			; '!' 
 12B5  8A D0                    		mov	dl,al 
 12B7  A0 4FE3                  		mov	al,byte ptr ds:data_70e+1 
 12BA  2C 05                    		sub	al,5 
 12BC  8A F8                    		mov	bh,al 
 12BE  04 21                    		add	al,21h			; '!' 
 12C0  8A F0                    		mov	dh,al 
 12C2  E8 12DB R                		call	sub_34 
 12C5  A0 4FE2                  		mov	al,ds:data_70e 
 12C8  2C 09                    		sub	al,9 
 12CA  8A D8                    		mov	bl,al 
 12CC  04 29                    		add	al,29h			; ')' 
 12CE  8A D0                    		mov	dl,al 
 12D0  A0 4FE3                  		mov	al,byte ptr ds:data_70e+1 
 12D3  2C 09                    		sub	al,9 
 12D5  8A F8                    		mov	bh,al 
 12D7  04 29                    		add	al,29h			; ')' 
 12D9  8A F0                    		mov	dh,al 
                                 
                                ;ﬂﬂﬂﬂ External Entry into Subroutine ﬂﬂﬂﬂﬂﬂﬂﬂﬂﬂﬂﬂﬂﬂﬂﬂﬂﬂﬂﬂﬂﬂﬂﬂﬂﬂﬂﬂﬂﬂﬂﬂﬂﬂﬂﬂﬂﬂ 
                                 
 12DB                           sub_34: 
 12DB  B9 0009                  		mov	cx,9 
                                 
 12DE                           locloop_215: 
 12DE  51                       		push	cx 
 12DF  52                       		push	dx 
Microsoft (R) Macro Assembler  Version 4.00                 3/29/26 15:14:47

                                                            Page     1-53
                                                            

 12E0  53                       		push	bx 
 12E1  E8 130D R                		call	sub_35 
 12E4  5B                       		pop	bx 
 12E5  5A                       		pop	dx 
 12E6  80 EB 0C                 		sub	bl,0Ch 
 12E9  73 02                    		jnc	loc_216			; Jump if carry=0 
 12EB  32 DB                    		xor	bl,bl			; Zero register 
 12ED                           loc_216: 
 12ED  80 EF 0C                 		sub	bh,0Ch 
 12F0  73 02                    		jnc	loc_217			; Jump if carry=0 
 12F2  32 FF                    		xor	bh,bh			; Zero register 
 12F4                           loc_217: 
 12F4  80 C2 0C                 		add	dl,0Ch 
 12F7  73 02                    		jnc	loc_218			; Jump if carry=0 
 12F9  B2 FF                    		mov	dl,0FFh 
 12FB                           loc_218: 
 12FB  80 C6 0C                 		add	dh,0Ch 
 12FE  73 02                    		jnc	loc_219			; Jump if carry=0 
 1300  B6 FF                    		mov	dh,0FFh 
 1302                           loc_219: 
 1302  52                       		push	dx 
 1303  53                       		push	bx 
 1304  E8 1479 R                		call	sub_39 
 1307  5B                       		pop	bx 
 1308  5A                       		pop	dx 
 1309  59                       		pop	cx 
 130A  E2 D2                    		loop	locloop_215		; Loop if cx > 0 
                                 
                                		retn 
 130C  C3                     1                 db     0C3h
                                sub_33		endp 
                                 
                                 
                                ;ﬂﬂﬂﬂﬂﬂﬂﬂﬂﬂﬂﬂﬂﬂﬂﬂﬂﬂﬂﬂﬂﬂﬂﬂﬂﬂﬂﬂﬂﬂﬂﬂﬂﬂﬂﬂﬂﬂﬂﬂﬂﬂﬂﬂﬂﬂﬂﬂﬂﬂﬂﬂﬂﬂﬂﬂﬂﬂﬂﬂﬂﬂﬂﬂﬂﬂﬂﬂﬂﬂﬂﬂﬂﬂ 
                                ;                              SUBROUTINE 
                                ;‹‹‹‹‹‹‹‹‹‹‹‹‹‹‹‹‹‹‹‹‹‹‹‹‹‹‹‹‹‹‹‹‹‹‹‹‹‹‹‹‹‹‹‹‹‹‹‹‹‹‹‹‹‹‹‹‹‹‹‹‹‹‹‹‹‹‹‹‹‹‹‹‹‹ 
                                 
 130D                           sub_35		proc	near 
 130D  B8 B000                  		mov	ax,0B000h 
 1310  8E C0                    		mov	es,ax 
 1312  52                       		push	dx 
 1313  53                       		push	bx 
 1314  8A F7                    		mov	dh,bh 
 1316  E8 13A5 R                		call	sub_37 
 1319  5B                       		pop	bx 
 131A  5A                       		pop	dx 
 131B  52                       		push	dx 
 131C  53                       		push	bx 
 131D  8A FE                    		mov	bh,dh 
 131F  E8 13A5 R                		call	sub_37 
 1322  5B                       		pop	bx 
 1323  5A                       		pop	dx 
 1324  52                       		push	dx 
 1325  53                       		push	bx 
 1326  8A D3                    		mov	dl,bl 
Microsoft (R) Macro Assembler  Version 4.00                 3/29/26 15:14:47

                                                            Page     1-54
                                                            

 1328  E8 132F R                		call	sub_36 
 132B  5B                       		pop	bx 
 132C  5A                       		pop	dx 
 132D  8A DA                    		mov	bl,dl 
                                 
                                ;ﬂﬂﬂﬂ External Entry into Subroutine ﬂﬂﬂﬂﬂﬂﬂﬂﬂﬂﬂﬂﬂﬂﬂﬂﬂﬂﬂﬂﬂﬂﬂﬂﬂﬂﬂﬂﬂﬂﬂﬂﬂﬂﬂﬂﬂﬂ 
                                 
 132F                           sub_36: 
 132F  3A F7                    		cmp	dh,bh 
 1331  73 02                    		jae	loc_220			; Jump if above or = 
 1333  87 D3                    		xchg	dx,bx 
 1335                           loc_220: 
 1335  0A DB                    		or	bl,bl			; Zero ? 
 1337  75 01                    		jnz	loc_221			; Jump if not zero 
                                		retn 
 1339  C3                     1                 db     0C3h
 133A                           loc_221: 
 133A  80 FB DF                 		cmp	bl,0DFh 
 133D  72 01                    		jb	loc_222			; Jump if below 
                                		retn 
 133F  C3                     1                 db     0C3h
 1340                           loc_222: 
 1340  0A FF                    		or	bh,bh			; Zero ? 
 1342  75 02                    		jnz	loc_223			; Jump if not zero 
 1344  B7 01                    		mov	bh,1 
 1346                           loc_223: 
 1346  80 FE 8F                 		cmp	dh,8Fh 
 1349  72 02                    		jb	loc_224			; Jump if below 
 134B  B6 8E                    		mov	dh,8Eh 
 134D                           loc_224: 
 134D  8A C6                    		mov	al,dh 
 134F  2A C7                    		sub	al,bh 
 1351  FE C0                    		inc	al 
 1353  50                       		push	ax 
 1354  8A C7                    		mov	al,bh 
 1356  E8 146C R                		call	sub_38 
 1359  8A C3                    		mov	al,bl 
 135B  D0 E8                    		shr	al,1			; Shift w/zeros fill 
 135D  D0 E8                    		shr	al,1			; Shift w/zeros fill 
 135F  32 E4                    		xor	ah,ah			; Zero register 
 1361  03 F8                    		add	di,ax 
 1363  59                       		pop	cx 
 1364  32 ED                    		xor	ch,ch			; Zero register 
 1366  80 E3 03                 		and	bl,3 
 1369  74 13                    		jz	loc_227			; Jump if zero 
 136B  80 FB 02                 		cmp	bl,2 
 136E  72 0A                    		jb	loc_226			; Jump if below 
 1370  74 04                    		jz	loc_225			; Jump if zero 
 1372  B4 03                    		mov	ah,3 
 1374  EB 0A                    		jmp	short loc_228 
 1376                           loc_225: 
 1376  B4 0C                    		mov	ah,0Ch 
 1378  EB 06                    		jmp	short loc_228 
 137A                           loc_226: 
 137A  B4 30                    		mov	ah,30h			; '0' 
Microsoft (R) Macro Assembler  Version 4.00                 3/29/26 15:14:47

                                                            Page     1-55
                                                            

 137C  EB 02                    		jmp	short loc_228 
 137E                           loc_227: 
 137E  B4 C0                    		mov	ah,0C0h 
 1380                           loc_228: 
 1380  8A C4                    		mov	al,ah 
 1382  F6 D0                    		not	al 
 1384  22 26 4FF7               		and	ah,ds:data_84e 
                                 
 1388                           locloop_229: 
 1388  26: 20 05                		and	es:[di],al 
 138B  26: 08 25                		or	es:[di],ah 
 138E  81 C7 2000               		add	di,2000h 
 1392  81 FF 6000               		cmp	di,data_132e 
 1396  72 0A                    		jb	loc_230			; Jump if below 
 1398  26: 20 05                		and	es:[di],al 
 139B  26: 08 25                		or	es:[di],ah 
 139E  81 C7 A05A               		add	di,0A05Ah 
 13A2                           loc_230: 
 13A2  E2 E4                    		loop	locloop_229		; Loop if cx > 0 
                                 
                                		retn 
 13A4  C3                     1                 db     0C3h
                                sub_35		endp 
                                 
                                 
                                ;ﬂﬂﬂﬂﬂﬂﬂﬂﬂﬂﬂﬂﬂﬂﬂﬂﬂﬂﬂﬂﬂﬂﬂﬂﬂﬂﬂﬂﬂﬂﬂﬂﬂﬂﬂﬂﬂﬂﬂﬂﬂﬂﬂﬂﬂﬂﬂﬂﬂﬂﬂﬂﬂﬂﬂﬂﬂﬂﬂﬂﬂﬂﬂﬂﬂﬂﬂﬂﬂﬂﬂﬂﬂﬂ 
                                ;                              SUBROUTINE 
                                ;‹‹‹‹‹‹‹‹‹‹‹‹‹‹‹‹‹‹‹‹‹‹‹‹‹‹‹‹‹‹‹‹‹‹‹‹‹‹‹‹‹‹‹‹‹‹‹‹‹‹‹‹‹‹‹‹‹‹‹‹‹‹‹‹‹‹‹‹‹‹‹‹‹‹ 
                                 
 13A5                           sub_37		proc	near 
 13A5  3A D3                    		cmp	dl,bl 
 13A7  73 02                    		jae	loc_231			; Jump if above or = 
 13A9  87 D3                    		xchg	dx,bx 
 13AB                           loc_231: 
 13AB  0A FF                    		or	bh,bh			; Zero ? 
 13AD  75 01                    		jnz	loc_232			; Jump if not zero 
                                		retn 
 13AF  C3                     1                 db     0C3h
 13B0                           loc_232: 
 13B0  80 FF 8F                 		cmp	bh,8Fh 
 13B3  72 01                    		jb	loc_233			; Jump if below 
                                		retn 
 13B5  C3                     1                 db     0C3h
 13B6                           loc_233: 
 13B6  0A DB                    		or	bl,bl			; Zero ? 
 13B8  75 02                    		jnz	loc_234			; Jump if not zero 
 13BA  B3 01                    		mov	bl,1 
 13BC                           loc_234: 
 13BC  80 FA DF                 		cmp	dl,0DFh 
 13BF  72 02                    		jb	loc_235			; Jump if below 
 13C1  B2 DE                    		mov	dl,0DEh 
 13C3                           loc_235: 
 13C3  8A C7                    		mov	al,bh 
 13C5  E8 146C R                		call	sub_38 
 13C8  8A C3                    		mov	al,bl 
Microsoft (R) Macro Assembler  Version 4.00                 3/29/26 15:14:47

                                                            Page     1-56
                                                            

 13CA  D0 E8                    		shr	al,1			; Shift w/zeros fill 
 13CC  D0 E8                    		shr	al,1			; Shift w/zeros fill 
 13CE  32 E4                    		xor	ah,ah			; Zero register 
 13D0  03 F8                    		add	di,ax 
 13D2  8A E2                    		mov	ah,dl 
 13D4  D0 EC                    		shr	ah,1			; Shift w/zeros fill 
 13D6  D0 EC                    		shr	ah,1			; Shift w/zeros fill 
 13D8  2A E0                    		sub	ah,al 
 13DA  8A CC                    		mov	cl,ah 
 13DC  32 ED                    		xor	ch,ch			; Zero register 
 13DE  80 E3 03                 		and	bl,3 
 13E1  74 13                    		jz	loc_238			; Jump if zero 
 13E3  80 FB 02                 		cmp	bl,2 
 13E6  72 0A                    		jb	loc_237			; Jump if below 
 13E8  74 04                    		jz	loc_236			; Jump if zero 
 13EA  B0 03                    		mov	al,3 
 13EC  EB 0A                    		jmp	short loc_239 
 13EE                           loc_236: 
 13EE  B0 0F                    		mov	al,0Fh 
 13F0  EB 06                    		jmp	short loc_239 
 13F2                           loc_237: 
 13F2  B0 3F                    		mov	al,3Fh			; '?' 
 13F4  EB 02                    		jmp	short loc_239 
 13F6                           loc_238: 
 13F6  B0 FF                    		mov	al,0FFh 
 13F8                           loc_239: 
 13F8  80 E2 03                 		and	dl,3 
 13FB  74 13                    		jz	loc_242			; Jump if zero 
 13FD  80 FA 02                 		cmp	dl,2 
 1400  72 0A                    		jb	loc_241			; Jump if below 
 1402  74 04                    		jz	loc_240			; Jump if zero 
 1404  B4 FF                    		mov	ah,0FFh 
 1406  EB 0A                    		jmp	short loc_243 
 1408                           loc_240: 
 1408  B4 FC                    		mov	ah,0FCh 
 140A  EB 06                    		jmp	short loc_243 
 140C                           loc_241: 
 140C  B4 F0                    		mov	ah,0F0h 
 140E  EB 02                    		jmp	short loc_243 
 1410                           loc_242: 
 1410  B4 C0                    		mov	ah,0C0h 
 1412                           loc_243: 
 1412  E3 47                    		jcxz	loc_245			; Jump if cx=0 
 1414  49                       		dec	cx 
 1415  E3 26                    		jcxz	loc_244			; Jump if cx=0 
 1417  8A F0                    		mov	dh,al 
 1419  F6 D6                    		not	dh 
 141B  22 06 4FF7               		and	al,ds:data_84e 
 141F  26: 20 35                		and	es:[di],dh 
 1422  26: 08 05                		or	es:[di],al 
 1425  47                       		inc	di 
 1426  B0 FF                    		mov	al,0FFh 
 1428  22 06 4FF7               		and	al,ds:data_84e 
 142C  F3/ AA                   		rep	stosb			; Rep when cx >0 Store al to es:[di] 
 142E  8A F4                    		mov	dh,ah 
Microsoft (R) Macro Assembler  Version 4.00                 3/29/26 15:14:47

                                                            Page     1-57
                                                            

 1430  F6 D6                    		not	dh 
 1432  22 26 4FF7               		and	ah,ds:data_84e 
 1436  26: 20 35                		and	es:[di],dh 
 1439  26: 08 25                		or	es:[di],ah 
                                		retn 
 143C  C3                     1                 db     0C3h
 143D                           loc_244: 
 143D  8A F0                    		mov	dh,al 
 143F  F6 D6                    		not	dh 
 1441  22 06 4FF7               		and	al,ds:data_84e 
 1445  26: 20 35                		and	es:[di],dh 
 1448  26: 08 05                		or	es:[di],al 
 144B  47                       		inc	di 
 144C  8A F4                    		mov	dh,ah 
 144E  F6 D6                    		not	dh 
 1450  22 26 4FF7               		and	ah,ds:data_84e 
 1454  26: 20 35                		and	es:[di],dh 
 1457  26: 08 25                		or	es:[di],ah 
                                		retn 
 145A  C3                     1                 db     0C3h
 145B                           loc_245: 
 145B  22 C4                    		and	al,ah 
 145D  8A F0                    		mov	dh,al 
 145F  F6 D6                    		not	dh 
 1461  22 06 4FF7               		and	al,ds:data_84e 
 1465  26: 20 35                		and	es:[di],dh 
 1468  26: 08 05                		or	es:[di],al 
                                		retn 
 146B  C3                     1                 db     0C3h
                                sub_37		endp 
                                 
                                 
                                ;ﬂﬂﬂﬂﬂﬂﬂﬂﬂﬂﬂﬂﬂﬂﬂﬂﬂﬂﬂﬂﬂﬂﬂﬂﬂﬂﬂﬂﬂﬂﬂﬂﬂﬂﬂﬂﬂﬂﬂﬂﬂﬂﬂﬂﬂﬂﬂﬂﬂﬂﬂﬂﬂﬂﬂﬂﬂﬂﬂﬂﬂﬂﬂﬂﬂﬂﬂﬂﬂﬂﬂﬂﬂﬂ 
                                ;                              SUBROUTINE 
                                ;‹‹‹‹‹‹‹‹‹‹‹‹‹‹‹‹‹‹‹‹‹‹‹‹‹‹‹‹‹‹‹‹‹‹‹‹‹‹‹‹‹‹‹‹‹‹‹‹‹‹‹‹‹‹‹‹‹‹‹‹‹‹‹‹‹‹‹‹‹‹‹‹‹‹ 
                                 
 146C                           sub_38		proc	near 
 146C  53                       		push	bx 
 146D  BB 0C0E                  		mov	bx,0C0Eh 
 1470  02 D8                    		add	bl,al 
 1472  E8 1E4A R                		call	sub_46 
 1475  8B F8                    		mov	di,ax 
 1477  5B                       		pop	bx 
                                		retn 
 1478  C3                     1                 db     0C3h
                                sub_38		endp 
                                 
                                 
                                ;ﬂﬂﬂﬂﬂﬂﬂﬂﬂﬂﬂﬂﬂﬂﬂﬂﬂﬂﬂﬂﬂﬂﬂﬂﬂﬂﬂﬂﬂﬂﬂﬂﬂﬂﬂﬂﬂﬂﬂﬂﬂﬂﬂﬂﬂﬂﬂﬂﬂﬂﬂﬂﬂﬂﬂﬂﬂﬂﬂﬂﬂﬂﬂﬂﬂﬂﬂﬂﬂﬂﬂﬂﬂﬂ 
                                ;                              SUBROUTINE 
                                ;‹‹‹‹‹‹‹‹‹‹‹‹‹‹‹‹‹‹‹‹‹‹‹‹‹‹‹‹‹‹‹‹‹‹‹‹‹‹‹‹‹‹‹‹‹‹‹‹‹‹‹‹‹‹‹‹‹‹‹‹‹‹‹‹‹‹‹‹‹‹‹‹‹‹ 
                                 
 1479                           sub_39		proc	near 
 1479  8A 0E FF33               		mov	cl,ds:data_110e 
 147D  D0 E9                    		shr	cl,1			; Shift w/zeros fill 
Microsoft (R) Macro Assembler  Version 4.00                 3/29/26 15:14:47

                                                            Page     1-58
                                                            

 147F  FE C1                    		inc	cl 
 1481  B0 01                    		mov	al,1 
 1483  F6 E1                    		mul	cl			; ax = reg * al 
 1485                           loc_246: 
 1485  50                       		push	ax 
 1486  2E: FF 16 0110           		call	word ptr cs:[110h] 
 148B  2E: FF 16 0112           		call	word ptr cs:[112h] 
 1490  2E: FF 16 0114           		call	word ptr cs:[114h] 
 1495  2E: FF 16 0116           		call	word ptr cs:[116h] 
 149A  2E: FF 16 0118           		call	word ptr cs:[118h] 
 149F  58                       		pop	ax 
 14A0  38 06 FF1A               		cmp	ds:data_106e,al 
 14A4  72 DF                    		jb	loc_246			; Jump if below 
 14A6  C6 06 FF1A 00            		mov	byte ptr ds:data_106e,0 
                                		retn 
 14AB  C3                     1                 db     0C3h
                                sub_39		endp 
                                 
                                 
                                ;ﬂﬂﬂﬂﬂﬂﬂﬂﬂﬂﬂﬂﬂﬂﬂﬂﬂﬂﬂﬂﬂﬂﬂﬂﬂﬂﬂﬂﬂﬂﬂﬂﬂﬂﬂﬂﬂﬂﬂﬂﬂﬂﬂﬂﬂﬂﬂﬂﬂﬂﬂﬂﬂﬂﬂﬂﬂﬂﬂﬂﬂﬂﬂﬂﬂﬂﬂﬂﬂﬂﬂﬂﬂﬂ 
                                ;                              SUBROUTINE 
                                ;‹‹‹‹‹‹‹‹‹‹‹‹‹‹‹‹‹‹‹‹‹‹‹‹‹‹‹‹‹‹‹‹‹‹‹‹‹‹‹‹‹‹‹‹‹‹‹‹‹‹‹‹‹‹‹‹‹‹‹‹‹‹‹‹‹‹‹‹‹‹‹‹‹‹ 
                                 
 14AC                           sub_40		proc	near 
 14AC                           loc_247: 
 14AC  B8 B000                  		mov	ax,0B000h 
 14AF  8E C0                    		mov	es,ax 
 14B1  BF 04FD                  		mov	di,data_128e 
 14B4  B9 0090                  		mov	cx,90h 
                                 
 14B7                           locloop_248: 
 14B7  51                       		push	cx 
 14B8  57                       		push	di 
 14B9  B8 FFFF                  		mov	ax,0FFFFh 
 14BC  B9 001C                  		mov	cx,1Ch 
                                 
 14BF                           locloop_249: 
 14BF  26: 31 05                		xor	es:[di],ax 
 14C2  47                       		inc	di 
 14C3  47                       		inc	di 
 14C4  E2 F9                    		loop	locloop_249		; Loop if cx > 0 
                                 
 14C6  5F                       		pop	di 
 14C7  81 C7 2000               		add	di,2000h 
 14CB  81 FF 6000               		cmp	di,data_132e 
 14CF  72 13                    		jb	loc_251			; Jump if below 
 14D1  57                       		push	di 
 14D2  B8 FFFF                  		mov	ax,0FFFFh 
 14D5  B9 001C                  		mov	cx,1Ch 
                                 
 14D8                           locloop_250: 
 14D8  26: 31 05                		xor	es:[di],ax 
 14DB  47                       		inc	di 
 14DC  47                       		inc	di 
 14DD  E2 F9                    		loop	locloop_250		; Loop if cx > 0 
Microsoft (R) Macro Assembler  Version 4.00                 3/29/26 15:14:47

                                                            Page     1-59
                                                            

                                 
 14DF  5F                       		pop	di 
 14E0  81 C7 A05A               		add	di,0A05Ah 
 14E4                           loc_251: 
 14E4  59                       		pop	cx 
 14E5  E2 D0                    		loop	locloop_248		; Loop if cx > 0 
                                 
                                		retn 
 14E7  C3                     1                 db     0C3h
                                sub_40		endp 
                                 
                                			                        ;* No entry point to code 
 14E8  24 3F                    		and	al,3Fh			; '?' 
 14EA  02 C0                    		add	al,al 
 14EC  02 C0                    		add	al,al 
 14EE  02 C0                    		add	al,al 
 14F0  04 0E                    		add	al,0Eh 
 14F2  80 EC 04                 		sub	ah,4 
 14F5  02 E4                    		add	ah,ah 
 14F7  80 C4 0C                 		add	ah,0Ch 
 14FA  8B D8                    		mov	bx,ax 
 14FC  E8 1E4A R                		call	sub_46 
 14FF  8B F8                    		mov	di,ax 
                                		retn 
 1501  C3                     1                 db     0C3h
                                			                        ;* No entry point to code 
 1502  8A 1E 009D               		mov	bl,byte ptr ds:[9Dh] 
 1506  0A DB                    		or	bl,bl			; Zero ? 
 1508  74 21                    		jz	loc_252			; Jump if zero 
 150A  80 FB 07                 		cmp	bl,7 
 150D  74 1C                    		je	loc_252			; Jump if equal 
 150F  FE CB                    		dec	bl 
 1511  32 FF                    		xor	bh,bh			; Zero register 
 1513  03 DB                    		add	bx,bx 
 1515  2E: 8E 06 FF2C           		mov	es,cs:data_107e 
 151A  8C C8                    		mov	ax,cs 
 151C  05 2000                  		add	ax,2000h 
 151F  8E D8                    		mov	ds,ax 
 1521  8B 37                    		mov	si,[bx] 
 1523  BF 8690                  		mov	di,data_5e 
 1526  B9 0480                  		mov	cx,480h 
 1529  F3/ A4                   		rep	movsb			; Rep when cx >0 Mov [si] to es:[di] 
 152B                           loc_252: 
 152B  2E: 8E 1E FF2C           		mov	ds,cs:data_107e 
 1530  BE 8690                  		mov	si,8690h 
                                		retn 
 1533  C3                     1                 db     0C3h
                                 
                                ;ﬂﬂﬂﬂﬂﬂﬂﬂﬂﬂﬂﬂﬂﬂﬂﬂﬂﬂﬂﬂﬂﬂﬂﬂﬂﬂﬂﬂﬂﬂﬂﬂﬂﬂﬂﬂﬂﬂﬂﬂﬂﬂﬂﬂﬂﬂﬂﬂﬂﬂﬂﬂﬂﬂﬂﬂﬂﬂﬂﬂﬂﬂﬂﬂﬂﬂﬂﬂﬂﬂﬂﬂﬂﬂ 
                                ;                              SUBROUTINE 
                                ;‹‹‹‹‹‹‹‹‹‹‹‹‹‹‹‹‹‹‹‹‹‹‹‹‹‹‹‹‹‹‹‹‹‹‹‹‹‹‹‹‹‹‹‹‹‹‹‹‹‹‹‹‹‹‹‹‹‹‹‹‹‹‹‹‹‹‹‹‹‹‹‹‹‹ 
                                 
 1534                           sub_41		proc	near 
 1534  81 FE E900               		cmp	si,0E900h 
 1538  73 01                    		jae	loc_253			; Jump if above or = 
Microsoft (R) Macro Assembler  Version 4.00                 3/29/26 15:14:47

                                                            Page     1-60
                                                            

                                		retn 
 153A  C3                     1                 db     0C3h
 153B                           loc_253: 
 153B  81 EE 0900               		sub	si,900h 
                                		retn 
 153F  C3                     1                 db     0C3h
                                sub_41		endp 
                                 
                                 
                                ;ﬂﬂﬂﬂﬂﬂﬂﬂﬂﬂﬂﬂﬂﬂﬂﬂﬂﬂﬂﬂﬂﬂﬂﬂﬂﬂﬂﬂﬂﬂﬂﬂﬂﬂﬂﬂﬂﬂﬂﬂﬂﬂﬂﬂﬂﬂﬂﬂﬂﬂﬂﬂﬂﬂﬂﬂﬂﬂﬂﬂﬂﬂﬂﬂﬂﬂﬂﬂﬂﬂﬂﬂﬂﬂ 
                                ;                              SUBROUTINE 
                                ;‹‹‹‹‹‹‹‹‹‹‹‹‹‹‹‹‹‹‹‹‹‹‹‹‹‹‹‹‹‹‹‹‹‹‹‹‹‹‹‹‹‹‹‹‹‹‹‹‹‹‹‹‹‹‹‹‹‹‹‹‹‹‹‹‹‹‹‹‹‹‹‹‹‹ 
                                 
 1540                           sub_42		proc	near 
 1540  81 FE E000               		cmp	si,0E000h 
 1544  72 01                    		jb	loc_254			; Jump if below 
                                		retn 
 1546  C3                     1                 db     0C3h
 1547                           loc_254: 
 1547  81 C6 0900               		add	si,900h 
                                		retn 
 154B  C3                     1                 db     0C3h
                                sub_42		endp 
                                 
                                			                        ;* No entry point to code 
 154C  56                       		push	si 
 154D  1E                       		push	ds 
 154E  BE 45AB                  		mov	si,data_63e 
 1551  BF 47CD                  		mov	di,data_131e 
 1554  B8 B000                  		mov	ax,0B000h 
 1557  8E C0                    		mov	es,ax 
 1559  B9 0005                  		mov	cx,5 
                                 
 155C                           locloop_255: 
 155C  51                       		push	cx 
 155D  B9 001C                  		mov	cx,1Ch 
                                 
 1560                           locloop_256: 
 1560  51                       		push	cx 
 1561  AC                       		lodsb				; String [si] to al 
 1562  1E                       		push	ds 
 1563  56                       		push	si 
 1564  2E: 8E 1E FF2C           		mov	ds,cs:data_107e 
 1569  32 E4                    		xor	ah,ah			; Zero register 
 156B  03 C0                    		add	ax,ax 
 156D  03 C0                    		add	ax,ax 
 156F  03 C0                    		add	ax,ax 
 1571  03 C0                    		add	ax,ax 
 1573  05 4000                  		add	ax,4000h 
 1576  8B F0                    		mov	si,ax 
 1578  57                       		push	di 
 1579  B9 0008                  		mov	cx,8 
                                 
 157C                           locloop_257: 
 157C  51                       		push	cx 
Microsoft (R) Macro Assembler  Version 4.00                 3/29/26 15:14:47

                                                            Page     1-61
                                                            

 157D  A5                       		movsw				; Mov [si] to es:[di] 
 157E  81 C7 1FFE               		add	di,1FFEh 
 1582  81 FF 6000               		cmp	di,data_132e 
 1586  72 08                    		jb	loc_258			; Jump if below 
 1588  8B 44 FE                 		mov	ax,[si-2] 
 158B  AB                       		stosw				; Store ax to es:[di] 
 158C  81 C7 A058               		add	di,0A058h 
 1590                           loc_258: 
 1590  59                       		pop	cx 
 1591  E2 E9                    		loop	locloop_257		; Loop if cx > 0 
                                 
 1593  5F                       		pop	di 
 1594  47                       		inc	di 
 1595  47                       		inc	di 
 1596  5E                       		pop	si 
 1597  1F                       		pop	ds 
 1598  59                       		pop	cx 
 1599  E2 C5                    		loop	locloop_256		; Loop if cx > 0 
                                 
 159B  81 C7 407C               		add	di,407Ch 
 159F  81 FF 6000               		cmp	di,6000h 
 15A3  72 04                    		jb	loc_259			; Jump if below 
 15A5  81 C7 A05A               		add	di,0A05Ah 
 15A9                           loc_259: 
 15A9  59                       		pop	cx 
 15AA  E2 B0                    		loop	locloop_255		; Loop if cx > 0 
                                 
 15AC  1F                       		pop	ds 
 15AD  5E                       		pop	si 
                                		retn 
 15AE  C3                     1                 db     0C3h
 15AF  00 01 02 04 07 09        		db	 00h, 01h, 02h, 04h, 07h, 09h 
 15B5  0D 10 04 15 17 1C        		db	 0Dh, 10h, 04h, 15h, 17h, 1Ch 
 15BB  1E 04 07 09 22 02        		db	 1Eh, 04h, 07h, 09h, 22h, 02h 
 15C1  25 08 02 28 02 2D        		db	 25h, 08h, 02h, 28h, 02h, 2Dh 
 15C7  31 36 3B 40 00 01        		db	 31h, 36h, 3Bh, 40h, 00h, 01h 
 15CD  03 06 08 0A 0E 11        		db	 03h, 06h, 08h, 0Ah, 0Eh, 11h 
 15D3  06 08 18 0E 1E 04        		db	 06h, 08h, 18h, 0Eh, 1Eh, 04h 
 15D9  08 0A 23 24              		db	8, 0Ah, '#$' 
 15DD  26 08 27 29 2A           		db	'&', 8, 27h, ')*' 
 15E2  04 32 37 3C 06 00        		db	 04h, 32h, 37h, 3Ch, 06h, 00h 
 15E8  01 02 05 08 02 0E        		db	 01h, 02h, 05h, 08h, 02h, 0Eh 
 15EE  12 06 08 19 0E 1E        		db	 12h, 06h, 08h, 19h, 0Eh, 1Eh 
 15F4  04 08 02 23 24 26        		db	 04h, 08h, 02h, 23h, 24h, 26h 
 15FA  08 25 29 02 2E 33        		db	 08h, 25h, 29h, 02h, 2Eh, 33h 
 1600  38 3D 06 00 01 03        		db	 38h, 3Dh, 06h, 00h, 01h, 03h 
 1606  06 08 0B 0E 13 06        		db	 06h, 08h, 0Bh, 0Eh, 13h, 06h 
 160C  08 1A 0E 1F 04 08        		db	 08h, 1Ah, 0Eh, 1Fh, 04h, 08h 
 1612  0B                       		db	 0Bh 
 1613  23 24                    		db	'#$' 
 1615  26 08 27 29 2B 2F 34     		db	'&', 8, 27h, ')+/49>' 
       39 3E                    
 161E  06 00 01 02 04 08        		db	 06h, 00h, 01h, 02h, 04h, 08h 
 1624  0C 0F 14 04 16 1B        		db	 0Ch, 0Fh, 14h, 04h, 16h, 1Bh 
 162A  1D                       		db	 1Dh 
Microsoft (R) Macro Assembler  Version 4.00                 3/29/26 15:14:47

                                                            Page     1-62
                                                            

 162B  20 21 08 0C 23 24        		db	' !', 8, 0Ch, '#$' 
 1631  26 08                    		db	'&', 8 
 1633  02 28 2C 30 35 3A        		db	 02h, 28h, 2Ch, 30h, 35h, 3Ah 
 1639  3F 06 A2 F7 4F BE        		db	 3Fh, 06h,0A2h,0F7h, 4Fh,0BEh 
 163F  17 47 C7 06 E4 4F        		db	 17h, 47h,0C7h, 06h,0E4h, 4Fh 
 1645  FD 04 B9 12 00           		db	0FDh, 04h,0B9h, 12h, 00h 
                                 
 164A                           locloop_260: 
 164A  51                       		push	cx 
 164B  B9 001C                  		mov	cx,1Ch 
                                 
 164E                           locloop_261: 
 164E  51                       		push	cx 
 164F  AC                       		lodsb				; String [si] to al 
 1650  56                       		push	si 
 1651  E8 1675 R                		call	sub_43 
 1654  5E                       		pop	si 
 1655  83 06 4FE4 02            		add	word ptr ds:data_72e,2 
 165A  59                       		pop	cx 
 165B  E2 F1                    		loop	locloop_261		; Loop if cx > 0 
                                 
 165D  81 06 4FE4 407C          		add	word ptr ds:data_72e,407Ch 
 1663  81 3E 4FE4 6000          		cmp	word ptr ds:data_72e,6000h 
 1669  72 06                    		jb	loc_262			; Jump if below 
 166B  81 06 4FE4 A05A          		add	word ptr ds:data_72e,0A05Ah 
 1671                           loc_262: 
 1671  59                       		pop	cx 
 1672  E2 D6                    		loop	locloop_260		; Loop if cx > 0 
                                 
                                		retn 
 1674  C3                     1                 db     0C3h
                                 
                                ;ﬂﬂﬂﬂﬂﬂﬂﬂﬂﬂﬂﬂﬂﬂﬂﬂﬂﬂﬂﬂﬂﬂﬂﬂﬂﬂﬂﬂﬂﬂﬂﬂﬂﬂﬂﬂﬂﬂﬂﬂﬂﬂﬂﬂﬂﬂﬂﬂﬂﬂﬂﬂﬂﬂﬂﬂﬂﬂﬂﬂﬂﬂﬂﬂﬂﬂﬂﬂﬂﬂﬂﬂﬂﬂ 
                                ;                              SUBROUTINE 
                                ;‹‹‹‹‹‹‹‹‹‹‹‹‹‹‹‹‹‹‹‹‹‹‹‹‹‹‹‹‹‹‹‹‹‹‹‹‹‹‹‹‹‹‹‹‹‹‹‹‹‹‹‹‹‹‹‹‹‹‹‹‹‹‹‹‹‹‹‹‹‹‹‹‹‹ 
                                 
 1675                           sub_43		proc	near 
 1675  1E                       		push	ds 
 1676  B1 10                    		mov	cl,10h 
 1678  F6 E1                    		mul	cl			; ax = reg * al 
 167A  05 8000                  		add	ax,8000h 
 167D  8B F0                    		mov	si,ax 
 167F  2E: 8E 1E FF2C           		mov	ds,cs:data_107e 
 1684  B8 B000                  		mov	ax,0B000h 
 1687  8E C0                    		mov	es,ax 
 1689  2E: 8B 3E 4FE4           		mov	di,cs:data_72e 
 168E  B9 0008                  		mov	cx,8 
                                 
 1691                           locloop_263: 
 1691  51                       		push	cx 
 1692  AD                       		lodsw				; String [si] to ax 
 1693  E8 16AB R                		call	sub_44 
 1696  AB                       		stosw				; Store ax to es:[di] 
 1697  81 C7 1FFE               		add	di,1FFEh 
 169B  81 FF 6000               		cmp	di,data_132e 
Microsoft (R) Macro Assembler  Version 4.00                 3/29/26 15:14:47

                                                            Page     1-63
                                                            

 169F  72 05                    		jb	loc_264			; Jump if below 
 16A1  AB                       		stosw				; Store ax to es:[di] 
 16A2  81 C7 A058               		add	di,0A058h 
 16A6                           loc_264: 
 16A6  59                       		pop	cx 
 16A7  E2 E8                    		loop	locloop_263		; Loop if cx > 0 
                                 
 16A9  1F                       		pop	ds 
                                		retn 
 16AA  C3                     1                 db     0C3h
                                sub_43		endp 
                                 
                                 
                                ;ﬂﬂﬂﬂﬂﬂﬂﬂﬂﬂﬂﬂﬂﬂﬂﬂﬂﬂﬂﬂﬂﬂﬂﬂﬂﬂﬂﬂﬂﬂﬂﬂﬂﬂﬂﬂﬂﬂﬂﬂﬂﬂﬂﬂﬂﬂﬂﬂﬂﬂﬂﬂﬂﬂﬂﬂﬂﬂﬂﬂﬂﬂﬂﬂﬂﬂﬂﬂﬂﬂﬂﬂﬂﬂ 
                                ;                              SUBROUTINE 
                                ;‹‹‹‹‹‹‹‹‹‹‹‹‹‹‹‹‹‹‹‹‹‹‹‹‹‹‹‹‹‹‹‹‹‹‹‹‹‹‹‹‹‹‹‹‹‹‹‹‹‹‹‹‹‹‹‹‹‹‹‹‹‹‹‹‹‹‹‹‹‹‹‹‹‹ 
                                 
 16AB                           sub_44		proc	near 
 16AB  B9 0008                  		mov	cx,8 
                                 
 16AE                           locloop_265: 
 16AE  51                       		push	cx 
 16AF  03 C0                    		add	ax,ax 
 16B1  12 C9                    		adc	cl,cl 
 16B3  03 C0                    		add	ax,ax 
 16B5  12 C9                    		adc	cl,cl 
 16B7  80 E1 03                 		and	cl,3 
 16BA  2E: 8A 1E 4FF7           		mov	bl,cs:data_84e 
 16BF  32 FF                    		xor	bh,bh			; Zero register 
 16C1  03 DB                    		add	bx,bx 
 16C3  2E: FF 97 46D0           		call	word ptr cs:data_64e[bx]	;* 
 16C8  03 D2                    		add	dx,dx 
 16CA  03 D2                    		add	dx,dx 
 16CC  0A D1                    		or	dl,cl 
 16CE  59                       		pop	cx 
 16CF  E2 DD                    		loop	locloop_265		; Loop if cx > 0 
                                 
 16D1  8B C2                    		mov	ax,dx 
                                		retn 
 16D3  C3                     1                 db     0C3h
                                sub_44		endp 
                                 
 16D4  DA 46 DB 46 EC 46        		db	0DAh, 46h,0DBh, 46h,0ECh, 46h 
 16DA  FD 46 0E 47 C3 80        		db	0FDh, 46h, 0Eh, 47h,0C3h, 80h 
 16E0  F9 01 75 03 B1 02        		db	0F9h, 01h, 75h, 03h,0B1h, 02h 
 16E6  C3 80 F9 02 74 01        		db	0C3h, 80h,0F9h, 02h, 74h, 01h 
 16EC  C3                       		db	0C3h 
 16ED                           loc_266: 
 16ED  B1 01                    		mov	cl,1 
                                		retn 
 16EF  C3                     1                 db     0C3h
                                			                        ;* No entry point to code 
 16F0  80 F9 01                 		cmp	cl,1 
 16F3  75 03                    		jne	loc_267			; Jump if not equal 
 16F5  B1 00                    		mov	cl,0 
Microsoft (R) Macro Assembler  Version 4.00                 3/29/26 15:14:47

                                                            Page     1-64
                                                            

                                		retn 
 16F7  C3                     1                 db     0C3h
 16F8                           loc_267: 
 16F8  80 F9 02                 		cmp	cl,2 
 16FB  74 01                    		je	loc_268			; Jump if equal 
                                		retn 
 16FD  C3                     1                 db     0C3h
 16FE                           loc_268: 
 16FE  B1 01                    		mov	cl,1 
                                		retn 
 1700  C3                     1                 db     0C3h
                                			                        ;* No entry point to code 
 1701  80 F9 02                 		cmp	cl,2 
 1704  75 03                    		jne	loc_269			; Jump if not equal 
 1706  B1 03                    		mov	cl,3 
                                		retn 
 1708  C3                     1                 db     0C3h
 1709                           loc_269: 
 1709  80 F9 03                 		cmp	cl,3 
 170C  74 01                    		je	loc_270			; Jump if equal 
                                		retn 
 170E  C3                     1                 db     0C3h
 170F                           loc_270: 
 170F  B1 02                    		mov	cl,2 
                                		retn 
 1711  C3                     1                 db     0C3h
                                			                        ;* No entry point to code 
 1712  80 F9 01                 		cmp	cl,1 
 1715  74 01                    		je	loc_271			; Jump if equal 
                                		retn 
 1717  C3                     1                 db     0C3h
 1718                           loc_271: 
 1718  B1 03                    		mov	cl,3 
                                		retn 
 171A  C3                     1                 db     0C3h
                                			                        ;* No entry point to code 
 171B  07                       		pop	es 
 171C  08 09                    		or	[bx+di],cl 
 171E  0A 07                    		or	al,[bx] 
 1720  08 0B                    		or	[bp+di],cl 
 1722  0C 07                    		or	al,7 
 1724  08 09                    		or	[bx+di],cl 
 1726  0A 19                    		or	bl,[bx+di] 
 1728  3D 2761                  		cmp	ax,2761h 
 172B  1D 1D1E                  		sbb	ax,1D1Eh 
 172E  1E                       		push	ds 
 172F  1F                       		pop	ds 
 1730  20 1F                    		and	[bx],bl 
 1732  20 1D                    		and	[di],bl 
 1734  1E                       		push	ds 
 1735  1F                       		pop	ds 
 1736  20 0D                    		and	[di],cl 
 1738  0E                       		push	cs 
                                ;*		pop	cs			; Dangerous-8088 only 
 1739  0F                       		db	0Fh			;  Fixup - byte match 
Microsoft (R) Macro Assembler  Version 4.00                 3/29/26 15:14:47

                                                            Page     1-65
                                                            

 173A  10 0F                    		adc	[bx],cl 
 173C  10 0D                    		adc	[di],cl 
 173E  0E                       		push	cs 
                                ;*		pop	cs			; Dangerous-8088 only 
 173F  0F                       		db	0Fh			;  Fixup - byte match 
 1740  10 17                    		adc	[bx],dl 
 1742  18 3E 625C               		sbb	ds:data_95e,bh 
 1746  26: 2A 25                		sub	ah,es:[di] 
 1749  21 22                    		and	[bp+si],sp 
 174B  21 22                    		and	[bp+si],sp 
 174D  23 24                    		and	sp,[si] 
 174F  21 22                    		and	[bp+si],sp 
 1751  21 22                    		and	[bp+si],sp 
 1753  09 0A                    		or	[bp+si],cx 
 1755  07                       		pop	es 
 1756  08 07                    		or	[bx],al 
 1758  08 09                    		or	[bx+di],cl 
 175A  0A 07                    		or	al,[bx] 
 175C  08 19                    		or	[bx+di],bl 
 175E  54                       		push	sp 
 175F  59                       		pop	cx 
 1760  5D                       		pop	bp 
 1761  63 32 2F 2E 1F 20        		db	 63h, 32h, 2Fh, 2Eh, 1Fh, 20h 
 1767  1F 20 1D 1E 1F 20        		db	 1Fh, 20h, 1Dh, 1Eh, 1Fh, 20h 
 176D  1F 20 0F 10 11 12        		db	 1Fh, 20h, 0Fh, 10h, 11h, 12h 
 1773  0F 10 0D 0E 17 18        		db	 0Fh, 10h, 0Dh, 0Eh, 17h, 18h 
 1779  50 55 5A 5E 64 66 28     		db	'PUZ^df(0#$' 
       30 23 24                 
 1783  21 22 23 24              		db	'!"#$' 
 1787  21 22 23 24              		db	'!"#$' 
 178B  07 08 0A 0C 07 08        		db	 07h, 08h, 0Ah, 0Ch, 07h, 08h 
 1791  09 0A 1A                 		db	 09h, 0Ah, 1Ah 
 1794  34 51 56 5B 5F 65 67     		db	'4QV[_eg/-' 
       2F 2D                    
 179D  1D 1E 1F 20 1D 1E        		db	 1Dh, 1Eh, 1Fh, 20h, 1Dh, 1Eh 
 17A3  1F 20 1D 1E 0F 10        		db	 1Fh, 20h, 1Dh, 1Eh, 0Fh, 10h 
 17A9  0D 0E 0D 0E 17 18        		db	 0Dh, 0Eh, 0Dh, 0Eh, 17h, 18h 
 17AF  49 4D 52 57 00           		db	 49h, 4Dh, 52h, 57h, 00h 
 17B4  60 69 68 6A 6B 28 26     		db	'`ihjk(&!"+&!"!"' 
       21 22 2B 26 21 22 21     
       22                       
 17C3  07                       		db	7 
 17C4  08 09 0A 09 0A 1B 46     		db	8, 9, 0Ah, 9, 0Ah, 1Bh, 'FJNSX' 
       4A 4E 53 58              
 17CF  00 00 00 00 69 6C        		db	 00h, 00h, 00h, 00h, 69h, 6Ch 
 17D5  31 2D 1F 20 2C 2D        		db	 31h, 2Dh, 1Fh, 20h, 2Ch, 2Dh 
 17DB  1F 20 1F 20 13 14        		db	 1Fh, 20h, 1Fh, 20h, 13h, 14h 
 17E1  13 14 17 18              		db	 13h, 14h, 17h, 18h 
 17E5  43 47 4B 4F              		db	 43h, 47h, 4Bh, 4Fh 
 17E9  0007[                    		db	7 dup (0) 
            00                  
                         ]      
                                
 17F0  6D 6E 6F 29 26 21 22     		db	'mno)&!"*%!"' 
       2A 25 21 22              
Microsoft (R) Macro Assembler  Version 4.00                 3/29/26 15:14:47

                                                            Page     1-66
                                                            

 17FB  15 16 15 16 1C           		db	 15h, 16h, 15h, 16h, 1Ch 
 1800  35 44 48 4C              		db	 35h, 44h, 48h, 4Ch 
 1804  0009[                    		db	9 dup (0) 
            00                  
                         ]      
                                
 180D  69 71 73 74 1F 20        		db	 69h, 71h, 73h, 74h, 1Fh, 20h 
 1813  2C 27 1F 20 17 18        		db	 2Ch, 27h, 1Fh, 20h, 17h, 18h 
 1819  38 3A 3F 42 45           		db	 38h, 3Ah, 3Fh, 42h, 45h 
 181E  000C[                    		db	12 dup (0) 
            00                  
                         ]      
                                
 182A  6D 75 77 79 6F 2B 26     		db	'muwyo+&)&' 
       29 26                    
 1833  1A 34 39 3B 40 41        		db	 1Ah, 34h, 39h, 3Bh, 40h, 41h 
 1839  000E[                    		db	14 dup (0) 
            00                  
                         ]      
                                
 1847  76 78 7A 7B 31 32 2F     		db	'vxz{12/-367<' 
       2D 33 36 37 3C           
 1853  00                       		db	0 
 1854  0012[                    		db	18 dup (0) 
            00                  
                         ]      
                                
 1866  6D 71 70 72 70           		db	 6Dh, 71h, 70h, 72h, 70h 
 186B  0054[                    		db	84 dup (0) 
            00                  
                         ]      
                                
 18BF  01 02 01 02 01 02        		db	 01h, 02h, 01h, 02h, 01h, 02h 
 18C5  01 02 01 02 01 02        		db	 01h, 02h, 01h, 02h, 01h, 02h 
 18CB  01 02 01 02 01 02        		db	 01h, 02h, 01h, 02h, 01h, 02h 
 18D1  01 02 01 02 01 02        		db	 01h, 02h, 01h, 02h, 01h, 02h 
 18D7  01 02 01 02 03 04        		db	 01h, 02h, 01h, 02h, 03h, 04h 
 18DD  03 04 03 04 03 04        		db	 03h, 04h, 03h, 04h, 03h, 04h 
 18E3  03 04 03 04 03 04        		db	 03h, 04h, 03h, 04h, 03h, 04h 
 18E9  03 04 03 04 03 04        		db	 03h, 04h, 03h, 04h, 03h, 04h 
 18EF  03 04 03 04 03 04        		db	 03h, 04h, 03h, 04h, 03h, 04h 
 18F5  03 04 05 06 05 06        		db	 03h, 04h, 05h, 06h, 05h, 06h 
 18FB  05 06 05 06 05 06        		db	 05h, 06h, 05h, 06h, 05h, 06h 
 1901  05 06 05 06 05 06        		db	 05h, 06h, 05h, 06h, 05h, 06h 
 1907  05 06 05 06 05 06        		db	 05h, 06h, 05h, 06h, 05h, 06h 
 190D  06 05 05 06 05 06        		db	 06h, 05h, 05h, 06h, 05h, 06h 
 1913  1E 50 E8 32 05 8B        		db	 1Eh, 50h,0E8h, 32h, 05h, 8Bh 
 1919  F8 58 B1 10 F6 E1        		db	0F8h, 58h,0B1h, 10h,0F6h,0E1h 
 191F  05 00 60 8B F0 2E        		db	 05h, 00h, 60h, 8Bh,0F0h, 2Eh 
 1925  8E 1E 2C FF B8 00        		db	 8Eh, 1Eh, 2Ch,0FFh,0B8h, 00h 
 192B  B0 8E C0 B9 08 00        		db	0B0h, 8Eh,0C0h,0B9h, 08h, 00h 
                                 
 1931                           locloop_272: 
 1931  A5                       		movsw				; Mov [si] to es:[di] 
 1932  81 C7 1FFE               		add	di,1FFEh 
Microsoft (R) Macro Assembler  Version 4.00                 3/29/26 15:14:47

                                                            Page     1-67
                                                            

 1936  81 FF 6000               		cmp	di,data_94e 
 193A  72 08                    		jb	loc_273			; Jump if below 
 193C  8B 44 FE                 		mov	ax,[si-2] 
 193F  AB                       		stosw				; Store ax to es:[di] 
 1940  81 C7 A058               		add	di,0A058h 
 1944                           loc_273: 
 1944  E2 EB                    		loop	locloop_272		; Loop if cx > 0 
                                 
 1946  1F                       		pop	ds 
                                		retn 
 1947  C3                     1                 db     0C3h
                                			                        ;* No entry point to code 
 1948  1E                       		push	ds 
 1949  8A 1E 0092               		mov	bl,byte ptr ds:[92h] 
 194D  FE CB                    		dec	bl 
 194F  32 FF                    		xor	bh,bh			; Zero register 
 1951  03 DB                    		add	bx,bx 
 1953  8B B7 4982               		mov	si,ds:data_65e[bx] 
 1957  BF 0D85                  		mov	di,data_129e 
 195A  B8 B000                  		mov	ax,0B000h 
 195D  8E C0                    		mov	es,ax 
 195F  B9 0018                  		mov	cx,18h 
                                 
 1962                           locloop_274: 
 1962  AD                       		lodsw				; String [si] to ax 
 1963  8B D8                    		mov	bx,ax 
 1965  AD                       		lodsw				; String [si] to ax 
 1966  26: 09 1D                		or	es:[di],bx 
 1969  26: 09 45 02             		or	es:[di+2],ax 
 196D  81 C7 2000               		add	di,2000h 
 1971  81 FF 6000               		cmp	di,data_132e 
 1975  72 0B                    		jb	loc_275			; Jump if below 
 1977  26: 09 1D                		or	es:[di],bx 
 197A  26: 09 45 02             		or	es:[di+2],ax 
 197E  81 C7 A05A               		add	di,0A05Ah 
 1982                           loc_275: 
 1982  E2 DE                    		loop	locloop_274		; Loop if cx > 0 
                                 
 1984  1F                       		pop	ds 
                                		retn 
 1985  C3                     1                 db     0C3h
 1986  8E 49 8E 49 8E 49        		db	 8Eh, 49h, 8Eh, 49h, 8Eh, 49h 
 198C  EE 49 EE                 		db	0EEh, 49h,0EEh 
 198F  49 4E 4A                 		db	 49h, 4Eh, 4Ah 
 1992  002D[                    		db	45 dup (0) 
            00                  
                         ]      
                                
 19BF  02 00 00 00 06 00        		db	 02h, 00h, 00h, 00h, 06h, 00h 
 19C5  00 00 06 00 00 00        		db	 00h, 00h, 06h, 00h, 00h, 00h 
 19CB  0E 00 00 00 0E 00        		db	 0Eh, 00h, 00h, 00h, 0Eh, 00h 
 19D1  00 00 0C 00 00 00        		db	 00h, 00h, 0Ch, 00h, 00h, 00h 
 19D7  0E 00 00 00 1C 00        		db	 0Eh, 00h, 00h, 00h, 1Ch, 00h 
 19DD  00 00 0C 00 00 00        		db	 00h, 00h, 0Ch, 00h, 00h, 00h 
 19E3  1C 00 00 00 1C 00        		db	 1Ch, 00h, 00h, 00h, 1Ch, 00h 
Microsoft (R) Macro Assembler  Version 4.00                 3/29/26 15:14:47

                                                            Page     1-68
                                                            

 19E9  00 00 1C 00 00 00        		db	 00h, 00h, 1Ch, 00h, 00h, 00h 
 19EF  1C                       		db	 1Ch 
 19F0  0010[                    		db	16 dup (0) 
            00                  
                         ]      
                                
 1A00  80 00 00 01 80 00        		db	 80h, 00h, 00h, 01h, 80h, 00h 
 1A06  00 03 80 00 00 03        		db	 00h, 03h, 80h, 00h, 00h, 03h 
 1A0C  00 00 00 07 80 00        		db	 00h, 00h, 00h, 07h, 80h, 00h 
 1A12  00 07 00 00 00 07        		db	 00h, 07h, 00h, 00h, 00h, 07h 
 1A18  00 00 00 0F 00 00        		db	 00h, 00h, 00h, 0Fh, 00h, 00h 
 1A1E  00 0E 00 00 00 0F        		db	 00h, 0Eh, 00h, 00h, 00h, 0Fh 
 1A24  00 00 00 1E 00 00        		db	 00h, 00h, 00h, 1Eh, 00h, 00h 
 1A2A  00 0E 00 00 00 1F        		db	 00h, 0Eh, 00h, 00h, 00h, 1Fh 
 1A30  00 00 00 1E 00 00        		db	 00h, 00h, 00h, 1Eh, 00h, 00h 
 1A36  00 1F 00 00 00 1E        		db	 00h, 1Fh, 00h, 00h, 00h, 1Eh 
 1A3C  00 00 00 1E 00 00        		db	 00h, 00h, 00h, 1Eh, 00h, 00h 
 1A42  00 1E 00 00 00 1E        		db	 00h, 1Eh, 00h, 00h, 00h, 1Eh 
 1A48  00 00 00 1C 00 00        		db	 00h, 00h, 00h, 1Ch, 00h, 00h 
 1A4E  00                       		db	 00h 
 1A4F  3F                       		db	3Fh 
 1A50  000C[                    		db	12 dup (0) 
            00                  
                         ]      
                                
 1A5C  40 00 00 00 C0 00        		db	 40h, 00h, 00h, 00h,0C0h, 00h 
 1A62  00 01 C0 00 00 03        		db	 00h, 01h,0C0h, 00h, 00h, 03h 
 1A68  80 00 00 03 80 00        		db	 80h, 00h, 00h, 03h, 80h, 00h 
 1A6E  00 07 80 00 00 07        		db	 00h, 07h, 80h, 00h, 00h, 07h 
 1A74  00 00 00 07 00 00        		db	 00h, 00h, 00h, 07h, 00h, 00h 
 1A7A  00 0F 00 00 00 0F        		db	 00h, 0Fh, 00h, 00h, 00h, 0Fh 
 1A80  00 00 00 0E 00 00        		db	 00h, 00h, 00h, 0Eh, 00h, 00h 
 1A86  00 1F 00 00 00 0E        		db	 00h, 1Fh, 00h, 00h, 00h, 0Eh 
 1A8C  00 00 00 1F 00 00        		db	 00h, 00h, 00h, 1Fh, 00h, 00h 
 1A92  00 1E 00 00 00 1F        		db	 00h, 1Eh, 00h, 00h, 00h, 1Fh 
 1A98  00 00 00 1E 00 00        		db	 00h, 00h, 00h, 1Eh, 00h, 00h 
 1A9E  00 1F 00 00 00 1F        		db	 00h, 1Fh, 00h, 00h, 00h, 1Fh 
 1AA4  00 00 00 1E 00 00        		db	 00h, 00h, 00h, 1Eh, 00h, 00h 
 1AAA  03 1C C0 00 00 FF        		db	 03h, 1Ch,0C0h, 00h, 00h,0FFh 
 1AB0  00 00 1E 0A C0 78        		db	 00h, 00h, 1Eh, 0Ah,0C0h, 78h 
 1AB6  10 24 03 B2 40 F6        		db	 10h, 24h, 03h,0B2h, 40h,0F6h 
 1ABC  E2 05 46 4B 8B F0        		db	0E2h, 05h, 46h, 4Bh, 8Bh,0F0h 
 1AC2  BD 01 00 EB 0E 24        		db	0BDh, 01h, 00h,0EBh, 0Eh, 24h 
 1AC8  01 8A E0 32 C0 05        		db	 01h, 8Ah,0E0h, 32h,0C0h, 05h 
 1ACE  46 4C 8B F0 BD 04        		db	 46h, 4Ch, 8Bh,0F0h,0BDh, 04h 
 1AD4  00 8A C3 24 03 02        		db	 00h, 8Ah,0C3h, 24h, 03h, 02h 
 1ADA  C0 A2 F8 4F D1 EB        		db	0C0h,0A2h,0F8h, 4Fh,0D1h,0EBh 
 1AE0  D1 EB 8A FB 8A D9        		db	0D1h,0EBh, 8Ah,0FBh, 8Ah,0D9h 
 1AE6  E8 61 03 8B F8 B8        		db	0E8h, 61h, 03h, 8Bh,0F8h,0B8h 
 1AEC  00 B0 8E C0 8B CD        		db	 00h,0B0h, 8Eh,0C0h, 8Bh,0CDh 
                                 
 1AF2                           locloop_276: 
 1AF2  51                       		push	cx 
 1AF3  57                       		push	di 
 1AF4  B9 0010                  		mov	cx,10h 
Microsoft (R) Macro Assembler  Version 4.00                 3/29/26 15:14:47

                                                            Page     1-69
                                                            

                                 
 1AF7                           locloop_277: 
 1AF7  51                       		push	cx 
 1AF8  56                       		push	si 
 1AF9  57                       		push	di 
 1AFA  E8 1B23 R                		call	sub_45 
 1AFD  5F                       		pop	di 
 1AFE  5E                       		pop	si 
 1AFF  81 C7 2000               		add	di,2000h 
 1B03  81 FF 6000               		cmp	di,6000h 
 1B07  72 0B                    		jb	loc_278			; Jump if below 
 1B09  56                       		push	si 
 1B0A  57                       		push	di 
 1B0B  E8 1B23 R                		call	sub_45 
 1B0E  5F                       		pop	di 
 1B0F  5E                       		pop	si 
 1B10  81 C7 A05A               		add	di,data_97e 
 1B14                           loc_278: 
 1B14  83 C6 04                 		add	si,4 
 1B17  59                       		pop	cx 
 1B18  E2 DD                    		loop	locloop_277		; Loop if cx > 0 
                                 
 1B1A  5F                       		pop	di 
 1B1B  83 C7 04                 		add	di,4 
 1B1E  59                       		pop	cx 
 1B1F  E2 D1                    		loop	locloop_276		; Loop if cx > 0 
                                 
 1B21  1F                       		pop	ds 
                                		retn 
 1B22  C3                     1                 db     0C3h
                                 
                                ;ﬂﬂﬂﬂﬂﬂﬂﬂﬂﬂﬂﬂﬂﬂﬂﬂﬂﬂﬂﬂﬂﬂﬂﬂﬂﬂﬂﬂﬂﬂﬂﬂﬂﬂﬂﬂﬂﬂﬂﬂﬂﬂﬂﬂﬂﬂﬂﬂﬂﬂﬂﬂﬂﬂﬂﬂﬂﬂﬂﬂﬂﬂﬂﬂﬂﬂﬂﬂﬂﬂﬂﬂﬂﬂ 
                                ;                              SUBROUTINE 
                                ;‹‹‹‹‹‹‹‹‹‹‹‹‹‹‹‹‹‹‹‹‹‹‹‹‹‹‹‹‹‹‹‹‹‹‹‹‹‹‹‹‹‹‹‹‹‹‹‹‹‹‹‹‹‹‹‹‹‹‹‹‹‹‹‹‹‹‹‹‹‹‹‹‹‹ 
                                 
 1B23                           sub_45		proc	near 
 1B23  B9 0002                  		mov	cx,2 
                                 
 1B26                           locloop_279: 
 1B26  51                       		push	cx 
 1B27  AD                       		lodsw				; String [si] to ax 
 1B28  8A F8                    		mov	bh,al 
 1B2A  32 DB                    		xor	bl,bl			; Zero register 
 1B2C  2E: 8A 0E 4FF8           		mov	cl,cs:data_85e 
 1B31  D3 EB                    		shr	bx,cl			; Shift w/zeros fill 
 1B33  32 C0                    		xor	al,al			; Zero register 
 1B35  D3 E8                    		shr	ax,cl			; Shift w/zeros fill 
 1B37  0A DC                    		or	bl,ah 
 1B39  8A E0                    		mov	ah,al 
 1B3B  26: 08 3D                		or	es:[di],bh 
 1B3E  47                       		inc	di 
 1B3F  26: 08 1D                		or	es:[di],bl 
 1B42  47                       		inc	di 
 1B43  26: 08 25                		or	es:[di],ah 
 1B46  59                       		pop	cx 
Microsoft (R) Macro Assembler  Version 4.00                 3/29/26 15:14:47

                                                            Page     1-70
                                                            

 1B47  E2 DD                    		loop	locloop_279		; Loop if cx > 0 
                                 
                                		retn 
 1B49  C3                     1                 db     0C3h
                                sub_45		endp 
                                 
 1B4A  0016[                    		db	22 dup (0) 
            00                  
                         ]      
                                
 1B60  10 00 00 10 60 00        		db	 10h, 00h, 00h, 10h, 60h, 00h 
 1B66  00 07 C0 00 00 07        		db	 00h, 07h,0C0h, 00h, 00h, 07h 
 1B6C  C0 00 00 07 C0 00        		db	0C0h, 00h, 00h, 07h,0C0h, 00h 
 1B72  00 0C 10 00 00 10        		db	 00h, 0Ch, 10h, 00h, 00h, 10h 
 1B78  00                       		db	 00h 
 1B79  001A[                    		db	26 dup (0) 
            00                  
                         ]      
                                
 1B93  01 00 00 00 01 00        		db	 01h, 00h, 00h, 00h, 01h, 00h 
 1B99  00 00 40 04 00 00        		db	 00h, 00h, 40h, 04h, 00h, 00h 
 1B9F  01 00 00 00 09 20        		db	 01h, 00h, 00h, 00h, 09h, 20h 
 1BA5  00 00 03 80 00 04        		db	 00h, 00h, 03h, 80h, 00h, 04h 
 1BAB  57 D4 80 00 03 80        		db	 57h,0D4h, 80h, 00h, 03h, 80h 
 1BB1  00 00 09 20 00 00        		db	 00h, 00h, 09h, 20h, 00h, 00h 
 1BB7  01 00 00 00 40 04        		db	 01h, 00h, 00h, 00h, 40h, 04h 
 1BBD  00 00 01 00 00 00        		db	 00h, 00h, 01h, 00h, 00h, 00h 
 1BC3  01                       		db	 01h 
 1BC4  0007[                    		db	7 dup (0) 
            00                  
                         ]      
                                
 1BCB  01 00 00 00 01 00        		db	 01h, 00h, 00h, 00h, 01h, 00h 
 1BD1  00 00 01 00 00 00        		db	 00h, 00h, 01h, 00h, 00h, 00h 
 1BD7  02 80 00 00 83 80        		db	 02h, 80h, 00h, 00h, 83h, 80h 
 1BDD  00 00 23 88 00 00        		db	 00h, 00h, 23h, 88h, 00h, 00h 
 1BE3  0D B0 00 00 0B E8        		db	 0Dh,0B0h, 00h, 00h, 0Bh,0E8h 
 1BE9  00 96 FF FF B9 00        		db	 00h, 96h,0FFh,0FFh,0B9h, 00h 
 1BEF  17 E8 00 00 0B 58        		db	 17h,0E8h, 00h, 00h, 0Bh, 58h 
 1BF5  00 00 23 82 00 00        		db	 00h, 00h, 23h, 82h, 00h, 00h 
 1BFB  02 80 80 02 01 00        		db	 02h, 80h, 80h, 02h, 01h, 00h 
 1C01  00 00 01 00 00 00        		db	 00h, 00h, 01h, 00h, 00h, 00h 
 1C07  01 00                    		db	 01h, 00h 
 1C09  0008[                    		db	8 dup (0) 
            00                  
                         ]      
                                
 1C11  10 10 00 00 00 04        		db	 10h, 10h, 00h, 00h, 00h, 04h 
 1C17  00 00 80 00 80 03        		db	 00h, 00h, 80h, 00h, 80h, 03h 
 1C1D  00 00 71 0C 00 00        		db	 00h, 00h, 71h, 0Ch, 00h, 00h 
 1C23  3D 38 00 00 07 F0        		db	 3Dh, 38h, 00h, 00h, 07h,0F0h 
 1C29  00 00 97 E5 00 00        		db	 00h, 00h, 97h,0E5h, 00h, 00h 
 1C2F  0F F0 00 00 1F 38        		db	 0Fh,0F0h, 00h, 00h, 1Fh, 38h 
 1C35  00 00 39 0E 00 00        		db	 00h, 00h, 39h, 0Eh, 00h, 00h 
 1C3B  E1 01 80 01 00 00        		db	0E1h, 01h, 80h, 01h, 00h, 00h 
Microsoft (R) Macro Assembler  Version 4.00                 3/29/26 15:14:47

                                                            Page     1-71
                                                            

 1C41  40 04 00 00 08 10        		db	 40h, 04h, 00h, 00h, 08h, 10h 
 1C47  0023[                    		db	35 dup (0) 
            00                  
                         ]      
                                
 1C6A  92 4A AA EB 00           		db	 92h, 4Ah,0AAh,0EBh, 00h 
 1C6F  0022[                    		db	34 dup (0) 
            00                  
                         ]      
                                
 1C91  01 00 00 00 01 00        		db	 01h, 00h, 00h, 00h, 01h, 00h 
 1C97  00 01 01 00 00 00        		db	 00h, 01h, 01h, 00h, 00h, 00h 
 1C9D  82 00 00 00 AB 00        		db	 82h, 00h, 00h, 00h,0ABh, 00h 
 1CA3  00 01 5D 04 24 AE        		db	 00h, 01h, 5Dh, 04h, 24h,0AEh 
 1CA9  EF FF FF FF FF 04        		db	0EFh,0FFh,0FFh,0FFh,0FFh, 04h 
 1CAF  24 AB EF 00 00 01        		db	 24h,0ABh,0EFh, 00h, 00h, 01h 
 1CB5  5D 00 00 00 22 00        		db	 5Dh, 00h, 00h, 00h, 22h, 00h 
 1CBB  00 00 81 00 00 00        		db	 00h, 00h, 81h, 00h, 00h, 00h 
 1CC1  01 00 00 00 01 00        		db	 01h, 00h, 00h, 00h, 01h, 00h 
 1CC7  0013[                    		db	19 dup (0) 
            00                  
                         ]      
                                
 1CDA  81 00 00 00 C4 00        		db	 81h, 00h, 00h, 00h,0C4h, 00h 
 1CE0  00 00 BC 00 00 00        		db	 00h, 00h,0BCh, 00h, 00h, 00h 
 1CE6  EE EA 24 20 FF FF        		db	0EEh,0EAh, 24h, 20h,0FFh,0FFh 
 1CEC  FF FF FB AA 24 20        		db	0FFh,0FFh,0FBh,0AAh, 24h, 20h 
 1CF2  FD 40 00 00 E6 00        		db	0FDh, 40h, 00h, 00h,0E6h, 00h 
 1CF8  00 00 40 80 00 00        		db	 00h, 00h, 40h, 80h, 00h, 00h 
 1CFE  00                       		db	 00h 
 1CFF  20                       		db	20h 
 1D00  002A[                    		db	42 dup (0) 
            00                  
                         ]      
                                
 1D2A  D7 55 52 49              		db	0D7h, 55h, 52h, 49h 
 1D2E  003C[                    		db	60 dup (0) 
            00                  
                         ]      
                                
 1D6A  A7 54 90 04 00           		db	0A7h, 54h, 90h, 04h, 00h 
 1D6F  0025[                    		db	37 dup (0) 
            00                  
                         ]      
                                
 1D94  10 00 00 00 04 00        		db	 10h, 00h, 00h, 00h, 04h, 00h 
 1D9A  00 00 00 80 00 00        		db	 00h, 00h, 00h, 80h, 00h, 00h 
 1DA0  00 71 00 00 00 3D        		db	 00h, 71h, 00h, 00h, 00h, 3Dh 
 1DA6  00 00 00 07 10 04        		db	 00h, 00h, 00h, 07h, 10h, 04h 
 1DAC  00 97 00 00 00 0F        		db	 00h, 97h, 00h, 00h, 00h, 0Fh 
 1DB2  00 00 00 1F 00 00        		db	 00h, 00h, 00h, 1Fh, 00h, 00h 
 1DB8  00 39 00 00 00 E1        		db	 00h, 39h, 00h, 00h, 00h,0E1h 
 1DBE  00 00 01 00 00 00        		db	 00h, 00h, 01h, 00h, 00h, 00h 
 1DC4  04 00 00 00 10 00        		db	 04h, 00h, 00h, 00h, 10h, 00h 
 1DCA  00 00 00 00 00 10        		db	 00h, 00h, 00h, 00h, 00h, 10h 
Microsoft (R) Macro Assembler  Version 4.00                 3/29/26 15:14:47

                                                            Page     1-72
                                                            

 1DD0  0007[                    		db	7 dup (0) 
            00                  
                         ]      
                                
 1DD7  80 00 00 03 00 00        		db	 80h, 00h, 00h, 03h, 00h, 00h 
 1DDD  00 0C 00 00 00 38        		db	 00h, 0Ch, 00h, 00h, 00h, 38h 
 1DE3  00 00 00 F0 00 00        		db	 00h, 00h, 00h,0F0h, 00h, 00h 
 1DE9  00 E5 02 00 10 F0        		db	 00h,0E5h, 02h, 00h, 10h,0F0h 
 1DEF  00 00 00 3C 00 00        		db	 00h, 00h, 00h, 3Ch, 00h, 00h 
 1DF5  00 07 00 00 00 00        		db	 00h, 07h, 00h, 00h, 00h, 00h 
 1DFB  C0 00 00 00 20 00        		db	0C0h, 00h, 00h, 00h, 20h, 00h 
 1E01  00 00 04                 		db	 00h, 00h, 04h 
 1E04  0026[                    		db	38 dup (0) 
            00                  
                         ]      
                                
 1E2A  20 09 2A E5              		db	 20h, 09h, 2Ah,0E5h 
 1E2E  001C[                    		db	28 dup (0) 
            00                  
                         ]      
                                
                                 
                                ;ﬂﬂﬂﬂﬂﬂﬂﬂﬂﬂﬂﬂﬂﬂﬂﬂﬂﬂﬂﬂﬂﬂﬂﬂﬂﬂﬂﬂﬂﬂﬂﬂﬂﬂﬂﬂﬂﬂﬂﬂﬂﬂﬂﬂﬂﬂﬂﬂﬂﬂﬂﬂﬂﬂﬂﬂﬂﬂﬂﬂﬂﬂﬂﬂﬂﬂﬂﬂﬂﬂﬂﬂﬂﬂ 
                                ;                              SUBROUTINE 
                                ;‹‹‹‹‹‹‹‹‹‹‹‹‹‹‹‹‹‹‹‹‹‹‹‹‹‹‹‹‹‹‹‹‹‹‹‹‹‹‹‹‹‹‹‹‹‹‹‹‹‹‹‹‹‹‹‹‹‹‹‹‹‹‹‹‹‹‹‹‹‹‹‹‹‹ 
                                 
 1E4A                           sub_46		proc	near 
 1E4A  33 C0                    		xor	ax,ax			; Zero register 
 1E4C  8A C3                    		mov	al,bl 
 1E4E  05 001C                  		add	ax,1Ch 
 1E51  B3 03                    		mov	bl,3 
 1E53  F6 F3                    		div	bl			; al, ah rem = ax/reg 
 1E55  8A DC                    		mov	bl,ah 
 1E57  D0 CB                    		ror	bl,1			; Rotate 
 1E59  D0 CB                    		ror	bl,1			; Rotate 
 1E5B  D0 CB                    		ror	bl,1			; Rotate 
 1E5D  80 E3 60                 		and	bl,60h			; '`' 
 1E60  B4 5A                    		mov	ah,5Ah			; 'Z' 
 1E62  F6 E4                    		mul	ah			; ax = reg * al 
 1E64  02 E3                    		add	ah,bl 
 1E66  80 C7 05                 		add	bh,5 
 1E69  8A DF                    		mov	bl,bh 
 1E6B  32 FF                    		xor	bh,bh			; Zero register 
 1E6D  03 C3                    		add	ax,bx 
                                		retn 
 1E6F  C3                     1                 db     0C3h
                                sub_46		endp 
                                 
                                			                        ;* No entry point to code 
 1E70  51                       		push	cx 
 1E71  1E                       		push	ds 
 1E72  56                       		push	si 
 1E73  8C C8                    		mov	ax,cs 
 1E75  05 3000                  		add	ax,3000h 
 1E78  8E C0                    		mov	es,ax 
Microsoft (R) Macro Assembler  Version 4.00                 3/29/26 15:14:47

                                                            Page     1-73
                                                            

 1E7A  B8 0020                  		mov	ax,20h 
 1E7D  F7 E1                    		mul	cx			; dx:ax = reg * ax 
 1E7F  8B C8                    		mov	cx,ax 
 1E81  BF 0000                  		mov	di,data_127e 
 1E84  F3/ A4                   		rep	movsb			; Rep when cx >0 Mov [si] to es:[di] 
 1E86  5F                       		pop	di 
 1E87  07                       		pop	es 
 1E88  59                       		pop	cx 
 1E89  8C C8                    		mov	ax,cs 
 1E8B  05 3000                  		add	ax,3000h 
 1E8E  8E D8                    		mov	ds,ax 
 1E90  BE 0000                  		mov	si,data_127e 
                                 
 1E93                           locloop_280: 
 1E93  51                       		push	cx 
 1E94  B9 0008                  		mov	cx,8 
                                 
 1E97                           locloop_281: 
 1E97  51                       		push	cx 
 1E98  AD                       		lodsw				; String [si] to ax 
 1E99  8B D0                    		mov	dx,ax 
 1E9B  AD                       		lodsw				; String [si] to ax 
 1E9C  8B C8                    		mov	cx,ax 
 1E9E  2E: 89 16 4FE4           		mov	cs:data_72e,dx 
 1EA3  2E: 89 0E 4FE8           		mov	cs:data_74e,cx 
 1EA8  0B C2                    		or	ax,dx 
 1EAA  86 C4                    		xchg	al,ah 
 1EAC  8B D8                    		mov	bx,ax 
 1EAE  D1 EB                    		shr	bx,1			; Shift w/zeros fill 
 1EB0  0B C3                    		or	ax,bx 
 1EB2  03 DB                    		add	bx,bx 
 1EB4  03 DB                    		add	bx,bx 
 1EB6  0B C3                    		or	ax,bx 
 1EB8  86 C4                    		xchg	al,ah 
 1EBA  F7 D0                    		not	ax 
 1EBC  2E: A3 4FF5              		mov	cs:data_83e,ax 
 1EC0  E8 1ED6 R                		call	sub_47 
 1EC3  8B C2                    		mov	ax,dx 
 1EC5  AB                       		stosw				; Store ax to es:[di] 
 1EC6  E8 1F13 R                		call	sub_48 
 1EC9  26: 89 56 00             		mov	es:[bp],dx 
 1ECD  45                       		inc	bp 
 1ECE  45                       		inc	bp 
 1ECF  59                       		pop	cx 
 1ED0  E2 C5                    		loop	locloop_281		; Loop if cx > 0 
                                 
 1ED2  59                       		pop	cx 
 1ED3  E2 BE                    		loop	locloop_280		; Loop if cx > 0 
                                 
                                		retn 
 1ED5  C3                     1                 db     0C3h
                                 
                                ;ﬂﬂﬂﬂﬂﬂﬂﬂﬂﬂﬂﬂﬂﬂﬂﬂﬂﬂﬂﬂﬂﬂﬂﬂﬂﬂﬂﬂﬂﬂﬂﬂﬂﬂﬂﬂﬂﬂﬂﬂﬂﬂﬂﬂﬂﬂﬂﬂﬂﬂﬂﬂﬂﬂﬂﬂﬂﬂﬂﬂﬂﬂﬂﬂﬂﬂﬂﬂﬂﬂﬂﬂﬂﬂ 
                                ;                              SUBROUTINE 
                                ;‹‹‹‹‹‹‹‹‹‹‹‹‹‹‹‹‹‹‹‹‹‹‹‹‹‹‹‹‹‹‹‹‹‹‹‹‹‹‹‹‹‹‹‹‹‹‹‹‹‹‹‹‹‹‹‹‹‹‹‹‹‹‹‹‹‹‹‹‹‹‹‹‹‹ 
Microsoft (R) Macro Assembler  Version 4.00                 3/29/26 15:14:47

                                                            Page     1-74
                                                            

                                 
 1ED6                           sub_47		proc	near 
 1ED6  B9 0008                  		mov	cx,8 
                                 
 1ED9                           locloop_282: 
 1ED9  33 DB                    		xor	bx,bx			; Zero register 
 1EDB  2E: D1 06 4FE8           		rol	word ptr cs:data_74e,1	; Rotate 
 1EE0  13 DB                    		adc	bx,bx 
 1EE2  2E: D1 06 4FE4           		rol	word ptr cs:data_72e,1	; Rotate 
 1EE7  13 DB                    		adc	bx,bx 
 1EE9  2E: D1 06 4FE8           		rol	word ptr cs:data_74e,1	; Rotate 
 1EEE  13 DB                    		adc	bx,bx 
 1EF0  2E: D1 06 4FE4           		rol	word ptr cs:data_72e,1	; Rotate 
 1EF5  13 DB                    		adc	bx,bx 
 1EF7  03 D2                    		add	dx,dx 
 1EF9  03 D2                    		add	dx,dx 
 1EFB  2E: 0A 97 4EFF           		or	dl,cs:data_67e[bx] 
 1F00  E2 D7                    		loop	locloop_282		; Loop if cx > 0 
                                 
                                		retn 
 1F02  C3                     1                 db     0C3h
                                sub_47		endp 
                                 
 1F03  00 01 02 01 01 03        		db	0, 1, 2, 1, 1, 3 
 1F09  03 01 02 03 02 02        		db	3, 1, 2, 3, 2, 2 
 1F0F  01 01 02 03              		db	1, 1, 2, 3 
                                 
                                ;ﬂﬂﬂﬂﬂﬂﬂﬂﬂﬂﬂﬂﬂﬂﬂﬂﬂﬂﬂﬂﬂﬂﬂﬂﬂﬂﬂﬂﬂﬂﬂﬂﬂﬂﬂﬂﬂﬂﬂﬂﬂﬂﬂﬂﬂﬂﬂﬂﬂﬂﬂﬂﬂﬂﬂﬂﬂﬂﬂﬂﬂﬂﬂﬂﬂﬂﬂﬂﬂﬂﬂﬂﬂﬂ 
                                ;                              SUBROUTINE 
                                ;‹‹‹‹‹‹‹‹‹‹‹‹‹‹‹‹‹‹‹‹‹‹‹‹‹‹‹‹‹‹‹‹‹‹‹‹‹‹‹‹‹‹‹‹‹‹‹‹‹‹‹‹‹‹‹‹‹‹‹‹‹‹‹‹‹‹‹‹‹‹‹‹‹‹ 
                                 
 1F13                           sub_48		proc	near 
 1F13  B9 0008                  		mov	cx,8 
                                 
 1F16                           locloop_283: 
 1F16  32 C0                    		xor	al,al			; Zero register 
 1F18  2E: D1 06 4FF5           		rol	word ptr cs:data_83e,1	; Rotate 
 1F1D  12 C0                    		adc	al,al 
 1F1F  2E: D1 06 4FF5           		rol	word ptr cs:data_83e,1	; Rotate 
 1F24  12 C0                    		adc	al,al 
 1F26  3C 03                    		cmp	al,3 
 1F28  74 02                    		je	loc_284			; Jump if equal 
 1F2A  32 C0                    		xor	al,al			; Zero register 
 1F2C                           loc_284: 
 1F2C  03 D2                    		add	dx,dx 
 1F2E  03 D2                    		add	dx,dx 
 1F30  0A D0                    		or	dl,al 
 1F32  E2 E2                    		loop	locloop_283		; Loop if cx > 0 
                                 
                                		retn 
 1F34  C3                     1                 db     0C3h
                                sub_48		endp 
                                 
                                			                        ;* No entry point to code 
 1F35  1E                       		push	ds 
Microsoft (R) Macro Assembler  Version 4.00                 3/29/26 15:14:47

                                                            Page     1-75
                                                            

 1F36  0E                       		push	cs 
 1F37  1F                       		pop	ds 
 1F38  BE 4F46                  		mov	si,data_68e 
 1F3B  2E: 8E 06 FF2C           		mov	es,cs:data_107e 
 1F40  BF 8640                  		mov	di,data_4e 
 1F43  B9 0020                  		mov	cx,20h 
 1F46  F3/ A5                   		rep	movsw			; Rep when cx >0 Mov [si] to es:[di] 
 1F48  1F                       		pop	ds 
                                		retn 
 1F49  C3                     1                 db     0C3h
                                			                        ;* No entry point to code 
 1F4A  3F                       		aas				; Ascii adjust 
 1F4B  F0/ 0C 0C                                           lock	or	al,0Ch 
 1F4E  0C 0C                    		or	al,0Ch 
 1F50  0C 0C                    		or	al,0Ch 
                                ;*		pop	cs			; Dangerous-8088 only 
 1F52  0F                       		db	0Fh			;  Fixup - byte match 
 1F53  F0/ 0C C0                                           lock	or	al,0C0h 
 1F56  0C 30                    		or	al,30h			; '0' 
 1F58  0C 0C                    		or	al,0Ch 
 1F5A  3F                       		aas				; Ascii adjust 
 1F5B  F0/ 0C 0C                                           lock	or	al,0Ch 
 1F5E  0C 0C                    		or	al,0Ch 
                                ;*		pop	cs			; Dangerous-8088 only 
 1F60  0F                       		db	0Fh			;  Fixup - byte match 
 1F61  F0/ 0C 0C                                           lock	or	al,0Ch 
 1F64  0C 0C                    		or	al,0Ch 
 1F66  0C 0C                    		or	al,0Ch 
 1F68  3F                       		aas				; Ascii adjust 
                                ;*                         lock	pop	cs			; Dangerous-8088 only 
 1F69  F0 0F                    		db	0F0h, 0Fh		;  Fixup - byte match 
 1F6B  F0/ 30 0C                                           lock	xor	[si],cl 
 1F6E  30 0C                    		xor	[si],cl 
 1F70  30 00                    		xor	[bx+si],al 
 1F72  33 FC                    		xor	di,sp 
 1F74  30 0C                    		xor	[si],cl 
 1F76  30 0C                    		xor	[si],cl 
                                ;*		pop	cs			; Dangerous-8088 only 
 1F78  0F                       		db	0Fh			;  Fixup - byte match 
 1F79  F0/ 30 0C                                           lock	xor	[si],cl 
 1F7C  30 0C                    		xor	[si],cl 
 1F7E  3C 3C                    		cmp	al,3Ch			; '<' 
 1F80  3C 3C                    		cmp	al,3Ch			; '<' 
 1F82  33 CC                    		xor	cx,sp 
 1F84  33 CC                    		xor	cx,sp 
 1F86  30 0C                    		xor	[si],cl 
 1F88  30 0C                    		xor	[si],cl 
 1F8A  92                       		xchg	dx,ax 
 1F8B  4F                       		dec	di 
 1F8C  A2 B24F                  		mov	ds:data_98e,al 
 1F8F  4F                       		dec	di 
                                		retn	0D24Fh 
 1F90  C2                     1                 db     0C2h
 1F91  D24F                   1                 dw     0D24Fh
                                			                        ;* No entry point to code 
Microsoft (R) Macro Assembler  Version 4.00                 3/29/26 15:14:47

                                                            Page     1-76
                                                            

 1F93  4F                       		dec	di 
                                		retn	4Fh 
 1F94  C2                     1                 db     0C2h
 1F95  004F                   1                 dw     4Fh
                                			                        ;* No entry point to code 
 1F97  01 02                    		add	[bp+si],ax 
 1F99  03 04                    		add	ax,[si] 
 1F9B  05 0706                  		add	ax,706h 
 1F9E  08 09                    		or	[bx+di],cl 
 1FA0  0A 0B                    		or	cl,[bp+di] 
 1FA2  0C 0D                    		or	al,0Dh 
 1FA4  0E                       		push	cs 
                                ;*		pop	cs			; Dangerous-8088 only 
 1FA5  0F                       		db	0Fh			;  Fixup - byte match 
 1FA6  00 02                    		add	[bp+si],al 
 1FA8  01 03                    		add	[bp+di],ax 
 1FAA  08 0A                    		or	[bp+si],cl 
 1FAC  09 0B                    		or	[bp+di],cx 
 1FAE  04 06                    		add	al,6 
 1FB0  05 0C07                  		add	ax,0C07h 
 1FB3  0E                       		push	cs 
 1FB4  0D 000F                  		or	ax,0Fh 
 1FB7  00 01                    		add	[bx+di],al 
 1FB9  03 00                    		add	ax,[bx+si] 
 1FBB  00 01                    		add	[bx+di],al 
 1FBD  03 04                    		add	ax,[si] 
 1FBF  04 05                    		add	al,5 
 1FC1  07                       		pop	es 
 1FC2  0C 0C                    		or	al,0Ch 
 1FC4  0D 000F                  		or	ax,0Fh 
 1FC7  02 03                    		add	al,[bp+di] 
 1FC9  01 08                    		add	[bx+si],cx 
 1FCB  0A 0B                    		or	cl,[bp+di] 
 1FCD  09 0C                    		or	[si],cx 
 1FCF  0E                       		push	cs 
                                ;*		pop	cs			; Dangerous-8088 only 
 1FD0  0F                       		db	0Fh			;  Fixup - byte match 
 1FD1  0D 0604                  		or	ax,604h 
 1FD4  07                       		pop	es 
 1FD5  05 0300                  		add	ax,300h 
 1FD8  00 02                    		add	[bp+si],al 
 1FDA  0C 0F                    		or	al,0Fh 
 1FDC  0C 0E                    		or	al,0Eh 
 1FDE  00 03                    		add	[bp+di],al 
 1FE0  00 02                    		add	[bp+si],al 
 1FE2  08 0B                    		or	[bp+di],cl 
 1FE4  08 0A                    		or	[bp+si],cl 
 1FE6  02D4[                    		db	724 dup (0) 
            00                  
                         ]      
                                
                                 
 22BA                           seg_a		ends 
                                 
                                 
Microsoft (R) Macro Assembler  Version 4.00                 3/29/26 15:14:47

                                                            Page     1-77
                                                            

                                 
                                		end	start 

Microsoft (R) Macro Assembler  Version 4.00                 3/29/26 15:14:47

                                                            Symbols-1
                                                             

Macros:

		N a m e			Lines

CALLF  . . . . . . . . . . . . .  	   2
CALLFX . . . . . . . . . . . . .  	   3
JMPN . . . . . . . . . . . . . .  	   2
MOVSEG . . . . . . . . . . . . .  	  43
RETF . . . . . . . . . . . . . .  	   6
RETN . . . . . . . . . . . . . .  	   6

Segments and Groups:

                N a m e         	Size	Align	Combine Class

SEG_A  . . . . . . . . . . . . .  	22BA	BYTE	PUBLIC	

Symbols:            

                N a m e         	Type	Value	Attr         

DATA_100E  . . . . . . . . . . .  	Number	C012	
DATA_101E  . . . . . . . . . . .  	Number	E000	
DATA_102E  . . . . . . . . . . .  	Number	E900	
DATA_103E  . . . . . . . . . . .  	Number	E91B	
DATA_104E  . . . . . . . . . . .  	Number	ED20	
DATA_105E  . . . . . . . . . . .  	Number	EDA0	
DATA_106E  . . . . . . . . . . .  	Number	FF1A	
DATA_107E  . . . . . . . . . . .  	Number	FF2C	
DATA_108E  . . . . . . . . . . .  	Number	FF2F	
DATA_109E  . . . . . . . . . . .  	Number	FF31	
DATA_110E  . . . . . . . . . . .  	Number	FF33	
DATA_111E  . . . . . . . . . . .  	Number	FF34	
DATA_112E  . . . . . . . . . . .  	Number	FF35	
DATA_113E  . . . . . . . . . . .  	Number	FF36	
DATA_114E  . . . . . . . . . . .  	Number	FF37	
DATA_115E  . . . . . . . . . . .  	Number	FF38	
DATA_116E  . . . . . . . . . . .  	Number	FF39	
DATA_117E  . . . . . . . . . . .  	Number	FF3A	
DATA_118E  . . . . . . . . . . .  	Number	FF3D	
DATA_119E  . . . . . . . . . . .  	Number	FF3F	
DATA_120E  . . . . . . . . . . .  	Number	FF40	
DATA_121E  . . . . . . . . . . .  	Number	FF41	
DATA_122E  . . . . . . . . . . .  	Number	FF42	
DATA_123E  . . . . . . . . . . .  	Number	FF43	
DATA_124E  . . . . . . . . . . .  	Number	FF44	
DATA_125E  . . . . . . . . . . .  	Number	FF45	
DATA_126E  . . . . . . . . . . .  	Number	FF46	
DATA_127E  . . . . . . . . . . .  	Number	0000	
DATA_128E  . . . . . . . . . . .  	Number	04FD	
DATA_129E  . . . . . . . . . . .  	Number	0D85	
DATA_130E  . . . . . . . . . . .  	Number	2000	
DATA_131E  . . . . . . . . . . .  	Number	47CD	
DATA_132E  . . . . . . . . . . .  	Number	6000	
DATA_133E  . . . . . . . . . . .  	Number	A058	
Microsoft (R) Macro Assembler  Version 4.00                 3/29/26 15:14:47

                                                            Symbols-2
                                                             

DATA_134E  . . . . . . . . . . .  	Number	A05A	
DATA_1E  . . . . . . . . . . . .  	Number	4000	
DATA_2E  . . . . . . . . . . . .  	Number	6000	
DATA_3E  . . . . . . . . . . . .  	Number	6333	
DATA_4E  . . . . . . . . . . . .  	Number	8640	
DATA_5E  . . . . . . . . . . . .  	Number	8690	
DATA_60E . . . . . . . . . . . .  	Number	317E	
DATA_61E . . . . . . . . . . . .  	Number	37A2	
DATA_62E . . . . . . . . . . . .  	Number	3844	
DATA_63E . . . . . . . . . . . .  	Number	45AB	
DATA_64E . . . . . . . . . . . .  	Number	46D0	
DATA_65E . . . . . . . . . . . .  	Number	4982	
DATA_66E . . . . . . . . . . . .  	Number	4C38	
DATA_67E . . . . . . . . . . . .  	Number	4EFF	
DATA_68E . . . . . . . . . . . .  	Number	4F46	
DATA_69E . . . . . . . . . . . .  	Number	4F86	
DATA_6E  . . . . . . . . . . . .  	Number	B000	
DATA_70E . . . . . . . . . . . .  	Number	4FE2	
DATA_72E . . . . . . . . . . . .  	Number	4FE4	
DATA_73E . . . . . . . . . . . .  	Number	4FE6	
DATA_74E . . . . . . . . . . . .  	Number	4FE8	
DATA_75E . . . . . . . . . . . .  	Number	4FEA	
DATA_76E . . . . . . . . . . . .  	Number	4FEB	
DATA_77E . . . . . . . . . . . .  	Number	4FEC	
DATA_78E . . . . . . . . . . . .  	Number	4FED	
DATA_79E . . . . . . . . . . . .  	Number	4FEF	
DATA_7E  . . . . . . . . . . . .  	Number	B17E	
DATA_80E . . . . . . . . . . . .  	Number	4FF1	
DATA_81E . . . . . . . . . . . .  	Number	4FF3	
DATA_83E . . . . . . . . . . . .  	Number	4FF5	
DATA_84E . . . . . . . . . . . .  	Number	4FF7	
DATA_85E . . . . . . . . . . . .  	Number	4FF8	
DATA_86E . . . . . . . . . . . .  	Number	4FF9	
DATA_87E . . . . . . . . . . . .  	Number	5009	
DATA_88E . . . . . . . . . . . .  	Number	500A	
DATA_89E . . . . . . . . . . . .  	Number	500D	
DATA_8E  . . . . . . . . . . . .  	Number	D000	
DATA_9 . . . . . . . . . . . . .  	L BYTE 	003C	SEG_A
DATA_90E . . . . . . . . . . . .  	Number	5016	
DATA_91E . . . . . . . . . . . .  	Number	5116	
DATA_92E . . . . . . . . . . . .  	Number	5216	
DATA_93E . . . . . . . . . . . .  	Number	52A6	
DATA_94E . . . . . . . . . . . .  	Number	6000	
DATA_95E . . . . . . . . . . . .  	Number	625C	
DATA_96E . . . . . . . . . . . .  	Number	A030	
DATA_97E . . . . . . . . . . . .  	Number	A05A	
DATA_98E . . . . . . . . . . . .  	Number	B24F	
DATA_99E . . . . . . . . . . . .  	Number	C010	

LOCLOOP_100  . . . . . . . . . .  	L NEAR	080F	SEG_A
LOCLOOP_106  . . . . . . . . . .  	L NEAR	0975	SEG_A
LOCLOOP_107  . . . . . . . . . .  	L NEAR	098F	SEG_A
LOCLOOP_110  . . . . . . . . . .  	L NEAR	09CC	SEG_A
LOCLOOP_111  . . . . . . . . . .  	L NEAR	09D0	SEG_A
LOCLOOP_145  . . . . . . . . . .  	L NEAR	0C87	SEG_A
Microsoft (R) Macro Assembler  Version 4.00                 3/29/26 15:14:47

                                                            Symbols-3
                                                             

LOCLOOP_154  . . . . . . . . . .  	L NEAR	0D93	SEG_A
LOCLOOP_17 . . . . . . . . . . .  	L NEAR	00CE	SEG_A
LOCLOOP_179  . . . . . . . . . .  	L NEAR	0F45	SEG_A
LOCLOOP_181  . . . . . . . . . .  	L NEAR	0F6E	SEG_A
LOCLOOP_183  . . . . . . . . . .  	L NEAR	0FB7	SEG_A
LOCLOOP_184  . . . . . . . . . .  	L NEAR	0FBB	SEG_A
LOCLOOP_187  . . . . . . . . . .  	L NEAR	1008	SEG_A
LOCLOOP_188  . . . . . . . . . .  	L NEAR	100D	SEG_A
LOCLOOP_191  . . . . . . . . . .  	L NEAR	1037	SEG_A
LOCLOOP_197  . . . . . . . . . .  	L NEAR	108A	SEG_A
LOCLOOP_198  . . . . . . . . . .  	L NEAR	108E	SEG_A
LOCLOOP_200  . . . . . . . . . .  	L NEAR	10CA	SEG_A
LOCLOOP_201  . . . . . . . . . .  	L NEAR	10D4	SEG_A
LOCLOOP_205  . . . . . . . . . .  	L NEAR	1126	SEG_A
LOCLOOP_206  . . . . . . . . . .  	L NEAR	112F	SEG_A
LOCLOOP_210  . . . . . . . . . .  	L NEAR	11C7	SEG_A
LOCLOOP_215  . . . . . . . . . .  	L NEAR	12DE	SEG_A
LOCLOOP_229  . . . . . . . . . .  	L NEAR	1388	SEG_A
LOCLOOP_248  . . . . . . . . . .  	L NEAR	14B7	SEG_A
LOCLOOP_249  . . . . . . . . . .  	L NEAR	14BF	SEG_A
LOCLOOP_250  . . . . . . . . . .  	L NEAR	14D8	SEG_A
LOCLOOP_255  . . . . . . . . . .  	L NEAR	155C	SEG_A
LOCLOOP_256  . . . . . . . . . .  	L NEAR	1560	SEG_A
LOCLOOP_257  . . . . . . . . . .  	L NEAR	157C	SEG_A
LOCLOOP_260  . . . . . . . . . .  	L NEAR	164A	SEG_A
LOCLOOP_261  . . . . . . . . . .  	L NEAR	164E	SEG_A
LOCLOOP_263  . . . . . . . . . .  	L NEAR	1691	SEG_A
LOCLOOP_265  . . . . . . . . . .  	L NEAR	16AE	SEG_A
LOCLOOP_272  . . . . . . . . . .  	L NEAR	1931	SEG_A
LOCLOOP_274  . . . . . . . . . .  	L NEAR	1962	SEG_A
LOCLOOP_276  . . . . . . . . . .  	L NEAR	1AF2	SEG_A
LOCLOOP_277  . . . . . . . . . .  	L NEAR	1AF7	SEG_A
LOCLOOP_279  . . . . . . . . . .  	L NEAR	1B26	SEG_A
LOCLOOP_280  . . . . . . . . . .  	L NEAR	1E93	SEG_A
LOCLOOP_281  . . . . . . . . . .  	L NEAR	1E97	SEG_A
LOCLOOP_282  . . . . . . . . . .  	L NEAR	1ED9	SEG_A
LOCLOOP_283  . . . . . . . . . .  	L NEAR	1F16	SEG_A
LOCLOOP_46 . . . . . . . . . . .  	L NEAR	02B3	SEG_A
LOCLOOP_49 . . . . . . . . . . .  	L NEAR	02DC	SEG_A
LOCLOOP_53 . . . . . . . . . . .  	L NEAR	030F	SEG_A
LOCLOOP_6  . . . . . . . . . . .  	L NEAR	005E	SEG_A
LOCLOOP_80 . . . . . . . . . . .  	L NEAR	0634	SEG_A
LOCLOOP_81 . . . . . . . . . . .  	L NEAR	064C	SEG_A
LOCLOOP_82 . . . . . . . . . . .  	L NEAR	06B4	SEG_A
LOCLOOP_97 . . . . . . . . . . .  	L NEAR	07E7	SEG_A
LOC_10 . . . . . . . . . . . . .  	L NEAR	0085	SEG_A
LOC_101  . . . . . . . . . . . .  	L NEAR	082F	SEG_A
LOC_102  . . . . . . . . . . . .  	L NEAR	0842	SEG_A
LOC_103  . . . . . . . . . . . .  	L NEAR	0915	SEG_A
LOC_104  . . . . . . . . . . . .  	L NEAR	0949	SEG_A
LOC_108  . . . . . . . . . . . .  	L NEAR	0997	SEG_A
LOC_109  . . . . . . . . . . . .  	L NEAR	09A2	SEG_A
LOC_11 . . . . . . . . . . . . .  	L NEAR	0092	SEG_A
LOC_112  . . . . . . . . . . . .  	L NEAR	09E5	SEG_A
LOC_113  . . . . . . . . . . . .  	L NEAR	09F9	SEG_A
Microsoft (R) Macro Assembler  Version 4.00                 3/29/26 15:14:47

                                                            Symbols-4
                                                             

LOC_114  . . . . . . . . . . . .  	L NEAR	0A0E	SEG_A
LOC_115  . . . . . . . . . . . .  	L NEAR	0A22	SEG_A
LOC_116  . . . . . . . . . . . .  	L NEAR	0A69	SEG_A
LOC_117  . . . . . . . . . . . .  	L NEAR	0A7A	SEG_A
LOC_118  . . . . . . . . . . . .  	L NEAR	0A9F	SEG_A
LOC_119  . . . . . . . . . . . .  	L NEAR	0AB8	SEG_A
LOC_12 . . . . . . . . . . . . .  	L NEAR	009C	SEG_A
LOC_120  . . . . . . . . . . . .  	L NEAR	0ABF	SEG_A
LOC_121  . . . . . . . . . . . .  	L NEAR	0AC3	SEG_A
LOC_122  . . . . . . . . . . . .  	L NEAR	0AEA	SEG_A
LOC_123  . . . . . . . . . . . .  	L NEAR	0AEE	SEG_A
LOC_124  . . . . . . . . . . . .  	L NEAR	0B0C	SEG_A
LOC_125  . . . . . . . . . . . .  	L NEAR	0B20	SEG_A
LOC_126  . . . . . . . . . . . .  	L NEAR	0B2B	SEG_A
LOC_127  . . . . . . . . . . . .  	L NEAR	0B4C	SEG_A
LOC_128  . . . . . . . . . . . .  	L NEAR	0B58	SEG_A
LOC_129  . . . . . . . . . . . .  	L NEAR	0B92	SEG_A
LOC_13 . . . . . . . . . . . . .  	L NEAR	00A6	SEG_A
LOC_130  . . . . . . . . . . . .  	L NEAR	0B9B	SEG_A
LOC_131  . . . . . . . . . . . .  	L NEAR	0B9D	SEG_A
LOC_132  . . . . . . . . . . . .  	L NEAR	0BB0	SEG_A
LOC_133  . . . . . . . . . . . .  	L NEAR	0BC1	SEG_A
LOC_134  . . . . . . . . . . . .  	L NEAR	0BD2	SEG_A
LOC_135  . . . . . . . . . . . .  	L NEAR	0BE1	SEG_A
LOC_136  . . . . . . . . . . . .  	L NEAR	0C06	SEG_A
LOC_137  . . . . . . . . . . . .  	L NEAR	0C1F	SEG_A
LOC_138  . . . . . . . . . . . .  	L NEAR	0C26	SEG_A
LOC_139  . . . . . . . . . . . .  	L NEAR	0C2A	SEG_A
LOC_14 . . . . . . . . . . . . .  	L NEAR	00AF	SEG_A
LOC_140  . . . . . . . . . . . .  	L NEAR	0C4C	SEG_A
LOC_141  . . . . . . . . . . . .  	L NEAR	0C50	SEG_A
LOC_142  . . . . . . . . . . . .  	L NEAR	0C6A	SEG_A
LOC_143  . . . . . . . . . . . .  	L NEAR	0C6C	SEG_A
LOC_144  . . . . . . . . . . . .  	L NEAR	0C7D	SEG_A
LOC_146  . . . . . . . . . . . .  	L NEAR	0CC0	SEG_A
LOC_147  . . . . . . . . . . . .  	L NEAR	0CD1	SEG_A
LOC_148  . . . . . . . . . . . .  	L NEAR	0CD8	SEG_A
LOC_149  . . . . . . . . . . . .  	L NEAR	0CDB	SEG_A
LOC_15 . . . . . . . . . . . . .  	L NEAR	00BB	SEG_A
LOC_150  . . . . . . . . . . . .  	L NEAR	0D0C	SEG_A
LOC_151  . . . . . . . . . . . .  	L NEAR	0D13	SEG_A
LOC_152  . . . . . . . . . . . .  	L NEAR	0D21	SEG_A
LOC_153  . . . . . . . . . . . .  	L NEAR	0D68	SEG_A
LOC_156  . . . . . . . . . . . .  	L NEAR	0DBB	SEG_A
LOC_157  . . . . . . . . . . . .  	L NEAR	0DC5	SEG_A
LOC_158  . . . . . . . . . . . .  	L NEAR	0DCD	SEG_A
LOC_159  . . . . . . . . . . . .  	L NEAR	0DD4	SEG_A
LOC_16 . . . . . . . . . . . . .  	L NEAR	00CB	SEG_A
LOC_160  . . . . . . . . . . . .  	L NEAR	0DDF	SEG_A
LOC_161  . . . . . . . . . . . .  	L NEAR	0E01	SEG_A
LOC_162  . . . . . . . . . . . .  	L NEAR	0E1E	SEG_A
LOC_163  . . . . . . . . . . . .  	L NEAR	0E28	SEG_A
LOC_164  . . . . . . . . . . . .  	L NEAR	0E43	SEG_A
LOC_165  . . . . . . . . . . . .  	L NEAR	0E46	SEG_A
LOC_166  . . . . . . . . . . . .  	L NEAR	0E50	SEG_A
Microsoft (R) Macro Assembler  Version 4.00                 3/29/26 15:14:47

                                                            Symbols-5
                                                             

LOC_167  . . . . . . . . . . . .  	L NEAR	0E71	SEG_A
LOC_168  . . . . . . . . . . . .  	L NEAR	0E7B	SEG_A
LOC_169  . . . . . . . . . . . .  	L NEAR	0E9A	SEG_A
LOC_170  . . . . . . . . . . . .  	L NEAR	0EB4	SEG_A
LOC_171  . . . . . . . . . . . .  	L NEAR	0EC2	SEG_A
LOC_172  . . . . . . . . . . . .  	L NEAR	0EC8	SEG_A
LOC_173  . . . . . . . . . . . .  	L NEAR	0ECC	SEG_A
LOC_174  . . . . . . . . . . . .  	L NEAR	0ED6	SEG_A
LOC_175  . . . . . . . . . . . .  	L NEAR	0EDA	SEG_A
LOC_176  . . . . . . . . . . . .  	L NEAR	0EEF	SEG_A
LOC_177  . . . . . . . . . . . .  	L NEAR	0F0A	SEG_A
LOC_178  . . . . . . . . . . . .  	L NEAR	0F21	SEG_A
LOC_18 . . . . . . . . . . . . .  	L NEAR	00D5	SEG_A
LOC_180  . . . . . . . . . . . .  	L NEAR	0F57	SEG_A
LOC_182  . . . . . . . . . . . .  	L NEAR	0F88	SEG_A
LOC_185  . . . . . . . . . . . .  	L NEAR	0FD9	SEG_A
LOC_186  . . . . . . . . . . . .  	L NEAR	0FE1	SEG_A
LOC_189  . . . . . . . . . . . .  	L NEAR	1021	SEG_A
LOC_19 . . . . . . . . . . . . .  	L NEAR	00DC	SEG_A
LOC_190  . . . . . . . . . . . .  	L NEAR	1023	SEG_A
LOC_192  . . . . . . . . . . . .  	L NEAR	104D	SEG_A
LOC_193  . . . . . . . . . . . .  	L NEAR	1051	SEG_A
LOC_194  . . . . . . . . . . . .  	L NEAR	1068	SEG_A
LOC_195  . . . . . . . . . . . .  	L NEAR	1070	SEG_A
LOC_196  . . . . . . . . . . . .  	L NEAR	1075	SEG_A
LOC_199  . . . . . . . . . . . .  	L NEAR	10A7	SEG_A
LOC_20 . . . . . . . . . . . . .  	L NEAR	00E3	SEG_A
LOC_202  . . . . . . . . . . . .  	L NEAR	10DA	SEG_A
LOC_203  . . . . . . . . . . . .  	L NEAR	10FC	SEG_A
LOC_204  . . . . . . . . . . . .  	L NEAR	1111	SEG_A
LOC_207  . . . . . . . . . . . .  	L NEAR	1148	SEG_A
LOC_208  . . . . . . . . . . . .  	L NEAR	115C	SEG_A
LOC_209  . . . . . . . . . . . .  	L NEAR	1162	SEG_A
LOC_21 . . . . . . . . . . . . .  	L NEAR	00EA	SEG_A
LOC_211  . . . . . . . . . . . .  	L NEAR	11EF	SEG_A
LOC_212  . . . . . . . . . . . .  	L NEAR	11F9	SEG_A
LOC_213  . . . . . . . . . . . .  	L NEAR	123C	SEG_A
LOC_216  . . . . . . . . . . . .  	L NEAR	12ED	SEG_A
LOC_217  . . . . . . . . . . . .  	L NEAR	12F4	SEG_A
LOC_218  . . . . . . . . . . . .  	L NEAR	12FB	SEG_A
LOC_219  . . . . . . . . . . . .  	L NEAR	1302	SEG_A
LOC_22 . . . . . . . . . . . . .  	L NEAR	00F4	SEG_A
LOC_220  . . . . . . . . . . . .  	L NEAR	1335	SEG_A
LOC_221  . . . . . . . . . . . .  	L NEAR	133A	SEG_A
LOC_222  . . . . . . . . . . . .  	L NEAR	1340	SEG_A
LOC_223  . . . . . . . . . . . .  	L NEAR	1346	SEG_A
LOC_224  . . . . . . . . . . . .  	L NEAR	134D	SEG_A
LOC_225  . . . . . . . . . . . .  	L NEAR	1376	SEG_A
LOC_226  . . . . . . . . . . . .  	L NEAR	137A	SEG_A
LOC_227  . . . . . . . . . . . .  	L NEAR	137E	SEG_A
LOC_228  . . . . . . . . . . . .  	L NEAR	1380	SEG_A
LOC_23 . . . . . . . . . . . . .  	L NEAR	00FB	SEG_A
LOC_230  . . . . . . . . . . . .  	L NEAR	13A2	SEG_A
LOC_231  . . . . . . . . . . . .  	L NEAR	13AB	SEG_A
LOC_232  . . . . . . . . . . . .  	L NEAR	13B0	SEG_A
Microsoft (R) Macro Assembler  Version 4.00                 3/29/26 15:14:47

                                                            Symbols-6
                                                             

LOC_233  . . . . . . . . . . . .  	L NEAR	13B6	SEG_A
LOC_234  . . . . . . . . . . . .  	L NEAR	13BC	SEG_A
LOC_235  . . . . . . . . . . . .  	L NEAR	13C3	SEG_A
LOC_236  . . . . . . . . . . . .  	L NEAR	13EE	SEG_A
LOC_237  . . . . . . . . . . . .  	L NEAR	13F2	SEG_A
LOC_238  . . . . . . . . . . . .  	L NEAR	13F6	SEG_A
LOC_239  . . . . . . . . . . . .  	L NEAR	13F8	SEG_A
LOC_24 . . . . . . . . . . . . .  	L NEAR	0102	SEG_A
LOC_240  . . . . . . . . . . . .  	L NEAR	1408	SEG_A
LOC_241  . . . . . . . . . . . .  	L NEAR	140C	SEG_A
LOC_242  . . . . . . . . . . . .  	L NEAR	1410	SEG_A
LOC_243  . . . . . . . . . . . .  	L NEAR	1412	SEG_A
LOC_244  . . . . . . . . . . . .  	L NEAR	143D	SEG_A
LOC_245  . . . . . . . . . . . .  	L NEAR	145B	SEG_A
LOC_246  . . . . . . . . . . . .  	L NEAR	1485	SEG_A
LOC_247  . . . . . . . . . . . .  	L NEAR	14AC	SEG_A
LOC_25 . . . . . . . . . . . . .  	L NEAR	010C	SEG_A
LOC_251  . . . . . . . . . . . .  	L NEAR	14E4	SEG_A
LOC_252  . . . . . . . . . . . .  	L NEAR	152B	SEG_A
LOC_253  . . . . . . . . . . . .  	L NEAR	153B	SEG_A
LOC_254  . . . . . . . . . . . .  	L NEAR	1547	SEG_A
LOC_258  . . . . . . . . . . . .  	L NEAR	1590	SEG_A
LOC_259  . . . . . . . . . . . .  	L NEAR	15A9	SEG_A
LOC_26 . . . . . . . . . . . . .  	L NEAR	0115	SEG_A
LOC_262  . . . . . . . . . . . .  	L NEAR	1671	SEG_A
LOC_264  . . . . . . . . . . . .  	L NEAR	16A6	SEG_A
LOC_266  . . . . . . . . . . . .  	L NEAR	16ED	SEG_A
LOC_267  . . . . . . . . . . . .  	L NEAR	16F8	SEG_A
LOC_268  . . . . . . . . . . . .  	L NEAR	16FE	SEG_A
LOC_269  . . . . . . . . . . . .  	L NEAR	1709	SEG_A
LOC_27 . . . . . . . . . . . . .  	L NEAR	012F	SEG_A
LOC_270  . . . . . . . . . . . .  	L NEAR	170F	SEG_A
LOC_271  . . . . . . . . . . . .  	L NEAR	1718	SEG_A
LOC_273  . . . . . . . . . . . .  	L NEAR	1944	SEG_A
LOC_275  . . . . . . . . . . . .  	L NEAR	1982	SEG_A
LOC_278  . . . . . . . . . . . .  	L NEAR	1B14	SEG_A
LOC_28 . . . . . . . . . . . . .  	L NEAR	0140	SEG_A
LOC_284  . . . . . . . . . . . .  	L NEAR	1F2C	SEG_A
LOC_29 . . . . . . . . . . . . .  	L NEAR	014E	SEG_A
LOC_30 . . . . . . . . . . . . .  	L NEAR	0168	SEG_A
LOC_31 . . . . . . . . . . . . .  	L NEAR	0170	SEG_A
LOC_32 . . . . . . . . . . . . .  	L NEAR	0175	SEG_A
LOC_33 . . . . . . . . . . . . .  	L NEAR	0194	SEG_A
LOC_34 . . . . . . . . . . . . .  	L NEAR	01A0	SEG_A
LOC_35 . . . . . . . . . . . . .  	L NEAR	01B4	SEG_A
LOC_36 . . . . . . . . . . . . .  	L NEAR	01CC	SEG_A
LOC_37 . . . . . . . . . . . . .  	L NEAR	01D6	SEG_A
LOC_38 . . . . . . . . . . . . .  	L NEAR	01F5	SEG_A
LOC_39 . . . . . . . . . . . . .  	L NEAR	01FF	SEG_A
LOC_40 . . . . . . . . . . . . .  	L NEAR	0207	SEG_A
LOC_41 . . . . . . . . . . . . .  	L NEAR	022A	SEG_A
LOC_42 . . . . . . . . . . . . .  	L NEAR	024E	SEG_A
LOC_43 . . . . . . . . . . . . .  	L NEAR	025A	SEG_A
LOC_44 . . . . . . . . . . . . .  	L NEAR	0268	SEG_A
LOC_45 . . . . . . . . . . . . .  	L NEAR	0274	SEG_A
Microsoft (R) Macro Assembler  Version 4.00                 3/29/26 15:14:47

                                                            Symbols-7
                                                             

LOC_47 . . . . . . . . . . . . .  	L NEAR	02C6	SEG_A
LOC_48 . . . . . . . . . . . . .  	L NEAR	02CE	SEG_A
LOC_5  . . . . . . . . . . . . .  	L NEAR	005A	SEG_A
LOC_50 . . . . . . . . . . . . .  	L NEAR	02EF	SEG_A
LOC_51 . . . . . . . . . . . . .  	L NEAR	02FD	SEG_A
LOC_52 . . . . . . . . . . . . .  	L NEAR	0305	SEG_A
LOC_54 . . . . . . . . . . . . .  	L NEAR	031F	SEG_A
LOC_55 . . . . . . . . . . . . .  	L NEAR	032F	SEG_A
LOC_56 . . . . . . . . . . . . .  	L NEAR	0337	SEG_A
LOC_57 . . . . . . . . . . . . .  	L NEAR	034F	SEG_A
LOC_58 . . . . . . . . . . . . .  	L NEAR	03B0	SEG_A
LOC_59 . . . . . . . . . . . . .  	L NEAR	03B8	SEG_A
LOC_60 . . . . . . . . . . . . .  	L NEAR	03CE	SEG_A
LOC_61 . . . . . . . . . . . . .  	L NEAR	042D	SEG_A
LOC_62 . . . . . . . . . . . . .  	L NEAR	0433	SEG_A
LOC_63 . . . . . . . . . . . . .  	L NEAR	0441	SEG_A
LOC_64 . . . . . . . . . . . . .  	L NEAR	0464	SEG_A
LOC_65 . . . . . . . . . . . . .  	L NEAR	0467	SEG_A
LOC_66 . . . . . . . . . . . . .  	L NEAR	046B	SEG_A
LOC_67 . . . . . . . . . . . . .  	L NEAR	04D4	SEG_A
LOC_68 . . . . . . . . . . . . .  	L NEAR	04E8	SEG_A
LOC_69 . . . . . . . . . . . . .  	L NEAR	04EC	SEG_A
LOC_7  . . . . . . . . . . . . .  	L NEAR	0067	SEG_A
LOC_70 . . . . . . . . . . . . .  	L NEAR	053A	SEG_A
LOC_71 . . . . . . . . . . . . .  	L NEAR	0540	SEG_A
LOC_72 . . . . . . . . . . . . .  	L NEAR	054E	SEG_A
LOC_73 . . . . . . . . . . . . .  	L NEAR	0571	SEG_A
LOC_74 . . . . . . . . . . . . .  	L NEAR	0574	SEG_A
LOC_75 . . . . . . . . . . . . .  	L NEAR	0596	SEG_A
LOC_76 . . . . . . . . . . . . .  	L NEAR	05A1	SEG_A
LOC_77 . . . . . . . . . . . . .  	L NEAR	05A7	SEG_A
LOC_78 . . . . . . . . . . . . .  	L NEAR	05B6	SEG_A
LOC_79 . . . . . . . . . . . . .  	L NEAR	0603	SEG_A
LOC_8  . . . . . . . . . . . . .  	L NEAR	0071	SEG_A
LOC_83 . . . . . . . . . . . . .  	L NEAR	06C7	SEG_A
LOC_84 . . . . . . . . . . . . .  	L NEAR	070A	SEG_A
LOC_85 . . . . . . . . . . . . .  	L NEAR	072A	SEG_A
LOC_86 . . . . . . . . . . . . .  	L NEAR	0738	SEG_A
LOC_87 . . . . . . . . . . . . .  	L NEAR	0746	SEG_A
LOC_88 . . . . . . . . . . . . .  	L NEAR	074B	SEG_A
LOC_89 . . . . . . . . . . . . .  	L NEAR	0757	SEG_A
LOC_9  . . . . . . . . . . . . .  	L NEAR	007B	SEG_A
LOC_90 . . . . . . . . . . . . .  	L NEAR	075D	SEG_A
LOC_91 . . . . . . . . . . . . .  	L NEAR	0774	SEG_A
LOC_92 . . . . . . . . . . . . .  	L NEAR	077A	SEG_A
LOC_93 . . . . . . . . . . . . .  	L NEAR	077B	SEG_A
LOC_94 . . . . . . . . . . . . .  	L NEAR	0792	SEG_A
LOC_95 . . . . . . . . . . . . .  	L NEAR	07B1	SEG_A
LOC_96 . . . . . . . . . . . . .  	L NEAR	07BA	SEG_A
LOC_98 . . . . . . . . . . . . .  	L NEAR	07F2	SEG_A
LOC_99 . . . . . . . . . . . . .  	L NEAR	07F4	SEG_A
LOC_RET_155  . . . . . . . . . .  	L NEAR	0DBA	SEG_A
LOC_RET_214  . . . . . . . . . .  	L NEAR	1257	SEG_A

START  . . . . . . . . . . . . .  	L NEAR	0000	SEG_A
Microsoft (R) Macro Assembler  Version 4.00                 3/29/26 15:14:47

                                                            Symbols-8
                                                             

SUB_1  . . . . . . . . . . . . .  	N PROC	0136	SEG_A	Length = 004C
SUB_10 . . . . . . . . . . . . .  	N PROC	061B	SEG_A	Length = 002E
SUB_11 . . . . . . . . . . . . .  	L NEAR	0631	SEG_A
SUB_12 . . . . . . . . . . . . .  	N PROC	0649	SEG_A	Length = 000B
SUB_13 . . . . . . . . . . . . .  	N PROC	0654	SEG_A	Length = 005D
SUB_14 . . . . . . . . . . . . .  	N PROC	06B1	SEG_A	Length = 0019
SUB_15 . . . . . . . . . . . . .  	N PROC	06CA	SEG_A	Length = 0006
SUB_16 . . . . . . . . . . . . .  	N PROC	06D0	SEG_A	Length = 0008
SUB_17 . . . . . . . . . . . . .  	N PROC	06D8	SEG_A	Length = 0007
SUB_18 . . . . . . . . . . . . .  	N PROC	06DF	SEG_A	Length = 0051
SUB_19 . . . . . . . . . . . . .  	N PROC	0730	SEG_A	Length = 0076
SUB_2  . . . . . . . . . . . . .  	N PROC	027E	SEG_A	Length = 00A9
SUB_20 . . . . . . . . . . . . .  	N PROC	0C87	SEG_A	Length = 0042
SUB_21 . . . . . . . . . . . . .  	N PROC	0CC9	SEG_A	Length = 0012
SUB_22 . . . . . . . . . . . . .  	N PROC	0D6F	SEG_A	Length = 002F
SUB_23 . . . . . . . . . . . . .  	N PROC	0D9E	SEG_A	Length = 0312
SUB_24 . . . . . . . . . . . . .  	L NEAR	0F19	SEG_A
SUB_25 . . . . . . . . . . . . .  	L NEAR	0F32	SEG_A
SUB_26 . . . . . . . . . . . . .  	L NEAR	0F5B	SEG_A
SUB_27 . . . . . . . . . . . . .  	L NEAR	0F8F	SEG_A
SUB_28 . . . . . . . . . . . . .  	L NEAR	1068	SEG_A
SUB_29 . . . . . . . . . . . . .  	N PROC	1156	SEG_A	Length = 00C8
SUB_3  . . . . . . . . . . . . .  	N PROC	0327	SEG_A	Length = 003D
SUB_30 . . . . . . . . . . . . .  	L NEAR	11C4	SEG_A
SUB_31 . . . . . . . . . . . . .  	N PROC	121E	SEG_A	Length = 003A
SUB_32 . . . . . . . . . . . . .  	N PROC	1258	SEG_A	Length = 000B
SUB_33 . . . . . . . . . . . . .  	N PROC	1293	SEG_A	Length = 007A
SUB_34 . . . . . . . . . . . . .  	L NEAR	12DB	SEG_A
SUB_35 . . . . . . . . . . . . .  	N PROC	130D	SEG_A	Length = 0098
SUB_36 . . . . . . . . . . . . .  	L NEAR	132F	SEG_A
SUB_37 . . . . . . . . . . . . .  	N PROC	13A5	SEG_A	Length = 00C7
SUB_38 . . . . . . . . . . . . .  	N PROC	146C	SEG_A	Length = 000D
SUB_39 . . . . . . . . . . . . .  	N PROC	1479	SEG_A	Length = 0033
SUB_4  . . . . . . . . . . . . .  	N PROC	0364	SEG_A	Length = 0044
SUB_40 . . . . . . . . . . . . .  	N PROC	14AC	SEG_A	Length = 003C
SUB_41 . . . . . . . . . . . . .  	N PROC	1534	SEG_A	Length = 000C
SUB_42 . . . . . . . . . . . . .  	N PROC	1540	SEG_A	Length = 000C
SUB_43 . . . . . . . . . . . . .  	N PROC	1675	SEG_A	Length = 0036
SUB_44 . . . . . . . . . . . . .  	N PROC	16AB	SEG_A	Length = 0029
SUB_45 . . . . . . . . . . . . .  	N PROC	1B23	SEG_A	Length = 0027
SUB_46 . . . . . . . . . . . . .  	N PROC	1E4A	SEG_A	Length = 0026
SUB_47 . . . . . . . . . . . . .  	N PROC	1ED6	SEG_A	Length = 002D
SUB_48 . . . . . . . . . . . . .  	N PROC	1F13	SEG_A	Length = 0022
SUB_5  . . . . . . . . . . . . .  	N PROC	03A8	SEG_A	Length = 0273
SUB_6  . . . . . . . . . . . . .  	L NEAR	03E0	SEG_A
SUB_7  . . . . . . . . . . . . .  	L NEAR	057A	SEG_A
SUB_8  . . . . . . . . . . . . .  	L NEAR	057D	SEG_A
SUB_9  . . . . . . . . . . . . .  	L NEAR	05A7	SEG_A

TARGET . . . . . . . . . . . . .  	Number	4D34	

_204GFHGC  . . . . . . . . . . .  	F PROC	0000	SEG_A	Length = 0136


   3985 Source  Lines
   4724 Total   Lines
    440 Symbols

  34544 Bytes symbol space free

      0 Warning Errors
      0 Severe  Errors
