Microsoft (R) Macro Assembler  Version 4.00                 3/29/26 15:15:01

                                                            Page     1-1
                                                            

                                 
                                PAGE  59,132 
                                 
                                ;€€€€€€€€€€€€€€€€€€€€€€€€€€€€€€€€€€€€€€€€€€€€€€€€€€€€€€€€€€€€€€€€€€€€€€€€€€ 
                                ;€€					                                 €€ 
                                ;€€				_205GFTGA                                €€ 
                                ;€€					                                 €€ 
                                ;€€      Created:   29-Mar-26		                                 €€ 
                                ;€€      Code type: zero start		                                 €€ 
                                ;€€      Passes:    9          Analysis	Options on: none                 €€ 
                                ;€€					                                 €€ 
                                ;€€€€€€€€€€€€€€€€€€€€€€€€€€€€€€€€€€€€€€€€€€€€€€€€€€€€€€€€€€€€€€€€€€€€€€€€€€ 
                                 
 = 4D34                         target		EQU   'M4'                      ; Target assembler: MASM-4.0 
                                 
                             C  include  srmacros.inc 
                             C   
                             C  ; Macros which may be required for proper re-assembly 
                             C   
                             C  IF (target EQ 'M4') 
                             C  ;----------------------------------------------------------------------------- 
                             C  ;  MASM 4.0 does not allow retf and retn, allowed by current assemblers. 
                             C  ;  These marcos, convert RETF and RETN into data bytes that are acceptable 
                             C  ;  to MASM 4.0. 
                             C   
                             C   
                             C  retf            macro   ret_count               ; Fixup for Assembler 
                             C                  if      ret_count+0 GT 1 
                             C                  db      0CAh 
                             C                  dw      ret_count 
                             C                  else 
                             C                  db      0CBh 
                             C                  endif 
                             C  endm 
                             C   
                             C  retn            macro  ret_count 
                             C                  if     ret_count+0 GT 1 
                             C                  db     0C2h 
                             C                  dw     ret_count 
                             C                  else 
                             C                  db     0C3h 
                             C                  endif 
                             C  endm 
                             C   
                             C  ENDIF 
                             C   
                             C   
                             C  IF (target EQ 'M4') OR (target EQ 'M5')  
                             C  ;----------------------------------------------------------------------------- 
                             C  ; Due to a bug in earlier MASM assemblers, the valid instruction type  
                             C  ; "mov segreg, reg"  cannot be used, if the register is not AX.   
                             C  ; For example:  mov  es, bx 
                             C   
                             C  movseg          macro reg16, unused, Imm16      ; Fixup for Assembler 
                             C                  ifidn  <reg16>, <bx>             
Microsoft (R) Macro Assembler  Version 4.00                 3/29/26 15:15:01

                                                            Page     1-2
                                                            

                             C                  db     0BBh                      
                             C                  endif                            
                             C                  ifidn  <reg16>, <cx>             
                             C                  db     0B9h                      
                             C                  endif 
                             C                  ifidn  <reg16>, <dx> 
                             C                  db     0BAh 
                             C                  endif 
                             C                  ifidn  <reg16>, <si> 
                             C                  db     0BEh 
                             C                  endif 
                             C                  ifidn  <reg16>, <di> 
                             C                  db     0BFh 
                             C                  endif 
                             C                  ifidn  <reg16>, <bp> 
                             C                  db     0BDh 
                             C                  endif 
                             C                  ifidn  <reg16>, <sp> 
                             C                  db     0BCh 
                             C                  endif 
                             C                  ifidn  <reg16>, <BX> 
                             C                  db     0BBH 
                             C                  endif 
                             C                  ifidn  <reg16>, <CX> 
                             C                  db     0B9H 
                             C                  endif 
                             C                  ifidn  <reg16>, <DX> 
                             C                  db     0BAH 
                             C                  endif 
                             C                  ifidn  <reg16>, <SI> 
                             C                  db     0BEH 
                             C                  endif 
                             C                  ifidn  <reg16>, <DI> 
                             C                  db     0BFH 
                             C                  endif 
                             C                  ifidn  <reg16>, <BP> 
                             C                  db     0BDH 
                             C                  endif 
                             C                  ifidn  <reg16>, <SP> 
                             C                  db     0BCH 
                             C                  endif 
                             C                  dw     seg Imm16 
                             C  endm 
                             C   
                             C  ENDIF 
                             C   
                             C   
                             C  ENDIF 
                             C   
                             C   
                             C   
                             C  IFE (target EQ 'NO') 
                             C  ;----------------------------------------------------------------------------- 
                             C  ;  Some compilers and some assemblers will code a call that goes to a far 
                             C  ;  subroutine in the same segment as: 
Microsoft (R) Macro Assembler  Version 4.00                 3/29/26 15:15:01

                                                            Page     1-3
                                                            

                             C  ; 
                             C  ;               PUSH    CS 
                             C  ;               CALL    near 
                             C  ; 
                             C  ;  This saves one byte, and is slightly faster.  If the assembler you are 
                             C  ;  using (i.e. MASM, Optasm) does not do this automatically, the following 
                             C  ;  macros are used to code the same information.  In other words, the binary 
                             C  ;  file has "PUSH CS, CALL near", and Sourcer ensures the same instructions 
                             C  ;  are used!  (macro CALLF) 
                             C  ; 
                             C   
                             C  callf           macro   location 
                             C                  push    cs 
                             C                  call    near ptr location 
                             C  endm 
                             C   
                             C  ;  Some compilers generate an unnecessary DS override on the call instruction 
                             C  ;  when compacting the CALLF type function.  Macro CALLFX handles this case. 
                             C   
                             C  callfx          macro   location 
                             C                  push    cs 
                             C                  db      3Eh 
                             C                  call    near ptr location 
                             C  endm 
                             C   
                             C   
                             C  ;----------------------------------------------------------------------------- 
                             C  ;  Some compilers and some assemblers will code a near call that is the 
                             C  ;  selected assembler will convert to a short jump to save a byte.  This 
                             C  ;  reconstructs a near jump for these cases. 
                             C   
                             C  jmpn            macro   location 
                             C                  db      0E9h 
                             C                  dw      offset location-$-2 
                             C  endm 
                             C   
                             C  ENDIF 
                             C   
                                 
                                 
                                 
                                ; The following equates show data references outside the range of the program. 
                                 
 = 4000                         data_1e		equ	4000h			;* 
 = 6000                         data_2e		equ	6000h			;* 
 = 80A0                         data_3e		equ	80A0h			;* 
 = 8CF0                         data_4e		equ	8CF0h			;* 
 = B000                         data_5e		equ	0B000h			;* 
 = B17E                         data_6e		equ	0B17Eh			;* 
 = D000                         data_7e		equ	0D000h			;* 
 = 3172                         data_49e	equ	3172h			;* 
 = 3915                         data_50e	equ	3915h			;* 
 = 39E8                         data_51e	equ	39E8h			;* 
 = 4264                         data_52e	equ	4264h			;* 
 = 4771                         data_53e	equ	4771h			;* 
Microsoft (R) Macro Assembler  Version 4.00                 3/29/26 15:15:01

                                                            Page     1-4
                                                            

 = 489D                         data_54e	equ	489Dh			;* 
 = 4BFB                         data_55e	equ	4BFBh			;* 
 = 51D2                         data_56e	equ	51D2h			;* 
 = 522F                         data_57e	equ	522Fh			;* 
 = 5231                         data_59e	equ	5231h			;* 
 = 5233                         data_60e	equ	5233h			;* 
 = 5235                         data_61e	equ	5235h			;* 
 = 5237                         data_62e	equ	5237h			;* 
 = 5238                         data_63e	equ	5238h			;* 
 = 5239                         data_64e	equ	5239h			;* 
 = 523A                         data_65e	equ	523Ah			;* 
 = 523B                         data_66e	equ	523Bh			;* 
 = 523D                         data_68e	equ	523Dh			;* 
 = 523F                         data_69e	equ	523Fh			;* 
 = 5241                         data_70e	equ	5241h			;* 
 = 5243                         data_72e	equ	5243h			;* 
 = 5244                         data_73e	equ	5244h			;* 
 = 5245                         data_74e	equ	5245h			;* 
 = 5255                         data_75e	equ	5255h			;* 
 = 5256                         data_76e	equ	5256h			;* 
 = 5259                         data_77e	equ	5259h			;* 
 = 5262                         data_78e	equ	5262h			;* 
 = 5362                         data_79e	equ	5362h			;* 
 = 5562                         data_80e	equ	5562h			;* 
 = 5682                         data_81e	equ	5682h			;* 
 = 625C                         data_82e	equ	625Ch			;* 
 = 723B                         data_83e	equ	723Bh			;* 
 = 80A0                         data_84e	equ	80A0h			;* 
 = A030                         data_85e	equ	0A030h			;* 
 = C010                         data_86e	equ	0C010h			;* 
 = C012                         data_87e	equ	0C012h			;* 
 = E000                         data_88e	equ	0E000h			;* 
 = E900                         data_89e	equ	0E900h			;* 
 = E91B                         data_90e	equ	0E91Bh			;* 
 = ED20                         data_91e	equ	0ED20h			;* 
 = EDA0                         data_92e	equ	0EDA0h			;* 
 = FF1A                         data_93e	equ	0FF1Ah			;* 
 = FF2C                         data_94e	equ	0FF2Ch			;* 
 = FF2F                         data_95e	equ	0FF2Fh			;* 
 = FF31                         data_96e	equ	0FF31h			;* 
 = FF33                         data_97e	equ	0FF33h			;* 
 = FF34                         data_98e	equ	0FF34h			;* 
 = FF36                         data_99e	equ	0FF36h			;* 
 = FF37                         data_100e	equ	0FF37h			;* 
 = FF38                         data_101e	equ	0FF38h			;* 
 = FF39                         data_102e	equ	0FF39h			;* 
 = FF3A                         data_103e	equ	0FF3Ah			;* 
 = FF3D                         data_104e	equ	0FF3Dh			;* 
 = FF3F                         data_105e	equ	0FF3Fh			;* 
 = FF40                         data_106e	equ	0FF40h			;* 
 = FF41                         data_107e	equ	0FF41h			;* 
 = FF42                         data_108e	equ	0FF42h			;* 
 = FF43                         data_109e	equ	0FF43h			;* 
 = FF44                         data_110e	equ	0FF44h			;* 
 = FF45                         data_111e	equ	0FF45h			;* 
Microsoft (R) Macro Assembler  Version 4.00                 3/29/26 15:15:01

                                                            Page     1-5
                                                            

 = FF46                         data_112e	equ	0FF46h			;* 
 = 00A0                         data_113e	equ	0A0h 
 = 41F8                         data_114e	equ	41F8h 
 = 80A0                         data_115e	equ	80A0h 
                                 
 0000                           seg_a		segment	byte public 
                                		assume	cs:seg_a, ds:seg_a 
                                 
                                 
 0000                           		org	0 
                                 
 0000                           _205GFTGA	proc	far 
                                 
 0000                           start: 
 0000  A2 0026                  		mov	byte ptr ds:[26h],al 
 0003  00 2C                    		add	[si],ch 
 0005  30 06 723B               		xor	ds:data_83e,al 
 0009  40                       		inc	ax 
                                ;*		jg	loc_1			;*Jump if > 
 000A  7F 3F                    		db	 7Fh, 3Fh		;  Fixup - byte match 
 000C  B9 9E42                  		mov	cx,9E42h 
 000F  46                       		inc	si 
 0010  29 41 6E                 		sub	[bx+di+6Eh],ax 
 0013  32 1D                    		xor	bl,[di] 
 0015  39 09                    		cmp	[bx+di],cx 
 0017  43                       		inc	bx 
                                ;*		jp	loc_3			;*Jump if parity=1 
 0018  7A 42                    		db	 7Ah, 42h		;  Fixup - byte match 
 001A  F0/ 3A 41 44                                        lock	cmp	al,[bx+di+44h] 
 001E  BB 0546                  		mov	bx,546h 
 0021  47                       		inc	di 
 0022  FD                       		std				; Set direction flag 
 0023  47                       		inc	di 
 0024  70 42                    		jo	loc_6			; Jump if overflow=1 
 0026  4D                       		dec	bp 
 0027  4B                       		dec	bx 
 0028  90                       		nop 
 0029  4B                       		dec	bx 
 002A  27                       		daa				; Decimal adjust 
 002B  4D                       		dec	bp 
 002C  E8 2E7F R                		call	$+2E53h 
205GFTGA.asm(128) : error 64: Near JMP/CALL to different CS 
 002F  52                       		push	dx 
 0030  0E                       		push	cs 
 0031  07                       		pop	es 
 0032  BF 5262                  		mov	di,data_78e 
 0035  33 C0                    		xor	ax,ax			; Zero register 
 0037  B9 0080                  		mov	cx,80h 
 003A  F3/ AB                   		rep	stosw			; Rep when cx >0 Store ax to es:[di] 
 003C  FE 06 5243               		inc	byte ptr ds:data_72e 
 0040  C7 06 5231 41F8          		mov	word ptr ds:data_59e,41F8h 
 0046  8B 36 FF31               		mov	si,ds:data_96e 
 004A  83 EE 21                 		sub	si,21h 
 004D  E8 16FE R                		call	sub_42 
 0050  33 DB                    		xor	bx,bx			; Zero register 
Microsoft (R) Macro Assembler  Version 4.00                 3/29/26 15:15:01

                                                            Page     1-6
                                                            

 0052  F6 04 80                 		test	byte ptr [si],80h 
 0055  74 03                    		jz	loc_2			; Jump if zero 
 0057  E8 0436 R                		call	sub_3 
 005A                           loc_2: 
 005A  46                       		inc	si 
 005B  B9 0006                  		mov	cx,6 
                                 
 005E                           locloop_4: 
 005E  51                       		push	cx 
 005F  F6 04 80                 		test	byte ptr [si],80h 
 0062  74 03                    		jz	loc_5			; Jump if zero 
 0064  E8 0473 R                		call	sub_4 
 0067                           loc_5: 
 0067  46                       		inc	si 
 0068                           loc_6: 
 0068  43                       		inc	bx 
 0069  F6 04 80                 		test	byte ptr [si],80h 
 006C  74 03                    		jz	loc_7			; Jump if zero 
 006E  E8 0473 R                		call	sub_4 
 0071                           loc_7: 
 0071  46                       		inc	si 
 0072  43                       		inc	bx 
 0073  F6 04 80                 		test	byte ptr [si],80h 
 0076  74 03                    		jz	loc_8			; Jump if zero 
 0078  E8 0473 R                		call	sub_4 
 007B                           loc_8: 
 007B  46                       		inc	si 
 007C  43                       		inc	bx 
 007D  F6 04 80                 		test	byte ptr [si],80h 
 0080  74 03                    		jz	loc_9			; Jump if zero 
 0082  E8 0473 R                		call	sub_4 
 0085                           loc_9: 
 0085  46                       		inc	si 
 0086  43                       		inc	bx 
 0087  59                       		pop	cx 
 0088  E2 D4                    		loop	locloop_4		; Loop if cx > 0 
                                 
 008A  F6 04 80                 		test	byte ptr [si],80h 
 008D  74 03                    		jz	loc_10			; Jump if zero 
 008F  E8 0473 R                		call	sub_4 
 0092                           loc_10: 
 0092  46                       		inc	si 
 0093  43                       		inc	bx 
 0094  F6 04 80                 		test	byte ptr [si],80h 
 0097  74 03                    		jz	loc_11			; Jump if zero 
 0099  E8 0473 R                		call	sub_4 
 009C                           loc_11: 
 009C  46                       		inc	si 
 009D  43                       		inc	bx 
 009E  F6 04 80                 		test	byte ptr [si],80h 
 00A1  74 03                    		jz	loc_12			; Jump if zero 
 00A3  E8 0473 R                		call	sub_4 
 00A6                           loc_12: 
 00A6  46                       		inc	si 
 00A7  F6 04 80                 		test	byte ptr [si],80h 
Microsoft (R) Macro Assembler  Version 4.00                 3/29/26 15:15:01

                                                            Page     1-7
                                                            

 00AA  74 03                    		jz	loc_13			; Jump if zero 
 00AC  E8 04B9 R                		call	sub_5 
 00AF                           loc_13: 
 00AF  8B 36 FF31               		mov	si,ds:data_96e 
 00B3  BF E900                  		mov	di,data_89e 
 00B6  C6 06 5237 12            		mov	byte ptr ds:data_62e,12h 
 00BB                           loc_14: 
 00BB  E8 0F4A R                		call	sub_22 
 00BE  33 DB                    		xor	bx,bx			; Zero register 
 00C0  83 C6 03                 		add	si,3 
 00C3  AC                       		lodsb				; String [si] to al 
 00C4  0A C0                    		or	al,al			; Zero ? 
 00C6  79 03                    		jns	loc_15			; Jump if not sign 
 00C8  E8 04F1 R                		call	sub_6 
 00CB                           loc_15: 
 00CB  B9 0006                  		mov	cx,6 
                                 
 00CE                           locloop_16: 
 00CE  51                       		push	cx 
 00CF  A6                       		cmpsb				; Cmp [si] to es:[di] 
 00D0  74 03                    		jz	loc_17			; Jump if zero 
 00D2  E8 0128 R                		call	sub_1 
 00D5                           loc_17: 
 00D5  43                       		inc	bx 
 00D6  A6                       		cmpsb				; Cmp [si] to es:[di] 
 00D7  74 03                    		jz	loc_18			; Jump if zero 
 00D9  E8 0128 R                		call	sub_1 
 00DC                           loc_18: 
 00DC  43                       		inc	bx 
 00DD  A6                       		cmpsb				; Cmp [si] to es:[di] 
 00DE  74 03                    		jz	loc_19			; Jump if zero 
 00E0  E8 0128 R                		call	sub_1 
 00E3                           loc_19: 
 00E3  43                       		inc	bx 
 00E4  A6                       		cmpsb				; Cmp [si] to es:[di] 
 00E5  74 03                    		jz	loc_20			; Jump if zero 
 00E7  E8 0128 R                		call	sub_1 
 00EA                           loc_20: 
 00EA  43                       		inc	bx 
 00EB  59                       		pop	cx 
 00EC  E2 E0                    		loop	locloop_16		; Loop if cx > 0 
                                 
 00EE  A6                       		cmpsb				; Cmp [si] to es:[di] 
 00EF  74 03                    		jz	loc_21			; Jump if zero 
 00F1  E8 0128 R                		call	sub_1 
 00F4                           loc_21: 
 00F4  43                       		inc	bx 
 00F5  A6                       		cmpsb				; Cmp [si] to es:[di] 
 00F6  74 03                    		jz	loc_22			; Jump if zero 
 00F8  E8 0128 R                		call	sub_1 
 00FB                           loc_22: 
 00FB  43                       		inc	bx 
 00FC  A6                       		cmpsb				; Cmp [si] to es:[di] 
 00FD  74 03                    		jz	loc_23			; Jump if zero 
 00FF  E8 0128 R                		call	sub_1 
Microsoft (R) Macro Assembler  Version 4.00                 3/29/26 15:15:01

                                                            Page     1-8
                                                            

 0102                           loc_23: 
 0102  43                       		inc	bx 
 0103  AC                       		lodsb				; String [si] to al 
 0104  47                       		inc	di 
 0105  0A C0                    		or	al,al			; Zero ? 
 0107  79 03                    		jns	loc_24			; Jump if not sign 
 0109  E9 05ED R                		jmp	loc_84 
 010C                           loc_24: 
 010C  26: 3A 45 FF             		cmp	al,es:[di-1] 
 0110  74 03                    		je	loc_25			; Jump if equal 
 0112  E8 0128 R                		call	sub_1 
 0115                           loc_25: 
 0115  83 C6 04                 		add	si,4 
 0118  E8 16F2 R                		call	sub_41 
 011B  81 06 5231 0140          		add	word ptr ds:data_59e,140h 
 0121  FE 0E 5237               		dec	byte ptr ds:data_62e 
 0125  75 94                    		jnz	loc_14			; Jump if not zero 
                                		retn 
 0127  C3                     1                 db     0C3h
                                 
                                _205GFTGA	endp 
                                 
                                ;ﬂﬂﬂﬂﬂﬂﬂﬂﬂﬂﬂﬂﬂﬂﬂﬂﬂﬂﬂﬂﬂﬂﬂﬂﬂﬂﬂﬂﬂﬂﬂﬂﬂﬂﬂﬂﬂﬂﬂﬂﬂﬂﬂﬂﬂﬂﬂﬂﬂﬂﬂﬂﬂﬂﬂﬂﬂﬂﬂﬂﬂﬂﬂﬂﬂﬂﬂﬂﬂﬂﬂﬂﬂﬂ 
                                ;                              SUBROUTINE 
                                ;‹‹‹‹‹‹‹‹‹‹‹‹‹‹‹‹‹‹‹‹‹‹‹‹‹‹‹‹‹‹‹‹‹‹‹‹‹‹‹‹‹‹‹‹‹‹‹‹‹‹‹‹‹‹‹‹‹‹‹‹‹‹‹‹‹‹‹‹‹‹‹‹‹‹ 
                                 
 0128                           sub_1		proc	near 
 0128  8A 44 FF                 		mov	al,[si-1] 
 012B  0A C0                    		or	al,al			; Zero ? 
 012D  79 03                    		jns	loc_26			; Jump if not sign 
 012F  E9 0574 R                		jmp	loc_82 
 0132                           loc_26: 
 0132  26: 80 7D FF FC          		cmp	byte ptr es:[di-1],0FCh 
 0137  75 07                    		jne	loc_27			; Jump if not equal 
 0139  26: C6 45 FF FF          		mov	byte ptr es:[di-1],0FFh 
 013E  EB 1C                    		jmp	short loc_28 
 0140                           loc_27: 
 0140  26: FE 45 FF             		inc	byte ptr es:[di-1] 
 0144  26: C6 45 FF FE          		mov	byte ptr es:[di-1],0FEh 
 0149  74 11                    		jz	loc_28			; Jump if zero 
 014B  26: 88 45 FF             		mov	es:[di-1],al 
 014F  8B D3                    		mov	dx,bx 
 0151  03 D2                    		add	dx,dx 
 0153  03 D2                    		add	dx,dx 
 0155  03 16 5231               		add	dx,ds:data_59e 
 0159  E8 0272 R                		call	sub_2 
 015C                           loc_28: 
 015C  A0 C012                  		mov	al,ds:data_87e 
 015F  2C 05                    		sub	al,5 
 0161  73 01                    		jnc	loc_29			; Jump if carry=0 
                                		retn 
 0163  C3                     1                 db     0C3h
 0164                           loc_29: 
 0164  3C 04                    		cmp	al,4 
 0166  72 01                    		jb	loc_30			; Jump if below 
Microsoft (R) Macro Assembler  Version 4.00                 3/29/26 15:15:01

                                                            Page     1-9
                                                            

                                		retn 
 0168  C3                     1                 db     0C3h
 0169                           loc_30: 
 0169  53                       		push	bx 
 016A  8A D8                    		mov	bl,al 
 016C  32 FF                    		xor	bh,bh			; Zero register 
 016E  03 DB                    		add	bx,bx 
 0170  FF 97 3172               		call	word ptr ds:data_49e[bx]	;* 
 0174  5B                       		pop	bx 
                                		retn 
 0175  C3                     1                 db     0C3h
                                sub_1		endp 
                                 
                                			                        ;* No entry point to code 
                                ;*		jp	loc_34			;*Jump if parity=1 
 0176  7A 31                    		db	 7Ah, 31h		;  Fixup - byte match 
                                ;*		call	far ptr sub_50		;* 
 0178  9A                       		db	9Ah 
 0179  D031 4E31                		dw	0D031h, 4E31h		;  Fixup - byte match 
 017D  32 8A FF44               		xor	cl,ss:data_110e[bp+si] 
 0181  2C 1B                    		sub	al,1Bh 
 0183  3C 02                    		cmp	al,2 
 0185  72 01                    		jb	loc_31			; Jump if below 
                                		retn 
 0187  C3                     1                 db     0C3h
 0188                           loc_31: 
 0188  C6 45 FF FE              		mov	byte ptr [di-1],0FEh 
 018C  F6 06 5243 01            		test	byte ptr ds:data_72e,1 
 0191  75 01                    		jnz	loc_32			; Jump if not zero 
                                		retn 
 0193  C3                     1                 db     0C3h
 0194                           loc_32: 
 0194  FE C0                    		inc	al 
 0196  24 01                    		and	al,1 
 0198  04 1B                    		add	al,1Bh 
 019A  88 44 FF                 		mov	[si-1],al 
                                		retn 
 019D  C3                     1                 db     0C3h
                                			                        ;* No entry point to code 
 019E  8A 44 FF                 		mov	al,[si-1] 
 01A1  2C 1D                    		sub	al,1Dh 
 01A3  3C 06                    		cmp	al,6 
 01A5  72 01                    		jb	loc_33			; Jump if below 
                                		retn 
 01A7  C3                     1                 db     0C3h
 01A8                           loc_33: 
 01A8  C6 45 FF FE              		mov	byte ptr [di-1],0FEh 
 01AC  3C 04                    		cmp	al,4 
 01AE  73 1A                    		jae	loc_36			; Jump if above or = 
 01B0  0A C0                    		or	al,al			; Zero ? 
 01B2  75 0C                    		jnz	loc_35			; Jump if not zero 
 01B4  50                       		push	ax 
 01B5  2E: FF 16 011A           		call	word ptr cs:[11Ah] 
 01BA  24 03                    		and	al,3 
 01BC  58                       		pop	ax 
Microsoft (R) Macro Assembler  Version 4.00                 3/29/26 15:15:01

                                                            Page     1-10
                                                            

 01BD  74 01                    		jz	loc_35			; Jump if zero 
                                		retn 
 01BF  C3                     1                 db     0C3h
 01C0                           loc_35: 
 01C0  FE C0                    		inc	al 
 01C2  24 03                    		and	al,3 
 01C4  04 1D                    		add	al,1Dh 
 01C6  88 44 FF                 		mov	[si-1],al 
                                		retn 
 01C9  C3                     1                 db     0C3h
 01CA                           loc_36: 
 01CA  FE C0                    		inc	al 
 01CC  24 01                    		and	al,1 
 01CE  04 21                    		add	al,21h			; '!' 
 01D0  88 44 FF                 		mov	[si-1],al 
                                		retn 
 01D3  C3                     1                 db     0C3h
                                			                        ;* No entry point to code 
 01D4  8A 44 FF                 		mov	al,[si-1] 
 01D7  2C 2C                    		sub	al,2Ch			; ',' 
 01D9  3C 02                    		cmp	al,2 
 01DB  73 16                    		jae	loc_38			; Jump if above or = 
 01DD  C6 45 FF FE              		mov	byte ptr [di-1],0FEh 
 01E1  F6 06 5243 01            		test	byte ptr ds:data_72e,1 
 01E6  75 01                    		jnz	loc_37			; Jump if not zero 
                                		retn 
 01E8  C3                     1                 db     0C3h
 01E9                           loc_37: 
 01E9  FE C0                    		inc	al 
 01EB  24 01                    		and	al,1 
 01ED  04 2C                    		add	al,2Ch			; ',' 
 01EF  88 44 FF                 		mov	[si-1],al 
                                		retn 
 01F2  C3                     1                 db     0C3h
 01F3                           loc_38: 
 01F3  8A 44 FF                 		mov	al,[si-1] 
 01F6  3C 3E                    		cmp	al,3Eh			; '>' 
 01F8  72 01                    		jb	loc_39			; Jump if below 
                                		retn 
 01FA  C3                     1                 db     0C3h
 01FB                           loc_39: 
 01FB  B3 33                    		mov	bl,33h			; '3' 
 01FD  3C 0E                    		cmp	al,0Eh 
 01FF  74 41                    		je	loc_41			; Jump if equal 
 0201  B3 36                    		mov	bl,36h			; '6' 
 0203  3C 0D                    		cmp	al,0Dh 
 0205  74 3B                    		je	loc_41			; Jump if equal 
 0207  B3 39                    		mov	bl,39h			; '9' 
 0209  3C 0F                    		cmp	al,0Fh 
 020B  74 35                    		je	loc_41			; Jump if equal 
 020D  B3 3C                    		mov	bl,3Ch			; '<' 
 020F  3C 0C                    		cmp	al,0Ch 
 0211  74 2F                    		je	loc_41			; Jump if equal 
 0213  B3 3D                    		mov	bl,3Dh			; '=' 
 0215  3C 10                    		cmp	al,10h 
Microsoft (R) Macro Assembler  Version 4.00                 3/29/26 15:15:01

                                                            Page     1-11
                                                            

 0217  74 29                    		je	loc_41			; Jump if equal 
 0219  2C 33                    		sub	al,33h			; '3' 
 021B  73 01                    		jnc	loc_40			; Jump if carry=0 
                                		retn 
 021D  C3                     1                 db     0C3h
 021E                           loc_40: 
 021E  B3 0E                    		mov	bl,0Eh 
 0220  3C 02                    		cmp	al,2 
 0222  74 1E                    		je	loc_41			; Jump if equal 
 0224  B3 0D                    		mov	bl,0Dh 
 0226  3C 05                    		cmp	al,5 
 0228  74 18                    		je	loc_41			; Jump if equal 
 022A  B3 0F                    		mov	bl,0Fh 
 022C  3C 08                    		cmp	al,8 
 022E  74 12                    		je	loc_41			; Jump if equal 
 0230  B3 0C                    		mov	bl,0Ch 
 0232  3C 09                    		cmp	al,9 
 0234  74 0C                    		je	loc_41			; Jump if equal 
 0236  B3 10                    		mov	bl,10h 
 0238  3C 0A                    		cmp	al,0Ah 
 023A  74 06                    		je	loc_41			; Jump if equal 
 023C  FE C0                    		inc	al 
 023E  04 33                    		add	al,33h			; '3' 
 0240  8A D8                    		mov	bl,al 
 0242                           loc_41: 
 0242  C6 45 FF FE              		mov	byte ptr [di-1],0FEh 
 0246  F6 06 5243 01            		test	byte ptr ds:data_72e,1 
 024B  75 01                    		jnz	loc_42			; Jump if not zero 
                                		retn 
 024D  C3                     1                 db     0C3h
 024E                           loc_42: 
 024E  88 5C FF                 		mov	[si-1],bl 
                                		retn 
 0251  C3                     1                 db     0C3h
                                			                        ;* No entry point to code 
 0252  8A 44 FF                 		mov	al,[si-1] 
 0255  2C 25                    		sub	al,25h			; '%' 
 0257  3C 04                    		cmp	al,4 
 0259  72 01                    		jb	loc_43			; Jump if below 
                                		retn 
 025B  C3                     1                 db     0C3h
 025C                           loc_43: 
 025C  C6 45 FF FE              		mov	byte ptr [di-1],0FEh 
 0260  F6 06 5243 01            		test	byte ptr ds:data_72e,1 
 0265  75 01                    		jnz	loc_44			; Jump if not zero 
                                		retn 
 0267  C3                     1                 db     0C3h
 0268                           loc_44: 
 0268  FE C0                    		inc	al 
 026A  24 03                    		and	al,3 
 026C  04 25                    		add	al,25h			; '%' 
 026E  88 44 FF                 		mov	[si-1],al 
                                		retn 
 0271  C3                     1                 db     0C3h
                                 
Microsoft (R) Macro Assembler  Version 4.00                 3/29/26 15:15:01

                                                            Page     1-12
                                                            

                                ;ﬂﬂﬂﬂﬂﬂﬂﬂﬂﬂﬂﬂﬂﬂﬂﬂﬂﬂﬂﬂﬂﬂﬂﬂﬂﬂﬂﬂﬂﬂﬂﬂﬂﬂﬂﬂﬂﬂﬂﬂﬂﬂﬂﬂﬂﬂﬂﬂﬂﬂﬂﬂﬂﬂﬂﬂﬂﬂﬂﬂﬂﬂﬂﬂﬂﬂﬂﬂﬂﬂﬂﬂﬂﬂ 
                                ;                              SUBROUTINE 
                                ;‹‹‹‹‹‹‹‹‹‹‹‹‹‹‹‹‹‹‹‹‹‹‹‹‹‹‹‹‹‹‹‹‹‹‹‹‹‹‹‹‹‹‹‹‹‹‹‹‹‹‹‹‹‹‹‹‹‹‹‹‹‹‹‹‹‹‹‹‹‹‹‹‹‹ 
                                 
 0272                           sub_2		proc	near 
 0272  06                       		push	es 
 0273  1E                       		push	ds 
 0274  57                       		push	di 
 0275  56                       		push	si 
 0276  53                       		push	bx 
 0277  8B FA                    		mov	di,dx 
 0279  0A C0                    		or	al,al			; Zero ? 
 027B  75 03                    		jnz	loc_45			; Jump if not zero 
 027D  E9 03B7 R                		jmp	loc_64 
 0280                           loc_45: 
 0280  8A D8                    		mov	bl,al 
 0282  32 FF                    		xor	bh,bh			; Zero register 
 0284  03 DB                    		add	bx,bx 
 0286  F7 87 5262 FFFF          		test	word ptr ds:data_78e[bx],0FFFFh 
 028C  75 44                    		jnz	loc_49			; Jump if not zero 
 028E  FE C8                    		dec	al 
 0290  89 BF 5262               		mov	ds:data_78e[bx],di 
 0294  B1 20                    		mov	cl,20h			; ' ' 
 0296  F6 E1                    		mul	cl			; ax = reg * al 
 0298  05 8030                  		add	ax,8030h 
 029B  8B F0                    		mov	si,ax 
 029D  2E: 8E 1E FF2C           		mov	ds,cs:data_94e 
 02A2  B8 B800                  		mov	ax,0B800h 
 02A5  8E C0                    		mov	es,ax 
 02A7  B9 0004                  		mov	cx,4 
                                 
 02AA                           locloop_46: 
 02AA  A5                       		movsw				; Mov [si] to es:[di] 
 02AB  A5                       		movsw				; Mov [si] to es:[di] 
 02AC  81 C7 1FFC               		add	di,1FFCh 
 02B0  81 FF 8000               		cmp	di,8000h 
 02B4  72 04                    		jb	loc_47			; Jump if below 
 02B6  81 C7 80A0               		add	di,data_115e 
 02BA                           loc_47: 
 02BA  A5                       		movsw				; Mov [si] to es:[di] 
 02BB  A5                       		movsw				; Mov [si] to es:[di] 
 02BC  81 C7 1FFC               		add	di,1FFCh 
 02C0  81 FF 8000               		cmp	di,8000h 
 02C4  72 04                    		jb	loc_48			; Jump if below 
 02C6  81 C7 80A0               		add	di,data_115e 
 02CA                           loc_48: 
 02CA  E2 DE                    		loop	locloop_46		; Loop if cx > 0 
                                 
 02CC  5B                       		pop	bx 
 02CD  5E                       		pop	si 
 02CE  5F                       		pop	di 
 02CF  1F                       		pop	ds 
 02D0  07                       		pop	es 
                                		retn 
 02D1  C3                     1                 db     0C3h
Microsoft (R) Macro Assembler  Version 4.00                 3/29/26 15:15:01

                                                            Page     1-13
                                                            

 02D2                           loc_49: 
 02D2  8B B7 5262               		mov	si,ds:data_78e[bx] 
 02D6  B8 B800                  		mov	ax,0B800h 
 02D9  8E C0                    		mov	es,ax 
 02DB  8E D8                    		mov	ds,ax 
 02DD  A5                       		movsw				; Mov [si] to es:[di] 
 02DE  A5                       		movsw				; Mov [si] to es:[di] 
 02DF  81 C7 1FFC               		add	di,1FFCh 
 02E3  81 FF 8000               		cmp	di,8000h 
 02E7  72 04                    		jb	loc_50			; Jump if below 
 02E9  81 C7 80A0               		add	di,data_115e 
 02ED                           loc_50: 
 02ED  81 C6 1FFC               		add	si,1FFCh 
 02F1  81 FE 8000               		cmp	si,8000h 
 02F5  72 04                    		jb	loc_51			; Jump if below 
 02F7  81 C6 80A0               		add	si,data_115e 
 02FB                           loc_51: 
 02FB  A5                       		movsw				; Mov [si] to es:[di] 
 02FC  A5                       		movsw				; Mov [si] to es:[di] 
 02FD  81 C7 1FFC               		add	di,1FFCh 
 0301  81 FF 8000               		cmp	di,8000h 
 0305  72 04                    		jb	loc_52			; Jump if below 
 0307  81 C7 80A0               		add	di,data_115e 
 030B                           loc_52: 
 030B  81 C6 1FFC               		add	si,1FFCh 
 030F  81 FE 8000               		cmp	si,8000h 
 0313  72 04                    		jb	loc_53			; Jump if below 
 0315  81 C6 80A0               		add	si,data_115e 
 0319                           loc_53: 
 0319  A5                       		movsw				; Mov [si] to es:[di] 
 031A  A5                       		movsw				; Mov [si] to es:[di] 
 031B  81 C7 1FFC               		add	di,1FFCh 
 031F  81 FF 8000               		cmp	di,8000h 
 0323  72 04                    		jb	loc_54			; Jump if below 
 0325  81 C7 80A0               		add	di,data_115e 
 0329                           loc_54: 
 0329  81 C6 1FFC               		add	si,1FFCh 
 032D  81 FE 8000               		cmp	si,8000h 
 0331  72 04                    		jb	loc_55			; Jump if below 
 0333  81 C6 80A0               		add	si,data_115e 
 0337                           loc_55: 
 0337  A5                       		movsw				; Mov [si] to es:[di] 
 0338  A5                       		movsw				; Mov [si] to es:[di] 
 0339  81 C7 1FFC               		add	di,1FFCh 
 033D  81 FF 8000               		cmp	di,8000h 
 0341  72 04                    		jb	loc_56			; Jump if below 
 0343  81 C7 80A0               		add	di,data_115e 
 0347                           loc_56: 
 0347  81 C6 1FFC               		add	si,1FFCh 
 034B  81 FE 8000               		cmp	si,8000h 
 034F  72 04                    		jb	loc_57			; Jump if below 
 0351  81 C6 80A0               		add	si,data_115e 
 0355                           loc_57: 
 0355  A5                       		movsw				; Mov [si] to es:[di] 
 0356  A5                       		movsw				; Mov [si] to es:[di] 
Microsoft (R) Macro Assembler  Version 4.00                 3/29/26 15:15:01

                                                            Page     1-14
                                                            

 0357  81 C7 1FFC               		add	di,1FFCh 
 035B  81 FF 8000               		cmp	di,8000h 
 035F  72 04                    		jb	loc_58			; Jump if below 
 0361  81 C7 80A0               		add	di,data_115e 
 0365                           loc_58: 
 0365  81 C6 1FFC               		add	si,1FFCh 
 0369  81 FE 8000               		cmp	si,8000h 
 036D  72 04                    		jb	loc_59			; Jump if below 
 036F  81 C6 80A0               		add	si,data_115e 
 0373                           loc_59: 
 0373  A5                       		movsw				; Mov [si] to es:[di] 
 0374  A5                       		movsw				; Mov [si] to es:[di] 
 0375  81 C7 1FFC               		add	di,1FFCh 
 0379  81 FF 8000               		cmp	di,8000h 
 037D  72 04                    		jb	loc_60			; Jump if below 
 037F  81 C7 80A0               		add	di,data_115e 
 0383                           loc_60: 
 0383  81 C6 1FFC               		add	si,1FFCh 
 0387  81 FE 8000               		cmp	si,8000h 
 038B  72 04                    		jb	loc_61			; Jump if below 
 038D  81 C6 80A0               		add	si,data_115e 
 0391                           loc_61: 
 0391  A5                       		movsw				; Mov [si] to es:[di] 
 0392  A5                       		movsw				; Mov [si] to es:[di] 
 0393  81 C7 1FFC               		add	di,1FFCh 
 0397  81 FF 8000               		cmp	di,8000h 
 039B  72 04                    		jb	loc_62			; Jump if below 
 039D  81 C7 80A0               		add	di,data_115e 
 03A1                           loc_62: 
 03A1  81 C6 1FFC               		add	si,1FFCh 
 03A5  81 FE 8000               		cmp	si,8000h 
 03A9  72 04                    		jb	loc_63			; Jump if below 
 03AB  81 C6 80A0               		add	si,data_115e 
 03AF                           loc_63: 
 03AF  A5                       		movsw				; Mov [si] to es:[di] 
 03B0  A5                       		movsw				; Mov [si] to es:[di] 
 03B1  5B                       		pop	bx 
 03B2  5E                       		pop	si 
 03B3  5F                       		pop	di 
 03B4  1F                       		pop	ds 
 03B5  07                       		pop	es 
                                		retn 
 03B6  C3                     1                 db     0C3h
 03B7                           loc_64: 
 03B7  B8 B800                  		mov	ax,0B800h 
 03BA  8E C0                    		mov	es,ax 
 03BC  33 C0                    		xor	ax,ax			; Zero register 
 03BE  AB                       		stosw				; Store ax to es:[di] 
 03BF  AB                       		stosw				; Store ax to es:[di] 
 03C0  81 C7 1FFC               		add	di,1FFCh 
 03C4  81 FF 8000               		cmp	di,8000h 
 03C8  72 04                    		jb	loc_65			; Jump if below 
 03CA  81 C7 80A0               		add	di,data_115e 
 03CE                           loc_65: 
 03CE  AB                       		stosw				; Store ax to es:[di] 
Microsoft (R) Macro Assembler  Version 4.00                 3/29/26 15:15:01

                                                            Page     1-15
                                                            

 03CF  AB                       		stosw				; Store ax to es:[di] 
 03D0  81 C7 1FFC               		add	di,1FFCh 
 03D4  81 FF 8000               		cmp	di,8000h 
 03D8  72 04                    		jb	loc_66			; Jump if below 
 03DA  81 C7 80A0               		add	di,data_115e 
 03DE                           loc_66: 
 03DE  AB                       		stosw				; Store ax to es:[di] 
 03DF  AB                       		stosw				; Store ax to es:[di] 
 03E0  81 C7 1FFC               		add	di,1FFCh 
 03E4  81 FF 8000               		cmp	di,8000h 
 03E8  72 04                    		jb	loc_67			; Jump if below 
 03EA  81 C7 80A0               		add	di,data_115e 
 03EE                           loc_67: 
 03EE  AB                       		stosw				; Store ax to es:[di] 
 03EF  AB                       		stosw				; Store ax to es:[di] 
 03F0  81 C7 1FFC               		add	di,1FFCh 
 03F4  81 FF 8000               		cmp	di,8000h 
 03F8  72 04                    		jb	loc_68			; Jump if below 
 03FA  81 C7 80A0               		add	di,data_115e 
 03FE                           loc_68: 
 03FE  AB                       		stosw				; Store ax to es:[di] 
 03FF  AB                       		stosw				; Store ax to es:[di] 
 0400  81 C7 1FFC               		add	di,1FFCh 
 0404  81 FF 8000               		cmp	di,8000h 
 0408  72 04                    		jb	loc_69			; Jump if below 
 040A  81 C7 80A0               		add	di,data_115e 
 040E                           loc_69: 
 040E  AB                       		stosw				; Store ax to es:[di] 
 040F  AB                       		stosw				; Store ax to es:[di] 
 0410  81 C7 1FFC               		add	di,1FFCh 
 0414  81 FF 8000               		cmp	di,8000h 
 0418  72 04                    		jb	loc_70			; Jump if below 
 041A  81 C7 80A0               		add	di,data_115e 
 041E                           loc_70: 
 041E  AB                       		stosw				; Store ax to es:[di] 
 041F  AB                       		stosw				; Store ax to es:[di] 
 0420  81 C7 1FFC               		add	di,1FFCh 
 0424  81 FF 8000               		cmp	di,8000h 
 0428  72 04                    		jb	loc_71			; Jump if below 
 042A  81 C7 80A0               		add	di,data_115e 
 042E                           loc_71: 
 042E  AB                       		stosw				; Store ax to es:[di] 
 042F  AB                       		stosw				; Store ax to es:[di] 
 0430  5B                       		pop	bx 
 0431  5E                       		pop	si 
 0432  5F                       		pop	di 
 0433  1F                       		pop	ds 
 0434  07                       		pop	es 
                                		retn 
 0435  C3                     1                 db     0C3h
                                sub_2		endp 
                                 
                                 
                                ;ﬂﬂﬂﬂﬂﬂﬂﬂﬂﬂﬂﬂﬂﬂﬂﬂﬂﬂﬂﬂﬂﬂﬂﬂﬂﬂﬂﬂﬂﬂﬂﬂﬂﬂﬂﬂﬂﬂﬂﬂﬂﬂﬂﬂﬂﬂﬂﬂﬂﬂﬂﬂﬂﬂﬂﬂﬂﬂﬂﬂﬂﬂﬂﬂﬂﬂﬂﬂﬂﬂﬂﬂﬂﬂ 
                                ;                              SUBROUTINE 
Microsoft (R) Macro Assembler  Version 4.00                 3/29/26 15:15:01

                                                            Page     1-16
                                                            

                                ;‹‹‹‹‹‹‹‹‹‹‹‹‹‹‹‹‹‹‹‹‹‹‹‹‹‹‹‹‹‹‹‹‹‹‹‹‹‹‹‹‹‹‹‹‹‹‹‹‹‹‹‹‹‹‹‹‹‹‹‹‹‹‹‹‹‹‹‹‹‹‹‹‹‹ 
                                 
 0436                           sub_3		proc	near 
 0436  80 3E E900 FF            		cmp	byte ptr ds:data_89e,0FFh 
 043B  75 01                    		jne	loc_72			; Jump if not equal 
                                		retn 
 043D  C3                     1                 db     0C3h
 043E                           loc_72: 
 043E  80 3E E900 FC            		cmp	byte ptr ds:data_89e,0FCh 
 0443  75 01                    		jne	loc_73			; Jump if not equal 
                                		retn 
 0445  C3                     1                 db     0C3h
 0446                           loc_73: 
 0446  56                       		push	si 
 0447  53                       		push	bx 
 0448  C6 06 E900 FF            		mov	byte ptr ds:data_89e,0FFh 
 044D  8A 0C                    		mov	cl,[si] 
 044F  83 C6 25                 		add	si,25h 
 0452  E8 16F2 R                		call	sub_41 
 0455  8A 04                    		mov	al,[si] 
 0457  0A C0                    		or	al,al			; Zero ? 
 0459  79 03                    		jns	loc_74			; Jump if not sign 
 045B  E8 084B R                		call	sub_17 
 045E                           loc_74: 
 045E  50                       		push	ax 
 045F  8A C1                    		mov	al,cl 
 0461  E8 0852 R                		call	sub_18 
 0464  83 C6 03                 		add	si,3 
 0467  58                       		pop	ax 
 0468  8A 24                    		mov	ah,[si] 
 046A  BA 41F8                  		mov	dx,41F8h 
 046D  E8 06A1 R                		call	sub_9 
 0470  5B                       		pop	bx 
 0471  5E                       		pop	si 
                                		retn 
 0472  C3                     1                 db     0C3h
                                sub_3		endp 
                                 
                                 
                                ;ﬂﬂﬂﬂﬂﬂﬂﬂﬂﬂﬂﬂﬂﬂﬂﬂﬂﬂﬂﬂﬂﬂﬂﬂﬂﬂﬂﬂﬂﬂﬂﬂﬂﬂﬂﬂﬂﬂﬂﬂﬂﬂﬂﬂﬂﬂﬂﬂﬂﬂﬂﬂﬂﬂﬂﬂﬂﬂﬂﬂﬂﬂﬂﬂﬂﬂﬂﬂﬂﬂﬂﬂﬂﬂ 
                                ;                              SUBROUTINE 
                                ;‹‹‹‹‹‹‹‹‹‹‹‹‹‹‹‹‹‹‹‹‹‹‹‹‹‹‹‹‹‹‹‹‹‹‹‹‹‹‹‹‹‹‹‹‹‹‹‹‹‹‹‹‹‹‹‹‹‹‹‹‹‹‹‹‹‹‹‹‹‹‹‹‹‹ 
                                 
 0473                           sub_4		proc	near 
 0473  56                       		push	si 
 0474  53                       		push	bx 
 0475  8B CB                    		mov	cx,bx 
 0477  8B FB                    		mov	di,bx 
 0479  81 C7 E900               		add	di,data_89e 
 047D  BB 5255                  		mov	bx,data_75e 
 0480  B0 FF                    		mov	al,0FFh 
 0482  86 05                    		xchg	[di],al 
 0484  88 07                    		mov	[bx],al 
 0486  C6 47 01 00              		mov	byte ptr [bx+1],0 
 048A  C6 45 01 FF              		mov	byte ptr [di+1],0FFh 
Microsoft (R) Macro Assembler  Version 4.00                 3/29/26 15:15:01

                                                            Page     1-17
                                                            

 048E  8B D1                    		mov	dx,cx 
 0490  03 D2                    		add	dx,dx 
 0492  03 D2                    		add	dx,dx 
 0494  81 C2 41F8               		add	dx,41F8h 
 0498  8A 0C                    		mov	cl,[si] 
 049A  83 C6 24                 		add	si,24h 
 049D  E8 16F2 R                		call	sub_41 
 04A0  BB 5259                  		mov	bx,data_77e 
 04A3  AD                       		lodsw				; String [si] to ax 
 04A4  89 07                    		mov	[bx],ax 
 04A6  8A C1                    		mov	al,cl 
 04A8  E8 0852 R                		call	sub_18 
 04AB  46                       		inc	si 
 04AC  46                       		inc	si 
 04AD  BF 5259                  		mov	di,data_77e 
 04B0  BD 5255                  		mov	bp,data_75e 
 04B3  E8 0673 R                		call	sub_7 
 04B6  5B                       		pop	bx 
 04B7  5E                       		pop	si 
                                		retn 
 04B8  C3                     1                 db     0C3h
                                sub_4		endp 
                                 
                                 
                                ;ﬂﬂﬂﬂﬂﬂﬂﬂﬂﬂﬂﬂﬂﬂﬂﬂﬂﬂﬂﬂﬂﬂﬂﬂﬂﬂﬂﬂﬂﬂﬂﬂﬂﬂﬂﬂﬂﬂﬂﬂﬂﬂﬂﬂﬂﬂﬂﬂﬂﬂﬂﬂﬂﬂﬂﬂﬂﬂﬂﬂﬂﬂﬂﬂﬂﬂﬂﬂﬂﬂﬂﬂﬂﬂ 
                                ;                              SUBROUTINE 
                                ;‹‹‹‹‹‹‹‹‹‹‹‹‹‹‹‹‹‹‹‹‹‹‹‹‹‹‹‹‹‹‹‹‹‹‹‹‹‹‹‹‹‹‹‹‹‹‹‹‹‹‹‹‹‹‹‹‹‹‹‹‹‹‹‹‹‹‹‹‹‹‹‹‹‹ 
                                 
 04B9                           sub_5		proc	near 
 04B9  80 3E E91B FF            		cmp	byte ptr ds:data_90e,0FFh 
 04BE  75 01                    		jne	loc_75			; Jump if not equal 
                                		retn 
 04C0  C3                     1                 db     0C3h
 04C1                           loc_75: 
 04C1  80 3E E91B FC            		cmp	byte ptr ds:data_90e,0FCh 
 04C6  75 01                    		jne	loc_76			; Jump if not equal 
                                		retn 
 04C8  C3                     1                 db     0C3h
 04C9                           loc_76: 
 04C9  C6 06 E91B FF            		mov	byte ptr ds:data_90e,0FFh 
 04CE  8A 0C                    		mov	cl,[si] 
 04D0  83 C6 24                 		add	si,24h 
 04D3  E8 16F2 R                		call	sub_41 
 04D6  8A 04                    		mov	al,[si] 
 04D8  0A C0                    		or	al,al			; Zero ? 
 04DA  79 03                    		jns	loc_77			; Jump if not sign 
 04DC  E8 084B R                		call	sub_17 
 04DF                           loc_77: 
 04DF  50                       		push	ax 
 04E0  8A C1                    		mov	al,cl 
 04E2  E8 0852 R                		call	sub_18 
 04E5  83 C6 02                 		add	si,2 
 04E8  58                       		pop	ax 
 04E9  8A 24                    		mov	ah,[si] 
 04EB  BA 4264                  		mov	dx,4264h 
Microsoft (R) Macro Assembler  Version 4.00                 3/29/26 15:15:01

                                                            Page     1-18
                                                            

 04EE  E9 06A1 R                		jmp	loc_91 
                                 
                                ;ﬂﬂﬂﬂ External Entry into Subroutine ﬂﬂﬂﬂﬂﬂﬂﬂﬂﬂﬂﬂﬂﬂﬂﬂﬂﬂﬂﬂﬂﬂﬂﬂﬂﬂﬂﬂﬂﬂﬂﬂﬂﬂﬂﬂﬂﬂ 
                                 
 04F1                           sub_6: 
 04F1  56                       		push	si 
 04F2  57                       		push	di 
 04F3  53                       		push	bx 
 04F4  53                       		push	bx 
 04F5  BB 5255                  		mov	bx,data_75e 
 04F8  B0 FF                    		mov	al,0FFh 
 04FA  86 05                    		xchg	[di],al 
 04FC  88 07                    		mov	[bx],al 
 04FE  B0 FF                    		mov	al,0FFh 
 0500  86 45 1C                 		xchg	[di+1Ch],al 
 0503  88 47 01                 		mov	[bx+1],al 
 0506  8A 4C FF                 		mov	cl,[si-1] 
 0509  8A 14                    		mov	dl,[si] 
 050B  83 C6 24                 		add	si,24h 
 050E  E8 16F2 R                		call	sub_41 
 0511  8A 34                    		mov	dh,[si] 
 0513  8A C1                    		mov	al,cl 
 0515  E8 0852 R                		call	sub_18 
 0518  46                       		inc	si 
 0519  8B DA                    		mov	bx,dx 
 051B  5A                       		pop	dx 
 051C  03 D2                    		add	dx,dx 
 051E  03 D2                    		add	dx,dx 
 0520  03 16 5231               		add	dx,ds:data_59e 
 0524  80 3E 5255 FF            		cmp	byte ptr ds:data_75e,0FFh 
 0529  74 1B                    		je	loc_79			; Jump if equal 
 052B  80 3E 5255 FC            		cmp	byte ptr ds:data_75e,0FCh 
 0530  74 14                    		je	loc_79			; Jump if equal 
 0532  8A 24                    		mov	ah,[si] 
 0534  8A C3                    		mov	al,bl 
 0536  53                       		push	bx 
 0537  56                       		push	si 
 0538  52                       		push	dx 
 0539  0A C0                    		or	al,al			; Zero ? 
 053B  79 03                    		jns	loc_78			; Jump if not sign 
 053D  E8 084B R                		call	sub_17 
 0540                           loc_78: 
 0540  E8 06A1 R                		call	sub_9 
 0543  5A                       		pop	dx 
 0544  5E                       		pop	si 
 0545  5B                       		pop	bx 
 0546                           loc_79: 
 0546  81 C2 0140               		add	dx,140h 
 054A  80 3E 5237 01            		cmp	byte ptr ds:data_62e,1 
 054F  74 1F                    		je	loc_81			; Jump if equal 
 0551  80 3E 5256 FF            		cmp	byte ptr ds:data_76e,0FFh 
 0556  74 18                    		je	loc_81			; Jump if equal 
 0558  80 3E 5256 FC            		cmp	byte ptr ds:data_76e,0FCh 
 055D  74 11                    		je	loc_81			; Jump if equal 
 055F  46                       		inc	si 
Microsoft (R) Macro Assembler  Version 4.00                 3/29/26 15:15:01

                                                            Page     1-19
                                                            

 0560  46                       		inc	si 
 0561  AC                       		lodsb				; String [si] to al 
 0562  8A E0                    		mov	ah,al 
 0564  8A C7                    		mov	al,bh 
 0566  0A C0                    		or	al,al			; Zero ? 
 0568  79 03                    		jns	loc_80			; Jump if not sign 
 056A  E8 084B R                		call	sub_17 
 056D                           loc_80: 
 056D  E8 06A1 R                		call	sub_9 
 0570                           loc_81: 
 0570  5B                       		pop	bx 
 0571  5F                       		pop	di 
 0572  5E                       		pop	si 
                                		retn 
 0573  C3                     1                 db     0C3h
 0574                           loc_82: 
 0574  56                       		push	si 
 0575  57                       		push	di 
 0576  53                       		push	bx 
 0577  53                       		push	bx 
 0578  BB 5255                  		mov	bx,data_75e 
 057B  B8 FFFE                  		mov	ax,0FFFEh 
 057E  87 45 FF                 		xchg	[di-1],ax 
 0581  89 07                    		mov	[bx],ax 
 0583  B8 FFFF                  		mov	ax,0FFFFh 
 0586  87 45 1B                 		xchg	[di+1Bh],ax 
 0589  89 47 02                 		mov	[bx+2],ax 
 058C  8A 4C FF                 		mov	cl,[si-1] 
 058F  BB 5259                  		mov	bx,data_77e 
 0592  8A 04                    		mov	al,[si] 
 0594  88 47 01                 		mov	[bx+1],al 
 0597  83 C6 24                 		add	si,24h 
 059A  E8 16F2 R                		call	sub_41 
 059D  8B 44 FF                 		mov	ax,[si-1] 
 05A0  89 47 02                 		mov	[bx+2],ax 
 05A3  5A                       		pop	dx 
 05A4  88 16 5238               		mov	ds:data_63e,dl 
 05A8  A0 5237                  		mov	al,ds:data_62e 
 05AB  F6 D8                    		neg	al 
 05AD  04 12                    		add	al,12h 
 05AF  A2 5239                  		mov	ds:data_64e,al 
 05B2  03 D2                    		add	dx,dx 
 05B4  03 D2                    		add	dx,dx 
 05B6  03 16 5231               		add	dx,ds:data_59e 
 05BA  8A C1                    		mov	al,cl 
 05BC  E8 0852 R                		call	sub_18 
 05BF  BF 5259                  		mov	di,data_77e 
 05C2  88 05                    		mov	[di],al 
 05C4  BD 5255                  		mov	bp,data_75e 
 05C7  E8 0673 R                		call	sub_7 
 05CA  80 3E 5237 01            		cmp	byte ptr ds:data_62e,1 
 05CF  74 18                    		je	loc_83			; Jump if equal 
 05D1  81 C2 0138               		add	dx,138h 
 05D5  E8 0673 R                		call	sub_7 
 05D8  F6 06 FF34 FF            		test	byte ptr ds:data_98e,0FFh 
Microsoft (R) Macro Assembler  Version 4.00                 3/29/26 15:15:01

                                                            Page     1-20
                                                            

 05DD  74 0A                    		jz	loc_83			; Jump if zero 
 05DF  F6 06 FF2F FF            		test	byte ptr ds:data_95e,0FFh 
 05E4  74 03                    		jz	loc_83			; Jump if zero 
 05E6  E8 08A3 R                		call	sub_19 
 05E9                           loc_83: 
 05E9  5B                       		pop	bx 
 05EA  5F                       		pop	di 
 05EB  5E                       		pop	si 
                                		retn 
 05EC  C3                     1                 db     0C3h
 05ED                           loc_84: 
 05ED  56                       		push	si 
 05EE  57                       		push	di 
 05EF  53                       		push	bx 
 05F0  53                       		push	bx 
 05F1  BB 5255                  		mov	bx,data_75e 
 05F4  B0 FE                    		mov	al,0FEh 
 05F6  86 45 FF                 		xchg	[di-1],al 
 05F9  88 07                    		mov	[bx],al 
 05FB  B0 FF                    		mov	al,0FFh 
 05FD  86 45 1B                 		xchg	[di+1Bh],al 
 0600  88 47 01                 		mov	[bx+1],al 
 0603  8A 4C FF                 		mov	cl,[si-1] 
 0606  83 C6 24                 		add	si,24h 
 0609  E8 16F2 R                		call	sub_41 
 060C  8A 54 FF                 		mov	dl,[si-1] 
 060F  8A C1                    		mov	al,cl 
 0611  E8 0852 R                		call	sub_18 
 0614  8A D8                    		mov	bl,al 
 0616  8A FA                    		mov	bh,dl 
 0618  5A                       		pop	dx 
 0619  03 D2                    		add	dx,dx 
 061B  03 D2                    		add	dx,dx 
 061D  03 16 5231               		add	dx,ds:data_59e 
 0621  80 3E 5255 FF            		cmp	byte ptr ds:data_75e,0FFh 
 0626  74 1B                    		je	loc_86			; Jump if equal 
 0628  80 3E 5255 FC            		cmp	byte ptr ds:data_75e,0FCh 
 062D  74 14                    		je	loc_86			; Jump if equal 
 062F  8A 24                    		mov	ah,[si] 
 0631  8A C3                    		mov	al,bl 
 0633  53                       		push	bx 
 0634  56                       		push	si 
 0635  52                       		push	dx 
 0636  0A C0                    		or	al,al			; Zero ? 
 0638  79 03                    		jns	loc_85			; Jump if not sign 
 063A  E8 084B R                		call	sub_17 
 063D                           loc_85: 
 063D  E8 06A1 R                		call	sub_9 
 0640  5A                       		pop	dx 
 0641  5E                       		pop	si 
 0642  5B                       		pop	bx 
 0643                           loc_86: 
 0643  81 C2 0140               		add	dx,140h 
 0647  80 3E 5237 01            		cmp	byte ptr ds:data_62e,1 
 064C  74 1F                    		je	loc_88			; Jump if equal 
Microsoft (R) Macro Assembler  Version 4.00                 3/29/26 15:15:01

                                                            Page     1-21
                                                            

 064E  80 3E 5256 FF            		cmp	byte ptr ds:data_76e,0FFh 
 0653  74 18                    		je	loc_88			; Jump if equal 
 0655  80 3E 5256 FC            		cmp	byte ptr ds:data_76e,0FCh 
 065A  74 11                    		je	loc_88			; Jump if equal 
 065C  46                       		inc	si 
 065D  46                       		inc	si 
 065E  AC                       		lodsb				; String [si] to al 
 065F  8A E0                    		mov	ah,al 
 0661  8A C7                    		mov	al,bh 
 0663  0A C0                    		or	al,al			; Zero ? 
 0665  79 03                    		jns	loc_87			; Jump if not sign 
 0667  E8 084B R                		call	sub_17 
 066A                           loc_87: 
 066A  E8 06A1 R                		call	sub_9 
 066D                           loc_88: 
 066D  5B                       		pop	bx 
 066E  5F                       		pop	di 
 066F  5E                       		pop	si 
 0670  E9 0115 R                		jmp	loc_25 
                                 
                                ;ﬂﬂﬂﬂ External Entry into Subroutine ﬂﬂﬂﬂﬂﬂﬂﬂﬂﬂﬂﬂﬂﬂﬂﬂﬂﬂﬂﬂﬂﬂﬂﬂﬂﬂﬂﬂﬂﬂﬂﬂﬂﬂﬂﬂﬂﬂ 
                                 
 0673                           sub_7: 
 0673  E8 0676 R                		call	sub_8 
                                 
                                ;ﬂﬂﬂﬂ External Entry into Subroutine ﬂﬂﬂﬂﬂﬂﬂﬂﬂﬂﬂﬂﬂﬂﬂﬂﬂﬂﬂﬂﬂﬂﬂﬂﬂﬂﬂﬂﬂﬂﬂﬂﬂﬂﬂﬂﬂﬂ 
                                 
 0676                           sub_8: 
 0676  3E: 80 7E 00 FF          		cmp	byte ptr ds:[bp],0FFh 
 067B  74 1D                    		je	loc_90			; Jump if equal 
 067D  3E: 80 7E 00 FC          		cmp	byte ptr ds:[bp],0FCh 
 0682  74 16                    		je	loc_90			; Jump if equal 
 0684  8A 24                    		mov	ah,[si] 
 0686  8A 05                    		mov	al,[di] 
 0688  0A C0                    		or	al,al			; Zero ? 
 068A  79 03                    		jns	loc_89			; Jump if not sign 
 068C  E8 084B R                		call	sub_17 
 068F                           loc_89: 
 068F  55                       		push	bp 
 0690  56                       		push	si 
 0691  57                       		push	di 
 0692  52                       		push	dx 
 0693  E8 06A1 R                		call	sub_9 
 0696  5A                       		pop	dx 
 0697  5F                       		pop	di 
 0698  5E                       		pop	si 
 0699  5D                       		pop	bp 
 069A                           loc_90: 
 069A  46                       		inc	si 
 069B  47                       		inc	di 
 069C  45                       		inc	bp 
 069D  83 C2 04                 		add	dx,4 
                                		retn 
 06A0  C3                     1                 db     0C3h
                                 
Microsoft (R) Macro Assembler  Version 4.00                 3/29/26 15:15:01

                                                            Page     1-22
                                                            

                                ;ﬂﬂﬂﬂ External Entry into Subroutine ﬂﬂﬂﬂﬂﬂﬂﬂﬂﬂﬂﬂﬂﬂﬂﬂﬂﬂﬂﬂﬂﬂﬂﬂﬂﬂﬂﬂﬂﬂﬂﬂﬂﬂﬂﬂﬂﬂ 
                                 
 06A1                           sub_9: 
 06A1                           loc_91: 
 06A1  06                       		push	es 
 06A2  1E                       		push	ds 
 06A3  8A 1E 523A               		mov	bl,ds:data_65e 
 06A7  0A C0                    		or	al,al			; Zero ? 
 06A9  74 05                    		jz	loc_92			; Jump if zero 
 06AB  78 03                    		js	loc_92			; Jump if sign=1 
 06AD  80 CB 80                 		or	bl,80h 
 06B0                           loc_92: 
 06B0  8A C8                    		mov	cl,al 
 06B2  8A C4                    		mov	al,ah 
 06B4  B5 20                    		mov	ch,20h			; ' ' 
 06B6  F6 E5                    		mul	ch			; ax = reg * al 
 06B8  8B F0                    		mov	si,ax 
 06BA  81 C6 4000               		add	si,data_1e 
 06BE  D1 E8                    		shr	ax,1			; Shift w/zeros fill 
 06C0  D1 E8                    		shr	ax,1			; Shift w/zeros fill 
 06C2  8B E8                    		mov	bp,ax 
 06C4  81 C5 A000               		add	bp,0A000h 
 06C8  2E: 8E 1E FF2C           		mov	ds,cs:data_94e 
 06CD  8B FA                    		mov	di,dx 
 06CF  0E                       		push	cs 
 06D0  07                       		pop	es 
 06D1  8A EB                    		mov	ch,bl 
 06D3  80 E3 7F                 		and	bl,7Fh 
 06D6  32 FF                    		xor	bh,bh			; Zero register 
 06D8  03 DB                    		add	bx,bx 
 06DA  2E: 8B 87 51D2           		mov	ax,cs:data_56e[bx] 
 06DF  2E: A3 522F              		mov	cs:data_57e,ax 
 06E3  8A C1                    		mov	al,cl 
 06E5  0A ED                    		or	ch,ch			; Zero ? 
 06E7  78 18                    		js	loc_93			; Jump if sign=1 
 06E9  57                       		push	di 
 06EA  BF 5682                  		mov	di,5682h 
 06ED  E8 075D R                		call	sub_12 
 06F0  5F                       		pop	di 
 06F1  BE 5682                  		mov	si,data_81e 
 06F4  0E                       		push	cs 
 06F5  1F                       		pop	ds 
 06F6  B8 B800                  		mov	ax,0B800h 
 06F9  8E C0                    		mov	es,ax 
 06FB  E8 07CA R                		call	sub_14 
 06FE  1F                       		pop	ds 
 06FF  07                       		pop	es 
                                		retn 
 0700  C3                     1                 db     0C3h
 0701                           loc_93: 
 0701  57                       		push	di 
 0702  BF 5682                  		mov	di,data_81e 
 0705  E8 0719 R                		call	sub_10 
 0708  5F                       		pop	di 
 0709  BE 5682                  		mov	si,data_81e 
Microsoft (R) Macro Assembler  Version 4.00                 3/29/26 15:15:01

                                                            Page     1-23
                                                            

 070C  0E                       		push	cs 
 070D  1F                       		pop	ds 
 070E  B8 B800                  		mov	ax,0B800h 
 0711  8E C0                    		mov	es,ax 
 0713  E8 07CA R                		call	sub_14 
 0716  1F                       		pop	ds 
 0717  07                       		pop	es 
                                		retn 
 0718  C3                     1                 db     0C3h
                                sub_5		endp 
                                 
                                 
                                ;ﬂﬂﬂﬂﬂﬂﬂﬂﬂﬂﬂﬂﬂﬂﬂﬂﬂﬂﬂﬂﬂﬂﬂﬂﬂﬂﬂﬂﬂﬂﬂﬂﬂﬂﬂﬂﬂﬂﬂﬂﬂﬂﬂﬂﬂﬂﬂﬂﬂﬂﬂﬂﬂﬂﬂﬂﬂﬂﬂﬂﬂﬂﬂﬂﬂﬂﬂﬂﬂﬂﬂﬂﬂﬂ 
                                ;                              SUBROUTINE 
                                ;‹‹‹‹‹‹‹‹‹‹‹‹‹‹‹‹‹‹‹‹‹‹‹‹‹‹‹‹‹‹‹‹‹‹‹‹‹‹‹‹‹‹‹‹‹‹‹‹‹‹‹‹‹‹‹‹‹‹‹‹‹‹‹‹‹‹‹‹‹‹‹‹‹‹ 
                                 
 0719                           sub_10		proc	near 
 0719  55                       		push	bp 
 071A  56                       		push	si 
 071B  57                       		push	di 
 071C  FE C9                    		dec	cl 
 071E  B0 20                    		mov	al,20h			; ' ' 
 0720  F6 E1                    		mul	cl			; ax = reg * al 
 0722  05 8030                  		add	ax,8030h 
 0725  8B F0                    		mov	si,ax 
 0727  E8 083D R                		call	sub_15 
 072A  5F                       		pop	di 
 072B  5E                       		pop	si 
 072C  5D                       		pop	bp 
 072D  EB 00                    		jmp	short $+2		; delay for I/O 
                                 
                                ;ﬂﬂﬂﬂ External Entry into Subroutine ﬂﬂﬂﬂﬂﬂﬂﬂﬂﬂﬂﬂﬂﬂﬂﬂﬂﬂﬂﬂﬂﬂﬂﬂﬂﬂﬂﬂﬂﬂﬂﬂﬂﬂﬂﬂﬂﬂ 
                                 
 072F                           sub_11: 
 072F  B9 0008                  		mov	cx,8 
                                 
 0732                           locloop_94: 
 0732  51                       		push	cx 
 0733  3E: 8A 56 00             		mov	dl,ds:[bp] 
 0737  E8 21A0 R                		call	sub_48 
 073A  26: 21 05                		and	es:[di],ax 
 073D  52                       		push	dx 
 073E  AD                       		lodsw				; String [si] to ax 
 073F  E8 076D R                		call	sub_13 
 0742  26: 09 05                		or	es:[di],ax 
 0745  5A                       		pop	dx 
 0746  E8 21A0 R                		call	sub_48 
 0749  26: 21 45 02             		and	es:[di+2],ax 
 074D  AD                       		lodsw				; String [si] to ax 
 074E  E8 076D R                		call	sub_13 
 0751  26: 09 45 02             		or	es:[di+2],ax 
 0755  45                       		inc	bp 
 0756  83 C7 04                 		add	di,4 
 0759  59                       		pop	cx 
 075A  E2 D6                    		loop	locloop_94		; Loop if cx > 0 
Microsoft (R) Macro Assembler  Version 4.00                 3/29/26 15:15:01

                                                            Page     1-24
                                                            

                                 
                                		retn 
 075C  C3                     1                 db     0C3h
                                sub_10		endp 
                                 
                                 
                                ;ﬂﬂﬂﬂﬂﬂﬂﬂﬂﬂﬂﬂﬂﬂﬂﬂﬂﬂﬂﬂﬂﬂﬂﬂﬂﬂﬂﬂﬂﬂﬂﬂﬂﬂﬂﬂﬂﬂﬂﬂﬂﬂﬂﬂﬂﬂﬂﬂﬂﬂﬂﬂﬂﬂﬂﬂﬂﬂﬂﬂﬂﬂﬂﬂﬂﬂﬂﬂﬂﬂﬂﬂﬂﬂ 
                                ;                              SUBROUTINE 
                                ;‹‹‹‹‹‹‹‹‹‹‹‹‹‹‹‹‹‹‹‹‹‹‹‹‹‹‹‹‹‹‹‹‹‹‹‹‹‹‹‹‹‹‹‹‹‹‹‹‹‹‹‹‹‹‹‹‹‹‹‹‹‹‹‹‹‹‹‹‹‹‹‹‹‹ 
                                 
 075D                           sub_12		proc	near 
 075D  B9 0008                  		mov	cx,8 
                                 
 0760                           locloop_95: 
 0760  AD                       		lodsw				; String [si] to ax 
 0761  E8 076D R                		call	sub_13 
 0764  AB                       		stosw				; Store ax to es:[di] 
 0765  AD                       		lodsw				; String [si] to ax 
 0766  E8 076D R                		call	sub_13 
 0769  AB                       		stosw				; Store ax to es:[di] 
 076A  E2 F4                    		loop	locloop_95		; Loop if cx > 0 
                                 
                                		retn 
 076C  C3                     1                 db     0C3h
                                sub_12		endp 
                                 
                                 
                                ;ﬂﬂﬂﬂﬂﬂﬂﬂﬂﬂﬂﬂﬂﬂﬂﬂﬂﬂﬂﬂﬂﬂﬂﬂﬂﬂﬂﬂﬂﬂﬂﬂﬂﬂﬂﬂﬂﬂﬂﬂﬂﬂﬂﬂﬂﬂﬂﬂﬂﬂﬂﬂﬂﬂﬂﬂﬂﬂﬂﬂﬂﬂﬂﬂﬂﬂﬂﬂﬂﬂﬂﬂﬂﬂ 
                                ;                              SUBROUTINE 
                                ;‹‹‹‹‹‹‹‹‹‹‹‹‹‹‹‹‹‹‹‹‹‹‹‹‹‹‹‹‹‹‹‹‹‹‹‹‹‹‹‹‹‹‹‹‹‹‹‹‹‹‹‹‹‹‹‹‹‹‹‹‹‹‹‹‹‹‹‹‹‹‹‹‹‹ 
                                 
 076D                           sub_13		proc	near 
 076D  8B D8                    		mov	bx,ax 
 076F  D0 EF                    		shr	bh,1			; Shift w/zeros fill 
 0771  D0 EF                    		shr	bh,1			; Shift w/zeros fill 
 0773  D0 EF                    		shr	bh,1			; Shift w/zeros fill 
 0775  D0 EF                    		shr	bh,1			; Shift w/zeros fill 
 0777  8A DF                    		mov	bl,bh 
 0779  32 FF                    		xor	bh,bh			; Zero register 
 077B  2E: 03 1E 522F           		add	bx,cs:data_57e 
 0780  2E: 8A 37                		mov	dh,cs:[bx] 
 0783  02 F6                    		add	dh,dh 
 0785  02 F6                    		add	dh,dh 
 0787  02 F6                    		add	dh,dh 
 0789  02 F6                    		add	dh,dh 
 078B  8B D8                    		mov	bx,ax 
 078D  80 E7 0F                 		and	bh,0Fh 
 0790  8A DF                    		mov	bl,bh 
 0792  32 FF                    		xor	bh,bh			; Zero register 
 0794  2E: 03 1E 522F           		add	bx,cs:data_57e 
 0799  2E: 0A 37                		or	dh,cs:[bx] 
 079C  8B D8                    		mov	bx,ax 
 079E  D0 EB                    		shr	bl,1			; Shift w/zeros fill 
 07A0  D0 EB                    		shr	bl,1			; Shift w/zeros fill 
 07A2  D0 EB                    		shr	bl,1			; Shift w/zeros fill 
Microsoft (R) Macro Assembler  Version 4.00                 3/29/26 15:15:01

                                                            Page     1-25
                                                            

 07A4  D0 EB                    		shr	bl,1			; Shift w/zeros fill 
 07A6  32 FF                    		xor	bh,bh			; Zero register 
 07A8  2E: 03 1E 522F           		add	bx,cs:data_57e 
 07AD  2E: 8A 17                		mov	dl,cs:[bx] 
 07B0  02 D2                    		add	dl,dl 
 07B2  02 D2                    		add	dl,dl 
 07B4  02 D2                    		add	dl,dl 
 07B6  02 D2                    		add	dl,dl 
 07B8  8B D8                    		mov	bx,ax 
 07BA  80 E3 0F                 		and	bl,0Fh 
 07BD  32 FF                    		xor	bh,bh			; Zero register 
 07BF  2E: 03 1E 522F           		add	bx,cs:data_57e 
 07C4  2E: 0A 17                		or	dl,cs:[bx] 
 07C7  8B C2                    		mov	ax,dx 
                                		retn 
 07C9  C3                     1                 db     0C3h
                                sub_13		endp 
                                 
                                 
                                ;ﬂﬂﬂﬂﬂﬂﬂﬂﬂﬂﬂﬂﬂﬂﬂﬂﬂﬂﬂﬂﬂﬂﬂﬂﬂﬂﬂﬂﬂﬂﬂﬂﬂﬂﬂﬂﬂﬂﬂﬂﬂﬂﬂﬂﬂﬂﬂﬂﬂﬂﬂﬂﬂﬂﬂﬂﬂﬂﬂﬂﬂﬂﬂﬂﬂﬂﬂﬂﬂﬂﬂﬂﬂﬂ 
                                ;                              SUBROUTINE 
                                ;‹‹‹‹‹‹‹‹‹‹‹‹‹‹‹‹‹‹‹‹‹‹‹‹‹‹‹‹‹‹‹‹‹‹‹‹‹‹‹‹‹‹‹‹‹‹‹‹‹‹‹‹‹‹‹‹‹‹‹‹‹‹‹‹‹‹‹‹‹‹‹‹‹‹ 
                                 
 07CA                           sub_14		proc	near 
 07CA  A5                       		movsw				; Mov [si] to es:[di] 
 07CB  A5                       		movsw				; Mov [si] to es:[di] 
 07CC  81 C7 1FFC               		add	di,1FFCh 
 07D0  81 FF 8000               		cmp	di,8000h 
 07D4  72 04                    		jb	loc_96			; Jump if below 
 07D6  81 C7 80A0               		add	di,data_115e 
 07DA                           loc_96: 
 07DA  A5                       		movsw				; Mov [si] to es:[di] 
 07DB  A5                       		movsw				; Mov [si] to es:[di] 
 07DC  81 C7 1FFC               		add	di,1FFCh 
 07E0  81 FF 8000               		cmp	di,8000h 
 07E4  72 04                    		jb	loc_97			; Jump if below 
 07E6  81 C7 80A0               		add	di,data_115e 
 07EA                           loc_97: 
 07EA  A5                       		movsw				; Mov [si] to es:[di] 
 07EB  A5                       		movsw				; Mov [si] to es:[di] 
 07EC  81 C7 1FFC               		add	di,1FFCh 
 07F0  81 FF 8000               		cmp	di,8000h 
 07F4  72 04                    		jb	loc_98			; Jump if below 
 07F6  81 C7 80A0               		add	di,data_115e 
 07FA                           loc_98: 
 07FA  A5                       		movsw				; Mov [si] to es:[di] 
 07FB  A5                       		movsw				; Mov [si] to es:[di] 
 07FC  81 C7 1FFC               		add	di,1FFCh 
 0800  81 FF 8000               		cmp	di,8000h 
 0804  72 04                    		jb	loc_99			; Jump if below 
 0806  81 C7 80A0               		add	di,data_115e 
 080A                           loc_99: 
 080A  A5                       		movsw				; Mov [si] to es:[di] 
 080B  A5                       		movsw				; Mov [si] to es:[di] 
 080C  81 C7 1FFC               		add	di,1FFCh 
Microsoft (R) Macro Assembler  Version 4.00                 3/29/26 15:15:01

                                                            Page     1-26
                                                            

 0810  81 FF 8000               		cmp	di,8000h 
 0814  72 04                    		jb	loc_100			; Jump if below 
 0816  81 C7 80A0               		add	di,data_115e 
 081A                           loc_100: 
 081A  A5                       		movsw				; Mov [si] to es:[di] 
 081B  A5                       		movsw				; Mov [si] to es:[di] 
 081C  81 C7 1FFC               		add	di,1FFCh 
 0820  81 FF 8000               		cmp	di,8000h 
 0824  72 04                    		jb	loc_101			; Jump if below 
 0826  81 C7 80A0               		add	di,data_115e 
 082A                           loc_101: 
 082A  A5                       		movsw				; Mov [si] to es:[di] 
 082B  A5                       		movsw				; Mov [si] to es:[di] 
 082C  81 C7 1FFC               		add	di,1FFCh 
 0830  81 FF 8000               		cmp	di,8000h 
 0834  72 04                    		jb	loc_102			; Jump if below 
 0836  81 C7 80A0               		add	di,data_115e 
 083A                           loc_102: 
 083A  A5                       		movsw				; Mov [si] to es:[di] 
 083B  A5                       		movsw				; Mov [si] to es:[di] 
                                		retn 
 083C  C3                     1                 db     0C3h
                                sub_14		endp 
                                 
                                 
                                ;ﬂﬂﬂﬂﬂﬂﬂﬂﬂﬂﬂﬂﬂﬂﬂﬂﬂﬂﬂﬂﬂﬂﬂﬂﬂﬂﬂﬂﬂﬂﬂﬂﬂﬂﬂﬂﬂﬂﬂﬂﬂﬂﬂﬂﬂﬂﬂﬂﬂﬂﬂﬂﬂﬂﬂﬂﬂﬂﬂﬂﬂﬂﬂﬂﬂﬂﬂﬂﬂﬂﬂﬂﬂﬂ 
                                ;                              SUBROUTINE 
                                ;‹‹‹‹‹‹‹‹‹‹‹‹‹‹‹‹‹‹‹‹‹‹‹‹‹‹‹‹‹‹‹‹‹‹‹‹‹‹‹‹‹‹‹‹‹‹‹‹‹‹‹‹‹‹‹‹‹‹‹‹‹‹‹‹‹‹‹‹‹‹‹‹‹‹ 
                                 
 083D                           sub_15		proc	near 
 083D  B9 0010                  		mov	cx,10h 
 0840  F3/ A5                   		rep	movsw			; Rep when cx >0 Mov [si] to es:[di] 
                                		retn 
 0842  C3                     1                 db     0C3h
                                sub_15		endp 
                                 
                                 
                                ;ﬂﬂﬂﬂﬂﬂﬂﬂﬂﬂﬂﬂﬂﬂﬂﬂﬂﬂﬂﬂﬂﬂﬂﬂﬂﬂﬂﬂﬂﬂﬂﬂﬂﬂﬂﬂﬂﬂﬂﬂﬂﬂﬂﬂﬂﬂﬂﬂﬂﬂﬂﬂﬂﬂﬂﬂﬂﬂﬂﬂﬂﬂﬂﬂﬂﬂﬂﬂﬂﬂﬂﬂﬂﬂ 
                                ;                              SUBROUTINE 
                                ;‹‹‹‹‹‹‹‹‹‹‹‹‹‹‹‹‹‹‹‹‹‹‹‹‹‹‹‹‹‹‹‹‹‹‹‹‹‹‹‹‹‹‹‹‹‹‹‹‹‹‹‹‹‹‹‹‹‹‹‹‹‹‹‹‹‹‹‹‹‹‹‹‹‹ 
                                 
 0843                           sub_16		proc	near 
 0843  33 C0                    		xor	ax,ax			; Zero register 
 0845  B9 0010                  		mov	cx,10h 
 0848  F3/ AB                   		rep	stosw			; Rep when cx >0 Store ax to es:[di] 
                                		retn 
 084A  C3                     1                 db     0C3h
                                sub_16		endp 
                                 
                                 
                                ;ﬂﬂﬂﬂﬂﬂﬂﬂﬂﬂﬂﬂﬂﬂﬂﬂﬂﬂﬂﬂﬂﬂﬂﬂﬂﬂﬂﬂﬂﬂﬂﬂﬂﬂﬂﬂﬂﬂﬂﬂﬂﬂﬂﬂﬂﬂﬂﬂﬂﬂﬂﬂﬂﬂﬂﬂﬂﬂﬂﬂﬂﬂﬂﬂﬂﬂﬂﬂﬂﬂﬂﬂﬂﬂ 
                                ;                              SUBROUTINE 
                                ;‹‹‹‹‹‹‹‹‹‹‹‹‹‹‹‹‹‹‹‹‹‹‹‹‹‹‹‹‹‹‹‹‹‹‹‹‹‹‹‹‹‹‹‹‹‹‹‹‹‹‹‹‹‹‹‹‹‹‹‹‹‹‹‹‹‹‹‹‹‹‹‹‹‹ 
                                 
 084B                           sub_17		proc	near 
Microsoft (R) Macro Assembler  Version 4.00                 3/29/26 15:15:01

                                                            Page     1-27
                                                            

 084B  24 7F                    		and	al,7Fh 
 084D  BB ED20                  		mov	bx,data_91e 
 0850  D7                       		xlat				; al=[al+[bx]] table 
                                		retn 
 0851  C3                     1                 db     0C3h
                                sub_17		endp 
                                 
                                 
                                ;ﬂﬂﬂﬂﬂﬂﬂﬂﬂﬂﬂﬂﬂﬂﬂﬂﬂﬂﬂﬂﬂﬂﬂﬂﬂﬂﬂﬂﬂﬂﬂﬂﬂﬂﬂﬂﬂﬂﬂﬂﬂﬂﬂﬂﬂﬂﬂﬂﬂﬂﬂﬂﬂﬂﬂﬂﬂﬂﬂﬂﬂﬂﬂﬂﬂﬂﬂﬂﬂﬂﬂﬂﬂﬂ 
                                ;                              SUBROUTINE 
                                ;‹‹‹‹‹‹‹‹‹‹‹‹‹‹‹‹‹‹‹‹‹‹‹‹‹‹‹‹‹‹‹‹‹‹‹‹‹‹‹‹‹‹‹‹‹‹‹‹‹‹‹‹‹‹‹‹‹‹‹‹‹‹‹‹‹‹‹‹‹‹‹‹‹‹ 
                                 
 0852                           sub_18		proc	near 
 0852  24 7F                    		and	al,7Fh 
 0854  8A D8                    		mov	bl,al 
 0856  32 FF                    		xor	bh,bh			; Zero register 
 0858  8A 8F ED20               		mov	cl,ds:data_91e[bx] 
 085C  B5 10                    		mov	ch,10h 
 085E  F6 E5                    		mul	ch			; ax = reg * al 
 0860  03 06 C010               		add	ax,ds:data_86e 
 0864  8B E8                    		mov	bp,ax 
 0866  3E: 8A 46 06             		mov	al,ds:[bp+6] 
 086A  24 0F                    		and	al,0Fh 
 086C  B5 05                    		mov	ch,5 
 086E  F6 E5                    		mul	ch			; ax = reg * al 
 0870  BE A070                  		mov	si,0A070h 
 0873  3E: F6 46 05 80          		test	byte ptr ds:[bp+5],80h 
 0878  75 03                    		jnz	loc_103			; Jump if not zero 
 087A  BE A030                  		mov	si,data_85e 
 087D                           loc_103: 
 087D  3E: 8A 5E 04             		mov	bl,ds:[bp+4] 
 0881  80 E3 1F                 		and	bl,1Fh 
 0884  02 DB                    		add	bl,bl 
 0886  32 FF                    		xor	bh,bh			; Zero register 
 0888  03 00                    		add	ax,[bx+si] 
 088A  8B F0                    		mov	si,ax 
 088C  AC                       		lodsb				; String [si] to al 
 088D  F6 06 FF34 FF            		test	byte ptr ds:data_98e,0FFh 
 0892  75 09                    		jnz	loc_104			; Jump if not zero 
 0894  3E: F6 46 05 20          		test	byte ptr ds:[bp+5],20h	; ' ' 
 0899  74 02                    		jz	loc_104			; Jump if zero 
 089B  04 03                    		add	al,3 
 089D                           loc_104: 
 089D  A2 523A                  		mov	ds:data_65e,al 
 08A0  8A C1                    		mov	al,cl 
                                		retn 
 08A2  C3                     1                 db     0C3h
                                sub_18		endp 
                                 
                                 
                                ;ﬂﬂﬂﬂﬂﬂﬂﬂﬂﬂﬂﬂﬂﬂﬂﬂﬂﬂﬂﬂﬂﬂﬂﬂﬂﬂﬂﬂﬂﬂﬂﬂﬂﬂﬂﬂﬂﬂﬂﬂﬂﬂﬂﬂﬂﬂﬂﬂﬂﬂﬂﬂﬂﬂﬂﬂﬂﬂﬂﬂﬂﬂﬂﬂﬂﬂﬂﬂﬂﬂﬂﬂﬂﬂ 
                                ;                              SUBROUTINE 
                                ;‹‹‹‹‹‹‹‹‹‹‹‹‹‹‹‹‹‹‹‹‹‹‹‹‹‹‹‹‹‹‹‹‹‹‹‹‹‹‹‹‹‹‹‹‹‹‹‹‹‹‹‹‹‹‹‹‹‹‹‹‹‹‹‹‹‹‹‹‹‹‹‹‹‹ 
                                 
 08A3                           sub_19		proc	near 
Microsoft (R) Macro Assembler  Version 4.00                 3/29/26 15:15:01

                                                            Page     1-28
                                                            

 08A3  80 3E 5239 10            		cmp	byte ptr ds:data_64e,10h 
 08A8  72 01                    		jb	loc_105			; Jump if below 
                                		retn 
 08AA  C3                     1                 db     0C3h
 08AB                           loc_105: 
 08AB  0E                       		push	cs 
 08AC  07                       		pop	es 
 08AD  2E: FF 16 011A           		call	word ptr cs:[11Ah] 
 08B2  24 0F                    		and	al,0Fh 
 08B4  3C 0E                    		cmp	al,0Eh 
 08B6  73 01                    		jae	loc_106			; Jump if above or = 
                                		retn 
 08B8  C3                     1                 db     0C3h
 08B9                           loc_106: 
 08B9  BF EDA0                  		mov	di,data_92e 
 08BC  32 C9                    		xor	cl,cl			; Zero register 
 08BE                           loc_107: 
 08BE  80 3D FF                 		cmp	byte ptr [di],0FFh 
 08C1  74 07                    		je	loc_108			; Jump if equal 
 08C3  83 C7 04                 		add	di,4 
 08C6  FE C1                    		inc	cl 
 08C8  EB F4                    		jmp	short loc_107 
 08CA                           loc_108: 
 08CA  80 F9 20                 		cmp	cl,20h			; ' ' 
 08CD  72 01                    		jb	loc_109			; Jump if below 
                                		retn 
 08CF  C3                     1                 db     0C3h
 08D0                           loc_109: 
 08D0  2E: FF 16 011A           		call	word ptr cs:[11Ah] 
 08D5  24 03                    		and	al,3 
 08D7  3C 03                    		cmp	al,3 
 08D9  74 F5                    		je	loc_109			; Jump if equal 
 08DB  FE C8                    		dec	al 
 08DD  02 06 5238               		add	al,ds:data_63e 
 08E1  3C FF                    		cmp	al,0FFh 
 08E3  75 02                    		jne	loc_110			; Jump if not equal 
 08E5  B0 04                    		mov	al,4 
 08E7                           loc_110: 
 08E7  3C 1B                    		cmp	al,1Bh 
 08E9  72 02                    		jb	loc_111			; Jump if below 
 08EB  B0 1A                    		mov	al,1Ah 
 08ED                           loc_111: 
 08ED  AA                       		stosb				; Store al to es:[di] 
 08EE                           loc_112: 
 08EE  2E: FF 16 011A           		call	word ptr cs:[11Ah] 
 08F3  24 03                    		and	al,3 
 08F5  3C 03                    		cmp	al,3 
 08F7  74 F5                    		je	loc_112			; Jump if equal 
 08F9  FE C8                    		dec	al 
 08FB  02 06 5239               		add	al,ds:data_64e 
 08FF  3C FF                    		cmp	al,0FFh 
 0901  75 02                    		jne	loc_113			; Jump if not equal 
 0903  32 C0                    		xor	al,al			; Zero register 
 0905                           loc_113: 
 0905  AA                       		stosb				; Store al to es:[di] 
Microsoft (R) Macro Assembler  Version 4.00                 3/29/26 15:15:01

                                                            Page     1-29
                                                            

 0906  B0 03                    		mov	al,3 
 0908  AA                       		stosb				; Store al to es:[di] 
 0909  2E: FF 16 011A           		call	word ptr cs:[11Ah] 
 090E  24 07                    		and	al,7 
 0910  BB 3915                  		mov	bx,data_50e 
 0913  D7                       		xlat				; al=[al+[bx]] table 
 0914  AA                       		stosb				; Store al to es:[di] 
 0915  B0 FF                    		mov	al,0FFh 
 0917  AA                       		stosb				; Store al to es:[di] 
                                		retn 
 0918  C3                     1                 db     0C3h
                                sub_19		endp 
                                 
                                			                        ;* No entry point to code 
 0919  EE                       		out	dx,al			; port 0, DMA-1 bas&add ch 0 
 091A  44                       		inc	sp 
 091B  55                       		push	bp 
 091C  66 CC DD EE CC 0E        		db	 66h,0CCh,0DDh,0EEh,0CCh, 0Eh 
 0922  07 BF A0 ED 8B F7        		db	 07h,0BFh,0A0h,0EDh, 8Bh,0F7h 
 0928                           loc_114: 
 0928  80 3C FF                 		cmp	byte ptr [si],0FFh 
 092B  75 04                    		jne	loc_115			; Jump if not equal 
 092D  C6 05 FF                 		mov	byte ptr [di],0FFh 
                                		retn 
 0930  C3                     1                 db     0C3h
 0931                           loc_115: 
 0931  8A 44 01                 		mov	al,[si+1] 
 0934  B1 1C                    		mov	cl,1Ch 
 0936  F6 E1                    		mul	cl			; ax = reg * al 
 0938  8A 0C                    		mov	cl,[si] 
 093A  32 ED                    		xor	ch,ch			; Zero register 
 093C  03 C1                    		add	ax,cx 
 093E  57                       		push	di 
 093F  05 E900                  		add	ax,0E900h 
 0942  8B F8                    		mov	di,ax 
 0944  B0 FE                    		mov	al,0FEh 
 0946  AA                       		stosb				; Store al to es:[di] 
 0947  AA                       		stosb				; Store al to es:[di] 
 0948  83 C7 1A                 		add	di,1Ah 
 094B  AA                       		stosb				; Store al to es:[di] 
 094C  AA                       		stosb				; Store al to es:[di] 
 094D  5F                       		pop	di 
 094E  8A 64 01                 		mov	ah,[si+1] 
 0951  32 C0                    		xor	al,al			; Zero register 
 0953  8B D8                    		mov	bx,ax 
 0955  03 C0                    		add	ax,ax 
 0957  D1 EB                    		shr	bx,1			; Shift w/zeros fill 
 0959  03 C3                    		add	ax,bx 
 095B  D1 E8                    		shr	ax,1			; Shift w/zeros fill 
 095D  8A 0C                    		mov	cl,[si] 
 095F  32 ED                    		xor	ch,ch			; Zero register 
 0961  03 C9                    		add	cx,cx 
 0963  03 C9                    		add	cx,cx 
 0965  03 C1                    		add	ax,cx 
 0967  05 41F8                  		add	ax,41F8h 
Microsoft (R) Macro Assembler  Version 4.00                 3/29/26 15:15:01

                                                            Page     1-30
                                                            

 096A  56                       		push	si 
 096B  57                       		push	di 
 096C  06                       		push	es 
 096D  50                       		push	ax 
 096E  8A 44 03                 		mov	al,[si+3] 
 0971  8A E0                    		mov	ah,al 
 0973  A3 523B                  		mov	ds:data_66e,ax 
 0976  8A 5C 02                 		mov	bl,[si+2] 
 0979  80 E3 03                 		and	bl,3 
 097C  02 DB                    		add	bl,bl 
 097E  32 FF                    		xor	bh,bh			; Zero register 
 0980  8B B7 39E8               		mov	si,ds:data_51e[bx] 
 0984  5F                       		pop	di 
 0985  B8 B800                  		mov	ax,0B800h 
 0988  8E C0                    		mov	es,ax 
 098A  B9 0010                  		mov	cx,10h 
                                 
 098D                           locloop_116: 
 098D  AD                       		lodsw				; String [si] to ax 
 098E  86 E0                    		xchg	ah,al 
 0990  E8 11D3 R                		call	sub_27 
 0993  F7 D5                    		not	bp 
 0995  26: 21 2D                		and	es:[di],bp 
 0998  26: 09 15                		or	es:[di],dx 
 099B  E8 11D3 R                		call	sub_27 
 099E  F7 D5                    		not	bp 
 09A0  26: 21 6D 02             		and	es:[di+2],bp 
 09A4  26: 09 55 02             		or	es:[di+2],dx 
 09A8  AD                       		lodsw				; String [si] to ax 
 09A9  86 E0                    		xchg	ah,al 
 09AB  E8 11D3 R                		call	sub_27 
 09AE  F7 D5                    		not	bp 
 09B0  26: 21 6D 04             		and	es:[di+4],bp 
 09B4  26: 09 55 04             		or	es:[di+4],dx 
 09B8  E8 11D3 R                		call	sub_27 
 09BB  F7 D5                    		not	bp 
 09BD  26: 21 6D 06             		and	es:[di+6],bp 
 09C1  26: 09 55 06             		or	es:[di+6],dx 
 09C5  81 C7 2000               		add	di,2000h 
 09C9  81 FF 8000               		cmp	di,8000h 
 09CD  72 04                    		jb	loc_117			; Jump if below 
 09CF  81 C7 80A0               		add	di,data_84e 
 09D3                           loc_117: 
 09D3  E2 B8                    		loop	locloop_116		; Loop if cx > 0 
                                 
 09D5  07                       		pop	es 
 09D6  5F                       		pop	di 
 09D7  5E                       		pop	si 
 09D8  FE 4C 02                 		dec	byte ptr [si+2] 
 09DB  80 7C 02 FF              		cmp	byte ptr [si+2],0FFh 
 09DF  74 05                    		je	loc_118			; Jump if equal 
 09E1  A5                       		movsw				; Mov [si] to es:[di] 
 09E2  A5                       		movsw				; Mov [si] to es:[di] 
 09E3  83 EE 04                 		sub	si,4 
 09E6                           loc_118: 
Microsoft (R) Macro Assembler  Version 4.00                 3/29/26 15:15:01

                                                            Page     1-31
                                                            

 09E6  83 C6 04                 		add	si,4 
 09E9  E9 0928 R                		jmp	loc_114 
                                			                        ;* No entry point to code 
 09EC  B0 3A                    		mov	al,3Ah			; ':' 
                                ;*		jo	loc_119			;*Jump if overflow=1 
 09EE  70 3A                    		db	 70h, 3Ah		;  Fixup - byte match 
 09F0  30 3A                    		xor	[bp+si],bh 
 09F2  F0/ 39 00                                           lock	cmp	[bx+si],ax 
 09F5  0010[                    		db	16 dup (0) 
            00                  
                         ]      
                                
 0A05  0F F0 00 00 3F FC        		db	 0Fh,0F0h, 00h, 00h, 3Fh,0FCh 
 0A0B  00 00 FC 3F 00 00        		db	 00h, 00h,0FCh, 3Fh, 00h, 00h 
 0A11  F0 0F 00 00 F0 0F        		db	0F0h, 0Fh, 00h, 00h,0F0h, 0Fh 
 0A17  00 00 FC 3F 00 00        		db	 00h, 00h,0FCh, 3Fh, 00h, 00h 
 0A1D  3F FC 00 00 0F F0        		db	 3Fh,0FCh, 00h, 00h, 0Fh,0F0h 
 0A23  001A[                    		db	26 dup (0) 
            00                  
                         ]      
                                
 0A3D  0F F0 00 00 3F FC        		db	 0Fh,0F0h, 00h, 00h, 3Fh,0FCh 
 0A43  00 00 FF FF 00 00        		db	 00h, 00h,0FFh,0FFh, 00h, 00h 
 0A49  FC 3F 00 03 F0 0F        		db	0FCh, 3Fh, 00h, 03h,0F0h, 0Fh 
 0A4F  C0 03 C0 03 C0 03        		db	0C0h, 03h,0C0h, 03h,0C0h, 03h 
 0A55  C0 03 C0 03 F0 0F        		db	0C0h, 03h,0C0h, 03h,0F0h, 0Fh 
 0A5B  C0 00 FC 3F 00 00        		db	0C0h, 00h,0FCh, 3Fh, 00h, 00h 
 0A61  FF FF 00 00 3F FC        		db	0FFh,0FFh, 00h, 00h, 3Fh,0FCh 
 0A67  00 00 0F F0              		db	 00h, 00h, 0Fh,0F0h 
 0A6B  000A[                    		db	10 dup (0) 
            00                  
                         ]      
                                
 0A75  0F F0 00 00 FF FF        		db	 0Fh,0F0h, 00h, 00h,0FFh,0FFh 
 0A7B  00 03 FF FF C0 0F        		db	 00h, 03h,0FFh,0FFh,0C0h, 0Fh 
 0A81  FF FF F0 3F F0 0F        		db	0FFh,0FFh,0F0h, 3Fh,0F0h, 0Fh 
 0A87  FC 3F C0 03 FC FF        		db	0FCh, 3Fh,0C0h, 03h,0FCh,0FFh 
 0A8D  00 00 FF FF 00 00        		db	 00h, 00h,0FFh,0FFh, 00h, 00h 
 0A93  FF FF 00 00 FF FF        		db	0FFh,0FFh, 00h, 00h,0FFh,0FFh 
 0A99  00 00 FF 3F C0 03        		db	 00h, 00h,0FFh, 3Fh,0C0h, 03h 
 0A9F  FC 3F F0 0F FC 0F        		db	0FCh, 3Fh,0F0h, 0Fh,0FCh, 0Fh 
 0AA5  FF FF F0 03 FF FF        		db	0FFh,0FFh,0F0h, 03h,0FFh,0FFh 
 0AAB  C0 00 FF FF 00 00        		db	0C0h, 00h,0FFh,0FFh, 00h, 00h 
 0AB1  0F F0 00 00 3F FC        		db	 0Fh,0F0h, 00h, 00h, 3Fh,0FCh 
 0AB7  00 03 FF FF C0 0F        		db	 00h, 03h,0FFh,0FFh,0C0h, 0Fh 
 0ABD  C0 03 F0 3F 00 00        		db	0C0h, 03h,0F0h, 3Fh, 00h, 00h 
 0AC3  FC 3C 00 00 3C FC        		db	0FCh, 3Ch, 00h, 00h, 3Ch,0FCh 
 0AC9  00 00 3F F0 00 00        		db	 00h, 00h, 3Fh,0F0h, 00h, 00h 
 0ACF  0F F0 00 00 0F F0        		db	 0Fh,0F0h, 00h, 00h, 0Fh,0F0h 
 0AD5  00 00 0F F0 00 00        		db	 00h, 00h, 0Fh,0F0h, 00h, 00h 
 0ADB  0F FC 00 00 3F 3C        		db	 0Fh,0FCh, 00h, 00h, 3Fh, 3Ch 
 0AE1  00 00 3C 3F 00 00        		db	 00h, 00h, 3Ch, 3Fh, 00h, 00h 
 0AE7  FC 0F C0 03 F0 03        		db	0FCh, 0Fh,0C0h, 03h,0F0h, 03h 
 0AED  FF FF C0 00 3F FC        		db	0FFh,0FFh,0C0h, 00h, 3Fh,0FCh 
 0AF3  00 BF 59 52 0E 07        		db	 00h,0BFh, 59h, 52h, 0Eh, 07h 
Microsoft (R) Macro Assembler  Version 4.00                 3/29/26 15:15:01

                                                            Page     1-32
                                                            

 0AF9  33 C0 AB AB AB AB        		db	 33h,0C0h,0ABh,0ABh,0ABh,0ABh 
 0AFF  AA BF 45 52 B9 08        		db	0AAh,0BFh, 45h, 52h,0B9h, 08h 
 0B05  00 F3 AB EB 3C E8        		db	 00h,0F3h,0ABh,0EBh, 3Ch,0E8h 
 0B0B  0E 04 BF 45 52 8A        		db	 0Eh, 04h,0BFh, 45h, 52h, 8Ah 
 0B11  16 35 FF FE CA B9        		db	 16h, 35h,0FFh,0FEh,0CAh,0B9h 
 0B17  04 00                    		db	 04h, 00h 
                                 
 0B19                           locloop_120: 
 0B19  51                       		push	cx 
 0B1A  80 E2 3F                 		and	dl,3Fh			; '?' 
 0B1D  B0 24                    		mov	al,24h			; '$' 
 0B1F  F6 E2                    		mul	dl			; ax = reg * al 
 0B21  8B D8                    		mov	bx,ax 
 0B23  81 C3 E000               		add	bx,data_88e 
 0B27  A0 0083                  		mov	al,byte ptr ds:[83h] 
 0B2A  04 03                    		add	al,3 
 0B2C  32 E4                    		xor	ah,ah			; Zero register 
 0B2E  03 D8                    		add	bx,ax 
 0B30  B9 0004                  		mov	cx,4 
                                 
 0B33                           locloop_121: 
 0B33  8A 07                    		mov	al,[bx] 
 0B35  0A C0                    		or	al,al			; Zero ? 
 0B37  78 02                    		js	loc_122			; Jump if sign=1 
 0B39  32 C0                    		xor	al,al			; Zero register 
 0B3B                           loc_122: 
 0B3B  88 05                    		mov	[di],al 
 0B3D  43                       		inc	bx 
 0B3E  47                       		inc	di 
 0B3F  E2 F2                    		loop	locloop_121		; Loop if cx > 0 
                                 
 0B41  FE C2                    		inc	dl 
 0B43  59                       		pop	cx 
 0B44  E2 D3                    		loop	locloop_120		; Loop if cx > 0 
                                 
 0B46  A0 0084                  		mov	al,byte ptr ds:[84h] 
 0B49  32 E4                    		xor	ah,ah			; Zero register 
 0B4B  B9 0140                  		mov	cx,140h 
 0B4E  F7 E1                    		mul	cx			; dx:ax = reg * ax 
 0B50  8A 0E 0083               		mov	cl,byte ptr ds:[83h] 
 0B54  32 ED                    		xor	ch,ch			; Zero register 
 0B56  03 C9                    		add	cx,cx 
 0B58  03 C9                    		add	cx,cx 
 0B5A  03 C1                    		add	ax,cx 
 0B5C  05 41F8                  		add	ax,41F8h 
 0B5F  A3 5233                  		mov	ds:data_60e,ax 
 0B62  C6 06 5238 00            		mov	byte ptr ds:data_63e,0 
 0B67  BE 5259                  		mov	si,5259h 
 0B6A  BF 5245                  		mov	di,data_74e 
 0B6D  B9 0003                  		mov	cx,3 
                                 
 0B70                           locloop_123: 
 0B70  51                       		push	cx 
 0B71  B9 0003                  		mov	cx,3 
                                 
Microsoft (R) Macro Assembler  Version 4.00                 3/29/26 15:15:01

                                                            Page     1-33
                                                            

 0B74                           locloop_124: 
 0B74  51                       		push	cx 
 0B75  B8 3BD3                  		mov	ax,3BD3h 
 0B78  50                       		push	ax 
 0B79  8A 05                    		mov	al,[di] 
 0B7B  0A 45 01                 		or	al,[di+1] 
 0B7E  0A 45 04                 		or	al,[di+4] 
 0B81  0A 45 05                 		or	al,[di+5] 
 0B84  75 03                    		jnz	loc_125			; Jump if not zero 
 0B86  E9 0E83 R                		jmp	loc_162 
 0B89                           loc_125: 
 0B89  F6 05 FF                 		test	byte ptr [di],0FFh 
 0B8C  74 0F                    		jz	loc_126			; Jump if zero 
 0B8E  8A 05                    		mov	al,[di] 
 0B90  56                       		push	si 
 0B91  E8 0852 R                		call	sub_18 
 0B94  46                       		inc	si 
 0B95  46                       		inc	si 
 0B96  46                       		inc	si 
 0B97  8A 04                    		mov	al,[si] 
 0B99  5E                       		pop	si 
 0B9A  E9 0EBB R                		jmp	loc_164 
 0B9D                           loc_126: 
 0B9D  F6 45 01 FF              		test	byte ptr [di+1],0FFh 
 0BA1  74 0F                    		jz	loc_127			; Jump if zero 
 0BA3  8A 45 01                 		mov	al,[di+1] 
 0BA6  56                       		push	si 
 0BA7  E8 0852 R                		call	sub_18 
 0BAA  46                       		inc	si 
 0BAB  46                       		inc	si 
 0BAC  8A 04                    		mov	al,[si] 
 0BAE  5E                       		pop	si 
 0BAF  E9 0EBB R                		jmp	loc_164 
 0BB2                           loc_127: 
 0BB2  F6 45 04 FF              		test	byte ptr [di+4],0FFh 
 0BB6  74 0E                    		jz	loc_128			; Jump if zero 
 0BB8  8A 45 04                 		mov	al,[di+4] 
 0BBB  56                       		push	si 
 0BBC  E8 0852 R                		call	sub_18 
 0BBF  46                       		inc	si 
 0BC0  8A 04                    		mov	al,[si] 
 0BC2  5E                       		pop	si 
 0BC3  E9 0EBB R                		jmp	loc_164 
 0BC6                           loc_128: 
 0BC6  8A 45 05                 		mov	al,[di+5] 
 0BC9  56                       		push	si 
 0BCA  E8 0852 R                		call	sub_18 
 0BCD  8A 0C                    		mov	cl,[si] 
 0BCF  5E                       		pop	si 
 0BD0  88 04                    		mov	[si],al 
 0BD2  8A C1                    		mov	al,cl 
 0BD4  E9 0EBB R                		jmp	loc_164 
                                			                        ;* No entry point to code 
 0BD7  FE 06 5238               		inc	byte ptr ds:data_63e 
 0BDB  47                       		inc	di 
Microsoft (R) Macro Assembler  Version 4.00                 3/29/26 15:15:01

                                                            Page     1-34
                                                            

 0BDC  46                       		inc	si 
 0BDD  59                       		pop	cx 
 0BDE  E2 94                    		loop	locloop_124		; Loop if cx > 0 
                                 
 0BE0  59                       		pop	cx 
 0BE1  47                       		inc	di 
 0BE2  E2 8C                    		loop	locloop_123		; Loop if cx > 0 
                                 
 0BE4  8A 1E FF36               		mov	bl,ds:data_99e 
 0BE8  80 E3 03                 		and	bl,3 
 0BEB  32 FF                    		xor	bh,bh			; Zero register 
 0BED  03 DB                    		add	bx,bx 
 0BEF  2E: 8B 87 51D2           		mov	ax,cs:data_56e[bx] 
 0BF4  2E: A3 522F              		mov	cs:data_57e,ax 
 0BF8  2E: 8E 06 FF2C           		mov	es,cs:data_94e 
 0BFD  A0 00E8                  		mov	al,byte ptr ds:[0E8h] 
 0C00  0A 06 FF39               		or	al,ds:data_102e 
 0C04  0A 06 FF3A               		or	al,ds:data_103e 
 0C08  74 03                    		jz	loc_129			; Jump if zero 
 0C0A  E9 0CCF R                		jmp	loc_139 
 0C0D                           loc_129: 
 0C0D  B1 FF                    		mov	cl,0FFh 
 0C0F  BE 6117                  		mov	si,6117h 
 0C12  F6 06 00C2 01            		test	byte ptr ds:[0C2h],1 
 0C17  74 05                    		jz	loc_130			; Jump if zero 
 0C19  32 C9                    		xor	cl,cl			; Zero register 
 0C1B  BE 61B9                  		mov	si,61B9h 
 0C1E                           loc_130: 
 0C1E  F6 06 FF40 FF            		test	byte ptr ds:data_106e,0FFh 
 0C23  74 42                    		jz	loc_134			; Jump if zero 
 0C25  FE C1                    		inc	cl 
 0C27  75 1A                    		jnz	loc_131			; Jump if not zero 
 0C29  A0 FF3F                  		mov	al,ds:data_105e 
 0C2C  D0 E8                    		shr	al,1			; Shift w/zeros fill 
 0C2E  B1 09                    		mov	cl,9 
 0C30  F6 E1                    		mul	cl			; ax = reg * al 
 0C32  50                       		push	ax 
 0C33  E8 0E71 R                		call	sub_21 
 0C36  B1 24                    		mov	cl,24h			; '$' 
 0C38  F6 E1                    		mul	cl			; ax = reg * al 
 0C3A  5E                       		pop	si 
 0C3B  03 F0                    		add	si,ax 
 0C3D  81 C6 62C7               		add	si,62C7h 
 0C41  EB 6D                    		jmp	short loc_137 
 0C43                           loc_131: 
 0C43  A0 FF3F                  		mov	al,ds:data_105e 
 0C46  D0 E8                    		shr	al,1			; Shift w/zeros fill 
 0C48  B1 09                    		mov	cl,9 
 0C4A  F6 E1                    		mul	cl			; ax = reg * al 
 0C4C  05 0024                  		add	ax,24h 
 0C4F  8A 16 FF41               		mov	dl,ds:data_107e 
 0C53  FE CA                    		dec	dl 
 0C55  75 05                    		jnz	loc_132			; Jump if not zero 
 0C57  05 0024                  		add	ax,24h 
 0C5A  EB 07                    		jmp	short loc_133 
Microsoft (R) Macro Assembler  Version 4.00                 3/29/26 15:15:01

                                                            Page     1-35
                                                            

 0C5C                           loc_132: 
 0C5C  FE CA                    		dec	dl 
 0C5E  75 03                    		jnz	loc_133			; Jump if not zero 
 0C60  B8 0063                  		mov	ax,63h 
 0C63                           loc_133: 
 0C63  03 F0                    		add	si,ax 
 0C65  EB 49                    		jmp	short loc_137 
 0C67                           loc_134: 
 0C67  E8 0E71 R                		call	sub_21 
 0C6A  0A C0                    		or	al,al			; Zero ? 
 0C6C  74 24                    		jz	loc_136			; Jump if zero 
 0C6E  FE C8                    		dec	al 
 0C70  8A C8                    		mov	cl,al 
 0C72  F6 06 00C2 01            		test	byte ptr ds:[0C2h],1 
 0C77  75 19                    		jnz	loc_136			; Jump if not zero 
 0C79  B8 006C                  		mov	ax,6Ch 
 0C7C  8A 16 FF38               		mov	dl,ds:data_101e 
 0C80  80 E2 09                 		and	dl,9 
 0C83  32 F6                    		xor	dh,dh			; Zero register 
 0C85  03 C2                    		add	ax,dx 
 0C87  0A C9                    		or	cl,cl			; Zero ? 
 0C89  74 03                    		jz	loc_135			; Jump if zero 
 0C8B  05 001B                  		add	ax,1Bh 
 0C8E                           loc_135: 
 0C8E  03 F0                    		add	si,ax 
 0C90  EB 1E                    		jmp	short loc_137 
 0C92                           loc_136: 
 0C92  F6 06 FF38 FF            		test	byte ptr ds:data_101e,0FFh 
 0C97  75 36                    		jnz	loc_139			; Jump if not zero 
 0C99  A0 00E7                  		mov	al,byte ptr ds:[0E7h] 
 0C9C  3C 80                    		cmp	al,80h 
 0C9E  74 2F                    		je	loc_139			; Jump if equal 
 0CA0  04 02                    		add	al,2 
 0CA2  24 03                    		and	al,3 
 0CA4  A8 01                    		test	al,1 
 0CA6  75 27                    		jnz	loc_139			; Jump if not zero 
 0CA8  B1 09                    		mov	cl,9 
 0CAA  F6 E1                    		mul	cl			; ax = reg * al 
 0CAC  03 F0                    		add	si,ax 
 0CAE  EB 14                    		jmp	short loc_138 
 0CB0                           loc_137: 
 0CB0  F6 06 FF38 FF            		test	byte ptr ds:data_101e,0FFh 
 0CB5  74 0D                    		jz	loc_138			; Jump if zero 
 0CB7  B9 0006                  		mov	cx,6 
 0CBA  C6 06 5238 03            		mov	byte ptr ds:data_63e,3 
 0CBF  E8 0E2B R                		call	sub_20 
 0CC2  EB 0B                    		jmp	short loc_139 
 0CC4                           loc_138: 
 0CC4  B9 0009                  		mov	cx,9 
 0CC7  C6 06 5238 00            		mov	byte ptr ds:data_63e,0 
 0CCC  E8 0E2B R                		call	sub_20 
 0CCF                           loc_139: 
 0CCF  BE 610E                  		mov	si,610Eh 
 0CD2  F6 06 FF3A FF            		test	byte ptr ds:data_103e,0FFh 
 0CD7  75 68                    		jnz	loc_144			; Jump if not zero 
Microsoft (R) Macro Assembler  Version 4.00                 3/29/26 15:15:01

                                                            Page     1-36
                                                            

 0CD9  BE 60EA                  		mov	si,60EAh 
 0CDC  F6 06 FF39 FF            		test	byte ptr ds:data_102e,0FFh 
 0CE1  75 53                    		jnz	loc_142			; Jump if not zero 
 0CE3  BE 6075                  		mov	si,6075h 
 0CE6  F6 06 00C2 01            		test	byte ptr ds:[0C2h],1 
 0CEB  75 03                    		jnz	loc_140			; Jump if not zero 
 0CED  BE 6000                  		mov	si,data_2e 
 0CF0                           loc_140: 
 0CF0  F6 06 00E8 FF            		test	byte ptr ds:[0E8h],0FFh 
 0CF5  74 05                    		jz	loc_141			; Jump if zero 
 0CF7  83 C6 5A                 		add	si,5Ah 
 0CFA  EB 3A                    		jmp	short loc_142 
 0CFC                           loc_141: 
 0CFC  B8 002D                  		mov	ax,2Dh 
 0CFF  F6 06 FF38 FF            		test	byte ptr ds:data_101e,0FFh 
 0D04  75 39                    		jnz	loc_143			; Jump if not zero 
 0D06  B8 003F                  		mov	ax,3Fh 
 0D09  F6 06 FF3D 80            		test	byte ptr ds:data_104e,80h 
 0D0E  75 2F                    		jnz	loc_143			; Jump if not zero 
 0D10  8A 0E FF42               		mov	cl,ds:data_108e 
 0D14  B8 0048                  		mov	ax,48h 
 0D17  FE C9                    		dec	cl 
 0D19  74 24                    		jz	loc_143			; Jump if zero 
 0D1B  B8 0051                  		mov	ax,51h 
 0D1E  FE C9                    		dec	cl 
 0D20  74 1D                    		jz	loc_143			; Jump if zero 
 0D22  B8 0036                  		mov	ax,36h 
 0D25  80 3E FF3D 7F            		cmp	byte ptr ds:data_104e,7Fh 
 0D2A  74 13                    		je	loc_143			; Jump if equal 
 0D2C  B8 0024                  		mov	ax,24h 
 0D2F  80 3E 00E7 80            		cmp	byte ptr ds:[0E7h],80h 
 0D34  74 09                    		je	loc_143			; Jump if equal 
 0D36                           loc_142: 
 0D36  A0 00E7                  		mov	al,byte ptr ds:[0E7h] 
 0D39  24 03                    		and	al,3 
 0D3B  B1 09                    		mov	cl,9 
 0D3D  F6 E1                    		mul	cl			; ax = reg * al 
 0D3F                           loc_143: 
 0D3F  03 F0                    		add	si,ax 
 0D41                           loc_144: 
 0D41  B9 0009                  		mov	cx,9 
 0D44  C6 06 5238 00            		mov	byte ptr ds:data_63e,0 
 0D49  E8 0E2B R                		call	sub_20 
 0D4C  F6 06 00E8 FF            		test	byte ptr ds:[0E8h],0FFh 
 0D51  74 01                    		jz	loc_145			; Jump if zero 
                                		retn 
 0D53  C3                     1                 db     0C3h
 0D54                           loc_145: 
 0D54  B1 FF                    		mov	cl,0FFh 
 0D56  BE 61B9                  		mov	si,61B9h 
 0D59  F6 06 00C2 01            		test	byte ptr ds:[0C2h],1 
 0D5E  75 05                    		jnz	loc_146			; Jump if not zero 
 0D60  32 C9                    		xor	cl,cl			; Zero register 
 0D62  BE 6117                  		mov	si,6117h 
 0D65                           loc_146: 
Microsoft (R) Macro Assembler  Version 4.00                 3/29/26 15:15:01

                                                            Page     1-37
                                                            

 0D65  A0 FF39                  		mov	al,ds:data_102e 
 0D68  0A 06 FF3A               		or	al,ds:data_103e 
 0D6C  74 17                    		jz	loc_148			; Jump if zero 
 0D6E  E8 0E71 R                		call	sub_21 
 0D71  0A C0                    		or	al,al			; Zero ? 
 0D73  75 01                    		jnz	loc_147			; Jump if not zero 
                                		retn 
 0D75  C3                     1                 db     0C3h
 0D76                           loc_147: 
 0D76  FE C8                    		dec	al 
 0D78  D0 E8                    		shr	al,1			; Shift w/zeros fill 
 0D7A  1A C0                    		sbb	al,al 
 0D7C  24 1B                    		and	al,1Bh 
 0D7E  04 7E                    		add	al,7Eh			; '~' 
 0D80  32 E4                    		xor	ah,ah			; Zero register 
 0D82  E9 0E0E R                		jmp	loc_155 
 0D85                           loc_148: 
 0D85  F6 06 FF40 FF            		test	byte ptr ds:data_106e,0FFh 
 0D8A  74 42                    		jz	loc_152			; Jump if zero 
 0D8C  FE C1                    		inc	cl 
 0D8E  75 1A                    		jnz	loc_149			; Jump if not zero 
 0D90  A0 FF3F                  		mov	al,ds:data_105e 
 0D93  D0 E8                    		shr	al,1			; Shift w/zeros fill 
 0D95  B1 09                    		mov	cl,9 
 0D97  F6 E1                    		mul	cl			; ax = reg * al 
 0D99  50                       		push	ax 
 0D9A  E8 0E71 R                		call	sub_21 
 0D9D  B1 24                    		mov	cl,24h			; '$' 
 0D9F  F6 E1                    		mul	cl			; ax = reg * al 
 0DA1  5E                       		pop	si 
 0DA2  03 F0                    		add	si,ax 
 0DA4  81 C6 625B               		add	si,625Bh 
 0DA8  EB 66                    		jmp	short loc_156 
 0DAA                           loc_149: 
 0DAA  A0 FF3F                  		mov	al,ds:data_105e 
 0DAD  D0 E8                    		shr	al,1			; Shift w/zeros fill 
 0DAF  B1 09                    		mov	cl,9 
 0DB1  F6 E1                    		mul	cl			; ax = reg * al 
 0DB3  05 0024                  		add	ax,24h 
 0DB6  8A 16 FF41               		mov	dl,ds:data_107e 
 0DBA  FE CA                    		dec	dl 
 0DBC  75 05                    		jnz	loc_150			; Jump if not zero 
 0DBE  05 0024                  		add	ax,24h 
 0DC1  EB 07                    		jmp	short loc_151 
 0DC3                           loc_150: 
 0DC3  FE CA                    		dec	dl 
 0DC5  75 03                    		jnz	loc_151			; Jump if not zero 
 0DC7  B8 0063                  		mov	ax,63h 
 0DCA                           loc_151: 
 0DCA  03 F0                    		add	si,ax 
 0DCC  EB 42                    		jmp	short loc_156 
 0DCE                           loc_152: 
 0DCE  F6 06 00C2 01            		test	byte ptr ds:[0C2h],1 
 0DD3  74 1F                    		jz	loc_154			; Jump if zero 
 0DD5  E8 0E71 R                		call	sub_21 
Microsoft (R) Macro Assembler  Version 4.00                 3/29/26 15:15:01

                                                            Page     1-38
                                                            

 0DD8  0A C0                    		or	al,al			; Zero ? 
 0DDA  74 18                    		jz	loc_154			; Jump if zero 
 0DDC  FE C8                    		dec	al 
 0DDE  8A C8                    		mov	cl,al 
 0DE0  A0 FF38                  		mov	al,ds:data_101e 
 0DE3  24 09                    		and	al,9 
 0DE5  04 6C                    		add	al,6Ch			; 'l' 
 0DE7  32 E4                    		xor	ah,ah			; Zero register 
 0DE9  0A C9                    		or	cl,cl			; Zero ? 
 0DEB  74 03                    		jz	loc_153			; Jump if zero 
 0DED  05 001B                  		add	ax,1Bh 
 0DF0                           loc_153: 
 0DF0  03 F0                    		add	si,ax 
 0DF2  EB 1C                    		jmp	short loc_156 
 0DF4                           loc_154: 
 0DF4  B8 001B                  		mov	ax,1Bh 
 0DF7  F6 06 FF38 FF            		test	byte ptr ds:data_101e,0FFh 
 0DFC  75 10                    		jnz	loc_155			; Jump if not zero 
 0DFE  8A 0E 00E7               		mov	cl,byte ptr ds:[0E7h] 
 0E02  80 F9 80                 		cmp	cl,80h 
 0E05  74 07                    		je	loc_155			; Jump if equal 
 0E07  80 E1 03                 		and	cl,3 
 0E0A  B0 09                    		mov	al,9 
 0E0C  F6 E1                    		mul	cl			; ax = reg * al 
 0E0E                           loc_155: 
 0E0E  03 F0                    		add	si,ax 
 0E10                           loc_156: 
 0E10  F6 06 FF38 FF            		test	byte ptr ds:data_101e,0FFh 
 0E15  74 0A                    		jz	loc_157			; Jump if zero 
 0E17  B9 0006                  		mov	cx,6 
 0E1A  C6 06 5238 03            		mov	byte ptr ds:data_63e,3 
 0E1F  EB 0A                    		jmp	short locloop_158 
 0E21                           loc_157: 
 0E21  B9 0009                  		mov	cx,9 
 0E24  C6 06 5238 00            		mov	byte ptr ds:data_63e,0 
 0E29  EB 00                    		jmp	short locloop_158 
                                 
                                ;ﬂﬂﬂﬂﬂﬂﬂﬂﬂﬂﬂﬂﬂﬂﬂﬂﬂﬂﬂﬂﬂﬂﬂﬂﬂﬂﬂﬂﬂﬂﬂﬂﬂﬂﬂﬂﬂﬂﬂﬂﬂﬂﬂﬂﬂﬂﬂﬂﬂﬂﬂﬂﬂﬂﬂﬂﬂﬂﬂﬂﬂﬂﬂﬂﬂﬂﬂﬂﬂﬂﬂﬂﬂﬂ 
                                ;                              SUBROUTINE 
                                ;‹‹‹‹‹‹‹‹‹‹‹‹‹‹‹‹‹‹‹‹‹‹‹‹‹‹‹‹‹‹‹‹‹‹‹‹‹‹‹‹‹‹‹‹‹‹‹‹‹‹‹‹‹‹‹‹‹‹‹‹‹‹‹‹‹‹‹‹‹‹‹‹‹‹ 
                                 
 0E2B                           sub_20		proc	near 
                                 
 0E2B                           locloop_158: 
 0E2B  51                       		push	cx 
 0E2C  26: 8A 04                		mov	al,es:[si] 
 0E2F  0A C0                    		or	al,al			; Zero ? 
 0E31  74 35                    		jz	loc_159			; Jump if zero 
 0E33  06                       		push	es 
 0E34  1E                       		push	ds 
 0E35  56                       		push	si 
 0E36  57                       		push	di 
 0E37  B5 20                    		mov	ch,20h			; ' ' 
 0E39  F6 E5                    		mul	ch			; ax = reg * al 
 0E3B  8B F0                    		mov	si,ax 
Microsoft (R) Macro Assembler  Version 4.00                 3/29/26 15:15:01

                                                            Page     1-39
                                                            

 0E3D  81 C6 6333               		add	si,6333h 
 0E41  D1 E8                    		shr	ax,1			; Shift w/zeros fill 
 0E43  D1 E8                    		shr	ax,1			; Shift w/zeros fill 
 0E45  8B E8                    		mov	bp,ax 
 0E47  81 C5 D000               		add	bp,data_7e 
 0E4B  2E: 8E 1E FF2C           		mov	ds,cs:data_94e 
 0E50  8B FA                    		mov	di,dx 
 0E52  0E                       		push	cs 
 0E53  07                       		pop	es 
 0E54  2E: A0 5238              		mov	al,cs:data_63e 
 0E58  B1 20                    		mov	cl,20h			; ' ' 
 0E5A  F6 E1                    		mul	cl			; ax = reg * al 
 0E5C  05 5562                  		add	ax,5562h 
 0E5F  8B F8                    		mov	di,ax 
 0E61  E8 072F R                		call	sub_11 
 0E64  5F                       		pop	di 
 0E65  5E                       		pop	si 
 0E66  1F                       		pop	ds 
 0E67  07                       		pop	es 
 0E68                           loc_159: 
 0E68  46                       		inc	si 
 0E69  FE 06 5238               		inc	byte ptr ds:data_63e 
 0E6D  59                       		pop	cx 
 0E6E  E2 BB                    		loop	locloop_158		; Loop if cx > 0 
                                 
                                		retn 
 0E70  C3                     1                 db     0C3h
                                sub_20		endp 
                                 
                                 
                                ;ﬂﬂﬂﬂﬂﬂﬂﬂﬂﬂﬂﬂﬂﬂﬂﬂﬂﬂﬂﬂﬂﬂﬂﬂﬂﬂﬂﬂﬂﬂﬂﬂﬂﬂﬂﬂﬂﬂﬂﬂﬂﬂﬂﬂﬂﬂﬂﬂﬂﬂﬂﬂﬂﬂﬂﬂﬂﬂﬂﬂﬂﬂﬂﬂﬂﬂﬂﬂﬂﬂﬂﬂﬂﬂ 
                                ;                              SUBROUTINE 
                                ;‹‹‹‹‹‹‹‹‹‹‹‹‹‹‹‹‹‹‹‹‹‹‹‹‹‹‹‹‹‹‹‹‹‹‹‹‹‹‹‹‹‹‹‹‹‹‹‹‹‹‹‹‹‹‹‹‹‹‹‹‹‹‹‹‹‹‹‹‹‹‹‹‹‹ 
                                 
 0E71                           sub_21		proc	near 
 0E71  A0 0093                  		mov	al,byte ptr ds:[93h] 
 0E74  0A C0                    		or	al,al			; Zero ? 
 0E76  75 01                    		jnz	loc_160			; Jump if not zero 
                                		retn 
 0E78  C3                     1                 db     0C3h
 0E79                           loc_160: 
 0E79  3C 04                    		cmp	al,4 
 0E7B  B0 01                    		mov	al,1 
 0E7D  73 01                    		jnc	loc_161			; Jump if carry=0 
                                		retn 
 0E7F  C3                     1                 db     0C3h
 0E80                           loc_161: 
 0E80  B0 02                    		mov	al,2 
                                		retn 
 0E82  C3                     1                 db     0C3h
                                sub_21		endp 
                                 
 0E83                           loc_162: 
 0E83  8A 04                    		mov	al,[si] 
 0E85  1E                       		push	ds 
Microsoft (R) Macro Assembler  Version 4.00                 3/29/26 15:15:01

                                                            Page     1-40
                                                            

 0E86  56                       		push	si 
 0E87  57                       		push	di 
 0E88  50                       		push	ax 
 0E89  2E: 8E 1E FF2C           		mov	ds,cs:data_94e 
 0E8E  0E                       		push	cs 
 0E8F  07                       		pop	es 
 0E90  2E: A0 5238              		mov	al,cs:data_63e 
 0E94  B1 20                    		mov	cl,20h			; ' ' 
 0E96  F6 E1                    		mul	cl			; ax = reg * al 
 0E98  05 5562                  		add	ax,5562h 
 0E9B  8B F8                    		mov	di,ax 
 0E9D  58                       		pop	ax 
 0E9E  0A C0                    		or	al,al			; Zero ? 
 0EA0  74 12                    		jz	loc_163			; Jump if zero 
 0EA2  FE C8                    		dec	al 
 0EA4  B1 20                    		mov	cl,20h			; ' ' 
 0EA6  F6 E1                    		mul	cl			; ax = reg * al 
 0EA8  05 8030                  		add	ax,8030h 
 0EAB  8B F0                    		mov	si,ax 
 0EAD  E8 083D R                		call	sub_15 
 0EB0  5F                       		pop	di 
 0EB1  5E                       		pop	si 
 0EB2  1F                       		pop	ds 
                                		retn 
 0EB3  C3                     1                 db     0C3h
 0EB4                           loc_163: 
 0EB4  E8 0843 R                		call	sub_16 
 0EB7  5F                       		pop	di 
 0EB8  5E                       		pop	si 
 0EB9  1F                       		pop	ds 
                                		retn 
 0EBA  C3                     1                 db     0C3h
 0EBB                           loc_164: 
 0EBB  1E                       		push	ds 
 0EBC  56                       		push	si 
 0EBD  57                       		push	di 
 0EBE  8A C8                    		mov	cl,al 
 0EC0  8A 04                    		mov	al,[si] 
 0EC2  0A C0                    		or	al,al			; Zero ? 
 0EC4  79 03                    		jns	loc_165			; Jump if not sign 
 0EC6  E8 084B R                		call	sub_17 
 0EC9                           loc_165: 
 0EC9  50                       		push	ax 
 0ECA  8A 1E 523A               		mov	bl,ds:data_65e 
 0ECE  32 FF                    		xor	bh,bh			; Zero register 
 0ED0  03 DB                    		add	bx,bx 
 0ED2  2E: 8B 97 51D2           		mov	dx,cs:data_56e[bx] 
 0ED7  2E: 89 16 522F           		mov	cs:data_57e,dx 
 0EDC  8A C1                    		mov	al,cl 
 0EDE  B5 20                    		mov	ch,20h			; ' ' 
 0EE0  F6 E5                    		mul	ch			; ax = reg * al 
 0EE2  8B F0                    		mov	si,ax 
 0EE4  81 C6 4000               		add	si,data_1e 
 0EE8  D1 E8                    		shr	ax,1			; Shift w/zeros fill 
 0EEA  D1 E8                    		shr	ax,1			; Shift w/zeros fill 
Microsoft (R) Macro Assembler  Version 4.00                 3/29/26 15:15:01

                                                            Page     1-41
                                                            

 0EEC  8B E8                    		mov	bp,ax 
 0EEE  81 C5 A000               		add	bp,0A000h 
 0EF2  2E: 8E 1E FF2C           		mov	ds,cs:data_94e 
 0EF7  0E                       		push	cs 
 0EF8  07                       		pop	es 
 0EF9  2E: A0 5238              		mov	al,cs:data_63e 
 0EFD  B1 20                    		mov	cl,20h			; ' ' 
 0EFF  F6 E1                    		mul	cl			; ax = reg * al 
 0F01  05 5562                  		add	ax,5562h 
 0F04  8B F8                    		mov	di,ax 
 0F06  58                       		pop	ax 
 0F07  0A C0                    		or	al,al			; Zero ? 
 0F09  74 09                    		jz	loc_166			; Jump if zero 
 0F0B  8A C8                    		mov	cl,al 
 0F0D  E8 0719 R                		call	sub_10 
 0F10  5F                       		pop	di 
 0F11  5E                       		pop	si 
 0F12  1F                       		pop	ds 
                                		retn 
 0F13  C3                     1                 db     0C3h
 0F14                           loc_166: 
 0F14  E8 075D R                		call	sub_12 
 0F17  5F                       		pop	di 
 0F18  5E                       		pop	si 
 0F19  1F                       		pop	ds 
                                		retn 
 0F1A  C3                     1                 db     0C3h
                                			                        ;* No entry point to code 
 0F1B  8A 0E 0084               		mov	cl,byte ptr ds:[84h] 
 0F1F  B0 24                    		mov	al,24h			; '$' 
 0F21  F6 E1                    		mul	cl			; ax = reg * al 
 0F23  8A 0E 0083               		mov	cl,byte ptr ds:[83h] 
 0F27  80 C1 04                 		add	cl,4 
 0F2A  32 ED                    		xor	ch,ch			; Zero register 
 0F2C  03 C1                    		add	ax,cx 
 0F2E  03 06 FF31               		add	ax,ds:data_96e 
 0F32  8B F0                    		mov	si,ax 
 0F34  E8 16F2 R                		call	sub_41 
 0F37  BF 5259                  		mov	di,data_77e 
 0F3A  0E                       		push	cs 
 0F3B  07                       		pop	es 
 0F3C  B9 0003                  		mov	cx,3 
                                 
 0F3F                           locloop_167: 
 0F3F  A5                       		movsw				; Mov [si] to es:[di] 
 0F40  A4                       		movsb				; Mov [si] to es:[di] 
 0F41  83 C6 21                 		add	si,21h 
 0F44  E8 16F2 R                		call	sub_41 
 0F47  E2 F6                    		loop	locloop_167		; Loop if cx > 0 
                                 
                                		retn 
 0F49  C3                     1                 db     0C3h
                                 
                                ;ﬂﬂﬂﬂﬂﬂﬂﬂﬂﬂﬂﬂﬂﬂﬂﬂﬂﬂﬂﬂﬂﬂﬂﬂﬂﬂﬂﬂﬂﬂﬂﬂﬂﬂﬂﬂﬂﬂﬂﬂﬂﬂﬂﬂﬂﬂﬂﬂﬂﬂﬂﬂﬂﬂﬂﬂﬂﬂﬂﬂﬂﬂﬂﬂﬂﬂﬂﬂﬂﬂﬂﬂﬂﬂ 
                                ;                              SUBROUTINE 
Microsoft (R) Macro Assembler  Version 4.00                 3/29/26 15:15:01

                                                            Page     1-42
                                                            

                                ;‹‹‹‹‹‹‹‹‹‹‹‹‹‹‹‹‹‹‹‹‹‹‹‹‹‹‹‹‹‹‹‹‹‹‹‹‹‹‹‹‹‹‹‹‹‹‹‹‹‹‹‹‹‹‹‹‹‹‹‹‹‹‹‹‹‹‹‹‹‹‹‹‹‹ 
                                 
 0F4A                           sub_22		proc	near 
 0F4A  A0 5237                  		mov	al,ds:data_62e 
 0F4D  F6 D8                    		neg	al 
 0F4F  04 12                    		add	al,12h 
 0F51  8A C8                    		mov	cl,al 
 0F53  F6 06 FF43 FF            		test	byte ptr ds:data_109e,0FFh 
 0F58  75 0D                    		jnz	loc_169			; Jump if not zero 
 0F5A  A0 0084                  		mov	al,byte ptr ds:[84h] 
 0F5D  2C 02                    		sub	al,2 
 0F5F  3A C1                    		cmp	al,cl 
 0F61  75 03                    		jne	loc_ret_168		; Jump if not equal 
 0F63  E8 127F R                		call	sub_28 
                                 
 0F66                           loc_ret_168: 
                                		retn 
 0F66  C3                     1                 db     0C3h
 0F67                           loc_169: 
 0F67  A0 0084                  		mov	al,byte ptr ds:[84h] 
 0F6A  2C 05                    		sub	al,5 
 0F6C  3A C8                    		cmp	cl,al 
 0F6E  73 01                    		jae	loc_170			; Jump if above or = 
                                		retn 
 0F70  C3                     1                 db     0C3h
 0F71                           loc_170: 
 0F71  75 06                    		jnz	loc_171			; Jump if not zero 
 0F73  E8 1076 R                		call	sub_23 
 0F76  E9 127F R                		jmp	loc_205 
 0F79                           loc_171: 
 0F79  04 0A                    		add	al,0Ah 
 0F7B  3A C1                    		cmp	al,cl 
 0F7D  74 01                    		je	loc_172			; Jump if equal 
                                		retn 
 0F7F  C3                     1                 db     0C3h
 0F80                           loc_172: 
 0F80  E9 112D R                		jmp	loc_189 
                                			                        ;* No entry point to code 
 0F83  F6 06 FF43 FF            		test	byte ptr ds:data_109e,0FFh 
 0F88  75 01                    		jnz	loc_173			; Jump if not zero 
                                		retn 
 0F8A  C3                     1                 db     0C3h
 0F8B                           loc_173: 
 0F8B  06                       		push	es 
 0F8C  56                       		push	si 
 0F8D  57                       		push	di 
 0F8E  53                       		push	bx 
 0F8F  2E: 8E 06 FF2C           		mov	es,cs:data_94e 
 0F94  FE 06 FF46               		inc	byte ptr ds:data_112e 
 0F98  A0 FF45                  		mov	al,ds:data_111e 
 0F9B  0A C0                    		or	al,al			; Zero ? 
 0F9D  74 5C                    		jz	loc_177			; Jump if zero 
 0F9F  FE C8                    		dec	al 
 0FA1  74 2D                    		jz	loc_175			; Jump if zero 
 0FA3  80 3E FF46 05            		cmp	byte ptr ds:data_112e,5 
Microsoft (R) Macro Assembler  Version 4.00                 3/29/26 15:15:01

                                                            Page     1-43
                                                            

 0FA8  72 03                    		jb	loc_174			; Jump if below 
 0FAA  E9 1067 R                		jmp	loc_181 
 0FAD                           loc_174: 
 0FAD  32 C9                    		xor	cl,cl			; Zero register 
 0FAF  BE B16E                  		mov	si,0B16Eh 
 0FB2  C7 06 5241 FF01          		mov	word ptr ds:data_70e,0FF01h 
 0FB8  BA 013C                  		mov	dx,13Ch 
 0FBB  F6 06 00C2 01            		test	byte ptr ds:[0C2h],1 
 0FC0  75 79                    		jnz	loc_179			; Jump if not zero 
 0FC2  BE B0BE                  		mov	si,0B0BEh 
 0FC5  C7 06 5241 0001          		mov	word ptr ds:data_70e,1 
 0FCB  BA 0140                  		mov	dx,140h 
 0FCE  EB 6B                    		jmp	short loc_179 
 0FD0                           loc_175: 
 0FD0  80 3E FF46 05            		cmp	byte ptr ds:data_112e,5 
 0FD5  72 03                    		jb	loc_176			; Jump if below 
 0FD7  E9 1067 R                		jmp	loc_181 
 0FDA                           loc_176: 
 0FDA  8A 1E FF46               		mov	bl,ds:data_112e 
 0FDE  FE CB                    		dec	bl 
 0FE0  32 FF                    		xor	bh,bh			; Zero register 
 0FE2  8A CB                    		mov	cl,bl 
 0FE4  03 DB                    		add	bx,bx 
 0FE6  BF B19E                  		mov	di,0B19Eh 
 0FE9  BE B12E                  		mov	si,0B12Eh 
 0FEC  F6 06 00C2 01            		test	byte ptr ds:[0C2h],1 
 0FF1  75 2E                    		jnz	loc_178			; Jump if not zero 
 0FF3  BF B18A                  		mov	di,0B18Ah 
 0FF6  BE B07E                  		mov	si,0B07Eh 
 0FF9  EB 26                    		jmp	short loc_178 
 0FFB                           loc_177: 
 0FFB  80 3E FF46 07            		cmp	byte ptr ds:data_112e,7 
 1000  73 65                    		jae	loc_181			; Jump if above or = 
 1002  8A 1E FF46               		mov	bl,ds:data_112e 
 1006  FE CB                    		dec	bl 
 1008  32 FF                    		xor	bh,bh			; Zero register 
 100A  8A CB                    		mov	cl,bl 
 100C  03 DB                    		add	bx,bx 
 100E  BF B192                  		mov	di,0B192h 
 1011  BE B0CE                  		mov	si,0B0CEh 
 1014  F6 06 00C2 01            		test	byte ptr ds:[0C2h],1 
 1019  75 06                    		jnz	loc_178			; Jump if not zero 
 101B  BF B17E                  		mov	di,data_6e 
 101E  BE B01E                  		mov	si,0B01Eh 
 1021                           loc_178: 
 1021  26: 8B 19                		mov	bx,es:[bx+di] 
 1024  89 1E 5241               		mov	ds:data_70e,bx 
 1028  8A C3                    		mov	al,bl 
 102A  98                       		cbw				; Convrt byte to word 
 102B  BA 0140                  		mov	dx,140h 
 102E  F7 EA                    		imul	dx			; dx:ax = reg * ax 
 1030  8B D0                    		mov	dx,ax 
 1032  8A C7                    		mov	al,bh 
 1034  98                       		cbw				; Convrt byte to word 
 1035  03 C0                    		add	ax,ax 
Microsoft (R) Macro Assembler  Version 4.00                 3/29/26 15:15:01

                                                            Page     1-44
                                                            

 1037  03 C0                    		add	ax,ax 
 1039  03 D0                    		add	dx,ax 
 103B                           loc_179: 
 103B  8B 3E 5233               		mov	di,ds:data_60e 
 103F  03 FA                    		add	di,dx 
 1041  F6 06 FF38 FF            		test	byte ptr ds:data_101e,0FFh 
 1046  74 04                    		jz	loc_180			; Jump if zero 
 1048  81 C7 0140               		add	di,140h 
 104C                           loc_180: 
 104C  89 3E 523D               		mov	ds:data_68e,di 
 1050  32 ED                    		xor	ch,ch			; Zero register 
 1052  03 C9                    		add	cx,cx 
 1054  03 C9                    		add	cx,cx 
 1056  03 C9                    		add	cx,cx 
 1058  03 C9                    		add	cx,cx 
 105A  03 F1                    		add	si,cx 
 105C  89 36 523F               		mov	ds:data_69e,si 
 1060  5B                       		pop	bx 
 1061  5F                       		pop	di 
 1062  5E                       		pop	si 
 1063  07                       		pop	es 
 1064  E9 112D R                		jmp	loc_189 
 1067                           loc_181: 
 1067  C6 06 FF43 00            		mov	byte ptr ds:data_109e,0 
 106C  C6 06 FF46 00            		mov	byte ptr ds:data_112e,0 
 1071  5B                       		pop	bx 
 1072  5F                       		pop	di 
 1073  5E                       		pop	si 
 1074  07                       		pop	es 
                                		retn 
 1075  C3                     1                 db     0C3h
                                 
                                ;ﬂﬂﬂﬂ External Entry into Subroutine ﬂﬂﬂﬂﬂﬂﬂﬂﬂﬂﬂﬂﬂﬂﬂﬂﬂﬂﬂﬂﬂﬂﬂﬂﬂﬂﬂﬂﬂﬂﬂﬂﬂﬂﬂﬂﬂﬂ 
                                 
 1076                           sub_23: 
 1076  F6 06 FF44 FF            		test	byte ptr ds:data_110e,0FFh 
 107B  75 01                    		jnz	loc_182			; Jump if not zero 
                                		retn 
 107D  C3                     1                 db     0C3h
 107E                           loc_182: 
 107E  06                       		push	es 
 107F  57                       		push	di 
 1080  56                       		push	si 
 1081  53                       		push	bx 
 1082  E8 10BB R                		call	sub_25 
 1085  5B                       		pop	bx 
 1086  5E                       		pop	si 
 1087  5F                       		pop	di 
 1088  07                       		pop	es 
 1089  C6 06 FF44 00            		mov	byte ptr ds:data_110e,0 
                                		retn 
 108E  C3                     1                 db     0C3h
                                 
                                ;ﬂﬂﬂﬂ External Entry into Subroutine ﬂﬂﬂﬂﬂﬂﬂﬂﬂﬂﬂﬂﬂﬂﬂﬂﬂﬂﬂﬂﬂﬂﬂﬂﬂﬂﬂﬂﬂﬂﬂﬂﬂﬂﬂﬂﬂﬂ 
                                 
Microsoft (R) Macro Assembler  Version 4.00                 3/29/26 15:15:01

                                                            Page     1-45
                                                            

 108F                           sub_24: 
 108F  1E                       		push	ds 
 1090  0E                       		push	cs 
 1091  07                       		pop	es 
 1092  2E: 8B 36 523D           		mov	si,cs:data_68e 
 1097  B8 B800                  		mov	ax,0B800h 
 109A  8E D8                    		mov	ds,ax 
 109C  BF 5362                  		mov	di,data_79e 
 109F  B9 0020                  		mov	cx,20h 
                                 
 10A2                           locloop_183: 
 10A2  51                       		push	cx 
 10A3  B9 0008                  		mov	cx,8 
 10A6  F3/ A5                   		rep	movsw			; Rep when cx >0 Mov [si] to es:[di] 
 10A8  81 C6 1FF0               		add	si,1FF0h 
 10AC  81 FE 8000               		cmp	si,8000h 
 10B0  72 04                    		jb	loc_184			; Jump if below 
 10B2  81 C6 80A0               		add	si,80A0h 
 10B6                           loc_184: 
 10B6  59                       		pop	cx 
 10B7  E2 E9                    		loop	locloop_183		; Loop if cx > 0 
                                 
 10B9  1F                       		pop	ds 
                                		retn 
 10BA  C3                     1                 db     0C3h
                                 
                                ;ﬂﬂﬂﬂ External Entry into Subroutine ﬂﬂﬂﬂﬂﬂﬂﬂﬂﬂﬂﬂﬂﬂﬂﬂﬂﬂﬂﬂﬂﬂﬂﬂﬂﬂﬂﬂﬂﬂﬂﬂﬂﬂﬂﬂﬂﬂ 
                                 
 10BB                           sub_25: 
 10BB  2E: 8B 3E 523D           		mov	di,cs:data_68e 
 10C0  B8 B800                  		mov	ax,0B800h 
 10C3  8E C0                    		mov	es,ax 
 10C5  BE 5362                  		mov	si,data_79e 
 10C8  B9 0020                  		mov	cx,20h 
                                 
 10CB                           locloop_185: 
 10CB  51                       		push	cx 
 10CC  B9 0008                  		mov	cx,8 
 10CF  F3/ A5                   		rep	movsw			; Rep when cx >0 Mov [si] to es:[di] 
 10D1  81 C7 1FF0               		add	di,1FF0h 
 10D5  81 FF 8000               		cmp	di,8000h 
 10D9  72 04                    		jb	loc_186			; Jump if below 
 10DB  81 C7 80A0               		add	di,80A0h 
 10DF                           loc_186: 
 10DF  59                       		pop	cx 
 10E0  E2 E9                    		loop	locloop_185		; Loop if cx > 0 
                                 
                                		retn 
 10E2  C3                     1                 db     0C3h
                                 
                                ;ﬂﬂﬂﬂ External Entry into Subroutine ﬂﬂﬂﬂﬂﬂﬂﬂﬂﬂﬂﬂﬂﬂﬂﬂﬂﬂﬂﬂﬂﬂﬂﬂﬂﬂﬂﬂﬂﬂﬂﬂﬂﬂﬂﬂﬂﬂ 
                                 
 10E3                           sub_26: 
 10E3  A0 0084                  		mov	al,byte ptr ds:[84h] 
 10E6  02 06 5241               		add	al,ds:data_70e 
Microsoft (R) Macro Assembler  Version 4.00                 3/29/26 15:15:01

                                                            Page     1-46
                                                            

 10EA  24 3F                    		and	al,3Fh			; '?' 
 10EC  B1 24                    		mov	cl,24h			; '$' 
 10EE  F6 E1                    		mul	cl			; ax = reg * al 
 10F0  8A 0E 0083               		mov	cl,byte ptr ds:[83h] 
 10F4  02 0E 5242               		add	cl,byte ptr ds:data_70e+1 
 10F8  80 C1 04                 		add	cl,4 
 10FB  32 ED                    		xor	ch,ch			; Zero register 
 10FD  03 C1                    		add	ax,cx 
 10FF  8B F0                    		mov	si,ax 
 1101  03 36 FF31               		add	si,ds:data_96e 
 1105  E8 16F2 R                		call	sub_41 
 1108  B9 0004                  		mov	cx,4 
                                 
 110B                           locloop_187: 
 110B  51                       		push	cx 
 110C  B9 0004                  		mov	cx,4 
                                 
 110F                           locloop_188: 
 110F  51                       		push	cx 
 1110  8A 1C                    		mov	bl,[si] 
 1112  46                       		inc	si 
 1113  80 E3 7F                 		and	bl,7Fh 
 1116  32 FF                    		xor	bh,bh			; Zero register 
 1118  03 DB                    		add	bx,bx 
 111A  C7 87 5262 0000          		mov	word ptr ds:data_78e[bx],0 
 1120  59                       		pop	cx 
 1121  E2 EC                    		loop	locloop_188		; Loop if cx > 0 
                                 
 1123  83 C6 20                 		add	si,20h 
 1126  E8 16F2 R                		call	sub_41 
 1129  59                       		pop	cx 
 112A  E2 DF                    		loop	locloop_187		; Loop if cx > 0 
                                 
                                		retn 
 112C  C3                     1                 db     0C3h
 112D                           loc_189: 
 112D  F6 06 FF43 FF            		test	byte ptr ds:data_109e,0FFh 
 1132  75 01                    		jnz	loc_190			; Jump if not zero 
                                		retn 
 1134  C3                     1                 db     0C3h
 1135                           loc_190: 
 1135  C6 06 FF44 FF            		mov	byte ptr ds:data_110e,0FFh 
 113A  06                       		push	es 
 113B  1E                       		push	ds 
 113C  57                       		push	di 
 113D  56                       		push	si 
 113E  53                       		push	bx 
 113F  E8 10E3 R                		call	sub_26 
 1142  E8 108F R                		call	sub_24 
 1145  33 DB                    		xor	bx,bx			; Zero register 
 1147  2E: 8A 1E 0092           		mov	bl,byte ptr cs:[92h] 
 114C  FE CB                    		dec	bl 
 114E  03 DB                    		add	bx,bx 
 1150  2E: 8B 87 4264           		mov	ax,cs:data_52e[bx] 
 1155  2E: A3 523B              		mov	cs:data_66e,ax 
Microsoft (R) Macro Assembler  Version 4.00                 3/29/26 15:15:01

                                                            Page     1-47
                                                            

 1159  2E: 8E 1E FF2C           		mov	ds,cs:data_94e 
 115E  B8 B800                  		mov	ax,0B800h 
 1161  8E C0                    		mov	es,ax 
 1163  2E: 8B 3E 523D           		mov	di,cs:data_68e 
 1168  2E: 8B 36 523F           		mov	si,cs:data_69e 
 116D  B9 0004                  		mov	cx,4 
                                 
 1170                           locloop_191: 
 1170  51                       		push	cx 
 1171  57                       		push	di 
 1172  B9 0004                  		mov	cx,4 
                                 
 1175                           locloop_192: 
 1175  51                       		push	cx 
 1176  AC                       		lodsb				; String [si] to al 
 1177  3C FF                    		cmp	al,0FFh 
 1179  75 06                    		jne	loc_193			; Jump if not equal 
 117B  81 C7 0140               		add	di,140h 
 117F  EB 42                    		jmp	short loc_196 
 1181                           loc_193: 
 1181  56                       		push	si 
 1182  32 E4                    		xor	ah,ah			; Zero register 
 1184  03 C0                    		add	ax,ax 
 1186  03 C0                    		add	ax,ax 
 1188  03 C0                    		add	ax,ax 
 118A  03 C0                    		add	ax,ax 
 118C  8B F0                    		mov	si,ax 
 118E  03 36 B000               		add	si,ds:data_5e 
 1192  B9 0008                  		mov	cx,8 
                                 
 1195                           locloop_194: 
 1195  51                       		push	cx 
 1196  AD                       		lodsw				; String [si] to ax 
 1197  86 E0                    		xchg	ah,al 
 1199  E8 11D3 R                		call	sub_27 
 119C  F7 D5                    		not	bp 
 119E  26: 21 2D                		and	es:[di],bp 
 11A1  26: 09 15                		or	es:[di],dx 
 11A4  E8 11D3 R                		call	sub_27 
 11A7  F7 D5                    		not	bp 
 11A9  26: 21 6D 02             		and	es:[di+2],bp 
 11AD  26: 09 55 02             		or	es:[di+2],dx 
 11B1  81 C7 2000               		add	di,2000h 
 11B5  81 FF 8000               		cmp	di,8000h 
 11B9  72 04                    		jb	loc_195			; Jump if below 
 11BB  81 C7 80A0               		add	di,80A0h 
 11BF                           loc_195: 
 11BF  59                       		pop	cx 
 11C0  E2 D3                    		loop	locloop_194		; Loop if cx > 0 
                                 
 11C2  5E                       		pop	si 
 11C3                           loc_196: 
 11C3  59                       		pop	cx 
 11C4  E2 AF                    		loop	locloop_192		; Loop if cx > 0 
                                 
Microsoft (R) Macro Assembler  Version 4.00                 3/29/26 15:15:01

                                                            Page     1-48
                                                            

 11C6  5F                       		pop	di 
 11C7  83 C7 04                 		add	di,4 
 11CA  59                       		pop	cx 
 11CB  E2 A3                    		loop	locloop_191		; Loop if cx > 0 
                                 
 11CD  5B                       		pop	bx 
 11CE  5E                       		pop	si 
 11CF  5F                       		pop	di 
 11D0  1F                       		pop	ds 
 11D1  07                       		pop	es 
                                		retn 
 11D2  C3                     1                 db     0C3h
                                sub_22		endp 
                                 
                                 
                                ;ﬂﬂﬂﬂﬂﬂﬂﬂﬂﬂﬂﬂﬂﬂﬂﬂﬂﬂﬂﬂﬂﬂﬂﬂﬂﬂﬂﬂﬂﬂﬂﬂﬂﬂﬂﬂﬂﬂﬂﬂﬂﬂﬂﬂﬂﬂﬂﬂﬂﬂﬂﬂﬂﬂﬂﬂﬂﬂﬂﬂﬂﬂﬂﬂﬂﬂﬂﬂﬂﬂﬂﬂﬂﬂ 
                                ;                              SUBROUTINE 
                                ;‹‹‹‹‹‹‹‹‹‹‹‹‹‹‹‹‹‹‹‹‹‹‹‹‹‹‹‹‹‹‹‹‹‹‹‹‹‹‹‹‹‹‹‹‹‹‹‹‹‹‹‹‹‹‹‹‹‹‹‹‹‹‹‹‹‹‹‹‹‹‹‹‹‹ 
                                 
 11D3                           sub_27		proc	near 
 11D3  33 ED                    		xor	bp,bp			; Zero register 
 11D5  33 D2                    		xor	dx,dx			; Zero register 
 11D7  33 DB                    		xor	bx,bx			; Zero register 
 11D9  03 C0                    		add	ax,ax 
 11DB  12 DB                    		adc	bl,bl 
 11DD  03 C0                    		add	ax,ax 
 11DF  12 DB                    		adc	bl,bl 
 11E1  74 18                    		jz	loc_198			; Jump if zero 
 11E3  81 CD 00F0               		or	bp,0F0h 
 11E7  2E: 8A 3E 523C           		mov	bh,byte ptr cs:data_66e+1 
 11EC  80 FB 03                 		cmp	bl,3 
 11EF  74 05                    		je	loc_197			; Jump if equal 
 11F1  2E: 8A 3E 523B           		mov	bh,cs:data_66e 
 11F6                           loc_197: 
 11F6  80 E7 F0                 		and	bh,0F0h 
 11F9  8A D7                    		mov	dl,bh 
 11FB                           loc_198: 
 11FB  33 DB                    		xor	bx,bx			; Zero register 
 11FD  03 C0                    		add	ax,ax 
 11FF  12 DB                    		adc	bl,bl 
 1201  03 C0                    		add	ax,ax 
 1203  12 DB                    		adc	bl,bl 
 1205  74 18                    		jz	loc_200			; Jump if zero 
 1207  81 CD 000F               		or	bp,0Fh 
 120B  2E: 8A 3E 523C           		mov	bh,byte ptr cs:data_66e+1 
 1210  80 FB 03                 		cmp	bl,3 
 1213  74 05                    		je	loc_199			; Jump if equal 
 1215  2E: 8A 3E 523B           		mov	bh,cs:data_66e 
 121A                           loc_199: 
 121A  80 E7 0F                 		and	bh,0Fh 
 121D  0A D7                    		or	dl,bh 
 121F                           loc_200: 
 121F  33 DB                    		xor	bx,bx			; Zero register 
 1221  03 C0                    		add	ax,ax 
 1223  12 DB                    		adc	bl,bl 
Microsoft (R) Macro Assembler  Version 4.00                 3/29/26 15:15:01

                                                            Page     1-49
                                                            

 1225  03 C0                    		add	ax,ax 
 1227  12 DB                    		adc	bl,bl 
 1229  74 18                    		jz	loc_202			; Jump if zero 
 122B  81 CD F000               		or	bp,0F000h 
 122F  2E: 8A 3E 523C           		mov	bh,byte ptr cs:data_66e+1 
 1234  80 FB 03                 		cmp	bl,3 
 1237  74 05                    		je	loc_201			; Jump if equal 
 1239  2E: 8A 3E 523B           		mov	bh,cs:data_66e 
 123E                           loc_201: 
 123E  80 E7 F0                 		and	bh,0F0h 
 1241  8A F7                    		mov	dh,bh 
 1243                           loc_202: 
 1243  33 DB                    		xor	bx,bx			; Zero register 
 1245  03 C0                    		add	ax,ax 
 1247  12 DB                    		adc	bl,bl 
 1249  03 C0                    		add	ax,ax 
 124B  12 DB                    		adc	bl,bl 
 124D  75 01                    		jnz	loc_203			; Jump if not zero 
                                		retn 
 124F  C3                     1                 db     0C3h
 1250                           loc_203: 
 1250  81 CD 0F00               		or	bp,0F00h 
 1254  2E: 8A 3E 523C           		mov	bh,byte ptr cs:data_66e+1 
 1259  80 FB 03                 		cmp	bl,3 
 125C  74 05                    		je	loc_204			; Jump if equal 
 125E  2E: 8A 3E 523B           		mov	bh,cs:data_66e 
 1263                           loc_204: 
 1263  80 E7 0F                 		and	bh,0Fh 
 1266  0A F7                    		or	dh,bh 
                                		retn 
 1268  C3                     1                 db     0C3h
                                sub_27		endp 
                                 
 1269  77 FF 33 BB 22 AA        		db	 77h,0FFh, 33h,0BBh, 22h,0AAh 
 126F  77 FF 33 BB 88 EE        		db	 77h,0FFh, 33h,0BBh, 88h,0EEh 
 1275  02 FF E8 3F 0F A3        		db	 02h,0FFh,0E8h, 3Fh, 0Fh,0A3h 
 127B  33 52 EB                 		db	 33h, 52h,0EBh 
 127E  0D                       		db	0Dh 
                                 
                                ;ﬂﬂﬂﬂﬂﬂﬂﬂﬂﬂﬂﬂﬂﬂﬂﬂﬂﬂﬂﬂﬂﬂﬂﬂﬂﬂﬂﬂﬂﬂﬂﬂﬂﬂﬂﬂﬂﬂﬂﬂﬂﬂﬂﬂﬂﬂﬂﬂﬂﬂﬂﬂﬂﬂﬂﬂﬂﬂﬂﬂﬂﬂﬂﬂﬂﬂﬂﬂﬂﬂﬂﬂﬂﬂ 
                                ;                              SUBROUTINE 
                                ;‹‹‹‹‹‹‹‹‹‹‹‹‹‹‹‹‹‹‹‹‹‹‹‹‹‹‹‹‹‹‹‹‹‹‹‹‹‹‹‹‹‹‹‹‹‹‹‹‹‹‹‹‹‹‹‹‹‹‹‹‹‹‹‹‹‹‹‹‹‹‹‹‹‹ 
                                 
 127F                           sub_28		proc	near 
 127F                           loc_205: 
 127F  F6 06 FF37 FF            		test	byte ptr ds:data_100e,0FFh 
 1284  74 01                    		jz	loc_206			; Jump if zero 
                                		retn 
 1286  C3                     1                 db     0C3h
 1287                           loc_206: 
 1287  C6 06 FF37 FF            		mov	byte ptr ds:data_100e,0FFh 
 128C                           loc_207: 
 128C  06                       		push	es 
 128D  1E                       		push	ds 
 128E  56                       		push	si 
Microsoft (R) Macro Assembler  Version 4.00                 3/29/26 15:15:01

                                                            Page     1-50
                                                            

 128F  57                       		push	di 
 1290  53                       		push	bx 
 1291  B8 B800                  		mov	ax,0B800h 
 1294  8E C0                    		mov	es,ax 
 1296  BE 5562                  		mov	si,data_80e 
 1299  2E: 8B 3E 5233           		mov	di,cs:data_60e 
 129E  B9 0003                  		mov	cx,3 
                                 
 12A1                           locloop_208: 
 12A1  51                       		push	cx 
 12A2  B9 0003                  		mov	cx,3 
                                 
 12A5                           locloop_209: 
 12A5  51                       		push	cx 
 12A6  57                       		push	di 
 12A7  E8 07CA R                		call	sub_14 
 12AA  5F                       		pop	di 
 12AB  83 C7 04                 		add	di,4 
 12AE  59                       		pop	cx 
 12AF  E2 F4                    		loop	locloop_209		; Loop if cx > 0 
                                 
 12B1  81 C7 0134               		add	di,134h 
 12B5  59                       		pop	cx 
 12B6  E2 E9                    		loop	locloop_208		; Loop if cx > 0 
                                 
 12B8  5B                       		pop	bx 
 12B9  5F                       		pop	di 
 12BA  5E                       		pop	si 
 12BB  1F                       		pop	ds 
 12BC  07                       		pop	es 
                                		retn 
 12BD  C3                     1                 db     0C3h
                                sub_28		endp 
                                 
                                			                        ;* No entry point to code 
 12BE  1E                       		push	ds 
 12BF  56                       		push	si 
 12C0  FE C8                    		dec	al 
 12C2  B1 20                    		mov	cl,20h			; ' ' 
 12C4  F6 E1                    		mul	cl			; ax = reg * al 
 12C6  05 8030                  		add	ax,8030h 
 12C9  8B F0                    		mov	si,ax 
 12CB  2E: 8E 1E FF2C           		mov	ds,cs:data_94e 
 12D0  B8 B800                  		mov	ax,0B800h 
 12D3  8E C0                    		mov	es,ax 
 12D5  B9 0008                  		mov	cx,8 
                                 
 12D8                           locloop_210: 
 12D8  51                       		push	cx 
 12D9  AD                       		lodsw				; String [si] to ax 
 12DA  0A C0                    		or	al,al			; Zero ? 
 12DC  74 03                    		jz	loc_211			; Jump if zero 
 12DE  26: 88 05                		mov	es:[di],al 
 12E1                           loc_211: 
 12E1  0A E4                    		or	ah,ah			; Zero ? 
Microsoft (R) Macro Assembler  Version 4.00                 3/29/26 15:15:01

                                                            Page     1-51
                                                            

 12E3  74 04                    		jz	loc_212			; Jump if zero 
 12E5  26: 88 65 01             		mov	es:[di+1],ah 
 12E9                           loc_212: 
 12E9  AD                       		lodsw				; String [si] to ax 
 12EA  0A C0                    		or	al,al			; Zero ? 
 12EC  74 04                    		jz	loc_213			; Jump if zero 
 12EE  26: 88 45 02             		mov	es:[di+2],al 
 12F2                           loc_213: 
 12F2  0A E4                    		or	ah,ah			; Zero ? 
 12F4  74 04                    		jz	loc_214			; Jump if zero 
 12F6  26: 88 65 03             		mov	es:[di+3],ah 
 12FA                           loc_214: 
 12FA  81 C7 2000               		add	di,2000h 
 12FE  81 FF 8000               		cmp	di,8000h 
 1302  72 04                    		jb	loc_215			; Jump if below 
 1304  81 C7 80A0               		add	di,80A0h 
 1308                           loc_215: 
 1308  59                       		pop	cx 
 1309  E2 CD                    		loop	locloop_210		; Loop if cx > 0 
                                 
 130B  5E                       		pop	si 
 130C  1F                       		pop	ds 
                                		retn 
 130D  C3                     1                 db     0C3h
                                			                        ;* No entry point to code 
 130E  C6 06 FF44 00            		mov	byte ptr ds:data_110e,0 
 1313  B8 B800                  		mov	ax,0B800h 
 1316  8E C0                    		mov	es,ax 
 1318  C6 06 5243 08            		mov	byte ptr ds:data_72e,8 
 131D                           loc_216: 
 131D  C7 06 5231 41F8          		mov	word ptr ds:data_59e,41F8h 
 1323  C6 06 FF1A 00            		mov	byte ptr ds:data_93e,0 
 1328  8B 36 FF31               		mov	si,ds:data_96e 
 132C  BF E900                  		mov	di,data_89e 
 132F  B9 0012                  		mov	cx,12h 
                                 
 1332                           locloop_217: 
 1332  51                       		push	cx 
 1333  83 C6 04                 		add	si,4 
 1336  33 DB                    		xor	bx,bx			; Zero register 
 1338  B9 001C                  		mov	cx,1Ch 
                                 
 133B                           locloop_218: 
 133B  51                       		push	cx 
 133C  AC                       		lodsb				; String [si] to al 
 133D  E8 1363 R                		call	sub_29 
 1340  47                       		inc	di 
 1341  FE C3                    		inc	bl 
 1343  59                       		pop	cx 
 1344  E2 F5                    		loop	locloop_218		; Loop if cx > 0 
                                 
 1346  83 C6 04                 		add	si,4 
 1349  E8 16F2 R                		call	sub_41 
 134C  81 06 5231 0140          		add	word ptr ds:data_59e,140h 
 1352  59                       		pop	cx 
Microsoft (R) Macro Assembler  Version 4.00                 3/29/26 15:15:01

                                                            Page     1-52
                                                            

 1353  E2 DD                    		loop	locloop_217		; Loop if cx > 0 
                                 
 1355                           loc_219: 
 1355  80 3E FF1A 10            		cmp	byte ptr ds:data_93e,10h 
 135A  72 F9                    		jb	loc_219			; Jump if below 
 135C  FE 0E 5243               		dec	byte ptr ds:data_72e 
 1360  75 BB                    		jnz	loc_216			; Jump if not zero 
                                		retn 
 1362  C3                     1                 db     0C3h
                                 
                                ;ﬂﬂﬂﬂﬂﬂﬂﬂﬂﬂﬂﬂﬂﬂﬂﬂﬂﬂﬂﬂﬂﬂﬂﬂﬂﬂﬂﬂﬂﬂﬂﬂﬂﬂﬂﬂﬂﬂﬂﬂﬂﬂﬂﬂﬂﬂﬂﬂﬂﬂﬂﬂﬂﬂﬂﬂﬂﬂﬂﬂﬂﬂﬂﬂﬂﬂﬂﬂﬂﬂﬂﬂﬂﬂ 
                                ;                              SUBROUTINE 
                                ;‹‹‹‹‹‹‹‹‹‹‹‹‹‹‹‹‹‹‹‹‹‹‹‹‹‹‹‹‹‹‹‹‹‹‹‹‹‹‹‹‹‹‹‹‹‹‹‹‹‹‹‹‹‹‹‹‹‹‹‹‹‹‹‹‹‹‹‹‹‹‹‹‹‹ 
                                 
 1363                           sub_29		proc	near 
 1363  80 3D FF                 		cmp	byte ptr [di],0FFh 
 1366  75 01                    		jne	loc_220			; Jump if not equal 
                                		retn 
 1368  C3                     1                 db     0C3h
 1369                           loc_220: 
 1369  80 3D FC                 		cmp	byte ptr [di],0FCh 
 136C  75 01                    		jne	loc_221			; Jump if not equal 
                                		retn 
 136E  C3                     1                 db     0C3h
 136F                           loc_221: 
 136F  1E                       		push	ds 
 1370  57                       		push	di 
 1371  56                       		push	si 
 1372  53                       		push	bx 
 1373  50                       		push	ax 
 1374  8A 26 5243               		mov	ah,ds:data_72e 
 1378  FE CC                    		dec	ah 
 137A  D0 EC                    		shr	ah,1			; Shift w/zeros fill 
 137C  D0 EC                    		shr	ah,1			; Shift w/zeros fill 
 137E  D0 EC                    		shr	ah,1			; Shift w/zeros fill 
 1380  1B C0                    		sbb	ax,ax 
 1382  35 F0F0                  		xor	ax,0F0F0h 
 1385  2E: A3 5241              		mov	cs:data_70e,ax 
 1389  03 DB                    		add	bx,bx 
 138B  03 DB                    		add	bx,bx 
 138D  03 1E 5231               		add	bx,ds:data_59e 
 1391  8B FB                    		mov	di,bx 
 1393  58                       		pop	ax 
 1394  A8 FF                    		test	al,0FFh 
 1396  74 56                    		jz	loc_223			; Jump if zero 
 1398  FE C8                    		dec	al 
 139A  B1 20                    		mov	cl,20h			; ' ' 
 139C  F6 E1                    		mul	cl			; ax = reg * al 
 139E  05 8030                  		add	ax,8030h 
 13A1  8B F0                    		mov	si,ax 
 13A3  2E: 8E 1E FF2C           		mov	ds,cs:data_94e 
 13A8  56                       		push	si 
 13A9  57                       		push	di 
 13AA  2E: A0 5243              		mov	al,cs:data_72e 
 13AE  24 03                    		and	al,3 
Microsoft (R) Macro Assembler  Version 4.00                 3/29/26 15:15:01

                                                            Page     1-53
                                                            

 13B0  F6 D8                    		neg	al 
 13B2  04 03                    		add	al,3 
 13B4  E8 1423 R                		call	sub_32 
 13B7  E8 13D1 R                		call	sub_30 
 13BA  5F                       		pop	di 
 13BB  5E                       		pop	si 
 13BC  2E: A0 5243              		mov	al,cs:data_72e 
 13C0  E8 1423 R                		call	sub_32 
 13C3  83 C7 02                 		add	di,2 
 13C6  83 C6 02                 		add	si,2 
 13C9  E8 13D1 R                		call	sub_30 
 13CC  5B                       		pop	bx 
 13CD  5E                       		pop	si 
 13CE  5F                       		pop	di 
 13CF  1F                       		pop	ds 
                                		retn 
 13D0  C3                     1                 db     0C3h
                                 
                                ;ﬂﬂﬂﬂ External Entry into Subroutine ﬂﬂﬂﬂﬂﬂﬂﬂﬂﬂﬂﬂﬂﬂﬂﬂﬂﬂﬂﬂﬂﬂﬂﬂﬂﬂﬂﬂﬂﬂﬂﬂﬂﬂﬂﬂﬂﬂ 
                                 
 13D1                           sub_30: 
 13D1  B9 0002                  		mov	cx,2 
                                 
 13D4                           locloop_222: 
 13D4  2E: 8B 1E 5241           		mov	bx,cs:data_70e 
 13D9  AD                       		lodsw				; String [si] to ax 
 13DA  23 C3                    		and	ax,bx 
 13DC  F7 D3                    		not	bx 
 13DE  26: 21 1D                		and	es:[di],bx 
 13E1  26: 09 05                		or	es:[di],ax 
 13E4  81 C7 00A0               		add	di,0A0h 
 13E8  83 C6 0E                 		add	si,0Eh 
 13EB  E2 E7                    		loop	locloop_222		; Loop if cx > 0 
                                 
                                		retn 
 13ED  C3                     1                 db     0C3h
 13EE                           loc_223: 
 13EE  57                       		push	di 
 13EF  2E: A0 5243              		mov	al,cs:data_72e 
 13F3  24 03                    		and	al,3 
 13F5  F6 D8                    		neg	al 
 13F7  04 03                    		add	al,3 
 13F9  E8 1423 R                		call	sub_32 
 13FC  E8 1412 R                		call	sub_31 
 13FF  5F                       		pop	di 
 1400  2E: A0 5243              		mov	al,cs:data_72e 
 1404  E8 1423 R                		call	sub_32 
 1407  83 C7 02                 		add	di,2 
 140A  E8 1412 R                		call	sub_31 
 140D  5B                       		pop	bx 
 140E  5E                       		pop	si 
 140F  5F                       		pop	di 
 1410  1F                       		pop	ds 
                                		retn 
 1411  C3                     1                 db     0C3h
Microsoft (R) Macro Assembler  Version 4.00                 3/29/26 15:15:01

                                                            Page     1-54
                                                            

                                sub_29		endp 
                                 
                                 
                                ;ﬂﬂﬂﬂﬂﬂﬂﬂﬂﬂﬂﬂﬂﬂﬂﬂﬂﬂﬂﬂﬂﬂﬂﬂﬂﬂﬂﬂﬂﬂﬂﬂﬂﬂﬂﬂﬂﬂﬂﬂﬂﬂﬂﬂﬂﬂﬂﬂﬂﬂﬂﬂﬂﬂﬂﬂﬂﬂﬂﬂﬂﬂﬂﬂﬂﬂﬂﬂﬂﬂﬂﬂﬂﬂ 
                                ;                              SUBROUTINE 
                                ;‹‹‹‹‹‹‹‹‹‹‹‹‹‹‹‹‹‹‹‹‹‹‹‹‹‹‹‹‹‹‹‹‹‹‹‹‹‹‹‹‹‹‹‹‹‹‹‹‹‹‹‹‹‹‹‹‹‹‹‹‹‹‹‹‹‹‹‹‹‹‹‹‹‹ 
                                 
 1412                           sub_31		proc	near 
 1412  2E: A1 5241              		mov	ax,cs:data_70e 
 1416  F7 D0                    		not	ax 
 1418  26: 21 05                		and	es:[di],ax 
 141B  81 C7 00A0               		add	di,data_113e 
 141F  26: 21 05                		and	es:[di],ax 
                                		retn 
 1422  C3                     1                 db     0C3h
                                sub_31		endp 
                                 
                                 
                                ;ﬂﬂﬂﬂﬂﬂﬂﬂﬂﬂﬂﬂﬂﬂﬂﬂﬂﬂﬂﬂﬂﬂﬂﬂﬂﬂﬂﬂﬂﬂﬂﬂﬂﬂﬂﬂﬂﬂﬂﬂﬂﬂﬂﬂﬂﬂﬂﬂﬂﬂﬂﬂﬂﬂﬂﬂﬂﬂﬂﬂﬂﬂﬂﬂﬂﬂﬂﬂﬂﬂﬂﬂﬂﬂ 
                                ;                              SUBROUTINE 
                                ;‹‹‹‹‹‹‹‹‹‹‹‹‹‹‹‹‹‹‹‹‹‹‹‹‹‹‹‹‹‹‹‹‹‹‹‹‹‹‹‹‹‹‹‹‹‹‹‹‹‹‹‹‹‹‹‹‹‹‹‹‹‹‹‹‹‹‹‹‹‹‹‹‹‹ 
                                 
 1423                           sub_32		proc	near 
 1423  24 03                    		and	al,3 
 1425  32 E4                    		xor	ah,ah			; Zero register 
 1427  50                       		push	ax 
 1428  03 C0                    		add	ax,ax 
 142A  03 C0                    		add	ax,ax 
 142C  03 F0                    		add	si,ax 
 142E  58                       		pop	ax 
 142F  0B C0                    		or	ax,ax			; Zero ? 
 1431  75 01                    		jnz	loc_224			; Jump if not zero 
                                		retn 
 1433  C3                     1                 db     0C3h
 1434                           loc_224: 
 1434  81 C7 2000               		add	di,2000h 
 1438  81 FF 8000               		cmp	di,8000h 
 143C  72 04                    		jb	loc_225			; Jump if below 
 143E  81 C7 80A0               		add	di,80A0h 
 1442                           loc_225: 
 1442  48                       		dec	ax 
 1443  75 EF                    		jnz	loc_224			; Jump if not zero 
                                		retn 
 1445  C3                     1                 db     0C3h
                                sub_32		endp 
                                 
                                			                        ;* No entry point to code 
 1446  A0 0083                  		mov	al,byte ptr ds:[83h] 
 1449  02 C0                    		add	al,al 
 144B  02 C0                    		add	al,al 
 144D  02 C0                    		add	al,al 
 144F  8A 26 0084               		mov	ah,byte ptr ds:[84h] 
 1453  02 E4                    		add	ah,ah 
 1455  02 E4                    		add	ah,ah 
 1457  02 E4                    		add	ah,ah 
Microsoft (R) Macro Assembler  Version 4.00                 3/29/26 15:15:01

                                                            Page     1-55
                                                            

 1459  A2 522F                  		mov	ds:data_57e,al 
 145C  88 26 5230               		mov	byte ptr ds:data_57e+1,ah 
 1460  E8 1669 R                		call	sub_40 
 1463  C6 06 5243 EE            		mov	byte ptr ds:data_72e,0EEh 
 1468  E8 1476 R                		call	sub_33 
 146B  C6 06 5243 00            		mov	byte ptr ds:data_72e,0 
 1470  E8 1476 R                		call	sub_33 
 1473  E9 1669 R                		jmp	loc_252 
                                 
                                ;ﬂﬂﬂﬂﬂﬂﬂﬂﬂﬂﬂﬂﬂﬂﬂﬂﬂﬂﬂﬂﬂﬂﬂﬂﬂﬂﬂﬂﬂﬂﬂﬂﬂﬂﬂﬂﬂﬂﬂﬂﬂﬂﬂﬂﬂﬂﬂﬂﬂﬂﬂﬂﬂﬂﬂﬂﬂﬂﬂﬂﬂﬂﬂﬂﬂﬂﬂﬂﬂﬂﬂﬂﬂﬂ 
                                ;                              SUBROUTINE 
                                ;‹‹‹‹‹‹‹‹‹‹‹‹‹‹‹‹‹‹‹‹‹‹‹‹‹‹‹‹‹‹‹‹‹‹‹‹‹‹‹‹‹‹‹‹‹‹‹‹‹‹‹‹‹‹‹‹‹‹‹‹‹‹‹‹‹‹‹‹‹‹‹‹‹‹ 
                                 
 1476                           sub_33		proc	near 
 1476  A0 522F                  		mov	al,ds:data_57e 
 1479  FE C8                    		dec	al 
 147B  8A D8                    		mov	bl,al 
 147D  04 19                    		add	al,19h 
 147F  8A D0                    		mov	dl,al 
 1481  A0 5230                  		mov	al,byte ptr ds:data_57e+1 
 1484  FE C8                    		dec	al 
 1486  8A F8                    		mov	bh,al 
 1488  04 19                    		add	al,19h 
 148A  8A F0                    		mov	dh,al 
 148C  E8 14BE R                		call	sub_34 
 148F  A0 522F                  		mov	al,ds:data_57e 
 1492  2C 05                    		sub	al,5 
 1494  8A D8                    		mov	bl,al 
 1496  04 21                    		add	al,21h			; '!' 
 1498  8A D0                    		mov	dl,al 
 149A  A0 5230                  		mov	al,byte ptr ds:data_57e+1 
 149D  2C 05                    		sub	al,5 
 149F  8A F8                    		mov	bh,al 
 14A1  04 21                    		add	al,21h			; '!' 
 14A3  8A F0                    		mov	dh,al 
 14A5  E8 14BE R                		call	sub_34 
 14A8  A0 522F                  		mov	al,ds:data_57e 
 14AB  2C 09                    		sub	al,9 
 14AD  8A D8                    		mov	bl,al 
 14AF  04 29                    		add	al,29h			; ')' 
 14B1  8A D0                    		mov	dl,al 
 14B3  A0 5230                  		mov	al,byte ptr ds:data_57e+1 
 14B6  2C 09                    		sub	al,9 
 14B8  8A F8                    		mov	bh,al 
 14BA  04 29                    		add	al,29h			; ')' 
 14BC  8A F0                    		mov	dh,al 
                                 
                                ;ﬂﬂﬂﬂ External Entry into Subroutine ﬂﬂﬂﬂﬂﬂﬂﬂﬂﬂﬂﬂﬂﬂﬂﬂﬂﬂﬂﬂﬂﬂﬂﬂﬂﬂﬂﬂﬂﬂﬂﬂﬂﬂﬂﬂﬂﬂ 
                                 
 14BE                           sub_34: 
 14BE  B9 0009                  		mov	cx,9 
                                 
 14C1                           locloop_226: 
 14C1  51                       		push	cx 
 14C2  52                       		push	dx 
Microsoft (R) Macro Assembler  Version 4.00                 3/29/26 15:15:01

                                                            Page     1-56
                                                            

 14C3  53                       		push	bx 
 14C4  E8 14F0 R                		call	sub_35 
 14C7  5B                       		pop	bx 
 14C8  5A                       		pop	dx 
 14C9  80 EB 0C                 		sub	bl,0Ch 
 14CC  73 02                    		jnc	loc_227			; Jump if carry=0 
 14CE  32 DB                    		xor	bl,bl			; Zero register 
 14D0                           loc_227: 
 14D0  80 EF 0C                 		sub	bh,0Ch 
 14D3  73 02                    		jnc	loc_228			; Jump if carry=0 
 14D5  32 FF                    		xor	bh,bh			; Zero register 
 14D7                           loc_228: 
 14D7  80 C2 0C                 		add	dl,0Ch 
 14DA  73 02                    		jnc	loc_229			; Jump if carry=0 
 14DC  B2 FF                    		mov	dl,0FFh 
 14DE                           loc_229: 
 14DE  80 C6 0C                 		add	dh,0Ch 
 14E1  73 02                    		jnc	loc_230			; Jump if carry=0 
 14E3  B6 FF                    		mov	dh,0FFh 
 14E5                           loc_230: 
 14E5  52                       		push	dx 
 14E6  53                       		push	bx 
 14E7  E8 1636 R                		call	sub_39 
 14EA  5B                       		pop	bx 
 14EB  5A                       		pop	dx 
 14EC  59                       		pop	cx 
 14ED  E2 D2                    		loop	locloop_226		; Loop if cx > 0 
                                 
                                		retn 
 14EF  C3                     1                 db     0C3h
                                sub_33		endp 
                                 
                                 
                                ;ﬂﬂﬂﬂﬂﬂﬂﬂﬂﬂﬂﬂﬂﬂﬂﬂﬂﬂﬂﬂﬂﬂﬂﬂﬂﬂﬂﬂﬂﬂﬂﬂﬂﬂﬂﬂﬂﬂﬂﬂﬂﬂﬂﬂﬂﬂﬂﬂﬂﬂﬂﬂﬂﬂﬂﬂﬂﬂﬂﬂﬂﬂﬂﬂﬂﬂﬂﬂﬂﬂﬂﬂﬂﬂ 
                                ;                              SUBROUTINE 
                                ;‹‹‹‹‹‹‹‹‹‹‹‹‹‹‹‹‹‹‹‹‹‹‹‹‹‹‹‹‹‹‹‹‹‹‹‹‹‹‹‹‹‹‹‹‹‹‹‹‹‹‹‹‹‹‹‹‹‹‹‹‹‹‹‹‹‹‹‹‹‹‹‹‹‹ 
                                 
 14F0                           sub_35		proc	near 
 14F0  B8 B800                  		mov	ax,0B800h 
 14F3  8E C0                    		mov	es,ax 
 14F5  52                       		push	dx 
 14F6  53                       		push	bx 
 14F7  8A F7                    		mov	dh,bh 
 14F9  E8 1571 R                		call	sub_37 
 14FC  5B                       		pop	bx 
 14FD  5A                       		pop	dx 
 14FE  52                       		push	dx 
 14FF  53                       		push	bx 
 1500  8A FE                    		mov	bh,dh 
 1502  E8 1571 R                		call	sub_37 
 1505  5B                       		pop	bx 
 1506  5A                       		pop	dx 
 1507  52                       		push	dx 
 1508  53                       		push	bx 
 1509  8A D3                    		mov	dl,bl 
Microsoft (R) Macro Assembler  Version 4.00                 3/29/26 15:15:01

                                                            Page     1-57
                                                            

 150B  E8 1512 R                		call	sub_36 
 150E  5B                       		pop	bx 
 150F  5A                       		pop	dx 
 1510  8A DA                    		mov	bl,dl 
                                 
                                ;ﬂﬂﬂﬂ External Entry into Subroutine ﬂﬂﬂﬂﬂﬂﬂﬂﬂﬂﬂﬂﬂﬂﬂﬂﬂﬂﬂﬂﬂﬂﬂﬂﬂﬂﬂﬂﬂﬂﬂﬂﬂﬂﬂﬂﬂﬂ 
                                 
 1512                           sub_36: 
 1512  3A F7                    		cmp	dh,bh 
 1514  73 02                    		jae	loc_231			; Jump if above or = 
 1516  87 D3                    		xchg	dx,bx 
 1518                           loc_231: 
 1518  0A DB                    		or	bl,bl			; Zero ? 
 151A  75 01                    		jnz	loc_232			; Jump if not zero 
                                		retn 
 151C  C3                     1                 db     0C3h
 151D                           loc_232: 
 151D  80 FB DF                 		cmp	bl,0DFh 
 1520  72 01                    		jb	loc_233			; Jump if below 
                                		retn 
 1522  C3                     1                 db     0C3h
 1523                           loc_233: 
 1523  0A FF                    		or	bh,bh			; Zero ? 
 1525  75 02                    		jnz	loc_234			; Jump if not zero 
 1527  B7 01                    		mov	bh,1 
 1529                           loc_234: 
 1529  80 FE 8F                 		cmp	dh,8Fh 
 152C  72 02                    		jb	loc_235			; Jump if below 
 152E  B6 8E                    		mov	dh,8Eh 
 1530                           loc_235: 
 1530  8A C6                    		mov	al,dh 
 1532  2A C7                    		sub	al,bh 
 1534  FE C0                    		inc	al 
 1536  50                       		push	ax 
 1537  8A C7                    		mov	al,bh 
 1539  E8 1616 R                		call	sub_38 
 153C  8A C3                    		mov	al,bl 
 153E  D0 E8                    		shr	al,1			; Shift w/zeros fill 
 1540  32 E4                    		xor	ah,ah			; Zero register 
 1542  03 F8                    		add	di,ax 
 1544  59                       		pop	cx 
 1545  32 ED                    		xor	ch,ch			; Zero register 
 1547  80 E3 01                 		and	bl,1 
 154A  74 04                    		jz	loc_236			; Jump if zero 
 154C  B4 0F                    		mov	ah,0Fh 
 154E  EB 02                    		jmp	short loc_237 
 1550                           loc_236: 
 1550  B4 F0                    		mov	ah,0F0h 
 1552                           loc_237: 
 1552  8A C4                    		mov	al,ah 
 1554  F6 D0                    		not	al 
 1556  22 26 5243               		and	ah,ds:data_72e 
                                 
 155A                           locloop_238: 
 155A  26: 20 05                		and	es:[di],al 
Microsoft (R) Macro Assembler  Version 4.00                 3/29/26 15:15:01

                                                            Page     1-58
                                                            

 155D  26: 08 25                		or	es:[di],ah 
 1560  81 C7 2000               		add	di,2000h 
 1564  81 FF 8000               		cmp	di,8000h 
 1568  72 04                    		jb	loc_239			; Jump if below 
 156A  81 C7 80A0               		add	di,80A0h 
 156E                           loc_239: 
 156E  E2 EA                    		loop	locloop_238		; Loop if cx > 0 
                                 
                                		retn 
 1570  C3                     1                 db     0C3h
                                sub_35		endp 
                                 
                                 
                                ;ﬂﬂﬂﬂﬂﬂﬂﬂﬂﬂﬂﬂﬂﬂﬂﬂﬂﬂﬂﬂﬂﬂﬂﬂﬂﬂﬂﬂﬂﬂﬂﬂﬂﬂﬂﬂﬂﬂﬂﬂﬂﬂﬂﬂﬂﬂﬂﬂﬂﬂﬂﬂﬂﬂﬂﬂﬂﬂﬂﬂﬂﬂﬂﬂﬂﬂﬂﬂﬂﬂﬂﬂﬂﬂ 
                                ;                              SUBROUTINE 
                                ;‹‹‹‹‹‹‹‹‹‹‹‹‹‹‹‹‹‹‹‹‹‹‹‹‹‹‹‹‹‹‹‹‹‹‹‹‹‹‹‹‹‹‹‹‹‹‹‹‹‹‹‹‹‹‹‹‹‹‹‹‹‹‹‹‹‹‹‹‹‹‹‹‹‹ 
                                 
 1571                           sub_37		proc	near 
 1571  3A D3                    		cmp	dl,bl 
 1573  73 02                    		jae	loc_240			; Jump if above or = 
 1575  87 D3                    		xchg	dx,bx 
 1577                           loc_240: 
 1577  0A FF                    		or	bh,bh			; Zero ? 
 1579  75 01                    		jnz	loc_241			; Jump if not zero 
                                		retn 
 157B  C3                     1                 db     0C3h
 157C                           loc_241: 
 157C  80 FF 8F                 		cmp	bh,8Fh 
 157F  72 01                    		jb	loc_242			; Jump if below 
                                		retn 
 1581  C3                     1                 db     0C3h
 1582                           loc_242: 
 1582  0A DB                    		or	bl,bl			; Zero ? 
 1584  75 02                    		jnz	loc_243			; Jump if not zero 
 1586  B3 01                    		mov	bl,1 
 1588                           loc_243: 
 1588  80 FA DF                 		cmp	dl,0DFh 
 158B  72 02                    		jb	loc_244			; Jump if below 
 158D  B2 DE                    		mov	dl,0DEh 
 158F                           loc_244: 
 158F  8A C7                    		mov	al,bh 
 1591  E8 1616 R                		call	sub_38 
 1594  8A C3                    		mov	al,bl 
 1596  D0 E8                    		shr	al,1			; Shift w/zeros fill 
 1598  32 E4                    		xor	ah,ah			; Zero register 
 159A  03 F8                    		add	di,ax 
 159C  8A E2                    		mov	ah,dl 
 159E  D0 EC                    		shr	ah,1			; Shift w/zeros fill 
 15A0  2A E0                    		sub	ah,al 
 15A2  8A CC                    		mov	cl,ah 
 15A4  32 ED                    		xor	ch,ch			; Zero register 
 15A6  80 E3 01                 		and	bl,1 
 15A9  74 04                    		jz	loc_245			; Jump if zero 
 15AB  B0 0F                    		mov	al,0Fh 
 15AD  EB 02                    		jmp	short loc_246 
Microsoft (R) Macro Assembler  Version 4.00                 3/29/26 15:15:01

                                                            Page     1-59
                                                            

 15AF                           loc_245: 
 15AF  B0 FF                    		mov	al,0FFh 
 15B1                           loc_246: 
 15B1  80 E2 01                 		and	dl,1 
 15B4  74 04                    		jz	loc_247			; Jump if zero 
 15B6  B4 FF                    		mov	ah,0FFh 
 15B8  EB 02                    		jmp	short loc_248 
 15BA                           loc_247: 
 15BA  B4 F0                    		mov	ah,0F0h 
 15BC                           loc_248: 
 15BC  E3 47                    		jcxz	loc_250			; Jump if cx=0 
 15BE  49                       		dec	cx 
 15BF  E3 26                    		jcxz	loc_249			; Jump if cx=0 
 15C1  8A F0                    		mov	dh,al 
 15C3  F6 D6                    		not	dh 
 15C5  22 06 5243               		and	al,ds:data_72e 
 15C9  26: 20 35                		and	es:[di],dh 
 15CC  26: 08 05                		or	es:[di],al 
 15CF  47                       		inc	di 
 15D0  B0 FF                    		mov	al,0FFh 
 15D2  22 06 5243               		and	al,ds:data_72e 
 15D6  F3/ AA                   		rep	stosb			; Rep when cx >0 Store al to es:[di] 
 15D8  8A F4                    		mov	dh,ah 
 15DA  F6 D6                    		not	dh 
 15DC  22 26 5243               		and	ah,ds:data_72e 
 15E0  26: 20 35                		and	es:[di],dh 
 15E3  26: 08 25                		or	es:[di],ah 
                                		retn 
 15E6  C3                     1                 db     0C3h
 15E7                           loc_249: 
 15E7  8A F0                    		mov	dh,al 
 15E9  F6 D6                    		not	dh 
 15EB  22 06 5243               		and	al,ds:data_72e 
 15EF  26: 20 35                		and	es:[di],dh 
 15F2  26: 08 05                		or	es:[di],al 
 15F5  47                       		inc	di 
 15F6  8A F4                    		mov	dh,ah 
 15F8  F6 D6                    		not	dh 
 15FA  22 26 5243               		and	ah,ds:data_72e 
 15FE  26: 20 35                		and	es:[di],dh 
 1601  26: 08 25                		or	es:[di],ah 
                                		retn 
 1604  C3                     1                 db     0C3h
 1605                           loc_250: 
 1605  22 C4                    		and	al,ah 
 1607  8A F0                    		mov	dh,al 
 1609  F6 D6                    		not	dh 
 160B  22 06 5243               		and	al,ds:data_72e 
 160F  26: 20 35                		and	es:[di],dh 
 1612  26: 08 05                		or	es:[di],al 
                                		retn 
 1615  C3                     1                 db     0C3h
                                sub_37		endp 
                                 
                                 
Microsoft (R) Macro Assembler  Version 4.00                 3/29/26 15:15:01

                                                            Page     1-60
                                                            

                                ;ﬂﬂﬂﬂﬂﬂﬂﬂﬂﬂﬂﬂﬂﬂﬂﬂﬂﬂﬂﬂﬂﬂﬂﬂﬂﬂﬂﬂﬂﬂﬂﬂﬂﬂﬂﬂﬂﬂﬂﬂﬂﬂﬂﬂﬂﬂﬂﬂﬂﬂﬂﬂﬂﬂﬂﬂﬂﬂﬂﬂﬂﬂﬂﬂﬂﬂﬂﬂﬂﬂﬂﬂﬂﬂ 
                                ;                              SUBROUTINE 
                                ;‹‹‹‹‹‹‹‹‹‹‹‹‹‹‹‹‹‹‹‹‹‹‹‹‹‹‹‹‹‹‹‹‹‹‹‹‹‹‹‹‹‹‹‹‹‹‹‹‹‹‹‹‹‹‹‹‹‹‹‹‹‹‹‹‹‹‹‹‹‹‹‹‹‹ 
                                 
 1616                           sub_38		proc	near 
 1616  53                       		push	bx 
 1617  04 0E                    		add	al,0Eh 
 1619  8A F8                    		mov	bh,al 
 161B  D0 CF                    		ror	bh,1			; Rotate 
 161D  D0 CF                    		ror	bh,1			; Rotate 
 161F  D0 CF                    		ror	bh,1			; Rotate 
 1621  81 E3 6000               		and	bx,6000h 
 1625  8B FB                    		mov	di,bx 
 1627  D0 E8                    		shr	al,1			; Shift w/zeros fill 
 1629  D0 E8                    		shr	al,1			; Shift w/zeros fill 
 162B  B3 A0                    		mov	bl,0A0h 
 162D  F6 E3                    		mul	bl			; ax = reg * al 
 162F  05 0018                  		add	ax,18h 
 1632  03 F8                    		add	di,ax 
 1634  5B                       		pop	bx 
                                		retn 
 1635  C3                     1                 db     0C3h
                                sub_38		endp 
                                 
                                 
                                ;ﬂﬂﬂﬂﬂﬂﬂﬂﬂﬂﬂﬂﬂﬂﬂﬂﬂﬂﬂﬂﬂﬂﬂﬂﬂﬂﬂﬂﬂﬂﬂﬂﬂﬂﬂﬂﬂﬂﬂﬂﬂﬂﬂﬂﬂﬂﬂﬂﬂﬂﬂﬂﬂﬂﬂﬂﬂﬂﬂﬂﬂﬂﬂﬂﬂﬂﬂﬂﬂﬂﬂﬂﬂﬂ 
                                ;                              SUBROUTINE 
                                ;‹‹‹‹‹‹‹‹‹‹‹‹‹‹‹‹‹‹‹‹‹‹‹‹‹‹‹‹‹‹‹‹‹‹‹‹‹‹‹‹‹‹‹‹‹‹‹‹‹‹‹‹‹‹‹‹‹‹‹‹‹‹‹‹‹‹‹‹‹‹‹‹‹‹ 
                                 
 1636                           sub_39		proc	near 
 1636  8A 0E FF33               		mov	cl,ds:data_97e 
 163A  D0 E9                    		shr	cl,1			; Shift w/zeros fill 
 163C  FE C1                    		inc	cl 
 163E  B0 01                    		mov	al,1 
 1640  F6 E1                    		mul	cl			; ax = reg * al 
 1642                           loc_251: 
 1642  50                       		push	ax 
 1643  2E: FF 16 0110           		call	word ptr cs:[110h] 
 1648  2E: FF 16 0112           		call	word ptr cs:[112h] 
 164D  2E: FF 16 0114           		call	word ptr cs:[114h] 
 1652  2E: FF 16 0116           		call	word ptr cs:[116h] 
 1657  2E: FF 16 0118           		call	word ptr cs:[118h] 
 165C  58                       		pop	ax 
 165D  38 06 FF1A               		cmp	ds:data_93e,al 
 1661  72 DF                    		jb	loc_251			; Jump if below 
 1663  C6 06 FF1A 00            		mov	byte ptr ds:data_93e,0 
                                		retn 
 1668  C3                     1                 db     0C3h
                                sub_39		endp 
                                 
                                 
                                ;ﬂﬂﬂﬂﬂﬂﬂﬂﬂﬂﬂﬂﬂﬂﬂﬂﬂﬂﬂﬂﬂﬂﬂﬂﬂﬂﬂﬂﬂﬂﬂﬂﬂﬂﬂﬂﬂﬂﬂﬂﬂﬂﬂﬂﬂﬂﬂﬂﬂﬂﬂﬂﬂﬂﬂﬂﬂﬂﬂﬂﬂﬂﬂﬂﬂﬂﬂﬂﬂﬂﬂﬂﬂﬂ 
                                ;                              SUBROUTINE 
                                ;‹‹‹‹‹‹‹‹‹‹‹‹‹‹‹‹‹‹‹‹‹‹‹‹‹‹‹‹‹‹‹‹‹‹‹‹‹‹‹‹‹‹‹‹‹‹‹‹‹‹‹‹‹‹‹‹‹‹‹‹‹‹‹‹‹‹‹‹‹‹‹‹‹‹ 
                                 
Microsoft (R) Macro Assembler  Version 4.00                 3/29/26 15:15:01

                                                            Page     1-61
                                                            

 1669                           sub_40		proc	near 
 1669                           loc_252: 
 1669  B8 B800                  		mov	ax,0B800h 
 166C  8E C0                    		mov	es,ax 
 166E  BF 41F8                  		mov	di,data_114e 
 1671  B9 0008                  		mov	cx,8 
                                 
 1674                           locloop_253: 
 1674  51                       		push	cx 
 1675  57                       		push	di 
 1676  B9 0012                  		mov	cx,12h 
                                 
 1679                           locloop_254: 
 1679  51                       		push	cx 
 167A  57                       		push	di 
 167B  B9 0038                  		mov	cx,38h 
 167E  B8 4444                  		mov	ax,4444h 
                                 
 1681                           locloop_255: 
 1681  26: 31 05                		xor	es:[di],ax 
 1684  47                       		inc	di 
 1685  47                       		inc	di 
 1686  E2 F9                    		loop	locloop_255		; Loop if cx > 0 
                                 
 1688  5F                       		pop	di 
 1689  81 C7 0140               		add	di,140h 
 168D  59                       		pop	cx 
 168E  E2 E9                    		loop	locloop_254		; Loop if cx > 0 
                                 
 1690  5F                       		pop	di 
 1691  81 C7 2000               		add	di,2000h 
 1695  81 FF 8000               		cmp	di,8000h 
 1699  72 04                    		jb	loc_256			; Jump if below 
 169B  81 C7 80A0               		add	di,80A0h 
 169F                           loc_256: 
 169F  59                       		pop	cx 
 16A0  E2 D2                    		loop	locloop_253		; Loop if cx > 0 
                                 
                                		retn 
 16A2  C3                     1                 db     0C3h
                                sub_40		endp 
                                 
                                			                        ;* No entry point to code 
 16A3  24 3F                    		and	al,3Fh			; '?' 
 16A5  8B D8                    		mov	bx,ax 
 16A7  02 DB                    		add	bl,bl 
 16A9  02 DB                    		add	bl,bl 
 16AB  02 DB                    		add	bl,bl 
 16AD  80 C3 0E                 		add	bl,0Eh 
 16B0  80 EF 04                 		sub	bh,4 
 16B3  02 FF                    		add	bh,bh 
 16B5  02 FF                    		add	bh,bh 
 16B7  80 C7 18                 		add	bh,18h 
 16BA  E8 21B9 R                		call	sub_49 
 16BD  8B F8                    		mov	di,ax 
Microsoft (R) Macro Assembler  Version 4.00                 3/29/26 15:15:01

                                                            Page     1-62
                                                            

                                		retn 
 16BF  C3                     1                 db     0C3h
                                			                        ;* No entry point to code 
 16C0  8A 1E 009D               		mov	bl,byte ptr ds:[9Dh] 
 16C4  0A DB                    		or	bl,bl			; Zero ? 
 16C6  74 21                    		jz	loc_257			; Jump if zero 
 16C8  80 FB 07                 		cmp	bl,7 
 16CB  74 1C                    		je	loc_257			; Jump if equal 
 16CD  FE CB                    		dec	bl 
 16CF  32 FF                    		xor	bh,bh			; Zero register 
 16D1  03 DB                    		add	bx,bx 
 16D3  2E: 8E 06 FF2C           		mov	es,cs:data_94e 
 16D8  8C C8                    		mov	ax,cs 
 16DA  05 2000                  		add	ax,2000h 
 16DD  8E D8                    		mov	ds,ax 
 16DF  8B 37                    		mov	si,[bx] 
 16E1  BF 8CF0                  		mov	di,data_4e 
 16E4  B9 0480                  		mov	cx,480h 
 16E7  F3/ A4                   		rep	movsb			; Rep when cx >0 Mov [si] to es:[di] 
 16E9                           loc_257: 
 16E9  2E: 8E 1E FF2C           		mov	ds,cs:data_94e 
 16EE  BE 8CF0                  		mov	si,8CF0h 
                                		retn 
 16F1  C3                     1                 db     0C3h
                                 
                                ;ﬂﬂﬂﬂﬂﬂﬂﬂﬂﬂﬂﬂﬂﬂﬂﬂﬂﬂﬂﬂﬂﬂﬂﬂﬂﬂﬂﬂﬂﬂﬂﬂﬂﬂﬂﬂﬂﬂﬂﬂﬂﬂﬂﬂﬂﬂﬂﬂﬂﬂﬂﬂﬂﬂﬂﬂﬂﬂﬂﬂﬂﬂﬂﬂﬂﬂﬂﬂﬂﬂﬂﬂﬂﬂ 
                                ;                              SUBROUTINE 
                                ;‹‹‹‹‹‹‹‹‹‹‹‹‹‹‹‹‹‹‹‹‹‹‹‹‹‹‹‹‹‹‹‹‹‹‹‹‹‹‹‹‹‹‹‹‹‹‹‹‹‹‹‹‹‹‹‹‹‹‹‹‹‹‹‹‹‹‹‹‹‹‹‹‹‹ 
                                 
 16F2                           sub_41		proc	near 
 16F2  81 FE E900               		cmp	si,0E900h 
 16F6  73 01                    		jae	loc_258			; Jump if above or = 
                                		retn 
 16F8  C3                     1                 db     0C3h
 16F9                           loc_258: 
 16F9  81 EE 0900               		sub	si,900h 
                                		retn 
 16FD  C3                     1                 db     0C3h
                                sub_41		endp 
                                 
                                 
                                ;ﬂﬂﬂﬂﬂﬂﬂﬂﬂﬂﬂﬂﬂﬂﬂﬂﬂﬂﬂﬂﬂﬂﬂﬂﬂﬂﬂﬂﬂﬂﬂﬂﬂﬂﬂﬂﬂﬂﬂﬂﬂﬂﬂﬂﬂﬂﬂﬂﬂﬂﬂﬂﬂﬂﬂﬂﬂﬂﬂﬂﬂﬂﬂﬂﬂﬂﬂﬂﬂﬂﬂﬂﬂﬂ 
                                ;                              SUBROUTINE 
                                ;‹‹‹‹‹‹‹‹‹‹‹‹‹‹‹‹‹‹‹‹‹‹‹‹‹‹‹‹‹‹‹‹‹‹‹‹‹‹‹‹‹‹‹‹‹‹‹‹‹‹‹‹‹‹‹‹‹‹‹‹‹‹‹‹‹‹‹‹‹‹‹‹‹‹ 
                                 
 16FE                           sub_42		proc	near 
 16FE  81 FE E000               		cmp	si,0E000h 
 1702  72 01                    		jb	loc_259			; Jump if below 
                                		retn 
 1704  C3                     1                 db     0C3h
 1705                           loc_259: 
 1705  81 C6 0900               		add	si,900h 
                                		retn 
 1709  C3                     1                 db     0C3h
                                sub_42		endp 
Microsoft (R) Macro Assembler  Version 4.00                 3/29/26 15:15:01

                                                            Page     1-63
                                                            

                                 
                                			                        ;* No entry point to code 
 170A  56                       		push	si 
 170B  1E                       		push	ds 
 170C  2E: C7 06 523B CC44      		mov	word ptr cs:data_66e,0CC44h 
 1713  BE 4771                  		mov	si,data_53e 
 1716  BF 0658                  		mov	di,658h 
 1719  B8 B800                  		mov	ax,0B800h 
 171C  8E C0                    		mov	es,ax 
 171E  B9 0005                  		mov	cx,5 
                                 
 1721                           locloop_260: 
 1721  51                       		push	cx 
 1722  B9 001C                  		mov	cx,1Ch 
                                 
 1725                           locloop_261: 
 1725  51                       		push	cx 
 1726  AC                       		lodsb				; String [si] to al 
 1727  1E                       		push	ds 
 1728  56                       		push	si 
 1729  2E: 8E 1E FF2C           		mov	ds,cs:data_94e 
 172E  32 E4                    		xor	ah,ah			; Zero register 
 1730  03 C0                    		add	ax,ax 
 1732  03 C0                    		add	ax,ax 
 1734  03 C0                    		add	ax,ax 
 1736  03 C0                    		add	ax,ax 
 1738  05 4000                  		add	ax,4000h 
 173B  8B F0                    		mov	si,ax 
 173D  57                       		push	di 
 173E  B9 0008                  		mov	cx,8 
                                 
 1741                           locloop_262: 
 1741  51                       		push	cx 
 1742  AD                       		lodsw				; String [si] to ax 
 1743  86 E0                    		xchg	ah,al 
 1745  E8 11D3 R                		call	sub_27 
 1748  26: 89 15                		mov	es:[di],dx 
 174B  E8 11D3 R                		call	sub_27 
 174E  26: 89 55 02             		mov	es:[di+2],dx 
 1752  81 C7 2000               		add	di,2000h 
 1756  81 FF 8000               		cmp	di,8000h 
 175A  72 04                    		jb	loc_263			; Jump if below 
 175C  81 C7 80A0               		add	di,80A0h 
 1760                           loc_263: 
 1760  59                       		pop	cx 
 1761  E2 DE                    		loop	locloop_262		; Loop if cx > 0 
                                 
 1763  5F                       		pop	di 
 1764  83 C7 04                 		add	di,4 
 1767  5E                       		pop	si 
 1768  1F                       		pop	ds 
 1769  59                       		pop	cx 
 176A  E2 B9                    		loop	locloop_261		; Loop if cx > 0 
                                 
 176C  81 C7 00D0               		add	di,0D0h 
Microsoft (R) Macro Assembler  Version 4.00                 3/29/26 15:15:01

                                                            Page     1-64
                                                            

 1770  59                       		pop	cx 
 1771  E2 AE                    		loop	locloop_260		; Loop if cx > 0 
                                 
 1773  1F                       		pop	ds 
 1774  5E                       		pop	si 
                                		retn 
 1775  C3                     1                 db     0C3h
 1776  00 01 02 04 07 09        		db	 00h, 01h, 02h, 04h, 07h, 09h 
 177C  0D 10 04 15 17 1C        		db	 0Dh, 10h, 04h, 15h, 17h, 1Ch 
 1782  1E 04 07 09 22 02        		db	 1Eh, 04h, 07h, 09h, 22h, 02h 
 1788  25 08 02 28 02 2D        		db	 25h, 08h, 02h, 28h, 02h, 2Dh 
 178E  31 36 3B 40 00 01        		db	 31h, 36h, 3Bh, 40h, 00h, 01h 
 1794  03 06 08 0A 0E 11        		db	 03h, 06h, 08h, 0Ah, 0Eh, 11h 
 179A  06 08 18 0E 1E 04        		db	 06h, 08h, 18h, 0Eh, 1Eh, 04h 
 17A0  08 0A 23 24              		db	8, 0Ah, '#$' 
 17A4  26 08 27 29 2A           		db	'&', 8, 27h, ')*' 
 17A9  04 32 37 3C 06 00        		db	 04h, 32h, 37h, 3Ch, 06h, 00h 
 17AF  01 02 05 08 02 0E        		db	 01h, 02h, 05h, 08h, 02h, 0Eh 
 17B5  12 06 08 19 0E 1E        		db	 12h, 06h, 08h, 19h, 0Eh, 1Eh 
 17BB  04 08 02 23 24 26        		db	 04h, 08h, 02h, 23h, 24h, 26h 
 17C1  08 25 29 02 2E 33        		db	 08h, 25h, 29h, 02h, 2Eh, 33h 
 17C7  38 3D 06 00 01 03        		db	 38h, 3Dh, 06h, 00h, 01h, 03h 
 17CD  06 08 0B 0E 13 06        		db	 06h, 08h, 0Bh, 0Eh, 13h, 06h 
 17D3  08 1A 0E 1F 04 08        		db	 08h, 1Ah, 0Eh, 1Fh, 04h, 08h 
 17D9  0B                       		db	 0Bh 
 17DA  23 24                    		db	'#$' 
 17DC  26 08 27 29 2B 2F 34     		db	'&', 8, 27h, ')+/49>' 
       39 3E                    
 17E5  06 00 01 02 04 08        		db	 06h, 00h, 01h, 02h, 04h, 08h 
 17EB  0C 0F 14 04 16 1B        		db	 0Ch, 0Fh, 14h, 04h, 16h, 1Bh 
 17F1  1D                       		db	 1Dh 
 17F2  20 21 08 0C 23 24        		db	' !', 8, 0Ch, '#$' 
 17F8  26 08                    		db	'&', 8 
 17FA  02 28 2C 30 35 3A        		db	 02h, 28h, 2Ch, 30h, 35h, 3Ah 
 1800  3F 06 A2 43 52 BE        		db	 3Fh, 06h,0A2h, 43h, 52h,0BEh 
 1806  55 49 C7 06 31 52        		db	 55h, 49h,0C7h, 06h, 31h, 52h 
 180C  F8 41 B9 12 00           		db	0F8h, 41h,0B9h, 12h, 00h 
                                 
 1811                           locloop_264: 
 1811  51                       		push	cx 
 1812  B9 001C                  		mov	cx,1Ch 
                                 
 1815                           locloop_265: 
 1815  51                       		push	cx 
 1816  AC                       		lodsb				; String [si] to al 
 1817  56                       		push	si 
 1818  E8 182E R                		call	sub_43 
 181B  5E                       		pop	si 
 181C  83 06 5231 04            		add	word ptr ds:data_59e,4 
 1821  59                       		pop	cx 
 1822  E2 F1                    		loop	locloop_265		; Loop if cx > 0 
                                 
 1824  81 06 5231 00D0          		add	word ptr ds:data_59e,0D0h 
 182A  59                       		pop	cx 
 182B  E2 E4                    		loop	locloop_264		; Loop if cx > 0 
Microsoft (R) Macro Assembler  Version 4.00                 3/29/26 15:15:01

                                                            Page     1-65
                                                            

                                 
                                		retn 
 182D  C3                     1                 db     0C3h
                                 
                                ;ﬂﬂﬂﬂﬂﬂﬂﬂﬂﬂﬂﬂﬂﬂﬂﬂﬂﬂﬂﬂﬂﬂﬂﬂﬂﬂﬂﬂﬂﬂﬂﬂﬂﬂﬂﬂﬂﬂﬂﬂﬂﬂﬂﬂﬂﬂﬂﬂﬂﬂﬂﬂﬂﬂﬂﬂﬂﬂﬂﬂﬂﬂﬂﬂﬂﬂﬂﬂﬂﬂﬂﬂﬂﬂ 
                                ;                              SUBROUTINE 
                                ;‹‹‹‹‹‹‹‹‹‹‹‹‹‹‹‹‹‹‹‹‹‹‹‹‹‹‹‹‹‹‹‹‹‹‹‹‹‹‹‹‹‹‹‹‹‹‹‹‹‹‹‹‹‹‹‹‹‹‹‹‹‹‹‹‹‹‹‹‹‹‹‹‹‹ 
                                 
 182E                           sub_43		proc	near 
 182E  1E                       		push	ds 
 182F  B1 20                    		mov	cl,20h			; ' ' 
 1831  F6 E1                    		mul	cl			; ax = reg * al 
 1833  05 8000                  		add	ax,8000h 
 1836  8B F0                    		mov	si,ax 
 1838  2E: 8E 1E FF2C           		mov	ds,cs:data_94e 
 183D  B8 B800                  		mov	ax,0B800h 
 1840  8E C0                    		mov	es,ax 
 1842  2E: 8B 3E 5231           		mov	di,cs:data_59e 
 1847  B9 0008                  		mov	cx,8 
                                 
 184A                           locloop_266: 
 184A  51                       		push	cx 
 184B  AD                       		lodsw				; String [si] to ax 
 184C  E8 1868 R                		call	sub_44 
 184F  AB                       		stosw				; Store ax to es:[di] 
 1850  AD                       		lodsw				; String [si] to ax 
 1851  E8 1868 R                		call	sub_44 
 1854  AB                       		stosw				; Store ax to es:[di] 
 1855  81 C7 1FFC               		add	di,1FFCh 
 1859  81 FF 8000               		cmp	di,8000h 
 185D  72 04                    		jb	loc_267			; Jump if below 
 185F  81 C7 80A0               		add	di,80A0h 
 1863                           loc_267: 
 1863  59                       		pop	cx 
 1864  E2 E4                    		loop	locloop_266		; Loop if cx > 0 
                                 
 1866  1F                       		pop	ds 
                                		retn 
 1867  C3                     1                 db     0C3h
                                sub_43		endp 
                                 
                                 
                                ;ﬂﬂﬂﬂﬂﬂﬂﬂﬂﬂﬂﬂﬂﬂﬂﬂﬂﬂﬂﬂﬂﬂﬂﬂﬂﬂﬂﬂﬂﬂﬂﬂﬂﬂﬂﬂﬂﬂﬂﬂﬂﬂﬂﬂﬂﬂﬂﬂﬂﬂﬂﬂﬂﬂﬂﬂﬂﬂﬂﬂﬂﬂﬂﬂﬂﬂﬂﬂﬂﬂﬂﬂﬂﬂ 
                                ;                              SUBROUTINE 
                                ;‹‹‹‹‹‹‹‹‹‹‹‹‹‹‹‹‹‹‹‹‹‹‹‹‹‹‹‹‹‹‹‹‹‹‹‹‹‹‹‹‹‹‹‹‹‹‹‹‹‹‹‹‹‹‹‹‹‹‹‹‹‹‹‹‹‹‹‹‹‹‹‹‹‹ 
                                 
 1868                           sub_44		proc	near 
 1868  0B C0                    		or	ax,ax			; Zero ? 
 186A  75 01                    		jnz	loc_268			; Jump if not zero 
                                		retn 
 186C  C3                     1                 db     0C3h
 186D                           loc_268: 
 186D  B9 0004                  		mov	cx,4 
                                 
 1870                           locloop_269: 
Microsoft (R) Macro Assembler  Version 4.00                 3/29/26 15:15:01

                                                            Page     1-66
                                                            

 1870  51                       		push	cx 
 1871  03 C0                    		add	ax,ax 
 1873  12 C9                    		adc	cl,cl 
 1875  03 C0                    		add	ax,ax 
 1877  12 C9                    		adc	cl,cl 
 1879  03 C0                    		add	ax,ax 
 187B  12 C9                    		adc	cl,cl 
 187D  03 C0                    		add	ax,ax 
 187F  12 C9                    		adc	cl,cl 
 1881  80 E1 0F                 		and	cl,0Fh 
 1884  2E: 8A 1E 5243           		mov	bl,cs:data_72e 
 1889  32 FF                    		xor	bh,bh			; Zero register 
 188B  03 DB                    		add	bx,bx 
 188D  2E: FF 97 489D           		call	word ptr cs:data_54e[bx]	;* 
 1892  03 D2                    		add	dx,dx 
 1894  03 D2                    		add	dx,dx 
 1896  03 D2                    		add	dx,dx 
 1898  03 D2                    		add	dx,dx 
 189A  0A D1                    		or	dl,cl 
 189C  59                       		pop	cx 
 189D  E2 D1                    		loop	locloop_269		; Loop if cx > 0 
                                 
 189F  8B C2                    		mov	ax,dx 
                                		retn 
 18A1  C3                     1                 db     0C3h
                                sub_44		endp 
                                 
                                			                        ;* No entry point to code 
 18A2  A7                       		cmpsw				; Cmp [si] to es:[di] 
 18A3  48                       		dec	ax 
 18A4  D0 48 DF                 		ror	byte ptr [bx+si-21h],1	; Rotate 
 18A7  48                       		dec	ax 
 18A8  FC                       		cld				; Clear direction 
 18A9  48                       		dec	ax 
 18AA  27                       		daa				; Decimal adjust 
 18AB  49                       		dec	cx 
 18AC  B5 02                    		mov	ch,2 
 18AE  80 F9 06                 		cmp	cl,6 
 18B1  75 03                    		jne	loc_270			; Jump if not equal 
 18B3  E9 1957 R                		jmp	loc_274 
 18B6                           loc_270: 
 18B6  B5 0A                    		mov	ch,0Ah 
 18B8  80 F9 0E                 		cmp	cl,0Eh 
 18BB  75 03                    		jne	loc_271			; Jump if not equal 
 18BD  E9 1957 R                		jmp	loc_274 
 18C0                           loc_271: 
 18C0  B5 05                    		mov	ch,5 
 18C2  80 F9 01                 		cmp	cl,1 
 18C5  75 03                    		jne	loc_272			; Jump if not equal 
 18C7  E9 1957 R                		jmp	loc_274 
 18CA                           loc_272: 
 18CA  B5 0D                    		mov	ch,0Dh 
 18CC  80 F9 09                 		cmp	cl,9 
 18CF  75 03                    		jne	loc_ret_273		; Jump if not equal 
 18D1  E9 1957 R                		jmp	loc_274 
Microsoft (R) Macro Assembler  Version 4.00                 3/29/26 15:15:01

                                                            Page     1-67
                                                            

                                 
 18D4                           loc_ret_273: 
                                		retn 
 18D4  C3                     1                 db     0C3h
                                			                        ;* No entry point to code 
 18D5  B5 04                    		mov	ch,4 
 18D7  80 F9 03                 		cmp	cl,3 
 18DA  74 7B                    		je	loc_274			; Jump if equal 
 18DC  B5 0C                    		mov	ch,0Ch 
 18DE  80 F9 0B                 		cmp	cl,0Bh 
 18E1  74 74                    		je	loc_274			; Jump if equal 
                                		retn 
 18E3  C3                     1                 db     0C3h
                                			                        ;* No entry point to code 
 18E4  B5 01                    		mov	ch,1 
 18E6  80 F9 03                 		cmp	cl,3 
 18E9  74 6C                    		je	loc_274			; Jump if equal 
 18EB  B5 09                    		mov	ch,9 
 18ED  80 F9 0B                 		cmp	cl,0Bh 
 18F0  74 65                    		je	loc_274			; Jump if equal 
 18F2  B5 03                    		mov	ch,3 
 18F4  80 F9 05                 		cmp	cl,5 
 18F7  74 5E                    		je	loc_274			; Jump if equal 
 18F9  B5 0B                    		mov	ch,0Bh 
 18FB  80 F9 0D                 		cmp	cl,0Dh 
 18FE  74 57                    		je	loc_274			; Jump if equal 
                                		retn 
 1900  C3                     1                 db     0C3h
                                			                        ;* No entry point to code 
 1901  B5 02                    		mov	ch,2 
 1903  80 F9 03                 		cmp	cl,3 
 1906  74 4F                    		je	loc_274			; Jump if equal 
 1908  B5 0A                    		mov	ch,0Ah 
 190A  80 F9 0B                 		cmp	cl,0Bh 
 190D  74 48                    		je	loc_274			; Jump if equal 
 190F  B5 01                    		mov	ch,1 
 1911  80 F9 05                 		cmp	cl,5 
 1914  74 41                    		je	loc_274			; Jump if equal 
 1916  B5 09                    		mov	ch,9 
 1918  80 F9 0D                 		cmp	cl,0Dh 
 191B  74 3A                    		je	loc_274			; Jump if equal 
 191D  B5 05                    		mov	ch,5 
 191F  80 F9 06                 		cmp	cl,6 
 1922  74 33                    		je	loc_274			; Jump if equal 
 1924  B5 0D                    		mov	ch,0Dh 
 1926  80 F9 0E                 		cmp	cl,0Eh 
 1929  74 2C                    		je	loc_274			; Jump if equal 
                                		retn 
 192B  C3                     1                 db     0C3h
                                			                        ;* No entry point to code 
 192C  B5 01                    		mov	ch,1 
 192E  80 F9 05                 		cmp	cl,5 
 1931  74 24                    		je	loc_274			; Jump if equal 
 1933  B5 09                    		mov	ch,9 
 1935  80 F9 0D                 		cmp	cl,0Dh 
Microsoft (R) Macro Assembler  Version 4.00                 3/29/26 15:15:01

                                                            Page     1-68
                                                            

 1938  74 1D                    		je	loc_274			; Jump if equal 
 193A  B5 05                    		mov	ch,5 
 193C  80 F9 03                 		cmp	cl,3 
 193F  74 16                    		je	loc_274			; Jump if equal 
 1941  B5 0D                    		mov	ch,0Dh 
 1943  80 F9 0B                 		cmp	cl,0Bh 
 1946  74 0F                    		je	loc_274			; Jump if equal 
 1948  B5 03                    		mov	ch,3 
 194A  80 F9 06                 		cmp	cl,6 
 194D  74 08                    		je	loc_274			; Jump if equal 
 194F  B5 0B                    		mov	ch,0Bh 
 1951  80 F9 0E                 		cmp	cl,0Eh 
 1954  74 01                    		je	loc_274			; Jump if equal 
                                		retn 
 1956  C3                     1                 db     0C3h
 1957                           loc_274: 
 1957  8A CD                    		mov	cl,ch 
                                		retn 
 1959  C3                     1                 db     0C3h
                                			                        ;* No entry point to code 
 195A  07                       		pop	es 
 195B  08 09                    		or	[bx+di],cl 
 195D  0A 07                    		or	al,[bx] 
 195F  08 0B                    		or	[bp+di],cl 
 1961  0C 07                    		or	al,7 
 1963  08 09                    		or	[bx+di],cl 
 1965  0A 19                    		or	bl,[bx+di] 
 1967  3D 2761                  		cmp	ax,2761h 
 196A  1D 1D1E                  		sbb	ax,1D1Eh 
 196D  1E                       		push	ds 
 196E  1F                       		pop	ds 
 196F  20 1F                    		and	[bx],bl 
 1971  20 1D                    		and	[di],bl 
 1973  1E                       		push	ds 
 1974  1F                       		pop	ds 
 1975  20 0D                    		and	[di],cl 
 1977  0E                       		push	cs 
                                ;*		pop	cs			; Dangerous-8088 only 
 1978  0F                       		db	0Fh			;  Fixup - byte match 
 1979  10 0F                    		adc	[bx],cl 
 197B  10 0D                    		adc	[di],cl 
 197D  0E                       		push	cs 
                                ;*		pop	cs			; Dangerous-8088 only 
 197E  0F                       		db	0Fh			;  Fixup - byte match 
 197F  10 17                    		adc	[bx],dl 
 1981  18 3E 625C               		sbb	ds:data_82e,bh 
 1985  26: 2A 25                		sub	ah,es:[di] 
 1988  21 22                    		and	[bp+si],sp 
 198A  21 22                    		and	[bp+si],sp 
 198C  23 24                    		and	sp,[si] 
 198E  21 22                    		and	[bp+si],sp 
 1990  21 22                    		and	[bp+si],sp 
 1992  09 0A                    		or	[bp+si],cx 
 1994  07                       		pop	es 
 1995  08 07                    		or	[bx],al 
Microsoft (R) Macro Assembler  Version 4.00                 3/29/26 15:15:01

                                                            Page     1-69
                                                            

 1997  08 09                    		or	[bx+di],cl 
 1999  0A 07                    		or	al,[bx] 
 199B  08 19                    		or	[bx+di],bl 
 199D  54                       		push	sp 
 199E  59                       		pop	cx 
 199F  5D                       		pop	bp 
 19A0  63 32 2F 2E 1F 20        		db	 63h, 32h, 2Fh, 2Eh, 1Fh, 20h 
 19A6  1F 20 1D 1E 1F 20        		db	 1Fh, 20h, 1Dh, 1Eh, 1Fh, 20h 
 19AC  1F 20 0F 10 11 12        		db	 1Fh, 20h, 0Fh, 10h, 11h, 12h 
 19B2  0F 10 0D 0E 17 18        		db	 0Fh, 10h, 0Dh, 0Eh, 17h, 18h 
 19B8  50 55 5A 5E 64 66 28     		db	'PUZ^df(0#$' 
       30 23 24                 
 19C2  21 22 23 24              		db	'!"#$' 
 19C6  21 22 23 24              		db	'!"#$' 
 19CA  07 08 0A 0C 07 08        		db	 07h, 08h, 0Ah, 0Ch, 07h, 08h 
 19D0  09 0A 1A                 		db	 09h, 0Ah, 1Ah 
 19D3  34 51 56 5B 5F 65 67     		db	'4QV[_eg/-' 
       2F 2D                    
 19DC  1D 1E 1F 20 1D 1E        		db	 1Dh, 1Eh, 1Fh, 20h, 1Dh, 1Eh 
 19E2  1F 20 1D 1E 0F 10        		db	 1Fh, 20h, 1Dh, 1Eh, 0Fh, 10h 
 19E8  0D 0E 0D 0E 17 18        		db	 0Dh, 0Eh, 0Dh, 0Eh, 17h, 18h 
 19EE  49 4D 52 57 00           		db	 49h, 4Dh, 52h, 57h, 00h 
 19F3  60 69 68 6A 6B 28 26     		db	'`ihjk(&!"+&!"!"' 
       21 22 2B 26 21 22 21     
       22                       
 1A02  07                       		db	7 
 1A03  08 09 0A 09 0A 1B 46     		db	8, 9, 0Ah, 9, 0Ah, 1Bh, 'FJNSX' 
       4A 4E 53 58              
 1A0E  00 00 00 00 69 6C        		db	 00h, 00h, 00h, 00h, 69h, 6Ch 
 1A14  31 2D 1F 20 2C 2D        		db	 31h, 2Dh, 1Fh, 20h, 2Ch, 2Dh 
 1A1A  1F 20 1F 20 13 14        		db	 1Fh, 20h, 1Fh, 20h, 13h, 14h 
 1A20  13 14 17 18              		db	 13h, 14h, 17h, 18h 
 1A24  43 47 4B 4F              		db	 43h, 47h, 4Bh, 4Fh 
 1A28  0007[                    		db	7 dup (0) 
            00                  
                         ]      
                                
 1A2F  6D 6E 6F 29 26 21 22     		db	'mno)&!"*%!"' 
       2A 25 21 22              
 1A3A  15 16 15 16 1C           		db	 15h, 16h, 15h, 16h, 1Ch 
 1A3F  35 44 48 4C              		db	 35h, 44h, 48h, 4Ch 
 1A43  0009[                    		db	9 dup (0) 
            00                  
                         ]      
                                
 1A4C  69 71 73 74 1F 20        		db	 69h, 71h, 73h, 74h, 1Fh, 20h 
 1A52  2C 27 1F 20 17 18        		db	 2Ch, 27h, 1Fh, 20h, 17h, 18h 
 1A58  38 3A 3F 42 45           		db	 38h, 3Ah, 3Fh, 42h, 45h 
 1A5D  000C[                    		db	12 dup (0) 
            00                  
                         ]      
                                
 1A69  6D 75 77 79 6F 2B 26     		db	'muwyo+&)&' 
       29 26                    
 1A72  1A 34 39 3B 40 41        		db	 1Ah, 34h, 39h, 3Bh, 40h, 41h 
Microsoft (R) Macro Assembler  Version 4.00                 3/29/26 15:15:01

                                                            Page     1-70
                                                            

 1A78  000E[                    		db	14 dup (0) 
            00                  
                         ]      
                                
 1A86  76 78 7A 7B 31 32 2F     		db	'vxz{12/-367<' 
       2D 33 36 37 3C           
 1A92  00                       		db	0 
 1A93  0012[                    		db	18 dup (0) 
            00                  
                         ]      
                                
 1AA5  6D 71 70 72 70           		db	 6Dh, 71h, 70h, 72h, 70h 
 1AAA  0054[                    		db	84 dup (0) 
            00                  
                         ]      
                                
 1AFE  01 02 01 02 01 02        		db	 01h, 02h, 01h, 02h, 01h, 02h 
 1B04  01 02 01 02 01 02        		db	 01h, 02h, 01h, 02h, 01h, 02h 
 1B0A  01 02 01 02 01 02        		db	 01h, 02h, 01h, 02h, 01h, 02h 
 1B10  01 02 01 02 01 02        		db	 01h, 02h, 01h, 02h, 01h, 02h 
 1B16  01 02 01 02 03 04        		db	 01h, 02h, 01h, 02h, 03h, 04h 
 1B1C  03 04 03 04 03 04        		db	 03h, 04h, 03h, 04h, 03h, 04h 
 1B22  03 04 03 04 03 04        		db	 03h, 04h, 03h, 04h, 03h, 04h 
 1B28  03 04 03 04 03 04        		db	 03h, 04h, 03h, 04h, 03h, 04h 
 1B2E  03 04 03 04 03 04        		db	 03h, 04h, 03h, 04h, 03h, 04h 
 1B34  03 04 05 06 05 06        		db	 03h, 04h, 05h, 06h, 05h, 06h 
 1B3A  05 06 05 06 05 06        		db	 05h, 06h, 05h, 06h, 05h, 06h 
 1B40  05 06 05 06 05 06        		db	 05h, 06h, 05h, 06h, 05h, 06h 
 1B46  05 06 05 06 05 06        		db	 05h, 06h, 05h, 06h, 05h, 06h 
 1B4C  06 05 05 06 05 06        		db	 06h, 05h, 05h, 06h, 05h, 06h 
 1B52  1E 50 02 FF E8 60        		db	 1Eh, 50h, 02h,0FFh,0E8h, 60h 
 1B58  06 8B F8 2E C7 06        		db	 06h, 8Bh,0F8h, 2Eh,0C7h, 06h 
 1B5E  2F 52 DE 51 58 B1        		db	 2Fh, 52h,0DEh, 51h, 58h,0B1h 
 1B64  20 F6 E1 05 00 60        		db	 20h,0F6h,0E1h, 05h, 00h, 60h 
 1B6A  8B F0 2E 8E 1E 2C        		db	 8Bh,0F0h, 2Eh, 8Eh, 1Eh, 2Ch 
 1B70  FF B8 00 B8 8E C0        		db	0FFh,0B8h, 00h,0B8h, 8Eh,0C0h 
 1B76  B9 08 00                 		db	0B9h, 08h, 00h 
                                 
 1B79                           locloop_275: 
 1B79  AD                       		lodsw				; String [si] to ax 
 1B7A  E8 076D R                		call	sub_13 
 1B7D  AB                       		stosw				; Store ax to es:[di] 
 1B7E  AD                       		lodsw				; String [si] to ax 
 1B7F  E8 076D R                		call	sub_13 
 1B82  AB                       		stosw				; Store ax to es:[di] 
 1B83  81 C7 1FFC               		add	di,1FFCh 
 1B87  81 FF 8000               		cmp	di,8000h 
 1B8B  72 04                    		jb	loc_276			; Jump if below 
 1B8D  81 C7 80A0               		add	di,80A0h 
 1B91                           loc_276: 
 1B91  E2 E6                    		loop	locloop_275		; Loop if cx > 0 
                                 
 1B93  1F                       		pop	ds 
                                		retn 
 1B94  C3                     1                 db     0C3h
Microsoft (R) Macro Assembler  Version 4.00                 3/29/26 15:15:01

                                                            Page     1-71
                                                            

                                			                        ;* No entry point to code 
 1B95  1E                       		push	ds 
 1B96  2E: C7 06 523B FF77      		mov	word ptr cs:data_66e,0FF77h 
 1B9D  8A 1E 0092               		mov	bl,byte ptr ds:[92h] 
 1BA1  FE CB                    		dec	bl 
 1BA3  32 FF                    		xor	bh,bh			; Zero register 
 1BA5  03 DB                    		add	bx,bx 
 1BA7  8B B7 4BFB               		mov	si,ds:data_55e[bx] 
 1BAB  BF 4D68                  		mov	di,4D68h 
 1BAE  B8 B800                  		mov	ax,0B800h 
 1BB1  8E C0                    		mov	es,ax 
 1BB3  B9 0018                  		mov	cx,18h 
                                 
 1BB6                           locloop_277: 
 1BB6  AD                       		lodsw				; String [si] to ax 
 1BB7  86 E0                    		xchg	ah,al 
 1BB9  E8 11D3 R                		call	sub_27 
 1BBC  F7 D5                    		not	bp 
 1BBE  26: 21 2D                		and	es:[di],bp 
 1BC1  26: 09 15                		or	es:[di],dx 
 1BC4  E8 11D3 R                		call	sub_27 
 1BC7  F7 D5                    		not	bp 
 1BC9  26: 21 6D 02             		and	es:[di+2],bp 
 1BCD  26: 09 55 02             		or	es:[di+2],dx 
 1BD1  AD                       		lodsw				; String [si] to ax 
 1BD2  86 E0                    		xchg	ah,al 
 1BD4  E8 11D3 R                		call	sub_27 
 1BD7  F7 D5                    		not	bp 
 1BD9  26: 21 6D 04             		and	es:[di+4],bp 
 1BDD  26: 09 55 04             		or	es:[di+4],dx 
 1BE1  E8 11D3 R                		call	sub_27 
 1BE4  F7 D5                    		not	bp 
 1BE6  26: 21 6D 06             		and	es:[di+6],bp 
 1BEA  26: 09 55 06             		or	es:[di+6],dx 
 1BEE  81 C7 2000               		add	di,2000h 
 1BF2  81 FF 8000               		cmp	di,8000h 
 1BF6  72 04                    		jb	loc_278			; Jump if below 
 1BF8  81 C7 80A0               		add	di,80A0h 
 1BFC                           loc_278: 
 1BFC  E2 B8                    		loop	locloop_277		; Loop if cx > 0 
                                 
 1BFE  1F                       		pop	ds 
                                		retn 
 1BFF  C3                     1                 db     0C3h
                                			                        ;* No entry point to code 
 1C00  07                       		pop	es 
 1C01  4C                       		dec	sp 
 1C02  07                       		pop	es 
 1C03  4C                       		dec	sp 
 1C04  07                       		pop	es 
 1C05  4C                       		dec	sp 
 1C06  67 4C 67 4C C7 4C        		db	 67h, 4Ch, 67h, 4Ch,0C7h, 4Ch 
 1C0C  002D[                    		db	45 dup (0) 
            00                  
                         ]      
Microsoft (R) Macro Assembler  Version 4.00                 3/29/26 15:15:01

                                                            Page     1-72
                                                            

                                
 1C39  02 00 00 00 06 00        		db	 02h, 00h, 00h, 00h, 06h, 00h 
 1C3F  00 00 06 00 00 00        		db	 00h, 00h, 06h, 00h, 00h, 00h 
 1C45  0E 00 00 00 0E 00        		db	 0Eh, 00h, 00h, 00h, 0Eh, 00h 
 1C4B  00 00 0C 00 00 00        		db	 00h, 00h, 0Ch, 00h, 00h, 00h 
 1C51  0E 00 00 00 1C 00        		db	 0Eh, 00h, 00h, 00h, 1Ch, 00h 
 1C57  00 00 0C 00 00 00        		db	 00h, 00h, 0Ch, 00h, 00h, 00h 
 1C5D  1C 00 00 00 1C 00        		db	 1Ch, 00h, 00h, 00h, 1Ch, 00h 
 1C63  00 00 1C 00 00 00        		db	 00h, 00h, 1Ch, 00h, 00h, 00h 
 1C69  1C                       		db	 1Ch 
 1C6A  0010[                    		db	16 dup (0) 
            00                  
                         ]      
                                
 1C7A  80 00 00 01 80 00        		db	 80h, 00h, 00h, 01h, 80h, 00h 
 1C80  00 03 80 00 00 03        		db	 00h, 03h, 80h, 00h, 00h, 03h 
 1C86  00 00 00 07 80 00        		db	 00h, 00h, 00h, 07h, 80h, 00h 
 1C8C  00 07 00 00 00 07        		db	 00h, 07h, 00h, 00h, 00h, 07h 
 1C92  00 00 00 0F 00 00        		db	 00h, 00h, 00h, 0Fh, 00h, 00h 
 1C98  00 0E 00 00 00 0F        		db	 00h, 0Eh, 00h, 00h, 00h, 0Fh 
 1C9E  00 00 00 1E 00 00        		db	 00h, 00h, 00h, 1Eh, 00h, 00h 
 1CA4  00 0E 00 00 00 1F        		db	 00h, 0Eh, 00h, 00h, 00h, 1Fh 
 1CAA  00 00 00 1E 00 00        		db	 00h, 00h, 00h, 1Eh, 00h, 00h 
 1CB0  00 1F 00 00 00 1E        		db	 00h, 1Fh, 00h, 00h, 00h, 1Eh 
 1CB6  00 00 00 1E 00 00        		db	 00h, 00h, 00h, 1Eh, 00h, 00h 
 1CBC  00 1E 00 00 00 1E        		db	 00h, 1Eh, 00h, 00h, 00h, 1Eh 
 1CC2  00 00 00 1C 00 00        		db	 00h, 00h, 00h, 1Ch, 00h, 00h 
 1CC8  00                       		db	 00h 
 1CC9  3F                       		db	3Fh 
 1CCA  000C[                    		db	12 dup (0) 
            00                  
                         ]      
                                
 1CD6  40 00 00 00 C0 00        		db	 40h, 00h, 00h, 00h,0C0h, 00h 
 1CDC  00 01 C0 00 00 03        		db	 00h, 01h,0C0h, 00h, 00h, 03h 
 1CE2  80 00 00 03 80 00        		db	 80h, 00h, 00h, 03h, 80h, 00h 
 1CE8  00 07 80 00 00 07        		db	 00h, 07h, 80h, 00h, 00h, 07h 
 1CEE  00 00 00 07 00 00        		db	 00h, 00h, 00h, 07h, 00h, 00h 
 1CF4  00 0F 00 00 00 0F        		db	 00h, 0Fh, 00h, 00h, 00h, 0Fh 
 1CFA  00 00 00 0E 00 00        		db	 00h, 00h, 00h, 0Eh, 00h, 00h 
 1D00  00 1F 00 00 00 0E        		db	 00h, 1Fh, 00h, 00h, 00h, 0Eh 
 1D06  00 00 00 1F 00 00        		db	 00h, 00h, 00h, 1Fh, 00h, 00h 
 1D0C  00 1E 00 00 00 1F        		db	 00h, 1Eh, 00h, 00h, 00h, 1Fh 
 1D12  00 00 00 1E 00 00        		db	 00h, 00h, 00h, 1Eh, 00h, 00h 
 1D18  00 1F 00 00 00 1F        		db	 00h, 1Fh, 00h, 00h, 00h, 1Fh 
 1D1E  00 00 00 1E 00 00        		db	 00h, 00h, 00h, 1Eh, 00h, 00h 
 1D24  03 1C C0 00 00 FF        		db	 03h, 1Ch,0C0h, 00h, 00h,0FFh 
 1D2A  00 00 2E C7 06 3B        		db	 00h, 00h, 2Eh,0C7h, 06h, 3Bh 
 1D30  52 77 FF 1E 0A C0        		db	 52h, 77h,0FFh, 1Eh, 0Ah,0C0h 
 1D36  78 10 24 03 B2 40        		db	 78h, 10h, 24h, 03h,0B2h, 40h 
 1D3C  F6 E2 05 E8 4D 8B        		db	0F6h,0E2h, 05h,0E8h, 4Dh, 8Bh 
 1D42  F0 BD 01 00 EB 0E        		db	0F0h,0BDh, 01h, 00h,0EBh, 0Eh 
 1D48  24 01 8A E0 32 C0        		db	 24h, 01h, 8Ah,0E0h, 32h,0C0h 
 1D4E  05 E8 4E 8B F0 BD        		db	 05h,0E8h, 4Eh, 8Bh,0F0h,0BDh 
 1D54  04 00 8A C3 24 01        		db	 04h, 00h, 8Ah,0C3h, 24h, 01h 
Microsoft (R) Macro Assembler  Version 4.00                 3/29/26 15:15:01

                                                            Page     1-73
                                                            

 1D5A  02 C0 02 C0 A2 44        		db	 02h,0C0h, 02h,0C0h,0A2h, 44h 
 1D60  52 D1 EB 8A FB 8A        		db	 52h,0D1h,0EBh, 8Ah,0FBh, 8Ah 
 1D66  D9 E8 4F 04 8B F8        		db	0D9h,0E8h, 4Fh, 04h, 8Bh,0F8h 
 1D6C  B8 00 B8 8E C0 8B        		db	0B8h, 00h,0B8h, 8Eh,0C0h, 8Bh 
 1D72  CD                       		db	0CDh 
                                 
 1D73                           locloop_279: 
 1D73  51                       		push	cx 
 1D74  57                       		push	di 
 1D75  B9 0010                  		mov	cx,10h 
                                 
 1D78                           locloop_280: 
 1D78  51                       		push	cx 
 1D79  57                       		push	di 
 1D7A  B9 0002                  		mov	cx,2 
                                 
 1D7D                           locloop_281: 
 1D7D  51                       		push	cx 
 1D7E  AD                       		lodsw				; String [si] to ax 
 1D7F  86 E0                    		xchg	ah,al 
 1D81  E8 11D3 R                		call	sub_27 
 1D84  50                       		push	ax 
 1D85  E8 1DAD R                		call	sub_45 
 1D88  58                       		pop	ax 
 1D89  E8 11D3 R                		call	sub_27 
 1D8C  E8 1DAD R                		call	sub_45 
 1D8F  59                       		pop	cx 
 1D90  E2 EB                    		loop	locloop_281		; Loop if cx > 0 
                                 
 1D92  5F                       		pop	di 
 1D93  81 C7 2000               		add	di,2000h 
 1D97  81 FF 8000               		cmp	di,8000h 
 1D9B  72 04                    		jb	loc_282			; Jump if below 
 1D9D  81 C7 80A0               		add	di,data_3e 
 1DA1                           loc_282: 
 1DA1  59                       		pop	cx 
 1DA2  E2 D4                    		loop	locloop_280		; Loop if cx > 0 
                                 
 1DA4  5F                       		pop	di 
 1DA5  83 C7 08                 		add	di,8 
 1DA8  59                       		pop	cx 
 1DA9  E2 C8                    		loop	locloop_279		; Loop if cx > 0 
                                 
 1DAB  1F                       		pop	ds 
                                		retn 
 1DAC  C3                     1                 db     0C3h
                                 
                                ;ﬂﬂﬂﬂﬂﬂﬂﬂﬂﬂﬂﬂﬂﬂﬂﬂﬂﬂﬂﬂﬂﬂﬂﬂﬂﬂﬂﬂﬂﬂﬂﬂﬂﬂﬂﬂﬂﬂﬂﬂﬂﬂﬂﬂﬂﬂﬂﬂﬂﬂﬂﬂﬂﬂﬂﬂﬂﬂﬂﬂﬂﬂﬂﬂﬂﬂﬂﬂﬂﬂﬂﬂﬂﬂ 
                                ;                              SUBROUTINE 
                                ;‹‹‹‹‹‹‹‹‹‹‹‹‹‹‹‹‹‹‹‹‹‹‹‹‹‹‹‹‹‹‹‹‹‹‹‹‹‹‹‹‹‹‹‹‹‹‹‹‹‹‹‹‹‹‹‹‹‹‹‹‹‹‹‹‹‹‹‹‹‹‹‹‹‹ 
                                 
 1DAD                           sub_45		proc	near 
 1DAD  52                       		push	dx 
 1DAE  2E: 8A 0E 5244           		mov	cl,cs:data_73e 
 1DB3  8B C5                    		mov	ax,bp 
Microsoft (R) Macro Assembler  Version 4.00                 3/29/26 15:15:01

                                                            Page     1-74
                                                            

 1DB5  8A F8                    		mov	bh,al 
 1DB7  32 DB                    		xor	bl,bl			; Zero register 
 1DB9  32 C0                    		xor	al,al			; Zero register 
 1DBB  D3 EB                    		shr	bx,cl			; Shift w/zeros fill 
 1DBD  D3 E8                    		shr	ax,cl			; Shift w/zeros fill 
 1DBF  0A DC                    		or	bl,ah 
 1DC1  8A E0                    		mov	ah,al 
 1DC3  F7 D3                    		not	bx 
 1DC5  F6 D4                    		not	ah 
 1DC7  26: 20 3D                		and	es:[di],bh 
 1DCA  26: 20 5D 01             		and	es:[di+1],bl 
 1DCE  26: 20 65 02             		and	es:[di+2],ah 
 1DD2  58                       		pop	ax 
 1DD3  8A F8                    		mov	bh,al 
 1DD5  32 DB                    		xor	bl,bl			; Zero register 
 1DD7  32 C0                    		xor	al,al			; Zero register 
 1DD9  D3 EB                    		shr	bx,cl			; Shift w/zeros fill 
 1DDB  D3 E8                    		shr	ax,cl			; Shift w/zeros fill 
 1DDD  0A DC                    		or	bl,ah 
 1DDF  8A E0                    		mov	ah,al 
 1DE1  26: 08 3D                		or	es:[di],bh 
 1DE4  47                       		inc	di 
 1DE5  26: 08 1D                		or	es:[di],bl 
 1DE8  47                       		inc	di 
 1DE9  26: 08 25                		or	es:[di],ah 
                                		retn 
 1DEC  C3                     1                 db     0C3h
                                sub_45		endp 
                                 
 1DED  0016[                    		db	22 dup (0) 
            00                  
                         ]      
                                
 1E03  10 00 00 10 60 00        		db	 10h, 00h, 00h, 10h, 60h, 00h 
 1E09  00 07 C0 00 00 07        		db	 00h, 07h,0C0h, 00h, 00h, 07h 
 1E0F  C0 00 00 07 C0 00        		db	0C0h, 00h, 00h, 07h,0C0h, 00h 
 1E15  00 0C 10 00 00 10        		db	 00h, 0Ch, 10h, 00h, 00h, 10h 
 1E1B  00                       		db	 00h 
 1E1C  001A[                    		db	26 dup (0) 
            00                  
                         ]      
                                
 1E36  01 00 00 00 01 00        		db	 01h, 00h, 00h, 00h, 01h, 00h 
 1E3C  00 00 40 04 00 00        		db	 00h, 00h, 40h, 04h, 00h, 00h 
 1E42  01 00 00 00 09 20        		db	 01h, 00h, 00h, 00h, 09h, 20h 
 1E48  00 00 03 80 00 04        		db	 00h, 00h, 03h, 80h, 00h, 04h 
 1E4E  57 D4 80 00 03 80        		db	 57h,0D4h, 80h, 00h, 03h, 80h 
 1E54  00 00 09 20 00 00        		db	 00h, 00h, 09h, 20h, 00h, 00h 
 1E5A  01 00 00 00 40 04        		db	 01h, 00h, 00h, 00h, 40h, 04h 
 1E60  00 00 01 00 00 00        		db	 00h, 00h, 01h, 00h, 00h, 00h 
 1E66  01                       		db	 01h 
 1E67  0007[                    		db	7 dup (0) 
            00                  
                         ]      
                                
Microsoft (R) Macro Assembler  Version 4.00                 3/29/26 15:15:01

                                                            Page     1-75
                                                            

 1E6E  01 00 00 00 01 00        		db	 01h, 00h, 00h, 00h, 01h, 00h 
 1E74  00 00 01 00 00 00        		db	 00h, 00h, 01h, 00h, 00h, 00h 
 1E7A  02 80 00 00 83 80        		db	 02h, 80h, 00h, 00h, 83h, 80h 
 1E80  00 00 23 88 00 00        		db	 00h, 00h, 23h, 88h, 00h, 00h 
 1E86  0D B0 00 00 0B E8        		db	 0Dh,0B0h, 00h, 00h, 0Bh,0E8h 
 1E8C  00 96 FF FF B9 00        		db	 00h, 96h,0FFh,0FFh,0B9h, 00h 
 1E92  17 E8 00 00 0B 58        		db	 17h,0E8h, 00h, 00h, 0Bh, 58h 
 1E98  00 00 23 82 00 00        		db	 00h, 00h, 23h, 82h, 00h, 00h 
 1E9E  02 80 80 02 01 00        		db	 02h, 80h, 80h, 02h, 01h, 00h 
 1EA4  00 00 01 00 00 00        		db	 00h, 00h, 01h, 00h, 00h, 00h 
 1EAA  01 00                    		db	 01h, 00h 
 1EAC  0008[                    		db	8 dup (0) 
            00                  
                         ]      
                                
 1EB4  10 10 00 00 00 04        		db	 10h, 10h, 00h, 00h, 00h, 04h 
 1EBA  00 00 80 00 80 03        		db	 00h, 00h, 80h, 00h, 80h, 03h 
 1EC0  00 00 71 0C 00 00        		db	 00h, 00h, 71h, 0Ch, 00h, 00h 
 1EC6  3D 38 00 00 07 F0        		db	 3Dh, 38h, 00h, 00h, 07h,0F0h 
 1ECC  00 00 97 E5 00 00        		db	 00h, 00h, 97h,0E5h, 00h, 00h 
 1ED2  0F F0 00 00 1F 38        		db	 0Fh,0F0h, 00h, 00h, 1Fh, 38h 
 1ED8  00 00 39 0E 00 00        		db	 00h, 00h, 39h, 0Eh, 00h, 00h 
 1EDE  E1 01 80 01 00 00        		db	0E1h, 01h, 80h, 01h, 00h, 00h 
 1EE4  40 04 00 00 08 10        		db	 40h, 04h, 00h, 00h, 08h, 10h 
 1EEA  0023[                    		db	35 dup (0) 
            00                  
                         ]      
                                
 1F0D  92 4A AA EB 00           		db	 92h, 4Ah,0AAh,0EBh, 00h 
 1F12  0022[                    		db	34 dup (0) 
            00                  
                         ]      
                                
 1F34  01 00 00 00 01 00        		db	 01h, 00h, 00h, 00h, 01h, 00h 
 1F3A  00 01 01 00 00 00        		db	 00h, 01h, 01h, 00h, 00h, 00h 
 1F40  82 00 00 00 AB 00        		db	 82h, 00h, 00h, 00h,0ABh, 00h 
 1F46  00 01 5D 04 24 AE        		db	 00h, 01h, 5Dh, 04h, 24h,0AEh 
 1F4C  EF FF FF FF FF 04        		db	0EFh,0FFh,0FFh,0FFh,0FFh, 04h 
 1F52  24 AB EF 00 00 01        		db	 24h,0ABh,0EFh, 00h, 00h, 01h 
 1F58  5D 00 00 00 22 00        		db	 5Dh, 00h, 00h, 00h, 22h, 00h 
 1F5E  00 00 81 00 00 00        		db	 00h, 00h, 81h, 00h, 00h, 00h 
 1F64  01 00 00 00 01 00        		db	 01h, 00h, 00h, 00h, 01h, 00h 
 1F6A  0013[                    		db	19 dup (0) 
            00                  
                         ]      
                                
 1F7D  81 00 00 00 C4 00        		db	 81h, 00h, 00h, 00h,0C4h, 00h 
 1F83  00 00 BC 00 00 00        		db	 00h, 00h,0BCh, 00h, 00h, 00h 
 1F89  EE EA 24 20 FF FF        		db	0EEh,0EAh, 24h, 20h,0FFh,0FFh 
 1F8F  FF FF FB AA 24 20        		db	0FFh,0FFh,0FBh,0AAh, 24h, 20h 
 1F95  FD 40 00 00 E6 00        		db	0FDh, 40h, 00h, 00h,0E6h, 00h 
 1F9B  00 00 40 80 00 00        		db	 00h, 00h, 40h, 80h, 00h, 00h 
 1FA1  00                       		db	 00h 
 1FA2  20                       		db	20h 
 1FA3  002A[                    		db	42 dup (0) 
Microsoft (R) Macro Assembler  Version 4.00                 3/29/26 15:15:01

                                                            Page     1-76
                                                            

            00                  
                         ]      
                                
 1FCD  D7 55 52 49              		db	0D7h, 55h, 52h, 49h 
 1FD1  003C[                    		db	60 dup (0) 
            00                  
                         ]      
                                
 200D  A7 54 90 04 00           		db	0A7h, 54h, 90h, 04h, 00h 
 2012  0025[                    		db	37 dup (0) 
            00                  
                         ]      
                                
 2037  10 00 00 00 04 00        		db	 10h, 00h, 00h, 00h, 04h, 00h 
 203D  00 00 00 80 00 00        		db	 00h, 00h, 00h, 80h, 00h, 00h 
 2043  00 71 00 00 00 3D        		db	 00h, 71h, 00h, 00h, 00h, 3Dh 
 2049  00 00 00 07 10 04        		db	 00h, 00h, 00h, 07h, 10h, 04h 
 204F  00 97 00 00 00 0F        		db	 00h, 97h, 00h, 00h, 00h, 0Fh 
 2055  00 00 00 1F 00 00        		db	 00h, 00h, 00h, 1Fh, 00h, 00h 
 205B  00 39 00 00 00 E1        		db	 00h, 39h, 00h, 00h, 00h,0E1h 
 2061  00 00 01 00 00 00        		db	 00h, 00h, 01h, 00h, 00h, 00h 
 2067  04 00 00 00 10 00        		db	 04h, 00h, 00h, 00h, 10h, 00h 
 206D  00 00 00 00 00 10        		db	 00h, 00h, 00h, 00h, 00h, 10h 
 2073  0007[                    		db	7 dup (0) 
            00                  
                         ]      
                                
 207A  80 00 00 03 00 00        		db	 80h, 00h, 00h, 03h, 00h, 00h 
 2080  00 0C 00 00 00 38        		db	 00h, 0Ch, 00h, 00h, 00h, 38h 
 2086  00 00 00 F0 00 00        		db	 00h, 00h, 00h,0F0h, 00h, 00h 
 208C  00 E5 02 00 10 F0        		db	 00h,0E5h, 02h, 00h, 10h,0F0h 
 2092  00 00 00 3C 00 00        		db	 00h, 00h, 00h, 3Ch, 00h, 00h 
 2098  00 07 00 00 00 00        		db	 00h, 07h, 00h, 00h, 00h, 00h 
 209E  C0 00 00 00 20 00        		db	0C0h, 00h, 00h, 00h, 20h, 00h 
 20A4  00 00 04                 		db	 00h, 00h, 04h 
 20A7  0026[                    		db	38 dup (0) 
            00                  
                         ]      
                                
 20CD  20 09 2A E5              		db	 20h, 09h, 2Ah,0E5h 
 20D1  001C[                    		db	28 dup (0) 
            00                  
                         ]      
                                
 20ED  51 1E 56 8C C8 05        		db	 51h, 1Eh, 56h, 8Ch,0C8h, 05h 
 20F3  00 30 8E C0 B8 20        		db	 00h, 30h, 8Eh,0C0h,0B8h, 20h 
 20F9  00 F7 E1 8B C8 BF        		db	 00h,0F7h,0E1h, 8Bh,0C8h,0BFh 
 20FF  00 00 F3 A4 5F 07        		db	 00h, 00h,0F3h,0A4h, 5Fh, 07h 
 2105  59 8C C8 05 00 30        		db	 59h, 8Ch,0C8h, 05h, 00h, 30h 
 210B  8E D8 BE 00 00           		db	 8Eh,0D8h,0BEh, 00h, 00h 
                                 
 2110                           locloop_283: 
 2110  51                       		push	cx 
 2111  B9 0008                  		mov	cx,8 
                                 
Microsoft (R) Macro Assembler  Version 4.00                 3/29/26 15:15:01

                                                            Page     1-77
                                                            

 2114                           locloop_284: 
 2114  51                       		push	cx 
 2115  AD                       		lodsw				; String [si] to ax 
 2116  86 E0                    		xchg	ah,al 
 2118  8B D0                    		mov	dx,ax 
 211A  AD                       		lodsw				; String [si] to ax 
 211B  86 E0                    		xchg	ah,al 
 211D  8B C8                    		mov	cx,ax 
 211F  2E: 89 16 5231           		mov	cs:data_59e,dx 
 2124  2E: 89 0E 5235           		mov	cs:data_61e,cx 
 2129  0B C2                    		or	ax,dx 
 212B  8B D8                    		mov	bx,ax 
 212D  D1 EB                    		shr	bx,1			; Shift w/zeros fill 
 212F  0B C3                    		or	ax,bx 
 2131  03 DB                    		add	bx,bx 
 2133  03 DB                    		add	bx,bx 
 2135  0B C3                    		or	ax,bx 
 2137  F7 D0                    		not	ax 
 2139  2E: A3 523B              		mov	cs:data_66e,ax 
 213D  E8 215C R                		call	sub_46 
 2140  8B C2                    		mov	ax,dx 
 2142  86 E0                    		xchg	ah,al 
 2144  AB                       		stosw				; Store ax to es:[di] 
 2145  E8 215C R                		call	sub_46 
 2148  8B C2                    		mov	ax,dx 
 214A  86 E0                    		xchg	ah,al 
 214C  AB                       		stosw				; Store ax to es:[di] 
 214D  E8 217E R                		call	sub_47 
 2150  26: 88 56 00             		mov	es:[bp],dl 
 2154  45                       		inc	bp 
 2155  59                       		pop	cx 
 2156  E2 BC                    		loop	locloop_284		; Loop if cx > 0 
                                 
 2158  59                       		pop	cx 
 2159  E2 B5                    		loop	locloop_283		; Loop if cx > 0 
                                 
                                		retn 
 215B  C3                     1                 db     0C3h
                                 
                                ;ﬂﬂﬂﬂﬂﬂﬂﬂﬂﬂﬂﬂﬂﬂﬂﬂﬂﬂﬂﬂﬂﬂﬂﬂﬂﬂﬂﬂﬂﬂﬂﬂﬂﬂﬂﬂﬂﬂﬂﬂﬂﬂﬂﬂﬂﬂﬂﬂﬂﬂﬂﬂﬂﬂﬂﬂﬂﬂﬂﬂﬂﬂﬂﬂﬂﬂﬂﬂﬂﬂﬂﬂﬂﬂ 
                                ;                              SUBROUTINE 
                                ;‹‹‹‹‹‹‹‹‹‹‹‹‹‹‹‹‹‹‹‹‹‹‹‹‹‹‹‹‹‹‹‹‹‹‹‹‹‹‹‹‹‹‹‹‹‹‹‹‹‹‹‹‹‹‹‹‹‹‹‹‹‹‹‹‹‹‹‹‹‹‹‹‹‹ 
                                 
 215C                           sub_46		proc	near 
 215C  B9 0004                  		mov	cx,4 
                                 
 215F                           locloop_285: 
 215F  2E: D1 06 5235           		rol	word ptr cs:data_61e,1	; Rotate 
 2164  13 D2                    		adc	dx,dx 
 2166  2E: D1 06 5231           		rol	word ptr cs:data_59e,1	; Rotate 
 216B  13 D2                    		adc	dx,dx 
 216D  2E: D1 06 5235           		rol	word ptr cs:data_61e,1	; Rotate 
 2172  13 D2                    		adc	dx,dx 
 2174  2E: D1 06 5231           		rol	word ptr cs:data_59e,1	; Rotate 
 2179  13 D2                    		adc	dx,dx 
Microsoft (R) Macro Assembler  Version 4.00                 3/29/26 15:15:01

                                                            Page     1-78
                                                            

 217B  E2 E2                    		loop	locloop_285		; Loop if cx > 0 
                                 
                                		retn 
 217D  C3                     1                 db     0C3h
                                sub_46		endp 
                                 
                                 
                                ;ﬂﬂﬂﬂﬂﬂﬂﬂﬂﬂﬂﬂﬂﬂﬂﬂﬂﬂﬂﬂﬂﬂﬂﬂﬂﬂﬂﬂﬂﬂﬂﬂﬂﬂﬂﬂﬂﬂﬂﬂﬂﬂﬂﬂﬂﬂﬂﬂﬂﬂﬂﬂﬂﬂﬂﬂﬂﬂﬂﬂﬂﬂﬂﬂﬂﬂﬂﬂﬂﬂﬂﬂﬂﬂ 
                                ;                              SUBROUTINE 
                                ;‹‹‹‹‹‹‹‹‹‹‹‹‹‹‹‹‹‹‹‹‹‹‹‹‹‹‹‹‹‹‹‹‹‹‹‹‹‹‹‹‹‹‹‹‹‹‹‹‹‹‹‹‹‹‹‹‹‹‹‹‹‹‹‹‹‹‹‹‹‹‹‹‹‹ 
                                 
 217E                           sub_47		proc	near 
 217E  B9 0008                  		mov	cx,8 
                                 
 2181                           locloop_286: 
 2181  32 C0                    		xor	al,al			; Zero register 
 2183  2E: D1 06 523B           		rol	word ptr cs:data_66e,1	; Rotate 
 2188  12 C0                    		adc	al,al 
 218A  2E: D1 06 523B           		rol	word ptr cs:data_66e,1	; Rotate 
 218F  12 C0                    		adc	al,al 
 2191  3C 03                    		cmp	al,3 
 2193  74 02                    		je	loc_287			; Jump if equal 
 2195  32 C0                    		xor	al,al			; Zero register 
 2197                           loc_287: 
 2197  24 01                    		and	al,1 
 2199  02 D2                    		add	dl,dl 
 219B  0A D0                    		or	dl,al 
 219D  E2 E2                    		loop	locloop_286		; Loop if cx > 0 
                                 
                                		retn 
 219F  C3                     1                 db     0C3h
                                sub_47		endp 
                                 
                                 
                                ;ﬂﬂﬂﬂﬂﬂﬂﬂﬂﬂﬂﬂﬂﬂﬂﬂﬂﬂﬂﬂﬂﬂﬂﬂﬂﬂﬂﬂﬂﬂﬂﬂﬂﬂﬂﬂﬂﬂﬂﬂﬂﬂﬂﬂﬂﬂﬂﬂﬂﬂﬂﬂﬂﬂﬂﬂﬂﬂﬂﬂﬂﬂﬂﬂﬂﬂﬂﬂﬂﬂﬂﬂﬂﬂ 
                                ;                              SUBROUTINE 
                                ;‹‹‹‹‹‹‹‹‹‹‹‹‹‹‹‹‹‹‹‹‹‹‹‹‹‹‹‹‹‹‹‹‹‹‹‹‹‹‹‹‹‹‹‹‹‹‹‹‹‹‹‹‹‹‹‹‹‹‹‹‹‹‹‹‹‹‹‹‹‹‹‹‹‹ 
                                 
 21A0                           sub_48		proc	near 
 21A0  B9 0004                  		mov	cx,4 
                                 
 21A3                           locloop_288: 
 21A3  02 D2                    		add	dl,dl 
 21A5  1A F6                    		sbb	dh,dh 
 21A7  80 E6 0F                 		and	dh,0Fh 
 21AA  03 C0                    		add	ax,ax 
 21AC  03 C0                    		add	ax,ax 
 21AE  03 C0                    		add	ax,ax 
 21B0  03 C0                    		add	ax,ax 
 21B2  0A C6                    		or	al,dh 
 21B4  E2 ED                    		loop	locloop_288		; Loop if cx > 0 
                                 
 21B6  86 E0                    		xchg	ah,al 
                                		retn 
 21B8  C3                     1                 db     0C3h
Microsoft (R) Macro Assembler  Version 4.00                 3/29/26 15:15:01

                                                            Page     1-79
                                                            

                                sub_48		endp 
                                 
                                 
                                ;ﬂﬂﬂﬂﬂﬂﬂﬂﬂﬂﬂﬂﬂﬂﬂﬂﬂﬂﬂﬂﬂﬂﬂﬂﬂﬂﬂﬂﬂﬂﬂﬂﬂﬂﬂﬂﬂﬂﬂﬂﬂﬂﬂﬂﬂﬂﬂﬂﬂﬂﬂﬂﬂﬂﬂﬂﬂﬂﬂﬂﬂﬂﬂﬂﬂﬂﬂﬂﬂﬂﬂﬂﬂﬂ 
                                ;                              SUBROUTINE 
                                ;‹‹‹‹‹‹‹‹‹‹‹‹‹‹‹‹‹‹‹‹‹‹‹‹‹‹‹‹‹‹‹‹‹‹‹‹‹‹‹‹‹‹‹‹‹‹‹‹‹‹‹‹‹‹‹‹‹‹‹‹‹‹‹‹‹‹‹‹‹‹‹‹‹‹ 
                                 
 21B9                           sub_49		proc	near 
 21B9  8A F3                    		mov	dh,bl 
 21BB  D0 CE                    		ror	dh,1			; Rotate 
 21BD  D0 CE                    		ror	dh,1			; Rotate 
 21BF  D0 CE                    		ror	dh,1			; Rotate 
 21C1  81 E2 6000               		and	dx,6000h 
 21C5  B8 00A0                  		mov	ax,0A0h 
 21C8  D0 EB                    		shr	bl,1			; Shift w/zeros fill 
 21CA  D0 EB                    		shr	bl,1			; Shift w/zeros fill 
 21CC  F6 E3                    		mul	bl			; ax = reg * al 
 21CE  03 C2                    		add	ax,dx 
 21D0  8A DF                    		mov	bl,bh 
 21D2  32 FF                    		xor	bh,bh			; Zero register 
 21D4  03 C3                    		add	ax,bx 
                                		retn 
 21D6  C3                     1                 db     0C3h
                                sub_49		endp 
                                 
 21D7  DE 51 EE 51 FE 51        		db	0DEh, 51h,0EEh, 51h,0FEh, 51h 
 21DD  0E 52 1E 52 0E 52        		db	 0Eh, 52h, 1Eh, 52h, 0Eh, 52h 
 21E3  00 07 04 02 07 0F        		db	 00h, 07h, 04h, 02h, 07h, 0Fh 
 21E9  0C 0E 04 0C 0C 0E        		db	 0Ch, 0Eh, 04h, 0Ch, 0Ch, 0Eh 
 21EF  02 0E 0E 0A 00 04        		db	 02h, 0Eh, 0Eh, 0Ah, 00h, 04h 
 21F5  03 08 04 0C 07 06        		db	 03h, 08h, 04h, 0Ch, 07h, 06h 
 21FB  03 07 0B 0A 08 06        		db	 03h, 07h, 0Bh, 0Ah, 08h, 06h 
 2201  0A 0E 00 07 03 01        		db	 0Ah, 0Eh, 00h, 07h, 03h, 01h 
 2207  07 0F 0B 09 03 0B        		db	 07h, 0Fh, 0Bh, 09h, 03h, 0Bh 
 220D  0B 09 01 09 09 09        		db	 0Bh, 09h, 01h, 09h, 09h, 09h 
 2213  00 01 08 05 01 09        		db	 00h, 01h, 08h, 05h, 01h, 09h 
 2219  07 05 08 07 0E 0C        		db	 07h, 05h, 08h, 07h, 0Eh, 0Ch 
 221F  05 05 0C 0D 00 08        		db	 05h, 05h, 0Ch, 0Dh, 00h, 08h 
 2225  01 05 08 0E 07 0C        		db	 01h, 05h, 08h, 0Eh, 07h, 0Ch 
 222B  01 07 09 05 05 0C        		db	 01h, 07h, 09h, 05h, 05h, 0Ch 
 2231  05 0D C3 00              		db	 05h, 0Dh,0C3h, 00h 
 2235  0472[                    		db	1138 dup (0) 
            00                  
                         ]      
                                
                                 
 26A7                           seg_a		ends 
                                 
                                 
                                 
                                		end	start 

Microsoft (R) Macro Assembler  Version 4.00                 3/29/26 15:15:01

                                                            Symbols-1
                                                             

Macros:

		N a m e			Lines

CALLF  . . . . . . . . . . . . .  	   2
CALLFX . . . . . . . . . . . . .  	   3
JMPN . . . . . . . . . . . . . .  	   2
MOVSEG . . . . . . . . . . . . .  	  43
RETF . . . . . . . . . . . . . .  	   6
RETN . . . . . . . . . . . . . .  	   6

Segments and Groups:

                N a m e         	Size	Align	Combine Class

SEG_A  . . . . . . . . . . . . .  	26A7	BYTE	PUBLIC	

Symbols:            

                N a m e         	Type	Value	Attr         

DATA_100E  . . . . . . . . . . .  	Number	FF37	
DATA_101E  . . . . . . . . . . .  	Number	FF38	
DATA_102E  . . . . . . . . . . .  	Number	FF39	
DATA_103E  . . . . . . . . . . .  	Number	FF3A	
DATA_104E  . . . . . . . . . . .  	Number	FF3D	
DATA_105E  . . . . . . . . . . .  	Number	FF3F	
DATA_106E  . . . . . . . . . . .  	Number	FF40	
DATA_107E  . . . . . . . . . . .  	Number	FF41	
DATA_108E  . . . . . . . . . . .  	Number	FF42	
DATA_109E  . . . . . . . . . . .  	Number	FF43	
DATA_110E  . . . . . . . . . . .  	Number	FF44	
DATA_111E  . . . . . . . . . . .  	Number	FF45	
DATA_112E  . . . . . . . . . . .  	Number	FF46	
DATA_113E  . . . . . . . . . . .  	Number	00A0	
DATA_114E  . . . . . . . . . . .  	Number	41F8	
DATA_115E  . . . . . . . . . . .  	Number	80A0	
DATA_1E  . . . . . . . . . . . .  	Number	4000	
DATA_2E  . . . . . . . . . . . .  	Number	6000	
DATA_3E  . . . . . . . . . . . .  	Number	80A0	
DATA_49E . . . . . . . . . . . .  	Number	3172	
DATA_4E  . . . . . . . . . . . .  	Number	8CF0	
DATA_50E . . . . . . . . . . . .  	Number	3915	
DATA_51E . . . . . . . . . . . .  	Number	39E8	
DATA_52E . . . . . . . . . . . .  	Number	4264	
DATA_53E . . . . . . . . . . . .  	Number	4771	
DATA_54E . . . . . . . . . . . .  	Number	489D	
DATA_55E . . . . . . . . . . . .  	Number	4BFB	
DATA_56E . . . . . . . . . . . .  	Number	51D2	
DATA_57E . . . . . . . . . . . .  	Number	522F	
DATA_59E . . . . . . . . . . . .  	Number	5231	
DATA_5E  . . . . . . . . . . . .  	Number	B000	
DATA_60E . . . . . . . . . . . .  	Number	5233	
DATA_61E . . . . . . . . . . . .  	Number	5235	
DATA_62E . . . . . . . . . . . .  	Number	5237	
Microsoft (R) Macro Assembler  Version 4.00                 3/29/26 15:15:01

                                                            Symbols-2
                                                             

DATA_63E . . . . . . . . . . . .  	Number	5238	
DATA_64E . . . . . . . . . . . .  	Number	5239	
DATA_65E . . . . . . . . . . . .  	Number	523A	
DATA_66E . . . . . . . . . . . .  	Number	523B	
DATA_68E . . . . . . . . . . . .  	Number	523D	
DATA_69E . . . . . . . . . . . .  	Number	523F	
DATA_6E  . . . . . . . . . . . .  	Number	B17E	
DATA_70E . . . . . . . . . . . .  	Number	5241	
DATA_72E . . . . . . . . . . . .  	Number	5243	
DATA_73E . . . . . . . . . . . .  	Number	5244	
DATA_74E . . . . . . . . . . . .  	Number	5245	
DATA_75E . . . . . . . . . . . .  	Number	5255	
DATA_76E . . . . . . . . . . . .  	Number	5256	
DATA_77E . . . . . . . . . . . .  	Number	5259	
DATA_78E . . . . . . . . . . . .  	Number	5262	
DATA_79E . . . . . . . . . . . .  	Number	5362	
DATA_7E  . . . . . . . . . . . .  	Number	D000	
DATA_80E . . . . . . . . . . . .  	Number	5562	
DATA_81E . . . . . . . . . . . .  	Number	5682	
DATA_82E . . . . . . . . . . . .  	Number	625C	
DATA_83E . . . . . . . . . . . .  	Number	723B	
DATA_84E . . . . . . . . . . . .  	Number	80A0	
DATA_85E . . . . . . . . . . . .  	Number	A030	
DATA_86E . . . . . . . . . . . .  	Number	C010	
DATA_87E . . . . . . . . . . . .  	Number	C012	
DATA_88E . . . . . . . . . . . .  	Number	E000	
DATA_89E . . . . . . . . . . . .  	Number	E900	
DATA_90E . . . . . . . . . . . .  	Number	E91B	
DATA_91E . . . . . . . . . . . .  	Number	ED20	
DATA_92E . . . . . . . . . . . .  	Number	EDA0	
DATA_93E . . . . . . . . . . . .  	Number	FF1A	
DATA_94E . . . . . . . . . . . .  	Number	FF2C	
DATA_95E . . . . . . . . . . . .  	Number	FF2F	
DATA_96E . . . . . . . . . . . .  	Number	FF31	
DATA_97E . . . . . . . . . . . .  	Number	FF33	
DATA_98E . . . . . . . . . . . .  	Number	FF34	
DATA_99E . . . . . . . . . . . .  	Number	FF36	

LOCLOOP_116  . . . . . . . . . .  	L NEAR	098D	SEG_A
LOCLOOP_120  . . . . . . . . . .  	L NEAR	0B19	SEG_A
LOCLOOP_121  . . . . . . . . . .  	L NEAR	0B33	SEG_A
LOCLOOP_123  . . . . . . . . . .  	L NEAR	0B70	SEG_A
LOCLOOP_124  . . . . . . . . . .  	L NEAR	0B74	SEG_A
LOCLOOP_158  . . . . . . . . . .  	L NEAR	0E2B	SEG_A
LOCLOOP_16 . . . . . . . . . . .  	L NEAR	00CE	SEG_A
LOCLOOP_167  . . . . . . . . . .  	L NEAR	0F3F	SEG_A
LOCLOOP_183  . . . . . . . . . .  	L NEAR	10A2	SEG_A
LOCLOOP_185  . . . . . . . . . .  	L NEAR	10CB	SEG_A
LOCLOOP_187  . . . . . . . . . .  	L NEAR	110B	SEG_A
LOCLOOP_188  . . . . . . . . . .  	L NEAR	110F	SEG_A
LOCLOOP_191  . . . . . . . . . .  	L NEAR	1170	SEG_A
LOCLOOP_192  . . . . . . . . . .  	L NEAR	1175	SEG_A
LOCLOOP_194  . . . . . . . . . .  	L NEAR	1195	SEG_A
LOCLOOP_208  . . . . . . . . . .  	L NEAR	12A1	SEG_A
LOCLOOP_209  . . . . . . . . . .  	L NEAR	12A5	SEG_A
Microsoft (R) Macro Assembler  Version 4.00                 3/29/26 15:15:01

                                                            Symbols-3
                                                             

LOCLOOP_210  . . . . . . . . . .  	L NEAR	12D8	SEG_A
LOCLOOP_217  . . . . . . . . . .  	L NEAR	1332	SEG_A
LOCLOOP_218  . . . . . . . . . .  	L NEAR	133B	SEG_A
LOCLOOP_222  . . . . . . . . . .  	L NEAR	13D4	SEG_A
LOCLOOP_226  . . . . . . . . . .  	L NEAR	14C1	SEG_A
LOCLOOP_238  . . . . . . . . . .  	L NEAR	155A	SEG_A
LOCLOOP_253  . . . . . . . . . .  	L NEAR	1674	SEG_A
LOCLOOP_254  . . . . . . . . . .  	L NEAR	1679	SEG_A
LOCLOOP_255  . . . . . . . . . .  	L NEAR	1681	SEG_A
LOCLOOP_260  . . . . . . . . . .  	L NEAR	1721	SEG_A
LOCLOOP_261  . . . . . . . . . .  	L NEAR	1725	SEG_A
LOCLOOP_262  . . . . . . . . . .  	L NEAR	1741	SEG_A
LOCLOOP_264  . . . . . . . . . .  	L NEAR	1811	SEG_A
LOCLOOP_265  . . . . . . . . . .  	L NEAR	1815	SEG_A
LOCLOOP_266  . . . . . . . . . .  	L NEAR	184A	SEG_A
LOCLOOP_269  . . . . . . . . . .  	L NEAR	1870	SEG_A
LOCLOOP_275  . . . . . . . . . .  	L NEAR	1B79	SEG_A
LOCLOOP_277  . . . . . . . . . .  	L NEAR	1BB6	SEG_A
LOCLOOP_279  . . . . . . . . . .  	L NEAR	1D73	SEG_A
LOCLOOP_280  . . . . . . . . . .  	L NEAR	1D78	SEG_A
LOCLOOP_281  . . . . . . . . . .  	L NEAR	1D7D	SEG_A
LOCLOOP_283  . . . . . . . . . .  	L NEAR	2110	SEG_A
LOCLOOP_284  . . . . . . . . . .  	L NEAR	2114	SEG_A
LOCLOOP_285  . . . . . . . . . .  	L NEAR	215F	SEG_A
LOCLOOP_286  . . . . . . . . . .  	L NEAR	2181	SEG_A
LOCLOOP_288  . . . . . . . . . .  	L NEAR	21A3	SEG_A
LOCLOOP_4  . . . . . . . . . . .  	L NEAR	005E	SEG_A
LOCLOOP_46 . . . . . . . . . . .  	L NEAR	02AA	SEG_A
LOCLOOP_94 . . . . . . . . . . .  	L NEAR	0732	SEG_A
LOCLOOP_95 . . . . . . . . . . .  	L NEAR	0760	SEG_A
LOC_10 . . . . . . . . . . . . .  	L NEAR	0092	SEG_A
LOC_100  . . . . . . . . . . . .  	L NEAR	081A	SEG_A
LOC_101  . . . . . . . . . . . .  	L NEAR	082A	SEG_A
LOC_102  . . . . . . . . . . . .  	L NEAR	083A	SEG_A
LOC_103  . . . . . . . . . . . .  	L NEAR	087D	SEG_A
LOC_104  . . . . . . . . . . . .  	L NEAR	089D	SEG_A
LOC_105  . . . . . . . . . . . .  	L NEAR	08AB	SEG_A
LOC_106  . . . . . . . . . . . .  	L NEAR	08B9	SEG_A
LOC_107  . . . . . . . . . . . .  	L NEAR	08BE	SEG_A
LOC_108  . . . . . . . . . . . .  	L NEAR	08CA	SEG_A
LOC_109  . . . . . . . . . . . .  	L NEAR	08D0	SEG_A
LOC_11 . . . . . . . . . . . . .  	L NEAR	009C	SEG_A
LOC_110  . . . . . . . . . . . .  	L NEAR	08E7	SEG_A
LOC_111  . . . . . . . . . . . .  	L NEAR	08ED	SEG_A
LOC_112  . . . . . . . . . . . .  	L NEAR	08EE	SEG_A
LOC_113  . . . . . . . . . . . .  	L NEAR	0905	SEG_A
LOC_114  . . . . . . . . . . . .  	L NEAR	0928	SEG_A
LOC_115  . . . . . . . . . . . .  	L NEAR	0931	SEG_A
LOC_117  . . . . . . . . . . . .  	L NEAR	09D3	SEG_A
LOC_118  . . . . . . . . . . . .  	L NEAR	09E6	SEG_A
LOC_12 . . . . . . . . . . . . .  	L NEAR	00A6	SEG_A
LOC_122  . . . . . . . . . . . .  	L NEAR	0B3B	SEG_A
LOC_125  . . . . . . . . . . . .  	L NEAR	0B89	SEG_A
LOC_126  . . . . . . . . . . . .  	L NEAR	0B9D	SEG_A
LOC_127  . . . . . . . . . . . .  	L NEAR	0BB2	SEG_A
Microsoft (R) Macro Assembler  Version 4.00                 3/29/26 15:15:01

                                                            Symbols-4
                                                             

LOC_128  . . . . . . . . . . . .  	L NEAR	0BC6	SEG_A
LOC_129  . . . . . . . . . . . .  	L NEAR	0C0D	SEG_A
LOC_13 . . . . . . . . . . . . .  	L NEAR	00AF	SEG_A
LOC_130  . . . . . . . . . . . .  	L NEAR	0C1E	SEG_A
LOC_131  . . . . . . . . . . . .  	L NEAR	0C43	SEG_A
LOC_132  . . . . . . . . . . . .  	L NEAR	0C5C	SEG_A
LOC_133  . . . . . . . . . . . .  	L NEAR	0C63	SEG_A
LOC_134  . . . . . . . . . . . .  	L NEAR	0C67	SEG_A
LOC_135  . . . . . . . . . . . .  	L NEAR	0C8E	SEG_A
LOC_136  . . . . . . . . . . . .  	L NEAR	0C92	SEG_A
LOC_137  . . . . . . . . . . . .  	L NEAR	0CB0	SEG_A
LOC_138  . . . . . . . . . . . .  	L NEAR	0CC4	SEG_A
LOC_139  . . . . . . . . . . . .  	L NEAR	0CCF	SEG_A
LOC_14 . . . . . . . . . . . . .  	L NEAR	00BB	SEG_A
LOC_140  . . . . . . . . . . . .  	L NEAR	0CF0	SEG_A
LOC_141  . . . . . . . . . . . .  	L NEAR	0CFC	SEG_A
LOC_142  . . . . . . . . . . . .  	L NEAR	0D36	SEG_A
LOC_143  . . . . . . . . . . . .  	L NEAR	0D3F	SEG_A
LOC_144  . . . . . . . . . . . .  	L NEAR	0D41	SEG_A
LOC_145  . . . . . . . . . . . .  	L NEAR	0D54	SEG_A
LOC_146  . . . . . . . . . . . .  	L NEAR	0D65	SEG_A
LOC_147  . . . . . . . . . . . .  	L NEAR	0D76	SEG_A
LOC_148  . . . . . . . . . . . .  	L NEAR	0D85	SEG_A
LOC_149  . . . . . . . . . . . .  	L NEAR	0DAA	SEG_A
LOC_15 . . . . . . . . . . . . .  	L NEAR	00CB	SEG_A
LOC_150  . . . . . . . . . . . .  	L NEAR	0DC3	SEG_A
LOC_151  . . . . . . . . . . . .  	L NEAR	0DCA	SEG_A
LOC_152  . . . . . . . . . . . .  	L NEAR	0DCE	SEG_A
LOC_153  . . . . . . . . . . . .  	L NEAR	0DF0	SEG_A
LOC_154  . . . . . . . . . . . .  	L NEAR	0DF4	SEG_A
LOC_155  . . . . . . . . . . . .  	L NEAR	0E0E	SEG_A
LOC_156  . . . . . . . . . . . .  	L NEAR	0E10	SEG_A
LOC_157  . . . . . . . . . . . .  	L NEAR	0E21	SEG_A
LOC_159  . . . . . . . . . . . .  	L NEAR	0E68	SEG_A
LOC_160  . . . . . . . . . . . .  	L NEAR	0E79	SEG_A
LOC_161  . . . . . . . . . . . .  	L NEAR	0E80	SEG_A
LOC_162  . . . . . . . . . . . .  	L NEAR	0E83	SEG_A
LOC_163  . . . . . . . . . . . .  	L NEAR	0EB4	SEG_A
LOC_164  . . . . . . . . . . . .  	L NEAR	0EBB	SEG_A
LOC_165  . . . . . . . . . . . .  	L NEAR	0EC9	SEG_A
LOC_166  . . . . . . . . . . . .  	L NEAR	0F14	SEG_A
LOC_169  . . . . . . . . . . . .  	L NEAR	0F67	SEG_A
LOC_17 . . . . . . . . . . . . .  	L NEAR	00D5	SEG_A
LOC_170  . . . . . . . . . . . .  	L NEAR	0F71	SEG_A
LOC_171  . . . . . . . . . . . .  	L NEAR	0F79	SEG_A
LOC_172  . . . . . . . . . . . .  	L NEAR	0F80	SEG_A
LOC_173  . . . . . . . . . . . .  	L NEAR	0F8B	SEG_A
LOC_174  . . . . . . . . . . . .  	L NEAR	0FAD	SEG_A
LOC_175  . . . . . . . . . . . .  	L NEAR	0FD0	SEG_A
LOC_176  . . . . . . . . . . . .  	L NEAR	0FDA	SEG_A
LOC_177  . . . . . . . . . . . .  	L NEAR	0FFB	SEG_A
LOC_178  . . . . . . . . . . . .  	L NEAR	1021	SEG_A
LOC_179  . . . . . . . . . . . .  	L NEAR	103B	SEG_A
LOC_18 . . . . . . . . . . . . .  	L NEAR	00DC	SEG_A
LOC_180  . . . . . . . . . . . .  	L NEAR	104C	SEG_A
Microsoft (R) Macro Assembler  Version 4.00                 3/29/26 15:15:01

                                                            Symbols-5
                                                             

LOC_181  . . . . . . . . . . . .  	L NEAR	1067	SEG_A
LOC_182  . . . . . . . . . . . .  	L NEAR	107E	SEG_A
LOC_184  . . . . . . . . . . . .  	L NEAR	10B6	SEG_A
LOC_186  . . . . . . . . . . . .  	L NEAR	10DF	SEG_A
LOC_189  . . . . . . . . . . . .  	L NEAR	112D	SEG_A
LOC_19 . . . . . . . . . . . . .  	L NEAR	00E3	SEG_A
LOC_190  . . . . . . . . . . . .  	L NEAR	1135	SEG_A
LOC_193  . . . . . . . . . . . .  	L NEAR	1181	SEG_A
LOC_195  . . . . . . . . . . . .  	L NEAR	11BF	SEG_A
LOC_196  . . . . . . . . . . . .  	L NEAR	11C3	SEG_A
LOC_197  . . . . . . . . . . . .  	L NEAR	11F6	SEG_A
LOC_198  . . . . . . . . . . . .  	L NEAR	11FB	SEG_A
LOC_199  . . . . . . . . . . . .  	L NEAR	121A	SEG_A
LOC_2  . . . . . . . . . . . . .  	L NEAR	005A	SEG_A
LOC_20 . . . . . . . . . . . . .  	L NEAR	00EA	SEG_A
LOC_200  . . . . . . . . . . . .  	L NEAR	121F	SEG_A
LOC_201  . . . . . . . . . . . .  	L NEAR	123E	SEG_A
LOC_202  . . . . . . . . . . . .  	L NEAR	1243	SEG_A
LOC_203  . . . . . . . . . . . .  	L NEAR	1250	SEG_A
LOC_204  . . . . . . . . . . . .  	L NEAR	1263	SEG_A
LOC_205  . . . . . . . . . . . .  	L NEAR	127F	SEG_A
LOC_206  . . . . . . . . . . . .  	L NEAR	1287	SEG_A
LOC_207  . . . . . . . . . . . .  	L NEAR	128C	SEG_A
LOC_21 . . . . . . . . . . . . .  	L NEAR	00F4	SEG_A
LOC_211  . . . . . . . . . . . .  	L NEAR	12E1	SEG_A
LOC_212  . . . . . . . . . . . .  	L NEAR	12E9	SEG_A
LOC_213  . . . . . . . . . . . .  	L NEAR	12F2	SEG_A
LOC_214  . . . . . . . . . . . .  	L NEAR	12FA	SEG_A
LOC_215  . . . . . . . . . . . .  	L NEAR	1308	SEG_A
LOC_216  . . . . . . . . . . . .  	L NEAR	131D	SEG_A
LOC_219  . . . . . . . . . . . .  	L NEAR	1355	SEG_A
LOC_22 . . . . . . . . . . . . .  	L NEAR	00FB	SEG_A
LOC_220  . . . . . . . . . . . .  	L NEAR	1369	SEG_A
LOC_221  . . . . . . . . . . . .  	L NEAR	136F	SEG_A
LOC_223  . . . . . . . . . . . .  	L NEAR	13EE	SEG_A
LOC_224  . . . . . . . . . . . .  	L NEAR	1434	SEG_A
LOC_225  . . . . . . . . . . . .  	L NEAR	1442	SEG_A
LOC_227  . . . . . . . . . . . .  	L NEAR	14D0	SEG_A
LOC_228  . . . . . . . . . . . .  	L NEAR	14D7	SEG_A
LOC_229  . . . . . . . . . . . .  	L NEAR	14DE	SEG_A
LOC_23 . . . . . . . . . . . . .  	L NEAR	0102	SEG_A
LOC_230  . . . . . . . . . . . .  	L NEAR	14E5	SEG_A
LOC_231  . . . . . . . . . . . .  	L NEAR	1518	SEG_A
LOC_232  . . . . . . . . . . . .  	L NEAR	151D	SEG_A
LOC_233  . . . . . . . . . . . .  	L NEAR	1523	SEG_A
LOC_234  . . . . . . . . . . . .  	L NEAR	1529	SEG_A
LOC_235  . . . . . . . . . . . .  	L NEAR	1530	SEG_A
LOC_236  . . . . . . . . . . . .  	L NEAR	1550	SEG_A
LOC_237  . . . . . . . . . . . .  	L NEAR	1552	SEG_A
LOC_239  . . . . . . . . . . . .  	L NEAR	156E	SEG_A
LOC_24 . . . . . . . . . . . . .  	L NEAR	010C	SEG_A
LOC_240  . . . . . . . . . . . .  	L NEAR	1577	SEG_A
LOC_241  . . . . . . . . . . . .  	L NEAR	157C	SEG_A
LOC_242  . . . . . . . . . . . .  	L NEAR	1582	SEG_A
LOC_243  . . . . . . . . . . . .  	L NEAR	1588	SEG_A
Microsoft (R) Macro Assembler  Version 4.00                 3/29/26 15:15:01

                                                            Symbols-6
                                                             

LOC_244  . . . . . . . . . . . .  	L NEAR	158F	SEG_A
LOC_245  . . . . . . . . . . . .  	L NEAR	15AF	SEG_A
LOC_246  . . . . . . . . . . . .  	L NEAR	15B1	SEG_A
LOC_247  . . . . . . . . . . . .  	L NEAR	15BA	SEG_A
LOC_248  . . . . . . . . . . . .  	L NEAR	15BC	SEG_A
LOC_249  . . . . . . . . . . . .  	L NEAR	15E7	SEG_A
LOC_25 . . . . . . . . . . . . .  	L NEAR	0115	SEG_A
LOC_250  . . . . . . . . . . . .  	L NEAR	1605	SEG_A
LOC_251  . . . . . . . . . . . .  	L NEAR	1642	SEG_A
LOC_252  . . . . . . . . . . . .  	L NEAR	1669	SEG_A
LOC_256  . . . . . . . . . . . .  	L NEAR	169F	SEG_A
LOC_257  . . . . . . . . . . . .  	L NEAR	16E9	SEG_A
LOC_258  . . . . . . . . . . . .  	L NEAR	16F9	SEG_A
LOC_259  . . . . . . . . . . . .  	L NEAR	1705	SEG_A
LOC_26 . . . . . . . . . . . . .  	L NEAR	0132	SEG_A
LOC_263  . . . . . . . . . . . .  	L NEAR	1760	SEG_A
LOC_267  . . . . . . . . . . . .  	L NEAR	1863	SEG_A
LOC_268  . . . . . . . . . . . .  	L NEAR	186D	SEG_A
LOC_27 . . . . . . . . . . . . .  	L NEAR	0140	SEG_A
LOC_270  . . . . . . . . . . . .  	L NEAR	18B6	SEG_A
LOC_271  . . . . . . . . . . . .  	L NEAR	18C0	SEG_A
LOC_272  . . . . . . . . . . . .  	L NEAR	18CA	SEG_A
LOC_274  . . . . . . . . . . . .  	L NEAR	1957	SEG_A
LOC_276  . . . . . . . . . . . .  	L NEAR	1B91	SEG_A
LOC_278  . . . . . . . . . . . .  	L NEAR	1BFC	SEG_A
LOC_28 . . . . . . . . . . . . .  	L NEAR	015C	SEG_A
LOC_282  . . . . . . . . . . . .  	L NEAR	1DA1	SEG_A
LOC_287  . . . . . . . . . . . .  	L NEAR	2197	SEG_A
LOC_29 . . . . . . . . . . . . .  	L NEAR	0164	SEG_A
LOC_30 . . . . . . . . . . . . .  	L NEAR	0169	SEG_A
LOC_31 . . . . . . . . . . . . .  	L NEAR	0188	SEG_A
LOC_32 . . . . . . . . . . . . .  	L NEAR	0194	SEG_A
LOC_33 . . . . . . . . . . . . .  	L NEAR	01A8	SEG_A
LOC_35 . . . . . . . . . . . . .  	L NEAR	01C0	SEG_A
LOC_36 . . . . . . . . . . . . .  	L NEAR	01CA	SEG_A
LOC_37 . . . . . . . . . . . . .  	L NEAR	01E9	SEG_A
LOC_38 . . . . . . . . . . . . .  	L NEAR	01F3	SEG_A
LOC_39 . . . . . . . . . . . . .  	L NEAR	01FB	SEG_A
LOC_40 . . . . . . . . . . . . .  	L NEAR	021E	SEG_A
LOC_41 . . . . . . . . . . . . .  	L NEAR	0242	SEG_A
LOC_42 . . . . . . . . . . . . .  	L NEAR	024E	SEG_A
LOC_43 . . . . . . . . . . . . .  	L NEAR	025C	SEG_A
LOC_44 . . . . . . . . . . . . .  	L NEAR	0268	SEG_A
LOC_45 . . . . . . . . . . . . .  	L NEAR	0280	SEG_A
LOC_47 . . . . . . . . . . . . .  	L NEAR	02BA	SEG_A
LOC_48 . . . . . . . . . . . . .  	L NEAR	02CA	SEG_A
LOC_49 . . . . . . . . . . . . .  	L NEAR	02D2	SEG_A
LOC_5  . . . . . . . . . . . . .  	L NEAR	0067	SEG_A
LOC_50 . . . . . . . . . . . . .  	L NEAR	02ED	SEG_A
LOC_51 . . . . . . . . . . . . .  	L NEAR	02FB	SEG_A
LOC_52 . . . . . . . . . . . . .  	L NEAR	030B	SEG_A
LOC_53 . . . . . . . . . . . . .  	L NEAR	0319	SEG_A
LOC_54 . . . . . . . . . . . . .  	L NEAR	0329	SEG_A
LOC_55 . . . . . . . . . . . . .  	L NEAR	0337	SEG_A
LOC_56 . . . . . . . . . . . . .  	L NEAR	0347	SEG_A
Microsoft (R) Macro Assembler  Version 4.00                 3/29/26 15:15:01

                                                            Symbols-7
                                                             

LOC_57 . . . . . . . . . . . . .  	L NEAR	0355	SEG_A
LOC_58 . . . . . . . . . . . . .  	L NEAR	0365	SEG_A
LOC_59 . . . . . . . . . . . . .  	L NEAR	0373	SEG_A
LOC_6  . . . . . . . . . . . . .  	L NEAR	0068	SEG_A
LOC_60 . . . . . . . . . . . . .  	L NEAR	0383	SEG_A
LOC_61 . . . . . . . . . . . . .  	L NEAR	0391	SEG_A
LOC_62 . . . . . . . . . . . . .  	L NEAR	03A1	SEG_A
LOC_63 . . . . . . . . . . . . .  	L NEAR	03AF	SEG_A
LOC_64 . . . . . . . . . . . . .  	L NEAR	03B7	SEG_A
LOC_65 . . . . . . . . . . . . .  	L NEAR	03CE	SEG_A
LOC_66 . . . . . . . . . . . . .  	L NEAR	03DE	SEG_A
LOC_67 . . . . . . . . . . . . .  	L NEAR	03EE	SEG_A
LOC_68 . . . . . . . . . . . . .  	L NEAR	03FE	SEG_A
LOC_69 . . . . . . . . . . . . .  	L NEAR	040E	SEG_A
LOC_7  . . . . . . . . . . . . .  	L NEAR	0071	SEG_A
LOC_70 . . . . . . . . . . . . .  	L NEAR	041E	SEG_A
LOC_71 . . . . . . . . . . . . .  	L NEAR	042E	SEG_A
LOC_72 . . . . . . . . . . . . .  	L NEAR	043E	SEG_A
LOC_73 . . . . . . . . . . . . .  	L NEAR	0446	SEG_A
LOC_74 . . . . . . . . . . . . .  	L NEAR	045E	SEG_A
LOC_75 . . . . . . . . . . . . .  	L NEAR	04C1	SEG_A
LOC_76 . . . . . . . . . . . . .  	L NEAR	04C9	SEG_A
LOC_77 . . . . . . . . . . . . .  	L NEAR	04DF	SEG_A
LOC_78 . . . . . . . . . . . . .  	L NEAR	0540	SEG_A
LOC_79 . . . . . . . . . . . . .  	L NEAR	0546	SEG_A
LOC_8  . . . . . . . . . . . . .  	L NEAR	007B	SEG_A
LOC_80 . . . . . . . . . . . . .  	L NEAR	056D	SEG_A
LOC_81 . . . . . . . . . . . . .  	L NEAR	0570	SEG_A
LOC_82 . . . . . . . . . . . . .  	L NEAR	0574	SEG_A
LOC_83 . . . . . . . . . . . . .  	L NEAR	05E9	SEG_A
LOC_84 . . . . . . . . . . . . .  	L NEAR	05ED	SEG_A
LOC_85 . . . . . . . . . . . . .  	L NEAR	063D	SEG_A
LOC_86 . . . . . . . . . . . . .  	L NEAR	0643	SEG_A
LOC_87 . . . . . . . . . . . . .  	L NEAR	066A	SEG_A
LOC_88 . . . . . . . . . . . . .  	L NEAR	066D	SEG_A
LOC_89 . . . . . . . . . . . . .  	L NEAR	068F	SEG_A
LOC_9  . . . . . . . . . . . . .  	L NEAR	0085	SEG_A
LOC_90 . . . . . . . . . . . . .  	L NEAR	069A	SEG_A
LOC_91 . . . . . . . . . . . . .  	L NEAR	06A1	SEG_A
LOC_92 . . . . . . . . . . . . .  	L NEAR	06B0	SEG_A
LOC_93 . . . . . . . . . . . . .  	L NEAR	0701	SEG_A
LOC_96 . . . . . . . . . . . . .  	L NEAR	07DA	SEG_A
LOC_97 . . . . . . . . . . . . .  	L NEAR	07EA	SEG_A
LOC_98 . . . . . . . . . . . . .  	L NEAR	07FA	SEG_A
LOC_99 . . . . . . . . . . . . .  	L NEAR	080A	SEG_A
LOC_RET_168  . . . . . . . . . .  	L NEAR	0F66	SEG_A
LOC_RET_273  . . . . . . . . . .  	L NEAR	18D4	SEG_A

START  . . . . . . . . . . . . .  	L NEAR	0000	SEG_A
SUB_1  . . . . . . . . . . . . .  	N PROC	0128	SEG_A	Length = 004E
SUB_10 . . . . . . . . . . . . .  	N PROC	0719	SEG_A	Length = 0044
SUB_11 . . . . . . . . . . . . .  	L NEAR	072F	SEG_A
SUB_12 . . . . . . . . . . . . .  	N PROC	075D	SEG_A	Length = 0010
SUB_13 . . . . . . . . . . . . .  	N PROC	076D	SEG_A	Length = 005D
SUB_14 . . . . . . . . . . . . .  	N PROC	07CA	SEG_A	Length = 0073
Microsoft (R) Macro Assembler  Version 4.00                 3/29/26 15:15:01

                                                            Symbols-8
                                                             

SUB_15 . . . . . . . . . . . . .  	N PROC	083D	SEG_A	Length = 0006
SUB_16 . . . . . . . . . . . . .  	N PROC	0843	SEG_A	Length = 0008
SUB_17 . . . . . . . . . . . . .  	N PROC	084B	SEG_A	Length = 0007
SUB_18 . . . . . . . . . . . . .  	N PROC	0852	SEG_A	Length = 0051
SUB_19 . . . . . . . . . . . . .  	N PROC	08A3	SEG_A	Length = 0076
SUB_2  . . . . . . . . . . . . .  	N PROC	0272	SEG_A	Length = 01C4
SUB_20 . . . . . . . . . . . . .  	N PROC	0E2B	SEG_A	Length = 0046
SUB_21 . . . . . . . . . . . . .  	N PROC	0E71	SEG_A	Length = 0012
SUB_22 . . . . . . . . . . . . .  	N PROC	0F4A	SEG_A	Length = 0289
SUB_23 . . . . . . . . . . . . .  	L NEAR	1076	SEG_A
SUB_24 . . . . . . . . . . . . .  	L NEAR	108F	SEG_A
SUB_25 . . . . . . . . . . . . .  	L NEAR	10BB	SEG_A
SUB_26 . . . . . . . . . . . . .  	L NEAR	10E3	SEG_A
SUB_27 . . . . . . . . . . . . .  	N PROC	11D3	SEG_A	Length = 0096
SUB_28 . . . . . . . . . . . . .  	N PROC	127F	SEG_A	Length = 003F
SUB_29 . . . . . . . . . . . . .  	N PROC	1363	SEG_A	Length = 00AF
SUB_3  . . . . . . . . . . . . .  	N PROC	0436	SEG_A	Length = 003D
SUB_30 . . . . . . . . . . . . .  	L NEAR	13D1	SEG_A
SUB_31 . . . . . . . . . . . . .  	N PROC	1412	SEG_A	Length = 0011
SUB_32 . . . . . . . . . . . . .  	N PROC	1423	SEG_A	Length = 0023
SUB_33 . . . . . . . . . . . . .  	N PROC	1476	SEG_A	Length = 007A
SUB_34 . . . . . . . . . . . . .  	L NEAR	14BE	SEG_A
SUB_35 . . . . . . . . . . . . .  	N PROC	14F0	SEG_A	Length = 0081
SUB_36 . . . . . . . . . . . . .  	L NEAR	1512	SEG_A
SUB_37 . . . . . . . . . . . . .  	N PROC	1571	SEG_A	Length = 00A5
SUB_38 . . . . . . . . . . . . .  	N PROC	1616	SEG_A	Length = 0020
SUB_39 . . . . . . . . . . . . .  	N PROC	1636	SEG_A	Length = 0033
SUB_4  . . . . . . . . . . . . .  	N PROC	0473	SEG_A	Length = 0046
SUB_40 . . . . . . . . . . . . .  	N PROC	1669	SEG_A	Length = 003A
SUB_41 . . . . . . . . . . . . .  	N PROC	16F2	SEG_A	Length = 000C
SUB_42 . . . . . . . . . . . . .  	N PROC	16FE	SEG_A	Length = 000C
SUB_43 . . . . . . . . . . . . .  	N PROC	182E	SEG_A	Length = 003A
SUB_44 . . . . . . . . . . . . .  	N PROC	1868	SEG_A	Length = 003A
SUB_45 . . . . . . . . . . . . .  	N PROC	1DAD	SEG_A	Length = 0040
SUB_46 . . . . . . . . . . . . .  	N PROC	215C	SEG_A	Length = 0022
SUB_47 . . . . . . . . . . . . .  	N PROC	217E	SEG_A	Length = 0022
SUB_48 . . . . . . . . . . . . .  	N PROC	21A0	SEG_A	Length = 0019
SUB_49 . . . . . . . . . . . . .  	N PROC	21B9	SEG_A	Length = 001E
SUB_5  . . . . . . . . . . . . .  	N PROC	04B9	SEG_A	Length = 0260
SUB_6  . . . . . . . . . . . . .  	L NEAR	04F1	SEG_A
SUB_7  . . . . . . . . . . . . .  	L NEAR	0673	SEG_A
SUB_8  . . . . . . . . . . . . .  	L NEAR	0676	SEG_A
SUB_9  . . . . . . . . . . . . .  	L NEAR	06A1	SEG_A

TARGET . . . . . . . . . . . . .  	Number	4D34	

_205GFTGA  . . . . . . . . . . .  	F PROC	0000	SEG_A	Length = 0128


   4146 Source  Lines
   4879 Total   Lines
    435 Symbols

  34648 Bytes symbol space free

      0 Warning Errors
      1 Severe  Errors
