Microsoft (R) Macro Assembler  Version 4.00                 3/29/26 15:15:16

                                                            Page     1-1
                                                            

                                 
                                PAGE  59,132 
                                 
                                ;€€€€€€€€€€€€€€€€€€€€€€€€€€€€€€€€€€€€€€€€€€€€€€€€€€€€€€€€€€€€€€€€€€€€€€€€€€ 
                                ;€€					                                 €€ 
                                ;€€				_206GFMCA                                €€ 
                                ;€€					                                 €€ 
                                ;€€      Created:   29-Mar-26		                                 €€ 
                                ;€€      Code type: zero start		                                 €€ 
                                ;€€      Passes:    9          Analysis	Options on: none                 €€ 
                                ;€€					                                 €€ 
                                ;€€€€€€€€€€€€€€€€€€€€€€€€€€€€€€€€€€€€€€€€€€€€€€€€€€€€€€€€€€€€€€€€€€€€€€€€€€ 
                                 
 = 4D34                         target		EQU   'M4'                      ; Target assembler: MASM-4.0 
                                 
                             C  include  srmacros.inc 
                             C   
                             C  ; Macros which may be required for proper re-assembly 
                             C   
                             C  IF (target EQ 'M4') 
                             C  ;----------------------------------------------------------------------------- 
                             C  ;  MASM 4.0 does not allow retf and retn, allowed by current assemblers. 
                             C  ;  These marcos, convert RETF and RETN into data bytes that are acceptable 
                             C  ;  to MASM 4.0. 
                             C   
                             C   
                             C  retf            macro   ret_count               ; Fixup for Assembler 
                             C                  if      ret_count+0 GT 1 
                             C                  db      0CAh 
                             C                  dw      ret_count 
                             C                  else 
                             C                  db      0CBh 
                             C                  endif 
                             C  endm 
                             C   
                             C  retn            macro  ret_count 
                             C                  if     ret_count+0 GT 1 
                             C                  db     0C2h 
                             C                  dw     ret_count 
                             C                  else 
                             C                  db     0C3h 
                             C                  endif 
                             C  endm 
                             C   
                             C  ENDIF 
                             C   
                             C   
                             C  IF (target EQ 'M4') OR (target EQ 'M5')  
                             C  ;----------------------------------------------------------------------------- 
                             C  ; Due to a bug in earlier MASM assemblers, the valid instruction type  
                             C  ; "mov segreg, reg"  cannot be used, if the register is not AX.   
                             C  ; For example:  mov  es, bx 
                             C   
                             C  movseg          macro reg16, unused, Imm16      ; Fixup for Assembler 
                             C                  ifidn  <reg16>, <bx>             
Microsoft (R) Macro Assembler  Version 4.00                 3/29/26 15:15:16

                                                            Page     1-2
                                                            

                             C                  db     0BBh                      
                             C                  endif                            
                             C                  ifidn  <reg16>, <cx>             
                             C                  db     0B9h                      
                             C                  endif 
                             C                  ifidn  <reg16>, <dx> 
                             C                  db     0BAh 
                             C                  endif 
                             C                  ifidn  <reg16>, <si> 
                             C                  db     0BEh 
                             C                  endif 
                             C                  ifidn  <reg16>, <di> 
                             C                  db     0BFh 
                             C                  endif 
                             C                  ifidn  <reg16>, <bp> 
                             C                  db     0BDh 
                             C                  endif 
                             C                  ifidn  <reg16>, <sp> 
                             C                  db     0BCh 
                             C                  endif 
                             C                  ifidn  <reg16>, <BX> 
                             C                  db     0BBH 
                             C                  endif 
                             C                  ifidn  <reg16>, <CX> 
                             C                  db     0B9H 
                             C                  endif 
                             C                  ifidn  <reg16>, <DX> 
                             C                  db     0BAH 
                             C                  endif 
                             C                  ifidn  <reg16>, <SI> 
                             C                  db     0BEH 
                             C                  endif 
                             C                  ifidn  <reg16>, <DI> 
                             C                  db     0BFH 
                             C                  endif 
                             C                  ifidn  <reg16>, <BP> 
                             C                  db     0BDH 
                             C                  endif 
                             C                  ifidn  <reg16>, <SP> 
                             C                  db     0BCH 
                             C                  endif 
                             C                  dw     seg Imm16 
                             C  endm 
                             C   
                             C  ENDIF 
                             C   
                             C   
                             C  ENDIF 
                             C   
                             C   
                             C   
                             C  IFE (target EQ 'NO') 
                             C  ;----------------------------------------------------------------------------- 
                             C  ;  Some compilers and some assemblers will code a call that goes to a far 
                             C  ;  subroutine in the same segment as: 
Microsoft (R) Macro Assembler  Version 4.00                 3/29/26 15:15:16

                                                            Page     1-3
                                                            

                             C  ; 
                             C  ;               PUSH    CS 
                             C  ;               CALL    near 
                             C  ; 
                             C  ;  This saves one byte, and is slightly faster.  If the assembler you are 
                             C  ;  using (i.e. MASM, Optasm) does not do this automatically, the following 
                             C  ;  macros are used to code the same information.  In other words, the binary 
                             C  ;  file has "PUSH CS, CALL near", and Sourcer ensures the same instructions 
                             C  ;  are used!  (macro CALLF) 
                             C  ; 
                             C   
                             C  callf           macro   location 
                             C                  push    cs 
                             C                  call    near ptr location 
                             C  endm 
                             C   
                             C  ;  Some compilers generate an unnecessary DS override on the call instruction 
                             C  ;  when compacting the CALLF type function.  Macro CALLFX handles this case. 
                             C   
                             C  callfx          macro   location 
                             C                  push    cs 
                             C                  db      3Eh 
                             C                  call    near ptr location 
                             C  endm 
                             C   
                             C   
                             C  ;----------------------------------------------------------------------------- 
                             C  ;  Some compilers and some assemblers will code a near call that is the 
                             C  ;  selected assembler will convert to a short jump to save a byte.  This 
                             C  ;  reconstructs a near jump for these cases. 
                             C   
                             C  jmpn            macro   location 
                             C                  db      0E9h 
                             C                  dw      offset location-$-2 
                             C  endm 
                             C   
                             C  ENDIF 
                             C   
                                 
                                 
                                 
                                ; The following equates show data references outside the range of the program. 
                                 
 = 4000                         data_1e		equ	4000h			;* 
 = 6000                         data_2e		equ	6000h			;* 
 = 6333                         data_3e		equ	6333h			;* 
 = 9350                         data_4e		equ	9350h			;* 
 = B000                         data_5e		equ	0B000h			;* 
 = B17E                         data_6e		equ	0B17Eh			;* 
 = D000                         data_7e		equ	0D000h			;* 
 = 2939                         data_55e	equ	2939h			;* 
 = 3176                         data_56e	equ	3176h			;* 
 = 3893                         data_57e	equ	3893h			;* 
 = 389B                         data_58e	equ	389Bh			;* 
 = 3963                         data_59e	equ	3963h			;* 
Microsoft (R) Macro Assembler  Version 4.00                 3/29/26 15:15:16

                                                            Page     1-4
                                                            

 = 3F38                         data_60e	equ	3F38h			;* 
 = 4086                         data_61e	equ	4086h			;* 
 = 4588                         data_62e	equ	4588h			;* 
 = 46D4                         data_63e	equ	46D4h			;* 
 = 4A25                         data_64e	equ	4A25h			;* 
 = 4F8C                         data_65e	equ	4F8Ch			;* 
 = 4FE9                         data_66e	equ	4FE9h			;* 
 = 4FEB                         data_68e	equ	4FEBh			;* 
 = 4FED                         data_69e	equ	4FEDh			;* 
 = 4FEF                         data_70e	equ	4FEFh			;* 
 = 4FF1                         data_71e	equ	4FF1h			;* 
 = 4FF2                         data_72e	equ	4FF2h			;* 
 = 4FF3                         data_73e	equ	4FF3h			;* 
 = 4FF4                         data_74e	equ	4FF4h			;* 
 = 4FF5                         data_75e	equ	4FF5h			;* 
 = 4FF7                         data_77e	equ	4FF7h			;* 
 = 4FF9                         data_78e	equ	4FF9h			;* 
 = 4FFB                         data_79e	equ	4FFBh			;* 
 = 4FFD                         data_81e	equ	4FFDh			;* 
 = 4FFF                         data_82e	equ	4FFFh			;* 
 = 5000                         data_83e	equ	5000h			;* 
 = 5010                         data_84e	equ	5010h			;* 
 = 5011                         data_85e	equ	5011h			;* 
 = 5014                         data_86e	equ	5014h			;* 
 = 501D                         data_87e	equ	501Dh			;* 
 = 511D                         data_88e	equ	511Dh			;* 
 = 625C                         data_89e	equ	625Ch			;* 
 = A030                         data_90e	equ	0A030h			;* 
 = C010                         data_91e	equ	0C010h			;* 
 = C012                         data_92e	equ	0C012h			;* 
 = E000                         data_93e	equ	0E000h			;* 
 = E900                         data_94e	equ	0E900h			;* 
 = E91B                         data_95e	equ	0E91Bh			;* 
 = ED20                         data_96e	equ	0ED20h			;* 
 = EDA0                         data_97e	equ	0EDA0h			;* 
 = F739                         data_98e	equ	0F739h			;* 
 = FA00                         data_99e	equ	0FA00h			;* 
 = FF1A                         data_100e	equ	0FF1Ah			;* 
 = FF2C                         data_101e	equ	0FF2Ch			;* 
 = FF2F                         data_102e	equ	0FF2Fh			;* 
 = FF31                         data_103e	equ	0FF31h			;* 
 = FF33                         data_104e	equ	0FF33h			;* 
 = FF34                         data_105e	equ	0FF34h			;* 
 = FF35                         data_106e	equ	0FF35h			;* 
 = FF36                         data_107e	equ	0FF36h			;* 
 = FF37                         data_108e	equ	0FF37h			;* 
 = FF38                         data_109e	equ	0FF38h			;* 
 = FF39                         data_110e	equ	0FF39h			;* 
 = FF3A                         data_111e	equ	0FF3Ah			;* 
 = FF3D                         data_112e	equ	0FF3Dh			;* 
 = FF3F                         data_113e	equ	0FF3Fh			;* 
 = FF40                         data_114e	equ	0FF40h			;* 
 = FF41                         data_115e	equ	0FF41h			;* 
 = FF42                         data_116e	equ	0FF42h			;* 
 = FF43                         data_117e	equ	0FF43h			;* 
Microsoft (R) Macro Assembler  Version 4.00                 3/29/26 15:15:16

                                                            Page     1-5
                                                            

 = FF44                         data_118e	equ	0FF44h			;* 
 = FF45                         data_119e	equ	0FF45h			;* 
 = FF46                         data_120e	equ	0FF46h			;* 
 = 0138                         data_121e	equ	138h 
 = 0500                         data_122e	equ	500h 
 = 11B0                         data_123e	equ	11B0h 
 = FA00                         data_124e	equ	0FA00h 
 = FA40                         data_125e	equ	0FA40h 
                                 
 0000                           seg_a		segment	byte public 
                                		assume	cs:seg_a, ds:seg_a 
                                 
                                 
 0000                           		org	0 
                                 
 0000                           _206GFMCA	proc	far 
                                 
 0000                           start: 
 0000  5D                       		pop	bp 
 0001  23 00                    		and	ax,[bx+si] 
 0003  00 2C                    		add	[si],ch 
 0005  30 B9 2939               		xor	ds:data_55e[bx+di],bh 
 0009  3F                       		aas				; Ascii adjust 
 000A  34 3E                    		xor	al,3Eh			; '>' 
 000C  2F                       		das				; Decimal adjust 
 000D  41                       		inc	cx 
 000E  AD                       		lodsw				; String [si] to ax 
 000F  44                       		inc	sp 
 0010  D0 3F                    		sar	byte ptr [bx],1		; Shift w/sign fill 
 0012  72 32                    		jc	loc_1			; Jump if carry Set 
 0014  9B                       		db	9Bh			;  Fixup - byte match 
 0015  37                       		aaa				; Ascii adjust 
 0016  92                       		xchg	dx,ax 
 0017  41                       		inc	cx 
 0018  F0/ 40                                              lock	inc	ax 
 001A  A3 F739                  		mov	ds:data_98e,ax 
 001D  42                       		inc	dx 
 001E  CE                       		into				; Int 4 on overflow 
 001F  44                       		inc	sp 
 0020  18 45 14                 		sbb	[di+14h],al 
 0023  46                       		inc	si 
 0024  D7                       		xlat				; al=[al+[bx]] table 
 0025  40                       		inc	ax 
 0026  33 49 90                 		xor	cx,[bx+di-70h] 
 0029  49                       		dec	cx 
 002A  51                       		push	cx 
 002B  4B                       		dec	bx 
 002C  DD 4E E8 4F 0E 07        		db	0DDh, 4Eh,0E8h, 4Fh, 0Eh, 07h 
 0032  BF 1D 50 33 C0 B9        		db	0BFh, 1Dh, 50h, 33h,0C0h,0B9h 
 0038  0080                     data_8		dw	80h 
 003A  F3 AB                    		db	0F3h,0ABh 
 003C  FE                       data_9		db	0FEh 
 003D  06 FF 4F C7 06 EB        		db	 06h,0FFh, 4Fh,0C7h, 06h,0EBh 
 0043  4F B0 11                 		db	 4Fh,0B0h, 11h 
 0046                           loc_1: 
Microsoft (R) Macro Assembler  Version 4.00                 3/29/26 15:15:16

                                                            Page     1-6
                                                            

 0046  8B 36 FF31               		mov	si,ds:data_103e 
 004A  83 EE 21                 		sub	si,21h 
 004D  E8 1510 R                		call	sub_45 
 0050  33 DB                    		xor	bx,bx			; Zero register 
 0052  F6 04 80                 		test	byte ptr [si],80h 
 0055  74 03                    		jz	loc_2			; Jump if zero 
 0057  E8 032A R                		call	sub_3 
 005A                           loc_2: 
 005A  46                       		inc	si 
 005B  B9 0006                  		mov	cx,6 
                                 
 005E                           locloop_3: 
 005E  51                       		push	cx 
 005F  F6 04 80                 		test	byte ptr [si],80h 
 0062  74 03                    		jz	loc_4			; Jump if zero 
 0064  E8 0367 R                		call	sub_4 
 0067                           loc_4: 
 0067  46                       		inc	si 
 0068  43                       		inc	bx 
 0069  F6 04 80                 		test	byte ptr [si],80h 
 006C  74 03                    		jz	loc_5			; Jump if zero 
 006E  E8 0367 R                		call	sub_4 
 0071                           loc_5: 
 0071  46                       		inc	si 
 0072  43                       		inc	bx 
 0073  F6 04 80                 		test	byte ptr [si],80h 
 0076  74 03                    		jz	loc_6			; Jump if zero 
 0078  E8 0367 R                		call	sub_4 
 007B                           loc_6: 
 007B  46                       		inc	si 
 007C  43                       		inc	bx 
 007D  F6 04 80                 		test	byte ptr [si],80h 
 0080  74 03                    		jz	loc_7			; Jump if zero 
 0082  E8 0367 R                		call	sub_4 
 0085                           loc_7: 
 0085  46                       		inc	si 
 0086  43                       		inc	bx 
 0087  59                       		pop	cx 
 0088  E2 D4                    		loop	locloop_3		; Loop if cx > 0 
                                 
 008A  F6 04 80                 		test	byte ptr [si],80h 
 008D  74 03                    		jz	loc_8			; Jump if zero 
 008F  E8 0367 R                		call	sub_4 
 0092                           loc_8: 
 0092  46                       		inc	si 
 0093  43                       		inc	bx 
 0094  F6 04 80                 		test	byte ptr [si],80h 
 0097  74 03                    		jz	loc_9			; Jump if zero 
 0099  E8 0367 R                		call	sub_4 
 009C                           loc_9: 
 009C  46                       		inc	si 
 009D  43                       		inc	bx 
 009E  F6 04 80                 		test	byte ptr [si],80h 
 00A1  74 03                    		jz	loc_10			; Jump if zero 
 00A3  E8 0367 R                		call	sub_4 
Microsoft (R) Macro Assembler  Version 4.00                 3/29/26 15:15:16

                                                            Page     1-7
                                                            

 00A6                           loc_10: 
 00A6  46                       		inc	si 
 00A7  F6 04 80                 		test	byte ptr [si],80h 
 00AA  74 03                    		jz	loc_11			; Jump if zero 
 00AC  E8 03AF R                		call	sub_5 
 00AF                           loc_11: 
 00AF  8B 36 FF31               		mov	si,ds:data_103e 
 00B3  BF E900                  		mov	di,0E900h 
 00B6  C6 06 4FF1 12            		mov	byte ptr ds:data_71e,12h 
 00BB                           loc_12: 
 00BB  E8 0E00 R                		call	sub_25 
 00BE  33 DB                    		xor	bx,bx			; Zero register 
 00C0  83 C6 03                 		add	si,3 
 00C3  AC                       		lodsb				; String [si] to al 
 00C4  0A C0                    		or	al,al			; Zero ? 
 00C6  79 03                    		jns	loc_13			; Jump if not sign 
 00C8  E8 03E7 R                		call	sub_6 
 00CB                           loc_13: 
 00CB  B9 0006                  		mov	cx,6 
                                 
 00CE                           locloop_14: 
 00CE  51                       		push	cx 
 00CF  A6                       		cmpsb				; Cmp [si] to es:[di] 
 00D0  74 03                    		jz	loc_15			; Jump if zero 
 00D2  E8 0128 R                		call	sub_1 
 00D5                           loc_15: 
 00D5  43                       		inc	bx 
 00D6  A6                       		cmpsb				; Cmp [si] to es:[di] 
 00D7  74 03                    		jz	loc_16			; Jump if zero 
 00D9  E8 0128 R                		call	sub_1 
 00DC                           loc_16: 
 00DC  43                       		inc	bx 
 00DD  A6                       		cmpsb				; Cmp [si] to es:[di] 
 00DE  74 03                    		jz	loc_17			; Jump if zero 
 00E0  E8 0128 R                		call	sub_1 
 00E3                           loc_17: 
 00E3  43                       		inc	bx 
 00E4  A6                       		cmpsb				; Cmp [si] to es:[di] 
 00E5  74 03                    		jz	loc_18			; Jump if zero 
 00E7  E8 0128 R                		call	sub_1 
 00EA                           loc_18: 
 00EA  43                       		inc	bx 
 00EB  59                       		pop	cx 
 00EC  E2 E0                    		loop	locloop_14		; Loop if cx > 0 
                                 
 00EE  A6                       		cmpsb				; Cmp [si] to es:[di] 
 00EF  74 03                    		jz	loc_19			; Jump if zero 
 00F1  E8 0128 R                		call	sub_1 
 00F4                           loc_19: 
 00F4  43                       		inc	bx 
 00F5  A6                       		cmpsb				; Cmp [si] to es:[di] 
 00F6  74 03                    		jz	loc_20			; Jump if zero 
 00F8  E8 0128 R                		call	sub_1 
 00FB                           loc_20: 
 00FB  43                       		inc	bx 
Microsoft (R) Macro Assembler  Version 4.00                 3/29/26 15:15:16

                                                            Page     1-8
                                                            

 00FC  A6                       		cmpsb				; Cmp [si] to es:[di] 
 00FD  74 03                    		jz	loc_21			; Jump if zero 
 00FF  E8 0128 R                		call	sub_1 
 0102                           loc_21: 
 0102  43                       		inc	bx 
 0103  AC                       		lodsb				; String [si] to al 
 0104  47                       		inc	di 
 0105  0A C0                    		or	al,al			; Zero ? 
 0107  79 03                    		jns	loc_22			; Jump if not sign 
 0109  E9 04E7 R                		jmp	loc_62 
 010C                           loc_22: 
 010C  26: 3A 45 FF             		cmp	al,es:[di-1] 
 0110  74 03                    		je	loc_23			; Jump if equal 
 0112  E8 0128 R                		call	sub_1 
 0115                           loc_23: 
 0115  83 C6 04                 		add	si,4 
 0118  E8 1504 R                		call	sub_44 
 011B  81 06 4FEB 0A00          		add	word ptr ds:data_68e,0A00h 
 0121  FE 0E 4FF1               		dec	byte ptr ds:data_71e 
 0125  75 94                    		jnz	loc_12			; Jump if not zero 
                                		retn 
 0127  C3                     1                 db     0C3h
                                 
                                _206GFMCA	endp 
                                 
                                ;ﬂﬂﬂﬂﬂﬂﬂﬂﬂﬂﬂﬂﬂﬂﬂﬂﬂﬂﬂﬂﬂﬂﬂﬂﬂﬂﬂﬂﬂﬂﬂﬂﬂﬂﬂﬂﬂﬂﬂﬂﬂﬂﬂﬂﬂﬂﬂﬂﬂﬂﬂﬂﬂﬂﬂﬂﬂﬂﬂﬂﬂﬂﬂﬂﬂﬂﬂﬂﬂﬂﬂﬂﬂﬂ 
                                ;                              SUBROUTINE 
                                ;‹‹‹‹‹‹‹‹‹‹‹‹‹‹‹‹‹‹‹‹‹‹‹‹‹‹‹‹‹‹‹‹‹‹‹‹‹‹‹‹‹‹‹‹‹‹‹‹‹‹‹‹‹‹‹‹‹‹‹‹‹‹‹‹‹‹‹‹‹‹‹‹‹‹ 
                                 
 0128                           sub_1		proc	near 
 0128  8A 44 FF                 		mov	al,[si-1] 
 012B  0A C0                    		or	al,al			; Zero ? 
 012D  79 03                    		jns	loc_24			; Jump if not sign 
 012F  E9 046C R                		jmp	loc_60 
 0132                           loc_24: 
 0132  26: 80 7D FF FC          		cmp	byte ptr es:[di-1],0FCh 
 0137  75 07                    		jne	loc_25			; Jump if not equal 
 0139  26: C6 45 FF FF          		mov	byte ptr es:[di-1],0FFh 
 013E  EB 20                    		jmp	short loc_26 
 0140                           loc_25: 
 0140  26: FE 45 FF             		inc	byte ptr es:[di-1] 
 0144  26: C6 45 FF FE          		mov	byte ptr es:[di-1],0FEh 
 0149  74 15                    		jz	loc_26			; Jump if zero 
 014B  26: 88 45 FF             		mov	es:[di-1],al 
 014F  8B D3                    		mov	dx,bx 
 0151  03 D2                    		add	dx,dx 
 0153  03 D2                    		add	dx,dx 
 0155  03 D2                    		add	dx,dx 
 0157  03 16 4FEB               		add	dx,ds:data_68e 
 015B  D1 EA                    		shr	dx,1			; Shift w/zeros fill 
 015D  E8 0276 R                		call	sub_2 
 0160                           loc_26: 
 0160  A0 C012                  		mov	al,ds:data_92e 
 0163  2C 05                    		sub	al,5 
 0165  73 01                    		jnc	loc_27			; Jump if carry=0 
Microsoft (R) Macro Assembler  Version 4.00                 3/29/26 15:15:16

                                                            Page     1-9
                                                            

                                		retn 
 0167  C3                     1                 db     0C3h
 0168                           loc_27: 
 0168  3C 04                    		cmp	al,4 
 016A  72 01                    		jb	loc_28			; Jump if below 
                                		retn 
 016C  C3                     1                 db     0C3h
 016D                           loc_28: 
 016D  53                       		push	bx 
 016E  8A D8                    		mov	bl,al 
 0170  32 FF                    		xor	bh,bh			; Zero register 
 0172  03 DB                    		add	bx,bx 
 0174  FF 97 3176               		call	word ptr ds:data_56e[bx]	;* 
 0178  5B                       		pop	bx 
                                		retn 
 0179  C3                     1                 db     0C3h
                                sub_1		endp 
                                 
                                			                        ;* No entry point to code 
                                ;*		jle	loc_32			;*Jump if < or = 
 017A  7E 31                    		db	 7Eh, 31h		;  Fixup - byte match 
 017C  9E                       		sahf				; Store ah into flags 
                                ;*		xor	sp,dx 
 017D  31 D4                    		db	 31h,0D4h		;  Fixup - byte match 
 017F  31 52 32                 		xor	[bp+si+32h],dx 
 0182  8A 44 FF                 		mov	al,[si-1] 
 0185  2C 1B                    		sub	al,1Bh 
 0187  3C 02                    		cmp	al,2 
 0189  72 01                    		jb	loc_29			; Jump if below 
                                		retn 
 018B  C3                     1                 db     0C3h
 018C                           loc_29: 
 018C  C6 45 FF FE              		mov	byte ptr [di-1],0FEh 
 0190  F6 06 4FFF 01            		test	byte ptr ds:data_82e,1 
 0195  75 01                    		jnz	loc_30			; Jump if not zero 
                                		retn 
 0197  C3                     1                 db     0C3h
 0198                           loc_30: 
 0198  FE C0                    		inc	al 
 019A  24 01                    		and	al,1 
 019C  04 1B                    		add	al,1Bh 
 019E  88 44 FF                 		mov	[si-1],al 
                                		retn 
 01A1  C3                     1                 db     0C3h
                                			                        ;* No entry point to code 
 01A2  8A 44 FF                 		mov	al,[si-1] 
 01A5  2C 1D                    		sub	al,1Dh 
 01A7  3C 06                    		cmp	al,6 
 01A9  72 01                    		jb	loc_31			; Jump if below 
                                		retn 
 01AB  C3                     1                 db     0C3h
 01AC                           loc_31: 
 01AC  C6 45 FF FE              		mov	byte ptr [di-1],0FEh 
 01B0  3C 04                    		cmp	al,4 
 01B2  73 1A                    		jae	loc_34			; Jump if above or = 
Microsoft (R) Macro Assembler  Version 4.00                 3/29/26 15:15:16

                                                            Page     1-10
                                                            

 01B4  0A C0                    		or	al,al			; Zero ? 
 01B6  75 0C                    		jnz	loc_33			; Jump if not zero 
 01B8  50                       		push	ax 
 01B9  2E: FF 16 011A           		call	word ptr cs:[11Ah] 
 01BE  24 03                    		and	al,3 
 01C0  58                       		pop	ax 
 01C1  74 01                    		jz	loc_33			; Jump if zero 
                                		retn 
 01C3  C3                     1                 db     0C3h
 01C4                           loc_33: 
 01C4  FE C0                    		inc	al 
 01C6  24 03                    		and	al,3 
 01C8  04 1D                    		add	al,1Dh 
 01CA  88 44 FF                 		mov	[si-1],al 
                                		retn 
 01CD  C3                     1                 db     0C3h
 01CE                           loc_34: 
 01CE  FE C0                    		inc	al 
 01D0  24 01                    		and	al,1 
 01D2  04 21                    		add	al,21h			; '!' 
 01D4  88 44 FF                 		mov	[si-1],al 
                                		retn 
 01D7  C3                     1                 db     0C3h
                                			                        ;* No entry point to code 
 01D8  8A 44 FF                 		mov	al,[si-1] 
 01DB  2C 2C                    		sub	al,2Ch			; ',' 
 01DD  3C 02                    		cmp	al,2 
 01DF  73 16                    		jae	loc_36			; Jump if above or = 
 01E1  C6 45 FF FE              		mov	byte ptr [di-1],0FEh 
 01E5  F6 06 4FFF 01            		test	byte ptr ds:data_82e,1 
 01EA  75 01                    		jnz	loc_35			; Jump if not zero 
                                		retn 
 01EC  C3                     1                 db     0C3h
 01ED                           loc_35: 
 01ED  FE C0                    		inc	al 
 01EF  24 01                    		and	al,1 
 01F1  04 2C                    		add	al,2Ch			; ',' 
 01F3  88 44 FF                 		mov	[si-1],al 
                                		retn 
 01F6  C3                     1                 db     0C3h
 01F7                           loc_36: 
 01F7  8A 44 FF                 		mov	al,[si-1] 
 01FA  3C 3E                    		cmp	al,3Eh			; '>' 
 01FC  72 01                    		jb	loc_37			; Jump if below 
                                		retn 
 01FE  C3                     1                 db     0C3h
 01FF                           loc_37: 
 01FF  B3 33                    		mov	bl,33h			; '3' 
 0201  3C 0E                    		cmp	al,0Eh 
 0203  74 41                    		je	loc_39			; Jump if equal 
 0205  B3 36                    		mov	bl,36h			; '6' 
 0207  3C 0D                    		cmp	al,0Dh 
 0209  74 3B                    		je	loc_39			; Jump if equal 
 020B  B3 39                    		mov	bl,39h			; '9' 
 020D  3C 0F                    		cmp	al,0Fh 
Microsoft (R) Macro Assembler  Version 4.00                 3/29/26 15:15:16

                                                            Page     1-11
                                                            

 020F  74 35                    		je	loc_39			; Jump if equal 
 0211  B3 3C                    		mov	bl,3Ch			; '<' 
 0213  3C 0C                    		cmp	al,0Ch 
 0215  74 2F                    		je	loc_39			; Jump if equal 
 0217  B3 3D                    		mov	bl,3Dh			; '=' 
 0219  3C 10                    		cmp	al,10h 
 021B  74 29                    		je	loc_39			; Jump if equal 
 021D  2C 33                    		sub	al,33h			; '3' 
 021F  73 01                    		jnc	loc_38			; Jump if carry=0 
                                		retn 
 0221  C3                     1                 db     0C3h
 0222                           loc_38: 
 0222  B3 0E                    		mov	bl,0Eh 
 0224  3C 02                    		cmp	al,2 
 0226  74 1E                    		je	loc_39			; Jump if equal 
 0228  B3 0D                    		mov	bl,0Dh 
 022A  3C 05                    		cmp	al,5 
 022C  74 18                    		je	loc_39			; Jump if equal 
 022E  B3 0F                    		mov	bl,0Fh 
 0230  3C 08                    		cmp	al,8 
 0232  74 12                    		je	loc_39			; Jump if equal 
 0234  B3 0C                    		mov	bl,0Ch 
 0236  3C 09                    		cmp	al,9 
 0238  74 0C                    		je	loc_39			; Jump if equal 
 023A  B3 10                    		mov	bl,10h 
 023C  3C 0A                    		cmp	al,0Ah 
 023E  74 06                    		je	loc_39			; Jump if equal 
 0240  FE C0                    		inc	al 
 0242  04 33                    		add	al,33h			; '3' 
 0244  8A D8                    		mov	bl,al 
 0246                           loc_39: 
 0246  C6 45 FF FE              		mov	byte ptr [di-1],0FEh 
 024A  F6 06 4FFF 01            		test	byte ptr ds:data_82e,1 
 024F  75 01                    		jnz	loc_40			; Jump if not zero 
                                		retn 
 0251  C3                     1                 db     0C3h
 0252                           loc_40: 
 0252  88 5C FF                 		mov	[si-1],bl 
                                		retn 
 0255  C3                     1                 db     0C3h
                                			                        ;* No entry point to code 
 0256  8A 44 FF                 		mov	al,[si-1] 
 0259  2C 25                    		sub	al,25h			; '%' 
 025B  3C 04                    		cmp	al,4 
 025D  72 01                    		jb	loc_41			; Jump if below 
                                		retn 
 025F  C3                     1                 db     0C3h
 0260                           loc_41: 
 0260  C6 45 FF FE              		mov	byte ptr [di-1],0FEh 
 0264  F6 06 4FFF 01            		test	byte ptr ds:data_82e,1 
 0269  75 01                    		jnz	loc_42			; Jump if not zero 
                                		retn 
 026B  C3                     1                 db     0C3h
 026C                           loc_42: 
 026C  FE C0                    		inc	al 
Microsoft (R) Macro Assembler  Version 4.00                 3/29/26 15:15:16

                                                            Page     1-12
                                                            

 026E  24 03                    		and	al,3 
 0270  04 25                    		add	al,25h			; '%' 
 0272  88 44 FF                 		mov	[si-1],al 
                                		retn 
 0275  C3                     1                 db     0C3h
                                 
                                ;ﬂﬂﬂﬂﬂﬂﬂﬂﬂﬂﬂﬂﬂﬂﬂﬂﬂﬂﬂﬂﬂﬂﬂﬂﬂﬂﬂﬂﬂﬂﬂﬂﬂﬂﬂﬂﬂﬂﬂﬂﬂﬂﬂﬂﬂﬂﬂﬂﬂﬂﬂﬂﬂﬂﬂﬂﬂﬂﬂﬂﬂﬂﬂﬂﬂﬂﬂﬂﬂﬂﬂﬂﬂﬂ 
                                ;                              SUBROUTINE 
                                ;‹‹‹‹‹‹‹‹‹‹‹‹‹‹‹‹‹‹‹‹‹‹‹‹‹‹‹‹‹‹‹‹‹‹‹‹‹‹‹‹‹‹‹‹‹‹‹‹‹‹‹‹‹‹‹‹‹‹‹‹‹‹‹‹‹‹‹‹‹‹‹‹‹‹ 
                                 
 0276                           sub_2		proc	near 
 0276  06                       		push	es 
 0277  1E                       		push	ds 
 0278  57                       		push	di 
 0279  56                       		push	si 
 027A  53                       		push	bx 
 027B  03 D2                    		add	dx,dx 
 027D  8B FA                    		mov	di,dx 
 027F  0A C0                    		or	al,al			; Zero ? 
 0281  75 03                    		jnz	loc_43			; Jump if not zero 
 0283  E9 0310 R                		jmp	loc_48 
 0286                           loc_43: 
 0286  8A D8                    		mov	bl,al 
 0288  32 FF                    		xor	bh,bh			; Zero register 
 028A  03 DB                    		add	bx,bx 
 028C  F7 87 501D FFFF          		test	word ptr ds:data_87e[bx],0FFFFh 
 0292  75 5A                    		jnz	loc_46			; Jump if not zero 
 0294  FE C8                    		dec	al 
 0296  89 BF 501D               		mov	ds:data_87e[bx],di 
 029A  B1 30                    		mov	cl,30h			; '0' 
 029C  F6 E1                    		mul	cl			; ax = reg * al 
 029E  05 8030                  		add	ax,8030h 
 02A1  8B F0                    		mov	si,ax 
 02A3  2E: 8E 1E FF2C           		mov	ds,cs:data_101e 
 02A8  B8 A000                  		mov	ax,0A000h 
 02AB  8E C0                    		mov	es,ax 
 02AD  B9 0008                  		mov	cx,8 
                                 
 02B0                           locloop_44: 
 02B0  51                       		push	cx 
 02B1  B9 0002                  		mov	cx,2 
                                 
 02B4                           locloop_45: 
 02B4  AD                       		lodsw				; String [si] to ax 
 02B5  8B D0                    		mov	dx,ax 
 02B7  AC                       		lodsb				; String [si] to al 
 02B8  8A D8                    		mov	bl,al 
 02BA  8A FA                    		mov	bh,dl 
 02BC  D1 EA                    		shr	dx,1			; Shift w/zeros fill 
 02BE  D1 EA                    		shr	dx,1			; Shift w/zeros fill 
 02C0  26: 88 35                		mov	es:[di],dh 
 02C3  D0 EA                    		shr	dl,1			; Shift w/zeros fill 
 02C5  D0 EA                    		shr	dl,1			; Shift w/zeros fill 
 02C7  26: 88 55 01             		mov	es:[di+1],dl 
 02CB  03 DB                    		add	bx,bx 
Microsoft (R) Macro Assembler  Version 4.00                 3/29/26 15:15:16

                                                            Page     1-13
                                                            

 02CD  03 DB                    		add	bx,bx 
 02CF  80 E7 3F                 		and	bh,3Fh			; '?' 
 02D2  26: 88 7D 02             		mov	es:[di+2],bh 
 02D6  24 3F                    		and	al,3Fh			; '?' 
 02D8  26: 88 45 03             		mov	es:[di+3],al 
 02DC  83 C7 04                 		add	di,4 
 02DF  E2 D3                    		loop	locloop_45		; Loop if cx > 0 
                                 
 02E1  81 C7 0138               		add	di,data_121e 
 02E5  59                       		pop	cx 
 02E6  E2 C8                    		loop	locloop_44		; Loop if cx > 0 
                                 
 02E8  5B                       		pop	bx 
 02E9  5E                       		pop	si 
 02EA  5F                       		pop	di 
 02EB  1F                       		pop	ds 
 02EC  07                       		pop	es 
                                		retn 
 02ED  C3                     1                 db     0C3h
 02EE                           loc_46: 
 02EE  8B B7 501D               		mov	si,ds:data_87e[bx] 
 02F2  B8 A000                  		mov	ax,0A000h 
 02F5  8E C0                    		mov	es,ax 
 02F7  8E D8                    		mov	ds,ax 
 02F9  B9 0008                  		mov	cx,8 
                                 
 02FC                           locloop_47: 
 02FC  A5                       		movsw				; Mov [si] to es:[di] 
 02FD  A5                       		movsw				; Mov [si] to es:[di] 
 02FE  A5                       		movsw				; Mov [si] to es:[di] 
 02FF  A5                       		movsw				; Mov [si] to es:[di] 
 0300  81 C7 0138               		add	di,data_121e 
 0304  81 C6 0138               		add	si,138h 
 0308  E2 F2                    		loop	locloop_47		; Loop if cx > 0 
                                 
 030A  5B                       		pop	bx 
 030B  5E                       		pop	si 
 030C  5F                       		pop	di 
 030D  1F                       		pop	ds 
 030E  07                       		pop	es 
                                		retn 
 030F  C3                     1                 db     0C3h
 0310                           loc_48: 
 0310  B8 A000                  		mov	ax,0A000h 
 0313  8E C0                    		mov	es,ax 
 0315  33 C0                    		xor	ax,ax			; Zero register 
 0317  B9 0008                  		mov	cx,8 
                                 
 031A                           locloop_49: 
 031A  AB                       		stosw				; Store ax to es:[di] 
 031B  AB                       		stosw				; Store ax to es:[di] 
 031C  AB                       		stosw				; Store ax to es:[di] 
 031D  AB                       		stosw				; Store ax to es:[di] 
 031E  81 C7 0138               		add	di,138h 
 0322  E2 F6                    		loop	locloop_49		; Loop if cx > 0 
Microsoft (R) Macro Assembler  Version 4.00                 3/29/26 15:15:16

                                                            Page     1-14
                                                            

                                 
 0324  5B                       		pop	bx 
 0325  5E                       		pop	si 
 0326  5F                       		pop	di 
 0327  1F                       		pop	ds 
 0328  07                       		pop	es 
                                		retn 
 0329  C3                     1                 db     0C3h
                                sub_2		endp 
                                 
                                 
                                ;ﬂﬂﬂﬂﬂﬂﬂﬂﬂﬂﬂﬂﬂﬂﬂﬂﬂﬂﬂﬂﬂﬂﬂﬂﬂﬂﬂﬂﬂﬂﬂﬂﬂﬂﬂﬂﬂﬂﬂﬂﬂﬂﬂﬂﬂﬂﬂﬂﬂﬂﬂﬂﬂﬂﬂﬂﬂﬂﬂﬂﬂﬂﬂﬂﬂﬂﬂﬂﬂﬂﬂﬂﬂﬂ 
                                ;                              SUBROUTINE 
                                ;‹‹‹‹‹‹‹‹‹‹‹‹‹‹‹‹‹‹‹‹‹‹‹‹‹‹‹‹‹‹‹‹‹‹‹‹‹‹‹‹‹‹‹‹‹‹‹‹‹‹‹‹‹‹‹‹‹‹‹‹‹‹‹‹‹‹‹‹‹‹‹‹‹‹ 
                                 
 032A                           sub_3		proc	near 
 032A  80 3E E900 FF            		cmp	byte ptr ds:data_94e,0FFh 
 032F  75 01                    		jne	loc_50			; Jump if not equal 
                                		retn 
 0331  C3                     1                 db     0C3h
 0332                           loc_50: 
 0332  80 3E E900 FC            		cmp	byte ptr ds:data_94e,0FCh 
 0337  75 01                    		jne	loc_51			; Jump if not equal 
                                		retn 
 0339  C3                     1                 db     0C3h
 033A                           loc_51: 
 033A  56                       		push	si 
 033B  53                       		push	bx 
 033C  C6 06 E900 FF            		mov	byte ptr ds:data_94e,0FFh 
 0341  8A 0C                    		mov	cl,[si] 
 0343  83 C6 25                 		add	si,25h 
 0346  E8 1504 R                		call	sub_44 
 0349  8A 04                    		mov	al,[si] 
 034B  0A C0                    		or	al,al			; Zero ? 
 034D  79 03                    		jns	loc_52			; Jump if not sign 
 034F  E8 06D6 R                		call	sub_19 
 0352                           loc_52: 
 0352  50                       		push	ax 
 0353  8A C1                    		mov	al,cl 
 0355  E8 06DD R                		call	sub_20 
 0358  83 C6 03                 		add	si,3 
 035B  58                       		pop	ax 
 035C  8A 24                    		mov	ah,[si] 
 035E  BA 11B0                  		mov	dx,11B0h 
 0361  E8 059D R                		call	sub_9 
 0364  5B                       		pop	bx 
 0365  5E                       		pop	si 
                                		retn 
 0366  C3                     1                 db     0C3h
                                sub_3		endp 
                                 
                                 
                                ;ﬂﬂﬂﬂﬂﬂﬂﬂﬂﬂﬂﬂﬂﬂﬂﬂﬂﬂﬂﬂﬂﬂﬂﬂﬂﬂﬂﬂﬂﬂﬂﬂﬂﬂﬂﬂﬂﬂﬂﬂﬂﬂﬂﬂﬂﬂﬂﬂﬂﬂﬂﬂﬂﬂﬂﬂﬂﬂﬂﬂﬂﬂﬂﬂﬂﬂﬂﬂﬂﬂﬂﬂﬂﬂ 
                                ;                              SUBROUTINE 
                                ;‹‹‹‹‹‹‹‹‹‹‹‹‹‹‹‹‹‹‹‹‹‹‹‹‹‹‹‹‹‹‹‹‹‹‹‹‹‹‹‹‹‹‹‹‹‹‹‹‹‹‹‹‹‹‹‹‹‹‹‹‹‹‹‹‹‹‹‹‹‹‹‹‹‹ 
Microsoft (R) Macro Assembler  Version 4.00                 3/29/26 15:15:16

                                                            Page     1-15
                                                            

                                 
 0367                           sub_4		proc	near 
 0367  56                       		push	si 
 0368  53                       		push	bx 
 0369  8B CB                    		mov	cx,bx 
 036B  8B FB                    		mov	di,bx 
 036D  81 C7 E900               		add	di,data_94e 
 0371  BB 5010                  		mov	bx,data_84e 
 0374  B0 FF                    		mov	al,0FFh 
 0376  86 05                    		xchg	[di],al 
 0378  88 07                    		mov	[bx],al 
 037A  C6 47 01 00              		mov	byte ptr [bx+1],0 
 037E  C6 45 01 FF              		mov	byte ptr [di+1],0FFh 
 0382  8B D1                    		mov	dx,cx 
 0384  03 D2                    		add	dx,dx 
 0386  03 D2                    		add	dx,dx 
 0388  03 D2                    		add	dx,dx 
 038A  81 C2 11B0               		add	dx,11B0h 
 038E  8A 0C                    		mov	cl,[si] 
 0390  83 C6 24                 		add	si,24h 
 0393  E8 1504 R                		call	sub_44 
 0396  BB 5014                  		mov	bx,data_86e 
 0399  AD                       		lodsw				; String [si] to ax 
 039A  89 07                    		mov	[bx],ax 
 039C  8A C1                    		mov	al,cl 
 039E  E8 06DD R                		call	sub_20 
 03A1  46                       		inc	si 
 03A2  46                       		inc	si 
 03A3  BF 5014                  		mov	di,data_86e 
 03A6  BD 5010                  		mov	bp,data_84e 
 03A9  E8 056F R                		call	sub_7 
 03AC  5B                       		pop	bx 
 03AD  5E                       		pop	si 
                                		retn 
 03AE  C3                     1                 db     0C3h
                                sub_4		endp 
                                 
                                 
                                ;ﬂﬂﬂﬂﬂﬂﬂﬂﬂﬂﬂﬂﬂﬂﬂﬂﬂﬂﬂﬂﬂﬂﬂﬂﬂﬂﬂﬂﬂﬂﬂﬂﬂﬂﬂﬂﬂﬂﬂﬂﬂﬂﬂﬂﬂﬂﬂﬂﬂﬂﬂﬂﬂﬂﬂﬂﬂﬂﬂﬂﬂﬂﬂﬂﬂﬂﬂﬂﬂﬂﬂﬂﬂﬂ 
                                ;                              SUBROUTINE 
                                ;‹‹‹‹‹‹‹‹‹‹‹‹‹‹‹‹‹‹‹‹‹‹‹‹‹‹‹‹‹‹‹‹‹‹‹‹‹‹‹‹‹‹‹‹‹‹‹‹‹‹‹‹‹‹‹‹‹‹‹‹‹‹‹‹‹‹‹‹‹‹‹‹‹‹ 
                                 
 03AF                           sub_5		proc	near 
 03AF  80 3E E91B FF            		cmp	byte ptr ds:data_95e,0FFh 
 03B4  75 01                    		jne	loc_53			; Jump if not equal 
                                		retn 
 03B6  C3                     1                 db     0C3h
 03B7                           loc_53: 
 03B7  80 3E E91B FC            		cmp	byte ptr ds:data_95e,0FCh 
 03BC  75 01                    		jne	loc_54			; Jump if not equal 
                                		retn 
 03BE  C3                     1                 db     0C3h
 03BF                           loc_54: 
 03BF  C6 06 E91B FF            		mov	byte ptr ds:data_95e,0FFh 
 03C4  8A 0C                    		mov	cl,[si] 
Microsoft (R) Macro Assembler  Version 4.00                 3/29/26 15:15:16

                                                            Page     1-16
                                                            

 03C6  83 C6 24                 		add	si,24h 
 03C9  E8 1504 R                		call	sub_44 
 03CC  8A 04                    		mov	al,[si] 
 03CE  0A C0                    		or	al,al			; Zero ? 
 03D0  79 03                    		jns	loc_55			; Jump if not sign 
 03D2  E8 06D6 R                		call	sub_19 
 03D5                           loc_55: 
 03D5  50                       		push	ax 
 03D6  8A C1                    		mov	al,cl 
 03D8  E8 06DD R                		call	sub_20 
 03DB  83 C6 02                 		add	si,2 
 03DE  58                       		pop	ax 
 03DF  8A 24                    		mov	ah,[si] 
 03E1  BA 1288                  		mov	dx,1288h 
 03E4  E9 059D R                		jmp	loc_69 
                                 
                                ;ﬂﬂﬂﬂ External Entry into Subroutine ﬂﬂﬂﬂﬂﬂﬂﬂﬂﬂﬂﬂﬂﬂﬂﬂﬂﬂﬂﬂﬂﬂﬂﬂﬂﬂﬂﬂﬂﬂﬂﬂﬂﬂﬂﬂﬂﬂ 
                                 
 03E7                           sub_6: 
 03E7  56                       		push	si 
 03E8  57                       		push	di 
 03E9  53                       		push	bx 
 03EA  53                       		push	bx 
 03EB  BB 5010                  		mov	bx,data_84e 
 03EE  B0 FF                    		mov	al,0FFh 
 03F0  86 05                    		xchg	[di],al 
 03F2  88 07                    		mov	[bx],al 
 03F4  B0 FF                    		mov	al,0FFh 
 03F6  86 45 1C                 		xchg	[di+1Ch],al 
 03F9  88 47 01                 		mov	[bx+1],al 
 03FC  8A 4C FF                 		mov	cl,[si-1] 
 03FF  8A 14                    		mov	dl,[si] 
 0401  83 C6 24                 		add	si,24h 
 0404  E8 1504 R                		call	sub_44 
 0407  8A 34                    		mov	dh,[si] 
 0409  8A C1                    		mov	al,cl 
 040B  E8 06DD R                		call	sub_20 
 040E  46                       		inc	si 
 040F  8B DA                    		mov	bx,dx 
 0411  5A                       		pop	dx 
 0412  03 D2                    		add	dx,dx 
 0414  03 D2                    		add	dx,dx 
 0416  03 D2                    		add	dx,dx 
 0418  03 16 4FEB               		add	dx,ds:data_68e 
 041C  80 3E 5010 FF            		cmp	byte ptr ds:data_84e,0FFh 
 0421  74 1B                    		je	loc_57			; Jump if equal 
 0423  80 3E 5010 FC            		cmp	byte ptr ds:data_84e,0FCh 
 0428  74 14                    		je	loc_57			; Jump if equal 
 042A  8A 24                    		mov	ah,[si] 
 042C  8A C3                    		mov	al,bl 
 042E  53                       		push	bx 
 042F  56                       		push	si 
 0430  52                       		push	dx 
 0431  0A C0                    		or	al,al			; Zero ? 
 0433  79 03                    		jns	loc_56			; Jump if not sign 
Microsoft (R) Macro Assembler  Version 4.00                 3/29/26 15:15:16

                                                            Page     1-17
                                                            

 0435  E8 06D6 R                		call	sub_19 
 0438                           loc_56: 
 0438  E8 059D R                		call	sub_9 
 043B  5A                       		pop	dx 
 043C  5E                       		pop	si 
 043D  5B                       		pop	bx 
 043E                           loc_57: 
 043E  81 C2 0A00               		add	dx,0A00h 
 0442  80 3E 4FF1 01            		cmp	byte ptr ds:data_71e,1 
 0447  74 1F                    		je	loc_59			; Jump if equal 
 0449  80 3E 5011 FF            		cmp	byte ptr ds:data_85e,0FFh 
 044E  74 18                    		je	loc_59			; Jump if equal 
 0450  80 3E 5011 FC            		cmp	byte ptr ds:data_85e,0FCh 
 0455  74 11                    		je	loc_59			; Jump if equal 
 0457  46                       		inc	si 
 0458  46                       		inc	si 
 0459  AC                       		lodsb				; String [si] to al 
 045A  8A E0                    		mov	ah,al 
 045C  8A C7                    		mov	al,bh 
 045E  0A C0                    		or	al,al			; Zero ? 
 0460  79 03                    		jns	loc_58			; Jump if not sign 
 0462  E8 06D6 R                		call	sub_19 
 0465                           loc_58: 
 0465  E8 059D R                		call	sub_9 
 0468                           loc_59: 
 0468  5B                       		pop	bx 
 0469  5F                       		pop	di 
 046A  5E                       		pop	si 
                                		retn 
 046B  C3                     1                 db     0C3h
 046C                           loc_60: 
 046C  56                       		push	si 
 046D  57                       		push	di 
 046E  53                       		push	bx 
 046F  53                       		push	bx 
 0470  BB 5010                  		mov	bx,data_84e 
 0473  B8 FFFE                  		mov	ax,0FFFEh 
 0476  87 45 FF                 		xchg	[di-1],ax 
 0479  89 07                    		mov	[bx],ax 
 047B  B8 FFFF                  		mov	ax,0FFFFh 
 047E  87 45 1B                 		xchg	[di+1Bh],ax 
 0481  89 47 02                 		mov	[bx+2],ax 
 0484  8A 4C FF                 		mov	cl,[si-1] 
 0487  BB 5014                  		mov	bx,data_86e 
 048A  8A 04                    		mov	al,[si] 
 048C  88 47 01                 		mov	[bx+1],al 
 048F  83 C6 24                 		add	si,24h 
 0492  E8 1504 R                		call	sub_44 
 0495  8B 44 FF                 		mov	ax,[si-1] 
 0498  89 47 02                 		mov	[bx+2],ax 
 049B  5A                       		pop	dx 
 049C  88 16 4FF2               		mov	ds:data_72e,dl 
 04A0  A0 4FF1                  		mov	al,ds:data_71e 
 04A3  F6 D8                    		neg	al 
 04A5  04 12                    		add	al,12h 
Microsoft (R) Macro Assembler  Version 4.00                 3/29/26 15:15:16

                                                            Page     1-18
                                                            

 04A7  A2 4FF3                  		mov	ds:data_73e,al 
 04AA  03 D2                    		add	dx,dx 
 04AC  03 D2                    		add	dx,dx 
 04AE  03 D2                    		add	dx,dx 
 04B0  03 16 4FEB               		add	dx,ds:data_68e 
 04B4  8A C1                    		mov	al,cl 
 04B6  E8 06DD R                		call	sub_20 
 04B9  BF 5014                  		mov	di,data_86e 
 04BC  88 05                    		mov	[di],al 
 04BE  BD 5010                  		mov	bp,data_84e 
 04C1  E8 056F R                		call	sub_7 
 04C4  80 3E 4FF1 01            		cmp	byte ptr ds:data_71e,1 
 04C9  74 18                    		je	loc_61			; Jump if equal 
 04CB  81 C2 09F0               		add	dx,9F0h 
 04CF  E8 056F R                		call	sub_7 
 04D2  F6 06 FF34 FF            		test	byte ptr ds:data_105e,0FFh 
 04D7  74 0A                    		jz	loc_61			; Jump if zero 
 04D9  F6 06 FF2F FF            		test	byte ptr ds:data_102e,0FFh 
 04DE  74 03                    		jz	loc_61			; Jump if zero 
 04E0  E8 072E R                		call	sub_21 
 04E3                           loc_61: 
 04E3  5B                       		pop	bx 
 04E4  5F                       		pop	di 
 04E5  5E                       		pop	si 
                                		retn 
 04E6  C3                     1                 db     0C3h
 04E7                           loc_62: 
 04E7  56                       		push	si 
 04E8  57                       		push	di 
 04E9  53                       		push	bx 
 04EA  53                       		push	bx 
 04EB  BB 5010                  		mov	bx,data_84e 
 04EE  B0 FE                    		mov	al,0FEh 
 04F0  86 45 FF                 		xchg	[di-1],al 
 04F3  88 07                    		mov	[bx],al 
 04F5  B0 FF                    		mov	al,0FFh 
 04F7  86 45 1B                 		xchg	[di+1Bh],al 
 04FA  88 47 01                 		mov	[bx+1],al 
 04FD  8A 4C FF                 		mov	cl,[si-1] 
 0500  83 C6 24                 		add	si,24h 
 0503  E8 1504 R                		call	sub_44 
 0506  8A 54 FF                 		mov	dl,[si-1] 
 0509  8A C1                    		mov	al,cl 
 050B  E8 06DD R                		call	sub_20 
 050E  8A D8                    		mov	bl,al 
 0510  8A FA                    		mov	bh,dl 
 0512  5A                       		pop	dx 
 0513  03 D2                    		add	dx,dx 
 0515  03 D2                    		add	dx,dx 
 0517  03 D2                    		add	dx,dx 
 0519  03 16 4FEB               		add	dx,ds:data_68e 
 051D  80 3E 5010 FF            		cmp	byte ptr ds:data_84e,0FFh 
 0522  74 1B                    		je	loc_64			; Jump if equal 
 0524  80 3E 5010 FC            		cmp	byte ptr ds:data_84e,0FCh 
 0529  74 14                    		je	loc_64			; Jump if equal 
Microsoft (R) Macro Assembler  Version 4.00                 3/29/26 15:15:16

                                                            Page     1-19
                                                            

 052B  8A 24                    		mov	ah,[si] 
 052D  8A C3                    		mov	al,bl 
 052F  53                       		push	bx 
 0530  56                       		push	si 
 0531  52                       		push	dx 
 0532  0A C0                    		or	al,al			; Zero ? 
 0534  79 03                    		jns	loc_63			; Jump if not sign 
 0536  E8 06D6 R                		call	sub_19 
 0539                           loc_63: 
 0539  E8 059D R                		call	sub_9 
 053C  5A                       		pop	dx 
 053D  5E                       		pop	si 
 053E  5B                       		pop	bx 
 053F                           loc_64: 
 053F  81 C2 0A00               		add	dx,0A00h 
 0543  80 3E 4FF1 01            		cmp	byte ptr ds:data_71e,1 
 0548  74 1F                    		je	loc_66			; Jump if equal 
 054A  80 3E 5011 FF            		cmp	byte ptr ds:data_85e,0FFh 
 054F  74 18                    		je	loc_66			; Jump if equal 
 0551  80 3E 5011 FC            		cmp	byte ptr ds:data_85e,0FCh 
 0556  74 11                    		je	loc_66			; Jump if equal 
 0558  46                       		inc	si 
 0559  46                       		inc	si 
 055A  AC                       		lodsb				; String [si] to al 
 055B  8A E0                    		mov	ah,al 
 055D  8A C7                    		mov	al,bh 
 055F  0A C0                    		or	al,al			; Zero ? 
 0561  79 03                    		jns	loc_65			; Jump if not sign 
 0563  E8 06D6 R                		call	sub_19 
 0566                           loc_65: 
 0566  E8 059D R                		call	sub_9 
 0569                           loc_66: 
 0569  5B                       		pop	bx 
 056A  5F                       		pop	di 
 056B  5E                       		pop	si 
 056C  E9 0115 R                		jmp	loc_23 
                                 
                                ;ﬂﬂﬂﬂ External Entry into Subroutine ﬂﬂﬂﬂﬂﬂﬂﬂﬂﬂﬂﬂﬂﬂﬂﬂﬂﬂﬂﬂﬂﬂﬂﬂﬂﬂﬂﬂﬂﬂﬂﬂﬂﬂﬂﬂﬂﬂ 
                                 
 056F                           sub_7: 
 056F  E8 0572 R                		call	sub_8 
                                 
                                ;ﬂﬂﬂﬂ External Entry into Subroutine ﬂﬂﬂﬂﬂﬂﬂﬂﬂﬂﬂﬂﬂﬂﬂﬂﬂﬂﬂﬂﬂﬂﬂﬂﬂﬂﬂﬂﬂﬂﬂﬂﬂﬂﬂﬂﬂﬂ 
                                 
 0572                           sub_8: 
 0572  3E: 80 7E 00 FF          		cmp	byte ptr ds:[bp],0FFh 
 0577  74 1D                    		je	loc_68			; Jump if equal 
 0579  3E: 80 7E 00 FC          		cmp	byte ptr ds:[bp],0FCh 
 057E  74 16                    		je	loc_68			; Jump if equal 
 0580  8A 24                    		mov	ah,[si] 
 0582  8A 05                    		mov	al,[di] 
 0584  0A C0                    		or	al,al			; Zero ? 
 0586  79 03                    		jns	loc_67			; Jump if not sign 
 0588  E8 06D6 R                		call	sub_19 
 058B                           loc_67: 
Microsoft (R) Macro Assembler  Version 4.00                 3/29/26 15:15:16

                                                            Page     1-20
                                                            

 058B  55                       		push	bp 
 058C  56                       		push	si 
 058D  57                       		push	di 
 058E  52                       		push	dx 
 058F  E8 059D R                		call	sub_9 
 0592  5A                       		pop	dx 
 0593  5F                       		pop	di 
 0594  5E                       		pop	si 
 0595  5D                       		pop	bp 
 0596                           loc_68: 
 0596  46                       		inc	si 
 0597  47                       		inc	di 
 0598  45                       		inc	bp 
 0599  83 C2 08                 		add	dx,8 
                                		retn 
 059C  C3                     1                 db     0C3h
                                 
                                ;ﬂﬂﬂﬂ External Entry into Subroutine ﬂﬂﬂﬂﬂﬂﬂﬂﬂﬂﬂﬂﬂﬂﬂﬂﬂﬂﬂﬂﬂﬂﬂﬂﬂﬂﬂﬂﬂﬂﬂﬂﬂﬂﬂﬂﬂﬂ 
                                 
 059D                           sub_9: 
 059D                           loc_69: 
 059D  06                       		push	es 
 059E  1E                       		push	ds 
 059F  8A 1E 4FF4               		mov	bl,ds:data_74e 
 05A3  0A C0                    		or	al,al			; Zero ? 
 05A5  74 05                    		jz	loc_70			; Jump if zero 
 05A7  78 03                    		js	loc_70			; Jump if sign=1 
 05A9  80 CB 80                 		or	bl,80h 
 05AC                           loc_70: 
 05AC  8A C8                    		mov	cl,al 
 05AE  8A C4                    		mov	al,ah 
 05B0  B5 20                    		mov	ch,20h			; ' ' 
 05B2  F6 E5                    		mul	ch			; ax = reg * al 
 05B4  8B F0                    		mov	si,ax 
 05B6  81 C6 4000               		add	si,data_1e 
 05BA  D1 E8                    		shr	ax,1			; Shift w/zeros fill 
 05BC  D1 E8                    		shr	ax,1			; Shift w/zeros fill 
 05BE  8B E8                    		mov	bp,ax 
 05C0  81 C5 A000               		add	bp,0A000h 
 05C4  2E: 8E 1E FF2C           		mov	ds,cs:data_101e 
 05C9  8B FA                    		mov	di,dx 
 05CB  B8 A000                  		mov	ax,0A000h 
 05CE  8E C0                    		mov	es,ax 
 05D0  8A EB                    		mov	ch,bl 
 05D2  80 E3 7F                 		and	bl,7Fh 
 05D5  32 FF                    		xor	bh,bh			; Zero register 
 05D7  03 DB                    		add	bx,bx 
 05D9  2E: 8B 87 4F8C           		mov	ax,cs:data_65e[bx] 
 05DE  2E: A3 4FE9              		mov	cs:data_66e,ax 
 05E2  8A C1                    		mov	al,cl 
 05E4  0A ED                    		or	ch,ch			; Zero ? 
 05E6  78 16                    		js	loc_71			; Jump if sign=1 
 05E8  57                       		push	di 
 05E9  BF FA00                  		mov	di,0FA00h 
 05EC  E8 0655 R                		call	sub_13 
Microsoft (R) Macro Assembler  Version 4.00                 3/29/26 15:15:16

                                                            Page     1-21
                                                            

 05EF  5F                       		pop	di 
 05F0  BE FA00                  		mov	si,data_124e 
 05F3  B8 A000                  		mov	ax,0A000h 
 05F6  8E D8                    		mov	ds,ax 
 05F8  E8 068F R                		call	sub_16 
 05FB  1F                       		pop	ds 
 05FC  07                       		pop	es 
                                		retn 
 05FD  C3                     1                 db     0C3h
 05FE                           loc_71: 
 05FE  57                       		push	di 
 05FF  BF FA00                  		mov	di,data_99e 
 0602  E8 0614 R                		call	sub_10 
 0605  5F                       		pop	di 
 0606  BE FA00                  		mov	si,data_124e 
 0609  B8 A000                  		mov	ax,0A000h 
 060C  8E D8                    		mov	ds,ax 
 060E  E8 068F R                		call	sub_16 
 0611  1F                       		pop	ds 
 0612  07                       		pop	es 
                                		retn 
 0613  C3                     1                 db     0C3h
                                sub_5		endp 
                                 
                                 
                                ;ﬂﬂﬂﬂﬂﬂﬂﬂﬂﬂﬂﬂﬂﬂﬂﬂﬂﬂﬂﬂﬂﬂﬂﬂﬂﬂﬂﬂﬂﬂﬂﬂﬂﬂﬂﬂﬂﬂﬂﬂﬂﬂﬂﬂﬂﬂﬂﬂﬂﬂﬂﬂﬂﬂﬂﬂﬂﬂﬂﬂﬂﬂﬂﬂﬂﬂﬂﬂﬂﬂﬂﬂﬂﬂ 
                                ;                              SUBROUTINE 
                                ;‹‹‹‹‹‹‹‹‹‹‹‹‹‹‹‹‹‹‹‹‹‹‹‹‹‹‹‹‹‹‹‹‹‹‹‹‹‹‹‹‹‹‹‹‹‹‹‹‹‹‹‹‹‹‹‹‹‹‹‹‹‹‹‹‹‹‹‹‹‹‹‹‹‹ 
                                 
 0614                           sub_10		proc	near 
 0614  55                       		push	bp 
 0615  56                       		push	si 
 0616  57                       		push	di 
 0617  FE C9                    		dec	cl 
 0619  B0 30                    		mov	al,30h			; '0' 
 061B  F6 E1                    		mul	cl			; ax = reg * al 
 061D  05 8030                  		add	ax,8030h 
 0620  8B F0                    		mov	si,ax 
 0622  E8 069D R                		call	sub_17 
 0625  5F                       		pop	di 
 0626  5E                       		pop	si 
 0627  5D                       		pop	bp 
 0628  EB 00                    		jmp	short $+2		; delay for I/O 
                                 
                                ;ﬂﬂﬂﬂ External Entry into Subroutine ﬂﬂﬂﬂﬂﬂﬂﬂﬂﬂﬂﬂﬂﬂﬂﬂﬂﬂﬂﬂﬂﬂﬂﬂﬂﬂﬂﬂﬂﬂﬂﬂﬂﬂﬂﬂﬂﬂ 
                                 
 062A                           sub_11: 
 062A  B9 0008                  		mov	cx,8 
                                 
 062D                           locloop_72: 
 062D  51                       		push	cx 
 062E  3E: 8A 56 00             		mov	dl,ds:[bp] 
 0632  AD                       		lodsw				; String [si] to ax 
 0633  E8 063F R                		call	sub_12 
 0636  AD                       		lodsw				; String [si] to ax 
Microsoft (R) Macro Assembler  Version 4.00                 3/29/26 15:15:16

                                                            Page     1-22
                                                            

 0637  E8 063F R                		call	sub_12 
 063A  45                       		inc	bp 
 063B  59                       		pop	cx 
 063C  E2 EF                    		loop	locloop_72		; Loop if cx > 0 
                                 
                                		retn 
 063E  C3                     1                 db     0C3h
                                sub_10		endp 
                                 
                                 
                                ;ﬂﬂﬂﬂﬂﬂﬂﬂﬂﬂﬂﬂﬂﬂﬂﬂﬂﬂﬂﬂﬂﬂﬂﬂﬂﬂﬂﬂﬂﬂﬂﬂﬂﬂﬂﬂﬂﬂﬂﬂﬂﬂﬂﬂﬂﬂﬂﬂﬂﬂﬂﬂﬂﬂﬂﬂﬂﬂﬂﬂﬂﬂﬂﬂﬂﬂﬂﬂﬂﬂﬂﬂﬂﬂ 
                                ;                              SUBROUTINE 
                                ;‹‹‹‹‹‹‹‹‹‹‹‹‹‹‹‹‹‹‹‹‹‹‹‹‹‹‹‹‹‹‹‹‹‹‹‹‹‹‹‹‹‹‹‹‹‹‹‹‹‹‹‹‹‹‹‹‹‹‹‹‹‹‹‹‹‹‹‹‹‹‹‹‹‹ 
                                 
 063F                           sub_12		proc	near 
 063F  B9 0004                  		mov	cx,4 
                                 
 0642                           locloop_73: 
 0642  02 D2                    		add	dl,dl 
 0644  1A F6                    		sbb	dh,dh 
 0646  26: 22 35                		and	dh,es:[di] 
 0649  E8 0672 R                		call	sub_15 
 064C  0A DE                    		or	bl,dh 
 064E  26: 88 1D                		mov	es:[di],bl 
 0651  47                       		inc	di 
 0652  E2 EE                    		loop	locloop_73		; Loop if cx > 0 
                                 
                                		retn 
 0654  C3                     1                 db     0C3h
                                sub_12		endp 
                                 
                                 
                                ;ﬂﬂﬂﬂﬂﬂﬂﬂﬂﬂﬂﬂﬂﬂﬂﬂﬂﬂﬂﬂﬂﬂﬂﬂﬂﬂﬂﬂﬂﬂﬂﬂﬂﬂﬂﬂﬂﬂﬂﬂﬂﬂﬂﬂﬂﬂﬂﬂﬂﬂﬂﬂﬂﬂﬂﬂﬂﬂﬂﬂﬂﬂﬂﬂﬂﬂﬂﬂﬂﬂﬂﬂﬂﬂ 
                                ;                              SUBROUTINE 
                                ;‹‹‹‹‹‹‹‹‹‹‹‹‹‹‹‹‹‹‹‹‹‹‹‹‹‹‹‹‹‹‹‹‹‹‹‹‹‹‹‹‹‹‹‹‹‹‹‹‹‹‹‹‹‹‹‹‹‹‹‹‹‹‹‹‹‹‹‹‹‹‹‹‹‹ 
                                 
 0655                           sub_13		proc	near 
 0655  B9 0008                  		mov	cx,8 
                                 
 0658                           locloop_74: 
 0658  51                       		push	cx 
 0659  AD                       		lodsw				; String [si] to ax 
 065A  E8 0665 R                		call	sub_14 
 065D  AD                       		lodsw				; String [si] to ax 
 065E  E8 0665 R                		call	sub_14 
 0661  59                       		pop	cx 
 0662  E2 F4                    		loop	locloop_74		; Loop if cx > 0 
                                 
                                		retn 
 0664  C3                     1                 db     0C3h
                                sub_13		endp 
                                 
                                 
                                ;ﬂﬂﬂﬂﬂﬂﬂﬂﬂﬂﬂﬂﬂﬂﬂﬂﬂﬂﬂﬂﬂﬂﬂﬂﬂﬂﬂﬂﬂﬂﬂﬂﬂﬂﬂﬂﬂﬂﬂﬂﬂﬂﬂﬂﬂﬂﬂﬂﬂﬂﬂﬂﬂﬂﬂﬂﬂﬂﬂﬂﬂﬂﬂﬂﬂﬂﬂﬂﬂﬂﬂﬂﬂﬂ 
                                ;                              SUBROUTINE 
Microsoft (R) Macro Assembler  Version 4.00                 3/29/26 15:15:16

                                                            Page     1-23
                                                            

                                ;‹‹‹‹‹‹‹‹‹‹‹‹‹‹‹‹‹‹‹‹‹‹‹‹‹‹‹‹‹‹‹‹‹‹‹‹‹‹‹‹‹‹‹‹‹‹‹‹‹‹‹‹‹‹‹‹‹‹‹‹‹‹‹‹‹‹‹‹‹‹‹‹‹‹ 
                                 
 0665                           sub_14		proc	near 
 0665  B9 0004                  		mov	cx,4 
                                 
 0668                           locloop_75: 
 0668  E8 0672 R                		call	sub_15 
 066B  26: 88 1D                		mov	es:[di],bl 
 066E  47                       		inc	di 
 066F  E2 F7                    		loop	locloop_75		; Loop if cx > 0 
                                 
                                		retn 
 0671  C3                     1                 db     0C3h
                                sub_14		endp 
                                 
                                 
                                ;ﬂﬂﬂﬂﬂﬂﬂﬂﬂﬂﬂﬂﬂﬂﬂﬂﬂﬂﬂﬂﬂﬂﬂﬂﬂﬂﬂﬂﬂﬂﬂﬂﬂﬂﬂﬂﬂﬂﬂﬂﬂﬂﬂﬂﬂﬂﬂﬂﬂﬂﬂﬂﬂﬂﬂﬂﬂﬂﬂﬂﬂﬂﬂﬂﬂﬂﬂﬂﬂﬂﬂﬂﬂﬂ 
                                ;                              SUBROUTINE 
                                ;‹‹‹‹‹‹‹‹‹‹‹‹‹‹‹‹‹‹‹‹‹‹‹‹‹‹‹‹‹‹‹‹‹‹‹‹‹‹‹‹‹‹‹‹‹‹‹‹‹‹‹‹‹‹‹‹‹‹‹‹‹‹‹‹‹‹‹‹‹‹‹‹‹‹ 
                                 
 0672                           sub_15		proc	near 
 0672  03 C0                    		add	ax,ax 
 0674  13 DB                    		adc	bx,bx 
 0676  03 C0                    		add	ax,ax 
 0678  13 DB                    		adc	bx,bx 
 067A  03 C0                    		add	ax,ax 
 067C  13 DB                    		adc	bx,bx 
 067E  03 C0                    		add	ax,ax 
 0680  13 DB                    		adc	bx,bx 
 0682  81 E3 000F               		and	bx,0Fh 
 0686  2E: 03 1E 4FE9           		add	bx,cs:data_66e 
 068B  2E: 8A 1F                		mov	bl,cs:[bx] 
                                		retn 
 068E  C3                     1                 db     0C3h
                                sub_15		endp 
                                 
                                 
                                ;ﬂﬂﬂﬂﬂﬂﬂﬂﬂﬂﬂﬂﬂﬂﬂﬂﬂﬂﬂﬂﬂﬂﬂﬂﬂﬂﬂﬂﬂﬂﬂﬂﬂﬂﬂﬂﬂﬂﬂﬂﬂﬂﬂﬂﬂﬂﬂﬂﬂﬂﬂﬂﬂﬂﬂﬂﬂﬂﬂﬂﬂﬂﬂﬂﬂﬂﬂﬂﬂﬂﬂﬂﬂﬂ 
                                ;                              SUBROUTINE 
                                ;‹‹‹‹‹‹‹‹‹‹‹‹‹‹‹‹‹‹‹‹‹‹‹‹‹‹‹‹‹‹‹‹‹‹‹‹‹‹‹‹‹‹‹‹‹‹‹‹‹‹‹‹‹‹‹‹‹‹‹‹‹‹‹‹‹‹‹‹‹‹‹‹‹‹ 
                                 
 068F                           sub_16		proc	near 
 068F  B9 0008                  		mov	cx,8 
                                 
 0692                           locloop_76: 
 0692  A5                       		movsw				; Mov [si] to es:[di] 
 0693  A5                       		movsw				; Mov [si] to es:[di] 
 0694  A5                       		movsw				; Mov [si] to es:[di] 
 0695  A5                       		movsw				; Mov [si] to es:[di] 
 0696  81 C7 0138               		add	di,138h 
 069A  E2 F6                    		loop	locloop_76		; Loop if cx > 0 
                                 
                                		retn 
 069C  C3                     1                 db     0C3h
                                sub_16		endp 
Microsoft (R) Macro Assembler  Version 4.00                 3/29/26 15:15:16

                                                            Page     1-24
                                                            

                                 
                                 
                                ;ﬂﬂﬂﬂﬂﬂﬂﬂﬂﬂﬂﬂﬂﬂﬂﬂﬂﬂﬂﬂﬂﬂﬂﬂﬂﬂﬂﬂﬂﬂﬂﬂﬂﬂﬂﬂﬂﬂﬂﬂﬂﬂﬂﬂﬂﬂﬂﬂﬂﬂﬂﬂﬂﬂﬂﬂﬂﬂﬂﬂﬂﬂﬂﬂﬂﬂﬂﬂﬂﬂﬂﬂﬂﬂ 
                                ;                              SUBROUTINE 
                                ;‹‹‹‹‹‹‹‹‹‹‹‹‹‹‹‹‹‹‹‹‹‹‹‹‹‹‹‹‹‹‹‹‹‹‹‹‹‹‹‹‹‹‹‹‹‹‹‹‹‹‹‹‹‹‹‹‹‹‹‹‹‹‹‹‹‹‹‹‹‹‹‹‹‹ 
                                 
 069D                           sub_17		proc	near 
 069D  B9 0010                  		mov	cx,10h 
                                 
 06A0                           locloop_77: 
 06A0  AD                       		lodsw				; String [si] to ax 
 06A1  8B D0                    		mov	dx,ax 
 06A3  AC                       		lodsb				; String [si] to al 
 06A4  8A D8                    		mov	bl,al 
 06A6  8A FA                    		mov	bh,dl 
 06A8  D1 EA                    		shr	dx,1			; Shift w/zeros fill 
 06AA  D1 EA                    		shr	dx,1			; Shift w/zeros fill 
 06AC  26: 88 35                		mov	es:[di],dh 
 06AF  D0 EA                    		shr	dl,1			; Shift w/zeros fill 
 06B1  D0 EA                    		shr	dl,1			; Shift w/zeros fill 
 06B3  26: 88 55 01             		mov	es:[di+1],dl 
 06B7  03 DB                    		add	bx,bx 
 06B9  03 DB                    		add	bx,bx 
 06BB  80 E7 3F                 		and	bh,3Fh			; '?' 
 06BE  26: 88 7D 02             		mov	es:[di+2],bh 
 06C2  24 3F                    		and	al,3Fh			; '?' 
 06C4  26: 88 45 03             		mov	es:[di+3],al 
 06C8  83 C7 04                 		add	di,4 
 06CB  E2 D3                    		loop	locloop_77		; Loop if cx > 0 
                                 
                                		retn 
 06CD  C3                     1                 db     0C3h
                                sub_17		endp 
                                 
                                 
                                ;ﬂﬂﬂﬂﬂﬂﬂﬂﬂﬂﬂﬂﬂﬂﬂﬂﬂﬂﬂﬂﬂﬂﬂﬂﬂﬂﬂﬂﬂﬂﬂﬂﬂﬂﬂﬂﬂﬂﬂﬂﬂﬂﬂﬂﬂﬂﬂﬂﬂﬂﬂﬂﬂﬂﬂﬂﬂﬂﬂﬂﬂﬂﬂﬂﬂﬂﬂﬂﬂﬂﬂﬂﬂﬂ 
                                ;                              SUBROUTINE 
                                ;‹‹‹‹‹‹‹‹‹‹‹‹‹‹‹‹‹‹‹‹‹‹‹‹‹‹‹‹‹‹‹‹‹‹‹‹‹‹‹‹‹‹‹‹‹‹‹‹‹‹‹‹‹‹‹‹‹‹‹‹‹‹‹‹‹‹‹‹‹‹‹‹‹‹ 
                                 
 06CE                           sub_18		proc	near 
 06CE  33 C0                    		xor	ax,ax			; Zero register 
 06D0  B9 0020                  		mov	cx,20h 
 06D3  F3/ AB                   		rep	stosw			; Rep when cx >0 Store ax to es:[di] 
                                		retn 
 06D5  C3                     1                 db     0C3h
                                sub_18		endp 
                                 
                                 
                                ;ﬂﬂﬂﬂﬂﬂﬂﬂﬂﬂﬂﬂﬂﬂﬂﬂﬂﬂﬂﬂﬂﬂﬂﬂﬂﬂﬂﬂﬂﬂﬂﬂﬂﬂﬂﬂﬂﬂﬂﬂﬂﬂﬂﬂﬂﬂﬂﬂﬂﬂﬂﬂﬂﬂﬂﬂﬂﬂﬂﬂﬂﬂﬂﬂﬂﬂﬂﬂﬂﬂﬂﬂﬂﬂ 
                                ;                              SUBROUTINE 
                                ;‹‹‹‹‹‹‹‹‹‹‹‹‹‹‹‹‹‹‹‹‹‹‹‹‹‹‹‹‹‹‹‹‹‹‹‹‹‹‹‹‹‹‹‹‹‹‹‹‹‹‹‹‹‹‹‹‹‹‹‹‹‹‹‹‹‹‹‹‹‹‹‹‹‹ 
                                 
 06D6                           sub_19		proc	near 
 06D6  24 7F                    		and	al,7Fh 
 06D8  BB ED20                  		mov	bx,data_96e 
Microsoft (R) Macro Assembler  Version 4.00                 3/29/26 15:15:16

                                                            Page     1-25
                                                            

 06DB  D7                       		xlat				; al=[al+[bx]] table 
                                		retn 
 06DC  C3                     1                 db     0C3h
                                sub_19		endp 
                                 
                                 
                                ;ﬂﬂﬂﬂﬂﬂﬂﬂﬂﬂﬂﬂﬂﬂﬂﬂﬂﬂﬂﬂﬂﬂﬂﬂﬂﬂﬂﬂﬂﬂﬂﬂﬂﬂﬂﬂﬂﬂﬂﬂﬂﬂﬂﬂﬂﬂﬂﬂﬂﬂﬂﬂﬂﬂﬂﬂﬂﬂﬂﬂﬂﬂﬂﬂﬂﬂﬂﬂﬂﬂﬂﬂﬂﬂ 
                                ;                              SUBROUTINE 
                                ;‹‹‹‹‹‹‹‹‹‹‹‹‹‹‹‹‹‹‹‹‹‹‹‹‹‹‹‹‹‹‹‹‹‹‹‹‹‹‹‹‹‹‹‹‹‹‹‹‹‹‹‹‹‹‹‹‹‹‹‹‹‹‹‹‹‹‹‹‹‹‹‹‹‹ 
                                 
 06DD                           sub_20		proc	near 
 06DD  24 7F                    		and	al,7Fh 
 06DF  8A D8                    		mov	bl,al 
 06E1  32 FF                    		xor	bh,bh			; Zero register 
 06E3  8A 8F ED20               		mov	cl,ds:data_96e[bx] 
 06E7  B5 10                    		mov	ch,10h 
 06E9  F6 E5                    		mul	ch			; ax = reg * al 
 06EB  03 06 C010               		add	ax,ds:data_91e 
 06EF  8B E8                    		mov	bp,ax 
 06F1  3E: 8A 46 06             		mov	al,ds:[bp+6] 
 06F5  24 0F                    		and	al,0Fh 
 06F7  B5 05                    		mov	ch,5 
 06F9  F6 E5                    		mul	ch			; ax = reg * al 
 06FB  BE A070                  		mov	si,0A070h 
 06FE  3E: F6 46 05 80          		test	byte ptr ds:[bp+5],80h 
 0703  75 03                    		jnz	loc_78			; Jump if not zero 
 0705  BE A030                  		mov	si,data_90e 
 0708                           loc_78: 
 0708  3E: 8A 5E 04             		mov	bl,ds:[bp+4] 
 070C  80 E3 1F                 		and	bl,1Fh 
 070F  02 DB                    		add	bl,bl 
 0711  32 FF                    		xor	bh,bh			; Zero register 
 0713  03 00                    		add	ax,[bx+si] 
 0715  8B F0                    		mov	si,ax 
 0717  AC                       		lodsb				; String [si] to al 
 0718  F6 06 FF34 FF            		test	byte ptr ds:data_105e,0FFh 
 071D  75 09                    		jnz	loc_79			; Jump if not zero 
 071F  3E: F6 46 05 20          		test	byte ptr ds:[bp+5],20h	; ' ' 
 0724  74 02                    		jz	loc_79			; Jump if zero 
 0726  04 03                    		add	al,3 
 0728                           loc_79: 
 0728  A2 4FF4                  		mov	ds:data_74e,al 
 072B  8A C1                    		mov	al,cl 
                                		retn 
 072D  C3                     1                 db     0C3h
                                sub_20		endp 
                                 
                                 
                                ;ﬂﬂﬂﬂﬂﬂﬂﬂﬂﬂﬂﬂﬂﬂﬂﬂﬂﬂﬂﬂﬂﬂﬂﬂﬂﬂﬂﬂﬂﬂﬂﬂﬂﬂﬂﬂﬂﬂﬂﬂﬂﬂﬂﬂﬂﬂﬂﬂﬂﬂﬂﬂﬂﬂﬂﬂﬂﬂﬂﬂﬂﬂﬂﬂﬂﬂﬂﬂﬂﬂﬂﬂﬂﬂ 
                                ;                              SUBROUTINE 
                                ;‹‹‹‹‹‹‹‹‹‹‹‹‹‹‹‹‹‹‹‹‹‹‹‹‹‹‹‹‹‹‹‹‹‹‹‹‹‹‹‹‹‹‹‹‹‹‹‹‹‹‹‹‹‹‹‹‹‹‹‹‹‹‹‹‹‹‹‹‹‹‹‹‹‹ 
                                 
 072E                           sub_21		proc	near 
 072E  80 3E 4FF3 10            		cmp	byte ptr ds:data_73e,10h 
 0733  72 01                    		jb	loc_80			; Jump if below 
Microsoft (R) Macro Assembler  Version 4.00                 3/29/26 15:15:16

                                                            Page     1-26
                                                            

                                		retn 
 0735  C3                     1                 db     0C3h
 0736                           loc_80: 
 0736  0E                       		push	cs 
 0737  07                       		pop	es 
 0738  2E: FF 16 011A           		call	word ptr cs:[11Ah] 
 073D  24 0F                    		and	al,0Fh 
 073F  3C 0E                    		cmp	al,0Eh 
 0741  73 01                    		jae	loc_81			; Jump if above or = 
                                		retn 
 0743  C3                     1                 db     0C3h
 0744                           loc_81: 
 0744  BF EDA0                  		mov	di,data_97e 
 0747  32 C9                    		xor	cl,cl			; Zero register 
 0749                           loc_82: 
 0749  80 3D FF                 		cmp	byte ptr [di],0FFh 
 074C  74 07                    		je	loc_83			; Jump if equal 
 074E  83 C7 04                 		add	di,4 
 0751  FE C1                    		inc	cl 
 0753  EB F4                    		jmp	short loc_82 
 0755                           loc_83: 
 0755  80 F9 20                 		cmp	cl,20h			; ' ' 
 0758  72 01                    		jb	loc_84			; Jump if below 
                                		retn 
 075A  C3                     1                 db     0C3h
 075B                           loc_84: 
 075B  2E: FF 16 011A           		call	word ptr cs:[11Ah] 
 0760  24 03                    		and	al,3 
 0762  3C 03                    		cmp	al,3 
 0764  74 F5                    		je	loc_84			; Jump if equal 
 0766  FE C8                    		dec	al 
 0768  02 06 4FF2               		add	al,ds:data_72e 
 076C  3C FF                    		cmp	al,0FFh 
 076E  75 02                    		jne	loc_85			; Jump if not equal 
 0770  B0 04                    		mov	al,4 
 0772                           loc_85: 
 0772  3C 1B                    		cmp	al,1Bh 
 0774  72 02                    		jb	loc_86			; Jump if below 
 0776  B0 1A                    		mov	al,1Ah 
 0778                           loc_86: 
 0778  AA                       		stosb				; Store al to es:[di] 
 0779                           loc_87: 
 0779  2E: FF 16 011A           		call	word ptr cs:[11Ah] 
 077E  24 03                    		and	al,3 
 0780  3C 03                    		cmp	al,3 
 0782  74 F5                    		je	loc_87			; Jump if equal 
 0784  FE C8                    		dec	al 
 0786  02 06 4FF3               		add	al,ds:data_73e 
 078A  3C FF                    		cmp	al,0FFh 
 078C  75 02                    		jne	loc_88			; Jump if not equal 
 078E  32 C0                    		xor	al,al			; Zero register 
 0790                           loc_88: 
 0790  AA                       		stosb				; Store al to es:[di] 
 0791  B0 03                    		mov	al,3 
 0793  AA                       		stosb				; Store al to es:[di] 
Microsoft (R) Macro Assembler  Version 4.00                 3/29/26 15:15:16

                                                            Page     1-27
                                                            

 0794  2E: FF 16 011A           		call	word ptr cs:[11Ah] 
 0799  24 03                    		and	al,3 
 079B  AA                       		stosb				; Store al to es:[di] 
 079C  B0 FF                    		mov	al,0FFh 
 079E  AA                       		stosb				; Store al to es:[di] 
                                		retn 
 079F  C3                     1                 db     0C3h
                                sub_21		endp 
                                 
                                			                        ;* No entry point to code 
 07A0  0E                       		push	cs 
 07A1  07                       		pop	es 
 07A2  BF EDA0                  		mov	di,data_97e 
 07A5  8B F7                    		mov	si,di 
 07A7                           loc_89: 
 07A7  80 3C FF                 		cmp	byte ptr [si],0FFh 
 07AA  75 04                    		jne	loc_90			; Jump if not equal 
 07AC  C6 05 FF                 		mov	byte ptr [di],0FFh 
                                		retn 
 07AF  C3                     1                 db     0C3h
 07B0                           loc_90: 
 07B0  8A 44 01                 		mov	al,[si+1] 
 07B3  B1 1C                    		mov	cl,1Ch 
 07B5  F6 E1                    		mul	cl			; ax = reg * al 
 07B7  8A 0C                    		mov	cl,[si] 
 07B9  32 ED                    		xor	ch,ch			; Zero register 
 07BB  03 C1                    		add	ax,cx 
 07BD  57                       		push	di 
 07BE  05 E900                  		add	ax,0E900h 
 07C1  8B F8                    		mov	di,ax 
 07C3  B0 FE                    		mov	al,0FEh 
 07C5  AA                       		stosb				; Store al to es:[di] 
 07C6  AA                       		stosb				; Store al to es:[di] 
 07C7  83 C7 1A                 		add	di,1Ah 
 07CA  AA                       		stosb				; Store al to es:[di] 
 07CB  AA                       		stosb				; Store al to es:[di] 
 07CC  5F                       		pop	di 
 07CD  8A 44 01                 		mov	al,[si+1] 
 07D0  32 E4                    		xor	ah,ah			; Zero register 
 07D2  BA 0A00                  		mov	dx,0A00h 
 07D5  F7 E2                    		mul	dx			; dx:ax = reg * ax 
 07D7  8A 0C                    		mov	cl,[si] 
 07D9  32 ED                    		xor	ch,ch			; Zero register 
 07DB  03 C9                    		add	cx,cx 
 07DD  03 C9                    		add	cx,cx 
 07DF  03 C9                    		add	cx,cx 
 07E1  03 C1                    		add	ax,cx 
 07E3  05 11B0                  		add	ax,11B0h 
 07E6  56                       		push	si 
 07E7  57                       		push	di 
 07E8  06                       		push	es 
 07E9  50                       		push	ax 
 07EA  8A 5C 03                 		mov	bl,[si+3] 
 07ED  32 FF                    		xor	bh,bh			; Zero register 
 07EF  03 DB                    		add	bx,bx 
Microsoft (R) Macro Assembler  Version 4.00                 3/29/26 15:15:16

                                                            Page     1-28
                                                            

 07F1  8B 87 3893               		mov	ax,ds:data_57e[bx] 
 07F5  A3 4FF5                  		mov	ds:data_75e,ax 
 07F8  8A 5C 02                 		mov	bl,[si+2] 
 07FB  80 E3 03                 		and	bl,3 
 07FE  02 DB                    		add	bl,bl 
 0800  32 FF                    		xor	bh,bh			; Zero register 
 0802  8B B7 389B               		mov	si,ds:data_58e[bx] 
 0806  5F                       		pop	di 
 0807  B8 A000                  		mov	ax,0A000h 
 080A  8E C0                    		mov	es,ax 
 080C  B9 0010                  		mov	cx,10h 
                                 
 080F                           locloop_91: 
 080F  AD                       		lodsw				; String [si] to ax 
 0810  86 E0                    		xchg	ah,al 
 0812  E8 1096 R                		call	sub_30 
 0815  F7 D5                    		not	bp 
 0817  26: 21 2D                		and	es:[di],bp 
 081A  26: 09 15                		or	es:[di],dx 
 081D  E8 1096 R                		call	sub_30 
 0820  F7 D5                    		not	bp 
 0822  26: 21 6D 02             		and	es:[di+2],bp 
 0826  26: 09 55 02             		or	es:[di+2],dx 
 082A  E8 1096 R                		call	sub_30 
 082D  F7 D5                    		not	bp 
 082F  26: 21 6D 04             		and	es:[di+4],bp 
 0833  26: 09 55 04             		or	es:[di+4],dx 
 0837  E8 1096 R                		call	sub_30 
 083A  F7 D5                    		not	bp 
 083C  26: 21 6D 06             		and	es:[di+6],bp 
 0840  26: 09 55 06             		or	es:[di+6],dx 
 0844  AD                       		lodsw				; String [si] to ax 
 0845  86 E0                    		xchg	ah,al 
 0847  E8 1096 R                		call	sub_30 
 084A  F7 D5                    		not	bp 
 084C  26: 21 6D 08             		and	es:[di+8],bp 
 0850  26: 09 55 08             		or	es:[di+8],dx 
 0854  E8 1096 R                		call	sub_30 
 0857  F7 D5                    		not	bp 
 0859  26: 21 6D 0A             		and	es:[di+0Ah],bp 
 085D  26: 09 55 0A             		or	es:[di+0Ah],dx 
 0861  E8 1096 R                		call	sub_30 
 0864  F7 D5                    		not	bp 
 0866  26: 21 6D 0C             		and	es:[di+0Ch],bp 
 086A  26: 09 55 0C             		or	es:[di+0Ch],dx 
 086E  E8 1096 R                		call	sub_30 
 0871  F7 D5                    		not	bp 
 0873  26: 21 6D 0E             		and	es:[di+0Eh],bp 
 0877  26: 09 55 0E             		or	es:[di+0Eh],dx 
 087B  81 C7 0140               		add	di,140h 
 087F  E2 8E                    		loop	locloop_91		; Loop if cx > 0 
                                 
 0881  07                       		pop	es 
 0882  5F                       		pop	di 
 0883  5E                       		pop	si 
Microsoft (R) Macro Assembler  Version 4.00                 3/29/26 15:15:16

                                                            Page     1-29
                                                            

 0884  FE 4C 02                 		dec	byte ptr [si+2] 
 0887  80 7C 02 FF              		cmp	byte ptr [si+2],0FFh 
 088B  74 05                    		je	loc_92			; Jump if equal 
 088D  A5                       		movsw				; Mov [si] to es:[di] 
 088E  A5                       		movsw				; Mov [si] to es:[di] 
 088F  83 EE 04                 		sub	si,4 
 0892                           loc_92: 
 0892  83 C6 04                 		add	si,4 
 0895  E9 07A7 R                		jmp	loc_89 
                                			                        ;* No entry point to code 
 0898  10 12                    		adc	[bp+si],dl 
 089A  30 36 3F38               		xor	ds:data_60e,dh 
 089E  30 36 3963               		xor	ds:data_59e,dh 
 08A2  23 39                    		and	di,[bx+di] 
                                ;*		jcxz	loc_93			;*Jump if cx=0 
 08A4  E3 38                    		db	0E3h, 38h		;  Fixup - byte match 
 08A6  A3 0038 R                		mov	data_8,ax 
 08A9  0010[                    		db	16 dup (0) 
            00                  
                         ]      
                                
 08B9  0B D0 00 00 5F FA        		db	 0Bh,0D0h, 00h, 00h, 5Fh,0FAh 
 08BF  00 00 7F FE 00 00        		db	 00h, 00h, 7Fh,0FEh, 00h, 00h 
 08C5  FF FF 00 00 FF FF        		db	0FFh,0FFh, 00h, 00h,0FFh,0FFh 
 08CB  00 00 7F FE 00 00        		db	 00h, 00h, 7Fh,0FEh, 00h, 00h 
 08D1  5F FA 00 00 0B D0        		db	 5Fh,0FAh, 00h, 00h, 0Bh,0D0h 
 08D7  001A[                    		db	26 dup (0) 
            00                  
                         ]      
                                
 08F1  2F F4 00 00 FF FF        		db	 2Fh,0F4h, 00h, 00h,0FFh,0FFh 
 08F7  00 03 FF FF C0 07        		db	 00h, 03h,0FFh,0FFh,0C0h, 07h 
 08FD  FF FF E0 0F FA 5F        		db	0FFh,0FFh,0E0h, 0Fh,0FAh, 5Fh 
 0903  F0 0F F0 0F F0 0F        		db	0F0h, 0Fh,0F0h, 0Fh,0F0h, 0Fh 
 0909  F0 0F F0 0F FA 5F        		db	0F0h, 0Fh,0F0h, 0Fh,0FAh, 5Fh 
 090F  F0 07 FF FF E0 03        		db	0F0h, 07h,0FFh,0FFh,0E0h, 03h 
 0915  FF FF C0 00 FF FF        		db	0FFh,0FFh,0C0h, 00h,0FFh,0FFh 
 091B  00 00 2F F4              		db	 00h, 00h, 2Fh,0F4h 
 091F  000A[                    		db	10 dup (0) 
            00                  
                         ]      
                                
 0929  2F F4 00 01 7F FE        		db	 2Fh,0F4h, 00h, 01h, 7Fh,0FEh 
 092F  80 07 FF FF E0 0F        		db	 80h, 07h,0FFh,0FFh,0E0h, 0Fh 
 0935  FF FF F0 3F F4 2F        		db	0FFh,0FFh,0F0h, 3Fh,0F4h, 2Fh 
 093B  FC 7F A0 05 FE 7F        		db	0FCh, 7Fh,0A0h, 05h,0FEh, 7Fh 
 0941  80 01 FE FF 00 00        		db	 80h, 01h,0FEh,0FFh, 00h, 00h 
 0947  FF FF 00 00 FF 7F        		db	0FFh,0FFh, 00h, 00h,0FFh, 7Fh 
 094D  80 01 FE 7F A0 05        		db	 80h, 01h,0FEh, 7Fh,0A0h, 05h 
 0953  FE 3F F4 2F FC 0F        		db	0FEh, 3Fh,0F4h, 2Fh,0FCh, 0Fh 
 0959  FF FF F0 07 FF FF        		db	0FFh,0FFh,0F0h, 07h,0FFh,0FFh 
 095F  E0 01 7F FE 80 00        		db	0E0h, 01h, 7Fh,0FEh, 80h, 00h 
 0965  2F F4 00 00 2F F4        		db	 2Fh,0F4h, 00h, 00h, 2Fh,0F4h 
 096B  00 01                    		db	 00h, 01h 
 096D                           loc_94: 
Microsoft (R) Macro Assembler  Version 4.00                 3/29/26 15:15:16

                                                            Page     1-30
                                                            

 096D  7F FE                    		jg	loc_94			; Jump if > 
 096F  80 07 D0                 		add	byte ptr [bx],0D0h 
 0972  0B E0                    		or	sp,ax 
                                ;*		pop	cs			; Dangerous-8088 only 
 0974  0F                       		db	0Fh			;  Fixup - byte match 
 0975  00 00                    		add	[bx+si],al 
 0977  F0/ 3C 00                                           lock	cmp	al,0 
 097A  00 3C                    		add	[si],bh 
 097C  78 00                    		js	$+2			; delay for I/O 
 097E  00 1E 0070               		add	byte ptr ds:[70h],bl 
 0982  00 0E 00F0               		add	byte ptr ds:[0F0h],cl 
 0986  00 0F                    		add	[bx],cl 
 0988  F0/ 00 00                                           lock	add	[bx+si],al 
                                ;*		pop	cs			; Dangerous-8088 only 
 098B  0F                       		db	0Fh			;  Fixup - byte match 
 098C  70 00                    		jo	$+2			; delay for I/O 
 098E  00 0E 0078               		add	byte ptr ds:[78h],cl 
 0992  00 1E 003C R             		add	data_9,bl 
 0996  00 3C                    		add	[si],bh 
                                ;*		pop	cs			; Dangerous-8088 only 
 0998  0F                       		db	0Fh			;  Fixup - byte match 
 0999  00 00                    		add	[bx+si],al 
 099B  F0/ 07                                              lock	pop	es 
 099D  D0 0B                    		ror	byte ptr [bp+di],1	; Rotate 
                                ;*		loopnz	locloop_96		;*Loop if zf=0, cx>0 
                                 
 099F  E0 01                    		db	0E0h, 01h		;  Fixup - byte match 
 09A1                           loc_95: 
 09A1  7F FE                    		jg	loc_95			; Jump if > 
 09A3  80 00 2F                 		add	byte ptr [bx+si],2Fh	; '/' 
 09A6  F4                       		hlt				; Halt processor 
 09A7  00 BF 5014               		add	ds:data_86e[bx],bh 
 09AB  0E                       		push	cs 
 09AC  07                       		pop	es 
 09AD  33 C0                    		xor	ax,ax			; Zero register 
 09AF  AB                       		stosw				; Store ax to es:[di] 
 09B0  AB                       		stosw				; Store ax to es:[di] 
 09B1  AB                       		stosw				; Store ax to es:[di] 
 09B2  AB                       		stosw				; Store ax to es:[di] 
 09B3  AA                       		stosb				; Store al to es:[di] 
 09B4  BF 5000                  		mov	di,data_83e 
 09B7  B9 0008                  		mov	cx,8 
 09BA  F3/ AB                   		rep	stosw			; Rep when cx >0 Store ax to es:[di] 
 09BC  EB 3C                    		jmp	short loc_100 
                                			                        ;* No entry point to code 
 09BE  E8 0DD1 R                		call	sub_24 
 09C1  BF 5000                  		mov	di,data_83e 
 09C4  8A 16 FF35               		mov	dl,ds:data_106e 
 09C8  FE CA                    		dec	dl 
 09CA  B9 0004                  		mov	cx,4 
                                 
 09CD                           locloop_97: 
 09CD  51                       		push	cx 
 09CE  80 E2 3F                 		and	dl,3Fh			; '?' 
 09D1  B0 24                    		mov	al,24h			; '$' 
Microsoft (R) Macro Assembler  Version 4.00                 3/29/26 15:15:16

                                                            Page     1-31
                                                            

 09D3  F6 E2                    		mul	dl			; ax = reg * al 
 09D5  8B D8                    		mov	bx,ax 
 09D7  81 C3 E000               		add	bx,data_93e 
 09DB  A0 0083                  		mov	al,byte ptr ds:[83h] 
 09DE  04 03                    		add	al,3 
 09E0  32 E4                    		xor	ah,ah			; Zero register 
 09E2  03 D8                    		add	bx,ax 
 09E4  B9 0004                  		mov	cx,4 
                                 
 09E7                           locloop_98: 
 09E7  8A 07                    		mov	al,[bx] 
 09E9  0A C0                    		or	al,al			; Zero ? 
 09EB  78 02                    		js	loc_99			; Jump if sign=1 
 09ED  32 C0                    		xor	al,al			; Zero register 
 09EF                           loc_99: 
 09EF  88 05                    		mov	[di],al 
 09F1  43                       		inc	bx 
 09F2  47                       		inc	di 
 09F3  E2 F2                    		loop	locloop_98		; Loop if cx > 0 
                                 
 09F5  FE C2                    		inc	dl 
 09F7  59                       		pop	cx 
 09F8  E2 D3                    		loop	locloop_97		; Loop if cx > 0 
                                 
 09FA                           loc_100: 
 09FA  A0 0084                  		mov	al,byte ptr ds:[84h] 
 09FD  32 E4                    		xor	ah,ah			; Zero register 
 09FF  B9 0A00                  		mov	cx,0A00h 
 0A02  F7 E1                    		mul	cx			; dx:ax = reg * ax 
 0A04  8A 0E 0083               		mov	cl,byte ptr ds:[83h] 
 0A08  32 ED                    		xor	ch,ch			; Zero register 
 0A0A  03 C9                    		add	cx,cx 
 0A0C  03 C9                    		add	cx,cx 
 0A0E  03 C9                    		add	cx,cx 
 0A10  03 C1                    		add	ax,cx 
 0A12  05 11B0                  		add	ax,11B0h 
 0A15  A3 4FED                  		mov	ds:data_69e,ax 
 0A18  C6 06 4FF2 00            		mov	byte ptr ds:data_72e,0 
 0A1D  BE 5014                  		mov	si,5014h 
 0A20  BF 5000                  		mov	di,data_83e 
 0A23  B9 0003                  		mov	cx,3 
                                 
 0A26                           locloop_101: 
 0A26  51                       		push	cx 
 0A27  B9 0003                  		mov	cx,3 
                                 
 0A2A                           locloop_102: 
 0A2A  51                       		push	cx 
 0A2B  B8 3A88                  		mov	ax,3A88h 
 0A2E  50                       		push	ax 
 0A2F  8A 05                    		mov	al,[di] 
 0A31  0A 45 01                 		or	al,[di+1] 
 0A34  0A 45 04                 		or	al,[di+4] 
 0A37  0A 45 05                 		or	al,[di+5] 
 0A3A  75 03                    		jnz	loc_103			; Jump if not zero 
Microsoft (R) Macro Assembler  Version 4.00                 3/29/26 15:15:16

                                                            Page     1-32
                                                            

 0A3C  E9 0D39 R                		jmp	loc_140 
 0A3F                           loc_103: 
 0A3F  F6 05 FF                 		test	byte ptr [di],0FFh 
 0A42  74 0F                    		jz	loc_104			; Jump if zero 
 0A44  8A 05                    		mov	al,[di] 
 0A46  56                       		push	si 
 0A47  E8 06DD R                		call	sub_20 
 0A4A  46                       		inc	si 
 0A4B  46                       		inc	si 
 0A4C  46                       		inc	si 
 0A4D  8A 04                    		mov	al,[si] 
 0A4F  5E                       		pop	si 
 0A50  E9 0D71 R                		jmp	loc_142 
 0A53                           loc_104: 
 0A53  F6 45 01 FF              		test	byte ptr [di+1],0FFh 
 0A57  74 0F                    		jz	loc_105			; Jump if zero 
 0A59  8A 45 01                 		mov	al,[di+1] 
 0A5C  56                       		push	si 
 0A5D  E8 06DD R                		call	sub_20 
 0A60  46                       		inc	si 
 0A61  46                       		inc	si 
 0A62  8A 04                    		mov	al,[si] 
 0A64  5E                       		pop	si 
 0A65  E9 0D71 R                		jmp	loc_142 
 0A68                           loc_105: 
 0A68  F6 45 04 FF              		test	byte ptr [di+4],0FFh 
 0A6C  74 0E                    		jz	loc_106			; Jump if zero 
 0A6E  8A 45 04                 		mov	al,[di+4] 
 0A71  56                       		push	si 
 0A72  E8 06DD R                		call	sub_20 
 0A75  46                       		inc	si 
 0A76  8A 04                    		mov	al,[si] 
 0A78  5E                       		pop	si 
 0A79  E9 0D71 R                		jmp	loc_142 
 0A7C                           loc_106: 
 0A7C  8A 45 05                 		mov	al,[di+5] 
 0A7F  56                       		push	si 
 0A80  E8 06DD R                		call	sub_20 
 0A83  8A 0C                    		mov	cl,[si] 
 0A85  5E                       		pop	si 
 0A86  88 04                    		mov	[si],al 
 0A88  8A C1                    		mov	al,cl 
 0A8A  E9 0D71 R                		jmp	loc_142 
                                			                        ;* No entry point to code 
 0A8D  FE 06 4FF2               		inc	byte ptr ds:data_72e 
 0A91  47                       		inc	di 
 0A92  46                       		inc	si 
 0A93  59                       		pop	cx 
 0A94  E2 94                    		loop	locloop_102		; Loop if cx > 0 
                                 
 0A96  59                       		pop	cx 
 0A97  47                       		inc	di 
 0A98  E2 8C                    		loop	locloop_101		; Loop if cx > 0 
                                 
 0A9A  8A 1E FF36               		mov	bl,ds:data_107e 
Microsoft (R) Macro Assembler  Version 4.00                 3/29/26 15:15:16

                                                            Page     1-33
                                                            

 0A9E  80 E3 03                 		and	bl,3 
 0AA1  32 FF                    		xor	bh,bh			; Zero register 
 0AA3  03 DB                    		add	bx,bx 
 0AA5  2E: 8B 87 4F8C           		mov	ax,cs:data_65e[bx] 
 0AAA  2E: A3 4FE9              		mov	cs:data_66e,ax 
 0AAE  2E: 8E 06 FF2C           		mov	es,cs:data_101e 
 0AB3  A0 00E8                  		mov	al,byte ptr ds:[0E8h] 
 0AB6  0A 06 FF39               		or	al,ds:data_110e 
 0ABA  0A 06 FF3A               		or	al,ds:data_111e 
 0ABE  74 03                    		jz	loc_107			; Jump if zero 
 0AC0  E9 0B85 R                		jmp	loc_117 
 0AC3                           loc_107: 
 0AC3  B1 FF                    		mov	cl,0FFh 
 0AC5  BE 6117                  		mov	si,6117h 
 0AC8  F6 06 00C2 01            		test	byte ptr ds:[0C2h],1 
 0ACD  74 05                    		jz	loc_108			; Jump if zero 
 0ACF  32 C9                    		xor	cl,cl			; Zero register 
 0AD1  BE 61B9                  		mov	si,61B9h 
 0AD4                           loc_108: 
 0AD4  F6 06 FF40 FF            		test	byte ptr ds:data_114e,0FFh 
 0AD9  74 42                    		jz	loc_112			; Jump if zero 
 0ADB  FE C1                    		inc	cl 
 0ADD  75 1A                    		jnz	loc_109			; Jump if not zero 
 0ADF  A0 FF3F                  		mov	al,ds:data_113e 
 0AE2  D0 E8                    		shr	al,1			; Shift w/zeros fill 
 0AE4  B1 09                    		mov	cl,9 
 0AE6  F6 E1                    		mul	cl			; ax = reg * al 
 0AE8  50                       		push	ax 
 0AE9  E8 0D27 R                		call	sub_23 
 0AEC  B1 24                    		mov	cl,24h			; '$' 
 0AEE  F6 E1                    		mul	cl			; ax = reg * al 
 0AF0  5E                       		pop	si 
 0AF1  03 F0                    		add	si,ax 
 0AF3  81 C6 62C7               		add	si,62C7h 
 0AF7  EB 6D                    		jmp	short loc_115 
 0AF9                           loc_109: 
 0AF9  A0 FF3F                  		mov	al,ds:data_113e 
 0AFC  D0 E8                    		shr	al,1			; Shift w/zeros fill 
 0AFE  B1 09                    		mov	cl,9 
 0B00  F6 E1                    		mul	cl			; ax = reg * al 
 0B02  05 0024                  		add	ax,24h 
 0B05  8A 16 FF41               		mov	dl,ds:data_115e 
 0B09  FE CA                    		dec	dl 
 0B0B  75 05                    		jnz	loc_110			; Jump if not zero 
 0B0D  05 0024                  		add	ax,24h 
 0B10  EB 07                    		jmp	short loc_111 
 0B12                           loc_110: 
 0B12  FE CA                    		dec	dl 
 0B14  75 03                    		jnz	loc_111			; Jump if not zero 
 0B16  B8 0063                  		mov	ax,63h 
 0B19                           loc_111: 
 0B19  03 F0                    		add	si,ax 
 0B1B  EB 49                    		jmp	short loc_115 
 0B1D                           loc_112: 
 0B1D  E8 0D27 R                		call	sub_23 
Microsoft (R) Macro Assembler  Version 4.00                 3/29/26 15:15:16

                                                            Page     1-34
                                                            

 0B20  0A C0                    		or	al,al			; Zero ? 
 0B22  74 24                    		jz	loc_114			; Jump if zero 
 0B24  FE C8                    		dec	al 
 0B26  8A C8                    		mov	cl,al 
 0B28  F6 06 00C2 01            		test	byte ptr ds:[0C2h],1 
 0B2D  75 19                    		jnz	loc_114			; Jump if not zero 
 0B2F  B8 006C                  		mov	ax,6Ch 
 0B32  8A 16 FF38               		mov	dl,ds:data_109e 
 0B36  80 E2 09                 		and	dl,9 
 0B39  32 F6                    		xor	dh,dh			; Zero register 
 0B3B  03 C2                    		add	ax,dx 
 0B3D  0A C9                    		or	cl,cl			; Zero ? 
 0B3F  74 03                    		jz	loc_113			; Jump if zero 
 0B41  05 001B                  		add	ax,1Bh 
 0B44                           loc_113: 
 0B44  03 F0                    		add	si,ax 
 0B46  EB 1E                    		jmp	short loc_115 
 0B48                           loc_114: 
 0B48  F6 06 FF38 FF            		test	byte ptr ds:data_109e,0FFh 
 0B4D  75 36                    		jnz	loc_117			; Jump if not zero 
 0B4F  A0 00E7                  		mov	al,byte ptr ds:[0E7h] 
 0B52  3C 80                    		cmp	al,80h 
 0B54  74 2F                    		je	loc_117			; Jump if equal 
 0B56  04 02                    		add	al,2 
 0B58  24 03                    		and	al,3 
 0B5A  A8 01                    		test	al,1 
 0B5C  75 27                    		jnz	loc_117			; Jump if not zero 
 0B5E  B1 09                    		mov	cl,9 
 0B60  F6 E1                    		mul	cl			; ax = reg * al 
 0B62  03 F0                    		add	si,ax 
 0B64  EB 14                    		jmp	short loc_116 
 0B66                           loc_115: 
 0B66  F6 06 FF38 FF            		test	byte ptr ds:data_109e,0FFh 
 0B6B  74 0D                    		jz	loc_116			; Jump if zero 
 0B6D  B9 0006                  		mov	cx,6 
 0B70  C6 06 4FF2 03            		mov	byte ptr ds:data_72e,3 
 0B75  E8 0CE1 R                		call	sub_22 
 0B78  EB 0B                    		jmp	short loc_117 
 0B7A                           loc_116: 
 0B7A  B9 0009                  		mov	cx,9 
 0B7D  C6 06 4FF2 00            		mov	byte ptr ds:data_72e,0 
 0B82  E8 0CE1 R                		call	sub_22 
 0B85                           loc_117: 
 0B85  BE 610E                  		mov	si,610Eh 
 0B88  F6 06 FF3A FF            		test	byte ptr ds:data_111e,0FFh 
 0B8D  75 68                    		jnz	loc_122			; Jump if not zero 
 0B8F  BE 60EA                  		mov	si,60EAh 
 0B92  F6 06 FF39 FF            		test	byte ptr ds:data_110e,0FFh 
 0B97  75 53                    		jnz	loc_120			; Jump if not zero 
 0B99  BE 6075                  		mov	si,6075h 
 0B9C  F6 06 00C2 01            		test	byte ptr ds:[0C2h],1 
 0BA1  75 03                    		jnz	loc_118			; Jump if not zero 
 0BA3  BE 6000                  		mov	si,data_2e 
 0BA6                           loc_118: 
 0BA6  F6 06 00E8 FF            		test	byte ptr ds:[0E8h],0FFh 
Microsoft (R) Macro Assembler  Version 4.00                 3/29/26 15:15:16

                                                            Page     1-35
                                                            

 0BAB  74 05                    		jz	loc_119			; Jump if zero 
 0BAD  83 C6 5A                 		add	si,5Ah 
 0BB0  EB 3A                    		jmp	short loc_120 
 0BB2                           loc_119: 
 0BB2  B8 002D                  		mov	ax,2Dh 
 0BB5  F6 06 FF38 FF            		test	byte ptr ds:data_109e,0FFh 
 0BBA  75 39                    		jnz	loc_121			; Jump if not zero 
 0BBC  B8 003F                  		mov	ax,3Fh 
 0BBF  F6 06 FF3D 80            		test	byte ptr ds:data_112e,80h 
 0BC4  75 2F                    		jnz	loc_121			; Jump if not zero 
 0BC6  8A 0E FF42               		mov	cl,ds:data_116e 
 0BCA  B8 0048                  		mov	ax,48h 
 0BCD  FE C9                    		dec	cl 
 0BCF  74 24                    		jz	loc_121			; Jump if zero 
 0BD1  B8 0051                  		mov	ax,51h 
 0BD4  FE C9                    		dec	cl 
 0BD6  74 1D                    		jz	loc_121			; Jump if zero 
 0BD8  B8 0036                  		mov	ax,36h 
 0BDB  80 3E FF3D 7F            		cmp	byte ptr ds:data_112e,7Fh 
 0BE0  74 13                    		je	loc_121			; Jump if equal 
 0BE2  B8 0024                  		mov	ax,24h 
 0BE5  80 3E 00E7 80            		cmp	byte ptr ds:[0E7h],80h 
 0BEA  74 09                    		je	loc_121			; Jump if equal 
 0BEC                           loc_120: 
 0BEC  A0 00E7                  		mov	al,byte ptr ds:[0E7h] 
 0BEF  24 03                    		and	al,3 
 0BF1  B1 09                    		mov	cl,9 
 0BF3  F6 E1                    		mul	cl			; ax = reg * al 
 0BF5                           loc_121: 
 0BF5  03 F0                    		add	si,ax 
 0BF7                           loc_122: 
 0BF7  B9 0009                  		mov	cx,9 
 0BFA  C6 06 4FF2 00            		mov	byte ptr ds:data_72e,0 
 0BFF  E8 0CE1 R                		call	sub_22 
 0C02  F6 06 00E8 FF            		test	byte ptr ds:[0E8h],0FFh 
 0C07  74 01                    		jz	loc_123			; Jump if zero 
                                		retn 
 0C09  C3                     1                 db     0C3h
 0C0A                           loc_123: 
 0C0A  B1 FF                    		mov	cl,0FFh 
 0C0C  BE 61B9                  		mov	si,61B9h 
 0C0F  F6 06 00C2 01            		test	byte ptr ds:[0C2h],1 
 0C14  75 05                    		jnz	loc_124			; Jump if not zero 
 0C16  32 C9                    		xor	cl,cl			; Zero register 
 0C18  BE 6117                  		mov	si,6117h 
 0C1B                           loc_124: 
 0C1B  A0 FF39                  		mov	al,ds:data_110e 
 0C1E  0A 06 FF3A               		or	al,ds:data_111e 
 0C22  74 17                    		jz	loc_126			; Jump if zero 
 0C24  E8 0D27 R                		call	sub_23 
 0C27  0A C0                    		or	al,al			; Zero ? 
 0C29  75 01                    		jnz	loc_125			; Jump if not zero 
                                		retn 
 0C2B  C3                     1                 db     0C3h
 0C2C                           loc_125: 
Microsoft (R) Macro Assembler  Version 4.00                 3/29/26 15:15:16

                                                            Page     1-36
                                                            

 0C2C  FE C8                    		dec	al 
 0C2E  D0 E8                    		shr	al,1			; Shift w/zeros fill 
 0C30  1A C0                    		sbb	al,al 
 0C32  24 1B                    		and	al,1Bh 
 0C34  04 7E                    		add	al,7Eh			; '~' 
 0C36  32 E4                    		xor	ah,ah			; Zero register 
 0C38  E9 0CC4 R                		jmp	loc_133 
 0C3B                           loc_126: 
 0C3B  F6 06 FF40 FF            		test	byte ptr ds:data_114e,0FFh 
 0C40  74 42                    		jz	loc_130			; Jump if zero 
 0C42  FE C1                    		inc	cl 
 0C44  75 1A                    		jnz	loc_127			; Jump if not zero 
 0C46  A0 FF3F                  		mov	al,ds:data_113e 
 0C49  D0 E8                    		shr	al,1			; Shift w/zeros fill 
 0C4B  B1 09                    		mov	cl,9 
 0C4D  F6 E1                    		mul	cl			; ax = reg * al 
 0C4F  50                       		push	ax 
 0C50  E8 0D27 R                		call	sub_23 
 0C53  B1 24                    		mov	cl,24h			; '$' 
 0C55  F6 E1                    		mul	cl			; ax = reg * al 
 0C57  5E                       		pop	si 
 0C58  03 F0                    		add	si,ax 
 0C5A  81 C6 625B               		add	si,625Bh 
 0C5E  EB 66                    		jmp	short loc_134 
 0C60                           loc_127: 
 0C60  A0 FF3F                  		mov	al,ds:data_113e 
 0C63  D0 E8                    		shr	al,1			; Shift w/zeros fill 
 0C65  B1 09                    		mov	cl,9 
 0C67  F6 E1                    		mul	cl			; ax = reg * al 
 0C69  05 0024                  		add	ax,24h 
 0C6C  8A 16 FF41               		mov	dl,ds:data_115e 
 0C70  FE CA                    		dec	dl 
 0C72  75 05                    		jnz	loc_128			; Jump if not zero 
 0C74  05 0024                  		add	ax,24h 
 0C77  EB 07                    		jmp	short loc_129 
 0C79                           loc_128: 
 0C79  FE CA                    		dec	dl 
 0C7B  75 03                    		jnz	loc_129			; Jump if not zero 
 0C7D  B8 0063                  		mov	ax,63h 
 0C80                           loc_129: 
 0C80  03 F0                    		add	si,ax 
 0C82  EB 42                    		jmp	short loc_134 
 0C84                           loc_130: 
 0C84  F6 06 00C2 01            		test	byte ptr ds:[0C2h],1 
 0C89  74 1F                    		jz	loc_132			; Jump if zero 
 0C8B  E8 0D27 R                		call	sub_23 
 0C8E  0A C0                    		or	al,al			; Zero ? 
 0C90  74 18                    		jz	loc_132			; Jump if zero 
 0C92  FE C8                    		dec	al 
 0C94  8A C8                    		mov	cl,al 
 0C96  A0 FF38                  		mov	al,ds:data_109e 
 0C99  24 09                    		and	al,9 
 0C9B  04 6C                    		add	al,6Ch			; 'l' 
 0C9D  32 E4                    		xor	ah,ah			; Zero register 
 0C9F  0A C9                    		or	cl,cl			; Zero ? 
Microsoft (R) Macro Assembler  Version 4.00                 3/29/26 15:15:16

                                                            Page     1-37
                                                            

 0CA1  74 03                    		jz	loc_131			; Jump if zero 
 0CA3  05 001B                  		add	ax,1Bh 
 0CA6                           loc_131: 
 0CA6  03 F0                    		add	si,ax 
 0CA8  EB 1C                    		jmp	short loc_134 
 0CAA                           loc_132: 
 0CAA  B8 001B                  		mov	ax,1Bh 
 0CAD  F6 06 FF38 FF            		test	byte ptr ds:data_109e,0FFh 
 0CB2  75 10                    		jnz	loc_133			; Jump if not zero 
 0CB4  8A 0E 00E7               		mov	cl,byte ptr ds:[0E7h] 
 0CB8  80 F9 80                 		cmp	cl,80h 
 0CBB  74 07                    		je	loc_133			; Jump if equal 
 0CBD  80 E1 03                 		and	cl,3 
 0CC0  B0 09                    		mov	al,9 
 0CC2  F6 E1                    		mul	cl			; ax = reg * al 
 0CC4                           loc_133: 
 0CC4  03 F0                    		add	si,ax 
 0CC6                           loc_134: 
 0CC6  F6 06 FF38 FF            		test	byte ptr ds:data_109e,0FFh 
 0CCB  74 0A                    		jz	loc_135			; Jump if zero 
 0CCD  B9 0006                  		mov	cx,6 
 0CD0  C6 06 4FF2 03            		mov	byte ptr ds:data_72e,3 
 0CD5  EB 0A                    		jmp	short locloop_136 
 0CD7                           loc_135: 
 0CD7  B9 0009                  		mov	cx,9 
 0CDA  C6 06 4FF2 00            		mov	byte ptr ds:data_72e,0 
 0CDF  EB 00                    		jmp	short locloop_136 
                                 
                                ;ﬂﬂﬂﬂﬂﬂﬂﬂﬂﬂﬂﬂﬂﬂﬂﬂﬂﬂﬂﬂﬂﬂﬂﬂﬂﬂﬂﬂﬂﬂﬂﬂﬂﬂﬂﬂﬂﬂﬂﬂﬂﬂﬂﬂﬂﬂﬂﬂﬂﬂﬂﬂﬂﬂﬂﬂﬂﬂﬂﬂﬂﬂﬂﬂﬂﬂﬂﬂﬂﬂﬂﬂﬂﬂ 
                                ;                              SUBROUTINE 
                                ;‹‹‹‹‹‹‹‹‹‹‹‹‹‹‹‹‹‹‹‹‹‹‹‹‹‹‹‹‹‹‹‹‹‹‹‹‹‹‹‹‹‹‹‹‹‹‹‹‹‹‹‹‹‹‹‹‹‹‹‹‹‹‹‹‹‹‹‹‹‹‹‹‹‹ 
                                 
 0CE1                           sub_22		proc	near 
                                 
 0CE1                           locloop_136: 
 0CE1  51                       		push	cx 
 0CE2  26: 8A 04                		mov	al,es:[si] 
 0CE5  0A C0                    		or	al,al			; Zero ? 
 0CE7  74 35                    		jz	loc_137			; Jump if zero 
 0CE9  06                       		push	es 
 0CEA  1E                       		push	ds 
 0CEB  56                       		push	si 
 0CEC  57                       		push	di 
 0CED  B5 20                    		mov	ch,20h			; ' ' 
 0CEF  F6 E5                    		mul	ch			; ax = reg * al 
 0CF1  8B F0                    		mov	si,ax 
 0CF3  81 C6 6333               		add	si,data_3e 
 0CF7  D1 E8                    		shr	ax,1			; Shift w/zeros fill 
 0CF9  D1 E8                    		shr	ax,1			; Shift w/zeros fill 
 0CFB  8B E8                    		mov	bp,ax 
 0CFD  81 C5 D000               		add	bp,data_7e 
 0D01  2E: 8E 1E FF2C           		mov	ds,cs:data_101e 
 0D06  8B FA                    		mov	di,dx 
 0D08  0E                       		push	cs 
 0D09  07                       		pop	es 
Microsoft (R) Macro Assembler  Version 4.00                 3/29/26 15:15:16

                                                            Page     1-38
                                                            

 0D0A  2E: A0 4FF2              		mov	al,cs:data_72e 
 0D0E  B1 40                    		mov	cl,40h			; '@' 
 0D10  F6 E1                    		mul	cl			; ax = reg * al 
 0D12  05 511D                  		add	ax,511Dh 
 0D15  8B F8                    		mov	di,ax 
 0D17  E8 062A R                		call	sub_11 
 0D1A  5F                       		pop	di 
 0D1B  5E                       		pop	si 
 0D1C  1F                       		pop	ds 
 0D1D  07                       		pop	es 
 0D1E                           loc_137: 
 0D1E  46                       		inc	si 
 0D1F  FE 06 4FF2               		inc	byte ptr ds:data_72e 
 0D23  59                       		pop	cx 
 0D24  E2 BB                    		loop	locloop_136		; Loop if cx > 0 
                                 
                                		retn 
 0D26  C3                     1                 db     0C3h
                                sub_22		endp 
                                 
                                 
                                ;ﬂﬂﬂﬂﬂﬂﬂﬂﬂﬂﬂﬂﬂﬂﬂﬂﬂﬂﬂﬂﬂﬂﬂﬂﬂﬂﬂﬂﬂﬂﬂﬂﬂﬂﬂﬂﬂﬂﬂﬂﬂﬂﬂﬂﬂﬂﬂﬂﬂﬂﬂﬂﬂﬂﬂﬂﬂﬂﬂﬂﬂﬂﬂﬂﬂﬂﬂﬂﬂﬂﬂﬂﬂﬂ 
                                ;                              SUBROUTINE 
                                ;‹‹‹‹‹‹‹‹‹‹‹‹‹‹‹‹‹‹‹‹‹‹‹‹‹‹‹‹‹‹‹‹‹‹‹‹‹‹‹‹‹‹‹‹‹‹‹‹‹‹‹‹‹‹‹‹‹‹‹‹‹‹‹‹‹‹‹‹‹‹‹‹‹‹ 
                                 
 0D27                           sub_23		proc	near 
 0D27  A0 0093                  		mov	al,byte ptr ds:[93h] 
 0D2A  0A C0                    		or	al,al			; Zero ? 
 0D2C  75 01                    		jnz	loc_138			; Jump if not zero 
                                		retn 
 0D2E  C3                     1                 db     0C3h
 0D2F                           loc_138: 
 0D2F  3C 04                    		cmp	al,4 
 0D31  B0 01                    		mov	al,1 
 0D33  73 01                    		jnc	loc_139			; Jump if carry=0 
                                		retn 
 0D35  C3                     1                 db     0C3h
 0D36                           loc_139: 
 0D36  B0 02                    		mov	al,2 
                                		retn 
 0D38  C3                     1                 db     0C3h
                                sub_23		endp 
                                 
 0D39                           loc_140: 
 0D39  8A 04                    		mov	al,[si] 
 0D3B  1E                       		push	ds 
 0D3C  56                       		push	si 
 0D3D  57                       		push	di 
 0D3E  50                       		push	ax 
 0D3F  2E: 8E 1E FF2C           		mov	ds,cs:data_101e 
 0D44  0E                       		push	cs 
 0D45  07                       		pop	es 
 0D46  2E: A0 4FF2              		mov	al,cs:data_72e 
 0D4A  B1 40                    		mov	cl,40h			; '@' 
 0D4C  F6 E1                    		mul	cl			; ax = reg * al 
Microsoft (R) Macro Assembler  Version 4.00                 3/29/26 15:15:16

                                                            Page     1-39
                                                            

 0D4E  05 511D                  		add	ax,511Dh 
 0D51  8B F8                    		mov	di,ax 
 0D53  58                       		pop	ax 
 0D54  0A C0                    		or	al,al			; Zero ? 
 0D56  74 12                    		jz	loc_141			; Jump if zero 
 0D58  FE C8                    		dec	al 
 0D5A  B1 30                    		mov	cl,30h			; '0' 
 0D5C  F6 E1                    		mul	cl			; ax = reg * al 
 0D5E  05 8030                  		add	ax,8030h 
 0D61  8B F0                    		mov	si,ax 
 0D63  E8 069D R                		call	sub_17 
 0D66  5F                       		pop	di 
 0D67  5E                       		pop	si 
 0D68  1F                       		pop	ds 
                                		retn 
 0D69  C3                     1                 db     0C3h
 0D6A                           loc_141: 
 0D6A  E8 06CE R                		call	sub_18 
 0D6D  5F                       		pop	di 
 0D6E  5E                       		pop	si 
 0D6F  1F                       		pop	ds 
                                		retn 
 0D70  C3                     1                 db     0C3h
 0D71                           loc_142: 
 0D71  1E                       		push	ds 
 0D72  56                       		push	si 
 0D73  57                       		push	di 
 0D74  8A C8                    		mov	cl,al 
 0D76  8A 04                    		mov	al,[si] 
 0D78  0A C0                    		or	al,al			; Zero ? 
 0D7A  79 03                    		jns	loc_143			; Jump if not sign 
 0D7C  E8 06D6 R                		call	sub_19 
 0D7F                           loc_143: 
 0D7F  50                       		push	ax 
 0D80  8A 1E 4FF4               		mov	bl,ds:data_74e 
 0D84  32 FF                    		xor	bh,bh			; Zero register 
 0D86  03 DB                    		add	bx,bx 
 0D88  2E: 8B 97 4F8C           		mov	dx,cs:data_65e[bx] 
 0D8D  2E: 89 16 4FE9           		mov	cs:data_66e,dx 
 0D92  8A C1                    		mov	al,cl 
 0D94  B5 20                    		mov	ch,20h			; ' ' 
 0D96  F6 E5                    		mul	ch			; ax = reg * al 
 0D98  8B F0                    		mov	si,ax 
 0D9A  81 C6 4000               		add	si,data_1e 
 0D9E  D1 E8                    		shr	ax,1			; Shift w/zeros fill 
 0DA0  D1 E8                    		shr	ax,1			; Shift w/zeros fill 
 0DA2  8B E8                    		mov	bp,ax 
 0DA4  81 C5 A000               		add	bp,0A000h 
 0DA8  2E: 8E 1E FF2C           		mov	ds,cs:data_101e 
 0DAD  0E                       		push	cs 
 0DAE  07                       		pop	es 
 0DAF  2E: A0 4FF2              		mov	al,cs:data_72e 
 0DB3  B1 40                    		mov	cl,40h			; '@' 
 0DB5  F6 E1                    		mul	cl			; ax = reg * al 
 0DB7  05 511D                  		add	ax,511Dh 
Microsoft (R) Macro Assembler  Version 4.00                 3/29/26 15:15:16

                                                            Page     1-40
                                                            

 0DBA  8B F8                    		mov	di,ax 
 0DBC  58                       		pop	ax 
 0DBD  0A C0                    		or	al,al			; Zero ? 
 0DBF  74 09                    		jz	loc_144			; Jump if zero 
 0DC1  8A C8                    		mov	cl,al 
 0DC3  E8 0614 R                		call	sub_10 
 0DC6  5F                       		pop	di 
 0DC7  5E                       		pop	si 
 0DC8  1F                       		pop	ds 
                                		retn 
 0DC9  C3                     1                 db     0C3h
 0DCA                           loc_144: 
 0DCA  E8 0655 R                		call	sub_13 
 0DCD  5F                       		pop	di 
 0DCE  5E                       		pop	si 
 0DCF  1F                       		pop	ds 
                                		retn 
 0DD0  C3                     1                 db     0C3h
                                 
                                ;ﬂﬂﬂﬂﬂﬂﬂﬂﬂﬂﬂﬂﬂﬂﬂﬂﬂﬂﬂﬂﬂﬂﬂﬂﬂﬂﬂﬂﬂﬂﬂﬂﬂﬂﬂﬂﬂﬂﬂﬂﬂﬂﬂﬂﬂﬂﬂﬂﬂﬂﬂﬂﬂﬂﬂﬂﬂﬂﬂﬂﬂﬂﬂﬂﬂﬂﬂﬂﬂﬂﬂﬂﬂﬂ 
                                ;                              SUBROUTINE 
                                ;‹‹‹‹‹‹‹‹‹‹‹‹‹‹‹‹‹‹‹‹‹‹‹‹‹‹‹‹‹‹‹‹‹‹‹‹‹‹‹‹‹‹‹‹‹‹‹‹‹‹‹‹‹‹‹‹‹‹‹‹‹‹‹‹‹‹‹‹‹‹‹‹‹‹ 
                                 
 0DD1                           sub_24		proc	near 
 0DD1  8A 0E 0084               		mov	cl,byte ptr ds:[84h] 
 0DD5  B0 24                    		mov	al,24h			; '$' 
 0DD7  F6 E1                    		mul	cl			; ax = reg * al 
 0DD9  8A 0E 0083               		mov	cl,byte ptr ds:[83h] 
 0DDD  80 C1 04                 		add	cl,4 
 0DE0  32 ED                    		xor	ch,ch			; Zero register 
 0DE2  03 C1                    		add	ax,cx 
 0DE4  03 06 FF31               		add	ax,ds:data_103e 
 0DE8  8B F0                    		mov	si,ax 
 0DEA  E8 1504 R                		call	sub_44 
 0DED  BF 5014                  		mov	di,data_86e 
 0DF0  0E                       		push	cs 
 0DF1  07                       		pop	es 
 0DF2  B9 0003                  		mov	cx,3 
                                 
 0DF5                           locloop_145: 
 0DF5  A5                       		movsw				; Mov [si] to es:[di] 
 0DF6  A4                       		movsb				; Mov [si] to es:[di] 
 0DF7  83 C6 21                 		add	si,21h 
 0DFA  E8 1504 R                		call	sub_44 
 0DFD  E2 F6                    		loop	locloop_145		; Loop if cx > 0 
                                 
                                		retn 
 0DFF  C3                     1                 db     0C3h
                                sub_24		endp 
                                 
                                 
                                ;ﬂﬂﬂﬂﬂﬂﬂﬂﬂﬂﬂﬂﬂﬂﬂﬂﬂﬂﬂﬂﬂﬂﬂﬂﬂﬂﬂﬂﬂﬂﬂﬂﬂﬂﬂﬂﬂﬂﬂﬂﬂﬂﬂﬂﬂﬂﬂﬂﬂﬂﬂﬂﬂﬂﬂﬂﬂﬂﬂﬂﬂﬂﬂﬂﬂﬂﬂﬂﬂﬂﬂﬂﬂﬂ 
                                ;                              SUBROUTINE 
                                ;‹‹‹‹‹‹‹‹‹‹‹‹‹‹‹‹‹‹‹‹‹‹‹‹‹‹‹‹‹‹‹‹‹‹‹‹‹‹‹‹‹‹‹‹‹‹‹‹‹‹‹‹‹‹‹‹‹‹‹‹‹‹‹‹‹‹‹‹‹‹‹‹‹‹ 
                                 
Microsoft (R) Macro Assembler  Version 4.00                 3/29/26 15:15:16

                                                            Page     1-41
                                                            

 0E00                           sub_25		proc	near 
 0E00  A0 4FF1                  		mov	al,ds:data_71e 
 0E03  F6 D8                    		neg	al 
 0E05  04 12                    		add	al,12h 
 0E07  8A C8                    		mov	cl,al 
 0E09  F6 06 FF43 FF            		test	byte ptr ds:data_117e,0FFh 
 0E0E  75 0D                    		jnz	loc_147			; Jump if not zero 
 0E10  A0 0084                  		mov	al,byte ptr ds:[84h] 
 0E13  2C 02                    		sub	al,2 
 0E15  3A C1                    		cmp	al,cl 
 0E17  75 03                    		jne	loc_ret_146		; Jump if not equal 
 0E19  E8 10F4 R                		call	sub_31 
                                 
 0E1C                           loc_ret_146: 
                                		retn 
 0E1C  C3                     1                 db     0C3h
 0E1D                           loc_147: 
 0E1D  A0 0084                  		mov	al,byte ptr ds:[84h] 
 0E20  2C 05                    		sub	al,5 
 0E22  3A C8                    		cmp	cl,al 
 0E24  73 01                    		jae	loc_148			; Jump if above or = 
                                		retn 
 0E26  C3                     1                 db     0C3h
 0E27                           loc_148: 
 0E27  75 06                    		jnz	loc_149			; Jump if not zero 
 0E29  E8 0F2E R                		call	sub_26 
 0E2C  E9 10F4 R                		jmp	loc_175 
 0E2F                           loc_149: 
 0E2F  04 0A                    		add	al,0Ah 
 0E31  3A C1                    		cmp	al,cl 
 0E33  74 01                    		je	loc_150			; Jump if equal 
                                		retn 
 0E35  C3                     1                 db     0C3h
 0E36                           loc_150: 
 0E36  E9 0FD5 R                		jmp	loc_165 
                                			                        ;* No entry point to code 
 0E39  F6 06 FF43 FF            		test	byte ptr ds:data_117e,0FFh 
 0E3E  75 01                    		jnz	loc_151			; Jump if not zero 
                                		retn 
 0E40  C3                     1                 db     0C3h
 0E41                           loc_151: 
 0E41  06                       		push	es 
 0E42  56                       		push	si 
 0E43  57                       		push	di 
 0E44  53                       		push	bx 
 0E45  2E: 8E 06 FF2C           		mov	es,cs:data_101e 
 0E4A  FE 06 FF46               		inc	byte ptr ds:data_120e 
 0E4E  A0 FF45                  		mov	al,ds:data_119e 
 0E51  0A C0                    		or	al,al			; Zero ? 
 0E53  74 5C                    		jz	loc_155			; Jump if zero 
 0E55  FE C8                    		dec	al 
 0E57  74 2D                    		jz	loc_153			; Jump if zero 
 0E59  80 3E FF46 05            		cmp	byte ptr ds:data_120e,5 
 0E5E  72 03                    		jb	loc_152			; Jump if below 
 0E60  E9 0F1F R                		jmp	loc_159 
Microsoft (R) Macro Assembler  Version 4.00                 3/29/26 15:15:16

                                                            Page     1-42
                                                            

 0E63                           loc_152: 
 0E63  32 C9                    		xor	cl,cl			; Zero register 
 0E65  BE B16E                  		mov	si,0B16Eh 
 0E68  C7 06 4FFB FF01          		mov	word ptr ds:data_79e,0FF01h 
 0E6E  BA 09F8                  		mov	dx,9F8h 
 0E71  F6 06 00C2 01            		test	byte ptr ds:[0C2h],1 
 0E76  75 7B                    		jnz	loc_157			; Jump if not zero 
 0E78  BE B0BE                  		mov	si,0B0BEh 
 0E7B  C7 06 4FFB 0001          		mov	word ptr ds:data_79e,1 
 0E81  BA 0A00                  		mov	dx,0A00h 
 0E84  EB 6D                    		jmp	short loc_157 
 0E86                           loc_153: 
 0E86  80 3E FF46 05            		cmp	byte ptr ds:data_120e,5 
 0E8B  72 03                    		jb	loc_154			; Jump if below 
 0E8D  E9 0F1F R                		jmp	loc_159 
 0E90                           loc_154: 
 0E90  8A 1E FF46               		mov	bl,ds:data_120e 
 0E94  FE CB                    		dec	bl 
 0E96  32 FF                    		xor	bh,bh			; Zero register 
 0E98  8A CB                    		mov	cl,bl 
 0E9A  03 DB                    		add	bx,bx 
 0E9C  BF B19E                  		mov	di,0B19Eh 
 0E9F  BE B12E                  		mov	si,0B12Eh 
 0EA2  F6 06 00C2 01            		test	byte ptr ds:[0C2h],1 
 0EA7  75 2E                    		jnz	loc_156			; Jump if not zero 
 0EA9  BF B18A                  		mov	di,0B18Ah 
 0EAC  BE B07E                  		mov	si,0B07Eh 
 0EAF  EB 26                    		jmp	short loc_156 
 0EB1                           loc_155: 
 0EB1  80 3E FF46 07            		cmp	byte ptr ds:data_120e,7 
 0EB6  73 67                    		jae	loc_159			; Jump if above or = 
 0EB8  8A 1E FF46               		mov	bl,ds:data_120e 
 0EBC  FE CB                    		dec	bl 
 0EBE  32 FF                    		xor	bh,bh			; Zero register 
 0EC0  8A CB                    		mov	cl,bl 
 0EC2  03 DB                    		add	bx,bx 
 0EC4  BF B192                  		mov	di,0B192h 
 0EC7  BE B0CE                  		mov	si,0B0CEh 
 0ECA  F6 06 00C2 01            		test	byte ptr ds:[0C2h],1 
 0ECF  75 06                    		jnz	loc_156			; Jump if not zero 
 0ED1  BF B17E                  		mov	di,data_6e 
 0ED4  BE B01E                  		mov	si,0B01Eh 
 0ED7                           loc_156: 
 0ED7  26: 8B 19                		mov	bx,es:[bx+di] 
 0EDA  89 1E 4FFB               		mov	ds:data_79e,bx 
 0EDE  8A C3                    		mov	al,bl 
 0EE0  98                       		cbw				; Convrt byte to word 
 0EE1  BA 0A00                  		mov	dx,0A00h 
 0EE4  F7 EA                    		imul	dx			; dx:ax = reg * ax 
 0EE6  8B D0                    		mov	dx,ax 
 0EE8  8A C7                    		mov	al,bh 
 0EEA  98                       		cbw				; Convrt byte to word 
 0EEB  03 C0                    		add	ax,ax 
 0EED  03 C0                    		add	ax,ax 
 0EEF  03 C0                    		add	ax,ax 
Microsoft (R) Macro Assembler  Version 4.00                 3/29/26 15:15:16

                                                            Page     1-43
                                                            

 0EF1  03 D0                    		add	dx,ax 
 0EF3                           loc_157: 
 0EF3  8B 3E 4FED               		mov	di,ds:data_69e 
 0EF7  03 FA                    		add	di,dx 
 0EF9  F6 06 FF38 FF            		test	byte ptr ds:data_109e,0FFh 
 0EFE  74 04                    		jz	loc_158			; Jump if zero 
 0F00  81 C7 0A00               		add	di,0A00h 
 0F04                           loc_158: 
 0F04  89 3E 4FF7               		mov	ds:data_77e,di 
 0F08  32 ED                    		xor	ch,ch			; Zero register 
 0F0A  03 C9                    		add	cx,cx 
 0F0C  03 C9                    		add	cx,cx 
 0F0E  03 C9                    		add	cx,cx 
 0F10  03 C9                    		add	cx,cx 
 0F12  03 F1                    		add	si,cx 
 0F14  89 36 4FF9               		mov	ds:data_78e,si 
 0F18  5B                       		pop	bx 
 0F19  5F                       		pop	di 
 0F1A  5E                       		pop	si 
 0F1B  07                       		pop	es 
 0F1C  E9 0FD5 R                		jmp	loc_165 
 0F1F                           loc_159: 
 0F1F  C6 06 FF43 00            		mov	byte ptr ds:data_117e,0 
 0F24  C6 06 FF46 00            		mov	byte ptr ds:data_120e,0 
 0F29  5B                       		pop	bx 
 0F2A  5F                       		pop	di 
 0F2B  5E                       		pop	si 
 0F2C  07                       		pop	es 
                                		retn 
 0F2D  C3                     1                 db     0C3h
                                 
                                ;ﬂﬂﬂﬂ External Entry into Subroutine ﬂﬂﬂﬂﬂﬂﬂﬂﬂﬂﬂﬂﬂﬂﬂﬂﬂﬂﬂﬂﬂﬂﬂﬂﬂﬂﬂﬂﬂﬂﬂﬂﬂﬂﬂﬂﬂﬂ 
                                 
 0F2E                           sub_26: 
 0F2E  F6 06 FF44 FF            		test	byte ptr ds:data_118e,0FFh 
 0F33  75 01                    		jnz	loc_160			; Jump if not zero 
                                		retn 
 0F35  C3                     1                 db     0C3h
 0F36                           loc_160: 
 0F36  06                       		push	es 
 0F37  57                       		push	di 
 0F38  56                       		push	si 
 0F39  53                       		push	bx 
 0F3A  E8 0F69 R                		call	sub_28 
 0F3D  5B                       		pop	bx 
 0F3E  5E                       		pop	si 
 0F3F  5F                       		pop	di 
 0F40  07                       		pop	es 
 0F41  C6 06 FF44 00            		mov	byte ptr ds:data_118e,0 
                                		retn 
 0F46  C3                     1                 db     0C3h
                                 
                                ;ﬂﬂﬂﬂ External Entry into Subroutine ﬂﬂﬂﬂﬂﬂﬂﬂﬂﬂﬂﬂﬂﬂﬂﬂﬂﬂﬂﬂﬂﬂﬂﬂﬂﬂﬂﬂﬂﬂﬂﬂﬂﬂﬂﬂﬂﬂ 
                                 
 0F47                           sub_27: 
Microsoft (R) Macro Assembler  Version 4.00                 3/29/26 15:15:16

                                                            Page     1-44
                                                            

 0F47  1E                       		push	ds 
 0F48  2E: 8B 36 4FF7           		mov	si,cs:data_77e 
 0F4D  B8 A000                  		mov	ax,0A000h 
 0F50  8E D8                    		mov	ds,ax 
 0F52  8E C0                    		mov	es,ax 
 0F54  BF FA40                  		mov	di,data_125e 
 0F57  B9 0020                  		mov	cx,20h 
                                 
 0F5A                           locloop_161: 
 0F5A  51                       		push	cx 
 0F5B  B9 0010                  		mov	cx,10h 
 0F5E  F3/ A5                   		rep	movsw			; Rep when cx >0 Mov [si] to es:[di] 
 0F60  81 C6 0120               		add	si,120h 
 0F64  59                       		pop	cx 
 0F65  E2 F3                    		loop	locloop_161		; Loop if cx > 0 
                                 
 0F67  1F                       		pop	ds 
                                		retn 
 0F68  C3                     1                 db     0C3h
                                 
                                ;ﬂﬂﬂﬂ External Entry into Subroutine ﬂﬂﬂﬂﬂﬂﬂﬂﬂﬂﬂﬂﬂﬂﬂﬂﬂﬂﬂﬂﬂﬂﬂﬂﬂﬂﬂﬂﬂﬂﬂﬂﬂﬂﬂﬂﬂﬂ 
                                 
 0F69                           sub_28: 
 0F69  1E                       		push	ds 
 0F6A  2E: 8B 3E 4FF7           		mov	di,cs:data_77e 
 0F6F  B8 A000                  		mov	ax,0A000h 
 0F72  8E C0                    		mov	es,ax 
 0F74  8E D8                    		mov	ds,ax 
 0F76  BE FA40                  		mov	si,data_125e 
 0F79  B9 0020                  		mov	cx,20h 
                                 
 0F7C                           locloop_162: 
 0F7C  51                       		push	cx 
 0F7D  B9 0010                  		mov	cx,10h 
 0F80  F3/ A5                   		rep	movsw			; Rep when cx >0 Mov [si] to es:[di] 
 0F82  81 C7 0120               		add	di,120h 
 0F86  59                       		pop	cx 
 0F87  E2 F3                    		loop	locloop_162		; Loop if cx > 0 
                                 
 0F89  1F                       		pop	ds 
                                		retn 
 0F8A  C3                     1                 db     0C3h
                                 
                                ;ﬂﬂﬂﬂ External Entry into Subroutine ﬂﬂﬂﬂﬂﬂﬂﬂﬂﬂﬂﬂﬂﬂﬂﬂﬂﬂﬂﬂﬂﬂﬂﬂﬂﬂﬂﬂﬂﬂﬂﬂﬂﬂﬂﬂﬂﬂ 
                                 
 0F8B                           sub_29: 
 0F8B  A0 0084                  		mov	al,byte ptr ds:[84h] 
 0F8E  02 06 4FFB               		add	al,ds:data_79e 
 0F92  24 3F                    		and	al,3Fh			; '?' 
 0F94  B1 24                    		mov	cl,24h			; '$' 
 0F96  F6 E1                    		mul	cl			; ax = reg * al 
 0F98  8A 0E 0083               		mov	cl,byte ptr ds:[83h] 
 0F9C  02 0E 4FFC               		add	cl,byte ptr ds:data_79e+1 
 0FA0  80 C1 04                 		add	cl,4 
 0FA3  32 ED                    		xor	ch,ch			; Zero register 
Microsoft (R) Macro Assembler  Version 4.00                 3/29/26 15:15:16

                                                            Page     1-45
                                                            

 0FA5  03 C1                    		add	ax,cx 
 0FA7  8B F0                    		mov	si,ax 
 0FA9  03 36 FF31               		add	si,ds:data_103e 
 0FAD  E8 1504 R                		call	sub_44 
 0FB0  B9 0004                  		mov	cx,4 
                                 
 0FB3                           locloop_163: 
 0FB3  51                       		push	cx 
 0FB4  B9 0004                  		mov	cx,4 
                                 
 0FB7                           locloop_164: 
 0FB7  51                       		push	cx 
 0FB8  8A 1C                    		mov	bl,[si] 
 0FBA  46                       		inc	si 
 0FBB  80 E3 7F                 		and	bl,7Fh 
 0FBE  32 FF                    		xor	bh,bh			; Zero register 
 0FC0  03 DB                    		add	bx,bx 
 0FC2  C7 87 501D 0000          		mov	word ptr ds:data_87e[bx],0 
 0FC8  59                       		pop	cx 
 0FC9  E2 EC                    		loop	locloop_164		; Loop if cx > 0 
                                 
 0FCB  83 C6 20                 		add	si,20h 
 0FCE  E8 1504 R                		call	sub_44 
 0FD1  59                       		pop	cx 
 0FD2  E2 DF                    		loop	locloop_163		; Loop if cx > 0 
                                 
                                		retn 
 0FD4  C3                     1                 db     0C3h
 0FD5                           loc_165: 
 0FD5  F6 06 FF43 FF            		test	byte ptr ds:data_117e,0FFh 
 0FDA  75 01                    		jnz	loc_166			; Jump if not zero 
                                		retn 
 0FDC  C3                     1                 db     0C3h
 0FDD                           loc_166: 
 0FDD  C6 06 FF44 FF            		mov	byte ptr ds:data_118e,0FFh 
 0FE2  06                       		push	es 
 0FE3  1E                       		push	ds 
 0FE4  57                       		push	di 
 0FE5  56                       		push	si 
 0FE6  53                       		push	bx 
 0FE7  E8 0F8B R                		call	sub_29 
 0FEA  E8 0F47 R                		call	sub_27 
 0FED  33 DB                    		xor	bx,bx			; Zero register 
 0FEF  2E: 8A 1E 0092           		mov	bl,byte ptr cs:[92h] 
 0FF4  FE CB                    		dec	bl 
 0FF6  03 DB                    		add	bx,bx 
 0FF8  2E: 8B 87 4086           		mov	ax,cs:data_61e[bx] 
 0FFD  2E: A3 4FF5              		mov	cs:data_75e,ax 
 1001  2E: 8E 1E FF2C           		mov	ds,cs:data_101e 
 1006  B8 A000                  		mov	ax,0A000h 
 1009  8E C0                    		mov	es,ax 
 100B  2E: 8B 3E 4FF7           		mov	di,cs:data_77e 
 1010  2E: 8B 36 4FF9           		mov	si,cs:data_78e 
 1015  B9 0004                  		mov	cx,4 
                                 
Microsoft (R) Macro Assembler  Version 4.00                 3/29/26 15:15:16

                                                            Page     1-46
                                                            

 1018                           locloop_167: 
 1018  51                       		push	cx 
 1019  57                       		push	di 
 101A  B9 0004                  		mov	cx,4 
                                 
 101D                           locloop_168: 
 101D  51                       		push	cx 
 101E  AC                       		lodsb				; String [si] to al 
 101F  3C FF                    		cmp	al,0FFh 
 1021  75 06                    		jne	loc_169			; Jump if not equal 
 1023  81 C7 0A00               		add	di,0A00h 
 1027  EB 52                    		jmp	short loc_171 
 1029                           loc_169: 
 1029  56                       		push	si 
 102A  32 E4                    		xor	ah,ah			; Zero register 
 102C  03 C0                    		add	ax,ax 
 102E  03 C0                    		add	ax,ax 
 1030  03 C0                    		add	ax,ax 
 1032  03 C0                    		add	ax,ax 
 1034  8B F0                    		mov	si,ax 
 1036  03 36 B000               		add	si,ds:data_5e 
 103A  B9 0008                  		mov	cx,8 
                                 
 103D                           locloop_170: 
 103D  51                       		push	cx 
 103E  AD                       		lodsw				; String [si] to ax 
 103F  86 E0                    		xchg	ah,al 
 1041  E8 1096 R                		call	sub_30 
 1044  F7 D5                    		not	bp 
 1046  26: 21 2D                		and	es:[di],bp 
 1049  26: 09 15                		or	es:[di],dx 
 104C  E8 1096 R                		call	sub_30 
 104F  F7 D5                    		not	bp 
 1051  26: 21 6D 02             		and	es:[di+2],bp 
 1055  26: 09 55 02             		or	es:[di+2],dx 
 1059  E8 1096 R                		call	sub_30 
 105C  F7 D5                    		not	bp 
 105E  26: 21 6D 04             		and	es:[di+4],bp 
 1062  26: 09 55 04             		or	es:[di+4],dx 
 1066  E8 1096 R                		call	sub_30 
 1069  F7 D5                    		not	bp 
 106B  26: 21 6D 06             		and	es:[di+6],bp 
 106F  26: 09 55 06             		or	es:[di+6],dx 
 1073  81 C7 0140               		add	di,140h 
 1077  59                       		pop	cx 
 1078  E2 C3                    		loop	locloop_170		; Loop if cx > 0 
                                 
 107A  5E                       		pop	si 
 107B                           loc_171: 
 107B  59                       		pop	cx 
 107C  E2 9F                    		loop	locloop_168		; Loop if cx > 0 
                                 
 107E  5F                       		pop	di 
 107F  83 C7 08                 		add	di,8 
 1082  59                       		pop	cx 
Microsoft (R) Macro Assembler  Version 4.00                 3/29/26 15:15:16

                                                            Page     1-47
                                                            

 1083  E2 93                    		loop	locloop_167		; Loop if cx > 0 
                                 
 1085  5B                       		pop	bx 
 1086  5E                       		pop	si 
 1087  5F                       		pop	di 
 1088  1F                       		pop	ds 
 1089  07                       		pop	es 
                                		retn 
 108A  C3                     1                 db     0C3h
                                			                        ;* No entry point to code 
 108B  01 09                    		add	[bx+di],cx 
 108D  04 24                    		add	al,24h			; '$' 
 108F  03 1B                    		add	bx,[bp+di] 
 1091  01 09                    		add	[bx+di],cx 
 1093  04 24                    		add	al,24h			; '$' 
 1095  06                       		push	es 
                                 
                                ;ﬂﬂﬂﬂ External Entry into Subroutine ﬂﬂﬂﬂﬂﬂﬂﬂﬂﬂﬂﬂﬂﬂﬂﬂﬂﬂﬂﬂﬂﬂﬂﬂﬂﬂﬂﬂﬂﬂﬂﬂﬂﬂﬂﬂﬂﬂ 
                                 
 1096                           sub_30: 
 1096  33 ED                    		xor	bp,bp			; Zero register 
 1098  33 D2                    		xor	dx,dx			; Zero register 
 109A  32 DB                    		xor	bl,bl			; Zero register 
 109C  03 C0                    		add	ax,ax 
 109E  12 DB                    		adc	bl,bl 
 10A0  03 C0                    		add	ax,ax 
 10A2  12 DB                    		adc	bl,bl 
 10A4  74 13                    		jz	loc_172			; Jump if zero 
 10A6  81 CD 00FF               		or	bp,0FFh 
 10AA  2E: 8A 16 4FF6           		mov	dl,byte ptr cs:data_75e+1 
 10AF  80 FB 03                 		cmp	bl,3 
 10B2  74 05                    		je	loc_172			; Jump if equal 
 10B4  2E: 8A 16 4FF5           		mov	dl,cs:data_75e 
 10B9                           loc_172: 
 10B9  32 DB                    		xor	bl,bl			; Zero register 
 10BB  03 C0                    		add	ax,ax 
 10BD  12 DB                    		adc	bl,bl 
 10BF  03 C0                    		add	ax,ax 
 10C1  12 DB                    		adc	bl,bl 
 10C3  75 01                    		jnz	loc_173			; Jump if not zero 
                                		retn 
 10C5  C3                     1                 db     0C3h
 10C6                           loc_173: 
 10C6  81 CD FF00               		or	bp,0FF00h 
 10CA  2E: 8A 36 4FF6           		mov	dh,byte ptr cs:data_75e+1 
 10CF  80 FB 03                 		cmp	bl,3 
 10D2  75 01                    		jne	loc_174			; Jump if not equal 
                                		retn 
 10D4  C3                     1                 db     0C3h
 10D5                           loc_174: 
 10D5  2E: 8A 36 4FF5           		mov	dh,cs:data_75e 
                                		retn 
 10DA  C3                     1                 db     0C3h
                                			                        ;* No entry point to code 
 10DB  33 C0                    		xor	ax,ax			; Zero register 
Microsoft (R) Macro Assembler  Version 4.00                 3/29/26 15:15:16

                                                            Page     1-48
                                                            

 10DD  8A C7                    		mov	al,bh 
 10DF  8A FC                    		mov	bh,ah 
 10E1  50                       		push	ax 
 10E2  B8 0140                  		mov	ax,140h 
 10E5  F7 E3                    		mul	bx			; dx:ax = reg * ax 
 10E7  5F                       		pop	di 
 10E8  03 FF                    		add	di,di 
 10EA  03 FF                    		add	di,di 
 10EC  03 F8                    		add	di,ax 
 10EE  89 3E 4FED               		mov	ds:data_69e,di 
 10F2  EB 0D                    		jmp	short loc_177 
                                 
                                ;ﬂﬂﬂﬂ External Entry into Subroutine ﬂﬂﬂﬂﬂﬂﬂﬂﬂﬂﬂﬂﬂﬂﬂﬂﬂﬂﬂﬂﬂﬂﬂﬂﬂﬂﬂﬂﬂﬂﬂﬂﬂﬂﬂﬂﬂﬂ 
                                 
 10F4                           sub_31: 
 10F4                           loc_175: 
 10F4  F6 06 FF37 FF            		test	byte ptr ds:data_108e,0FFh 
 10F9  74 01                    		jz	loc_176			; Jump if zero 
                                		retn 
 10FB  C3                     1                 db     0C3h
 10FC                           loc_176: 
 10FC  C6 06 FF37 FF            		mov	byte ptr ds:data_108e,0FFh 
 1101                           loc_177: 
 1101  06                       		push	es 
 1102  1E                       		push	ds 
 1103  56                       		push	si 
 1104  57                       		push	di 
 1105  53                       		push	bx 
 1106  B8 A000                  		mov	ax,0A000h 
 1109  8E C0                    		mov	es,ax 
 110B  BE 511D                  		mov	si,data_88e 
 110E  2E: 8B 3E 4FED           		mov	di,cs:data_69e 
 1113  B9 0003                  		mov	cx,3 
                                 
 1116                           locloop_178: 
 1116  51                       		push	cx 
 1117  B9 0003                  		mov	cx,3 
                                 
 111A                           locloop_179: 
 111A  51                       		push	cx 
 111B  57                       		push	di 
 111C  E8 068F R                		call	sub_16 
 111F  5F                       		pop	di 
 1120  83 C7 08                 		add	di,8 
 1123  59                       		pop	cx 
 1124  E2 F4                    		loop	locloop_179		; Loop if cx > 0 
                                 
 1126  81 C7 09E8               		add	di,9E8h 
 112A  59                       		pop	cx 
 112B  E2 E9                    		loop	locloop_178		; Loop if cx > 0 
                                 
 112D  5B                       		pop	bx 
 112E  5F                       		pop	di 
 112F  5E                       		pop	si 
 1130  1F                       		pop	ds 
Microsoft (R) Macro Assembler  Version 4.00                 3/29/26 15:15:16

                                                            Page     1-49
                                                            

 1131  07                       		pop	es 
                                		retn 
 1132  C3                     1                 db     0C3h
                                sub_25		endp 
                                 
                                			                        ;* No entry point to code 
 1133  1E                       		push	ds 
 1134  56                       		push	si 
 1135  FE C8                    		dec	al 
 1137  B1 30                    		mov	cl,30h			; '0' 
 1139  F6 E1                    		mul	cl			; ax = reg * al 
 113B  05 8030                  		add	ax,8030h 
 113E  8B F0                    		mov	si,ax 
 1140  2E: 8E 1E FF2C           		mov	ds,cs:data_101e 
 1145  B8 A000                  		mov	ax,0A000h 
 1148  8E C0                    		mov	es,ax 
 114A  03 FF                    		add	di,di 
 114C  B9 0008                  		mov	cx,8 
                                 
 114F                           locloop_180: 
 114F  51                       		push	cx 
 1150  B9 0002                  		mov	cx,2 
                                 
 1153                           locloop_181: 
 1153  AD                       		lodsw				; String [si] to ax 
 1154  8B D0                    		mov	dx,ax 
 1156  AC                       		lodsb				; String [si] to al 
 1157  8A D8                    		mov	bl,al 
 1159  8A FA                    		mov	bh,dl 
 115B  D1 EA                    		shr	dx,1			; Shift w/zeros fill 
 115D  D1 EA                    		shr	dx,1			; Shift w/zeros fill 
 115F  0A F6                    		or	dh,dh			; Zero ? 
 1161  74 03                    		jz	loc_182			; Jump if zero 
 1163  26: 88 35                		mov	es:[di],dh 
 1166                           loc_182: 
 1166  D0 EA                    		shr	dl,1			; Shift w/zeros fill 
 1168  D0 EA                    		shr	dl,1			; Shift w/zeros fill 
 116A  0A D2                    		or	dl,dl			; Zero ? 
 116C  74 04                    		jz	loc_183			; Jump if zero 
 116E  26: 88 55 01             		mov	es:[di+1],dl 
 1172                           loc_183: 
 1172  03 DB                    		add	bx,bx 
 1174  03 DB                    		add	bx,bx 
 1176  80 E7 3F                 		and	bh,3Fh			; '?' 
 1179  74 04                    		jz	loc_184			; Jump if zero 
 117B  26: 88 7D 02             		mov	es:[di+2],bh 
 117F                           loc_184: 
 117F  24 3F                    		and	al,3Fh			; '?' 
 1181  74 04                    		jz	loc_185			; Jump if zero 
 1183  26: 88 45 03             		mov	es:[di+3],al 
 1187                           loc_185: 
 1187  83 C7 04                 		add	di,4 
 118A  E2 C7                    		loop	locloop_181		; Loop if cx > 0 
                                 
 118C  81 C7 0138               		add	di,138h 
Microsoft (R) Macro Assembler  Version 4.00                 3/29/26 15:15:16

                                                            Page     1-50
                                                            

 1190  59                       		pop	cx 
 1191  E2 BC                    		loop	locloop_180		; Loop if cx > 0 
                                 
 1193  5E                       		pop	si 
 1194  1F                       		pop	ds 
                                		retn 
 1195  C3                     1                 db     0C3h
                                			                        ;* No entry point to code 
 1196  C6 06 FF44 00            		mov	byte ptr ds:data_118e,0 
 119B  B8 A000                  		mov	ax,0A000h 
 119E  8E C0                    		mov	es,ax 
 11A0  C6 06 4FFF 08            		mov	byte ptr ds:data_82e,8 
 11A5                           loc_186: 
 11A5  C7 06 4FEB 11B0          		mov	word ptr ds:data_68e,11B0h 
 11AB  C6 06 FF1A 00            		mov	byte ptr ds:data_100e,0 
 11B0  8B 36 FF31               		mov	si,ds:data_103e 
 11B4  BF E900                  		mov	di,data_94e 
 11B7  B9 0012                  		mov	cx,12h 
                                 
 11BA                           locloop_187: 
 11BA  51                       		push	cx 
 11BB  83 C6 04                 		add	si,4 
 11BE  33 DB                    		xor	bx,bx			; Zero register 
 11C0  B9 001C                  		mov	cx,1Ch 
                                 
 11C3                           locloop_188: 
 11C3  51                       		push	cx 
 11C4  AC                       		lodsb				; String [si] to al 
 11C5  E8 11EB R                		call	sub_32 
 11C8  47                       		inc	di 
 11C9  FE C3                    		inc	bl 
 11CB  59                       		pop	cx 
 11CC  E2 F5                    		loop	locloop_188		; Loop if cx > 0 
                                 
 11CE  83 C6 04                 		add	si,4 
 11D1  E8 1504 R                		call	sub_44 
 11D4  81 06 4FEB 0A00          		add	word ptr ds:data_68e,0A00h 
 11DA  59                       		pop	cx 
 11DB  E2 DD                    		loop	locloop_187		; Loop if cx > 0 
                                 
 11DD                           loc_189: 
 11DD  80 3E FF1A 10            		cmp	byte ptr ds:data_100e,10h 
 11E2  72 F9                    		jb	loc_189			; Jump if below 
 11E4  FE 0E 4FFF               		dec	byte ptr ds:data_82e 
 11E8  75 BB                    		jnz	loc_186			; Jump if not zero 
                                		retn 
 11EA  C3                     1                 db     0C3h
                                 
                                ;ﬂﬂﬂﬂﬂﬂﬂﬂﬂﬂﬂﬂﬂﬂﬂﬂﬂﬂﬂﬂﬂﬂﬂﬂﬂﬂﬂﬂﬂﬂﬂﬂﬂﬂﬂﬂﬂﬂﬂﬂﬂﬂﬂﬂﬂﬂﬂﬂﬂﬂﬂﬂﬂﬂﬂﬂﬂﬂﬂﬂﬂﬂﬂﬂﬂﬂﬂﬂﬂﬂﬂﬂﬂﬂ 
                                ;                              SUBROUTINE 
                                ;‹‹‹‹‹‹‹‹‹‹‹‹‹‹‹‹‹‹‹‹‹‹‹‹‹‹‹‹‹‹‹‹‹‹‹‹‹‹‹‹‹‹‹‹‹‹‹‹‹‹‹‹‹‹‹‹‹‹‹‹‹‹‹‹‹‹‹‹‹‹‹‹‹‹ 
                                 
 11EB                           sub_32		proc	near 
 11EB  80 3D FF                 		cmp	byte ptr [di],0FFh 
 11EE  75 01                    		jne	loc_190			; Jump if not equal 
Microsoft (R) Macro Assembler  Version 4.00                 3/29/26 15:15:16

                                                            Page     1-51
                                                            

                                		retn 
 11F0  C3                     1                 db     0C3h
 11F1                           loc_190: 
 11F1  80 3D FC                 		cmp	byte ptr [di],0FCh 
 11F4  75 01                    		jne	loc_191			; Jump if not equal 
                                		retn 
 11F6  C3                     1                 db     0C3h
 11F7                           loc_191: 
 11F7  1E                       		push	ds 
 11F8  57                       		push	di 
 11F9  56                       		push	si 
 11FA  53                       		push	bx 
 11FB  50                       		push	ax 
 11FC  8A 26 4FFF               		mov	ah,ds:data_82e 
 1200  FE CC                    		dec	ah 
 1202  D0 EC                    		shr	ah,1			; Shift w/zeros fill 
 1204  D0 EC                    		shr	ah,1			; Shift w/zeros fill 
 1206  D0 EC                    		shr	ah,1			; Shift w/zeros fill 
 1208  1B C0                    		sbb	ax,ax 
 120A  35 FF00                  		xor	ax,0FF00h 
 120D  A3 4FFD                  		mov	ds:data_81e,ax 
 1210  03 DB                    		add	bx,bx 
 1212  03 DB                    		add	bx,bx 
 1214  03 DB                    		add	bx,bx 
 1216  03 1E 4FEB               		add	bx,ds:data_68e 
 121A  8B FB                    		mov	di,bx 
 121C  58                       		pop	ax 
 121D  A8 FF                    		test	al,0FFh 
 121F  75 03                    		jnz	loc_192			; Jump if not zero 
 1221  E9 12A9 R                		jmp	loc_194 
 1224                           loc_192: 
 1224  FE C8                    		dec	al 
 1226  B1 30                    		mov	cl,30h			; '0' 
 1228  F6 E1                    		mul	cl			; ax = reg * al 
 122A  05 8030                  		add	ax,8030h 
 122D  8B F0                    		mov	si,ax 
 122F  2E: 8E 1E FF2C           		mov	ds,cs:data_101e 
 1234  56                       		push	si 
 1235  57                       		push	di 
 1236  2E: A0 4FFF              		mov	al,cs:data_82e 
 123A  24 03                    		and	al,3 
 123C  F6 D8                    		neg	al 
 123E  04 03                    		add	al,3 
 1240  E8 12E6 R                		call	sub_35 
 1243  E8 125D R                		call	sub_33 
 1246  5F                       		pop	di 
 1247  5E                       		pop	si 
 1248  2E: A0 4FFF              		mov	al,cs:data_82e 
 124C  E8 12E6 R                		call	sub_35 
 124F  83 C7 04                 		add	di,4 
 1252  83 C6 03                 		add	si,3 
 1255  E8 125D R                		call	sub_33 
 1258  5B                       		pop	bx 
 1259  5E                       		pop	si 
 125A  5F                       		pop	di 
Microsoft (R) Macro Assembler  Version 4.00                 3/29/26 15:15:16

                                                            Page     1-52
                                                            

 125B  1F                       		pop	ds 
                                		retn 
 125C  C3                     1                 db     0C3h
                                 
                                ;ﬂﬂﬂﬂ External Entry into Subroutine ﬂﬂﬂﬂﬂﬂﬂﬂﬂﬂﬂﬂﬂﬂﬂﬂﬂﬂﬂﬂﬂﬂﬂﬂﬂﬂﬂﬂﬂﬂﬂﬂﬂﬂﬂﬂﬂﬂ 
                                 
 125D                           sub_33: 
 125D  B9 0002                  		mov	cx,2 
                                 
 1260                           locloop_193: 
 1260  51                       		push	cx 
 1261  AD                       		lodsw				; String [si] to ax 
 1262  8B D0                    		mov	dx,ax 
 1264  AC                       		lodsb				; String [si] to al 
 1265  8A D8                    		mov	bl,al 
 1267  8A FA                    		mov	bh,dl 
 1269  D1 EA                    		shr	dx,1			; Shift w/zeros fill 
 126B  D1 EA                    		shr	dx,1			; Shift w/zeros fill 
 126D  D0 EA                    		shr	dl,1			; Shift w/zeros fill 
 126F  D0 EA                    		shr	dl,1			; Shift w/zeros fill 
 1271  03 DB                    		add	bx,bx 
 1273  03 DB                    		add	bx,bx 
 1275  80 E7 3F                 		and	bh,3Fh			; '?' 
 1278  24 3F                    		and	al,3Fh			; '?' 
 127A  8A D8                    		mov	bl,al 
 127C  86 F2                    		xchg	dh,dl 
 127E  86 FB                    		xchg	bh,bl 
 1280  2E: A1 4FFD              		mov	ax,cs:data_81e 
 1284  F7 D0                    		not	ax 
 1286  26: 21 05                		and	es:[di],ax 
 1289  26: 21 45 02             		and	es:[di+2],ax 
 128D  F7 D0                    		not	ax 
 128F  23 C2                    		and	ax,dx 
 1291  26: 09 05                		or	es:[di],ax 
 1294  2E: A1 4FFD              		mov	ax,cs:data_81e 
 1298  23 C3                    		and	ax,bx 
 129A  26: 09 45 02             		or	es:[di+2],ax 
 129E  81 C7 0500               		add	di,500h 
 12A2  83 C6 15                 		add	si,15h 
 12A5  59                       		pop	cx 
 12A6  E2 B8                    		loop	locloop_193		; Loop if cx > 0 
                                 
                                		retn 
 12A8  C3                     1                 db     0C3h
 12A9                           loc_194: 
 12A9  57                       		push	di 
 12AA  2E: A0 4FFF              		mov	al,cs:data_82e 
 12AE  24 03                    		and	al,3 
 12B0  F6 D8                    		neg	al 
 12B2  04 03                    		add	al,3 
 12B4  E8 12E6 R                		call	sub_35 
 12B7  E8 12CD R                		call	sub_34 
 12BA  5F                       		pop	di 
 12BB  2E: A0 4FFF              		mov	al,cs:data_82e 
 12BF  E8 12E6 R                		call	sub_35 
Microsoft (R) Macro Assembler  Version 4.00                 3/29/26 15:15:16

                                                            Page     1-53
                                                            

 12C2  83 C7 04                 		add	di,4 
 12C5  E8 12CD R                		call	sub_34 
 12C8  5B                       		pop	bx 
 12C9  5E                       		pop	si 
 12CA  5F                       		pop	di 
 12CB  1F                       		pop	ds 
                                		retn 
 12CC  C3                     1                 db     0C3h
                                sub_32		endp 
                                 
                                 
                                ;ﬂﬂﬂﬂﬂﬂﬂﬂﬂﬂﬂﬂﬂﬂﬂﬂﬂﬂﬂﬂﬂﬂﬂﬂﬂﬂﬂﬂﬂﬂﬂﬂﬂﬂﬂﬂﬂﬂﬂﬂﬂﬂﬂﬂﬂﬂﬂﬂﬂﬂﬂﬂﬂﬂﬂﬂﬂﬂﬂﬂﬂﬂﬂﬂﬂﬂﬂﬂﬂﬂﬂﬂﬂﬂ 
                                ;                              SUBROUTINE 
                                ;‹‹‹‹‹‹‹‹‹‹‹‹‹‹‹‹‹‹‹‹‹‹‹‹‹‹‹‹‹‹‹‹‹‹‹‹‹‹‹‹‹‹‹‹‹‹‹‹‹‹‹‹‹‹‹‹‹‹‹‹‹‹‹‹‹‹‹‹‹‹‹‹‹‹ 
                                 
 12CD                           sub_34		proc	near 
 12CD  2E: A1 4FFD              		mov	ax,cs:data_81e 
 12D1  F7 D0                    		not	ax 
 12D3  26: 21 05                		and	es:[di],ax 
 12D6  26: 21 45 02             		and	es:[di+2],ax 
 12DA  81 C7 0500               		add	di,data_122e 
 12DE  26: 21 05                		and	es:[di],ax 
 12E1  26: 21 45 02             		and	es:[di+2],ax 
                                		retn 
 12E5  C3                     1                 db     0C3h
                                sub_34		endp 
                                 
                                 
                                ;ﬂﬂﬂﬂﬂﬂﬂﬂﬂﬂﬂﬂﬂﬂﬂﬂﬂﬂﬂﬂﬂﬂﬂﬂﬂﬂﬂﬂﬂﬂﬂﬂﬂﬂﬂﬂﬂﬂﬂﬂﬂﬂﬂﬂﬂﬂﬂﬂﬂﬂﬂﬂﬂﬂﬂﬂﬂﬂﬂﬂﬂﬂﬂﬂﬂﬂﬂﬂﬂﬂﬂﬂﬂﬂ 
                                ;                              SUBROUTINE 
                                ;‹‹‹‹‹‹‹‹‹‹‹‹‹‹‹‹‹‹‹‹‹‹‹‹‹‹‹‹‹‹‹‹‹‹‹‹‹‹‹‹‹‹‹‹‹‹‹‹‹‹‹‹‹‹‹‹‹‹‹‹‹‹‹‹‹‹‹‹‹‹‹‹‹‹ 
                                 
 12E6                           sub_35		proc	near 
 12E6  24 03                    		and	al,3 
 12E8  32 E4                    		xor	ah,ah			; Zero register 
 12EA  50                       		push	ax 
 12EB  BB 0006                  		mov	bx,6 
 12EE  F6 E3                    		mul	bl			; ax = reg * al 
 12F0  03 F0                    		add	si,ax 
 12F2  58                       		pop	ax 
 12F3  BB 0140                  		mov	bx,140h 
 12F6  F7 E3                    		mul	bx			; dx:ax = reg * ax 
 12F8  03 F8                    		add	di,ax 
                                		retn 
 12FA  C3                     1                 db     0C3h
                                sub_35		endp 
                                 
                                			                        ;* No entry point to code 
 12FB  A0 0083                  		mov	al,byte ptr ds:[83h] 
 12FE  02 C0                    		add	al,al 
 1300  02 C0                    		add	al,al 
 1302  02 C0                    		add	al,al 
 1304  8A 26 0084               		mov	ah,byte ptr ds:[84h] 
 1308  02 E4                    		add	ah,ah 
 130A  02 E4                    		add	ah,ah 
Microsoft (R) Macro Assembler  Version 4.00                 3/29/26 15:15:16

                                                            Page     1-54
                                                            

 130C  02 E4                    		add	ah,ah 
 130E  A2 4FE9                  		mov	ds:data_66e,al 
 1311  88 26 4FEA               		mov	byte ptr ds:data_66e+1,ah 
 1315  E8 1481 R                		call	sub_43 
 1318  C6 06 4FFF 36            		mov	byte ptr ds:data_82e,36h	; '6' 
 131D  E8 132B R                		call	sub_36 
 1320  C6 06 4FFF 00            		mov	byte ptr ds:data_82e,0 
 1325  E8 132B R                		call	sub_36 
 1328  E9 1481 R                		jmp	loc_212 
                                 
                                ;ﬂﬂﬂﬂﬂﬂﬂﬂﬂﬂﬂﬂﬂﬂﬂﬂﬂﬂﬂﬂﬂﬂﬂﬂﬂﬂﬂﬂﬂﬂﬂﬂﬂﬂﬂﬂﬂﬂﬂﬂﬂﬂﬂﬂﬂﬂﬂﬂﬂﬂﬂﬂﬂﬂﬂﬂﬂﬂﬂﬂﬂﬂﬂﬂﬂﬂﬂﬂﬂﬂﬂﬂﬂﬂ 
                                ;                              SUBROUTINE 
                                ;‹‹‹‹‹‹‹‹‹‹‹‹‹‹‹‹‹‹‹‹‹‹‹‹‹‹‹‹‹‹‹‹‹‹‹‹‹‹‹‹‹‹‹‹‹‹‹‹‹‹‹‹‹‹‹‹‹‹‹‹‹‹‹‹‹‹‹‹‹‹‹‹‹‹ 
                                 
 132B                           sub_36		proc	near 
 132B  A0 4FE9                  		mov	al,ds:data_66e 
 132E  FE C8                    		dec	al 
 1330  8A D8                    		mov	bl,al 
 1332  04 19                    		add	al,19h 
 1334  8A D0                    		mov	dl,al 
 1336  A0 4FEA                  		mov	al,byte ptr ds:data_66e+1 
 1339  FE C8                    		dec	al 
 133B  8A F8                    		mov	bh,al 
 133D  04 19                    		add	al,19h 
 133F  8A F0                    		mov	dh,al 
 1341  E8 1373 R                		call	sub_37 
 1344  A0 4FE9                  		mov	al,ds:data_66e 
 1347  2C 05                    		sub	al,5 
 1349  8A D8                    		mov	bl,al 
 134B  04 21                    		add	al,21h			; '!' 
 134D  8A D0                    		mov	dl,al 
 134F  A0 4FEA                  		mov	al,byte ptr ds:data_66e+1 
 1352  2C 05                    		sub	al,5 
 1354  8A F8                    		mov	bh,al 
 1356  04 21                    		add	al,21h			; '!' 
 1358  8A F0                    		mov	dh,al 
 135A  E8 1373 R                		call	sub_37 
 135D  A0 4FE9                  		mov	al,ds:data_66e 
 1360  2C 09                    		sub	al,9 
 1362  8A D8                    		mov	bl,al 
 1364  04 29                    		add	al,29h			; ')' 
 1366  8A D0                    		mov	dl,al 
 1368  A0 4FEA                  		mov	al,byte ptr ds:data_66e+1 
 136B  2C 09                    		sub	al,9 
 136D  8A F8                    		mov	bh,al 
 136F  04 29                    		add	al,29h			; ')' 
 1371  8A F0                    		mov	dh,al 
                                 
                                ;ﬂﬂﬂﬂ External Entry into Subroutine ﬂﬂﬂﬂﬂﬂﬂﬂﬂﬂﬂﬂﬂﬂﬂﬂﬂﬂﬂﬂﬂﬂﬂﬂﬂﬂﬂﬂﬂﬂﬂﬂﬂﬂﬂﬂﬂﬂ 
                                 
 1373                           sub_37: 
 1373  B9 0009                  		mov	cx,9 
                                 
 1376                           locloop_195: 
 1376  51                       		push	cx 
Microsoft (R) Macro Assembler  Version 4.00                 3/29/26 15:15:16

                                                            Page     1-55
                                                            

 1377  52                       		push	dx 
 1378  53                       		push	bx 
 1379  E8 13A5 R                		call	sub_38 
 137C  5B                       		pop	bx 
 137D  5A                       		pop	dx 
 137E  80 EB 0C                 		sub	bl,0Ch 
 1381  73 02                    		jnc	loc_196			; Jump if carry=0 
 1383  32 DB                    		xor	bl,bl			; Zero register 
 1385                           loc_196: 
 1385  80 EF 0C                 		sub	bh,0Ch 
 1388  73 02                    		jnc	loc_197			; Jump if carry=0 
 138A  32 FF                    		xor	bh,bh			; Zero register 
 138C                           loc_197: 
 138C  80 C2 0C                 		add	dl,0Ch 
 138F  73 02                    		jnc	loc_198			; Jump if carry=0 
 1391  B2 FF                    		mov	dl,0FFh 
 1393                           loc_198: 
 1393  80 C6 0C                 		add	dh,0Ch 
 1396  73 02                    		jnc	loc_199			; Jump if carry=0 
 1398  B6 FF                    		mov	dh,0FFh 
 139A                           loc_199: 
 139A  52                       		push	dx 
 139B  53                       		push	bx 
 139C  E8 144E R                		call	sub_42 
 139F  5B                       		pop	bx 
 13A0  5A                       		pop	dx 
 13A1  59                       		pop	cx 
 13A2  E2 D2                    		loop	locloop_195		; Loop if cx > 0 
                                 
                                		retn 
 13A4  C3                     1                 db     0C3h
                                sub_36		endp 
                                 
                                 
                                ;ﬂﬂﬂﬂﬂﬂﬂﬂﬂﬂﬂﬂﬂﬂﬂﬂﬂﬂﬂﬂﬂﬂﬂﬂﬂﬂﬂﬂﬂﬂﬂﬂﬂﬂﬂﬂﬂﬂﬂﬂﬂﬂﬂﬂﬂﬂﬂﬂﬂﬂﬂﬂﬂﬂﬂﬂﬂﬂﬂﬂﬂﬂﬂﬂﬂﬂﬂﬂﬂﬂﬂﬂﬂﬂ 
                                ;                              SUBROUTINE 
                                ;‹‹‹‹‹‹‹‹‹‹‹‹‹‹‹‹‹‹‹‹‹‹‹‹‹‹‹‹‹‹‹‹‹‹‹‹‹‹‹‹‹‹‹‹‹‹‹‹‹‹‹‹‹‹‹‹‹‹‹‹‹‹‹‹‹‹‹‹‹‹‹‹‹‹ 
                                 
 13A5                           sub_38		proc	near 
 13A5  B8 A000                  		mov	ax,0A000h 
 13A8  8E C0                    		mov	es,ax 
 13AA  52                       		push	dx 
 13AB  53                       		push	bx 
 13AC  8A F7                    		mov	dh,bh 
 13AE  E8 1408 R                		call	sub_40 
 13B1  5B                       		pop	bx 
 13B2  5A                       		pop	dx 
 13B3  52                       		push	dx 
 13B4  53                       		push	bx 
 13B5  8A FE                    		mov	bh,dh 
 13B7  E8 1408 R                		call	sub_40 
 13BA  5B                       		pop	bx 
 13BB  5A                       		pop	dx 
 13BC  52                       		push	dx 
 13BD  53                       		push	bx 
Microsoft (R) Macro Assembler  Version 4.00                 3/29/26 15:15:16

                                                            Page     1-56
                                                            

 13BE  8A D3                    		mov	dl,bl 
 13C0  E8 13C7 R                		call	sub_39 
 13C3  5B                       		pop	bx 
 13C4  5A                       		pop	dx 
 13C5  8A DA                    		mov	bl,dl 
                                 
                                ;ﬂﬂﬂﬂ External Entry into Subroutine ﬂﬂﬂﬂﬂﬂﬂﬂﬂﬂﬂﬂﬂﬂﬂﬂﬂﬂﬂﬂﬂﬂﬂﬂﬂﬂﬂﬂﬂﬂﬂﬂﬂﬂﬂﬂﬂﬂ 
                                 
 13C7                           sub_39: 
 13C7  3A F7                    		cmp	dh,bh 
 13C9  73 02                    		jae	loc_200			; Jump if above or = 
 13CB  87 D3                    		xchg	dx,bx 
 13CD                           loc_200: 
 13CD  0A DB                    		or	bl,bl			; Zero ? 
 13CF  75 01                    		jnz	loc_201			; Jump if not zero 
                                		retn 
 13D1  C3                     1                 db     0C3h
 13D2                           loc_201: 
 13D2  80 FB DF                 		cmp	bl,0DFh 
 13D5  72 01                    		jb	loc_202			; Jump if below 
                                		retn 
 13D7  C3                     1                 db     0C3h
 13D8                           loc_202: 
 13D8  0A FF                    		or	bh,bh			; Zero ? 
 13DA  75 02                    		jnz	loc_203			; Jump if not zero 
 13DC  B7 01                    		mov	bh,1 
 13DE                           loc_203: 
 13DE  80 FE 8F                 		cmp	dh,8Fh 
 13E1  72 02                    		jb	loc_204			; Jump if below 
 13E3  B6 8E                    		mov	dh,8Eh 
 13E5                           loc_204: 
 13E5  8A C6                    		mov	al,dh 
 13E7  2A C7                    		sub	al,bh 
 13E9  FE C0                    		inc	al 
 13EB  50                       		push	ax 
 13EC  8A C7                    		mov	al,bh 
 13EE  E8 143F R                		call	sub_41 
 13F1  8A C3                    		mov	al,bl 
 13F3  32 E4                    		xor	ah,ah			; Zero register 
 13F5  03 F8                    		add	di,ax 
 13F7  59                       		pop	cx 
 13F8  32 ED                    		xor	ch,ch			; Zero register 
 13FA  8A 26 4FFF               		mov	ah,ds:data_82e 
                                 
 13FE                           locloop_205: 
 13FE  26: 88 25                		mov	es:[di],ah 
 1401  81 C7 0140               		add	di,140h 
 1405  E2 F7                    		loop	locloop_205		; Loop if cx > 0 
                                 
                                		retn 
 1407  C3                     1                 db     0C3h
                                sub_38		endp 
                                 
                                 
                                ;ﬂﬂﬂﬂﬂﬂﬂﬂﬂﬂﬂﬂﬂﬂﬂﬂﬂﬂﬂﬂﬂﬂﬂﬂﬂﬂﬂﬂﬂﬂﬂﬂﬂﬂﬂﬂﬂﬂﬂﬂﬂﬂﬂﬂﬂﬂﬂﬂﬂﬂﬂﬂﬂﬂﬂﬂﬂﬂﬂﬂﬂﬂﬂﬂﬂﬂﬂﬂﬂﬂﬂﬂﬂﬂ 
Microsoft (R) Macro Assembler  Version 4.00                 3/29/26 15:15:16

                                                            Page     1-57
                                                            

                                ;                              SUBROUTINE 
                                ;‹‹‹‹‹‹‹‹‹‹‹‹‹‹‹‹‹‹‹‹‹‹‹‹‹‹‹‹‹‹‹‹‹‹‹‹‹‹‹‹‹‹‹‹‹‹‹‹‹‹‹‹‹‹‹‹‹‹‹‹‹‹‹‹‹‹‹‹‹‹‹‹‹‹ 
                                 
 1408                           sub_40		proc	near 
 1408  3A D3                    		cmp	dl,bl 
 140A  73 02                    		jae	loc_206			; Jump if above or = 
 140C  87 D3                    		xchg	dx,bx 
 140E                           loc_206: 
 140E  0A FF                    		or	bh,bh			; Zero ? 
 1410  75 01                    		jnz	loc_207			; Jump if not zero 
                                		retn 
 1412  C3                     1                 db     0C3h
 1413                           loc_207: 
 1413  80 FF 8F                 		cmp	bh,8Fh 
 1416  72 01                    		jb	loc_208			; Jump if below 
                                		retn 
 1418  C3                     1                 db     0C3h
 1419                           loc_208: 
 1419  0A DB                    		or	bl,bl			; Zero ? 
 141B  75 02                    		jnz	loc_209			; Jump if not zero 
 141D  B3 01                    		mov	bl,1 
 141F                           loc_209: 
 141F  80 FA DF                 		cmp	dl,0DFh 
 1422  72 02                    		jb	loc_210			; Jump if below 
 1424  B2 DE                    		mov	dl,0DEh 
 1426                           loc_210: 
 1426  8A C7                    		mov	al,bh 
 1428  E8 143F R                		call	sub_41 
 142B  8A C3                    		mov	al,bl 
 142D  32 E4                    		xor	ah,ah			; Zero register 
 142F  03 F8                    		add	di,ax 
 1431  8A E2                    		mov	ah,dl 
 1433  2A E0                    		sub	ah,al 
 1435  8A CC                    		mov	cl,ah 
 1437  32 ED                    		xor	ch,ch			; Zero register 
 1439  A0 4FFF                  		mov	al,ds:data_82e 
 143C  F3/ AA                   		rep	stosb			; Rep when cx >0 Store al to es:[di] 
                                		retn 
 143E  C3                     1                 db     0C3h
                                sub_40		endp 
                                 
                                 
                                ;ﬂﬂﬂﬂﬂﬂﬂﬂﬂﬂﬂﬂﬂﬂﬂﬂﬂﬂﬂﬂﬂﬂﬂﬂﬂﬂﬂﬂﬂﬂﬂﬂﬂﬂﬂﬂﬂﬂﬂﬂﬂﬂﬂﬂﬂﬂﬂﬂﬂﬂﬂﬂﬂﬂﬂﬂﬂﬂﬂﬂﬂﬂﬂﬂﬂﬂﬂﬂﬂﬂﬂﬂﬂﬂ 
                                ;                              SUBROUTINE 
                                ;‹‹‹‹‹‹‹‹‹‹‹‹‹‹‹‹‹‹‹‹‹‹‹‹‹‹‹‹‹‹‹‹‹‹‹‹‹‹‹‹‹‹‹‹‹‹‹‹‹‹‹‹‹‹‹‹‹‹‹‹‹‹‹‹‹‹‹‹‹‹‹‹‹‹ 
                                 
 143F                           sub_41		proc	near 
 143F  52                       		push	dx 
 1440  32 E4                    		xor	ah,ah			; Zero register 
 1442  BF 0140                  		mov	di,140h 
 1445  F7 E7                    		mul	di			; dx:ax = reg * ax 
 1447  05 11B0                  		add	ax,11B0h 
 144A  8B F8                    		mov	di,ax 
 144C  5A                       		pop	dx 
                                		retn 
Microsoft (R) Macro Assembler  Version 4.00                 3/29/26 15:15:16

                                                            Page     1-58
                                                            

 144D  C3                     1                 db     0C3h
                                sub_41		endp 
                                 
                                 
                                ;ﬂﬂﬂﬂﬂﬂﬂﬂﬂﬂﬂﬂﬂﬂﬂﬂﬂﬂﬂﬂﬂﬂﬂﬂﬂﬂﬂﬂﬂﬂﬂﬂﬂﬂﬂﬂﬂﬂﬂﬂﬂﬂﬂﬂﬂﬂﬂﬂﬂﬂﬂﬂﬂﬂﬂﬂﬂﬂﬂﬂﬂﬂﬂﬂﬂﬂﬂﬂﬂﬂﬂﬂﬂﬂ 
                                ;                              SUBROUTINE 
                                ;‹‹‹‹‹‹‹‹‹‹‹‹‹‹‹‹‹‹‹‹‹‹‹‹‹‹‹‹‹‹‹‹‹‹‹‹‹‹‹‹‹‹‹‹‹‹‹‹‹‹‹‹‹‹‹‹‹‹‹‹‹‹‹‹‹‹‹‹‹‹‹‹‹‹ 
                                 
 144E                           sub_42		proc	near 
 144E  8A 0E FF33               		mov	cl,ds:data_104e 
 1452  D0 E9                    		shr	cl,1			; Shift w/zeros fill 
 1454  FE C1                    		inc	cl 
 1456  B0 01                    		mov	al,1 
 1458  F6 E1                    		mul	cl			; ax = reg * al 
 145A                           loc_211: 
 145A  50                       		push	ax 
 145B  2E: FF 16 0110           		call	word ptr cs:[110h] 
 1460  2E: FF 16 0112           		call	word ptr cs:[112h] 
 1465  2E: FF 16 0114           		call	word ptr cs:[114h] 
 146A  2E: FF 16 0116           		call	word ptr cs:[116h] 
 146F  2E: FF 16 0118           		call	word ptr cs:[118h] 
 1474  58                       		pop	ax 
 1475  38 06 FF1A               		cmp	ds:data_100e,al 
 1479  72 DF                    		jb	loc_211			; Jump if below 
 147B  C6 06 FF1A 00            		mov	byte ptr ds:data_100e,0 
                                		retn 
 1480  C3                     1                 db     0C3h
                                sub_42		endp 
                                 
                                 
                                ;ﬂﬂﬂﬂﬂﬂﬂﬂﬂﬂﬂﬂﬂﬂﬂﬂﬂﬂﬂﬂﬂﬂﬂﬂﬂﬂﬂﬂﬂﬂﬂﬂﬂﬂﬂﬂﬂﬂﬂﬂﬂﬂﬂﬂﬂﬂﬂﬂﬂﬂﬂﬂﬂﬂﬂﬂﬂﬂﬂﬂﬂﬂﬂﬂﬂﬂﬂﬂﬂﬂﬂﬂﬂﬂ 
                                ;                              SUBROUTINE 
                                ;‹‹‹‹‹‹‹‹‹‹‹‹‹‹‹‹‹‹‹‹‹‹‹‹‹‹‹‹‹‹‹‹‹‹‹‹‹‹‹‹‹‹‹‹‹‹‹‹‹‹‹‹‹‹‹‹‹‹‹‹‹‹‹‹‹‹‹‹‹‹‹‹‹‹ 
                                 
 1481                           sub_43		proc	near 
 1481                           loc_212: 
 1481  B8 A000                  		mov	ax,0A000h 
 1484  8E C0                    		mov	es,ax 
 1486  BF 11B0                  		mov	di,data_123e 
 1489  B9 0008                  		mov	cx,8 
                                 
 148C                           locloop_213: 
 148C  51                       		push	cx 
 148D  57                       		push	di 
 148E  B9 0012                  		mov	cx,12h 
                                 
 1491                           locloop_214: 
 1491  51                       		push	cx 
 1492  57                       		push	di 
 1493  B8 1212                  		mov	ax,1212h 
 1496  B9 0070                  		mov	cx,70h 
                                 
 1499                           locloop_215: 
 1499  26: 31 05                		xor	es:[di],ax 
 149C  47                       		inc	di 
Microsoft (R) Macro Assembler  Version 4.00                 3/29/26 15:15:16

                                                            Page     1-59
                                                            

 149D  47                       		inc	di 
 149E  E2 F9                    		loop	locloop_215		; Loop if cx > 0 
                                 
 14A0  5F                       		pop	di 
 14A1  81 C7 0A00               		add	di,0A00h 
 14A5  59                       		pop	cx 
 14A6  E2 E9                    		loop	locloop_214		; Loop if cx > 0 
                                 
 14A8  5F                       		pop	di 
 14A9  81 C7 0140               		add	di,140h 
 14AD  59                       		pop	cx 
 14AE  E2 DC                    		loop	locloop_213		; Loop if cx > 0 
                                 
                                		retn 
 14B0  C3                     1                 db     0C3h
                                sub_43		endp 
                                 
                                			                        ;* No entry point to code 
 14B1  24 3F                    		and	al,3Fh			; '?' 
 14B3  8A DC                    		mov	bl,ah 
 14B5  32 E4                    		xor	ah,ah			; Zero register 
 14B7  BA 0A00                  		mov	dx,0A00h 
 14BA  F7 E2                    		mul	dx			; dx:ax = reg * ax 
 14BC  80 EB 04                 		sub	bl,4 
 14BF  32 FF                    		xor	bh,bh			; Zero register 
 14C1  03 DB                    		add	bx,bx 
 14C3  03 DB                    		add	bx,bx 
 14C5  03 DB                    		add	bx,bx 
 14C7  03 C3                    		add	ax,bx 
 14C9  8B F8                    		mov	di,ax 
 14CB  81 C7 11B0               		add	di,11B0h 
 14CF  D1 EF                    		shr	di,1			; Shift w/zeros fill 
                                		retn 
 14D1  C3                     1                 db     0C3h
                                			                        ;* No entry point to code 
 14D2  8A 1E 009D               		mov	bl,byte ptr ds:[9Dh] 
 14D6  0A DB                    		or	bl,bl			; Zero ? 
 14D8  74 21                    		jz	loc_216			; Jump if zero 
 14DA  80 FB 07                 		cmp	bl,7 
 14DD  74 1C                    		je	loc_216			; Jump if equal 
 14DF  FE CB                    		dec	bl 
 14E1  32 FF                    		xor	bh,bh			; Zero register 
 14E3  03 DB                    		add	bx,bx 
 14E5  2E: 8E 06 FF2C           		mov	es,cs:data_101e 
 14EA  8C C8                    		mov	ax,cs 
 14EC  05 2000                  		add	ax,2000h 
 14EF  8E D8                    		mov	ds,ax 
 14F1  8B 37                    		mov	si,[bx] 
 14F3  BF 9350                  		mov	di,data_4e 
 14F6  B9 0480                  		mov	cx,480h 
 14F9  F3/ A4                   		rep	movsb			; Rep when cx >0 Mov [si] to es:[di] 
 14FB                           loc_216: 
 14FB  2E: 8E 1E FF2C           		mov	ds,cs:data_101e 
 1500  BE 9350                  		mov	si,9350h 
                                		retn 
Microsoft (R) Macro Assembler  Version 4.00                 3/29/26 15:15:16

                                                            Page     1-60
                                                            

 1503  C3                     1                 db     0C3h
                                 
                                ;ﬂﬂﬂﬂﬂﬂﬂﬂﬂﬂﬂﬂﬂﬂﬂﬂﬂﬂﬂﬂﬂﬂﬂﬂﬂﬂﬂﬂﬂﬂﬂﬂﬂﬂﬂﬂﬂﬂﬂﬂﬂﬂﬂﬂﬂﬂﬂﬂﬂﬂﬂﬂﬂﬂﬂﬂﬂﬂﬂﬂﬂﬂﬂﬂﬂﬂﬂﬂﬂﬂﬂﬂﬂﬂ 
                                ;                              SUBROUTINE 
                                ;‹‹‹‹‹‹‹‹‹‹‹‹‹‹‹‹‹‹‹‹‹‹‹‹‹‹‹‹‹‹‹‹‹‹‹‹‹‹‹‹‹‹‹‹‹‹‹‹‹‹‹‹‹‹‹‹‹‹‹‹‹‹‹‹‹‹‹‹‹‹‹‹‹‹ 
                                 
 1504                           sub_44		proc	near 
 1504  81 FE E900               		cmp	si,0E900h 
 1508  73 01                    		jae	loc_217			; Jump if above or = 
                                		retn 
 150A  C3                     1                 db     0C3h
 150B                           loc_217: 
 150B  81 EE 0900               		sub	si,900h 
                                		retn 
 150F  C3                     1                 db     0C3h
                                sub_44		endp 
                                 
                                 
                                ;ﬂﬂﬂﬂﬂﬂﬂﬂﬂﬂﬂﬂﬂﬂﬂﬂﬂﬂﬂﬂﬂﬂﬂﬂﬂﬂﬂﬂﬂﬂﬂﬂﬂﬂﬂﬂﬂﬂﬂﬂﬂﬂﬂﬂﬂﬂﬂﬂﬂﬂﬂﬂﬂﬂﬂﬂﬂﬂﬂﬂﬂﬂﬂﬂﬂﬂﬂﬂﬂﬂﬂﬂﬂﬂ 
                                ;                              SUBROUTINE 
                                ;‹‹‹‹‹‹‹‹‹‹‹‹‹‹‹‹‹‹‹‹‹‹‹‹‹‹‹‹‹‹‹‹‹‹‹‹‹‹‹‹‹‹‹‹‹‹‹‹‹‹‹‹‹‹‹‹‹‹‹‹‹‹‹‹‹‹‹‹‹‹‹‹‹‹ 
                                 
 1510                           sub_45		proc	near 
 1510  81 FE E000               		cmp	si,0E000h 
 1514  72 01                    		jb	loc_218			; Jump if below 
                                		retn 
 1516  C3                     1                 db     0C3h
 1517                           loc_218: 
 1517  81 C6 0900               		add	si,900h 
                                		retn 
 151B  C3                     1                 db     0C3h
                                sub_45		endp 
                                 
                                			                        ;* No entry point to code 
 151C  56                       		push	si 
 151D  1E                       		push	ds 
 151E  2E: C7 06 4FF5 1210      		mov	word ptr cs:data_75e,1210h 
 1525  BE 4588                  		mov	si,data_62e 
 1528  BF 3230                  		mov	di,3230h 
 152B  B8 A000                  		mov	ax,0A000h 
 152E  8E C0                    		mov	es,ax 
 1530  B9 0005                  		mov	cx,5 
                                 
 1533                           locloop_219: 
 1533  51                       		push	cx 
 1534  B9 001C                  		mov	cx,1Ch 
                                 
 1537                           locloop_220: 
 1537  51                       		push	cx 
 1538  AC                       		lodsb				; String [si] to al 
 1539  1E                       		push	ds 
 153A  56                       		push	si 
 153B  2E: 8E 1E FF2C           		mov	ds,cs:data_101e 
 1540  32 E4                    		xor	ah,ah			; Zero register 
 1542  03 C0                    		add	ax,ax 
Microsoft (R) Macro Assembler  Version 4.00                 3/29/26 15:15:16

                                                            Page     1-61
                                                            

 1544  03 C0                    		add	ax,ax 
 1546  03 C0                    		add	ax,ax 
 1548  03 C0                    		add	ax,ax 
 154A  05 4000                  		add	ax,4000h 
 154D  8B F0                    		mov	si,ax 
 154F  57                       		push	di 
 1550  B9 0008                  		mov	cx,8 
                                 
 1553                           locloop_221: 
 1553  51                       		push	cx 
 1554  AD                       		lodsw				; String [si] to ax 
 1555  86 E0                    		xchg	ah,al 
 1557  E8 1096 R                		call	sub_30 
 155A  26: 89 15                		mov	es:[di],dx 
 155D  E8 1096 R                		call	sub_30 
 1560  26: 89 55 02             		mov	es:[di+2],dx 
 1564  E8 1096 R                		call	sub_30 
 1567  26: 89 55 04             		mov	es:[di+4],dx 
 156B  E8 1096 R                		call	sub_30 
 156E  26: 89 55 06             		mov	es:[di+6],dx 
 1572  81 C7 0140               		add	di,140h 
 1576  59                       		pop	cx 
 1577  E2 DA                    		loop	locloop_221		; Loop if cx > 0 
                                 
 1579  5F                       		pop	di 
 157A  83 C7 08                 		add	di,8 
 157D  5E                       		pop	si 
 157E  1F                       		pop	ds 
 157F  59                       		pop	cx 
 1580  E2 B5                    		loop	locloop_220		; Loop if cx > 0 
                                 
 1582  81 C7 0920               		add	di,920h 
 1586  59                       		pop	cx 
 1587  E2 AA                    		loop	locloop_219		; Loop if cx > 0 
                                 
 1589  1F                       		pop	ds 
 158A  5E                       		pop	si 
                                		retn 
 158B  C3                     1                 db     0C3h
 158C  00 01 02 04 07 09        		db	 00h, 01h, 02h, 04h, 07h, 09h 
 1592  0D 10 04 15 17 1C        		db	 0Dh, 10h, 04h, 15h, 17h, 1Ch 
 1598  1E 04 07 09 22 02        		db	 1Eh, 04h, 07h, 09h, 22h, 02h 
 159E  25 08 02 28 02 2D        		db	 25h, 08h, 02h, 28h, 02h, 2Dh 
 15A4  31 36 3B 40 00 01        		db	 31h, 36h, 3Bh, 40h, 00h, 01h 
 15AA  03 06 08 0A 0E 11        		db	 03h, 06h, 08h, 0Ah, 0Eh, 11h 
 15B0  06 08 18 0E 1E 04        		db	 06h, 08h, 18h, 0Eh, 1Eh, 04h 
 15B6  08 0A 23 24              		db	8, 0Ah, '#$' 
 15BA  26 08 27 29 2A           		db	'&', 8, 27h, ')*' 
 15BF  04 32 37 3C 06 00        		db	 04h, 32h, 37h, 3Ch, 06h, 00h 
 15C5  01 02 05 08 02 0E        		db	 01h, 02h, 05h, 08h, 02h, 0Eh 
 15CB  12 06 08 19 0E 1E        		db	 12h, 06h, 08h, 19h, 0Eh, 1Eh 
 15D1  04 08 02 23 24 26        		db	 04h, 08h, 02h, 23h, 24h, 26h 
 15D7  08 25 29 02 2E 33        		db	 08h, 25h, 29h, 02h, 2Eh, 33h 
 15DD  38 3D 06 00 01 03        		db	 38h, 3Dh, 06h, 00h, 01h, 03h 
 15E3  06 08 0B 0E 13 06        		db	 06h, 08h, 0Bh, 0Eh, 13h, 06h 
Microsoft (R) Macro Assembler  Version 4.00                 3/29/26 15:15:16

                                                            Page     1-62
                                                            

 15E9  08 1A 0E 1F 04 08        		db	 08h, 1Ah, 0Eh, 1Fh, 04h, 08h 
 15EF  0B                       		db	 0Bh 
 15F0  23 24                    		db	'#$' 
 15F2  26 08 27 29 2B 2F 34     		db	'&', 8, 27h, ')+/49>' 
       39 3E                    
 15FB  06 00 01 02 04 08        		db	 06h, 00h, 01h, 02h, 04h, 08h 
 1601  0C 0F 14 04 16 1B        		db	 0Ch, 0Fh, 14h, 04h, 16h, 1Bh 
 1607  1D                       		db	 1Dh 
 1608  20 21 08 0C 23 24        		db	' !', 8, 0Ch, '#$' 
 160E  26 08                    		db	'&', 8 
 1610  02 28 2C 30 35 3A        		db	 02h, 28h, 2Ch, 30h, 35h, 3Ah 
 1616  3F 06 A2 FF 4F BE        		db	 3Fh, 06h,0A2h,0FFh, 4Fh,0BEh 
 161C  3B 47 C7 06 EB 4F        		db	 3Bh, 47h,0C7h, 06h,0EBh, 4Fh 
 1622  B0 11 B9 12 00           		db	0B0h, 11h,0B9h, 12h, 00h 
                                 
 1627                           locloop_222: 
 1627  51                       		push	cx 
 1628  B9 001C                  		mov	cx,1Ch 
                                 
 162B                           locloop_223: 
 162B  51                       		push	cx 
 162C  AC                       		lodsb				; String [si] to al 
 162D  56                       		push	si 
 162E  E8 1644 R                		call	sub_46 
 1631  5E                       		pop	si 
 1632  83 06 4FEB 08            		add	word ptr ds:data_68e,8 
 1637  59                       		pop	cx 
 1638  E2 F1                    		loop	locloop_223		; Loop if cx > 0 
                                 
 163A  81 06 4FEB 0920          		add	word ptr ds:data_68e,920h 
 1640  59                       		pop	cx 
 1641  E2 E4                    		loop	locloop_222		; Loop if cx > 0 
                                 
                                		retn 
 1643  C3                     1                 db     0C3h
                                 
                                ;ﬂﬂﬂﬂﬂﬂﬂﬂﬂﬂﬂﬂﬂﬂﬂﬂﬂﬂﬂﬂﬂﬂﬂﬂﬂﬂﬂﬂﬂﬂﬂﬂﬂﬂﬂﬂﬂﬂﬂﬂﬂﬂﬂﬂﬂﬂﬂﬂﬂﬂﬂﬂﬂﬂﬂﬂﬂﬂﬂﬂﬂﬂﬂﬂﬂﬂﬂﬂﬂﬂﬂﬂﬂﬂ 
                                ;                              SUBROUTINE 
                                ;‹‹‹‹‹‹‹‹‹‹‹‹‹‹‹‹‹‹‹‹‹‹‹‹‹‹‹‹‹‹‹‹‹‹‹‹‹‹‹‹‹‹‹‹‹‹‹‹‹‹‹‹‹‹‹‹‹‹‹‹‹‹‹‹‹‹‹‹‹‹‹‹‹‹ 
                                 
 1644                           sub_46		proc	near 
 1644  1E                       		push	ds 
 1645  B1 30                    		mov	cl,30h			; '0' 
 1647  F6 E1                    		mul	cl			; ax = reg * al 
 1649  05 8000                  		add	ax,8000h 
 164C  8B F0                    		mov	si,ax 
 164E  2E: 8E 1E FF2C           		mov	ds,cs:data_101e 
 1653  B8 A000                  		mov	ax,0A000h 
 1656  8E C0                    		mov	es,ax 
 1658  2E: 8B 3E 4FEB           		mov	di,cs:data_68e 
 165D  B9 0008                  		mov	cx,8 
                                 
 1660                           locloop_224: 
 1660  51                       		push	cx 
 1661  E8 166D R                		call	sub_47 
Microsoft (R) Macro Assembler  Version 4.00                 3/29/26 15:15:16

                                                            Page     1-63
                                                            

 1664  81 C7 0138               		add	di,138h 
 1668  59                       		pop	cx 
 1669  E2 F5                    		loop	locloop_224		; Loop if cx > 0 
                                 
 166B  1F                       		pop	ds 
                                		retn 
 166C  C3                     1                 db     0C3h
                                sub_46		endp 
                                 
                                 
                                ;ﬂﬂﬂﬂﬂﬂﬂﬂﬂﬂﬂﬂﬂﬂﬂﬂﬂﬂﬂﬂﬂﬂﬂﬂﬂﬂﬂﬂﬂﬂﬂﬂﬂﬂﬂﬂﬂﬂﬂﬂﬂﬂﬂﬂﬂﬂﬂﬂﬂﬂﬂﬂﬂﬂﬂﬂﬂﬂﬂﬂﬂﬂﬂﬂﬂﬂﬂﬂﬂﬂﬂﬂﬂﬂ 
                                ;                              SUBROUTINE 
                                ;‹‹‹‹‹‹‹‹‹‹‹‹‹‹‹‹‹‹‹‹‹‹‹‹‹‹‹‹‹‹‹‹‹‹‹‹‹‹‹‹‹‹‹‹‹‹‹‹‹‹‹‹‹‹‹‹‹‹‹‹‹‹‹‹‹‹‹‹‹‹‹‹‹‹ 
                                 
 166D                           sub_47		proc	near 
 166D  B9 0002                  		mov	cx,2 
                                 
 1670                           locloop_225: 
 1670  51                       		push	cx 
 1671  AD                       		lodsw				; String [si] to ax 
 1672  8B D0                    		mov	dx,ax 
 1674  AC                       		lodsb				; String [si] to al 
 1675  8A D8                    		mov	bl,al 
 1677  8A FA                    		mov	bh,dl 
 1679  D1 EA                    		shr	dx,1			; Shift w/zeros fill 
 167B  D1 EA                    		shr	dx,1			; Shift w/zeros fill 
 167D  26: 88 35                		mov	es:[di],dh 
 1680  D0 EA                    		shr	dl,1			; Shift w/zeros fill 
 1682  D0 EA                    		shr	dl,1			; Shift w/zeros fill 
 1684  26: 88 55 01             		mov	es:[di+1],dl 
 1688  03 DB                    		add	bx,bx 
 168A  03 DB                    		add	bx,bx 
 168C  80 E7 3F                 		and	bh,3Fh			; '?' 
 168F  26: 88 7D 02             		mov	es:[di+2],bh 
 1693  24 3F                    		and	al,3Fh			; '?' 
 1695  26: 88 45 03             		mov	es:[di+3],al 
 1699  2E: 8A 1E 4FFF           		mov	bl,cs:data_82e 
 169E  32 FF                    		xor	bh,bh			; Zero register 
 16A0  03 DB                    		add	bx,bx 
 16A2  B9 0004                  		mov	cx,4 
                                 
 16A5                           locloop_226: 
 16A5  26: 8A 05                		mov	al,es:[di] 
 16A8  0A C0                    		or	al,al			; Zero ? 
 16AA  74 25                    		jz	loc_227			; Jump if zero 
 16AC  8A E0                    		mov	ah,al 
 16AE  D0 EC                    		shr	ah,1			; Shift w/zeros fill 
 16B0  D0 EC                    		shr	ah,1			; Shift w/zeros fill 
 16B2  D0 EC                    		shr	ah,1			; Shift w/zeros fill 
 16B4  2E: FF 97 46D4           		call	word ptr cs:data_63e[bx]	;* 
 16B9  02 E4                    		add	ah,ah 
 16BB  02 E4                    		add	ah,ah 
 16BD  02 E4                    		add	ah,ah 
 16BF  24 07                    		and	al,7 
 16C1  0A C4                    		or	al,ah 
Microsoft (R) Macro Assembler  Version 4.00                 3/29/26 15:15:16

                                                            Page     1-64
                                                            

 16C3  8A E0                    		mov	ah,al 
 16C5  80 E4 07                 		and	ah,7 
 16C8  2E: FF 97 46D4           		call	word ptr cs:data_63e[bx]	;* 
 16CD  24 38                    		and	al,38h			; '8' 
 16CF  0A C4                    		or	al,ah 
 16D1                           loc_227: 
 16D1  AA                       		stosb				; Store al to es:[di] 
 16D2  E2 D1                    		loop	locloop_226		; Loop if cx > 0 
                                 
 16D4  59                       		pop	cx 
 16D5  E2 99                    		loop	locloop_225		; Loop if cx > 0 
                                 
                                		retn 
 16D7  C3                     1                 db     0C3h
                                sub_47		endp 
                                 
 16D8  DE 46 EF 46 F8 46        		db	0DEh, 46h,0EFh, 46h,0F8h, 46h 
 16DE  09 47 22 47 80 FC        		db	 09h, 47h, 22h, 47h, 80h,0FCh 
 16E4  06 75 03 B4 03 C3        		db	 06h, 75h, 03h,0B4h, 03h,0C3h 
 16EA  80 FC 07 74 01 C3        		db	 80h,0FCh, 07h, 74h, 01h,0C3h 
 16F0                           loc_228: 
 16F0  B4 05                    		mov	ah,5 
                                		retn 
 16F2  C3                     1                 db     0C3h
                                			                        ;* No entry point to code 
 16F3  80 FC 04                 		cmp	ah,4 
 16F6  74 01                    		je	loc_229			; Jump if equal 
                                		retn 
 16F8  C3                     1                 db     0C3h
 16F9                           loc_229: 
 16F9  B4 02                    		mov	ah,2 
                                		retn 
 16FB  C3                     1                 db     0C3h
                                			                        ;* No entry point to code 
 16FC  80 FC 04                 		cmp	ah,4 
 16FF  75 03                    		jne	loc_230			; Jump if not equal 
 1701  B4 05                    		mov	ah,5 
                                		retn 
 1703  C3                     1                 db     0C3h
 1704                           loc_230: 
 1704  80 FC 07                 		cmp	ah,7 
 1707  74 01                    		je	loc_231			; Jump if equal 
                                		retn 
 1709  C3                     1                 db     0C3h
 170A                           loc_231: 
 170A  B4 04                    		mov	ah,4 
                                		retn 
 170C  C3                     1                 db     0C3h
                                			                        ;* No entry point to code 
 170D  80 FC 04                 		cmp	ah,4 
 1710  75 03                    		jne	loc_232			; Jump if not equal 
 1712  B4 03                    		mov	ah,3 
                                		retn 
 1714  C3                     1                 db     0C3h
 1715                           loc_232: 
Microsoft (R) Macro Assembler  Version 4.00                 3/29/26 15:15:16

                                                            Page     1-65
                                                            

 1715  80 FC 07                 		cmp	ah,7 
 1718  75 03                    		jne	loc_233			; Jump if not equal 
 171A  B4 05                    		mov	ah,5 
                                		retn 
 171C  C3                     1                 db     0C3h
 171D                           loc_233: 
 171D  80 FC 06                 		cmp	ah,6 
 1720  74 01                    		je	loc_234			; Jump if equal 
                                		retn 
 1722  C3                     1                 db     0C3h
 1723                           loc_234: 
 1723  B4 07                    		mov	ah,7 
                                		retn 
 1725  C3                     1                 db     0C3h
                                			                        ;* No entry point to code 
 1726  80 FC 07                 		cmp	ah,7 
 1729  75 03                    		jne	loc_235			; Jump if not equal 
 172B  B4 05                    		mov	ah,5 
                                		retn 
 172D  C3                     1                 db     0C3h
 172E                           loc_235: 
 172E  80 FC 04                 		cmp	ah,4 
 1731  75 03                    		jne	loc_236			; Jump if not equal 
 1733  B4 07                    		mov	ah,7 
                                		retn 
 1735  C3                     1                 db     0C3h
 1736                           loc_236: 
 1736  80 FC 06                 		cmp	ah,6 
 1739  74 01                    		je	loc_237			; Jump if equal 
                                		retn 
 173B  C3                     1                 db     0C3h
 173C                           loc_237: 
 173C  B4 04                    		mov	ah,4 
                                		retn 
 173E  C3                     1                 db     0C3h
                                			                        ;* No entry point to code 
 173F  07                       		pop	es 
 1740  08 09                    		or	[bx+di],cl 
 1742  0A 07                    		or	al,[bx] 
 1744  08 0B                    		or	[bp+di],cl 
 1746  0C 07                    		or	al,7 
 1748  08 09                    		or	[bx+di],cl 
 174A  0A 19                    		or	bl,[bx+di] 
 174C  3D 2761                  		cmp	ax,2761h 
 174F  1D 1D1E                  		sbb	ax,1D1Eh 
 1752  1E                       		push	ds 
 1753  1F                       		pop	ds 
 1754  20 1F                    		and	[bx],bl 
 1756  20 1D                    		and	[di],bl 
 1758  1E                       		push	ds 
 1759  1F                       		pop	ds 
 175A  20 0D                    		and	[di],cl 
 175C  0E                       		push	cs 
                                ;*		pop	cs			; Dangerous-8088 only 
 175D  0F                       		db	0Fh			;  Fixup - byte match 
Microsoft (R) Macro Assembler  Version 4.00                 3/29/26 15:15:16

                                                            Page     1-66
                                                            

 175E  10 0F                    		adc	[bx],cl 
 1760  10 0D                    		adc	[di],cl 
 1762  0E                       		push	cs 
                                ;*		pop	cs			; Dangerous-8088 only 
 1763  0F                       		db	0Fh			;  Fixup - byte match 
 1764  10 17                    		adc	[bx],dl 
 1766  18 3E 625C               		sbb	ds:data_89e,bh 
 176A  26: 2A 25                		sub	ah,es:[di] 
 176D  21 22                    		and	[bp+si],sp 
 176F  21 22                    		and	[bp+si],sp 
 1771  23 24                    		and	sp,[si] 
 1773  21 22                    		and	[bp+si],sp 
 1775  21 22                    		and	[bp+si],sp 
 1777  09 0A                    		or	[bp+si],cx 
 1779  07                       		pop	es 
 177A  08 07                    		or	[bx],al 
 177C  08 09                    		or	[bx+di],cl 
 177E  0A 07                    		or	al,[bx] 
 1780  08 19                    		or	[bx+di],bl 
 1782  54                       		push	sp 
 1783  59                       		pop	cx 
 1784  5D                       		pop	bp 
 1785  63 32 2F 2E 1F 20        		db	 63h, 32h, 2Fh, 2Eh, 1Fh, 20h 
 178B  1F 20 1D 1E 1F 20        		db	 1Fh, 20h, 1Dh, 1Eh, 1Fh, 20h 
 1791  1F 20 0F 10 11 12        		db	 1Fh, 20h, 0Fh, 10h, 11h, 12h 
 1797  0F 10 0D 0E 17 18        		db	 0Fh, 10h, 0Dh, 0Eh, 17h, 18h 
 179D  50 55 5A 5E 64 66 28     		db	'PUZ^df(0#$' 
       30 23 24                 
 17A7  21 22 23 24              		db	'!"#$' 
 17AB  21 22 23 24              		db	'!"#$' 
 17AF  07 08 0A 0C 07 08        		db	 07h, 08h, 0Ah, 0Ch, 07h, 08h 
 17B5  09 0A 1A                 		db	 09h, 0Ah, 1Ah 
 17B8  34 51 56 5B 5F 65 67     		db	'4QV[_eg/-' 
       2F 2D                    
 17C1  1D 1E 1F 20 1D 1E        		db	 1Dh, 1Eh, 1Fh, 20h, 1Dh, 1Eh 
 17C7  1F 20 1D 1E 0F 10        		db	 1Fh, 20h, 1Dh, 1Eh, 0Fh, 10h 
 17CD  0D 0E 0D 0E 17 18        		db	 0Dh, 0Eh, 0Dh, 0Eh, 17h, 18h 
 17D3  49 4D 52 57 00           		db	 49h, 4Dh, 52h, 57h, 00h 
 17D8  60 69 68 6A 6B 28 26     		db	'`ihjk(&!"+&!"!"' 
       21 22 2B 26 21 22 21     
       22                       
 17E7  07                       		db	7 
 17E8  08 09 0A 09 0A 1B 46     		db	8, 9, 0Ah, 9, 0Ah, 1Bh, 'FJNSX' 
       4A 4E 53 58              
 17F3  00 00 00 00 69 6C        		db	 00h, 00h, 00h, 00h, 69h, 6Ch 
 17F9  31 2D 1F 20 2C 2D        		db	 31h, 2Dh, 1Fh, 20h, 2Ch, 2Dh 
 17FF  1F 20 1F 20 13 14        		db	 1Fh, 20h, 1Fh, 20h, 13h, 14h 
 1805  13 14 17 18              		db	 13h, 14h, 17h, 18h 
 1809  43 47 4B 4F              		db	 43h, 47h, 4Bh, 4Fh 
 180D  0007[                    		db	7 dup (0) 
            00                  
                         ]      
                                
 1814  6D 6E 6F 29 26 21 22     		db	'mno)&!"*%!"' 
       2A 25 21 22              
Microsoft (R) Macro Assembler  Version 4.00                 3/29/26 15:15:16

                                                            Page     1-67
                                                            

 181F  15 16 15 16 1C           		db	 15h, 16h, 15h, 16h, 1Ch 
 1824  35 44 48 4C              		db	 35h, 44h, 48h, 4Ch 
 1828  0009[                    		db	9 dup (0) 
            00                  
                         ]      
                                
 1831  69 71 73 74 1F 20        		db	 69h, 71h, 73h, 74h, 1Fh, 20h 
 1837  2C 27 1F 20 17 18        		db	 2Ch, 27h, 1Fh, 20h, 17h, 18h 
 183D  38 3A 3F 42 45           		db	 38h, 3Ah, 3Fh, 42h, 45h 
 1842  000C[                    		db	12 dup (0) 
            00                  
                         ]      
                                
 184E  6D 75 77 79 6F 2B 26     		db	'muwyo+&)&' 
       29 26                    
 1857  1A 34 39 3B 40 41        		db	 1Ah, 34h, 39h, 3Bh, 40h, 41h 
 185D  000E[                    		db	14 dup (0) 
            00                  
                         ]      
                                
 186B  76 78 7A 7B 31 32 2F     		db	'vxz{12/-367<' 
       2D 33 36 37 3C           
 1877  00                       		db	0 
 1878  0012[                    		db	18 dup (0) 
            00                  
                         ]      
                                
 188A  6D 71 70 72 70           		db	 6Dh, 71h, 70h, 72h, 70h 
 188F  0054[                    		db	84 dup (0) 
            00                  
                         ]      
                                
 18E3  01 02 01 02 01 02        		db	 01h, 02h, 01h, 02h, 01h, 02h 
 18E9  01 02 01 02 01 02        		db	 01h, 02h, 01h, 02h, 01h, 02h 
 18EF  01 02 01 02 01 02        		db	 01h, 02h, 01h, 02h, 01h, 02h 
 18F5  01 02 01 02 01 02        		db	 01h, 02h, 01h, 02h, 01h, 02h 
 18FB  01 02 01 02 03 04        		db	 01h, 02h, 01h, 02h, 03h, 04h 
 1901  03 04 03 04 03 04        		db	 03h, 04h, 03h, 04h, 03h, 04h 
 1907  03 04 03 04 03 04        		db	 03h, 04h, 03h, 04h, 03h, 04h 
 190D  03 04 03 04 03 04        		db	 03h, 04h, 03h, 04h, 03h, 04h 
 1913  03 04 03 04 03 04        		db	 03h, 04h, 03h, 04h, 03h, 04h 
 1919  03 04 05 06 05 06        		db	 03h, 04h, 05h, 06h, 05h, 06h 
 191F  05 06 05 06 05 06        		db	 05h, 06h, 05h, 06h, 05h, 06h 
 1925  05 06 05 06 05 06        		db	 05h, 06h, 05h, 06h, 05h, 06h 
 192B  05 06 05 06 05 06        		db	 05h, 06h, 05h, 06h, 05h, 06h 
 1931  06 05 05 06 05 06        		db	 06h, 05h, 05h, 06h, 05h, 06h 
 1937  1E 50 33 C0 8A C7        		db	 1Eh, 50h, 33h,0C0h, 8Ah,0C7h 
 193D  8A FC 50 B8 40 01        		db	 8Ah,0FCh, 50h,0B8h, 40h, 01h 
 1943  F7 E3 5F 03 FF 03        		db	0F7h,0E3h, 5Fh, 03h,0FFh, 03h 
 1949  FF 03 F8 58 B1 20        		db	0FFh, 03h,0F8h, 58h,0B1h, 20h 
 194F  F6 E1 05 00 60 8B        		db	0F6h,0E1h, 05h, 00h, 60h, 8Bh 
 1955  F0 2E 8E 1E 2C FF        		db	0F0h, 2Eh, 8Eh, 1Eh, 2Ch,0FFh 
 195B  B8 00 A0 8E C0 B9        		db	0B8h, 00h,0A0h, 8Eh,0C0h,0B9h 
 1961  08 00                    		db	 08h, 00h 
                                 
Microsoft (R) Macro Assembler  Version 4.00                 3/29/26 15:15:16

                                                            Page     1-68
                                                            

 1963                           locloop_238: 
 1963  51                       		push	cx 
 1964  AD                       		lodsw				; String [si] to ax 
 1965  8B D0                    		mov	dx,ax 
 1967  E8 1979 R                		call	sub_48 
 196A  AD                       		lodsw				; String [si] to ax 
 196B  8B D0                    		mov	dx,ax 
 196D  E8 1979 R                		call	sub_48 
 1970  81 C7 0138               		add	di,138h 
 1974  59                       		pop	cx 
 1975  E2 EC                    		loop	locloop_238		; Loop if cx > 0 
                                 
 1977  1F                       		pop	ds 
                                		retn 
 1978  C3                     1                 db     0C3h
                                 
                                ;ﬂﬂﬂﬂﬂﬂﬂﬂﬂﬂﬂﬂﬂﬂﬂﬂﬂﬂﬂﬂﬂﬂﬂﬂﬂﬂﬂﬂﬂﬂﬂﬂﬂﬂﬂﬂﬂﬂﬂﬂﬂﬂﬂﬂﬂﬂﬂﬂﬂﬂﬂﬂﬂﬂﬂﬂﬂﬂﬂﬂﬂﬂﬂﬂﬂﬂﬂﬂﬂﬂﬂﬂﬂﬂ 
                                ;                              SUBROUTINE 
                                ;‹‹‹‹‹‹‹‹‹‹‹‹‹‹‹‹‹‹‹‹‹‹‹‹‹‹‹‹‹‹‹‹‹‹‹‹‹‹‹‹‹‹‹‹‹‹‹‹‹‹‹‹‹‹‹‹‹‹‹‹‹‹‹‹‹‹‹‹‹‹‹‹‹‹ 
                                 
 1979                           sub_48		proc	near 
 1979  B9 0004                  		mov	cx,4 
                                 
 197C                           locloop_239: 
 197C  33 C0                    		xor	ax,ax			; Zero register 
 197E  03 D2                    		add	dx,dx 
 1980  13 C0                    		adc	ax,ax 
 1982  03 D2                    		add	dx,dx 
 1984  13 C0                    		adc	ax,ax 
 1986  03 C0                    		add	ax,ax 
 1988  03 D2                    		add	dx,dx 
 198A  13 C0                    		adc	ax,ax 
 198C  03 D2                    		add	dx,dx 
 198E  13 C0                    		adc	ax,ax 
 1990  AA                       		stosb				; Store al to es:[di] 
 1991  E2 E9                    		loop	locloop_239		; Loop if cx > 0 
                                 
                                		retn 
 1993  C3                     1                 db     0C3h
                                sub_48		endp 
                                 
                                			                        ;* No entry point to code 
 1994  1E                       		push	ds 
 1995  2E: C7 06 4FF5 0908      		mov	word ptr cs:data_75e,908h 
 199C  8A 1E 0092               		mov	bl,byte ptr ds:[92h] 
 19A0  FE CB                    		dec	bl 
 19A2  32 FF                    		xor	bh,bh			; Zero register 
 19A4  03 DB                    		add	bx,bx 
 19A6  8B B7 4A25               		mov	si,ds:data_64e[bx] 
 19AA  BF 6C10                  		mov	di,6C10h 
 19AD  B8 A000                  		mov	ax,0A000h 
 19B0  8E C0                    		mov	es,ax 
 19B2  B9 0018                  		mov	cx,18h 
                                 
 19B5                           locloop_240: 
Microsoft (R) Macro Assembler  Version 4.00                 3/29/26 15:15:16

                                                            Page     1-69
                                                            

 19B5  AD                       		lodsw				; String [si] to ax 
 19B6  86 E0                    		xchg	ah,al 
 19B8  E8 1096 R                		call	sub_30 
 19BB  F7 D5                    		not	bp 
 19BD  26: 21 2D                		and	es:[di],bp 
 19C0  26: 09 15                		or	es:[di],dx 
 19C3  E8 1096 R                		call	sub_30 
 19C6  F7 D5                    		not	bp 
 19C8  26: 21 6D 02             		and	es:[di+2],bp 
 19CC  26: 09 55 02             		or	es:[di+2],dx 
 19D0  E8 1096 R                		call	sub_30 
 19D3  F7 D5                    		not	bp 
 19D5  26: 21 6D 04             		and	es:[di+4],bp 
 19D9  26: 09 55 04             		or	es:[di+4],dx 
 19DD  E8 1096 R                		call	sub_30 
 19E0  F7 D5                    		not	bp 
 19E2  26: 21 6D 06             		and	es:[di+6],bp 
 19E6  26: 09 55 06             		or	es:[di+6],dx 
 19EA  AD                       		lodsw				; String [si] to ax 
 19EB  86 E0                    		xchg	ah,al 
 19ED  E8 1096 R                		call	sub_30 
 19F0  F7 D5                    		not	bp 
 19F2  26: 21 6D 08             		and	es:[di+8],bp 
 19F6  26: 09 55 08             		or	es:[di+8],dx 
 19FA  E8 1096 R                		call	sub_30 
 19FD  F7 D5                    		not	bp 
 19FF  26: 21 6D 0A             		and	es:[di+0Ah],bp 
 1A03  26: 09 55 0A             		or	es:[di+0Ah],dx 
 1A07  E8 1096 R                		call	sub_30 
 1A0A  F7 D5                    		not	bp 
 1A0C  26: 21 6D 0C             		and	es:[di+0Ch],bp 
 1A10  26: 09 55 0C             		or	es:[di+0Ch],dx 
 1A14  E8 1096 R                		call	sub_30 
 1A17  F7 D5                    		not	bp 
 1A19  26: 21 6D 0E             		and	es:[di+0Eh],bp 
 1A1D  26: 09 55 0E             		or	es:[di+0Eh],dx 
 1A21  81 C7 0140               		add	di,140h 
 1A25  E2 8E                    		loop	locloop_240		; Loop if cx > 0 
                                 
 1A27  1F                       		pop	ds 
                                		retn 
 1A28  C3                     1                 db     0C3h
                                			                        ;* No entry point to code 
 1A29  31 4A 31                 		xor	[bp+si+31h],cx 
 1A2C  4A                       		dec	dx 
 1A2D  31 4A 91                 		xor	[bp+si-6Fh],cx 
 1A30  4A                       		dec	dx 
 1A31  91                       		xchg	cx,ax 
 1A32  4A                       		dec	dx 
 1A33  F1 4A                    		db	0F1h, 4Ah 
 1A35  002D[                    		db	45 dup (0) 
            00                  
                         ]      
                                
 1A62  02 00 00 00 06 00        		db	 02h, 00h, 00h, 00h, 06h, 00h 
Microsoft (R) Macro Assembler  Version 4.00                 3/29/26 15:15:16

                                                            Page     1-70
                                                            

 1A68  00 00 06 00 00 00        		db	 00h, 00h, 06h, 00h, 00h, 00h 
 1A6E  0E 00 00 00 0E 00        		db	 0Eh, 00h, 00h, 00h, 0Eh, 00h 
 1A74  00 00 0C 00 00 00        		db	 00h, 00h, 0Ch, 00h, 00h, 00h 
 1A7A  0E 00 00 00 1C 00        		db	 0Eh, 00h, 00h, 00h, 1Ch, 00h 
 1A80  00 00 0C 00 00 00        		db	 00h, 00h, 0Ch, 00h, 00h, 00h 
 1A86  1C 00 00 00 1C 00        		db	 1Ch, 00h, 00h, 00h, 1Ch, 00h 
 1A8C  00 00 1C 00 00 00        		db	 00h, 00h, 1Ch, 00h, 00h, 00h 
 1A92  1C                       		db	 1Ch 
 1A93  0010[                    		db	16 dup (0) 
            00                  
                         ]      
                                
 1AA3  80 00 00 01 80 00        		db	 80h, 00h, 00h, 01h, 80h, 00h 
 1AA9  00 03 80 00 00 03        		db	 00h, 03h, 80h, 00h, 00h, 03h 
 1AAF  00 00 00 07 80 00        		db	 00h, 00h, 00h, 07h, 80h, 00h 
 1AB5  00 07 00 00 00 07        		db	 00h, 07h, 00h, 00h, 00h, 07h 
 1ABB  00 00 00 0F 00 00        		db	 00h, 00h, 00h, 0Fh, 00h, 00h 
 1AC1  00 0E 00 00 00 0F        		db	 00h, 0Eh, 00h, 00h, 00h, 0Fh 
 1AC7  00 00 00 1E 00 00        		db	 00h, 00h, 00h, 1Eh, 00h, 00h 
 1ACD  00 0E 00 00 00 1F        		db	 00h, 0Eh, 00h, 00h, 00h, 1Fh 
 1AD3  00 00 00 1E 00 00        		db	 00h, 00h, 00h, 1Eh, 00h, 00h 
 1AD9  00 1F 00 00 00 1E        		db	 00h, 1Fh, 00h, 00h, 00h, 1Eh 
 1ADF  00 00 00 1E 00 00        		db	 00h, 00h, 00h, 1Eh, 00h, 00h 
 1AE5  00 1E 00 00 00 1E        		db	 00h, 1Eh, 00h, 00h, 00h, 1Eh 
 1AEB  00 00 00 1C 00 00        		db	 00h, 00h, 00h, 1Ch, 00h, 00h 
 1AF1  00                       		db	 00h 
 1AF2  3F                       		db	3Fh 
 1AF3  000C[                    		db	12 dup (0) 
            00                  
                         ]      
                                
 1AFF  40 00 00 00 C0 00        		db	 40h, 00h, 00h, 00h,0C0h, 00h 
 1B05  00 01 C0 00 00 03        		db	 00h, 01h,0C0h, 00h, 00h, 03h 
 1B0B  80 00 00 03 80 00        		db	 80h, 00h, 00h, 03h, 80h, 00h 
 1B11  00 07 80 00 00 07        		db	 00h, 07h, 80h, 00h, 00h, 07h 
 1B17  00 00 00 07 00 00        		db	 00h, 00h, 00h, 07h, 00h, 00h 
 1B1D  00 0F 00 00 00 0F        		db	 00h, 0Fh, 00h, 00h, 00h, 0Fh 
 1B23  00 00 00 0E 00 00        		db	 00h, 00h, 00h, 0Eh, 00h, 00h 
 1B29  00 1F 00 00 00 0E        		db	 00h, 1Fh, 00h, 00h, 00h, 0Eh 
 1B2F  00 00 00 1F 00 00        		db	 00h, 00h, 00h, 1Fh, 00h, 00h 
 1B35  00 1E 00 00 00 1F        		db	 00h, 1Eh, 00h, 00h, 00h, 1Fh 
 1B3B  00 00 00 1E 00 00        		db	 00h, 00h, 00h, 1Eh, 00h, 00h 
 1B41  00 1F 00 00 00 1F        		db	 00h, 1Fh, 00h, 00h, 00h, 1Fh 
 1B47  00 00 00 1E 00 00        		db	 00h, 00h, 00h, 1Eh, 00h, 00h 
 1B4D  03 1C C0 00 00 FF        		db	 03h, 1Ch,0C0h, 00h, 00h,0FFh 
 1B53  00 00 1E 0A C0 78        		db	 00h, 00h, 1Eh, 0Ah,0C0h, 78h 
 1B59  10 24 03 B2 40 F6        		db	 10h, 24h, 03h,0B2h, 40h,0F6h 
 1B5F  E2 05 DD 4B 8B F0        		db	0E2h, 05h,0DDh, 4Bh, 8Bh,0F0h 
 1B65  BD 01 00 EB 0E 24        		db	0BDh, 01h, 00h,0EBh, 0Eh, 24h 
 1B6B  01 8A E0 32 C0 05        		db	 01h, 8Ah,0E0h, 32h,0C0h, 05h 
 1B71  DD 4C 8B F0 BD 04        		db	0DDh, 4Ch, 8Bh,0F0h,0BDh, 04h 
 1B77  00 B8 40 01 32 ED        		db	 00h,0B8h, 40h, 01h, 32h,0EDh 
 1B7D  F7 E1 03 C3 8B F8        		db	0F7h,0E1h, 03h,0C3h, 8Bh,0F8h 
 1B83  B8 00 A0 8E C0 8B        		db	0B8h, 00h,0A0h, 8Eh,0C0h, 8Bh 
 1B89  CD                       		db	0CDh 
Microsoft (R) Macro Assembler  Version 4.00                 3/29/26 15:15:16

                                                            Page     1-71
                                                            

                                 
 1B8A                           locloop_241: 
 1B8A  51                       		push	cx 
 1B8B  57                       		push	di 
 1B8C  B9 0010                  		mov	cx,10h 
                                 
 1B8F                           locloop_242: 
 1B8F  51                       		push	cx 
 1B90  57                       		push	di 
 1B91  B9 0002                  		mov	cx,2 
                                 
 1B94                           locloop_243: 
 1B94  51                       		push	cx 
 1B95  AD                       		lodsw				; String [si] to ax 
 1B96  86 E0                    		xchg	ah,al 
 1B98  E8 1096 R                		call	sub_30 
 1B9B  F7 D5                    		not	bp 
 1B9D  26: 21 2D                		and	es:[di],bp 
 1BA0  26: 09 15                		or	es:[di],dx 
 1BA3  E8 1096 R                		call	sub_30 
 1BA6  F7 D5                    		not	bp 
 1BA8  26: 21 6D 02             		and	es:[di+2],bp 
 1BAC  26: 09 55 02             		or	es:[di+2],dx 
 1BB0  E8 1096 R                		call	sub_30 
 1BB3  F7 D5                    		not	bp 
 1BB5  26: 21 6D 04             		and	es:[di+4],bp 
 1BB9  26: 09 55 04             		or	es:[di+4],dx 
 1BBD  E8 1096 R                		call	sub_30 
 1BC0  F7 D5                    		not	bp 
 1BC2  26: 21 6D 06             		and	es:[di+6],bp 
 1BC6  26: 09 55 06             		or	es:[di+6],dx 
 1BCA  83 C7 08                 		add	di,8 
 1BCD  59                       		pop	cx 
 1BCE  E2 C4                    		loop	locloop_243		; Loop if cx > 0 
                                 
 1BD0  5F                       		pop	di 
 1BD1  81 C7 0140               		add	di,140h 
 1BD5  59                       		pop	cx 
 1BD6  E2 B7                    		loop	locloop_242		; Loop if cx > 0 
                                 
 1BD8  5F                       		pop	di 
 1BD9  83 C7 10                 		add	di,10h 
 1BDC  59                       		pop	cx 
 1BDD  E2 AB                    		loop	locloop_241		; Loop if cx > 0 
                                 
 1BDF  1F                       		pop	ds 
                                		retn 
 1BE0  C3                     1                 db     0C3h
 1BE1  0016[                    		db	22 dup (0) 
            00                  
                         ]      
                                
 1BF7  10 00 00 10 60 00        		db	 10h, 00h, 00h, 10h, 60h, 00h 
 1BFD  00 07 C0 00 00 07        		db	 00h, 07h,0C0h, 00h, 00h, 07h 
 1C03  C0 00 00 07 C0 00        		db	0C0h, 00h, 00h, 07h,0C0h, 00h 
Microsoft (R) Macro Assembler  Version 4.00                 3/29/26 15:15:16

                                                            Page     1-72
                                                            

 1C09  00 0C 10 00 00 10        		db	 00h, 0Ch, 10h, 00h, 00h, 10h 
 1C0F  00                       		db	 00h 
 1C10  001A[                    		db	26 dup (0) 
            00                  
                         ]      
                                
 1C2A  01 00 00 00 01 00        		db	 01h, 00h, 00h, 00h, 01h, 00h 
 1C30  00 00 40 04 00 00        		db	 00h, 00h, 40h, 04h, 00h, 00h 
 1C36  01 00 00 00 09 20        		db	 01h, 00h, 00h, 00h, 09h, 20h 
 1C3C  00 00 03 80 00 04        		db	 00h, 00h, 03h, 80h, 00h, 04h 
 1C42  57 D4 80 00 03 80        		db	 57h,0D4h, 80h, 00h, 03h, 80h 
 1C48  00 00 09 20 00 00        		db	 00h, 00h, 09h, 20h, 00h, 00h 
 1C4E  01 00 00 00 40 04        		db	 01h, 00h, 00h, 00h, 40h, 04h 
 1C54  00 00 01 00 00 00        		db	 00h, 00h, 01h, 00h, 00h, 00h 
 1C5A  01                       		db	 01h 
 1C5B  0007[                    		db	7 dup (0) 
            00                  
                         ]      
                                
 1C62  01 00 00 00 01 00        		db	 01h, 00h, 00h, 00h, 01h, 00h 
 1C68  00 00 01 00 00 00        		db	 00h, 00h, 01h, 00h, 00h, 00h 
 1C6E  02 80 00 00 83 80        		db	 02h, 80h, 00h, 00h, 83h, 80h 
 1C74  00 00 23 88 00 00        		db	 00h, 00h, 23h, 88h, 00h, 00h 
 1C7A  0D B0 00 00 0B E8        		db	 0Dh,0B0h, 00h, 00h, 0Bh,0E8h 
 1C80  00 96 FF FF B9 00        		db	 00h, 96h,0FFh,0FFh,0B9h, 00h 
 1C86  17 E8 00 00 0B 58        		db	 17h,0E8h, 00h, 00h, 0Bh, 58h 
 1C8C  00 00 23 82 00 00        		db	 00h, 00h, 23h, 82h, 00h, 00h 
 1C92  02 80 80 02 01 00        		db	 02h, 80h, 80h, 02h, 01h, 00h 
 1C98  00 00 01 00 00 00        		db	 00h, 00h, 01h, 00h, 00h, 00h 
 1C9E  01 00                    		db	 01h, 00h 
 1CA0  0008[                    		db	8 dup (0) 
            00                  
                         ]      
                                
 1CA8  10 10 00 00 00 04        		db	 10h, 10h, 00h, 00h, 00h, 04h 
 1CAE  00 00 80 00 80 03        		db	 00h, 00h, 80h, 00h, 80h, 03h 
 1CB4  00 00 71 0C 00 00        		db	 00h, 00h, 71h, 0Ch, 00h, 00h 
 1CBA  3D 38 00 00 07 F0        		db	 3Dh, 38h, 00h, 00h, 07h,0F0h 
 1CC0  00 00 97 E5 00 00        		db	 00h, 00h, 97h,0E5h, 00h, 00h 
 1CC6  0F F0 00 00 1F 38        		db	 0Fh,0F0h, 00h, 00h, 1Fh, 38h 
 1CCC  00 00 39 0E 00 00        		db	 00h, 00h, 39h, 0Eh, 00h, 00h 
 1CD2  E1 01 80 01 00 00        		db	0E1h, 01h, 80h, 01h, 00h, 00h 
 1CD8  40 04 00 00 08 10        		db	 40h, 04h, 00h, 00h, 08h, 10h 
 1CDE  0023[                    		db	35 dup (0) 
            00                  
                         ]      
                                
 1D01  92 4A AA EB 00           		db	 92h, 4Ah,0AAh,0EBh, 00h 
 1D06  0022[                    		db	34 dup (0) 
            00                  
                         ]      
                                
 1D28  01 00 00 00 01 00        		db	 01h, 00h, 00h, 00h, 01h, 00h 
 1D2E  00 01 01 00 00 00        		db	 00h, 01h, 01h, 00h, 00h, 00h 
 1D34  82 00 00 00 AB 00        		db	 82h, 00h, 00h, 00h,0ABh, 00h 
Microsoft (R) Macro Assembler  Version 4.00                 3/29/26 15:15:16

                                                            Page     1-73
                                                            

 1D3A  00 01 5D 04 24 AE        		db	 00h, 01h, 5Dh, 04h, 24h,0AEh 
 1D40  EF FF FF FF FF 04        		db	0EFh,0FFh,0FFh,0FFh,0FFh, 04h 
 1D46  24 AB EF 00 00 01        		db	 24h,0ABh,0EFh, 00h, 00h, 01h 
 1D4C  5D 00 00 00 22 00        		db	 5Dh, 00h, 00h, 00h, 22h, 00h 
 1D52  00 00 81 00 00 00        		db	 00h, 00h, 81h, 00h, 00h, 00h 
 1D58  01 00 00 00 01 00        		db	 01h, 00h, 00h, 00h, 01h, 00h 
 1D5E  0013[                    		db	19 dup (0) 
            00                  
                         ]      
                                
 1D71  81 00 00 00 C4 00        		db	 81h, 00h, 00h, 00h,0C4h, 00h 
 1D77  00 00 BC 00 00 00        		db	 00h, 00h,0BCh, 00h, 00h, 00h 
 1D7D  EE EA 24 20 FF FF        		db	0EEh,0EAh, 24h, 20h,0FFh,0FFh 
 1D83  FF FF FB AA 24 20        		db	0FFh,0FFh,0FBh,0AAh, 24h, 20h 
 1D89  FD 40 00 00 E6 00        		db	0FDh, 40h, 00h, 00h,0E6h, 00h 
 1D8F  00 00 40 80 00 00        		db	 00h, 00h, 40h, 80h, 00h, 00h 
 1D95  00                       		db	 00h 
 1D96  20                       		db	20h 
 1D97  002A[                    		db	42 dup (0) 
            00                  
                         ]      
                                
 1DC1  D7 55 52 49              		db	0D7h, 55h, 52h, 49h 
 1DC5  003C[                    		db	60 dup (0) 
            00                  
                         ]      
                                
 1E01  A7 54 90 04 00           		db	0A7h, 54h, 90h, 04h, 00h 
 1E06  0025[                    		db	37 dup (0) 
            00                  
                         ]      
                                
 1E2B  10 00 00 00 04 00        		db	 10h, 00h, 00h, 00h, 04h, 00h 
 1E31  00 00 00 80 00 00        		db	 00h, 00h, 00h, 80h, 00h, 00h 
 1E37  00 71 00 00 00 3D        		db	 00h, 71h, 00h, 00h, 00h, 3Dh 
 1E3D  00 00 00 07 10 04        		db	 00h, 00h, 00h, 07h, 10h, 04h 
 1E43  00 97 00 00 00 0F        		db	 00h, 97h, 00h, 00h, 00h, 0Fh 
 1E49  00 00 00 1F 00 00        		db	 00h, 00h, 00h, 1Fh, 00h, 00h 
 1E4F  00 39 00 00 00 E1        		db	 00h, 39h, 00h, 00h, 00h,0E1h 
 1E55  00 00 01 00 00 00        		db	 00h, 00h, 01h, 00h, 00h, 00h 
 1E5B  04 00 00 00 10 00        		db	 04h, 00h, 00h, 00h, 10h, 00h 
 1E61  00 00 00 00 00 10        		db	 00h, 00h, 00h, 00h, 00h, 10h 
 1E67  0007[                    		db	7 dup (0) 
            00                  
                         ]      
                                
 1E6E  80 00 00 03 00 00        		db	 80h, 00h, 00h, 03h, 00h, 00h 
 1E74  00 0C 00 00 00 38        		db	 00h, 0Ch, 00h, 00h, 00h, 38h 
 1E7A  00 00 00 F0 00 00        		db	 00h, 00h, 00h,0F0h, 00h, 00h 
 1E80  00 E5 02 00 10 F0        		db	 00h,0E5h, 02h, 00h, 10h,0F0h 
 1E86  00 00 00 3C 00 00        		db	 00h, 00h, 00h, 3Ch, 00h, 00h 
 1E8C  00 07 00 00 00 00        		db	 00h, 07h, 00h, 00h, 00h, 00h 
 1E92  C0 00 00 00 20 00        		db	0C0h, 00h, 00h, 00h, 20h, 00h 
 1E98  00 00 04                 		db	 00h, 00h, 04h 
 1E9B  0026[                    		db	38 dup (0) 
Microsoft (R) Macro Assembler  Version 4.00                 3/29/26 15:15:16

                                                            Page     1-74
                                                            

            00                  
                         ]      
                                
 1EC1  20 09 2A E5              		db	 20h, 09h, 2Ah,0E5h 
 1EC5  001C[                    		db	28 dup (0) 
            00                  
                         ]      
                                
 1EE1  51 1E 56 8C C8 05        		db	 51h, 1Eh, 56h, 8Ch,0C8h, 05h 
 1EE7  00 30 8E C0 B8 20        		db	 00h, 30h, 8Eh,0C0h,0B8h, 20h 
 1EED  00 F7 E1 8B C8 BF        		db	 00h,0F7h,0E1h, 8Bh,0C8h,0BFh 
 1EF3  00 00 F3 A4 5F 07        		db	 00h, 00h,0F3h,0A4h, 5Fh, 07h 
 1EF9  59 8C C8 05 00 30        		db	 59h, 8Ch,0C8h, 05h, 00h, 30h 
 1EFF  8E D8 BE 00 00           		db	 8Eh,0D8h,0BEh, 00h, 00h 
                                 
 1F04                           locloop_244: 
 1F04  51                       		push	cx 
 1F05  B9 0008                  		mov	cx,8 
                                 
 1F08                           locloop_245: 
 1F08  51                       		push	cx 
 1F09  AD                       		lodsw				; String [si] to ax 
 1F0A  86 E0                    		xchg	ah,al 
 1F0C  8B D0                    		mov	dx,ax 
 1F0E  AD                       		lodsw				; String [si] to ax 
 1F0F  86 E0                    		xchg	ah,al 
 1F11  8B C8                    		mov	cx,ax 
 1F13  2E: 89 16 4FEB           		mov	cs:data_68e,dx 
 1F18  2E: 89 0E 4FEF           		mov	cs:data_70e,cx 
 1F1D  0B C2                    		or	ax,dx 
 1F1F  8B D8                    		mov	bx,ax 
 1F21  D1 EB                    		shr	bx,1			; Shift w/zeros fill 
 1F23  0B C3                    		or	ax,bx 
 1F25  03 DB                    		add	bx,bx 
 1F27  03 DB                    		add	bx,bx 
 1F29  0B C3                    		or	ax,bx 
 1F2B  F7 D0                    		not	ax 
 1F2D  2E: A3 4FF5              		mov	cs:data_75e,ax 
 1F31  E8 1F4C R                		call	sub_49 
 1F34  8B C2                    		mov	ax,dx 
 1F36  AB                       		stosw				; Store ax to es:[di] 
 1F37  E8 1F4C R                		call	sub_49 
 1F3A  8B C2                    		mov	ax,dx 
 1F3C  AB                       		stosw				; Store ax to es:[di] 
 1F3D  E8 1F6E R                		call	sub_50 
 1F40  26: 88 56 00             		mov	es:[bp],dl 
 1F44  45                       		inc	bp 
 1F45  59                       		pop	cx 
 1F46  E2 C0                    		loop	locloop_245		; Loop if cx > 0 
                                 
 1F48  59                       		pop	cx 
 1F49  E2 B9                    		loop	locloop_244		; Loop if cx > 0 
                                 
                                		retn 
 1F4B  C3                     1                 db     0C3h
Microsoft (R) Macro Assembler  Version 4.00                 3/29/26 15:15:16

                                                            Page     1-75
                                                            

                                 
                                ;ﬂﬂﬂﬂﬂﬂﬂﬂﬂﬂﬂﬂﬂﬂﬂﬂﬂﬂﬂﬂﬂﬂﬂﬂﬂﬂﬂﬂﬂﬂﬂﬂﬂﬂﬂﬂﬂﬂﬂﬂﬂﬂﬂﬂﬂﬂﬂﬂﬂﬂﬂﬂﬂﬂﬂﬂﬂﬂﬂﬂﬂﬂﬂﬂﬂﬂﬂﬂﬂﬂﬂﬂﬂﬂ 
                                ;                              SUBROUTINE 
                                ;‹‹‹‹‹‹‹‹‹‹‹‹‹‹‹‹‹‹‹‹‹‹‹‹‹‹‹‹‹‹‹‹‹‹‹‹‹‹‹‹‹‹‹‹‹‹‹‹‹‹‹‹‹‹‹‹‹‹‹‹‹‹‹‹‹‹‹‹‹‹‹‹‹‹ 
                                 
 1F4C                           sub_49		proc	near 
 1F4C  B9 0004                  		mov	cx,4 
                                 
 1F4F                           locloop_246: 
 1F4F  2E: D1 06 4FEF           		rol	word ptr cs:data_70e,1	; Rotate 
 1F54  13 D2                    		adc	dx,dx 
 1F56  2E: D1 06 4FEB           		rol	word ptr cs:data_68e,1	; Rotate 
 1F5B  13 D2                    		adc	dx,dx 
 1F5D  2E: D1 06 4FEF           		rol	word ptr cs:data_70e,1	; Rotate 
 1F62  13 D2                    		adc	dx,dx 
 1F64  2E: D1 06 4FEB           		rol	word ptr cs:data_68e,1	; Rotate 
 1F69  13 D2                    		adc	dx,dx 
 1F6B  E2 E2                    		loop	locloop_246		; Loop if cx > 0 
                                 
                                		retn 
 1F6D  C3                     1                 db     0C3h
                                sub_49		endp 
                                 
                                 
                                ;ﬂﬂﬂﬂﬂﬂﬂﬂﬂﬂﬂﬂﬂﬂﬂﬂﬂﬂﬂﬂﬂﬂﬂﬂﬂﬂﬂﬂﬂﬂﬂﬂﬂﬂﬂﬂﬂﬂﬂﬂﬂﬂﬂﬂﬂﬂﬂﬂﬂﬂﬂﬂﬂﬂﬂﬂﬂﬂﬂﬂﬂﬂﬂﬂﬂﬂﬂﬂﬂﬂﬂﬂﬂﬂ 
                                ;                              SUBROUTINE 
                                ;‹‹‹‹‹‹‹‹‹‹‹‹‹‹‹‹‹‹‹‹‹‹‹‹‹‹‹‹‹‹‹‹‹‹‹‹‹‹‹‹‹‹‹‹‹‹‹‹‹‹‹‹‹‹‹‹‹‹‹‹‹‹‹‹‹‹‹‹‹‹‹‹‹‹ 
                                 
 1F6E                           sub_50		proc	near 
 1F6E  B9 0008                  		mov	cx,8 
                                 
 1F71                           locloop_247: 
 1F71  32 C0                    		xor	al,al			; Zero register 
 1F73  2E: D1 06 4FF5           		rol	word ptr cs:data_75e,1	; Rotate 
 1F78  12 C0                    		adc	al,al 
 1F7A  2E: D1 06 4FF5           		rol	word ptr cs:data_75e,1	; Rotate 
 1F7F  12 C0                    		adc	al,al 
 1F81  3C 03                    		cmp	al,3 
 1F83  74 02                    		je	loc_248			; Jump if equal 
 1F85  32 C0                    		xor	al,al			; Zero register 
 1F87                           loc_248: 
 1F87  24 01                    		and	al,1 
 1F89  02 D2                    		add	dl,dl 
 1F8B  0A D0                    		or	dl,al 
 1F8D  E2 E2                    		loop	locloop_247		; Loop if cx > 0 
                                 
                                		retn 
 1F8F  C3                     1                 db     0C3h
                                sub_50		endp 
                                 
                                			                        ;* No entry point to code 
 1F90  98                       		cbw				; Convrt byte to word 
 1F91  4F                       		dec	di 
 1F92  A8 4F                    		test	al,4Fh			; 'O' 
 1F94  B8 C84F                  		mov	ax,0C84Fh 
Microsoft (R) Macro Assembler  Version 4.00                 3/29/26 15:15:16

                                                            Page     1-76
                                                            

 1F97  4F                       		dec	di 
 1F98  D8 4F C8 4F 00 01        		db	0D8h, 4Fh,0C8h, 4Fh, 00h, 01h 
 1F9E  02 03 08 09 0A 0B        		db	 02h, 03h, 08h, 09h, 0Ah, 0Bh 
 1FA4  10 11 12 13 18 19        		db	 10h, 11h, 12h, 13h, 18h, 19h 
 1FAA  1A 1B 00 02 04 06        		db	 1Ah, 1Bh, 00h, 02h, 04h, 06h 
 1FB0  10 12 14 16              		db	 10h, 12h, 14h, 16h 
 1FB4  20 22 24                 		db	' "$' 
 1FB7  26 30 32 34 36           		db	'&0246' 
 1FBC  00 01 04 05              		db	0, 1, 4, 5 
 1FC0  08 09 0C 0D 20 21 24     		db	8, 9, 0Ch, 0Dh, ' !$' 
                                
 1FC7  25 28 29 2C 2D           		db	'%(),-' 
 1FCC  00 05 06 07              		db	0, 5, 6, 7 
 1FD0  28 2D 2E 2F 30 35 36     		db	'(-./05678=>?' 
       37 38 3D 3E 3F           
 1FDC  00 06 05 07              		db	0, 6, 5, 7 
 1FE0  30 36 35 37 28 2E 2D     		db	'0657(.-/8>=?' 
       2F 38 3E 3D 3F           
 1FEC  C3                       		db	0C3h 
 1FED  0374[                    		db	884 dup (0) 
            00                  
                         ]      
                                
                                 
 2361                           seg_a		ends 
                                 
                                 
                                 
                                		end	start 

Microsoft (R) Macro Assembler  Version 4.00                 3/29/26 15:15:16

                                                            Symbols-1
                                                             

Macros:

		N a m e			Lines

CALLF  . . . . . . . . . . . . .  	   2
CALLFX . . . . . . . . . . . . .  	   3
JMPN . . . . . . . . . . . . . .  	   2
MOVSEG . . . . . . . . . . . . .  	  43
RETF . . . . . . . . . . . . . .  	   6
RETN . . . . . . . . . . . . . .  	   6

Segments and Groups:

                N a m e         	Size	Align	Combine Class

SEG_A  . . . . . . . . . . . . .  	2361	BYTE	PUBLIC	

Symbols:            

                N a m e         	Type	Value	Attr         

DATA_100E  . . . . . . . . . . .  	Number	FF1A	
DATA_101E  . . . . . . . . . . .  	Number	FF2C	
DATA_102E  . . . . . . . . . . .  	Number	FF2F	
DATA_103E  . . . . . . . . . . .  	Number	FF31	
DATA_104E  . . . . . . . . . . .  	Number	FF33	
DATA_105E  . . . . . . . . . . .  	Number	FF34	
DATA_106E  . . . . . . . . . . .  	Number	FF35	
DATA_107E  . . . . . . . . . . .  	Number	FF36	
DATA_108E  . . . . . . . . . . .  	Number	FF37	
DATA_109E  . . . . . . . . . . .  	Number	FF38	
DATA_110E  . . . . . . . . . . .  	Number	FF39	
DATA_111E  . . . . . . . . . . .  	Number	FF3A	
DATA_112E  . . . . . . . . . . .  	Number	FF3D	
DATA_113E  . . . . . . . . . . .  	Number	FF3F	
DATA_114E  . . . . . . . . . . .  	Number	FF40	
DATA_115E  . . . . . . . . . . .  	Number	FF41	
DATA_116E  . . . . . . . . . . .  	Number	FF42	
DATA_117E  . . . . . . . . . . .  	Number	FF43	
DATA_118E  . . . . . . . . . . .  	Number	FF44	
DATA_119E  . . . . . . . . . . .  	Number	FF45	
DATA_120E  . . . . . . . . . . .  	Number	FF46	
DATA_121E  . . . . . . . . . . .  	Number	0138	
DATA_122E  . . . . . . . . . . .  	Number	0500	
DATA_123E  . . . . . . . . . . .  	Number	11B0	
DATA_124E  . . . . . . . . . . .  	Number	FA00	
DATA_125E  . . . . . . . . . . .  	Number	FA40	
DATA_1E  . . . . . . . . . . . .  	Number	4000	
DATA_2E  . . . . . . . . . . . .  	Number	6000	
DATA_3E  . . . . . . . . . . . .  	Number	6333	
DATA_4E  . . . . . . . . . . . .  	Number	9350	
DATA_55E . . . . . . . . . . . .  	Number	2939	
DATA_56E . . . . . . . . . . . .  	Number	3176	
DATA_57E . . . . . . . . . . . .  	Number	3893	
DATA_58E . . . . . . . . . . . .  	Number	389B	
Microsoft (R) Macro Assembler  Version 4.00                 3/29/26 15:15:16

                                                            Symbols-2
                                                             

DATA_59E . . . . . . . . . . . .  	Number	3963	
DATA_5E  . . . . . . . . . . . .  	Number	B000	
DATA_60E . . . . . . . . . . . .  	Number	3F38	
DATA_61E . . . . . . . . . . . .  	Number	4086	
DATA_62E . . . . . . . . . . . .  	Number	4588	
DATA_63E . . . . . . . . . . . .  	Number	46D4	
DATA_64E . . . . . . . . . . . .  	Number	4A25	
DATA_65E . . . . . . . . . . . .  	Number	4F8C	
DATA_66E . . . . . . . . . . . .  	Number	4FE9	
DATA_68E . . . . . . . . . . . .  	Number	4FEB	
DATA_69E . . . . . . . . . . . .  	Number	4FED	
DATA_6E  . . . . . . . . . . . .  	Number	B17E	
DATA_70E . . . . . . . . . . . .  	Number	4FEF	
DATA_71E . . . . . . . . . . . .  	Number	4FF1	
DATA_72E . . . . . . . . . . . .  	Number	4FF2	
DATA_73E . . . . . . . . . . . .  	Number	4FF3	
DATA_74E . . . . . . . . . . . .  	Number	4FF4	
DATA_75E . . . . . . . . . . . .  	Number	4FF5	
DATA_77E . . . . . . . . . . . .  	Number	4FF7	
DATA_78E . . . . . . . . . . . .  	Number	4FF9	
DATA_79E . . . . . . . . . . . .  	Number	4FFB	
DATA_7E  . . . . . . . . . . . .  	Number	D000	
DATA_8 . . . . . . . . . . . . .  	L WORD 	0038	SEG_A
DATA_81E . . . . . . . . . . . .  	Number	4FFD	
DATA_82E . . . . . . . . . . . .  	Number	4FFF	
DATA_83E . . . . . . . . . . . .  	Number	5000	
DATA_84E . . . . . . . . . . . .  	Number	5010	
DATA_85E . . . . . . . . . . . .  	Number	5011	
DATA_86E . . . . . . . . . . . .  	Number	5014	
DATA_87E . . . . . . . . . . . .  	Number	501D	
DATA_88E . . . . . . . . . . . .  	Number	511D	
DATA_89E . . . . . . . . . . . .  	Number	625C	
DATA_9 . . . . . . . . . . . . .  	L BYTE 	003C	SEG_A
DATA_90E . . . . . . . . . . . .  	Number	A030	
DATA_91E . . . . . . . . . . . .  	Number	C010	
DATA_92E . . . . . . . . . . . .  	Number	C012	
DATA_93E . . . . . . . . . . . .  	Number	E000	
DATA_94E . . . . . . . . . . . .  	Number	E900	
DATA_95E . . . . . . . . . . . .  	Number	E91B	
DATA_96E . . . . . . . . . . . .  	Number	ED20	
DATA_97E . . . . . . . . . . . .  	Number	EDA0	
DATA_98E . . . . . . . . . . . .  	Number	F739	
DATA_99E . . . . . . . . . . . .  	Number	FA00	

LOCLOOP_101  . . . . . . . . . .  	L NEAR	0A26	SEG_A
LOCLOOP_102  . . . . . . . . . .  	L NEAR	0A2A	SEG_A
LOCLOOP_136  . . . . . . . . . .  	L NEAR	0CE1	SEG_A
LOCLOOP_14 . . . . . . . . . . .  	L NEAR	00CE	SEG_A
LOCLOOP_145  . . . . . . . . . .  	L NEAR	0DF5	SEG_A
LOCLOOP_161  . . . . . . . . . .  	L NEAR	0F5A	SEG_A
LOCLOOP_162  . . . . . . . . . .  	L NEAR	0F7C	SEG_A
LOCLOOP_163  . . . . . . . . . .  	L NEAR	0FB3	SEG_A
LOCLOOP_164  . . . . . . . . . .  	L NEAR	0FB7	SEG_A
LOCLOOP_167  . . . . . . . . . .  	L NEAR	1018	SEG_A
LOCLOOP_168  . . . . . . . . . .  	L NEAR	101D	SEG_A
Microsoft (R) Macro Assembler  Version 4.00                 3/29/26 15:15:16

                                                            Symbols-3
                                                             

LOCLOOP_170  . . . . . . . . . .  	L NEAR	103D	SEG_A
LOCLOOP_178  . . . . . . . . . .  	L NEAR	1116	SEG_A
LOCLOOP_179  . . . . . . . . . .  	L NEAR	111A	SEG_A
LOCLOOP_180  . . . . . . . . . .  	L NEAR	114F	SEG_A
LOCLOOP_181  . . . . . . . . . .  	L NEAR	1153	SEG_A
LOCLOOP_187  . . . . . . . . . .  	L NEAR	11BA	SEG_A
LOCLOOP_188  . . . . . . . . . .  	L NEAR	11C3	SEG_A
LOCLOOP_193  . . . . . . . . . .  	L NEAR	1260	SEG_A
LOCLOOP_195  . . . . . . . . . .  	L NEAR	1376	SEG_A
LOCLOOP_205  . . . . . . . . . .  	L NEAR	13FE	SEG_A
LOCLOOP_213  . . . . . . . . . .  	L NEAR	148C	SEG_A
LOCLOOP_214  . . . . . . . . . .  	L NEAR	1491	SEG_A
LOCLOOP_215  . . . . . . . . . .  	L NEAR	1499	SEG_A
LOCLOOP_219  . . . . . . . . . .  	L NEAR	1533	SEG_A
LOCLOOP_220  . . . . . . . . . .  	L NEAR	1537	SEG_A
LOCLOOP_221  . . . . . . . . . .  	L NEAR	1553	SEG_A
LOCLOOP_222  . . . . . . . . . .  	L NEAR	1627	SEG_A
LOCLOOP_223  . . . . . . . . . .  	L NEAR	162B	SEG_A
LOCLOOP_224  . . . . . . . . . .  	L NEAR	1660	SEG_A
LOCLOOP_225  . . . . . . . . . .  	L NEAR	1670	SEG_A
LOCLOOP_226  . . . . . . . . . .  	L NEAR	16A5	SEG_A
LOCLOOP_238  . . . . . . . . . .  	L NEAR	1963	SEG_A
LOCLOOP_239  . . . . . . . . . .  	L NEAR	197C	SEG_A
LOCLOOP_240  . . . . . . . . . .  	L NEAR	19B5	SEG_A
LOCLOOP_241  . . . . . . . . . .  	L NEAR	1B8A	SEG_A
LOCLOOP_242  . . . . . . . . . .  	L NEAR	1B8F	SEG_A
LOCLOOP_243  . . . . . . . . . .  	L NEAR	1B94	SEG_A
LOCLOOP_244  . . . . . . . . . .  	L NEAR	1F04	SEG_A
LOCLOOP_245  . . . . . . . . . .  	L NEAR	1F08	SEG_A
LOCLOOP_246  . . . . . . . . . .  	L NEAR	1F4F	SEG_A
LOCLOOP_247  . . . . . . . . . .  	L NEAR	1F71	SEG_A
LOCLOOP_3  . . . . . . . . . . .  	L NEAR	005E	SEG_A
LOCLOOP_44 . . . . . . . . . . .  	L NEAR	02B0	SEG_A
LOCLOOP_45 . . . . . . . . . . .  	L NEAR	02B4	SEG_A
LOCLOOP_47 . . . . . . . . . . .  	L NEAR	02FC	SEG_A
LOCLOOP_49 . . . . . . . . . . .  	L NEAR	031A	SEG_A
LOCLOOP_72 . . . . . . . . . . .  	L NEAR	062D	SEG_A
LOCLOOP_73 . . . . . . . . . . .  	L NEAR	0642	SEG_A
LOCLOOP_74 . . . . . . . . . . .  	L NEAR	0658	SEG_A
LOCLOOP_75 . . . . . . . . . . .  	L NEAR	0668	SEG_A
LOCLOOP_76 . . . . . . . . . . .  	L NEAR	0692	SEG_A
LOCLOOP_77 . . . . . . . . . . .  	L NEAR	06A0	SEG_A
LOCLOOP_91 . . . . . . . . . . .  	L NEAR	080F	SEG_A
LOCLOOP_97 . . . . . . . . . . .  	L NEAR	09CD	SEG_A
LOCLOOP_98 . . . . . . . . . . .  	L NEAR	09E7	SEG_A
LOC_1  . . . . . . . . . . . . .  	L NEAR	0046	SEG_A
LOC_10 . . . . . . . . . . . . .  	L NEAR	00A6	SEG_A
LOC_100  . . . . . . . . . . . .  	L NEAR	09FA	SEG_A
LOC_103  . . . . . . . . . . . .  	L NEAR	0A3F	SEG_A
LOC_104  . . . . . . . . . . . .  	L NEAR	0A53	SEG_A
LOC_105  . . . . . . . . . . . .  	L NEAR	0A68	SEG_A
LOC_106  . . . . . . . . . . . .  	L NEAR	0A7C	SEG_A
LOC_107  . . . . . . . . . . . .  	L NEAR	0AC3	SEG_A
LOC_108  . . . . . . . . . . . .  	L NEAR	0AD4	SEG_A
LOC_109  . . . . . . . . . . . .  	L NEAR	0AF9	SEG_A
Microsoft (R) Macro Assembler  Version 4.00                 3/29/26 15:15:16

                                                            Symbols-4
                                                             

LOC_11 . . . . . . . . . . . . .  	L NEAR	00AF	SEG_A
LOC_110  . . . . . . . . . . . .  	L NEAR	0B12	SEG_A
LOC_111  . . . . . . . . . . . .  	L NEAR	0B19	SEG_A
LOC_112  . . . . . . . . . . . .  	L NEAR	0B1D	SEG_A
LOC_113  . . . . . . . . . . . .  	L NEAR	0B44	SEG_A
LOC_114  . . . . . . . . . . . .  	L NEAR	0B48	SEG_A
LOC_115  . . . . . . . . . . . .  	L NEAR	0B66	SEG_A
LOC_116  . . . . . . . . . . . .  	L NEAR	0B7A	SEG_A
LOC_117  . . . . . . . . . . . .  	L NEAR	0B85	SEG_A
LOC_118  . . . . . . . . . . . .  	L NEAR	0BA6	SEG_A
LOC_119  . . . . . . . . . . . .  	L NEAR	0BB2	SEG_A
LOC_12 . . . . . . . . . . . . .  	L NEAR	00BB	SEG_A
LOC_120  . . . . . . . . . . . .  	L NEAR	0BEC	SEG_A
LOC_121  . . . . . . . . . . . .  	L NEAR	0BF5	SEG_A
LOC_122  . . . . . . . . . . . .  	L NEAR	0BF7	SEG_A
LOC_123  . . . . . . . . . . . .  	L NEAR	0C0A	SEG_A
LOC_124  . . . . . . . . . . . .  	L NEAR	0C1B	SEG_A
LOC_125  . . . . . . . . . . . .  	L NEAR	0C2C	SEG_A
LOC_126  . . . . . . . . . . . .  	L NEAR	0C3B	SEG_A
LOC_127  . . . . . . . . . . . .  	L NEAR	0C60	SEG_A
LOC_128  . . . . . . . . . . . .  	L NEAR	0C79	SEG_A
LOC_129  . . . . . . . . . . . .  	L NEAR	0C80	SEG_A
LOC_13 . . . . . . . . . . . . .  	L NEAR	00CB	SEG_A
LOC_130  . . . . . . . . . . . .  	L NEAR	0C84	SEG_A
LOC_131  . . . . . . . . . . . .  	L NEAR	0CA6	SEG_A
LOC_132  . . . . . . . . . . . .  	L NEAR	0CAA	SEG_A
LOC_133  . . . . . . . . . . . .  	L NEAR	0CC4	SEG_A
LOC_134  . . . . . . . . . . . .  	L NEAR	0CC6	SEG_A
LOC_135  . . . . . . . . . . . .  	L NEAR	0CD7	SEG_A
LOC_137  . . . . . . . . . . . .  	L NEAR	0D1E	SEG_A
LOC_138  . . . . . . . . . . . .  	L NEAR	0D2F	SEG_A
LOC_139  . . . . . . . . . . . .  	L NEAR	0D36	SEG_A
LOC_140  . . . . . . . . . . . .  	L NEAR	0D39	SEG_A
LOC_141  . . . . . . . . . . . .  	L NEAR	0D6A	SEG_A
LOC_142  . . . . . . . . . . . .  	L NEAR	0D71	SEG_A
LOC_143  . . . . . . . . . . . .  	L NEAR	0D7F	SEG_A
LOC_144  . . . . . . . . . . . .  	L NEAR	0DCA	SEG_A
LOC_147  . . . . . . . . . . . .  	L NEAR	0E1D	SEG_A
LOC_148  . . . . . . . . . . . .  	L NEAR	0E27	SEG_A
LOC_149  . . . . . . . . . . . .  	L NEAR	0E2F	SEG_A
LOC_15 . . . . . . . . . . . . .  	L NEAR	00D5	SEG_A
LOC_150  . . . . . . . . . . . .  	L NEAR	0E36	SEG_A
LOC_151  . . . . . . . . . . . .  	L NEAR	0E41	SEG_A
LOC_152  . . . . . . . . . . . .  	L NEAR	0E63	SEG_A
LOC_153  . . . . . . . . . . . .  	L NEAR	0E86	SEG_A
LOC_154  . . . . . . . . . . . .  	L NEAR	0E90	SEG_A
LOC_155  . . . . . . . . . . . .  	L NEAR	0EB1	SEG_A
LOC_156  . . . . . . . . . . . .  	L NEAR	0ED7	SEG_A
LOC_157  . . . . . . . . . . . .  	L NEAR	0EF3	SEG_A
LOC_158  . . . . . . . . . . . .  	L NEAR	0F04	SEG_A
LOC_159  . . . . . . . . . . . .  	L NEAR	0F1F	SEG_A
LOC_16 . . . . . . . . . . . . .  	L NEAR	00DC	SEG_A
LOC_160  . . . . . . . . . . . .  	L NEAR	0F36	SEG_A
LOC_165  . . . . . . . . . . . .  	L NEAR	0FD5	SEG_A
LOC_166  . . . . . . . . . . . .  	L NEAR	0FDD	SEG_A
Microsoft (R) Macro Assembler  Version 4.00                 3/29/26 15:15:16

                                                            Symbols-5
                                                             

LOC_169  . . . . . . . . . . . .  	L NEAR	1029	SEG_A
LOC_17 . . . . . . . . . . . . .  	L NEAR	00E3	SEG_A
LOC_171  . . . . . . . . . . . .  	L NEAR	107B	SEG_A
LOC_172  . . . . . . . . . . . .  	L NEAR	10B9	SEG_A
LOC_173  . . . . . . . . . . . .  	L NEAR	10C6	SEG_A
LOC_174  . . . . . . . . . . . .  	L NEAR	10D5	SEG_A
LOC_175  . . . . . . . . . . . .  	L NEAR	10F4	SEG_A
LOC_176  . . . . . . . . . . . .  	L NEAR	10FC	SEG_A
LOC_177  . . . . . . . . . . . .  	L NEAR	1101	SEG_A
LOC_18 . . . . . . . . . . . . .  	L NEAR	00EA	SEG_A
LOC_182  . . . . . . . . . . . .  	L NEAR	1166	SEG_A
LOC_183  . . . . . . . . . . . .  	L NEAR	1172	SEG_A
LOC_184  . . . . . . . . . . . .  	L NEAR	117F	SEG_A
LOC_185  . . . . . . . . . . . .  	L NEAR	1187	SEG_A
LOC_186  . . . . . . . . . . . .  	L NEAR	11A5	SEG_A
LOC_189  . . . . . . . . . . . .  	L NEAR	11DD	SEG_A
LOC_19 . . . . . . . . . . . . .  	L NEAR	00F4	SEG_A
LOC_190  . . . . . . . . . . . .  	L NEAR	11F1	SEG_A
LOC_191  . . . . . . . . . . . .  	L NEAR	11F7	SEG_A
LOC_192  . . . . . . . . . . . .  	L NEAR	1224	SEG_A
LOC_194  . . . . . . . . . . . .  	L NEAR	12A9	SEG_A
LOC_196  . . . . . . . . . . . .  	L NEAR	1385	SEG_A
LOC_197  . . . . . . . . . . . .  	L NEAR	138C	SEG_A
LOC_198  . . . . . . . . . . . .  	L NEAR	1393	SEG_A
LOC_199  . . . . . . . . . . . .  	L NEAR	139A	SEG_A
LOC_2  . . . . . . . . . . . . .  	L NEAR	005A	SEG_A
LOC_20 . . . . . . . . . . . . .  	L NEAR	00FB	SEG_A
LOC_200  . . . . . . . . . . . .  	L NEAR	13CD	SEG_A
LOC_201  . . . . . . . . . . . .  	L NEAR	13D2	SEG_A
LOC_202  . . . . . . . . . . . .  	L NEAR	13D8	SEG_A
LOC_203  . . . . . . . . . . . .  	L NEAR	13DE	SEG_A
LOC_204  . . . . . . . . . . . .  	L NEAR	13E5	SEG_A
LOC_206  . . . . . . . . . . . .  	L NEAR	140E	SEG_A
LOC_207  . . . . . . . . . . . .  	L NEAR	1413	SEG_A
LOC_208  . . . . . . . . . . . .  	L NEAR	1419	SEG_A
LOC_209  . . . . . . . . . . . .  	L NEAR	141F	SEG_A
LOC_21 . . . . . . . . . . . . .  	L NEAR	0102	SEG_A
LOC_210  . . . . . . . . . . . .  	L NEAR	1426	SEG_A
LOC_211  . . . . . . . . . . . .  	L NEAR	145A	SEG_A
LOC_212  . . . . . . . . . . . .  	L NEAR	1481	SEG_A
LOC_216  . . . . . . . . . . . .  	L NEAR	14FB	SEG_A
LOC_217  . . . . . . . . . . . .  	L NEAR	150B	SEG_A
LOC_218  . . . . . . . . . . . .  	L NEAR	1517	SEG_A
LOC_22 . . . . . . . . . . . . .  	L NEAR	010C	SEG_A
LOC_227  . . . . . . . . . . . .  	L NEAR	16D1	SEG_A
LOC_228  . . . . . . . . . . . .  	L NEAR	16F0	SEG_A
LOC_229  . . . . . . . . . . . .  	L NEAR	16F9	SEG_A
LOC_23 . . . . . . . . . . . . .  	L NEAR	0115	SEG_A
LOC_230  . . . . . . . . . . . .  	L NEAR	1704	SEG_A
LOC_231  . . . . . . . . . . . .  	L NEAR	170A	SEG_A
LOC_232  . . . . . . . . . . . .  	L NEAR	1715	SEG_A
LOC_233  . . . . . . . . . . . .  	L NEAR	171D	SEG_A
LOC_234  . . . . . . . . . . . .  	L NEAR	1723	SEG_A
LOC_235  . . . . . . . . . . . .  	L NEAR	172E	SEG_A
LOC_236  . . . . . . . . . . . .  	L NEAR	1736	SEG_A
Microsoft (R) Macro Assembler  Version 4.00                 3/29/26 15:15:16

                                                            Symbols-6
                                                             

LOC_237  . . . . . . . . . . . .  	L NEAR	173C	SEG_A
LOC_24 . . . . . . . . . . . . .  	L NEAR	0132	SEG_A
LOC_248  . . . . . . . . . . . .  	L NEAR	1F87	SEG_A
LOC_25 . . . . . . . . . . . . .  	L NEAR	0140	SEG_A
LOC_26 . . . . . . . . . . . . .  	L NEAR	0160	SEG_A
LOC_27 . . . . . . . . . . . . .  	L NEAR	0168	SEG_A
LOC_28 . . . . . . . . . . . . .  	L NEAR	016D	SEG_A
LOC_29 . . . . . . . . . . . . .  	L NEAR	018C	SEG_A
LOC_30 . . . . . . . . . . . . .  	L NEAR	0198	SEG_A
LOC_31 . . . . . . . . . . . . .  	L NEAR	01AC	SEG_A
LOC_33 . . . . . . . . . . . . .  	L NEAR	01C4	SEG_A
LOC_34 . . . . . . . . . . . . .  	L NEAR	01CE	SEG_A
LOC_35 . . . . . . . . . . . . .  	L NEAR	01ED	SEG_A
LOC_36 . . . . . . . . . . . . .  	L NEAR	01F7	SEG_A
LOC_37 . . . . . . . . . . . . .  	L NEAR	01FF	SEG_A
LOC_38 . . . . . . . . . . . . .  	L NEAR	0222	SEG_A
LOC_39 . . . . . . . . . . . . .  	L NEAR	0246	SEG_A
LOC_4  . . . . . . . . . . . . .  	L NEAR	0067	SEG_A
LOC_40 . . . . . . . . . . . . .  	L NEAR	0252	SEG_A
LOC_41 . . . . . . . . . . . . .  	L NEAR	0260	SEG_A
LOC_42 . . . . . . . . . . . . .  	L NEAR	026C	SEG_A
LOC_43 . . . . . . . . . . . . .  	L NEAR	0286	SEG_A
LOC_46 . . . . . . . . . . . . .  	L NEAR	02EE	SEG_A
LOC_48 . . . . . . . . . . . . .  	L NEAR	0310	SEG_A
LOC_5  . . . . . . . . . . . . .  	L NEAR	0071	SEG_A
LOC_50 . . . . . . . . . . . . .  	L NEAR	0332	SEG_A
LOC_51 . . . . . . . . . . . . .  	L NEAR	033A	SEG_A
LOC_52 . . . . . . . . . . . . .  	L NEAR	0352	SEG_A
LOC_53 . . . . . . . . . . . . .  	L NEAR	03B7	SEG_A
LOC_54 . . . . . . . . . . . . .  	L NEAR	03BF	SEG_A
LOC_55 . . . . . . . . . . . . .  	L NEAR	03D5	SEG_A
LOC_56 . . . . . . . . . . . . .  	L NEAR	0438	SEG_A
LOC_57 . . . . . . . . . . . . .  	L NEAR	043E	SEG_A
LOC_58 . . . . . . . . . . . . .  	L NEAR	0465	SEG_A
LOC_59 . . . . . . . . . . . . .  	L NEAR	0468	SEG_A
LOC_6  . . . . . . . . . . . . .  	L NEAR	007B	SEG_A
LOC_60 . . . . . . . . . . . . .  	L NEAR	046C	SEG_A
LOC_61 . . . . . . . . . . . . .  	L NEAR	04E3	SEG_A
LOC_62 . . . . . . . . . . . . .  	L NEAR	04E7	SEG_A
LOC_63 . . . . . . . . . . . . .  	L NEAR	0539	SEG_A
LOC_64 . . . . . . . . . . . . .  	L NEAR	053F	SEG_A
LOC_65 . . . . . . . . . . . . .  	L NEAR	0566	SEG_A
LOC_66 . . . . . . . . . . . . .  	L NEAR	0569	SEG_A
LOC_67 . . . . . . . . . . . . .  	L NEAR	058B	SEG_A
LOC_68 . . . . . . . . . . . . .  	L NEAR	0596	SEG_A
LOC_69 . . . . . . . . . . . . .  	L NEAR	059D	SEG_A
LOC_7  . . . . . . . . . . . . .  	L NEAR	0085	SEG_A
LOC_70 . . . . . . . . . . . . .  	L NEAR	05AC	SEG_A
LOC_71 . . . . . . . . . . . . .  	L NEAR	05FE	SEG_A
LOC_78 . . . . . . . . . . . . .  	L NEAR	0708	SEG_A
LOC_79 . . . . . . . . . . . . .  	L NEAR	0728	SEG_A
LOC_8  . . . . . . . . . . . . .  	L NEAR	0092	SEG_A
LOC_80 . . . . . . . . . . . . .  	L NEAR	0736	SEG_A
LOC_81 . . . . . . . . . . . . .  	L NEAR	0744	SEG_A
LOC_82 . . . . . . . . . . . . .  	L NEAR	0749	SEG_A
Microsoft (R) Macro Assembler  Version 4.00                 3/29/26 15:15:16

                                                            Symbols-7
                                                             

LOC_83 . . . . . . . . . . . . .  	L NEAR	0755	SEG_A
LOC_84 . . . . . . . . . . . . .  	L NEAR	075B	SEG_A
LOC_85 . . . . . . . . . . . . .  	L NEAR	0772	SEG_A
LOC_86 . . . . . . . . . . . . .  	L NEAR	0778	SEG_A
LOC_87 . . . . . . . . . . . . .  	L NEAR	0779	SEG_A
LOC_88 . . . . . . . . . . . . .  	L NEAR	0790	SEG_A
LOC_89 . . . . . . . . . . . . .  	L NEAR	07A7	SEG_A
LOC_9  . . . . . . . . . . . . .  	L NEAR	009C	SEG_A
LOC_90 . . . . . . . . . . . . .  	L NEAR	07B0	SEG_A
LOC_92 . . . . . . . . . . . . .  	L NEAR	0892	SEG_A
LOC_94 . . . . . . . . . . . . .  	L NEAR	096D	SEG_A
LOC_95 . . . . . . . . . . . . .  	L NEAR	09A1	SEG_A
LOC_99 . . . . . . . . . . . . .  	L NEAR	09EF	SEG_A
LOC_RET_146  . . . . . . . . . .  	L NEAR	0E1C	SEG_A

START  . . . . . . . . . . . . .  	L NEAR	0000	SEG_A
SUB_1  . . . . . . . . . . . . .  	N PROC	0128	SEG_A	Length = 0052
SUB_10 . . . . . . . . . . . . .  	N PROC	0614	SEG_A	Length = 002B
SUB_11 . . . . . . . . . . . . .  	L NEAR	062A	SEG_A
SUB_12 . . . . . . . . . . . . .  	N PROC	063F	SEG_A	Length = 0016
SUB_13 . . . . . . . . . . . . .  	N PROC	0655	SEG_A	Length = 0010
SUB_14 . . . . . . . . . . . . .  	N PROC	0665	SEG_A	Length = 000D
SUB_15 . . . . . . . . . . . . .  	N PROC	0672	SEG_A	Length = 001D
SUB_16 . . . . . . . . . . . . .  	N PROC	068F	SEG_A	Length = 000E
SUB_17 . . . . . . . . . . . . .  	N PROC	069D	SEG_A	Length = 0031
SUB_18 . . . . . . . . . . . . .  	N PROC	06CE	SEG_A	Length = 0008
SUB_19 . . . . . . . . . . . . .  	N PROC	06D6	SEG_A	Length = 0007
SUB_2  . . . . . . . . . . . . .  	N PROC	0276	SEG_A	Length = 00B4
SUB_20 . . . . . . . . . . . . .  	N PROC	06DD	SEG_A	Length = 0051
SUB_21 . . . . . . . . . . . . .  	N PROC	072E	SEG_A	Length = 0072
SUB_22 . . . . . . . . . . . . .  	N PROC	0CE1	SEG_A	Length = 0046
SUB_23 . . . . . . . . . . . . .  	N PROC	0D27	SEG_A	Length = 0012
SUB_24 . . . . . . . . . . . . .  	N PROC	0DD1	SEG_A	Length = 002F
SUB_25 . . . . . . . . . . . . .  	N PROC	0E00	SEG_A	Length = 0333
SUB_26 . . . . . . . . . . . . .  	L NEAR	0F2E	SEG_A
SUB_27 . . . . . . . . . . . . .  	L NEAR	0F47	SEG_A
SUB_28 . . . . . . . . . . . . .  	L NEAR	0F69	SEG_A
SUB_29 . . . . . . . . . . . . .  	L NEAR	0F8B	SEG_A
SUB_3  . . . . . . . . . . . . .  	N PROC	032A	SEG_A	Length = 003D
SUB_30 . . . . . . . . . . . . .  	L NEAR	1096	SEG_A
SUB_31 . . . . . . . . . . . . .  	L NEAR	10F4	SEG_A
SUB_32 . . . . . . . . . . . . .  	N PROC	11EB	SEG_A	Length = 00E2
SUB_33 . . . . . . . . . . . . .  	L NEAR	125D	SEG_A
SUB_34 . . . . . . . . . . . . .  	N PROC	12CD	SEG_A	Length = 0019
SUB_35 . . . . . . . . . . . . .  	N PROC	12E6	SEG_A	Length = 0015
SUB_36 . . . . . . . . . . . . .  	N PROC	132B	SEG_A	Length = 007A
SUB_37 . . . . . . . . . . . . .  	L NEAR	1373	SEG_A
SUB_38 . . . . . . . . . . . . .  	N PROC	13A5	SEG_A	Length = 0063
SUB_39 . . . . . . . . . . . . .  	L NEAR	13C7	SEG_A
SUB_4  . . . . . . . . . . . . .  	N PROC	0367	SEG_A	Length = 0048
SUB_40 . . . . . . . . . . . . .  	N PROC	1408	SEG_A	Length = 0037
SUB_41 . . . . . . . . . . . . .  	N PROC	143F	SEG_A	Length = 000F
SUB_42 . . . . . . . . . . . . .  	N PROC	144E	SEG_A	Length = 0033
SUB_43 . . . . . . . . . . . . .  	N PROC	1481	SEG_A	Length = 0030
SUB_44 . . . . . . . . . . . . .  	N PROC	1504	SEG_A	Length = 000C
Microsoft (R) Macro Assembler  Version 4.00                 3/29/26 15:15:16

                                                            Symbols-8
                                                             

SUB_45 . . . . . . . . . . . . .  	N PROC	1510	SEG_A	Length = 000C
SUB_46 . . . . . . . . . . . . .  	N PROC	1644	SEG_A	Length = 0029
SUB_47 . . . . . . . . . . . . .  	N PROC	166D	SEG_A	Length = 006B
SUB_48 . . . . . . . . . . . . .  	N PROC	1979	SEG_A	Length = 001B
SUB_49 . . . . . . . . . . . . .  	N PROC	1F4C	SEG_A	Length = 0022
SUB_5  . . . . . . . . . . . . .  	N PROC	03AF	SEG_A	Length = 0265
SUB_50 . . . . . . . . . . . . .  	N PROC	1F6E	SEG_A	Length = 0022
SUB_6  . . . . . . . . . . . . .  	L NEAR	03E7	SEG_A
SUB_7  . . . . . . . . . . . . .  	L NEAR	056F	SEG_A
SUB_8  . . . . . . . . . . . . .  	L NEAR	0572	SEG_A
SUB_9  . . . . . . . . . . . . .  	L NEAR	059D	SEG_A

TARGET . . . . . . . . . . . . .  	Number	4D34	

_206GFMCA  . . . . . . . . . . .  	F PROC	0000	SEG_A	Length = 0128


   3952 Source  Lines
   4715 Total   Lines
    403 Symbols

  35646 Bytes symbol space free

      0 Warning Errors
      0 Severe  Errors
