Microsoft (R) Macro Assembler  Version 4.00                 3/29/26 15:15:44

                                                            Page     1-1
                                                            

                                 
                                PAGE  59,132 
                                 
                                ;€€€€€€€€€€€€€€€€€€€€€€€€€€€€€€€€€€€€€€€€€€€€€€€€€€€€€€€€€€€€€€€€€€€€€€€€€€ 
                                ;€€					                                 €€ 
                                ;€€				_208SATNO                                €€ 
                                ;€€					                                 €€ 
                                ;€€      Created:   29-Mar-26		                                 €€ 
                                ;€€      Code type: zero start		                                 €€ 
                                ;€€      Passes:    9          Analysis	Options on: none                 €€ 
                                ;€€					                                 €€ 
                                ;€€€€€€€€€€€€€€€€€€€€€€€€€€€€€€€€€€€€€€€€€€€€€€€€€€€€€€€€€€€€€€€€€€€€€€€€€€ 
                                 
 = 4D34                         target		EQU   'M4'                      ; Target assembler: MASM-4.0 
                                 
                             C  include  srmacros.inc 
                             C   
                             C  ; Macros which may be required for proper re-assembly 
                             C   
                             C  IF (target EQ 'M4') 
                             C  ;----------------------------------------------------------------------------- 
                             C  ;  MASM 4.0 does not allow retf and retn, allowed by current assemblers. 
                             C  ;  These marcos, convert RETF and RETN into data bytes that are acceptable 
                             C  ;  to MASM 4.0. 
                             C   
                             C   
                             C  retf            macro   ret_count               ; Fixup for Assembler 
                             C                  if      ret_count+0 GT 1 
                             C                  db      0CAh 
                             C                  dw      ret_count 
                             C                  else 
                             C                  db      0CBh 
                             C                  endif 
                             C  endm 
                             C   
                             C  retn            macro  ret_count 
                             C                  if     ret_count+0 GT 1 
                             C                  db     0C2h 
                             C                  dw     ret_count 
                             C                  else 
                             C                  db     0C3h 
                             C                  endif 
                             C  endm 
                             C   
                             C  ENDIF 
                             C   
                             C   
                             C  IF (target EQ 'M4') OR (target EQ 'M5')  
                             C  ;----------------------------------------------------------------------------- 
                             C  ; Due to a bug in earlier MASM assemblers, the valid instruction type  
                             C  ; "mov segreg, reg"  cannot be used, if the register is not AX.   
                             C  ; For example:  mov  es, bx 
                             C   
                             C  movseg          macro reg16, unused, Imm16      ; Fixup for Assembler 
                             C                  ifidn  <reg16>, <bx>             
Microsoft (R) Macro Assembler  Version 4.00                 3/29/26 15:15:44

                                                            Page     1-2
                                                            

                             C                  db     0BBh                      
                             C                  endif                            
                             C                  ifidn  <reg16>, <cx>             
                             C                  db     0B9h                      
                             C                  endif 
                             C                  ifidn  <reg16>, <dx> 
                             C                  db     0BAh 
                             C                  endif 
                             C                  ifidn  <reg16>, <si> 
                             C                  db     0BEh 
                             C                  endif 
                             C                  ifidn  <reg16>, <di> 
                             C                  db     0BFh 
                             C                  endif 
                             C                  ifidn  <reg16>, <bp> 
                             C                  db     0BDh 
                             C                  endif 
                             C                  ifidn  <reg16>, <sp> 
                             C                  db     0BCh 
                             C                  endif 
                             C                  ifidn  <reg16>, <BX> 
                             C                  db     0BBH 
                             C                  endif 
                             C                  ifidn  <reg16>, <CX> 
                             C                  db     0B9H 
                             C                  endif 
                             C                  ifidn  <reg16>, <DX> 
                             C                  db     0BAH 
                             C                  endif 
                             C                  ifidn  <reg16>, <SI> 
                             C                  db     0BEH 
                             C                  endif 
                             C                  ifidn  <reg16>, <DI> 
                             C                  db     0BFH 
                             C                  endif 
                             C                  ifidn  <reg16>, <BP> 
                             C                  db     0BDH 
                             C                  endif 
                             C                  ifidn  <reg16>, <SP> 
                             C                  db     0BCH 
                             C                  endif 
                             C                  dw     seg Imm16 
                             C  endm 
                             C   
                             C  ENDIF 
                             C   
                             C   
                             C  ENDIF 
                             C   
                             C   
                             C   
                             C  IFE (target EQ 'NO') 
                             C  ;----------------------------------------------------------------------------- 
                             C  ;  Some compilers and some assemblers will code a call that goes to a far 
                             C  ;  subroutine in the same segment as: 
Microsoft (R) Macro Assembler  Version 4.00                 3/29/26 15:15:44

                                                            Page     1-3
                                                            

                             C  ; 
                             C  ;               PUSH    CS 
                             C  ;               CALL    near 
                             C  ; 
                             C  ;  This saves one byte, and is slightly faster.  If the assembler you are 
                             C  ;  using (i.e. MASM, Optasm) does not do this automatically, the following 
                             C  ;  macros are used to code the same information.  In other words, the binary 
                             C  ;  file has "PUSH CS, CALL near", and Sourcer ensures the same instructions 
                             C  ;  are used!  (macro CALLF) 
                             C  ; 
                             C   
                             C  callf           macro   location 
                             C                  push    cs 
                             C                  call    near ptr location 
                             C  endm 
                             C   
                             C  ;  Some compilers generate an unnecessary DS override on the call instruction 
                             C  ;  when compacting the CALLF type function.  Macro CALLFX handles this case. 
                             C   
                             C  callfx          macro   location 
                             C                  push    cs 
                             C                  db      3Eh 
                             C                  call    near ptr location 
                             C  endm 
                             C   
                             C   
                             C  ;----------------------------------------------------------------------------- 
                             C  ;  Some compilers and some assemblers will code a near call that is the 
                             C  ;  selected assembler will convert to a short jump to save a byte.  This 
                             C  ;  reconstructs a near jump for these cases. 
                             C   
                             C  jmpn            macro   location 
                             C                  db      0E9h 
                             C                  dw      offset location-$-2 
                             C  endm 
                             C   
                             C  ENDIF 
                             C   
                                 
                                 
                                 
                                ; The following equates show data references outside the range of the program. 
                                 
 = 2C6C                         data_7e		equ	2C6Ch			;* 
 = 2C88                         data_8e		equ	2C88h			;* 
 = 335B                         data_9e		equ	335Bh			;* 
 = 338A                         data_10e	equ	338Ah			;* 
 = 3432                         data_11e	equ	3432h			;* 
 = 357D                         data_12e	equ	357Dh			;* 
 = 35BB                         data_13e	equ	35BBh			;* 
 = 36B6                         data_14e	equ	36B6h			;* 
 = 3C30                         data_15e	equ	3C30h			;* 
 = 56F1                         data_16e	equ	56F1h			;* 
 = 6000                         data_17e	equ	6000h			;* 
 = C050                         data_18e	equ	0C050h			;* 
Microsoft (R) Macro Assembler  Version 4.00                 3/29/26 15:15:44

                                                            Page     1-4
                                                            

 = FD57                         data_19e	equ	0FD57h			;* 
 = 0000                         data_20e	equ	0			;* 
 = 1340                         data_21e	equ	1340h			;* 
 = B1B0                         data_22e	equ	0B1B0h 
 = B220                         data_23e	equ	0B220h 
 = BBB0                         data_24e	equ	0BBB0h 
 = 023C                         data_25e	equ	23Ch 
 = 163C                         data_26e	equ	163Ch 
                                 
 0000                           seg_a		segment	byte public 
                                		assume	cs:seg_a, ds:seg_a 
                                 
                                 
 0000                           		org	0 
                                 
 0000                           _208SATNO	proc	far 
                                 
 0000                           start: 
 0000  65 25 00 00 2E A2        		db	 65h, 25h, 00h, 00h, 2Eh,0A2h 
 0006  5B 33 8C CA 8E DA        		db	 5Bh, 33h, 8Ch,0CAh, 8Eh,0DAh 
 000C  81 C2 00 10 8E C2        		db	 81h,0C2h, 00h, 10h, 8Eh,0C2h 
 0012  FC BF 00 00 B9 80        		db	0FCh,0BFh, 00h, 00h,0B9h, 80h 
 0018  26 33 C0 F3 AB 8C        		db	 26h, 33h,0C0h,0F3h,0ABh, 8Ch 
 001E  CA 81 C2 00 10 8E        		db	0CAh, 81h,0C2h, 00h, 10h, 8Eh 
 0024  C2 BE E7 38 BF 00        		db	0C2h,0BEh,0E7h, 38h,0BFh, 00h 
 002A  00 E8 32 00 BE 59        		db	 00h,0E8h, 32h, 00h,0BEh, 59h 
 0030  47 BF 40 13 E8 29        		db	 47h,0BFh, 40h, 13h,0E8h, 29h 
 0036  00 E8 48 00 8C CA        		db	 00h,0E8h, 48h, 00h, 8Ch,0CAh 
 003C  81 C2 00 10 8E C2        		db	 81h,0C2h, 00h, 10h, 8Eh,0C2h 
 0042  BF 00 00 BE 9E 55        		db	0BFh, 00h, 00h,0BEh, 9Eh, 55h 
 0048  B9 10 00                 		db	0B9h, 10h, 00h 
                                 
 004B                           locloop_6: 
 004B  E8 0291 R                		call	sub_3 
 004E  E2 FB                    		loop	locloop_6		; Loop if cx > 0 
                                 
 0050  BE 56F1                  		mov	si,data_16e 
 0053  B9 0010                  		mov	cx,10h 
                                 
 0056                           locloop_7: 
 0056  E8 0291 R                		call	sub_3 
 0059  E2 FB                    		loop	locloop_7		; Loop if cx > 0 
                                 
 005B  E8 02B3 R                		call	sub_4 
                                		retf				; Return far 
 005E  CB                     1                 db      0CBh
 005F  00 33 C9                 		db	 00h, 33h,0C9h 
 0062                           loc_8: 
 0062  AC                       		lodsb				; String [si] to al 
 0063  3C 06                    		cmp	al,6 
 0065  B4 01                    		mov	ah,1 
 0067  75 01                    		jnz	loc_9			; Jump if not zero 
 0069  AD                       		lodsw				; String [si] to ax 
 006A                           loc_9: 
 006A  AA                       		stosb				; Store al to es:[di] 
Microsoft (R) Macro Assembler  Version 4.00                 3/29/26 15:15:44

                                                            Page     1-5
                                                            

 006B  FE C5                    		inc	ch 
 006D  80 FD 38                 		cmp	ch,38h			; '8' 
 0070  75 0A                    		jne	loc_10			; Jump if not equal 
 0072  32 ED                    		xor	ch,ch			; Zero register 
 0074  FE C1                    		inc	cl 
 0076  80 F9 58                 		cmp	cl,58h			; 'X' 
 0079  75 01                    		jne	loc_10			; Jump if not equal 
                                		retn 
 007B  C3                     1                 db     0C3h
 007C                           loc_10: 
 007C  FE CC                    		dec	ah 
 007E  75 EA                    		jnz	loc_9			; Jump if not zero 
 0080  EB E0                    		jmp	short loc_8 
                                			                        ;* No entry point to code 
 0082  33 DB                    		xor	bx,bx			; Zero register 
 0084  8A 1E 335B               		mov	bl,ds:data_9e 
 0088  03 DB                    		add	bx,bx 
 008A  FF A7 338A               		jmp	word ptr ds:data_10e[bx]	;* 
                                			                        ;* No entry point to code 
 008E  96                       		xchg	si,ax 
 008F  33 D1                    		xor	dx,cx 
 0091  33 D1                    		xor	dx,cx 
 0093  33 42 34                 		xor	ax,[bp+si+34h] 
 0096  B8 1034                  		mov	ax,1034h 
 0099  35 8C1E                  		xor	ax,8C1Eh 
                                		retf	0C281h			; Return far 
 009C  CA                     1                 db      0CAh
 009D  C281                   1                 dw      0C281h
 009F  00 10 8E DA BE 00        		db	 00h, 10h, 8Eh,0DAh,0BEh, 00h 
 00A5  00 B8 00 A0 8E C0        		db	 00h,0B8h, 00h,0A0h, 8Eh,0C0h 
 00AB  BA C4 03 B0 02 EE        		db	0BAh,0C4h, 03h,0B0h, 02h,0EEh 
 00B1  42 B0 01 EE E8 08        		db	 42h,0B0h, 01h,0EEh,0E8h, 08h 
 00B7  00 B0 04 EE E8 02        		db	 00h,0B0h, 04h,0EEh,0E8h, 02h 
 00BD  00 1F C3 BF 6C 04        		db	 00h, 1Fh,0C3h,0BFh, 6Ch, 04h 
 00C3  B9 58 00                 		db	0B9h, 58h, 00h 
                                 
 00C6                           locloop_11: 
 00C6  51                       		push	cx 
 00C7  57                       		push	di 
 00C8  B9 0038                  		mov	cx,38h 
 00CB  F3/ A4                   		rep	movsb			; Rep when cx >0 Mov [si] to es:[di] 
 00CD  5F                       		pop	di 
 00CE  83 C7 50                 		add	di,50h 
 00D1  59                       		pop	cx 
 00D2  E2 F2                    		loop	locloop_11		; Loop if cx > 0 
                                 
                                		retn 
 00D4  C3                     1                 db     0C3h
                                			                        ;* No entry point to code 
 00D5  1E                       		push	ds 
 00D6  8C CA                    		mov	dx,cs 
 00D8  81 C2 1000               		add	dx,1000h 
 00DC  8E DA                    		mov	ds,dx 
 00DE  BE 0000                  		mov	si,data_20e 
 00E1  B8 B800                  		mov	ax,0B800h 
Microsoft (R) Macro Assembler  Version 4.00                 3/29/26 15:15:44

                                                            Page     1-6
                                                            

 00E4  8E C0                    		mov	es,ax 
 00E6  BF 023C                  		mov	di,data_25e 
 00E9  B9 0058                  		mov	cx,58h 
                                 
 00EC                           locloop_12: 
 00EC  51                       		push	cx 
 00ED  57                       		push	di 
 00EE  B9 0038                  		mov	cx,38h 
                                 
 00F1                           locloop_13: 
 00F1  51                       		push	cx 
 00F2  8A A4 1340               		mov	ah,ds:data_21e[si] 
 00F6  AC                       		lodsb				; String [si] to al 
 00F7  32 D2                    		xor	dl,dl			; Zero register 
 00F9  B9 0004                  		mov	cx,4 
                                 
 00FC                           locloop_14: 
 00FC  02 E4                    		add	ah,ah 
 00FE  12 DB                    		adc	bl,bl 
 0100  02 C0                    		add	al,al 
 0102  12 DB                    		adc	bl,bl 
 0104  02 E4                    		add	ah,ah 
 0106  12 DB                    		adc	bl,bl 
 0108  02 C0                    		add	al,al 
 010A  12 DB                    		adc	bl,bl 
 010C  80 E3 0F                 		and	bl,0Fh 
 010F  32 FF                    		xor	bh,bh			; Zero register 
 0111  02 D2                    		add	dl,dl 
 0113  02 D2                    		add	dl,dl 
 0115  2E: 0A 97 3432           		or	dl,cs:data_11e[bx] 
 011A  E2 E0                    		loop	locloop_14		; Loop if cx > 0 
                                 
 011C  8A C2                    		mov	al,dl 
 011E  AA                       		stosb				; Store al to es:[di] 
 011F  59                       		pop	cx 
 0120  E2 CF                    		loop	locloop_13		; Loop if cx > 0 
                                 
 0122  5F                       		pop	di 
 0123  81 C7 2000               		add	di,2000h 
 0127  81 FF 4000               		cmp	di,4000h 
 012B  72 04                    		jb	loc_15			; Jump if below 
 012D  81 C7 C050               		add	di,data_18e 
 0131                           loc_15: 
 0131  59                       		pop	cx 
 0132  E2 B8                    		loop	locloop_12		; Loop if cx > 0 
                                 
 0134  1F                       		pop	ds 
                                		retn 
 0135  C3                     1                 db     0C3h
 0136  00 03 01 02 00 03        		db	 00h, 03h, 01h, 02h, 00h, 03h 
 013C  01 02 00 03 01 02        		db	 01h, 02h, 00h, 03h, 01h, 02h 
 0142  00 03 01 02 1E 8C        		db	 00h, 03h, 01h, 02h, 1Eh, 8Ch 
 0148  CA 81 C2 00 10 8E        		db	0CAh, 81h,0C2h, 00h, 10h, 8Eh 
 014E  DA BE 00 00 B8 00        		db	0DAh,0BEh, 00h, 00h,0B8h, 00h 
 0154  B0 8E C0 BF FD 04        		db	0B0h, 8Eh,0C0h,0BFh,0FDh, 04h 
Microsoft (R) Macro Assembler  Version 4.00                 3/29/26 15:15:44

                                                            Page     1-7
                                                            

 015A  B9 58 00                 		db	0B9h, 58h, 00h 
                                 
 015D                           locloop_16: 
 015D  51                       		push	cx 
 015E  57                       		push	di 
 015F  B9 0038                  		mov	cx,38h 
                                 
 0162                           locloop_17: 
 0162  51                       		push	cx 
 0163  8A A4 1340 R             		mov	ah,data_3[si] 
 0167  AC                       		lodsb				; String [si] to al 
 0168  32 D2                    		xor	dl,dl			; Zero register 
 016A  B9 0004                  		mov	cx,4 
                                 
 016D                           locloop_18: 
 016D  02 E4                    		add	ah,ah 
 016F  12 DB                    		adc	bl,bl 
 0171  02 C0                    		add	al,al 
 0173  12 DB                    		adc	bl,bl 
 0175  02 E4                    		add	ah,ah 
 0177  12 DB                    		adc	bl,bl 
 0179  02 C0                    		add	al,al 
 017B  12 DB                    		adc	bl,bl 
 017D  80 E3 0F                 		and	bl,0Fh 
 0180  32 FF                    		xor	bh,bh			; Zero register 
 0182  02 D2                    		add	dl,dl 
 0184  02 D2                    		add	dl,dl 
 0186  2E: 0A 97 3432           		or	dl,cs:data_11e[bx] 
 018B  E2 E0                    		loop	locloop_18		; Loop if cx > 0 
                                 
 018D  8A C2                    		mov	al,dl 
 018F  AA                       		stosb				; Store al to es:[di] 
 0190  59                       		pop	cx 
 0191  E2 CF                    		loop	locloop_17		; Loop if cx > 0 
                                 
 0193  5F                       		pop	di 
 0194  81 C7 2000               		add	di,2000h 
 0198  81 FF 6000               		cmp	di,data_17e 
 019C  72 19                    		jb	loc_19			; Jump if below 
 019E  1E                       		push	ds 
 019F  56                       		push	si 
 01A0  51                       		push	cx 
 01A1  57                       		push	di 
 01A2  06                       		push	es 
 01A3  1F                       		pop	ds 
 01A4  8B F7                    		mov	si,di 
 01A6  81 EE 2000               		sub	si,2000h 
 01AA  B9 0038                  		mov	cx,38h 
 01AD  F3/ A4                   		rep	movsb			; Rep when cx >0 Mov [si] to es:[di] 
 01AF  5F                       		pop	di 
 01B0  59                       		pop	cx 
 01B1  5E                       		pop	si 
 01B2  1F                       		pop	ds 
 01B3  81 C7 A05A               		add	di,0A05Ah 
 01B7                           loc_19: 
Microsoft (R) Macro Assembler  Version 4.00                 3/29/26 15:15:44

                                                            Page     1-8
                                                            

 01B7  59                       		pop	cx 
 01B8  E2 A3                    		loop	locloop_16		; Loop if cx > 0 
                                 
 01BA  1F                       		pop	ds 
                                		retn 
 01BB  C3                     1                 db     0C3h
                                			                        ;* No entry point to code 
 01BC  1E                       		push	ds 
 01BD  8C CA                    		mov	dx,cs 
 01BF  81 C2 1000               		add	dx,1000h 
 01C3  8E DA                    		mov	ds,dx 
 01C5  BE 0000                  		mov	si,data_20e 
 01C8  B8 A000                  		mov	ax,0A000h 
 01CB  8E C0                    		mov	es,ax 
 01CD  BF 11B0                  		mov	di,11B0h 
 01D0  B9 0058                  		mov	cx,58h 
                                 
 01D3                           locloop_20: 
 01D3  51                       		push	cx 
 01D4  57                       		push	di 
 01D5  B9 0038                  		mov	cx,38h 
                                 
 01D8                           locloop_21: 
 01D8  51                       		push	cx 
 01D9  8A B4 1340               		mov	dh,ds:data_21e[si] 
 01DD  8A 14                    		mov	dl,[si] 
 01DF  46                       		inc	si 
 01E0  E8 01FD R                		call	sub_1 
 01E3  AA                       		stosb				; Store al to es:[di] 
 01E4  E8 01FD R                		call	sub_1 
 01E7  AA                       		stosb				; Store al to es:[di] 
 01E8  E8 01FD R                		call	sub_1 
 01EB  AA                       		stosb				; Store al to es:[di] 
 01EC  E8 01FD R                		call	sub_1 
 01EF  AA                       		stosb				; Store al to es:[di] 
 01F0  59                       		pop	cx 
 01F1  E2 E5                    		loop	locloop_21		; Loop if cx > 0 
                                 
 01F3  5F                       		pop	di 
 01F4  81 C7 0140               		add	di,140h 
 01F8  59                       		pop	cx 
 01F9  E2 D8                    		loop	locloop_20		; Loop if cx > 0 
                                 
 01FB  1F                       		pop	ds 
                                		retn 
 01FC  C3                     1                 db     0C3h
                                 
                                _208SATNO	endp 
                                 
                                ;ﬂﬂﬂﬂﬂﬂﬂﬂﬂﬂﬂﬂﬂﬂﬂﬂﬂﬂﬂﬂﬂﬂﬂﬂﬂﬂﬂﬂﬂﬂﬂﬂﬂﬂﬂﬂﬂﬂﬂﬂﬂﬂﬂﬂﬂﬂﬂﬂﬂﬂﬂﬂﬂﬂﬂﬂﬂﬂﬂﬂﬂﬂﬂﬂﬂﬂﬂﬂﬂﬂﬂﬂﬂﬂ 
                                ;                              SUBROUTINE 
                                ;‹‹‹‹‹‹‹‹‹‹‹‹‹‹‹‹‹‹‹‹‹‹‹‹‹‹‹‹‹‹‹‹‹‹‹‹‹‹‹‹‹‹‹‹‹‹‹‹‹‹‹‹‹‹‹‹‹‹‹‹‹‹‹‹‹‹‹‹‹‹‹‹‹‹ 
                                 
 01FD                           sub_1		proc	near 
 01FD  32 C0                    		xor	al,al			; Zero register 
Microsoft (R) Macro Assembler  Version 4.00                 3/29/26 15:15:44

                                                            Page     1-9
                                                            

 01FF  02 F6                    		add	dh,dh 
 0201  12 C0                    		adc	al,al 
 0203  02 C0                    		add	al,al 
 0205  02 D2                    		add	dl,dl 
 0207  12 C0                    		adc	al,al 
 0209  02 F6                    		add	dh,dh 
 020B  12 C0                    		adc	al,al 
 020D  02 C0                    		add	al,al 
 020F  02 D2                    		add	dl,dl 
 0211  12 C0                    		adc	al,al 
                                		retn 
 0213  C3                     1                 db     0C3h
                                sub_1		endp 
                                 
                                			                        ;* No entry point to code 
 0214  1E                       		push	ds 
 0215  8C CA                    		mov	dx,cs 
 0217  81 C2 1000               		add	dx,1000h 
 021B  8E DA                    		mov	ds,dx 
 021D  BE 0000                  		mov	si,data_20e 
 0220  B8 B800                  		mov	ax,0B800h 
 0223  8E C0                    		mov	es,ax 
 0225  BF 41F8                  		mov	di,41F8h 
 0228  B9 0058                  		mov	cx,58h 
                                 
 022B                           locloop_22: 
 022B  51                       		push	cx 
 022C  57                       		push	di 
 022D  B9 0038                  		mov	cx,38h 
                                 
 0230                           locloop_23: 
 0230  51                       		push	cx 
 0231  8A B4 1340               		mov	dh,ds:data_21e[si] 
 0235  8A 14                    		mov	dl,[si] 
 0237  46                       		inc	si 
 0238  E8 0257 R                		call	sub_2 
 023B  AA                       		stosb				; Store al to es:[di] 
 023C  E8 0257 R                		call	sub_2 
 023F  AA                       		stosb				; Store al to es:[di] 
 0240  59                       		pop	cx 
 0241  E2 ED                    		loop	locloop_23		; Loop if cx > 0 
                                 
 0243  5F                       		pop	di 
 0244  81 C7 2000               		add	di,2000h 
 0248  81 FF 8000               		cmp	di,8000h 
 024C  72 04                    		jb	loc_24			; Jump if below 
 024E  81 C7 80A0               		add	di,80A0h 
 0252                           loc_24: 
 0252  59                       		pop	cx 
 0253  E2 D6                    		loop	locloop_22		; Loop if cx > 0 
                                 
 0255  1F                       		pop	ds 
                                		retn 
 0256  C3                     1                 db     0C3h
                                 
Microsoft (R) Macro Assembler  Version 4.00                 3/29/26 15:15:44

                                                            Page     1-10
                                                            

                                ;ﬂﬂﬂﬂﬂﬂﬂﬂﬂﬂﬂﬂﬂﬂﬂﬂﬂﬂﬂﬂﬂﬂﬂﬂﬂﬂﬂﬂﬂﬂﬂﬂﬂﬂﬂﬂﬂﬂﬂﬂﬂﬂﬂﬂﬂﬂﬂﬂﬂﬂﬂﬂﬂﬂﬂﬂﬂﬂﬂﬂﬂﬂﬂﬂﬂﬂﬂﬂﬂﬂﬂﬂﬂﬂ 
                                ;                              SUBROUTINE 
                                ;‹‹‹‹‹‹‹‹‹‹‹‹‹‹‹‹‹‹‹‹‹‹‹‹‹‹‹‹‹‹‹‹‹‹‹‹‹‹‹‹‹‹‹‹‹‹‹‹‹‹‹‹‹‹‹‹‹‹‹‹‹‹‹‹‹‹‹‹‹‹‹‹‹‹ 
                                 
 0257                           sub_2		proc	near 
 0257  32 C0                    		xor	al,al			; Zero register 
 0259  B9 0002                  		mov	cx,2 
                                 
 025C                           locloop_25: 
 025C  02 F6                    		add	dh,dh 
 025E  12 DB                    		adc	bl,bl 
 0260  02 D2                    		add	dl,dl 
 0262  12 DB                    		adc	bl,bl 
 0264  02 F6                    		add	dh,dh 
 0266  12 DB                    		adc	bl,bl 
 0268  02 D2                    		add	dl,dl 
 026A  12 DB                    		adc	bl,bl 
 026C  80 E3 0F                 		and	bl,0Fh 
 026F  32 FF                    		xor	bh,bh			; Zero register 
 0271  02 C0                    		add	al,al 
 0273  02 C0                    		add	al,al 
 0275  02 C0                    		add	al,al 
 0277  02 C0                    		add	al,al 
 0279  2E: 0A 87 357D           		or	al,cs:data_12e[bx] 
 027E  E2 DC                    		loop	locloop_25		; Loop if cx > 0 
                                 
                                		retn 
 0280  C3                     1                 db     0C3h
                                sub_2		endp 
                                 
 0281  00 07 09 01 07 0F        		db	 00h, 07h, 09h, 01h, 07h, 0Fh 
 0287  0B 07 09 0B 0B 03        		db	 0Bh, 07h, 09h, 0Bh, 0Bh, 03h 
 028D  01 07 03                 		db	 01h, 07h, 03h 
 0290  09                       		db	9 
                                 
                                ;ﬂﬂﬂﬂﬂﬂﬂﬂﬂﬂﬂﬂﬂﬂﬂﬂﬂﬂﬂﬂﬂﬂﬂﬂﬂﬂﬂﬂﬂﬂﬂﬂﬂﬂﬂﬂﬂﬂﬂﬂﬂﬂﬂﬂﬂﬂﬂﬂﬂﬂﬂﬂﬂﬂﬂﬂﬂﬂﬂﬂﬂﬂﬂﬂﬂﬂﬂﬂﬂﬂﬂﬂﬂﬂ 
                                ;                              SUBROUTINE 
                                ;‹‹‹‹‹‹‹‹‹‹‹‹‹‹‹‹‹‹‹‹‹‹‹‹‹‹‹‹‹‹‹‹‹‹‹‹‹‹‹‹‹‹‹‹‹‹‹‹‹‹‹‹‹‹‹‹‹‹‹‹‹‹‹‹‹‹‹‹‹‹‹‹‹‹ 
                                 
 0291                           sub_3		proc	near 
 0291  32 DB                    		xor	bl,bl			; Zero register 
 0293                           loc_26: 
 0293  AC                       		lodsb				; String [si] to al 
 0294  8A E0                    		mov	ah,al 
 0296  80 E4 F0                 		and	ah,0F0h 
 0299  80 FC 60                 		cmp	ah,60h			; '`' 
 029C  B4 01                    		mov	ah,1 
 029E  75 06                    		jnz	loc_27			; Jump if not zero 
 02A0  24 0F                    		and	al,0Fh 
 02A2  8A E0                    		mov	ah,al 
 02A4  32 C0                    		xor	al,al			; Zero register 
 02A6                           loc_27: 
 02A6  AA                       		stosb				; Store al to es:[di] 
 02A7  FE C3                    		inc	bl 
 02A9  FE CC                    		dec	ah 
Microsoft (R) Macro Assembler  Version 4.00                 3/29/26 15:15:44

                                                            Page     1-11
                                                            

 02AB  75 F9                    		jnz	loc_27			; Jump if not zero 
 02AD  80 FB 1C                 		cmp	bl,1Ch 
 02B0  75 E1                    		jne	loc_26			; Jump if not equal 
                                		retn 
 02B2  C3                     1                 db     0C3h
                                sub_3		endp 
                                 
                                 
                                ;ﬂﬂﬂﬂﬂﬂﬂﬂﬂﬂﬂﬂﬂﬂﬂﬂﬂﬂﬂﬂﬂﬂﬂﬂﬂﬂﬂﬂﬂﬂﬂﬂﬂﬂﬂﬂﬂﬂﬂﬂﬂﬂﬂﬂﬂﬂﬂﬂﬂﬂﬂﬂﬂﬂﬂﬂﬂﬂﬂﬂﬂﬂﬂﬂﬂﬂﬂﬂﬂﬂﬂﬂﬂﬂ 
                                ;                              SUBROUTINE 
                                ;‹‹‹‹‹‹‹‹‹‹‹‹‹‹‹‹‹‹‹‹‹‹‹‹‹‹‹‹‹‹‹‹‹‹‹‹‹‹‹‹‹‹‹‹‹‹‹‹‹‹‹‹‹‹‹‹‹‹‹‹‹‹‹‹‹‹‹‹‹‹‹‹‹‹ 
                                 
 02B3                           sub_4		proc	near 
 02B3  33 DB                    		xor	bx,bx			; Zero register 
 02B5  8A 1E 335B               		mov	bl,ds:data_9e 
 02B9  03 DB                    		add	bx,bx 
 02BB  FF A7 35BB               		jmp	word ptr ds:data_13e[bx]	;* 
                                sub_4		endp 
                                 
 02BF  C7 35 43 36 43 36        		db	0C7h, 35h, 43h, 36h, 43h, 36h 
 02C5  C6 36 4E 37 00 38        		db	0C6h, 36h, 4Eh, 37h, 00h, 38h 
 02CB  1E 8C CA 81 C2 00        		db	 1Eh, 8Ch,0CAh, 81h,0C2h, 00h 
 02D1  10 8E DA BE 00 00        		db	 10h, 8Eh,0DAh,0BEh, 00h, 00h 
 02D7  B8 00 A0 8E C0 BF        		db	0B8h, 00h,0A0h, 8Eh,0C0h,0BFh 
 02DD  6C 2C BA C4 03 B0        		db	 6Ch, 2Ch,0BAh,0C4h, 03h,0B0h 
 02E3  02 EE 42 B9 08 00        		db	 02h,0EEh, 42h,0B9h, 08h, 00h 
                                 
 02E9                           locloop_28: 
 02E9  B0 04                    		mov	al,4 
 02EB  EE                       		out	dx,al			; port 0, DMA-1 bas&add ch 0 
 02EC  E8 033D R                		call	sub_5 
 02EF  B0 02                    		mov	al,2 
 02F1  EE                       		out	dx,al			; port 0, DMA-1 bas&add ch 0 
 02F2  E8 033D R                		call	sub_5 
 02F5  83 C7 50                 		add	di,50h 
 02F8  E2 EF                    		loop	locloop_28		; Loop if cx > 0 
                                 
 02FA  BF 2EEC                  		mov	di,2EECh 
 02FD  B9 0008                  		mov	cx,8 
                                 
 0300                           locloop_29: 
 0300  B0 01                    		mov	al,1 
 0302  EE                       		out	dx,al			; port 0, DMA-1 bas&add ch 0 
 0303  E8 033D R                		call	sub_5 
 0306  B0 02                    		mov	al,2 
 0308  EE                       		out	dx,al			; port 0, DMA-1 bas&add ch 0 
 0309  E8 033D R                		call	sub_5 
 030C  83 C7 50                 		add	di,50h 
 030F  E2 EF                    		loop	locloop_29		; Loop if cx > 0 
                                 
 0311  B0 07                    		mov	al,7 
 0313  EE                       		out	dx,al			; port 0, DMA-1 bas&add ch 0 
 0314  BA 03CE                  		mov	dx,3CEh 
 0317  B8 0105                  		mov	ax,105h 
 031A  EF                       		out	dx,ax			; port 3CEh, EGA graphic index 
Microsoft (R) Macro Assembler  Version 4.00                 3/29/26 15:15:44

                                                            Page     1-12
                                                            

                                						;  al = 5, mode 
 031B  06                       		push	es 
 031C  1F                       		pop	ds 
 031D  BE 2C6C                  		mov	si,data_7e 
 0320  BF 2C88                  		mov	di,data_8e 
 0323  B4 10                    		mov	ah,10h 
 0325                           loc_30: 
 0325  B9 001C                  		mov	cx,1Ch 
 0328  F3/ A4                   		rep	movsb			; Rep when cx >0 Mov [si] to es:[di] 
 032A  83 C7 34                 		add	di,34h 
 032D  83 C6 34                 		add	si,34h 
 0330  FE CC                    		dec	ah 
 0332  75 F1                    		jnz	loc_30			; Jump if not zero 
 0334  BA 03CE                  		mov	dx,3CEh 
 0337  B8 0005                  		mov	ax,5 
 033A  EF                       		out	dx,ax			; port 3CEh, EGA graphic index 
                                						;  al = 5, mode 
 033B  1F                       		pop	ds 
                                		retn 
 033C  C3                     1                 db     0C3h
                                 
                                ;ﬂﬂﬂﬂﬂﬂﬂﬂﬂﬂﬂﬂﬂﬂﬂﬂﬂﬂﬂﬂﬂﬂﬂﬂﬂﬂﬂﬂﬂﬂﬂﬂﬂﬂﬂﬂﬂﬂﬂﬂﬂﬂﬂﬂﬂﬂﬂﬂﬂﬂﬂﬂﬂﬂﬂﬂﬂﬂﬂﬂﬂﬂﬂﬂﬂﬂﬂﬂﬂﬂﬂﬂﬂﬂ 
                                ;                              SUBROUTINE 
                                ;‹‹‹‹‹‹‹‹‹‹‹‹‹‹‹‹‹‹‹‹‹‹‹‹‹‹‹‹‹‹‹‹‹‹‹‹‹‹‹‹‹‹‹‹‹‹‹‹‹‹‹‹‹‹‹‹‹‹‹‹‹‹‹‹‹‹‹‹‹‹‹‹‹‹ 
                                 
 033D                           sub_5		proc	near 
 033D  57                       		push	di 
 033E  51                       		push	cx 
 033F  B9 001C                  		mov	cx,1Ch 
 0342  F3/ A4                   		rep	movsb			; Rep when cx >0 Mov [si] to es:[di] 
 0344  59                       		pop	cx 
 0345  5F                       		pop	di 
                                		retn 
 0346  C3                     1                 db     0C3h
                                sub_5		endp 
                                 
                                			                        ;* No entry point to code 
 0347  1E                       		push	ds 
 0348  8C CA                    		mov	dx,cs 
 034A  81 C2 1000               		add	dx,1000h 
 034E  8E DA                    		mov	ds,dx 
 0350  BE 0000                  		mov	si,data_20e 
 0353  B8 B800                  		mov	ax,0B800h 
 0356  8E C0                    		mov	es,ax 
 0358  BF 163C                  		mov	di,data_26e 
 035B  B9 0010                  		mov	cx,10h 
                                 
 035E                           locloop_31: 
 035E  51                       		push	cx 
 035F  57                       		push	di 
 0360  B9 001C                  		mov	cx,1Ch 
                                 
 0363                           locloop_32: 
 0363  51                       		push	cx 
 0364  8A 64 1C                 		mov	ah,[si+1Ch] 
Microsoft (R) Macro Assembler  Version 4.00                 3/29/26 15:15:44

                                                            Page     1-13
                                                            

 0367  AC                       		lodsb				; String [si] to al 
 0368  32 D2                    		xor	dl,dl			; Zero register 
 036A  B9 0004                  		mov	cx,4 
                                 
 036D                           locloop_33: 
 036D  02 E4                    		add	ah,ah 
 036F  12 DB                    		adc	bl,bl 
 0371  02 C0                    		add	al,al 
 0373  12 DB                    		adc	bl,bl 
 0375  02 E4                    		add	ah,ah 
 0377  12 DB                    		adc	bl,bl 
 0379  02 C0                    		add	al,al 
 037B  12 DB                    		adc	bl,bl 
 037D  80 E3 0F                 		and	bl,0Fh 
 0380  32 FF                    		xor	bh,bh			; Zero register 
 0382  02 D2                    		add	dl,dl 
 0384  02 D2                    		add	dl,dl 
 0386  2E: 0A 97 36B6           		or	dl,cs:data_14e[bx] 
 038B  E2 E0                    		loop	locloop_33		; Loop if cx > 0 
                                 
 038D  8A C2                    		mov	al,dl 
 038F  AA                       		stosb				; Store al to es:[di] 
 0390  59                       		pop	cx 
 0391  E2 D0                    		loop	locloop_32		; Loop if cx > 0 
                                 
 0393  1E                       		push	ds 
 0394  56                       		push	si 
 0395  06                       		push	es 
 0396  1F                       		pop	ds 
 0397  8B F7                    		mov	si,di 
 0399  83 EE 1C                 		sub	si,1Ch 
 039C  B9 000E                  		mov	cx,0Eh 
 039F  F3/ A5                   		rep	movsw			; Rep when cx >0 Mov [si] to es:[di] 
 03A1  5E                       		pop	si 
 03A2  1F                       		pop	ds 
 03A3  83 C6 1C                 		add	si,1Ch 
 03A6  5F                       		pop	di 
 03A7  81 C7 2000               		add	di,2000h 
 03AB  81 FF 4000               		cmp	di,4000h 
 03AF  72 04                    		jb	loc_34			; Jump if below 
 03B1  81 C7 C050               		add	di,data_18e 
 03B5                           loc_34: 
 03B5  59                       		pop	cx 
 03B6  E2 A6                    		loop	locloop_31		; Loop if cx > 0 
                                 
 03B8  1F                       		pop	ds 
                                		retn 
 03B9  C3                     1                 db     0C3h
 03BA  00 03 02 01 01 03        		db	 00h, 03h, 02h, 01h, 01h, 03h 
 03C0  03 03 02 03 01 02        		db	 03h, 03h, 02h, 03h, 01h, 02h 
 03C6  02 03 03 03 1E 8C        		db	 02h, 03h, 03h, 03h, 1Eh, 8Ch 
 03CC  CA 81 C2 00 10 8E        		db	0CAh, 81h,0C2h, 00h, 10h, 8Eh 
 03D2  DA BE 00 00 B8 00        		db	0DAh,0BEh, 00h, 00h,0B8h, 00h 
 03D8  B0 8E C0 BF C1 53        		db	0B0h, 8Eh,0C0h,0BFh,0C1h, 53h 
 03DE  B9 10 00                 		db	0B9h, 10h, 00h 
Microsoft (R) Macro Assembler  Version 4.00                 3/29/26 15:15:44

                                                            Page     1-14
                                                            

                                 
 03E1                           locloop_35: 
 03E1  51                       		push	cx 
 03E2  57                       		push	di 
 03E3  B9 001C                  		mov	cx,1Ch 
                                 
 03E6                           locloop_36: 
 03E6  51                       		push	cx 
 03E7  8A 64 1C                 		mov	ah,[si+1Ch] 
 03EA  AC                       		lodsb				; String [si] to al 
 03EB  32 D2                    		xor	dl,dl			; Zero register 
 03ED  B9 0004                  		mov	cx,4 
                                 
 03F0                           locloop_37: 
 03F0  02 E4                    		add	ah,ah 
 03F2  12 DB                    		adc	bl,bl 
 03F4  02 C0                    		add	al,al 
 03F6  12 DB                    		adc	bl,bl 
 03F8  02 E4                    		add	ah,ah 
 03FA  12 DB                    		adc	bl,bl 
 03FC  02 C0                    		add	al,al 
 03FE  12 DB                    		adc	bl,bl 
 0400  80 E3 0F                 		and	bl,0Fh 
 0403  32 FF                    		xor	bh,bh			; Zero register 
 0405  02 D2                    		add	dl,dl 
 0407  02 D2                    		add	dl,dl 
 0409  2E: 0A 97 36B6           		or	dl,cs:data_14e[bx] 
 040E  E2 E0                    		loop	locloop_37		; Loop if cx > 0 
                                 
 0410  8A C2                    		mov	al,dl 
 0412  AA                       		stosb				; Store al to es:[di] 
 0413  59                       		pop	cx 
 0414  E2 D0                    		loop	locloop_36		; Loop if cx > 0 
                                 
 0416  1E                       		push	ds 
 0417  56                       		push	si 
 0418  06                       		push	es 
 0419  1F                       		pop	ds 
 041A  8B F7                    		mov	si,di 
 041C  83 EE 1C                 		sub	si,1Ch 
 041F  B9 000E                  		mov	cx,0Eh 
 0422  F3/ A5                   		rep	movsw			; Rep when cx >0 Mov [si] to es:[di] 
 0424  5E                       		pop	si 
 0425  1F                       		pop	ds 
 0426  83 C6 1C                 		add	si,1Ch 
 0429  5F                       		pop	di 
 042A  81 C7 2000               		add	di,2000h 
 042E  81 FF 6000               		cmp	di,data_17e 
 0432  72 19                    		jb	loc_38			; Jump if below 
 0434  1E                       		push	ds 
 0435  56                       		push	si 
 0436  51                       		push	cx 
 0437  57                       		push	di 
 0438  06                       		push	es 
 0439  1F                       		pop	ds 
Microsoft (R) Macro Assembler  Version 4.00                 3/29/26 15:15:44

                                                            Page     1-15
                                                            

 043A  8B F7                    		mov	si,di 
 043C  81 EE 2000               		sub	si,2000h 
 0440  B9 0038                  		mov	cx,38h 
 0443  F3/ A4                   		rep	movsb			; Rep when cx >0 Mov [si] to es:[di] 
 0445  5F                       		pop	di 
 0446  59                       		pop	cx 
 0447  5E                       		pop	si 
 0448  1F                       		pop	ds 
 0449  81 C7 A05A               		add	di,0A05Ah 
 044D                           loc_38: 
 044D  59                       		pop	cx 
 044E  E2 91                    		loop	locloop_35		; Loop if cx > 0 
                                 
 0450  1F                       		pop	ds 
                                		retn 
 0451  C3                     1                 db     0C3h
                                			                        ;* No entry point to code 
 0452  1E                       		push	ds 
 0453  8C CA                    		mov	dx,cs 
 0455  81 C2 1000               		add	dx,1000h 
 0459  8E DA                    		mov	ds,dx 
 045B  BE 0000                  		mov	si,data_20e 
 045E  B8 A000                  		mov	ax,0A000h 
 0461  8E C0                    		mov	es,ax 
 0463  BF B1B0                  		mov	di,data_22e 
 0466  B9 0008                  		mov	cx,8 
                                 
 0469                           locloop_39: 
 0469  51                       		push	cx 
 046A  56                       		push	si 
 046B  57                       		push	di 
 046C  B9 000E                  		mov	cx,0Eh 
                                 
 046F                           locloop_40: 
 046F  51                       		push	cx 
 0470  8B 14                    		mov	dx,[si] 
 0472  8B 5C 1C                 		mov	bx,[si+1Ch] 
 0475  86 D6                    		xchg	dl,dh 
 0477  86 DF                    		xchg	bl,bh 
 0479  B9 0008                  		mov	cx,8 
                                 
 047C                           locloop_41: 
 047C  32 C0                    		xor	al,al			; Zero register 
 047E  03 D2                    		add	dx,dx 
 0480  12 C0                    		adc	al,al 
 0482  03 DB                    		add	bx,bx 
 0484  12 C0                    		adc	al,al 
 0486  02 C0                    		add	al,al 
 0488  03 D2                    		add	dx,dx 
 048A  12 C0                    		adc	al,al 
 048C  03 DB                    		add	bx,bx 
 048E  12 C0                    		adc	al,al 
 0490  02 C0                    		add	al,al 
 0492  AA                       		stosb				; Store al to es:[di] 
 0493  E2 E7                    		loop	locloop_41		; Loop if cx > 0 
Microsoft (R) Macro Assembler  Version 4.00                 3/29/26 15:15:44

                                                            Page     1-16
                                                            

                                 
 0495  46                       		inc	si 
 0496  46                       		inc	si 
 0497  59                       		pop	cx 
 0498  E2 D5                    		loop	locloop_40		; Loop if cx > 0 
                                 
 049A  5F                       		pop	di 
 049B  81 C7 0140               		add	di,140h 
 049F  5E                       		pop	si 
 04A0  83 C6 38                 		add	si,38h 
 04A3  59                       		pop	cx 
 04A4  E2 C3                    		loop	locloop_39		; Loop if cx > 0 
                                 
 04A6  BF BBB0                  		mov	di,data_24e 
 04A9  B9 0008                  		mov	cx,8 
                                 
 04AC                           locloop_42: 
 04AC  51                       		push	cx 
 04AD  56                       		push	si 
 04AE  57                       		push	di 
 04AF  B9 000E                  		mov	cx,0Eh 
                                 
 04B2                           locloop_43: 
 04B2  51                       		push	cx 
 04B3  8B 1C                    		mov	bx,[si] 
 04B5  8B 54 1C                 		mov	dx,[si+1Ch] 
 04B8  86 D6                    		xchg	dl,dh 
 04BA  86 DF                    		xchg	bl,bh 
 04BC  B9 0008                  		mov	cx,8 
                                 
 04BF                           locloop_44: 
 04BF  32 C0                    		xor	al,al			; Zero register 
 04C1  03 D2                    		add	dx,dx 
 04C3  12 C0                    		adc	al,al 
 04C5  03 DB                    		add	bx,bx 
 04C7  12 C0                    		adc	al,al 
 04C9  02 C0                    		add	al,al 
 04CB  03 D2                    		add	dx,dx 
 04CD  12 C0                    		adc	al,al 
 04CF  03 DB                    		add	bx,bx 
 04D1  12 C0                    		adc	al,al 
 04D3  AA                       		stosb				; Store al to es:[di] 
 04D4  E2 E9                    		loop	locloop_44		; Loop if cx > 0 
                                 
 04D6  46                       		inc	si 
 04D7  46                       		inc	si 
 04D8  59                       		pop	cx 
 04D9  E2 D7                    		loop	locloop_43		; Loop if cx > 0 
                                 
 04DB  5F                       		pop	di 
 04DC  81 C7 0140               		add	di,140h 
 04E0  5E                       		pop	si 
 04E1  83 C6 38                 		add	si,38h 
 04E4  59                       		pop	cx 
 04E5  E2 C5                    		loop	locloop_42		; Loop if cx > 0 
Microsoft (R) Macro Assembler  Version 4.00                 3/29/26 15:15:44

                                                            Page     1-17
                                                            

                                 
 04E7  06                       		push	es 
 04E8  1F                       		pop	ds 
 04E9  BE B1B0                  		mov	si,data_22e 
 04EC  BF B220                  		mov	di,data_23e 
 04EF  B4 10                    		mov	ah,10h 
 04F1                           loc_45: 
 04F1  B9 0038                  		mov	cx,38h 
 04F4  F3/ A5                   		rep	movsw			; Rep when cx >0 Mov [si] to es:[di] 
 04F6  81 C7 00D0               		add	di,0D0h 
 04FA  81 C6 00D0               		add	si,0D0h 
 04FE  FE CC                    		dec	ah 
 0500  75 EF                    		jnz	loc_45			; Jump if not zero 
 0502  1F                       		pop	ds 
                                		retn 
 0503  C3                     1                 db     0C3h
                                			                        ;* No entry point to code 
 0504  1E                       		push	ds 
 0505  8C CA                    		mov	dx,cs 
 0507  81 C2 1000               		add	dx,1000h 
 050B  8E DA                    		mov	ds,dx 
 050D  BE 0000                  		mov	si,data_20e 
 0510  B8 B800                  		mov	ax,0B800h 
 0513  8E C0                    		mov	es,ax 
 0515  BF 55F8                  		mov	di,55F8h 
 0518  B9 0008                  		mov	cx,8 
                                 
 051B                           locloop_46: 
 051B  51                       		push	cx 
 051C  57                       		push	di 
 051D  B9 001C                  		mov	cx,1Ch 
                                 
 0520                           locloop_47: 
 0520  51                       		push	cx 
 0521  8A 74 1C                 		mov	dh,[si+1Ch] 
 0524  8A 14                    		mov	dl,[si] 
 0526  46                       		inc	si 
 0527  BD 38C7                  		mov	bp,38C7h 
 052A  E8 05A1 R                		call	sub_6 
 052D  AA                       		stosb				; Store al to es:[di] 
 052E  E8 05A1 R                		call	sub_6 
 0531  AA                       		stosb				; Store al to es:[di] 
 0532  59                       		pop	cx 
 0533  E2 EB                    		loop	locloop_47		; Loop if cx > 0 
                                 
 0535  1E                       		push	ds 
 0536  56                       		push	si 
 0537  06                       		push	es 
 0538  1F                       		pop	ds 
 0539  8B F7                    		mov	si,di 
 053B  83 EE 38                 		sub	si,38h 
 053E  B9 001C                  		mov	cx,1Ch 
 0541  F3/ A5                   		rep	movsw			; Rep when cx >0 Mov [si] to es:[di] 
 0543  5E                       		pop	si 
 0544  1F                       		pop	ds 
Microsoft (R) Macro Assembler  Version 4.00                 3/29/26 15:15:44

                                                            Page     1-18
                                                            

 0545  83 C6 1C                 		add	si,1Ch 
 0548  5F                       		pop	di 
 0549  81 C7 2000               		add	di,2000h 
 054D  81 FF 8000               		cmp	di,8000h 
 0551  72 04                    		jb	loc_48			; Jump if below 
 0553  81 C7 80A0               		add	di,80A0h 
 0557                           loc_48: 
 0557  59                       		pop	cx 
 0558  E2 C1                    		loop	locloop_46		; Loop if cx > 0 
                                 
 055A  BF 5738                  		mov	di,5738h 
 055D  B9 0008                  		mov	cx,8 
                                 
 0560                           locloop_49: 
 0560  51                       		push	cx 
 0561  57                       		push	di 
 0562  B9 001C                  		mov	cx,1Ch 
                                 
 0565                           locloop_50: 
 0565  51                       		push	cx 
 0566  8A 74 1C                 		mov	dh,[si+1Ch] 
 0569  8A 14                    		mov	dl,[si] 
 056B  46                       		inc	si 
 056C  BD 38D7                  		mov	bp,38D7h 
 056F  E8 05A1 R                		call	sub_6 
 0572  AA                       		stosb				; Store al to es:[di] 
 0573  E8 05A1 R                		call	sub_6 
 0576  AA                       		stosb				; Store al to es:[di] 
 0577  59                       		pop	cx 
 0578  E2 EB                    		loop	locloop_50		; Loop if cx > 0 
                                 
 057A  1E                       		push	ds 
 057B  56                       		push	si 
 057C  06                       		push	es 
 057D  1F                       		pop	ds 
 057E  8B F7                    		mov	si,di 
 0580  83 EE 38                 		sub	si,38h 
 0583  B9 001C                  		mov	cx,1Ch 
 0586  F3/ A5                   		rep	movsw			; Rep when cx >0 Mov [si] to es:[di] 
 0588  5E                       		pop	si 
 0589  1F                       		pop	ds 
 058A  83 C6 1C                 		add	si,1Ch 
 058D  5F                       		pop	di 
 058E  81 C7 2000               		add	di,2000h 
 0592  81 FF 8000               		cmp	di,8000h 
 0596  72 04                    		jb	loc_51			; Jump if below 
 0598  81 C7 80A0               		add	di,80A0h 
 059C                           loc_51: 
 059C  59                       		pop	cx 
 059D  E2 C1                    		loop	locloop_49		; Loop if cx > 0 
                                 
 059F  1F                       		pop	ds 
                                		retn 
 05A0  C3                     1                 db     0C3h
                                 
Microsoft (R) Macro Assembler  Version 4.00                 3/29/26 15:15:44

                                                            Page     1-19
                                                            

                                ;ﬂﬂﬂﬂﬂﬂﬂﬂﬂﬂﬂﬂﬂﬂﬂﬂﬂﬂﬂﬂﬂﬂﬂﬂﬂﬂﬂﬂﬂﬂﬂﬂﬂﬂﬂﬂﬂﬂﬂﬂﬂﬂﬂﬂﬂﬂﬂﬂﬂﬂﬂﬂﬂﬂﬂﬂﬂﬂﬂﬂﬂﬂﬂﬂﬂﬂﬂﬂﬂﬂﬂﬂﬂﬂ 
                                ;                              SUBROUTINE 
                                ;‹‹‹‹‹‹‹‹‹‹‹‹‹‹‹‹‹‹‹‹‹‹‹‹‹‹‹‹‹‹‹‹‹‹‹‹‹‹‹‹‹‹‹‹‹‹‹‹‹‹‹‹‹‹‹‹‹‹‹‹‹‹‹‹‹‹‹‹‹‹‹‹‹‹ 
                                 
 05A1                           sub_6		proc	near 
 05A1  32 C0                    		xor	al,al			; Zero register 
 05A3  B9 0002                  		mov	cx,2 
                                 
 05A6                           locloop_52: 
 05A6  02 F6                    		add	dh,dh 
 05A8  12 DB                    		adc	bl,bl 
 05AA  02 D2                    		add	dl,dl 
 05AC  12 DB                    		adc	bl,bl 
 05AE  02 F6                    		add	dh,dh 
 05B0  12 DB                    		adc	bl,bl 
 05B2  02 D2                    		add	dl,dl 
 05B4  12 DB                    		adc	bl,bl 
 05B6  80 E3 0F                 		and	bl,0Fh 
 05B9  32 FF                    		xor	bh,bh			; Zero register 
 05BB  02 C0                    		add	al,al 
 05BD  02 C0                    		add	al,al 
 05BF  02 C0                    		add	al,al 
 05C1  02 C0                    		add	al,al 
 05C3  03 DD                    		add	bx,bp 
 05C5  2E: 0A 07                		or	al,cs:[bx] 
 05C8  E2 DC                    		loop	locloop_52		; Loop if cx > 0 
                                 
                                		retn 
 05CA  C3                     1                 db     0C3h
                                sub_6		endp 
                                 
 05CB  00 03 04 07 03 0B        		db	 00h, 03h, 04h, 07h, 03h, 0Bh 
 05D1  05 0A 04 05 0C 06        		db	 05h, 0Ah, 04h, 05h, 0Ch, 06h 
 05D7  07 0A 06 0E 00 07        		db	 07h, 0Ah, 06h, 0Eh, 00h, 07h 
 05DD  04 02 07 0F 0C 0E        		db	 04h, 02h, 07h, 0Fh, 0Ch, 0Eh 
 05E3  04 0C 0C 02 02 0E        		db	 04h, 0Ch, 0Ch, 02h, 02h, 0Eh 
 05E9  02 0A 06 AA 70 BB        		db	 02h, 0Ah, 06h,0AAh, 70h,0BBh 
 05EF  FB BF BB BF BB BB        		db	0FBh,0BFh,0BBh,0BFh,0BBh,0BBh 
 05F5  FF BB BB BF 06 BB        		db	0FFh,0BBh,0BBh,0BFh, 06h,0BBh 
 05FB  08 FB FF FF BB BF        		db	 08h,0FBh,0FFh,0FFh,0BBh,0BFh 
 0601  FB 06 BB 10 FF FF        		db	0FBh, 06h,0BBh, 10h,0FFh,0FFh 
 0607  FB 06 BB 0C FE FE        		db	0FBh, 06h,0BBh, 0Ch,0FEh,0FEh 
 060D  FE FF FE EF FF FF        		db	0FEh,0FFh,0FEh,0EFh,0FFh,0FFh 
 0613  FF EF FF FF EE EE        		db	0FFh,0EFh,0FFh,0FFh,0EEh,0EEh 
 0619  EF FE EF FF FF FE        		db	0EFh,0FEh,0EFh,0FFh,0FFh,0FEh 
 061F  FF EE EF FF FF FF        		db	0FFh,0EEh,0EFh,0FFh,0FFh,0FFh 
 0625  EE EF EE EF FE FF        		db	0EEh,0EFh,0EEh,0EFh,0FEh,0FFh 
 062B  EF FE EF EF FF FE        		db	0EFh,0FEh,0EFh,0EFh,0FFh,0FEh 
 0631  FF EF FF FF FE FF        		db	0FFh,0EFh,0FFh,0FFh,0FEh,0FFh 
 0637  EE 06 EF 04 FE FF        		db	0EEh, 06h,0EFh, 04h,0FEh,0FFh 
 063D  FF FE EE EE EE 06        		db	0FFh,0FEh,0EEh,0EEh,0EEh, 06h 
 0643  FF 32 EF FB 06 FF        		db	0FFh, 32h,0EFh,0FBh, 06h,0FFh 
 0649  77 BB BB BB 06 FF        		db	 77h,0BBh,0BBh,0BBh, 06h,0FFh 
 064F  0D FE EA BB FF FF        		db	 0Dh,0FEh,0EAh,0BBh,0FFh,0FFh 
 0655  FE EA EF FF FF EE        		db	0FEh,0EAh,0EFh,0FFh,0FFh,0EEh 
Microsoft (R) Macro Assembler  Version 4.00                 3/29/26 15:15:44

                                                            Page     1-20
                                                            

 065B  EE EE 06 FF 10 FE        		db	0EEh,0EEh, 06h,0FFh, 10h,0FEh 
 0661  EE EE 06 FF 05 BB        		db	0EEh,0EEh, 06h,0FFh, 05h,0BBh 
 0667  FB AE 06 EE 04 EF        		db	0FBh,0AEh, 06h,0EEh, 04h,0EFh 
 066D  FF FF FB BA BE BE        		db	0FFh,0FFh,0FBh,0BAh,0BEh,0BEh 
 0673  EF FB FB BB 06 FF        		db	0EFh,0FBh,0FBh,0BBh, 06h,0FFh 
 0679  0E 06 BB 0B BF FF        		db	 0Eh, 06h,0BBh, 0Bh,0BFh,0FFh 
 067F  FF BB BB BB FB BB        		db	0FFh,0BBh,0BBh,0BBh,0FBh,0BBh 
 0685  BB BF BF FF BB EE        		db	0BBh,0BFh,0BFh,0FFh,0BBh,0EEh 
 068B  EE EA AA AA AA EE        		db	0EEh,0EAh,0AAh,0AAh,0AAh,0EEh 
 0691  FE EE EE EF FF EA        		db	0FEh,0EEh,0EEh,0EFh,0FFh,0EAh 
 0697  EA AB AA BF EE EE        		db	0EAh,0ABh,0AAh,0BFh,0EEh,0EEh 
 069D  AA 06 BB 04 BF FF        		db	0AAh, 06h,0BBh, 04h,0BFh,0FFh 
 06A3  FE 06 EE 07 FE AA        		db	0FEh, 06h,0EEh, 07h,0FEh,0AAh 
 06A9  AE EE AA AA AE EE        		db	0AEh,0EEh,0AAh,0AAh,0AEh,0EEh 
 06AF  FF FF FF 06 EE 04        		db	0FFh,0FFh,0FFh, 06h,0EEh, 04h 
 06B5  EF EE FF FF FF EE        		db	0EFh,0EEh,0FFh,0FFh,0FFh,0EEh 
 06BB  FF BB BB BB BA AB        		db	0FFh,0BBh,0BBh,0BBh,0BAh,0ABh 
 06C1  AB 06 BB 05 BA AB        		db	0ABh, 06h,0BBh, 05h,0BAh,0ABh 
 06C7  AA AA AB AB BB 06        		db	0AAh,0AAh,0ABh,0ABh,0BBh, 06h 
 06CD  AA 06 AB 06 BB 07        		db	0AAh, 06h,0ABh, 06h,0BBh, 07h 
 06D3  AA AB 06 BB 13 BF        		db	0AAh,0ABh, 06h,0BBh, 13h,0BFh 
 06D9  FF BF 06 EE 08 06        		db	0FFh,0BFh, 06h,0EEh, 08h, 06h 
 06DF  AA 0D EE AE AA EE        		db	0AAh, 0Dh,0EEh,0AEh,0AAh,0EEh 
 06E5  EE EA AA EE AA           		db	0EEh,0EAh,0AAh,0EEh,0AAh 
 06EA  AA                       data_2		db	0AAh			; Data table (indexed access) 
 06EB  EA EE EA AA EE EE        		db	0EAh,0EEh,0EAh,0AAh,0EEh,0EEh 
 06F1  FE AA EA AA AE EE        		db	0FEh,0AAh,0EAh,0AAh,0AEh,0EEh 
 06F7  EA AA EE AA EA AE        		db	0EAh,0AAh,0EEh,0AAh,0EAh,0AEh 
 06FD  06 EE 06 EF FB 06        		db	 06h,0EEh, 06h,0EFh,0FBh, 06h 
 0703  AA 2D BB AA BA AA        		db	0AAh, 2Dh,0BBh,0AAh,0BAh,0AAh 
 0709  AB 06 BB 05 EA EE        		db	0ABh, 06h,0BBh, 05h,0EAh,0EEh 
 070F  06 AA 35 EE AB AA        		db	 06h,0AAh, 35h,0EEh,0ABh,0AAh 
 0715  AA AA EA EE EA AE        		db	0AAh,0AAh,0EAh,0EEh,0EAh,0AEh 
 071B  AB 06 AA 2F EA 06        		db	0ABh, 06h,0AAh, 2Fh,0EAh, 06h 
 0721  AA 08 AB AA BA EA        		db	0AAh, 08h,0ABh,0AAh,0BAh,0EAh 
 0727  06 AA B6 AF FE EF        		db	 06h,0AAh,0B6h,0AFh,0FEh,0EFh 
 072D  06 AA 04 BF EE EF        		db	 06h,0AAh, 04h,0BFh,0EEh,0EFh 
 0733  FA 06 AA 2D BE AF        		db	0FAh, 06h,0AAh, 2Dh,0BEh,0AFh 
 0739  FE EE BB FA AA BA        		db	0FEh,0EEh,0BBh,0FAh,0AAh,0BAh 
 073F  FB BA 06 AA 1F 3F        		db	0FBh,0BAh, 06h,0AAh, 1Fh, 3Fh 
 0745  FE EE EA BB 06 AA        		db	0FEh,0EEh,0EAh,0BBh, 06h,0AAh 
 074B  09 AB FE AE EA 06        		db	 09h,0ABh,0FEh,0AEh,0EAh, 06h 
 0751  AA 04 FA BE 06 AA        		db	0AAh, 04h,0FAh,0BEh, 06h,0AAh 
 0757  20 3E EA 06 AA 0C        		db	 20h, 3Eh,0EAh, 06h,0AAh, 0Ch 
 075D  AF FE AB BB BA AA        		db	0AFh,0FEh,0ABh,0BBh,0BAh,0AAh 
 0763  AA AA FA BA 06 AA        		db	0AAh,0AAh,0FAh,0BAh, 06h,0AAh 
 0769  1F AB BA 06 AA 0D        		db	 1Fh,0ABh,0BAh, 06h,0AAh, 0Dh 
 076F  AF FA AA EA AA AA        		db	0AFh,0FAh,0AAh,0EAh,0AAh,0AAh 
 0775  AA AB FB EE 06 AA        		db	0AAh,0ABh,0FBh,0EEh, 06h,0AAh 
 077B  10 BF FF FF EF 06        		db	 10h,0BFh,0FFh,0FFh,0EFh, 06h 
 0781  AA 0B AF AE EE EF        		db	0AAh, 0Bh,0AFh,0AEh,0EEh,0EFh 
 0787  FE BA AA EE EE FF        		db	0FEh,0BAh,0AAh,0EEh,0EEh,0FFh 
 078D  FB BB AA AA AA FF        		db	0FBh,0BBh,0AAh,0AAh,0AAh,0FFh 
 0793  EA AA EA AA AA AA        		db	0EAh,0AAh,0EAh,0AAh,0AAh,0AAh 
 0799  AB EE BA AA AA AB        		db	0ABh,0EEh,0BAh,0AAh,0AAh,0ABh 
Microsoft (R) Macro Assembler  Version 4.00                 3/29/26 15:15:44

                                                            Page     1-21
                                                            

 079F  FF FB FF BB BB AA        		db	0FFh,0FBh,0FFh,0BBh,0BBh,0AAh 
 07A5  EE 06 AA 05 BF EE        		db	0EEh, 06h,0AAh, 05h,0BFh,0EEh 
 07AB  AB FF BA 06 AA 07        		db	0ABh,0FFh,0BAh, 06h,0AAh, 07h 
 07B1  FF FE EE AA AF AF        		db	0FFh,0FEh,0EEh,0AAh,0AFh,0AFh 
 07B7  BB BB AA AA AE EE        		db	0BBh,0BBh,0AAh,0AAh,0AEh,0EEh 
 07BD  06 AA 04 AE EE EF        		db	 06h,0AAh, 04h,0AEh,0EEh,0EFh 
 07C3  BF EA 06 AA 05 AF        		db	0BFh,0EAh, 06h,0AAh, 05h,0AFh 
 07C9  EC BA AA AA AF FF        		db	0ECh,0BAh,0AAh,0AAh,0AFh,0FFh 
 07CF  FF BB FF EA 06 AA        		db	0FFh,0BBh,0FFh,0EAh, 06h,0AAh 
 07D5  06 BF FF EE AA AB        		db	 06h,0BFh,0FFh,0EEh,0AAh,0ABh 
 07DB  AA BF BF EB FB BB        		db	0AAh,0BFh,0BFh,0EBh,0FBh,0BBh 
 07E1  BB BB 06 AA 04 AF        		db	0BBh,0BBh, 06h,0AAh, 04h,0AFh 
 07E7  2B FA AA AA AA 06        		db	 2Bh,0FAh,0AAh,0AAh,0AAh, 06h 
 07ED  BB 04 AA AE EA AA        		db	0BBh, 04h,0AAh,0AEh,0EAh,0AAh 
 07F3  FA BF EA AA BB BF        		db	0FAh,0BFh,0EAh,0AAh,0BBh,0BFh 
 07F9  FB BB BF E8 BA AA        		db	0FBh,0BBh,0BFh,0E8h,0BAh,0AAh 
 07FF  AA AF FE AB EF FE        		db	0AAh,0AFh,0FEh,0ABh,0EFh,0FEh 
 0805  FF FE EA AA AF 06        		db	0FFh,0FEh,0EAh,0AAh,0AFh, 06h 
 080B  FF 04 EE AA AA AA        		db	0FFh, 04h,0EEh,0AAh,0AAh,0AAh 
 0811  FF AE EE FF EA AE        		db	0FFh,0AEh,0EEh,0FFh,0EAh,0AEh 
 0817  EE FB BA FF FF EE        		db	0EEh,0FBh,0BAh,0FFh,0FFh,0EEh 
 081D  EA BE EE EE EE BF        		db	0EAh,0BEh,0EEh,0EEh,0EEh,0BFh 
 0823  FF EB FF FE BA EA        		db	0FFh,0EBh,0FFh,0FEh,0BAh,0EAh 
 0829  AB EB FF 06 AA 06        		db	0ABh,0EBh,0FFh, 06h,0AAh, 06h 
 082F  FE EC 8E AA AA BF        		db	0FEh,0ECh, 8Eh,0AAh,0AAh,0BFh 
 0835  FE AF BA 06 FF 05        		db	0FEh,0AFh,0BAh, 06h,0FFh, 05h 
 083B  FA BF BE FF FF EE        		db	0FAh,0BFh,0BEh,0FFh,0FFh,0EEh 
 0841  AA AA AA 06 FF 05        		db	0AAh,0AAh,0AAh, 06h,0FFh, 05h 
 0847  AB 06 FF 04 FE BF        		db	0ABh, 06h,0FFh, 04h,0FEh,0BFh 
 084D  AA AF 06 FF 08 FB        		db	0AAh,0AFh, 06h,0FFh, 08h,0FBh 
 0853  FF EF AF FF AA A8        		db	0FFh,0EFh,0AFh,0FFh,0AAh,0A8h 
 0859  BF FF FB FF BE EE        		db	0BFh,0FFh,0FBh,0FFh,0BEh,0EEh 
 085F  2E FF FF BF FE AF        		db	 2Eh,0FFh,0FFh,0BFh,0FEh,0AFh 
 0865  BB FE AA EE BE FB        		db	0BBh,0FEh,0AAh,0EEh,0BEh,0FBh 
 086B  AA BF EB BF FF EE        		db	0AAh,0BFh,0EBh,0BFh,0FFh,0EEh 
 0871  06 AA 07 AF AB EA        		db	 06h,0AAh, 07h,0AFh,0ABh,0EAh 
 0877  AA AA AA A8 BF AA        		db	0AAh,0AAh,0AAh,0A8h,0BFh,0AAh 
 087D  AE EE EB AA AE EE        		db	0AEh,0EEh,0EBh,0AAh,0AEh,0EEh 
 0883  AB BB AF AF EA BF        		db	0ABh,0BBh,0AFh,0AFh,0EAh,0BFh 
 0889  AF FE AA A8 AA AA        		db	0AFh,0FEh,0AAh,0A8h,0AAh,0AAh 
 088F  AF EE EA EE 22 AA        		db	0AFh,0EEh,0EAh,0EEh, 22h,0AAh 
 0895  AA FF FE EB BA BE        		db	0AAh,0FFh,0FEh,0EBh,0BAh,0BEh 
 089B  AA EE FE FB BA AF        		db	0AAh,0EEh,0FEh,0FBh,0BAh,0AFh 
 08A1  AA BF FF EE AA AA        		db	0AAh,0BFh,0FFh,0EEh,0AAh,0AAh 
 08A7  AA FF FF FF EB FA        		db	0AAh,0FFh,0FFh,0FFh,0EBh,0FAh 
 08AD  AA FF FF FF FE A2        		db	0AAh,0FFh,0FFh,0FFh,0FEh,0A2h 
 08B3  FD E8 AF FE AB 06        		db	0FDh,0E8h,0AFh,0FEh,0ABh, 06h 
 08B9  FF 06 EF BF BE EF        		db	0FFh, 06h,0EFh,0BFh,0BEh,0EFh 
 08BF  FA AA A8 2B FF EF        		db	0FAh,0AAh,0A8h, 2Bh,0FFh,0EFh 
 08C5  FF EB BE 8A BF FE        		db	0FFh,0EBh,0BEh, 8Ah,0BFh,0FEh 
 08CB  FF FE EB BE BA AA        		db	0FFh,0FEh,0EBh,0BEh,0BAh,0AAh 
 08D1  FA BE FB BA BE EA        		db	0FAh,0BEh,0FBh,0BAh,0BEh,0EAh 
 08D7  BF FF AE AA AA AA        		db	0BFh,0FFh,0AEh,0AAh,0AAh,0AAh 
 08DD  AE BA AA FA AA BB        		db	0AEh,0BAh,0AAh,0FAh,0AAh,0BBh 
 08E3  FE AA BF FA 82 FB        		db	0FEh,0AAh,0BFh,0FAh, 82h,0FBh 
Microsoft (R) Macro Assembler  Version 4.00                 3/29/26 15:15:44

                                                            Page     1-22
                                                            

 08E9  E8 AB FE AB FF EB        		db	0E8h,0ABh,0FEh,0ABh,0FFh,0EBh 
 08EF  06 FF 04 EF BF BF        		db	 06h,0FFh, 04h,0EFh,0BFh,0BFh 
 08F5  AF FA AA AA 0B FF        		db	0AFh,0FAh,0AAh,0AAh, 0Bh,0FFh 
 08FB  EE FF AB BA A8 BF        		db	0EEh,0FFh,0ABh,0BAh,0A8h,0BFh 
 0901  FB FF FB AB FE BA        		db	0FBh,0FFh,0FBh,0ABh,0FEh,0BAh 
 0907  AA FA FE FB BA BB        		db	0AAh,0FAh,0FEh,0FBh,0BAh,0BBh 
 090D  AA BF FF BA AA AA        		db	0AAh,0BFh,0FFh,0BAh,0AAh,0AAh 
 0913  AA BE BF EF AA AA        		db	0AAh,0BEh,0BFh,0EFh,0AAh,0AAh 
 0919  AF FF AA FF FA 22        		db	0AFh,0FFh,0AAh,0FFh,0FAh, 22h 
 091F  FF E8 AA FA AB FF        		db	0FFh,0E8h,0AAh,0FAh,0ABh,0FFh 
 0925  AB 06 FF 04 BE FF        		db	0ABh, 06h,0FFh, 04h,0BEh,0FFh 
 092B  BE AF EA AA AA 8A        		db	0BEh,0AFh,0EAh,0AAh,0AAh, 8Ah 
 0931  FF BF FA AE AE 88        		db	0FFh,0BFh,0FAh,0AEh,0AEh, 88h 
 0937  AB FB FF EB AA FA        		db	0ABh,0FBh,0FFh,0EBh,0AAh,0FAh 
 093D  BA AA FA EE FB AA        		db	0BAh,0AAh,0FAh,0EEh,0FBh,0AAh 
 0943  BE AA BF FF BA 06        		db	0BEh,0AAh,0BFh,0FFh,0BAh, 06h 
 0949  AA 04 BE AA AA AA        		db	0AAh, 04h,0BEh,0AAh,0AAh,0AAh 
 094F  AE FF EA FE FA CB        		db	0AEh,0FFh,0EAh,0FEh,0FAh,0CBh 
 0955  FF A8 8A AA AE EE        		db	0FFh,0A8h, 8Ah,0AAh,0AEh,0EEh 
 095B  AB FF FF FF FE FF        		db	0ABh,0FFh,0FFh,0FFh,0FEh,0FFh 
 0961  AE FF BF EA AA AA        		db	0AEh,0FFh,0BFh,0EAh,0AAh,0AAh 
 0967  0A FE FB BA EE FE        		db	 0Ah,0FEh,0FBh,0BAh,0EEh,0FEh 
 096D  80 AA FF FF EB AA        		db	 80h,0AAh,0FFh,0FFh,0EBh,0AAh 
 0973  EA AE AA EB BE EE        		db	0EAh,0AEh,0AAh,0EBh,0BEh,0EEh 
 0979  BA BE AA BF FF FA        		db	0BAh,0BEh,0AAh,0BFh,0FFh,0FAh 
 097F  06 AA 04 FE AA AE        		db	 06h,0AAh, 04h,0FEh,0AAh,0AEh 
 0985  AA AF BF AB FF E8        		db	0AAh,0AFh,0BFh,0ABh,0FFh,0E8h 
 098B  C3 FF 98 0A AA AB        		db	0C3h,0FFh, 98h, 0Ah,0AAh,0ABh 
 0991  FA BB FF FF FF FE        		db	0FAh,0BBh,0FFh,0FFh,0FFh,0FEh 
 0997  FF AB FA BE EA AA        		db	0FFh,0ABh,0FAh,0BEh,0EAh,0AAh 
 099D  AA 82 BE EF EB BB        		db	0AAh, 82h,0BEh,0EFh,0EBh,0BBh 
 09A3  EE 82 2A FF FF AF        		db	0EEh, 82h, 2Ah,0FFh,0FFh,0AFh 
 09A9  AA EA AA AB BB FE        		db	0AAh,0EAh,0AAh,0ABh,0BBh,0FEh 
 09AF  EE BA BA AA BF FF        		db	0EEh,0BAh,0BAh,0AAh,0BFh,0FFh 
 09B5  AE 06 AA 04 BE AA        		db	0AEh, 06h,0AAh, 04h,0BEh,0AAh 
 09BB  BA AA AB FE BB AF        		db	0BAh,0AAh,0ABh,0FEh,0BBh,0AFh 
 09C1  FB CF FE 98 08 88        		db	0FBh,0CFh,0FEh, 98h, 08h, 88h 
 09C7  AA FA AF FE FF FF        		db	0AAh,0FAh,0AFh,0FEh,0FFh,0FFh 
 09CD  FE FE AB EE FE EA        		db	0FEh,0FEh,0ABh,0EEh,0FEh,0EAh 
 09D3  AA AA 88 AB FF EA        		db	0AAh,0AAh, 88h,0ABh,0FFh,0EAh 
 09D9  AF BA 82 23 FF FF        		db	0AFh,0BAh, 82h, 23h,0FFh,0FFh 
 09DF  AE AA BB AE AB EB        		db	0AEh,0AAh,0BBh,0AEh,0ABh,0EBh 
 09E5  FF AE BA AE AA BF        		db	0FFh,0AEh,0BAh,0AEh,0AAh,0BFh 
 09EB  FF EE AA AA AA 2A        		db	0FFh,0EEh,0AAh,0AAh,0AAh, 2Ah 
 09F1  FA AA EA AA AB FA        		db	0FAh,0AAh,0EAh,0AAh,0ABh,0FAh 
 09F7  FB FF EF CF F9 A8        		db	0FBh,0FFh,0EFh,0CFh,0F9h,0A8h 
 09FD  20 A2 2A EA BF FF        		db	 20h,0A2h, 2Ah,0EAh,0BFh,0FFh 
 0A03  FF FF EB FF AF BA        		db	0FFh,0FFh,0EBh,0FFh,0AFh,0BAh 
 0A09  FB AA AA AA A2 AB        		db	0FBh,0AAh,0AAh,0AAh,0A2h,0ABh 
 0A0F  BE EF BF BE 88 83        		db	0BEh,0EFh,0BFh,0BEh, 88h, 83h 
 0A15  FF FF BA AA FB BA        		db	0FFh,0FFh,0BAh,0AAh,0FBh,0BAh 
 0A1B  AE EE FF AE EA BA        		db	0AEh,0EEh,0FFh,0AEh,0EAh,0BAh 
 0A21  AA BF FF                 		db	0AAh,0BFh,0FFh 
 0A24  EE AA AA AA 2B FA        		db	0EEh,0AAh,0AAh,0AAh, 2Bh,0FAh 
 0A2A  AB AA AA BB FE EF        		db	0ABh,0AAh,0AAh,0BBh,0FEh,0EFh 
Microsoft (R) Macro Assembler  Version 4.00                 3/29/26 15:15:44

                                                            Page     1-23
                                                            

 0A30  BB EF BF F9 AA 08        		db	0BBh,0EFh,0BFh,0F9h,0AAh, 08h 
 0A36  28 AA AB BF FF FF        		db	 28h,0AAh,0ABh,0BFh,0FFh,0FFh 
 0A3C  FF FE FA EF EB FB        		db	0FFh,0FEh,0FAh,0EFh,0EBh,0FBh 
 0A42  AA AA AA 82 AA FF        		db	0AAh,0AAh,0AAh, 82h,0AAh,0FFh 
 0A48  AE BE BA 80 8F FF        		db	0AEh,0BEh,0BAh, 80h, 8Fh,0FFh 
 0A4E  FF BA AA EB AA FB        		db	0FFh,0BAh,0AAh,0EBh,0AAh,0FBh 
 0A54  AB BF AE EA BA AA        		db	0ABh,0BFh,0AEh,0EAh,0BAh,0AAh 
 0A5A  BF FF                    		db	0BFh,0FFh 
 0A5C  AE AA AA AA EB FA        		db	0AEh,0AAh,0AAh,0AAh,0EBh,0FAh 
 0A62  AF AA AA                 		db	0AFh,0AAh,0AAh 
 0A65  BE EA FB BA FF 3F        		db	0BEh,0EAh,0FBh,0BAh,0FFh, 3Fh 
 0A6B  FA AA 0A 88 00 BF        		db	0FAh,0AAh, 0Ah, 88h, 00h,0BFh 
 0A71  06 FF 04 FB EF AB        		db	 06h,0FFh, 04h,0FBh,0EFh,0ABh 
 0A77  AB EB AA AA AA A0        		db	0ABh,0EBh,0AAh,0AAh,0AAh,0A0h 
 0A7D  AA FB BE EA FA A0        		db	0AAh,0FBh,0BEh,0EAh,0FAh,0A0h 
 0A83  0F FF FE BA AA EF        		db	 0Fh,0FFh,0FEh,0BAh,0AAh,0EFh 
 0A89  BB AE AE EE EE EA        		db	0BBh,0AEh,0AEh,0EEh,0EEh,0EAh 
 0A8F  AE AA EF FF AE AA        		db	0AEh,0AAh,0EFh,0FFh,0AEh,0AAh 
 0A95  AA AA 0B EA BB AA        		db	0AAh,0AAh, 0Bh,0EAh,0BBh,0AAh 
 0A9B  AA BF FB AE FF BC        		db	0AAh,0BFh,0FBh,0AEh,0FFh,0BCh 
 0AA1  FF FA AA 82 A0 0F        		db	0FFh,0FAh,0AAh, 82h,0A0h, 0Fh 
 0AA7  06 FF 05 EF AB AE        		db	 06h,0FFh, 05h,0EFh,0ABh,0AEh 
 0AAD  AF EB AA AA AA A8        		db	0AFh,0EBh,0AAh,0AAh,0AAh,0A8h 
 0AB3  2A BE BB BA FA A2        		db	 2Ah,0BEh,0BBh,0BAh,0FAh,0A2h 
 0AB9  3F FF EF BA AA EF        		db	 3Fh,0FFh,0EFh,0BAh,0AAh,0EFh 
 0ABF  AE BA AB EF AE EA        		db	0AEh,0BAh,0ABh,0EFh,0AEh,0EAh 
 0AC5  AE AA BF FF 06 AA        		db	0AEh,0AAh,0BFh,0FFh, 06h,0AAh 
 0ACB  04 CF BA AE AA AA        		db	 04h,0CFh,0BAh,0AEh,0AAh,0AAh 
 0AD1  EF AB BA BE BF FF        		db	0EFh,0ABh,0BAh,0BEh,0BFh,0FFh 
 0AD7  FA 6A 82 80              		db	0FAh, 6Ah, 82h, 80h 
 0ADB  06 FF 06 AF BA           		db	 06h,0FFh, 06h,0AFh,0BAh 
 0AE0  BE BF AE AA AA AA        		db	0BEh,0BFh,0AEh,0AAh,0AAh,0AAh 
 0AE6  A2 0A AE AF AA EE        		db	0A2h, 0Ah,0AEh,0AFh,0AAh,0EEh 
 0AEC  A0 3F FB EB EA AA        		db	0A0h, 3Fh,0FBh,0EBh,0EAh,0AAh 
 0AF2  BB AE BA AF EF EE        		db	0BBh,0AEh,0BAh,0AFh,0EFh,0EEh 
 0AF8  EA AE AA AF FF AE        		db	0EAh,0AEh,0AAh,0AFh,0FFh,0AEh 
 0AFE  AA AA AA 8F EA BA        		db	0AAh,0AAh,0AAh, 8Fh,0EAh,0BAh 
 0B04  AA AB BF AA BA FE        		db	0AAh,0ABh,0BFh,0AAh,0BAh,0FEh 
 0B0A  BF FF EA AA A8 83        		db	0BFh,0FFh,0EAh,0AAh,0A8h, 83h 
 0B10  06 FF 05 FE AF BA        		db	 06h,0FFh, 05h,0FEh,0AFh,0BAh 
 0B16  FA FE AE AA AA AA        		db	0FAh,0FEh,0AEh,0AAh,0AAh,0AAh 
 0B1C  A8 0A AA BF AB EE        		db	0A8h, 0Ah,0AAh,0BFh,0ABh,0EEh 
 0B22  A2 3F EF AF EA AA        		db	0A2h, 3Fh,0EFh,0AFh,0EAh,0AAh 
 0B28  AF FA EA BF FF EE        		db	0AFh,0FAh,0EAh,0BFh,0FFh,0EEh 
 0B2E  EA AE AA AF FE AE        		db	0EAh,0AEh,0AAh,0AFh,0FEh,0AEh 
 0B34  AA AA AA CE EB EA        		db	0AAh,0AAh,0AAh,0CEh,0EBh,0EAh 
 0B3A  AA AB FA AA EA EE        		db	0AAh,0ABh,0FAh,0AAh,0EAh,0EEh 
 0B40  B3 FF A9 AA 22 87        		db	0B3h,0FFh,0A9h,0AAh, 22h, 87h 
 0B46  06 FF 05 FE FF BA        		db	 06h,0FFh, 05h,0FEh,0FFh,0BAh 
 0B4C  BB FE AE AA AA AA        		db	0BBh,0FEh,0AEh,0AAh,0AAh,0AAh 
 0B52  A8 82 AA FF AF EE        		db	0A8h, 82h,0AAh,0FFh,0AFh,0EEh 
 0B58  88 3F EE BE FA AA        		db	 88h, 3Fh,0EEh,0BEh,0FAh,0AAh 
 0B5E  BF AF AA BF BF AA        		db	0BFh,0AFh,0AAh,0BFh,0BFh,0AAh 
 0B64  EA AA AA AF FE AE        		db	0EAh,0AAh,0AAh,0AFh,0FEh,0AEh 
 0B6A  AA AA AA 83 AE EA        		db	0AAh,0AAh,0AAh, 83h,0AEh,0EAh 
Microsoft (R) Macro Assembler  Version 4.00                 3/29/26 15:15:44

                                                            Page     1-24
                                                            

 0B70  AA AF AA EF AA AE        		db	0AAh,0AFh,0AAh,0EFh,0AAh,0AEh 
 0B76  F3 FF A9 AA 0A 05        		db	0F3h,0FFh,0A9h,0AAh, 0Ah, 05h 
 0B7C  7F FF 5F FF FF FB        		db	 7Fh,0FFh, 5Fh,0FFh,0FFh,0FBh 
 0B82  EE FA EB FE BA 06        		db	0EEh,0FAh,0EBh,0FEh,0BAh, 06h 
 0B88  AA 04 00 AA FE BF        		db	0AAh, 04h, 00h,0AAh,0FEh,0BFh 
 0B8E  BE A0 FF AE EF BA        		db	0BEh,0A0h,0FFh,0AEh,0EFh,0BAh 
 0B94  AA FF BA AA BF BE        		db	0AAh,0FFh,0BAh,0AAh,0BFh,0BEh 
 0B9A  BA BA AE AA AF FE        		db	0BAh,0BAh,0AEh,0AAh,0AFh,0FEh 
 0BA0  BA AA AA AA 82 AF        		db	0BAh,0AAh,0AAh,0AAh, 82h,0AFh 
 0BA6  AA AA BE AA EF AA        		db	0AAh,0AAh,0BEh,0AAh,0EFh,0AAh 
 0BAC  AA FF FF A6 AA 0A        		db	0AAh,0FFh,0FFh,0A6h,0AAh, 0Ah 
 0BB2  07 D5 7D FF FF FF        		db	 07h,0D5h, 7Dh,0FFh,0FFh,0FFh 
 0BB8  FE FB EB AF FE BA        		db	0FEh,0FBh,0EBh,0AFh,0FEh,0BAh 
 0BBE  06 AA 04 00 AA FA        		db	 06h,0AAh, 04h, 00h,0AAh,0FAh 
 0BC4  EF EE 88 FF AA BE        		db	0EFh,0EEh, 88h,0FFh,0AAh,0BEh 
 0BCA  BA AA FE EA AA FE        		db	0BAh,0AAh,0FEh,0EAh,0AAh,0FEh 
 0BD0  BE BA BA AB AA AB        		db	0BEh,0BAh,0BAh,0ABh,0AAh,0ABh 
 0BD6  FE BA AA AA AA C3        		db	0FEh,0BAh,0AAh,0AAh,0AAh,0C3h 
 0BDC  BA EA AA FE AA BF        		db	0BAh,0EAh,0AAh,0FEh,0AAh,0BFh 
 0BE2  AA AB FF FE A6 8A        		db	0AAh,0ABh,0FFh,0FEh,0A6h, 8Ah 
 0BE8  0A 87 75 D7 5F FF        		db	 0Ah, 87h, 75h,0D7h, 5Fh,0FFh 
 0BEE  FF EB EF AA AF FA        		db	0FFh,0EBh,0EFh,0AAh,0AFh,0FAh 
 0BF4  BA 06 AA 04 08 2B        		db	0BAh, 06h,0AAh, 04h, 08h, 2Bh 
 0BFA  BE EF BF A8 FF BA        		db	0BEh,0EFh,0BFh,0A8h,0FFh,0BAh 
 0C00  EF FA AA FB AA AE        		db	0EFh,0FAh,0AAh,0FBh,0AAh,0AEh 
 0C06  FE BE BA BA AB EA        		db	0FEh,0BEh,0BAh,0BAh,0ABh,0EAh 
 0C0C  AB FE BA AA AA AA        		db	0ABh,0FEh,0BAh,0AAh,0AAh,0AAh 
 0C12  CE AF AA AE FA AA        		db	0CEh,0AFh,0AAh,0AEh,0FAh,0AAh 
 0C18  BB EB AB FF FA AA        		db	0BBh,0EBh,0ABh,0FFh,0FAh,0AAh 
 0C1E  8A 0A 07 7F FD FF        		db	 8Ah, 0Ah, 07h, 7Fh,0FDh,0FFh 
 0C24  FF FE AE FB AB BF        		db	0FFh,0FEh,0AEh,0FBh,0ABh,0BFh 
 0C2A  FA EA 06 AA 04 0A        		db	0FAh,0EAh, 06h,0AAh, 04h, 0Ah 
 0C30  AF EF AB FF A8 FE        		db	0AFh,0EFh,0ABh,0FFh,0A8h,0FEh 
 0C36  AE EE FA AA FB AA        		db	0AEh,0EEh,0FAh,0AAh,0FBh,0AAh 
 0C3C  AE FE BA BA BA AB        		db	0AEh,0FEh,0BAh,0BAh,0BAh,0ABh 
 0C42  EA AB FE BA AA AA        		db	0EAh,0ABh,0FEh,0BAh,0AAh,0AAh 
 0C48  AA 20 BE AA BB FA        		db	0AAh, 20h,0BEh,0AAh,0BBh,0FAh 
 0C4E  AA BF EB BB FE AA        		db	0AAh,0BFh,0EBh,0BBh,0FEh,0AAh 
 0C54  AA 8A 20 0F 7F FF        		db	0AAh, 8Ah, 20h, 0Fh, 7Fh,0FFh 
 0C5A  FF FF FE BB AF AE        		db	0FFh,0FFh,0FEh,0BBh,0AFh,0AEh 
 0C60  FF EA 06 AA 05 8B        		db	0FFh,0EAh, 06h,0AAh, 05h, 8Bh 
 0C66  AF EA EF EF A0 FE        		db	0AFh,0EAh,0EFh,0EFh,0A0h,0FEh 
 0C6C  EA FB EA AB EE AA        		db	0EAh,0FBh,0EAh,0ABh,0EEh,0AAh 
 0C72  BA EE BE BA BA AB        		db	0BAh,0EEh,0BEh,0BAh,0BAh,0ABh 
 0C78  EA AB FE FA AA AA        		db	0EAh,0ABh,0FEh,0FAh,0AAh,0AAh 
 0C7E  AA 00 FA AA EF FA        		db	0AAh, 00h,0FAh,0AAh,0EFh,0FAh 
 0C84  AB EE EF 2F FE A6        		db	0ABh,0EEh,0EFh, 2Fh,0FEh,0A6h 
 0C8A  9A 2A 0A 3D FF DD        		db	 9Ah, 2Ah, 0Ah, 3Dh,0FFh,0DDh 
 0C90  FF FF FE AF AE AA        		db	0FFh,0FFh,0FEh,0AFh,0AEh,0AAh 
 0C96  FF EA 06 AA 05 2B        		db	0FFh,0EAh, 06h,0AAh, 05h, 2Bh 
 0C9C  FF EA BB EF A2 FE        		db	0FFh,0EAh,0BBh,0EFh,0A2h,0FEh 
 0CA2  FB FB AA AB FB AA        		db	0FBh,0FBh,0AAh,0ABh,0FBh,0AAh 
 0CA8  BA FE EE BA BA AB        		db	0BAh,0FEh,0EEh,0BAh,0BAh,0ABh 
 0CAE  BA AB FE EE AA AA        		db	0BAh,0ABh,0FEh,0EEh,0AAh,0AAh 
 0CB4  AA 02 BA AF BF EA        		db	0AAh, 02h,0BAh,0AFh,0BFh,0EAh 
Microsoft (R) Macro Assembler  Version 4.00                 3/29/26 15:15:44

                                                            Page     1-25
                                                            

 0CBA  AB FE EC 3F FE 6A        		db	0ABh,0FEh,0ECh, 3Fh,0FEh, 6Ah 
 0CC0  AA 2A 20 1D FF F7        		db	0AAh, 2Ah, 20h, 1Dh,0FFh,0F7h 
 0CC6  DF F7 FA EF BA AF        		db	0DFh,0F7h,0FAh,0EFh,0BAh,0AFh 
 0CCC  FF 06 AA 06 2A BF        		db	0FFh, 06h,0AAh, 06h, 2Ah,0BFh 
 0CD2  AA AF BA A2 FB EF        		db	0AAh,0AFh,0BAh,0A2h,0FBh,0EFh 
 0CD8  AF EA AB FB AE EE        		db	0AFh,0EAh,0ABh,0FBh,0AEh,0EEh 
 0CDE  FA FA AE AE BB EA        		db	0FAh,0FAh,0AEh,0AEh,0BBh,0EAh 
 0CE4  AB FE EE AA AA AA        		db	0ABh,0FEh,0EEh,0AAh,0AAh,0AAh 
 0CEA  08 AA FA FB BA AF        		db	 08h,0AAh,0FAh,0FBh,0BAh,0AFh 
 0CF0  EF BC FF FA 69 AA        		db	0EFh,0BCh,0FFh,0FAh, 69h,0AAh 
 0CF6  28 A0 F5 F7 DF DF        		db	 28h,0A0h,0F5h,0F7h,0DFh,0DFh 
 0CFC  5F EB BE FE AE FE        		db	 5Fh,0EBh,0BEh,0FEh,0AEh,0FEh 
 0D02  06 AA 06 0F FF AA        		db	 06h,0AAh, 06h, 0Fh,0FFh,0AAh 
 0D08  AB EE BB FB AF EF        		db	0ABh,0EEh,0BBh,0FBh,0AFh,0EFh 
 0D0E  BA AF EB AA BB BE        		db	0BAh,0AFh,0EBh,0AAh,0BBh,0BEh 
 0D14  EE AE AE BB AA AB        		db	0EEh,0AEh,0AEh,0BBh,0AAh,0ABh 
 0D1A  FE EE AA AA AA C0        		db	0FEh,0EEh,0AAh,0AAh,0AAh,0C0h 
 0D20  AF EB FE EA AF FF        		db	0AFh,0EBh,0FEh,0EAh,0AFh,0FFh 
 0D26  BC FF EA A9 6A 28        		db	0BCh,0FFh,0EAh,0A9h, 6Ah, 28h 
 0D2C  88 D5 77 5F DD 5F        		db	 88h,0D5h, 77h, 5Fh,0DDh, 5Fh 
 0D32  EB FB FA EF FE 06        		db	0EBh,0FBh,0FAh,0EFh,0FEh, 06h 
 0D38  AA 06 3F FE BA AB        		db	0AAh, 06h, 3Fh,0FEh,0BAh,0ABh 
 0D3E  EB AB EF AB FF BA        		db	0EBh,0ABh,0EFh,0ABh,0FFh,0BAh 
 0D44  BF EE AE BE BE EE        		db	0BFh,0EEh,0AEh,0BEh,0BEh,0EEh 
 0D4A  AE AE AE FE AA FB        		db	0AEh,0AEh,0AEh,0FEh,0AAh,0FBh 
 0D50  06 AA 04 08 3B BF        		db	 06h,0AAh, 04h, 08h, 3Bh,0BFh 
 0D56  EB EA AF EE F3 FF        		db	0EBh,0EAh,0AFh,0EEh,0F3h,0FFh 
 0D5C  E9 A5 AA A8 A1 F7        		db	0E9h,0A5h,0AAh,0A8h,0A1h,0F7h 
 0D62  F7 DF 55 7F AE BE        		db	0F7h,0DFh, 55h, 7Fh,0AEh,0BEh 
 0D68  EA BF FE 06 AA 06        		db	0EAh,0BFh,0FEh, 06h,0AAh, 06h 
 0D6E  3F EA EA AA BB EB        		db	 3Fh,0EAh,0EAh,0AAh,0BBh,0EBh 
 0D74  BA AE FF EA AF EE        		db	0BAh,0AEh,0FFh,0EAh,0AFh,0EEh 
 0D7A  AE BA EE FA AE AE        		db	0AEh,0BAh,0EEh,0FAh,0AEh,0AEh 
 0D80  AB EB AA FB AE AA        		db	0ABh,0EBh,0AAh,0FBh,0AEh,0AAh 
 0D86  AA AA 30 0F FF AE        		db	0AAh,0AAh, 30h, 0Fh,0FFh,0AEh 
 0D8C  AA BF FE FF FF F9        		db	0AAh,0BFh,0FEh,0FFh,0FFh,0F9h 
 0D92  A5 A8 A0 89 77 DF        		db	0A5h,0A8h,0A0h, 89h, 77h,0DFh 
 0D98  DD 55 FA BF BA EA        		db	0DDh, 55h,0FAh,0BFh,0BAh,0EAh 
 0D9E  FF FA 06 AA 05 A8        		db	0FFh,0FAh, 06h,0AAh, 05h,0A8h 
 0DA4  FF AE EA AA AA BF        		db	0FFh,0AEh,0EAh,0AAh,0AAh,0BFh 
 0DAA  FE AA FE EA BE EE        		db	0FEh,0AAh,0FEh,0EAh,0BEh,0EEh 
 0DB0  AE AE FA EE AA AB        		db	0AEh,0AEh,0FAh,0EEh,0AAh,0ABh 
 0DB6  AA EF AE FB AE AA        		db	0AAh,0EFh,0AEh,0FBh,0AEh,0AAh 
 0DBC  AA AA 30 0B FE FA        		db	0AAh,0AAh, 30h, 0Bh,0FEh,0FAh 
 0DC2  AA FF FB FC FF F9        		db	0AAh,0FFh,0FBh,0FCh,0FFh,0F9h 
 0DC8  A6 A8 88 81 7D 5F        		db	0A6h,0A8h, 88h, 81h, 7Dh, 5Fh 
 0DCE  FD 5F FA FE AB EB        		db	0FDh, 5Fh,0FAh,0FEh,0ABh,0EBh 
 0DD4  BF 06 AA 07 FF AB        		db	0BFh, 06h,0AAh, 07h,0FFh,0ABh 
 0DDA  AA AA AA AB FF EA        		db	0AAh,0AAh,0AAh,0ABh,0FFh,0EAh 
 0DE0  FB AA BE EB AB BB        		db	0FBh,0AAh,0BEh,0EBh,0ABh,0BBh 
 0DE6  BA FA AB AB AA EF        		db	0BAh,0FAh,0ABh,0ABh,0AAh,0EFh 
 0DEC  AB FB AE AA AA AA        		db	0ABh,0FBh,0AEh,0AAh,0AAh,0AAh 
 0DF2  33 83 FF EE EF FF        		db	 33h, 83h,0FFh,0EEh,0EFh,0FFh 
 0DF8  FB FF FF FA AA A2        		db	0FBh,0FFh,0FFh,0FAh,0AAh,0A2h 
 0DFE  8A 8D 5F 5F F5 5F        		db	 8Ah, 8Dh, 5Fh, 5Fh,0F5h, 5Fh 
Microsoft (R) Macro Assembler  Version 4.00                 3/29/26 15:15:44

                                                            Page     1-26
                                                            

 0E04  FA EE EB AA FA 06        		db	0FAh,0EEh,0EBh,0AAh,0FAh, 06h 
 0E0A  AA 04 AE AA BF FF        		db	0AAh, 04h,0AEh,0AAh,0BFh,0FFh 
 0E10  BA AA AA A8 AA AF        		db	0BAh,0AAh,0AAh,0A8h,0AAh,0AFh 
 0E16  FA EE FA AE FB AA        		db	0FAh,0EEh,0FAh,0AEh,0FBh,0AAh 
 0E1C  FE FE EA AF AB AA        		db	0FEh,0FEh,0EAh,0AFh,0ABh,0AAh 
 0E22  EA AE FB AE AA AA        		db	0EAh,0AEh,0FBh,0AEh,0AAh,0AAh 
 0E28  AA 30 23 FF FB FF        		db	0AAh, 30h, 23h,0FFh,0FBh,0FFh 
 0E2E  FF EF FF FF FA AA        		db	0FFh,0EFh,0FFh,0FFh,0FAh,0AAh 
 0E34  A2 88 8F 75 FF D5        		db	0A2h, 88h, 8Fh, 75h,0FFh,0D5h 
 0E3A  7F BB AB AF AB EA        		db	 7Fh,0BBh,0ABh,0AFh,0ABh,0EAh 
 0E40  06 AA 04 BF FF EF        		db	 06h,0AAh, 04h,0BFh,0FFh,0EFh 
 0E46  FE FA AA AA A8 8A        		db	0FEh,0FAh,0AAh,0AAh,0A8h, 8Ah 
 0E4C  AB FE BF FE AE FB        		db	0ABh,0FEh,0BFh,0FEh,0AEh,0FBh 
 0E52  AB EF EE FA AF AB        		db	0ABh,0EFh,0EEh,0FAh,0AFh,0ABh 
 0E58  AA EB AF FE AE EA        		db	0AAh,0EBh,0AFh,0FEh,0AEh,0EAh 
 0E5E  AA AA 88 C0 06 FF        		db	0AAh,0AAh, 88h,0C0h, 06h,0FFh 
 0E64  04 E3 FF FF E6 AA        		db	 04h,0E3h,0FFh,0FFh,0E6h,0AAh 
 0E6A  AA 2A 0F FF FF D5        		db	0AAh, 2Ah, 0Fh,0FFh,0FFh,0D5h 
 0E70  FF EF AA BE AF EA        		db	0FFh,0EFh,0AAh,0BEh,0AFh,0EAh 
 0E76  AA AA AA AB BF FF        		db	0AAh,0AAh,0AAh,0ABh,0BFh,0FFh 
 0E7C  AF FA EA AA AA AA        		db	0AFh,0FAh,0EAh,0AAh,0AAh,0AAh 
 0E82  22 AA BF EF BA AB        		db	 22h,0AAh,0BFh,0EFh,0BAh,0ABh 
 0E88  EE AF BB EE FA 9F        		db	0EEh,0AFh,0BBh,0EEh,0FAh, 9Fh 
 0E8E  AB AA EB BB FE BA        		db	0ABh,0AAh,0EBh,0BBh,0FEh,0BAh 
 0E94  AA AA AA 8A 38 3F        		db	0AAh,0AAh,0AAh, 8Ah, 38h, 3Fh 
 0E9A  FF FF FF EC FF FF        		db	0FFh,0FFh,0FFh,0ECh,0FFh,0FFh 
 0EA0  E6 AA AA A8 0F FF        		db	0E6h,0AAh,0AAh,0A8h, 0Fh,0FFh 
 0EA6  FF 57 FF BB AA EA        		db	0FFh, 57h,0FFh,0BBh,0AAh,0EAh 
 0EAC  AF BA AA AA AA AB        		db	0AFh,0BAh,0AAh,0AAh,0AAh,0ABh 
 0EB2  FF FA BF AB EA AA        		db	0FFh,0FAh,0BFh,0ABh,0EAh,0AAh 
 0EB8  AA AA 22 AA AB FB        		db	0AAh,0AAh, 22h,0AAh,0ABh,0FBh 
 0EBE  EE FB AA FB FE FA        		db	0EEh,0FBh,0AAh,0FBh,0FEh,0FAh 
 0EC4  FA AB EB AA BB BF        		db	0FAh,0ABh,0EBh,0AAh,0BBh,0BFh 
 0ECA  FE BB AA AA AA B3        		db	0FEh,0BBh,0AAh,0AAh,0AAh,0B3h 
 0ED0  38 2F FE FF FB E3        		db	 38h, 2Fh,0FEh,0FFh,0FBh,0E3h 
 0ED6  FF FF AA AA A8 A0        		db	0FFh,0FFh,0AAh,0AAh,0A8h,0A0h 
 0EDC  2F FF FD 5F FA AE        		db	 2Fh,0FFh,0FDh, 5Fh,0FAh,0AEh 
 0EE2  AA FA AF EA AA AA        		db	0AAh,0FAh,0AFh,0EAh,0AAh,0AAh 
 0EE8  AA AF FE AB FF AB        		db	0AAh,0AFh,0FEh,0ABh,0FFh,0ABh 
 0EEE  06 AA 04 28 2A AA        		db	 06h,0AAh, 04h, 28h, 2Ah,0AAh 
 0EF4  BB FB BE FF BE FB        		db	0BBh,0FBh,0BEh,0FFh,0BEh,0FBh 
 0EFA  BA EA 7B EA EA BB        		db	0BAh,0EAh, 7Bh,0EAh,0EAh,0BBh 
 0F00  BF BA BE AA AA AA        		db	0BFh,0BAh,0BEh,0AAh,0AAh,0AAh 
 0F06  FC 8E 0A FB FF FE        		db	0FCh, 8Eh, 0Ah,0FBh,0FFh,0FEh 
 0F0C  EC FF FF AA AA 88        		db	0ECh,0FFh,0FFh,0AAh,0AAh, 88h 
 0F12  89 7F FF F5 5F EB        		db	 89h, 7Fh,0FFh,0F5h, 5Fh,0EBh 
 0F18  BA AB EA BE FA AA        		db	0BAh,0ABh,0EAh,0BEh,0FAh,0AAh 
 0F1E  AA AA AB FA EE FE        		db	0AAh,0AAh,0ABh,0FAh,0EEh,0FEh 
 0F24  AF 06 AA 04 0A 00        		db	0AFh, 06h,0AAh, 04h, 0Ah, 00h 
 0F2A  AA AE FF EB AF FA        		db	0AAh,0AEh,0FFh,0EBh,0AFh,0FAh 
 0F30  FF BB BA 7B EA EA        		db	0FFh,0BBh,0BAh, 7Bh,0EAh,0EAh 
 0F36  BA AF FA BE AA AA        		db	0BAh,0AFh,0FAh,0BEh,0AAh,0AAh 
 0F3C  AA BC A2 03 FF FF        		db	0AAh,0BCh,0A2h, 03h,0FFh,0FFh 
 0F42  FA F3 FF FE 9A 6A        		db	0FAh,0F3h,0FFh,0FEh, 9Ah, 6Ah 
 0F48  82 17 FF FF F5 7F        		db	 82h, 17h,0FFh,0FFh,0F5h, 7Fh 
Microsoft (R) Macro Assembler  Version 4.00                 3/29/26 15:15:44

                                                            Page     1-27
                                                            

 0F4E  AF EE AB EA FB EA        		db	0AFh,0EEh,0ABh,0EAh,0FBh,0EAh 
 0F54  06 AA 04 FB BB FE        		db	 06h,0AAh, 04h,0FBh,0BBh,0FEh 
 0F5A  AE AA EA AA AA 0A        		db	0AEh,0AAh,0EAh,0AAh,0AAh, 0Ah 
 0F60  80 00 AB BE BF AF        		db	 80h, 00h,0ABh,0BEh,0BFh,0AFh 
 0F66  EB BB BB EA AF EA        		db	0EBh,0BBh,0BBh,0EAh,0AFh,0EAh 
 0F6C  EA BB AF EE BA AA        		db	0EAh,0BBh,0AFh,0EEh,0BAh,0AAh 
 0F72  AA AA FA 2C 83 FF        		db	0AAh,0AAh,0FAh, 2Ch, 83h,0FFh 
 0F78  FF AE F3 FF FE 6A        		db	0FFh,0AEh,0F3h,0FFh,0FEh, 6Ah 
 0F7E  6A 28 5F FF FF D5        		db	 6Ah, 28h, 5Fh,0FFh,0FFh,0D5h 
 0F84  FB BE EE AB AB BF        		db	0FBh,0BEh,0EEh,0ABh,0ABh,0BFh 
 0F8A  BA 06 AA 04 EA EF        		db	0BAh, 06h,0AAh, 04h,0EAh,0EFh 
 0F90  FE BE AB FA AA A8        		db	0FEh,0BEh,0ABh,0FAh,0AAh,0A8h 
 0F96  80 AA 80 2A AB FA        		db	 80h,0AAh, 80h, 2Ah,0ABh,0FAh 
 0F9C  FE BB FE EB EA 6F        		db	0FEh,0BBh,0FEh,0EBh,0EAh, 6Fh 
 0FA2  EA EA BB AB EE BE        		db	0EAh,0EAh,0BBh,0ABh,0EEh,0BEh 
 0FA8  AA AA AA FE 8A E0        		db	0AAh,0AAh,0AAh,0FEh, 8Ah,0E0h 
 0FAE  EA EA EB 8F FF FE        		db	0EAh,0EAh,0EBh, 8Fh,0FFh,0FEh 
 0FB4  6A AA 28 57 FF FF        		db	 6Ah,0AAh, 28h, 57h,0FFh,0FFh 
 0FBA  D5 EE BA BA AF AA        		db	0D5h,0EEh,0BAh,0BAh,0AFh,0AAh 
 0FC0  FB EA 06 AA 04 AB        		db	0FBh,0EAh, 06h,0AAh, 04h,0ABh 
 0FC6  AF FA BA AF FA AA        		db	0AFh,0FAh,0BAh,0AFh,0FAh,0AAh 
 0FCC  AA 22 02 AA 8A AF        		db	0AAh, 22h, 02h,0AAh, 8Ah,0AFh 
 0FD2  FE EB EB BA EB A9        		db	0FEh,0EBh,0EBh,0BAh,0EBh,0A9h 
 0FD8  AF EA EA AF AE EE        		db	0AFh,0EAh,0EAh,0AFh,0AEh,0EEh 
 0FDE  EE AA AA AA AF F0        		db	0EEh,0AAh,0AAh,0AAh,0AFh,0F0h 
 0FE4  B8 02 AA EA 8F FF        		db	0B8h, 02h,0AAh,0EAh, 8Fh,0FFh 
 0FEA  FE AA A8 A0 57 FF        		db	0FEh,0AAh,0A8h,0A0h, 57h,0FFh 
 0FF0  FF 57 EF AB EA EF        		db	0FFh, 57h,0EFh,0ABh,0EAh,0EFh 
 0FF6  AB FF BA AA AA AA        		db	0ABh,0FFh,0BAh,0AAh,0AAh,0AAh 
 0FFC  FA AB BF FA BA AF        		db	0FAh,0ABh,0BFh,0FAh,0BAh,0AFh 
 1002  AE AA AA A8 20 0A        		db	0AEh,0AAh,0AAh,0A8h, 20h, 0Ah 
 1008  2A 8F FA AF AE FE        		db	 2Ah, 8Fh,0FAh,0AFh,0AEh,0FEh 
 100E  AE AA BB EA EA AF        		db	0AEh,0AAh,0BBh,0EAh,0EAh,0AFh 
 1014  AB FA FA 06 AA 04        		db	0ABh,0FAh,0FAh, 06h,0AAh, 04h 
 101A  BF 0A 20 3B AB CF        		db	0BFh, 0Ah, 20h, 3Bh,0ABh,0CFh 
 1020  FB FE AA 68 A1 75        		db	0FBh,0FEh,0AAh, 68h,0A1h, 75h 
 1026  FF FD 76 BF AF AB        		db	0FFh,0FDh, 76h,0BFh,0AFh,0ABh 
 102C  FF AF FF EA AA AA        		db	0FFh,0AFh,0FFh,0EAh,0AAh,0AAh 
 1032  AA EF AE FE EA BE        		db	0AAh,0EFh,0AEh,0FEh,0EAh,0BEh 
 1038  BF AB AA AA 0A 00        		db	0BFh,0ABh,0AAh,0AAh, 0Ah, 00h 
 103E  20 2A 8F EE AE AF        		db	 20h, 2Ah, 8Fh,0EEh,0AEh,0AFh 
 1044  BA AE A9 BB EA EA        		db	0BAh,0AEh,0A9h,0BBh,0EAh,0EAh 
 104A  AF AB FA EE AA AA        		db	0AFh,0ABh,0FAh,0EEh,0AAh,0AAh 
 1050  AA 2A AA E0 2C 0A        		db	0AAh, 2Ah,0AAh,0E0h, 2Ch, 0Ah 
 1056  AF 3F FB FE AA 98        		db	0AFh, 3Fh,0FBh,0FEh,0AAh, 98h 
 105C  01 F7 FF FD DA EE        		db	 01h,0F7h,0FFh,0FDh,0DAh,0EEh 
 1062  BA AE FE AF FF EA        		db	0BAh,0AEh,0FEh,0AFh,0FFh,0EAh 
 1068  AA AA AB FF AF FF        		db	0AAh,0AAh,0ABh,0FFh,0AFh,0FFh 
 106E  AB FA FE EB AA AA        		db	0ABh,0FAh,0FEh,0EBh,0AAh,0AAh 
 1074  A2 80 80 AE 3F FA        		db	0A2h, 80h, 80h,0AEh, 3Fh,0FAh 
 107A  AE AE EA EE AA BB        		db	0AEh,0AEh,0EAh,0EEh,0AAh,0BBh 
 1080  EA EA AE AA FA AE        		db	0EAh,0EAh,0AEh,0AAh,0FAh,0AEh 
 1086  AA AA AA 8A AA BA        		db	0AAh,0AAh,0AAh, 8Ah,0AAh,0BAh 
 108C  80 A8 0B 3F FF FE        		db	 80h,0A8h, 0Bh, 3Fh,0FFh,0FEh 
 1092  A9 A0 15 FF FF 55        		db	0A9h,0A0h, 15h,0FFh,0FFh, 55h 
Microsoft (R) Macro Assembler  Version 4.00                 3/29/26 15:15:44

                                                            Page     1-28
                                                            

 1098  DB AE BA BB FE BF        		db	0DBh,0AEh,0BAh,0BBh,0FEh,0BFh 
 109E  FF EA AA AA AB EF        		db	0FFh,0EAh,0AAh,0AAh,0ABh,0EFh 
 10A4  AF EE FE EF FA EA        		db	0AFh,0EEh,0FEh,0EFh,0FAh,0EAh 
 10AA  EB EA A8 2A 8A FB        		db	0EBh,0EAh,0A8h, 2Ah, 8Ah,0FBh 
 10B0  3F AA BE AB EA AE        		db	 3Fh,0AAh,0BEh,0ABh,0EAh,0AEh 
 10B6  A6 BB EA EA AB AE        		db	0A6h,0BBh,0EAh,0EAh,0ABh,0AEh 
 10BC  EA FA AA AA AA 80        		db	0EAh,0FAh,0AAh,0AAh,0AAh, 80h 
 10C2  AA AB FB 0A AC FF        		db	0AAh,0ABh,0FBh, 0Ah,0ACh,0FFh 
 10C8  EF FF AA 81 7F FF        		db	0EFh,0FFh,0AAh, 81h, 7Fh,0FFh 
 10CE  F5 FD 5B EA EA BB        		db	0F5h,0FDh, 5Bh,0EAh,0EAh,0BBh 
 10D4  EA FB FF AA AA AA        		db	0EAh,0FBh,0FFh,0AAh,0AAh,0AAh 
 10DA  AB BE BF FF AF BF        		db	0ABh,0BEh,0BFh,0FFh,0AFh,0BFh 
 10E0  EB AA EE FF AA 80        		db	0EBh,0AAh,0EEh,0FFh,0AAh, 80h 
 10E6  0A BE 8F EA BA AE        		db	 0Ah,0BEh, 8Fh,0EAh,0BAh,0AEh 
 10EC  EA BA A6 BF EA EA        		db	0EAh,0BAh,0A6h,0BFh,0EAh,0EAh 
 10F2  AE AF BA FA AA AA        		db	0AEh,0AFh,0BAh,0FAh,0AAh,0AAh 
 10F8  AA A0 2A AA AE FA        		db	0AAh,0A0h, 2Ah,0AAh,0AEh,0FAh 
 10FE  F0 FF AF FF BF 95        		db	0F0h,0FFh,0AFh,0FFh,0BFh, 95h 
 1104  7F FF F7 D6 EF AA        		db	 7Fh,0FFh,0F7h,0D6h,0EFh,0AAh 
 110A  AA EF EB FF FB EA        		db	0AAh,0EFh,0EBh,0FFh,0FBh,0EAh 
 1110  AA AA AF BE BF FA        		db	0AAh,0AAh,0AFh,0BEh,0BFh,0FAh 
 1116  EE EE BE A2 BA BF        		db	0EEh,0EEh,0BEh,0A2h,0BAh,0BFh 
 111C  FE AA 0B FE 3F B6        		db	0FEh,0AAh, 0Bh,0FEh, 3Fh,0B6h 
 1122  EE AF AA BA 99 BF        		db	0EEh,0AFh,0AAh,0BAh, 99h,0BFh 
 1128  EA EA AE AF EA FA        		db	0EAh,0EAh,0AEh,0AFh,0EAh,0FAh 
 112E  06 AA 04 02 AA AA        		db	 06h,0AAh, 04h, 02h,0AAh,0AAh 
 1134  AB EF FA BF FE BA        		db	0ABh,0EFh,0FAh,0BFh,0FEh,0BAh 
 113A  FF FF EE FE AF EF        		db	0FFh,0FFh,0EEh,0FEh,0AFh,0EFh 
 1140  AE AA AE AA EF FA        		db	0AEh,0AAh,0AEh,0AAh,0EFh,0FAh 
 1146  AA AA AA BB EE AB        		db	0AAh,0AAh,0AAh,0BBh,0EEh,0ABh 
 114C  EE FB BA FA A2 BB        		db	0EEh,0FBh,0BAh,0FAh,0A2h,0BBh 
 1152  EE FE EA 8A FA 3B        		db	0EEh,0FEh,0EAh, 8Ah,0FAh, 3Bh 
 1158  5A EA BB AA AA AA        		db	 5Ah,0EAh,0BBh,0AAh,0AAh,0AAh 
 115E  AF EA BA AA AA EA        		db	0AFh,0EAh,0BAh,0AAh,0AAh,0EAh 
 1164  FA AA AA AA A8 A0        		db	0FAh,0AAh,0AAh,0AAh,0A8h,0A0h 
 116A  02 AA AE FB EE BB        		db	 02h,0AAh,0AEh,0FBh,0EEh,0BBh 
 1170  FA AE FF BF EB BE        		db	0FAh,0AEh,0FFh,0BFh,0EBh,0BEh 
 1176  AF FB BB AA BE AA        		db	0AFh,0FBh,0BBh,0AAh,0BEh,0AAh 
 117C  BF EB AA AA AA BF        		db	0BFh,0EBh,0AAh,0AAh,0AAh,0BFh 
 1182  EA AE BF AE FA EE        		db	0EAh,0AEh,0BFh,0AEh,0FAh,0EEh 
 1188  A8 AF BB FB AA AA        		db	0A8h,0AFh,0BBh,0FBh,0AAh,0AAh 
 118E  F8 3E B6 AA BE AA        		db	0F8h, 3Eh,0B6h,0AAh,0BEh,0AAh 
 1194  AA AA EF EA BA AA        		db	0AAh,0AAh,0EFh,0EAh,0BAh,0AAh 
 119A  AE EA EA 06 AA 04        		db	0AEh,0EAh,0EAh, 06h,0AAh, 04h 
 11A0  08 00 02 AF AF AE        		db	 08h, 00h, 02h,0AFh,0AFh,0AEh 
 11A6  FE FE BA FF EE AF        		db	0FEh,0FEh,0BAh,0FFh,0EEh,0AFh 
 11AC  FA BB FF EB AA BA        		db	0FAh,0BBh,0FFh,0EBh,0AAh,0BAh 
 11B2  AA BF AB AA AA AA        		db	0AAh,0BFh,0ABh,0AAh,0AAh,0AAh 
 11B8  BE EA AE BE 3F E8        		db	0BEh,0EAh,0AEh,0BEh, 3Fh,0E8h 
 11BE  FA A8 BA BE BE FF        		db	0FAh,0A8h,0BAh,0BEh,0BEh,0FFh 
 11C4  AA A8 FF 5A EA 06        		db	0AAh,0A8h,0FFh, 5Ah,0EAh, 06h 
 11CA  AA 04 BF EA BA AA        		db	0AAh, 04h,0BFh,0EAh,0BAh,0AAh 
 11D0  BB AA BA 06 AA 04        		db	0BBh,0AAh,0BAh, 06h,0AAh, 04h 
 11D6  A0 0A AA FE FB AB        		db	0A0h, 0Ah,0AAh,0FEh,0FBh,0ABh 
 11DC  EA BA BB FF FA AF        		db	0EAh,0BAh,0BBh,0FFh,0FAh,0AFh 
Microsoft (R) Macro Assembler  Version 4.00                 3/29/26 15:15:44

                                                            Page     1-29
                                                            

 11E2  EA BF BB AA AA FE        		db	0EAh,0BFh,0BBh,0AAh,0AAh,0FEh 
 11E8  AA BE AE AA AA AA        		db	0AAh,0BEh,0AEh,0AAh,0AAh,0AAh 
 11EE  FB AA AE BA 3F F8        		db	0FBh,0AAh,0AEh,0BAh, 3Fh,0F8h 
 11F4  FE A2 2F BB FA BF        		db	0FEh,0A2h, 2Fh,0BBh,0FAh,0BFh 
 11FA  FB A8 EE 6A AA BA        		db	0FBh,0A8h,0EEh, 6Ah,0AAh,0BAh 
 1200  AA AA AA FF EA BA        		db	0AAh,0AAh,0AAh,0FFh,0EAh,0BAh 
 1206  AA BE AA FA 06 AA        		db	0AAh,0BEh,0AAh,0FAh, 06h,0AAh 
 120C  05 A0 2F EF EA AF        		db	 05h,0A0h, 2Fh,0EFh,0EAh,0AFh 
 1212  AB EA AB FB AA BF        		db	0ABh,0EAh,0ABh,0FBh,0AAh,0BFh 
 1218  EA BF BE AA AA BA        		db	0EAh,0BFh,0BEh,0AAh,0AAh,0BAh 
 121E  AA BE AE AA AA AA        		db	0AAh,0BEh,0AEh,0AAh,0AAh,0AAh 
 1224  EE EA BA B8 3F B8        		db	0EEh,0EAh,0BAh,0B8h, 3Fh,0B8h 
 122A  BF A8 8B AA AB EE        		db	0BFh,0A8h, 8Bh,0AAh,0ABh,0EEh 
 1230  BE 83 BF 06 AA 06        		db	0BEh, 83h,0BFh, 06h,0AAh, 06h 
 1236  EF EA BA AA BE AA        		db	0EFh,0EAh,0BAh,0AAh,0BEh,0AAh 
 123C  FA 06 AA 06 BE EF        		db	0FAh, 06h,0AAh, 06h,0BEh,0EFh 
 1242  AA BA AA EA AB FE        		db	0AAh,0BAh,0AAh,0EAh,0ABh,0FEh 
 1248  AA BF EA EE BF AE        		db	0AAh,0BFh,0EAh,0EEh,0BFh,0AEh 
 124E  AA EA AA FA BA AA        		db	0AAh,0EAh,0AAh,0FAh,0BAh,0AAh 
 1254  AA AA FB AA EA A8        		db	0AAh,0AAh,0FBh,0AAh,0EAh,0A8h 
 125A  2A E8 FA A8 A0 BE        		db	 2Ah,0E8h,0FAh,0A8h,0A0h,0BEh 
 1260  AA AA A2 23 EF AA        		db	0AAh,0AAh,0A2h, 23h,0EFh,0AAh 
 1266  EA BA AA AA AA FA        		db	0EAh,0BAh,0AAh,0AAh,0AAh,0FAh 
 126C  EA BA AA BA AA EA        		db	0EAh,0BAh,0AAh,0BAh,0AAh,0EAh 
 1272  06 AA 06 EF BA AA        		db	 06h,0AAh, 06h,0EFh,0BAh,0AAh 
 1278  AA AB AA AB BB AA        		db	0AAh,0ABh,0AAh,0ABh,0BBh,0AAh 
 127E  FF BA BE EE AA AA        		db	0FFh,0BAh,0BEh,0EEh,0AAh,0AAh 
 1284  EA AA EA 06 AA 04        		db	0EAh,0AAh,0EAh, 06h,0AAh, 04h 
 128A  FB AA BA BA 3A E8        		db	0FBh,0AAh,0BAh,0BAh, 3Ah,0E8h 
 1290  3E A8 2A 20 0F BA        		db	 3Eh,0A8h, 2Ah, 20h, 0Fh,0BAh 
 1296  00 FF BA AB 06 AA        		db	 00h,0FFh,0BAh,0ABh, 06h,0AAh 
 129C  05 EB AA BA AA EE        		db	 05h,0EBh,0AAh,0BAh,0AAh,0EEh 
 12A2  AA EA 06 AA 06 BF        		db	0AAh,0EAh, 06h,0AAh, 06h,0BFh 
 12A8  EA 06 AA 04 AF FE        		db	0EAh, 06h,0AAh, 04h,0AFh,0FEh 
 12AE  AB FF EA FE FE AA        		db	0ABh,0FFh,0EAh,0FEh,0FEh,0AAh 
 12B4  AB AA AB EA AA AA        		db	0ABh,0AAh,0ABh,0EAh,0AAh,0AAh 
 12BA  AA AB BE AA EA A8        		db	0AAh,0ABh,0BEh,0AAh,0EAh,0A8h 
 12C0  3A A0 FA AA 0A AA        		db	 3Ah,0A0h,0FAh,0AAh, 0Ah,0AAh 
 12C6  2A A0 3F AF EA AE        		db	 2Ah,0A0h, 3Fh,0AFh,0EAh,0AEh 
 12CC  06 AA 04 AB BB AA        		db	 06h,0AAh, 04h,0ABh,0BBh,0AAh 
 12D2  BA AA FA 06 AA 07        		db	0BAh,0AAh,0FAh, 06h,0AAh, 07h 
 12D8  BA FB AA EA AA BA        		db	0BAh,0FBh,0AAh,0EAh,0AAh,0BAh 
 12DE  AA FF EA AB FE AA        		db	0AAh,0FFh,0EAh,0ABh,0FEh,0AAh 
 12E4  FA FB AA AF 06 AA        		db	0FAh,0FBh,0AAh,0AFh, 06h,0AAh 
 12EA  06 AB EE AA EA A2        		db	 06h,0ABh,0EEh,0AAh,0EAh,0A2h 
 12F0  3E A8 FE AA A2 A0        		db	 3Eh,0A8h,0FEh,0AAh,0A2h,0A0h 
 12F6  80 3F EF AA AA AE        		db	 80h, 3Fh,0EFh,0AAh,0AAh,0AEh 
 12FC  06 AA 07 BA AA FA        		db	 06h,0AAh, 07h,0BAh,0AAh,0FAh 
 1302  06 AA 07 BE FE AF        		db	 06h,0AAh, 07h,0BEh,0FEh,0AFh 
 1308  AA AA BA AB FE AE        		db	0AAh,0AAh,0BAh,0ABh,0FEh,0AEh 
 130E  AF FE AA EA EB AA        		db	0AFh,0FEh,0AAh,0EAh,0EBh,0AAh 
 1314  AF AA AB 06 AA 04        		db	0AFh,0AAh,0ABh, 06h,0AAh, 04h 
 131A  AE EA AB AA A8 AE        		db	0AEh,0EAh,0ABh,0AAh,0A8h,0AEh 
 1320  A2 FA AA AA 08 0C        		db	0A2h,0FAh,0AAh,0AAh, 08h, 0Ch 
 1326  EF BA AA AA BA 06        		db	0EFh,0BAh,0AAh,0AAh,0BAh, 06h 
Microsoft (R) Macro Assembler  Version 4.00                 3/29/26 15:15:44

                                                            Page     1-30
                                                            

 132C  AA 05 AE AA EA AA        		db	0AAh, 05h,0AEh,0AAh,0EAh,0AAh 
 1332  FA 06 AA 06 AB EB        		db	0FAh, 06h,0AAh, 06h,0ABh,0EBh 
 1338  AA BA AA AA BA AB        		db	0AAh,0BAh,0AAh,0AAh,0BAh,0ABh 
 133E  FA BA                    		db	0FAh,0BAh 
 1340  BF                       data_3		db	0BFh			; Data table (indexed access) 
 1341  FA AB AA EA AA BE        		db	0FAh,0ABh,0AAh,0EAh,0AAh,0BEh 
 1347  06 AA 06 AF AA AB        		db	 06h,0AAh, 06h,0AFh,0AAh,0ABh 
 134D  AA A2 EA A0 FA AA        		db	0AAh,0A2h,0EAh,0A0h,0FAh,0AAh 
 1353  A0 20 FF BA 06 AA        		db	0A0h, 20h,0FFh,0BAh, 06h,0AAh 
 1359  0B EA AA EA 06 AA        		db	 0Bh,0EAh,0AAh,0EAh, 06h,0AAh 
 135F  06 BE AA AA BA AA        		db	 06h,0BEh,0AAh,0AAh,0BAh,0AAh 
 1365  EA EA AA EB EA BF        		db	0EAh,0EAh,0AAh,0EBh,0EAh,0BFh 
 136B  BA AA AA AB AA BB        		db	0BAh,0AAh,0AAh,0ABh,0AAh,0BBh 
 1371  AA AE 06 AA 04 AF        		db	0AAh,0AEh, 06h,0AAh, 04h,0AFh 
 1377  AA AA AA A8 EA A2        		db	0AAh,0AAh,0AAh,0A8h,0EAh,0A2h 
 137D  AA AA 22 AE EE AA        		db	0AAh,0AAh, 22h,0AEh,0EEh,0AAh 
 1383  AA AA AB 06 AA 06        		db	0AAh,0AAh,0ABh, 06h,0AAh, 06h 
 1389  AE AA AA AA FA 06        		db	0AEh,0AAh,0AAh,0AAh,0FAh, 06h 
 138F  AA 06 EE AA AA EA        		db	0AAh, 06h,0EEh,0AAh,0AAh,0EAh 
 1395  AB AA EA AB BE AA        		db	0ABh,0AAh,0EAh,0ABh,0BEh,0AAh 
 139B  FE EA AA AA EB AA        		db	0FEh,0EAh,0AAh,0AAh,0EBh,0AAh 
 13A1  AE 06 AA 06 BE 06        		db	0AEh, 06h,0AAh, 06h,0BEh, 06h 
 13A7  AA 05 8B AA AA AA        		db	0AAh, 05h, 8Bh,0AAh,0AAh,0AAh 
 13AD  AF BA 06 AA 0B AB        		db	0AFh,0BAh, 06h,0AAh, 0Bh,0ABh 
 13B3  AA AB BA 06 AA 05        		db	0AAh,0ABh,0BAh, 06h,0AAh, 05h 
 13B9  AB 06 AA 04 AB AB        		db	0ABh, 06h,0AAh, 04h,0ABh,0ABh 
 13BF  AA AB EE AA FA AA        		db	0AAh,0ABh,0EEh,0AAh,0FAh,0AAh 
 13C5  AA AB AB AA BA AA        		db	0AAh,0ABh,0ABh,0AAh,0BAh,0AAh 
 13CB  BA 06 AA 04 BF 06        		db	0BAh, 06h,0AAh, 04h,0BFh, 06h 
 13D1  AA 05 A3 AA AA AA        		db	0AAh, 05h,0A3h,0AAh,0AAh,0AAh 
 13D7  BA 06 AA 0B AE AB        		db	0BAh, 06h,0AAh, 0Bh,0AEh,0ABh 
 13DD  AA AB EA 06 AA 05        		db	0AAh,0ABh,0EAh, 06h,0AAh, 05h 
 13E3  BA 06 AA 04 AF AA        		db	0BAh, 06h,0AAh, 04h,0AFh,0AAh 
 13E9  AA AB BA AB EE AA        		db	0AAh,0ABh,0BAh,0ABh,0EEh,0AAh 
 13EF  AA AA AE AA BA AA        		db	0AAh,0AAh,0AEh,0AAh,0BAh,0AAh 
 13F5  BA 06 AA 04 BB AA        		db	0BAh, 06h,0AAh, 04h,0BBh,0AAh 
 13FB  AA AA AE AA AB 06        		db	0AAh,0AAh,0AEh,0AAh,0ABh, 06h 
 1401  AA 0F BA AE AA AB        		db	0AAh, 0Fh,0BAh,0AEh,0AAh,0ABh 
 1407  EA 06 AA 05 EA 06        		db	0EAh, 06h,0AAh, 05h,0EAh, 06h 
 140D  AA 04 BE AA AA AB        		db	0AAh, 04h,0BEh,0AAh,0AAh,0ABh 
 1413  BA AB EA 06 AA 07        		db	0BAh,0ABh,0EAh, 06h,0AAh, 07h 
 1419  EA 06 AA 04 EE 06        		db	0EAh, 06h,0AAh, 04h,0EEh, 06h 
 141F  AA 09 BA 06 AA 0E        		db	0AAh, 09h,0BAh, 06h,0AAh, 0Eh 
 1425  AB EA 06 AA 09 AF        		db	0ABh,0EAh, 06h,0AAh, 09h,0AFh 
 142B  EA AA AA AB AA AB        		db	0EAh,0AAh,0AAh,0ABh,0AAh,0ABh 
 1431  06 AA 0D FA 06 AA        		db	 06h,0AAh, 0Dh,0FAh, 06h,0AAh 
 1437  08 AB EA 06 AA 0C        		db	 08h,0ABh,0EAh, 06h,0AAh, 0Ch 
 143D  FA 06 AA 0C BA AA        		db	0FAh, 06h,0AAh, 0Ch,0BAh,0AAh 
 1443  AA AA AE 06 AA 0F        		db	0AAh,0AAh,0AEh, 06h,0AAh, 0Fh 
 1449  BA 06 AA 08 BE 06        		db	0BAh, 06h,0AAh, 08h,0BEh, 06h 
 144F  AA 0F AB 06 AA 1E        		db	0AAh, 0Fh,0ABh, 06h,0AAh, 1Eh 
 1455  EA 06 AA 07 AB 06        		db	0EAh, 06h,0AAh, 07h,0ABh, 06h 
 145B  AA 17 06 AA 70 BB        		db	0AAh, 17h, 06h,0AAh, 70h,0BBh 
 1461  FB BF BB BF BB BB        		db	0FBh,0BFh,0BBh,0BFh,0BBh,0BBh 
 1467  FF BB BB BF 06 BB        		db	0FFh,0BBh,0BBh,0BFh, 06h,0BBh 
Microsoft (R) Macro Assembler  Version 4.00                 3/29/26 15:15:44

                                                            Page     1-31
                                                            

 146D  08 FB FF FF BB BF        		db	 08h,0FBh,0FFh,0FFh,0BBh,0BFh 
 1473  FB 06 BB 10 FF FF        		db	0FBh, 06h,0BBh, 10h,0FFh,0FFh 
 1479  FB 06 BB 0C FE FE        		db	0FBh, 06h,0BBh, 0Ch,0FEh,0FEh 
 147F  FE FF FE EF FF FF        		db	0FEh,0FFh,0FEh,0EFh,0FFh,0FFh 
 1485  FF EF FF FF EE EE        		db	0FFh,0EFh,0FFh,0FFh,0EEh,0EEh 
 148B  EF FE EF FF FF FE        		db	0EFh,0FEh,0EFh,0FFh,0FFh,0FEh 
 1491  FF EE EF FF FF FF        		db	0FFh,0EEh,0EFh,0FFh,0FFh,0FFh 
 1497  EE EF EE EF FE FF        		db	0EEh,0EFh,0EEh,0EFh,0FEh,0FFh 
 149D  EF FE EF EF FF FE        		db	0EFh,0FEh,0EFh,0EFh,0FFh,0FEh 
 14A3  FF EF FF FF FE FF        		db	0FFh,0EFh,0FFh,0FFh,0FEh,0FFh 
 14A9  EE 06 EF 04 FE FF        		db	0EEh, 06h,0EFh, 04h,0FEh,0FFh 
 14AF  FF FE EE EE EE 06        		db	0FFh,0FEh,0EEh,0EEh,0EEh, 06h 
 14B5  FF 32 EF FB 06 FF        		db	0FFh, 32h,0EFh,0FBh, 06h,0FFh 
 14BB  FF 06 FF FF 06 FF        		db	0FFh, 06h,0FFh,0FFh, 06h,0FFh 
 14C1  F9 F0 2B BA 06 FF        		db	0F9h,0F0h, 2Bh,0BAh, 06h,0FFh 
 14C7  04 C2 BB BA AF 06        		db	 04h,0C2h,0BBh,0BAh,0AFh, 06h 
 14CD  FF 2D C3 EA AB BB        		db	0FFh, 2Dh,0C3h,0EAh,0ABh,0BBh 
 14D3  EE AF FF CE AE EF        		db	0EEh,0AFh,0FFh,0CEh,0AEh,0EFh 
 14D9  06 FF 1E FD 6A AB        		db	 06h,0FFh, 1Eh,0FDh, 6Ah,0ABh 
 14DF  BB BF EE 06 FF 09        		db	0BBh,0BFh,0EEh, 06h,0FFh, 09h 
 14E5  FC 03 EB BF 06 FF        		db	0FCh, 03h,0EBh,0BFh, 06h,0FFh 
 14EB  04 0B AB 06 FF 1F        		db	 04h, 0Bh,0ABh, 06h,0FFh, 1Fh 
 14F1  FD 2B BF 06 FF 0C        		db	0FDh, 2Bh,0BFh, 06h,0FFh, 0Ch 
 14F7  F0 03 EA EE EF FF        		db	0F0h, 03h,0EAh,0EEh,0EFh,0FFh 
 14FD  FF FF 0E AF 06 FF        		db	0FFh,0FFh, 0Eh,0AFh, 06h,0FFh 
 1503  1F F4 AF 06 FF 0D        		db	 1Fh,0F4h,0AFh, 06h,0FFh, 0Dh 
 1509  F0 0F EA BF FF FF        		db	0F0h, 0Fh,0EAh,0BFh,0FFh,0FFh 
 150F  FF FC 0F FB 06 FF        		db	0FFh,0FCh, 0Fh,0FBh, 06h,0FFh 
 1515  10 C0 02 AA BA 06        		db	 10h,0C0h, 02h,0AAh,0BAh, 06h 
 151B  FF 0B F4 2B BB BA        		db	0FFh, 0Bh,0F4h, 2Bh,0BBh,0BAh 
 1521  AB EF FF BB BB AA        		db	0ABh,0EFh,0FFh,0BBh,0BBh,0AAh 
 1527  AE EE FF FF FF 00        		db	0AEh,0EEh,0FFh,0FFh,0FFh, 00h 
 152D  3F EA BF FF FF FF        		db	 3Fh,0EAh,0BFh,0FFh,0FFh,0FFh 
 1533  FC 3E BF FF FF FC        		db	0FCh, 3Eh,0BFh,0FFh,0FFh,0FCh 
 1539  02 AE AA EE EE FF        		db	 02h,0AEh,0AAh,0EEh,0EEh,0FFh 
 153F  BB 06 FF 05 C0 33        		db	0BBh, 06h,0FFh, 05h,0C0h, 33h 
 1545  FC 02 EF 06 FF 07        		db	0FCh, 02h,0EFh, 06h,0FFh, 07h 
 154B  AA AB BB FF F4 AA        		db	0AAh,0ABh,0BBh,0FFh,0F4h,0AAh 
 1551  EE EE FF FF FB BB        		db	0EEh,0EEh,0FFh,0FFh,0FBh,0BBh 
 1557  06 FF 04 FB BB B0        		db	 06h,0FFh, 04h,0FBh,0BBh,0B0h 
 155D  C0 3E EA 06 FF 04        		db	0C0h, 3Eh,0EAh, 06h,0FFh, 04h 
 1563  F0 3C BF FF FF F0        		db	0F0h, 3Ch,0BFh,0FFh,0FFh,0F0h 
 1569  00 02 EE AA BF 06        		db	 00h, 02h,0EEh,0AAh,0BFh, 06h 
 156F  FF 06 C0 00 33 FB        		db	0FFh, 06h,0C0h, 00h, 33h,0FBh 
 1575  A8 AF EA EA BE AE        		db	0A8h,0AFh,0EAh,0EAh,0BEh,0AEh 
 157B  EE EE EE 06 FF 04        		db	0EEh,0EEh,0EEh, 06h,0FFh, 04h 
 1581  D8 2A AF FF FF FF        		db	0D8h, 2Ah,0AFh,0FFh,0FFh,0FFh 
 1587  06 EE 04 FF FB BF        		db	 06h,0EEh, 04h,0FFh,0FBh,0BFh 
 158D  FF 0F C0 3F EA AE        		db	0FFh, 0Fh,0C0h, 3Fh,0EAh,0AEh 
 1593  EA AE EE C0 3C BF        		db	0EAh,0AEh,0EEh,0C0h, 3Ch,0BFh 
 1599  FF FF F0 03 FF F0        		db	0FFh,0FFh,0F0h, 03h,0FFh,0F0h 
 159F  CF AA AB BF FF F0        		db	0CFh,0AAh,0ABh,0BFh,0FFh,0F0h 
 15A5  06 00 04 33 FB AA        		db	 06h, 00h, 04h, 33h,0FBh,0AAh 
 15AB  AB AA FB BB AA BF        		db	0ABh,0AAh,0FBh,0BBh,0AAh,0BFh 
 15B1  FB BB AE EF AA AA        		db	0FBh,0BBh,0AEh,0EFh,0AAh,0AAh 
Microsoft (R) Macro Assembler  Version 4.00                 3/29/26 15:15:44

                                                            Page     1-32
                                                            

 15B7  90 2A AB BB BB BB        		db	 90h, 2Ah,0ABh,0BBh,0BBh,0BBh 
 15BD  EA AA BE AA AB EF        		db	0EAh,0AAh,0BEh,0AAh,0ABh,0EFh 
 15C3  BF FC 3C 00 FE FA        		db	0BFh,0FCh, 3Ch, 00h,0FEh,0FAh 
 15C9  BF FF FF FF 03 3C        		db	0BFh,0FFh,0FFh,0FFh, 03h, 3Ch 
 15CF  8F FF FF C0 03 FF        		db	 8Fh,0FFh,0FFh,0C0h, 03h,0FFh 
 15D5  CB FF 00 00 F0 00        		db	0CBh,0FFh, 00h, 00h,0F0h, 00h 
 15DB  0F C0 C3 00 00 33        		db	 0Fh,0C0h,0C3h, 00h, 00h, 33h 
 15E1  FF AA AB 06 AA 05        		db	0FFh,0AAh,0ABh, 06h,0AAh, 05h 
 15E7  D7 06 AA 04 AB 42        		db	0D7h, 06h,0AAh, 04h,0ABh, 42h 
 15ED  06 AA 0A AC AA B0        		db	 06h,0AAh, 0Ah,0ACh,0AAh,0B0h 
 15F3  F0 00 FF B8 AA AA        		db	0F0h, 00h,0FFh,0B8h,0AAh,0AAh 
 15F9  AC 00 C3 3E 2E AA        		db	0ACh, 00h,0C3h, 3Eh, 2Eh,0AAh 
 15FF  AA C0 03 06 FF 04        		db	0AAh,0C0h, 03h, 06h,0FFh, 04h 
 1605  33 F3 0C FF C0 3C        		db	 33h,0F3h, 0Ch,0FFh,0C0h, 3Ch 
 160B  C0 00 33 FB AA AB        		db	0C0h, 00h, 33h,0FBh,0AAh,0ABh 
 1611  06 FF 04 D0 57 06        		db	 06h,0FFh, 04h,0D0h, 57h, 06h 
 1617  FF 05 42 AA AB BB        		db	0FFh, 05h, 42h,0AAh,0ABh,0BBh 
 161D  B6 FF FB BB FE EE        		db	0B6h,0FFh,0FBh,0BBh,0FEh,0EEh 
 1623  FA F0 3F C0 F0 03        		db	0FAh,0F0h, 3Fh,0C0h,0F0h, 03h 
 1629  FE E8 AF FF F0 33        		db	0FEh,0E8h,0AFh,0FFh,0F0h, 33h 
 162F  3F 3E 22 FF FF 00        		db	 3Fh, 3Eh, 22h,0FFh,0FFh, 00h 
 1635  03 3F FF FF FF 33        		db	 03h, 3Fh,0FFh,0FFh,0FFh, 33h 
 163B  F3 0C CF F0 FF C0        		db	0F3h, 0Ch,0CFh,0F0h,0FFh,0C0h 
 1641  00 33 FB BA AB AA        		db	 00h, 33h,0FBh,0BAh,0ABh,0AAh 
 1647  AA AA B4 05 55 FA        		db	0AAh,0AAh,0B4h, 05h, 55h,0FAh 
 164D  AA AA AB 7D 04 28        		db	0AAh,0AAh,0ABh, 7Dh, 04h, 28h 
 1653  AA AB 56 06 AA 06        		db	0AAh,0ABh, 56h, 06h,0AAh, 06h 
 1659  B0 CA C3 30 0F FE        		db	0B0h,0CAh,0C3h, 30h, 0Fh,0FEh 
 165F  E8 2A AA B0 00 3C        		db	0E8h, 2Ah,0AAh,0B0h, 00h, 3Ch 
 1665  FE 8A AA AB 00 03        		db	0FEh, 8Ah,0AAh,0ABh, 00h, 03h 
 166B  3F FF FF FF 0F F3        		db	 3Fh,0FFh,0FFh,0FFh, 0Fh,0F3h 
 1671  0C CF C3 3F C0 00        		db	 0Ch,0CFh,0C3h, 3Fh,0C0h, 00h 
 1677  F3 FB AA AB D1 7F        		db	0F3h,0FBh,0AAh,0ABh,0D1h, 7Fh 
 167D  FD 05 5D 77 FF F5        		db	0FDh, 05h, 5Dh, 77h,0FFh,0F5h 
 1683  EA AD 7D 88 E8 AA        		db	0EAh,0ADh, 7Dh, 88h,0E8h,0AAh 
 1689  AB 57 AA B6 06 AA        		db	0ABh, 57h,0AAh,0B6h, 06h,0AAh 
 168F  04 B0 CA C0 F0 0F        		db	 04h,0B0h,0CAh,0C0h,0F0h, 0Fh 
 1695  FE EA 0A AA B3 00        		db	0FEh,0EAh, 0Ah,0AAh,0B3h, 00h 
 169B  FC FA A8 AA AC 00        		db	0FCh,0FAh,0A8h,0AAh,0ACh, 00h 
 16A1  0C 06 FF 04 0F F3        		db	 0Ch, 06h,0FFh, 04h, 0Fh,0F3h 
 16A7  0C CF CC FF C0 00        		db	 0Ch,0CFh,0CCh,0FFh,0C0h, 00h 
 16AD  CF FF AA EA 41 FF        		db	0CFh,0FFh,0AAh,0EAh, 41h,0FFh 
 16B3  D0 5F 75 5F FF D7        		db	0D0h, 5Fh, 75h, 5Fh,0FFh,0D7h 
 16B9  FA AD DD 8B 28 AA        		db	0FAh,0ADh,0DDh, 8Bh, 28h,0AAh 
 16BF  AD 57 EA D7 06 AA        		db	0ADh, 57h,0EAh,0D7h, 06h,0AAh 
 16C5  04 C3 0A C3 F0 3F        		db	 04h,0C3h, 0Ah,0C3h,0F0h, 3Fh 
 16CB  FF AE 8A AA C0 0F        		db	0FFh,0AEh, 8Ah,0AAh,0C0h, 0Fh 
 16D1  F3 EE 88 AA AC 00        		db	0F3h,0EEh, 88h,0AAh,0ACh, 00h 
 16D7  3C 06 FF 04 0F F3        		db	 3Ch, 06h,0FFh, 04h, 0Fh,0F3h 
 16DD  0C FF C3 FF C0 00        		db	 0Ch,0FFh,0C3h,0FFh,0C0h, 00h 
 16E3  CF FE AA AA 57 FF        		db	0CFh,0FEh,0AAh,0AAh, 57h,0FFh 
 16E9  55 7D F7 7F FF DF        		db	 55h, 7Dh,0F7h, 7Fh,0FFh,0DFh 
 16EF  FF AD 35 30 A8 8A        		db	0FFh,0ADh, 35h, 30h,0A8h, 8Ah 
 16F5  A9 5D FB 57 EA AA        		db	0A9h, 5Dh,0FBh, 57h,0EAh,0AAh 
 16FB  AA AB 00 F3 00 C0        		db	0AAh,0ABh, 00h,0F3h, 00h,0C0h 
Microsoft (R) Macro Assembler  Version 4.00                 3/29/26 15:15:44

                                                            Page     1-33
                                                            

 1701  3F FB AE 0A AB 0C        		db	 3Fh,0FBh,0AEh, 0Ah,0ABh, 0Ch 
 1707  CF 33 FE 80 AA A0        		db	0CFh, 33h,0FEh, 80h,0AAh,0A0h 
 170D  00 3C 06 FF 04 3F        		db	 00h, 3Ch, 06h,0FFh, 04h, 3Fh 
 1713  C3 33 CF C3 FF C0        		db	0C3h, 33h,0CFh,0C3h,0FFh,0C0h 
 1719  00 0F FE AA AA 75        		db	 00h, 0Fh,0FEh,0AAh,0AAh, 75h 
 171F  FF 55 FD D7 7F FF        		db	0FFh, 55h,0FDh,0D7h, 7Fh,0FFh 
 1725  DF FF F7 7D 00 B8        		db	0DFh,0FFh,0F7h, 7Dh, 00h,0B8h 
 172B                           loc_53: 
 172B  0A AA FD57               		or	ch,ss:data_19e[bp+si] 
 172F  77 FA                    		ja	loc_53			; Jump if above 
 1731  A8 AA                    		test	al,0AAh 
 1733  AB                       		stosw				; Store ax to es:[di] 
                                ;*		add	ah,bh 
 1734  00 FC                    		db	 00h,0FCh		;  Fixup - byte match 
                                ;*		pop	cs			; Dangerous-8088 only 
 1736  0F                       		db	0Fh			;  Fixup - byte match 
                                		retn 
 1737  C3                     1                 db     0C3h
                                			                        ;* No entry point to code 
 1738  3F                       		aas				; Ascii adjust 
 1739  FB                       		sti				; Enable interrupts 
 173A  AE                       		scasb				; Scan es:[di] for al 
                                ;*		sub	byte ptr ss:data_15e[bp+di],0CFh 
 173B  82 AB 30 3C CF           		db	 82h,0ABh, 30h, 3Ch,0CFh	;  Fixup - byte match 
 1740  EE                       		out	dx,al			; port 0, DMA-1 bas&add ch 0 
                                ;*		sub	byte ptr [bp+si],0 
 1741  82 2A 00                 		db	 82h, 2Ah, 00h		;  Fixup - byte match 
                                ;*		add	al,dh 
 1744  00 F0                    		db	 00h,0F0h		;  Fixup - byte match 
 1746  FF FF FF FC CF C3        		db	0FFh,0FFh,0FFh,0FCh,0CFh,0C3h 
 174C  33 CF CF FF C0 00        		db	 33h,0CFh,0CFh,0FFh,0C0h, 00h 
 1752  F3 FF AA BA D7 FF        		db	0F3h,0FFh,0AAh,0BAh,0D7h,0FFh 
 1758  77 F5 5D 06 FF 04        		db	 77h,0F5h, 5Dh, 06h,0FFh, 04h 
 175E  C4 30 C2 B8 08 88        		db	0C4h, 30h,0C2h,0B8h, 08h, 88h 
 1764  A9 F5 5F FF C0 0A        		db	0A9h,0F5h, 5Fh,0FFh,0C0h, 0Ah 
 176A  AB 03 FC 33 03 3F        		db	0ABh, 03h,0FCh, 33h, 03h, 3Fh 
 1770  FB BE 88 AC 00 3F        		db	0FBh,0BEh, 88h,0ACh, 00h, 3Fh 
 1776  FF BA 82 20 00 00        		db	0FFh,0BAh, 82h, 20h, 00h, 00h 
 177C  F3 FF FF FF FC 3F        		db	0F3h,0FFh,0FFh,0FFh,0FCh, 3Fh 
 1782  C0 F3 CF F3 FF C0        		db	0C0h,0F3h,0CFh,0F3h,0FFh,0C0h 
 1788  00 33 FF EA EA 1F        		db	 00h, 33h,0FFh,0EAh,0EAh, 1Fh 
 178E  FF DF D7 75 06 FF        		db	0FFh,0DFh,0D7h, 75h, 06h,0FFh 
 1794  04 D0 30 4B A8 20        		db	 04h,0D0h, 30h, 4Bh,0A8h, 20h 
 179A  A2 2A D5 7F F0 00        		db	0A2h, 2Ah,0D5h, 7Fh,0F0h, 00h 
 17A0  00 3C 00 F0 CF 0C        		db	 00h, 3Ch, 00h,0F0h,0CFh, 0Ch 
 17A6  FF FF AE A2 AC C3        		db	0FFh,0FFh,0AEh,0A2h,0ACh,0C3h 
 17AC  30 FF BE 88 80 00        		db	 30h,0FFh,0BEh, 88h, 80h, 00h 
 17B2  00 CF FF FF FF F3        		db	 00h,0CFh,0FFh,0FFh,0FFh,0F3h 
 17B8  3F C0 F3 3F CF FF        		db	 3Fh,0C0h,0F3h, 3Fh,0CFh,0FFh 
 17BE  C0 00 33 FE EB AE        		db	0C0h, 00h, 33h,0FEh,0EBh,0AEh 
 17C4  3F FF DF 55 57 06        		db	 3Fh,0FFh,0DFh, 55h, 57h, 06h 
 17CA  FF 04 D0 C1 EB AA        		db	0FFh, 04h,0D0h,0C1h,0EBh,0AAh 
 17D0  08 28 AA A8 B0 00        		db	 08h, 28h,0AAh,0A8h,0B0h, 00h 
 17D6  00 00 03 0F 30 3C        		db	 00h, 00h, 03h, 0Fh, 30h, 3Ch 
 17DC  0C FF EF BB 82 AA        		db	 0Ch,0FFh,0EFh,0BBh, 82h,0AAh 
Microsoft (R) Macro Assembler  Version 4.00                 3/29/26 15:15:44

                                                            Page     1-34
                                                            

 17E2  00 F3 FE BA 80 80        		db	 00h,0F3h,0FEh,0BAh, 80h, 80h 
 17E8  00 00 CF FF FF FF        		db	 00h, 00h,0CFh,0FFh,0FFh,0FFh 
 17EE  0C FF C0 F3 3F CF        		db	 0Ch,0FFh,0C0h,0F3h, 3Fh,0CFh 
 17F4  FF C0 00 F3 FE EA        		db	0FFh,0C0h, 00h,0F3h,0FEh,0EAh 
 17FA  AE FF FF 7F 5D 57        		db	0AEh,0FFh,0FFh, 7Fh, 5Dh, 57h 
 1800  06 FF 04 C1 C9 4A        		db	 06h,0FFh, 04h,0C1h,0C9h, 4Ah 
 1806  AA 0A 88 00 80 06        		db	0AAh, 0Ah, 88h, 00h, 80h, 06h 
 180C  00 04 0C 30 FC FC        		db	 00h, 04h, 0Ch, 30h,0FCh,0FCh 
 1812  3C FF FF BB A0 AA        		db	 3Ch,0FFh,0FFh,0BBh,0A0h,0AAh 
 1818  0C C3 EA FA A0 00        		db	 0Ch,0C3h,0EAh,0FAh,0A0h, 00h 
 181E  00 03 CF FF FF FC        		db	 00h, 03h,0CFh,0FFh,0FFh,0FCh 
 1824  F3 FF 33 33 3F F3        		db	0F3h,0FFh, 33h, 33h, 3Fh,0F3h 
 182A  FF 30 00 F3 FE EA        		db	0FFh, 30h, 00h,0F3h,0FEh,0EAh 
 1830  AF 0F FD FF 75 77        		db	0AFh, 0Fh,0FDh,0FFh, 75h, 77h 
 1836  06 FF 04 43 13 0A        		db	 06h,0FFh, 04h, 43h, 13h, 0Ah 
 183C  AA 82 A0 06 00 06        		db	0AAh, 82h,0A0h, 06h, 00h, 06h 
 1842  30 FC F3 F0 3C FF        		db	 30h,0FCh,0F3h,0F0h, 3Ch,0FFh 
 1848  EE FA A8 2A 83 CF        		db	0EEh,0FAh,0A8h, 2Ah, 83h,0CFh 
 184E  BA FA A2 00 00 30        		db	0BAh,0FAh,0A2h, 00h, 00h, 30h 
 1854  CF FF FF F3 CF FF        		db	0CFh,0FFh,0FFh,0F3h,0CFh,0FFh 
 185A  30 F3 3F F3 FF C0        		db	 30h,0F3h, 3Fh,0F3h,0FFh,0C0h 
 1860  00 FF FE EB AE CF        		db	 00h,0FFh,0FEh,0EBh,0AEh,0CFh 
 1866  FF FD 77 5F 06 FF        		db	0FFh,0FDh, 77h, 5Fh, 06h,0FFh 
 186C  04 40 16 CA EA 82        		db	 04h, 40h, 16h,0CAh,0EAh, 82h 
 1872  80 06 00 04 0C 00        		db	 80h, 06h, 00h, 04h, 0Ch, 00h 
 1878  F0 CF C3 C0 F3 FF        		db	0F0h,0CFh,0C3h,0C0h,0F3h,0FFh 
 187E  BE BB E2 0A B3 FF        		db	0BEh,0BBh,0E2h, 0Ah,0B3h,0FFh 
 1884  AA EE A0 00 0C 3C        		db	0AAh,0EEh,0A0h, 00h, 0Ch, 3Ch 
 188A  3F FF FF F3 CF FF        		db	 3Fh,0FFh,0FFh,0F3h,0CFh,0FFh 
 1890  30 33 3F F3 FF F0        		db	 30h, 33h, 3Fh,0F3h,0FFh,0F0h 
 1896  00 F3 FE EB AE 8F        		db	 00h,0F3h,0FEh,0EBh,0AEh, 8Fh 
 189C  FF F5 DD DF 06 FF        		db	0FFh,0F5h,0DDh,0DFh, 06h,0FFh 
 18A2  04 40 24 2A AA A8        		db	 04h, 40h, 24h, 2Ah,0AAh,0A8h 
 18A8  80 00 00 00 C0 C0        		db	 80h, 00h, 00h, 00h,0C0h,0C0h 
 18AE  03 F0 CF 0F C3 F3        		db	 03h,0F0h,0CFh, 0Fh,0C3h,0F3h 
 18B4  FF BE BF E8 0A AF        		db	0FFh,0BEh,0BFh,0E8h, 0Ah,0AFh 
 18BA  FF AB EE A2 00 30        		db	0FFh,0ABh,0EEh,0A2h, 00h, 30h 
 18C0  F0 3F FF FF 0F 3F        		db	0F0h, 3Fh,0FFh,0FFh, 0Fh, 3Fh 
 18C6  FF 00 33 3F F3 FF        		db	0FFh, 00h, 33h, 3Fh,0F3h,0FFh 
 18CC  F0 03 F3 FE EB AA        		db	0F0h, 03h,0F3h,0FEh,0EBh,0AAh 
 18D2  CF FF F5 7F FF F5        		db	0CFh,0FFh,0F5h, 7Fh,0FFh,0F5h 
 18D8  77 FF FD 4F 08 AB        		db	 77h,0FFh,0FDh, 4Fh, 08h,0ABh 
 18DE  AA 22 88 00 00 0F        		db	0AAh, 22h, 88h, 00h, 00h, 0Fh 
 18E4  00 30 03 00 CF CF        		db	 00h, 30h, 03h, 00h,0CFh,0CFh 
 18EA  C3 F3 FF BA FB E8        		db	0C3h,0F3h,0FFh,0BAh,0FBh,0E8h 
 18F0  82 AF FF AF EE 88        		db	 82h,0AFh,0FFh,0AFh,0EEh, 88h 
 18F6  00 33 C3 0F FF FC        		db	 00h, 33h,0C3h, 0Fh,0FFh,0FCh 
 18FC  F0 FF FC C0 FF 3F        		db	0F0h,0FFh,0FCh,0C0h,0FFh, 3Fh 
 1902  FF FF F0 03 F3 FE        		db	0FFh,0FFh,0F0h, 03h,0F3h,0FEh 
 1908  EA AB 83 FF D7 DF        		db	0EAh,0ABh, 83h,0FFh,0D7h,0DFh 
 190E  7F 57 FF FF FD 0F        		db	 7Fh, 57h,0FFh,0FFh,0FDh, 0Fh 
 1914  33 AB AA 0A 0A 80        		db	 33h,0ABh,0AAh, 0Ah, 0Ah, 80h 
 191A  00 AC 33 30 0C 33        		db	 00h,0ACh, 33h, 30h, 0Ch, 33h 
 1920  0F 3F C3 CF FF FE        		db	 0Fh, 3Fh,0C3h,0CFh,0FFh,0FEh 
 1926  BB FA 00 AA FE BF        		db	0BBh,0FAh, 00h,0AAh,0FEh,0BFh 
Microsoft (R) Macro Assembler  Version 4.00                 3/29/26 15:15:44

                                                            Page     1-35
                                                            

 192C  BE A0 00 F3 30 CF        		db	0BEh,0A0h, 00h,0F3h, 30h,0CFh 
 1932  FF C0 CF FF FC C3        		db	0FFh,0C0h,0CFh,0FFh,0FCh,0C3h 
 1938  CF CF F3 FF F0 03        		db	0CFh,0CFh,0F3h,0FFh,0F0h, 03h 
 193E  CF FE EA BA 83 FF        		db	0CFh,0FEh,0EAh,0BAh, 83h,0FFh 
 1944  D7 DF FD DD FF FF        		db	0D7h,0DFh,0FDh,0DDh,0FFh,0FFh 
 194A  F5 0C 3C AE AA 0A        		db	0F5h, 0Ch, 3Ch,0AEh,0AAh, 0Ah 
 1950  0B EA 82 F0 30 F0        		db	 0Bh,0EAh, 82h,0F0h, 30h,0F0h 
 1956  03 0C 3C FF 03 CF        		db	 03h, 0Ch, 3Ch,0FFh, 03h,0CFh 
 195C  FE FA BF BA 00 AA        		db	0FEh,0FAh,0BFh,0BAh, 00h,0AAh 
 1962  FA EF EE 88 00 FF        		db	0FAh,0EFh,0EEh, 88h, 00h,0FFh 
 1968  C3 CF FF C3 3F FF        		db	0C3h,0CFh,0FFh,0C3h, 3Fh,0FFh 
 196E  F3 C3 CF CF FC FF        		db	0F3h,0C3h,0CFh,0CFh,0FCh,0FFh 
 1974  FC 03 CF FF EB EB        		db	0FCh, 03h,0CFh,0FFh,0EBh,0EBh 
 197A  C3 FF DF 7D FD 77        		db	0C3h,0FFh,0DFh, 7Dh,0FDh, 77h 
 1980  FF FD 54 00 32 AE        		db	0FFh,0FDh, 54h, 00h, 32h,0AEh 
 1986  8A 0A 8B BA EB A3        		db	 8Ah, 0Ah, 8Bh,0BAh,0EBh,0A3h 
 198C  00 C0 3C 30 FF FF        		db	 00h,0C0h, 3Ch, 30h,0FFh,0FFh 
 1992  0F CF FE FA EE AE        		db	 0Fh,0CFh,0FEh,0FAh,0EEh,0AEh 
 1998  08 28 BE EF BF A8        		db	 08h, 28h,0BEh,0EFh,0BFh,0A8h 
 199E  00 FF 30 0F FF 0C        		db	 00h,0FFh, 30h, 0Fh,0FFh, 0Ch 
 19A4  FF FF F3 C3 CF CF        		db	0FFh,0FFh,0F3h,0C3h,0CFh,0CFh 
 19AA  FC 3F FC 03 CF FF        		db	0FCh, 3Fh,0FCh, 03h,0CFh,0FFh 
 19B0  EE AB CF FF 7D FF        		db	0EEh,0ABh,0CFh,0FFh, 7Dh,0FFh 
 19B6  F5 FF FF F4 54 30        		db	0F5h,0FFh,0FFh,0F4h, 54h, 30h 
 19BC  CA AA 8A 0A 0B BC        		db	0CAh,0AAh, 8Ah, 0Ah, 0Bh,0BCh 
 19C2  CE 00 C3 CF F3 0C        		db	0CEh, 00h,0C3h,0CFh,0F3h, 0Ch 
 19C8  FC FC 0F 3F FE EA        		db	0FCh,0FCh, 0Fh, 3Fh,0FEh,0EAh 
 19CE  EE EE 0A AC 2F AB        		db	0EEh,0EEh, 0Ah,0ACh, 2Fh,0ABh 
 19D4  FF A8 03 FF 33 0F        		db	0FFh,0A8h, 03h,0FFh, 33h, 0Fh 
 19DA  FF 0C FF FF F3 CF        		db	0FFh, 0Ch,0FFh,0FFh,0F3h,0CFh 
 19E0  CF CF FC 3F FC 03        		db	0CFh,0CFh,0FCh, 3Fh,0FCh, 03h 
 19E6  CF FF BA EB 20 FF        		db	0CFh,0FFh,0BAh,0EBh, 20h,0FFh 
 19EC  FF FF F5 FF FF F4        		db	0FFh,0FFh,0F5h,0FFh,0FFh,0F4h 
 19F2  44 C2 AA AA 8A 20        		db	 44h,0C2h,0AAh,0AAh, 8Ah, 20h 
 19F8  03 B0 F0 CC C0 C3        		db	 03h,0B0h,0F0h,0CCh,0C0h,0C3h 
 19FE  CC F0 F3 FC 3F FF        		db	0CCh,0F0h,0F3h,0FCh, 3Fh,0FFh 
 1A04  FE FA BE EE 88 A0        		db	0FEh,0FAh,0BEh,0EEh, 88h,0A0h 
 1A0A  2A EF EF A0 03 3F        		db	 2Ah,0EFh,0EFh,0A0h, 03h, 3Fh 
 1A10  0C 3F FC 33 FF FF        		db	 0Ch, 3Fh,0FCh, 33h,0FFh,0FFh 
 1A16  F3 C3 CF CF FC 3F        		db	0F3h,0C3h,0CFh,0CFh,0FCh, 3Fh 
 1A1C  FC 03 0F FF BA EB        		db	0FCh, 03h, 0Fh,0FFh,0BAh,0EBh 
 1A22  00 FF FD FF F7 FF        		db	 00h,0FFh,0FDh,0FFh,0F7h,0FFh 
 1A28  FF D0 D0 C2 AE BA        		db	0FFh,0D0h,0D0h,0C2h,0AEh,0BAh 
 1A2E  2A 0A 02 30 E2 00        		db	 2Ah, 0Ah, 02h, 30h,0E2h, 00h 
 1A34  33 33 F0 F3 FF F0        		db	 33h, 33h,0F0h,0F3h,0FFh,0F0h 
 1A3A  3F FF FE EA AF EE        		db	 3Fh,0FFh,0FEh,0EAh,0AFh,0EEh 
 1A40  28 30 2A BB EF A2        		db	 28h, 30h, 2Ah,0BBh,0EFh,0A2h 
 1A46  03 3C 0C FF FC 0C        		db	 03h, 3Ch, 0Ch,0FFh,0FCh, 0Ch 
 1A4C  FF FF F3 33 CF CF        		db	0FFh,0FFh,0F3h, 33h,0CFh,0CFh 
 1A52  FC CF FC 03 33 FF        		db	0FCh,0CFh,0FCh, 03h, 33h,0FFh 
 1A58  BA AB 02 FF FF FF        		db	0BAh,0ABh, 02h,0FFh,0FFh,0FFh 
 1A5E  D7 FF FF D3 C3 CE        		db	0D7h,0FFh,0FFh,0D3h,0C3h,0CEh 
 1A64  EA AA 2A 20 22 03        		db	0EAh,0AAh, 2Ah, 20h, 22h, 03h 
 1A6A  38 E0 08 CF 30 CF        		db	 38h,0E0h, 08h,0CFh, 30h,0CFh 
 1A70  F3 C0 FF FF FB AA        		db	0F3h,0C0h,0FFh,0FFh,0FBh,0AAh 
Microsoft (R) Macro Assembler  Version 4.00                 3/29/26 15:15:44

                                                            Page     1-36
                                                            

 1A76  BB EA 2B C0 AA AF        		db	0BBh,0EAh, 2Bh,0C0h,0AAh,0AFh 
 1A7C  BA A2 0C F0 F0 3F        		db	0BAh,0A2h, 0Ch,0F0h,0F0h, 3Fh 
 1A82  FF 0C FF FF CF 0F        		db	0FFh, 0Ch,0FFh,0FFh,0CFh, 0Fh 
 1A88  F3 F3 FC 3F FC 03        		db	0F3h,0F3h,0FCh, 3Fh,0FCh, 03h 
 1A8E  33 FF FB AE 08 BF        		db	 33h,0FFh,0FBh,0AEh, 08h,0BFh 
 1A94  FF FF 7F FF FF 43        		db	0FFh,0FFh, 7Fh,0FFh,0FFh, 43h 
 1A9A  0F 3A EB AA 28 A0        		db	 0Fh, 3Ah,0EBh,0AAh, 28h,0A0h 
 1AA0  0A CB E0 E0 A3 3C        		db	 0Ah,0CBh,0E0h,0E0h,0A3h, 3Ch 
 1AA6  C3 03 FF C3 EF FF        		db	0C3h, 03h,0FFh,0C3h,0EFh,0FFh 
 1AAC  FB AA AF BA 00 00        		db	0FBh,0AAh,0AFh,0BAh, 00h, 00h 
 1AB2  BA AB EE BB 0C F0        		db	0BAh,0ABh,0EEh,0BBh, 0Ch,0F0h 
 1AB8  30 CF FF 3C FF FF        		db	 30h,0CFh,0FFh, 3Ch,0FFh,0FFh 
 1ABE  83 33 F3 F3 FC FF        		db	 83h, 33h,0F3h,0F3h,0FCh,0FFh 
 1AC4  FC 03 33 FF FA EE        		db	0FCh, 03h, 33h,0FFh,0FAh,0EEh 
 1ACA  C0 BF 06 FF 05 43        		db	0C0h,0BFh, 06h,0FFh, 05h, 43h 
 1AD0  30 EA AB EA 28 88        		db	 30h,0EAh,0ABh,0EAh, 28h, 88h 
 1AD6  2A 8B A3 E2 AF 3C        		db	 2Ah, 8Bh,0A3h,0E2h,0AFh, 3Ch 
 1ADC  0C 0F FF C3 EF FF        		db	 0Ch, 0Fh,0FFh,0C3h,0EFh,0FFh 
 1AE2  FB AE AF BA 00 02        		db	0FBh,0AEh,0AFh,0BAh, 00h, 02h 
 1AE8  BA AB EB A8 33 FC        		db	0BAh,0ABh,0EBh,0A8h, 33h,0FCh 
 1AEE  00 CF F0 33 FF FF        		db	 00h,0CFh,0F0h, 33h,0FFh,0FFh 
 1AF4  83 33 F3 F3 FF 03        		db	 83h, 33h,0F3h,0F3h,0FFh, 03h 
 1AFA  FF 0C FF FF BA EE        		db	0FFh, 0Ch,0FFh,0FFh,0BAh,0EEh 
 1B00  08 3F 06 FF 04 FD        		db	 08h, 3Fh, 06h,0FFh, 04h,0FDh 
 1B06  0C 00 2B AF AA A8        		db	 0Ch, 00h, 2Bh,0AFh,0AAh,0A8h 
 1B0C  A2 0B 0B EF AA 83        		db	0A2h, 0Bh, 0Bh,0EFh,0AAh, 83h 
 1B12  F3 C3 3F FF 03 BE        		db	0F3h,0C3h, 3Fh,0FFh, 03h,0BEh 
 1B18  FF AE AE EF BA 00        		db	0FFh,0AEh,0AEh,0EFh,0BAh, 00h 
 1B1E  3E EA AA BB E8 8F        		db	 3Eh,0EAh,0AAh,0BBh,0E8h, 8Fh 
 1B24  F3 00 3F FC F3 FF        		db	0F3h, 00h, 3Fh,0FCh,0F3h,0FFh 
 1B2A  FA 33 0F F3 F3 FF        		db	0FAh, 33h, 0Fh,0F3h,0F3h,0FFh 
 1B30  FC FF 0C F3 FF BA        		db	0FCh,0FFh, 0Ch,0F3h,0FFh,0BAh 
 1B36  AE 30 0F 06 FF 04        		db	0AEh, 30h, 0Fh, 06h,0FFh, 04h 
 1B3C  FD 00 00 CB AF A8        		db	0FDh, 00h, 00h,0CBh,0AFh,0A8h 
 1B42  A0 8A 88 2C EE AA        		db	0A0h, 8Ah, 88h, 2Ch,0EEh,0AAh 
 1B48  0F C0 CF 3F FF 0F        		db	 0Fh,0C0h,0CFh, 3Fh,0FFh, 0Fh 
 1B4E  AB FF AA AA BF EC        		db	0ABh,0FFh,0AAh,0AAh,0BFh,0ECh 
 1B54  00 FE EA AA AA B0        		db	 00h,0FEh,0EAh,0AAh,0AAh,0B0h 
 1B5A  CF FF 03 3F F3 F3        		db	0CFh,0FFh, 03h, 3Fh,0F3h,0F3h 
 1B60  FF EE 0F 33 FF FC        		db	0FFh,0EEh, 0Fh, 33h,0FFh,0FCh 
 1B66  FF F0 FF 0C F3 FF        		db	0FFh,0F0h,0FFh, 0Ch,0F3h,0FFh 
 1B6C  FB AF 30 0B 06 FF        		db	0FBh,0AFh, 30h, 0Bh, 06h,0FFh 
 1B72  04 F4 03 00 3B AE        		db	 04h,0F4h, 03h, 00h, 3Bh,0AEh 
 1B78  A8 88 82 82 AF 3E        		db	0A8h, 88h, 82h, 82h,0AFh, 3Eh 
 1B7E  A0 0F 03 FC 3F FC        		db	0A0h, 0Fh, 03h,0FCh, 3Fh,0FCh 
 1B84  FF BA FE AA AE BE        		db	0FFh,0BAh,0FEh,0AAh,0AEh,0BEh 
 1B8A  AA 00 FB AA AB AA        		db	0AAh, 00h,0FBh,0AAh,0ABh,0AAh 
 1B90  AB FF FF 0C FF F3        		db	0ABh,0FFh,0FFh, 0Ch,0FFh,0F3h 
 1B96  FC FB B8 CF 0F FC        		db	0FCh,0FBh,0B8h,0CFh, 0Fh,0FCh 
 1B9C  FC FF F0 FF 0C F3        		db	0FCh,0FFh,0F0h,0FFh, 0Ch,0F3h 
 1BA2  FF BA EB 33 83 06        		db	0FFh,0BAh,0EBh, 33h, 83h, 06h 
 1BA8  FF 04 F4 00 C0 CA        		db	0FFh, 04h,0F4h, 00h,0C0h,0CAh 
 1BAE  AA A2 8A 82 A0 AF        		db	0AAh,0A2h, 8Ah, 82h,0A0h,0AFh 
 1BB4  FA A0 0F 33 3C FF        		db	0FAh,0A0h, 0Fh, 33h, 3Ch,0FFh 
 1BBA  FF FE EF FE E9 52        		db	0FFh,0FEh,0EFh,0FEh,0E9h, 52h 
Microsoft (R) Macro Assembler  Version 4.00                 3/29/26 15:15:44

                                                            Page     1-37
                                                            

 1BC0  AA 80 00 FA AA AF        		db	0AAh, 80h, 00h,0FAh,0AAh,0AFh 
 1BC6  E8 AA AF FF 33 0F        		db	0E8h,0AAh,0AFh,0FFh, 33h, 0Fh 
 1BCC  FF FC EE 03 03 3F        		db	0FFh,0FCh,0EEh, 03h, 03h, 3Fh 
 1BD2  FC FC FF FF FF 0C        		db	0FCh,0FCh,0FFh,0FFh,0FFh, 0Ch 
 1BD8  F3 FF BA AF 30 23        		db	0F3h,0FFh,0BAh,0AFh, 30h, 23h 
 1BDE  06 FF 04 D0 00 03        		db	 06h,0FFh, 04h,0D0h, 00h, 03h 
 1BE4  3A AA A2 88 80 8A        		db	 3Ah,0AAh,0A2h, 88h, 80h, 8Ah 
 1BEA  3F 2A 80 CC FC F0        		db	 3Fh, 2Ah, 80h,0CCh,0FCh,0F0h 
 1BF0  FF FF FE EB FE E5        		db	0FFh,0FFh,0FEh,0EBh,0FEh,0E5h 
 1BF6  40 00 3C 03 FA EA        		db	 40h, 00h, 3Ch, 03h,0FAh,0EAh 
 1BFC  AF A8 8A AB FF C0        		db	0AFh,0A8h, 8Ah,0ABh,0FFh,0C0h 
 1C02  03 FF FB A8 30 33        		db	 03h,0FFh,0FBh,0A8h, 30h, 33h 
 1C08  0F FC F8 FF FC FF        		db	 0Fh,0FCh,0F8h,0FFh,0FCh,0FFh 
 1C0E  03 F3 3F BA BB C8        		db	 03h,0F3h, 3Fh,0BAh,0BBh,0C8h 
 1C14  C0 06 FF 04 DC 03        		db	0C0h, 06h,0FFh, 04h,0DCh, 03h 
 1C1A  03 2E AA AA 2A 00        		db	 03h, 2Eh,0AAh,0AAh, 2Ah, 00h 
 1C20  03 3C EA 00 30 FF        		db	 03h, 3Ch,0EAh, 00h, 30h,0FFh 
 1C26  C3 FF FF EA BF FE        		db	0C3h,0FFh,0FFh,0EAh,0BFh,0FEh 
 1C2C  A4 40 00 FF 0F EA        		db	0A4h, 40h, 00h,0FFh, 0Fh,0EAh 
 1C32  AA AE BA 22 AA BF        		db	0AAh,0AEh,0BAh, 22h,0AAh,0BFh 
 1C38  FC CF FF EE A0 CC        		db	0FCh,0CFh,0FFh,0EEh,0A0h,0CCh 
 1C3E  33 0F FC F8 FF FF        		db	 33h, 0Fh,0FCh,0F8h,0FFh,0FFh 
 1C44  FF 03 CF FF BA BB        		db	0FFh, 03h,0CFh,0FFh,0BAh,0BBh 
 1C4A  CA 38 3F FF FF FF        		db	0CAh, 38h, 3Fh,0FFh,0FFh,0FFh 
 1C50  D3 0C 0C EE AA AA        		db	0D3h, 0Ch, 0Ch,0EEh,0AAh,0AAh 
 1C56  A8 03 0F 0C A8 00        		db	0A8h, 03h, 0Fh, 0Ch,0A8h, 00h 
 1C5C  CC FF 3F FF FF EB        		db	0CCh,0FFh, 3Fh,0FFh,0FFh,0EBh 
 1C62  BF BE 94 00 0F FC        		db	0BFh,0BEh, 94h, 00h, 0Fh,0FCh 
 1C68  FF EB AA BE EA 22        		db	0FFh,0EBh,0AAh,0BEh,0EAh, 22h 
 1C6E  AA AB FC 33 0F AA        		db	0AAh,0ABh,0FCh, 33h, 0Fh,0AAh 
 1C74  0C 03 0F 0F FF 38        		db	 0Ch, 03h, 0Fh, 0Fh,0FFh, 38h 
 1C7A  FF FF FF 03 CC FF        		db	0FFh,0FFh,0FFh, 03h,0CCh,0FFh 
 1C80  BA FB F3 38 2F FD        		db	0BAh,0FBh,0F3h, 38h, 2Fh,0FDh 
 1C86  FF F7 DC 0C 03 AA        		db	0FFh,0F7h,0DCh, 0Ch, 03h,0AAh 
 1C8C  AA A8 A0 30 03 32        		db	0AAh,0A8h,0A0h, 30h, 03h, 32h 
 1C92  A0 0F F3 FF 0F FF        		db	0A0h, 0Fh,0F3h,0FFh, 0Fh,0FFh 
 1C98  FF EE BF BA 90 03        		db	0FFh,0EEh,0BFh,0BAh, 90h, 03h 
 1C9E  FF F0 FF AB AA AA        		db	0FFh,0F0h,0FFh,0ABh,0AAh,0AAh 
 1CA4  AA 28 2A AA BB 0C        		db	0AAh, 28h, 2Ah,0AAh,0BBh, 0Ch 
 1CAA  FE 0C C3 0C CF 3F        		db	0FEh, 0Ch,0C3h, 0Ch,0CFh, 3Fh 
 1CB0  FF 3A 3F FF FC CF        		db	0FFh, 3Ah, 3Fh,0FFh,0FCh,0CFh 
 1CB6  C3 FF BB BB FC 8E        		db	0C3h,0FFh,0BBh,0BBh,0FCh, 8Eh 
 1CBC  0A 86 83 01 D3 33        		db	 0Ah, 86h, 83h, 01h,0D3h, 33h 
 1CC2  0F AA AA 88 8A 80        		db	 0Fh,0AAh,0AAh, 88h, 8Ah, 80h 
 1CC8  0C 0A A0 3C CF FC        		db	 0Ch, 0Ah,0A0h, 3Ch,0CFh,0FCh 
 1CCE  3F FF FE BE BE BA        		db	 3Fh,0FFh,0FEh,0BEh,0BEh,0BAh 
 1CD4  94 0F FF C3 FF AA        		db	 94h, 0Fh,0FFh,0C3h,0FFh,0AAh 
 1CDA  AA BA EA 0A 00 AA        		db	0AAh,0BAh,0EAh, 0Ah, 00h,0AAh 
 1CE0  AE FF E8 F0 0F 00        		db	0AEh,0FFh,0E8h,0F0h, 0Fh, 00h 
 1CE6  CC CF FF 3B 3F FF        		db	0CCh,0CFh,0FFh, 3Bh, 3Fh,0FFh 
 1CEC  BC 0F C3 FF FE FB        		db	0BCh, 0Fh,0C3h,0FFh,0FEh,0FBh 
 1CF2  FC A2 03 EB A2 85        		db	0FCh,0A2h, 03h,0EBh,0A2h, 85h 
 1CF8  8C F0 C2 BA EA 82        		db	 8Ch,0F0h,0C2h,0BAh,0EAh, 82h 
 1CFE  28 0C 3C 0A 80 F0        		db	 28h, 0Ch, 3Ch, 0Ah, 80h,0F0h 
 1D04  33 FC 3F FF FE EA        		db	 33h,0FCh, 3Fh,0FFh,0FEh,0EAh 
Microsoft (R) Macro Assembler  Version 4.00                 3/29/26 15:15:44

                                                            Page     1-38
                                                            

 1D0A  FE EA 55 0F FF 33        		db	0FEh,0EAh, 55h, 0Fh,0FFh, 33h 
 1D10  FE AB 2A AE AA 0A        		db	0FEh,0ABh, 2Ah,0AEh,0AAh, 0Ah 
 1D16  80 00 AB BE 80 F0        		db	 80h, 00h,0ABh,0BEh, 80h,0F0h 
 1D1C  2C CC CC 3F FF 3E        		db	 2Ch,0CCh,0CCh, 3Fh,0FFh, 3Eh 
 1D22  3F FF B0 33 CF FF        		db	 3Fh,0FFh,0B0h, 33h,0CFh,0FFh 
 1D28  EE AB FF 2C 83 00        		db	0EEh,0ABh,0FFh, 2Ch, 83h, 00h 
 1D2E  00 53 CC F0 CE EA        		db	 00h, 53h,0CCh,0F0h,0CEh,0EAh 
 1D34  EA 28 A0 00              		db	0EAh, 28h,0A0h, 00h 
 1D38  3F 2A 0C                 		db	 3Fh, 2Ah, 0Ch 
                                 
 1D3B                           locloop_54: 
                                		retn 
 1D3B  C3                     1                 db     0C3h
                                			                        ;* No entry point to code 
 1D3C  33 FC                    		xor	di,sp 
 1D3E  FF FF FA BB FA EA        		db	0FFh,0FFh,0FAh,0BBh,0FAh,0EAh 
 1D44  55 3F FF 03 FE A8        		db	 55h, 3Fh,0FFh, 03h,0FEh,0A8h 
 1D4A  0A BA A8 80 AA 80        		db	 0Ah,0BAh,0A8h, 80h,0AAh, 80h 
 1D50  2A A8 0F 02 8C 03        		db	 2Ah,0A8h, 0Fh, 02h, 8Ch, 03h 
 1D56  3C 3F FF 3A 3F FF        		db	 3Ch, 3Fh,0FFh, 3Ah, 3Fh,0FFh 
 1D5C  BC 33 C3 FF EE EB        		db	0BCh, 33h,0C3h,0FFh,0EEh,0EBh 
 1D62  FF CA E0 D5 95 17        		db	0FFh,0CAh,0E0h,0D5h, 95h, 17h 
 1D68  70 F3 CE EA AA 28        		db	 70h,0F3h,0CEh,0EAh,0AAh, 28h 
 1D6E  A8 0C CF EA 33 CF        		db	0A8h, 0Ch,0CFh,0EAh, 33h,0CFh 
 1D74  CF F0 FF FF FA FB        		db	0CFh,0F0h,0FFh,0FFh,0FAh,0FBh 
 1D7A  FB A9 55 7F FC 0F        		db	0FBh,0A9h, 55h, 7Fh,0FCh, 0Fh 
 1D80  FA A0 0A AA EA 22        		db	0FAh,0A0h, 0Ah,0AAh,0EAh, 22h 
 1D86  02 AA 8A A0 03 28        		db	 02h,0AAh, 8Ah,0A0h, 03h, 28h 
 1D8C  3C CF 3C FF FF 3A        		db	 3Ch,0CFh, 3Ch,0FFh,0FFh, 3Ah 
 1D92  3F FF B3 33 33 FF        		db	 3Fh,0FFh,0B3h, 33h, 33h,0FFh 
 1D98  EE EB AF F0 B8 03        		db	0EEh,0EBh,0AFh,0F0h,0B8h, 03h 
 1D9E  5F 17 73 C3 FE AA        		db	 5Fh, 17h, 73h,0C3h,0FEh,0AAh 
 1DA4  A8 A0 A8 C0 FF A8        		db	0A8h,0A0h,0A8h,0C0h,0FFh,0A8h 
 1DAA  30 FC 3F 30 FF FF        		db	 30h,0FCh, 3Fh, 30h,0FFh,0FFh 
 1DB0  FB FA FB A9 05 7F        		db	0FBh,0FAh,0FBh,0A9h, 05h, 7Fh 
 1DB6  FC 0F FA A0 F2 AB        		db	0FCh, 0Fh,0FAh,0A0h,0F2h,0ABh 
 1DBC  EA A8 20 0A 2A 80        		db	0EAh,0A8h, 20h, 0Ah, 2Ah, 80h 
 1DC2  0F A0 F3 03 F3 FF        		db	 0Fh,0A0h,0F3h, 03h,0F3h,0FFh 
 1DC8  FF 3E 3F FF EC 0F        		db	0FFh, 3Eh, 3Fh,0FFh,0ECh, 0Fh 
 1DCE  0F FF EE EB AA BF        		db	 0Fh,0FFh,0EEh,0EBh,0AAh,0BFh 
 1DD4  0A 20 04 DF 33 C7        		db	 0Ah, 20h, 04h,0DFh, 33h,0C7h 
 1DDA  CE AA E8                 		db	0CEh,0AAh,0E8h 
 1DDD                           loc_55: 
 1DDD  A2 338A                  		mov	ds:data_10e,al 
 1DE0  3E 8B C0 F0 FC 00        		db	 3Eh, 8Bh,0C0h,0F0h,0FCh, 00h 
 1DE6  FF FF FB EA FB A5        		db	0FFh,0FFh,0FBh,0EAh,0FBh,0A5h 
 1DEC  10 FF FF 3F FE 80        		db	 10h,0FFh,0FFh, 3Fh,0FEh, 80h 
 1DF2  F8 AA FA 0A 00 20        		db	0F8h,0AAh,0FAh, 0Ah, 00h, 20h 
 1DF8  2A 80 32 E3 E0 CF        		db	 2Ah, 80h, 32h,0E3h,0E0h,0CFh 
 1DFE  F3 FF FF 3B 3F FF        		db	0F3h,0FFh,0FFh, 3Bh, 3Fh,0FFh 
 1E04  BC 0F 33 FF EE EB        		db	0BCh, 0Fh, 33h,0FFh,0EEh,0EBh 
 1E0A  2E AA E0 2C 0B 7C        		db	 2Eh,0AAh,0E0h, 2Ch, 0Bh, 7Ch 
 1E10  C3 C7 C2 AA B8 02        		db	0C3h,0C7h,0C2h,0AAh,0B8h, 02h 
 1E16  0B CF C2 2F 33 CF        		db	 0Bh,0CFh,0C2h, 2Fh, 33h,0CFh 
 1E1C  F3 03 FF FF EF AF        		db	0F3h, 03h,0FFh,0FFh,0EFh,0AFh 
Microsoft (R) Macro Assembler  Version 4.00                 3/29/26 15:15:44

                                                            Page     1-39
                                                            

 1E22  FA A4 00 FF C0 FC        		db	0FAh,0A4h, 00h,0FFh,0C0h,0FCh 
 1E28  0A 03 38 AA AA A2        		db	 0Ah, 03h, 38h,0AAh,0AAh,0A2h 
 1E2E  80 80 AA 00 0F A3        		db	 80h, 80h,0AAh, 00h, 0Fh,0A3h 
 1E34  F3 3F 33 FF FF 3A        		db	0F3h, 3Fh, 33h,0FFh,0FFh, 3Ah 
 1E3A  3F FE EF 0F F3 FF        		db	 3Fh,0FEh,0EFh, 0Fh,0F3h,0FFh 
 1E40  FA AA 8A AA BA 80        		db	0FAh,0AAh, 8Ah,0AAh,0BAh, 80h 
 1E46  A8 04 CF CF C2 AB        		db	0A8h, 04h,0CFh,0CFh,0C2h,0ABh 
 1E4C  A0 2A 0F FC AA 2C        		db	0A0h, 2Ah, 0Fh,0FCh,0AAh, 2Ch 
 1E52  F3 CF CC 03 FF FF        		db	0F3h,0CFh,0CCh, 03h,0FFh,0FFh 
 1E58  EE EB EA A4 10 FF        		db	0EEh,0EBh,0EAh,0A4h, 10h,0FFh 
 1E5E  33 03 30 0F 2A 28        		db	 33h, 03h, 30h, 0Fh, 2Ah, 28h 
 1E64  FA A8 2A 8A AA 00        		db	0FAh,0A8h, 2Ah, 8Ah,0AAh, 00h 
 1E6A  FE 83 E8 3F F3 FF        		db	0FEh, 83h,0E8h, 3Fh,0F3h,0FFh 
 1E70  FF 3A 3F FF A3 3F        		db	0FFh, 3Ah, 3Fh,0FFh,0A3h, 3Fh 
 1E76  0F FF FA EB 80 AA        		db	 0Fh,0FFh,0FAh,0EBh, 80h,0AAh 
 1E7C  AB FB 0A 53 3F 1F        		db	0ABh,0FBh, 0Ah, 53h, 3Fh, 1Fh 
 1E82  C0 AA 82 80 3F 3A        		db	0C0h,0AAh, 82h, 80h, 3Fh, 3Ah 
 1E88  02 AC 3F 3F CC 3F        		db	 02h,0ACh, 3Fh, 3Fh,0CCh, 3Fh 
 1E8E  FF FF AF AA EA 94        		db	0FFh,0FFh,0AFh,0AAh,0EAh, 94h 
 1E94  43 FF C0 F0 C0 3C        		db	 43h,0FFh,0C0h,0F0h,0C0h, 3Ch 
 1E9A  FA 23 FF AA 80 0A        		db	0FAh, 23h,0FFh,0AAh, 80h, 0Ah 
 1EA0  82 80 3B 8F A3 3F        		db	 82h, 80h, 3Bh, 8Fh,0A3h, 3Fh 
 1EA6  CF FF FF 3A 3F FE        		db	0CFh,0FFh,0FFh, 3Ah, 3Fh,0FEh 
 1EAC  E0 CF 0F FF EE EA        		db	0E0h,0CFh, 0Fh,0FFh,0EEh,0EAh 
 1EB2  A0 2A AA AE F5 0F        		db	0A0h, 2Ah,0AAh,0AEh,0F5h, 0Fh 
 1EB8  FC 5F CC BF AA 80        		db	0FCh, 5Fh,0CCh,0BFh,0AAh, 80h 
 1EBE  FC F8 2B 30 FF FF        		db	0FCh,0F8h, 2Bh, 30h,0FFh,0FFh 
 1EC4  30 3F FF FF EE AE        		db	 30h, 3Fh,0FFh,0FFh,0EEh,0AEh 
 1ECA  EE 90 43 FC 0F 33        		db	0EEh, 90h, 43h,0FCh, 0Fh, 33h 
 1ED0  3F C3 A2 CF FF FE        		db	 3Fh,0C3h,0A2h,0CFh,0FFh,0FEh 
 1ED6  AA 0A 2A 00 CE 32        		db	0AAh, 0Ah, 2Ah, 00h,0CEh, 32h 
 1EDC  E0 FF CF FF FF 2E        		db	0E0h,0FFh,0CFh,0FFh,0FFh, 2Eh 
 1EE2  3F FE A0 3F 0F FF        		db	 3Fh,0FEh,0A0h, 3Fh, 0Fh,0FFh 
 1EE8  EE AB AA 02 AA AA        		db	0EEh,0ABh,0AAh, 02h,0AAh,0AAh 
 1EEE  A4 10 F9 BF 3E BA        		db	0A4h, 10h,0F9h,0BFh, 3Eh,0BAh 
 1EF4  00 3F EE 01 60 23        		db	 00h, 3Fh,0EEh, 01h, 60h, 23h 
 1EFA  FF FF F2 FE EF FE        		db	0FFh,0FFh,0F2h,0FEh,0EFh,0FEh 
 1F00  AE BB EE 88 33 B8        		db	0AEh,0BBh,0EEh, 88h, 33h,0B8h 
 1F06  22 08 8A 0B A2 8B        		db	 22h, 08h, 8Ah, 0Bh,0A2h, 8Bh 
 1F0C  EE FE EA 8A 2A 08        		db	0EEh,0FEh,0EAh, 8Ah, 2Ah, 08h 
 1F12  FE 3F 88 EE BF FF        		db	0FEh, 3Fh, 88h,0EEh,0BFh,0FFh 
 1F18  FF 2A 8F FE EB 3B        		db	0FFh, 2Ah, 8Fh,0FEh,0EBh, 3Bh 
 1F1E  0F EE FA EB A8 A0        		db	 0Fh,0EEh,0FAh,0EBh,0A8h,0A0h 
 1F24  02 AA 91 07 E2 7B        		db	 02h,0AAh, 91h, 07h,0E2h, 7Bh 
 1F2A  3A AE 00 BF E8 81        		db	 3Ah,0AEh, 00h,0BFh,0E8h, 81h 
 1F30  63 CB FC FF C3 BA        		db	 63h,0CBh,0FCh,0FFh,0C3h,0BAh 
 1F36  BF FB AA AB BA 80        		db	0BFh,0FBh,0AAh,0ABh,0BAh, 80h 
 1F3C  3E E2 80 A2 3A 23        		db	 3Eh,0E2h, 80h,0A2h, 3Ah, 23h 
 1F42  A8 A3 BB FB AA AA        		db	0A8h,0A3h,0BBh,0FBh,0AAh,0AAh 
 1F48  A8 02 CF BE 83 FB        		db	0A8h, 02h,0CFh,0BEh, 83h,0FBh 
 1F4E  BE FB FF 3B 8F FA        		db	0BEh,0FBh,0FFh, 3Bh, 8Fh,0FAh 
 1F54  E3 3A 2F BA FE AA        		db	0E3h, 3Ah, 2Fh,0BAh,0FEh,0AAh 
 1F5A  AA 08 00 02 50 5F        		db	0AAh, 08h, 00h, 02h, 50h, 5Fh 
 1F60  A1 FE 3E BA 33 EE        		db	0A1h,0FEh, 3Eh,0BAh, 33h,0EEh 
 1F66  A0 09 88 CC E8 FF        		db	0A0h, 09h, 88h,0CCh,0E8h,0FFh 
Microsoft (R) Macro Assembler  Version 4.00                 3/29/26 15:15:44

                                                            Page     1-40
                                                            

 1F6C  8E FA BF FB AE BB        		db	 8Eh,0FAh,0BFh,0FBh,0AEh,0BBh 
 1F72  EE 83 3B A2 82 00        		db	0EEh, 83h, 3Bh,0A2h, 82h, 00h 
 1F78  E8 0E A8 BA BE BE        		db	0E8h, 0Eh,0A8h,0BAh,0BEh,0BEh 
 1F7E  FF AA A8 00 FB 3B        		db	0FFh,0AAh,0A8h, 00h,0FBh, 3Bh 
 1F84  AE EE BB BF FF 2E        		db	0AEh,0EEh,0BBh,0BFh,0FFh, 2Eh 
 1F8A  8F BB 8C EE 8F BA        		db	 8Fh,0BBh, 8Ch,0EEh, 8Fh,0BAh 
 1F90  FA EA AA A0 0A A5        		db	0FAh,0EAh,0AAh,0A0h, 0Ah,0A5h 
 1F96  01 FB 97 EA BA B8        		db	 01h,0FBh, 97h,0EAh,0BAh,0B8h 
 1F9C  0C FA A0 26 83 88        		db	 0Ch,0FAh,0A0h, 26h, 83h, 88h 
 1FA2  EA FE 03 AA BF AE        		db	0EAh,0FEh, 03h,0AAh,0BFh,0AEh 
 1FA8  BA AB EE 08 EB A2        		db	0BAh,0ABh,0EEh, 08h,0EBh,0A2h 
 1FAE  8A 03 F8 02 A2 2F        		db	 8Ah, 03h,0F8h, 02h,0A2h, 2Fh 
 1FB4  BB FA BF FB A8 22        		db	0BBh,0FAh,0BFh,0FBh,0A8h, 22h 
 1FBA  FA FE 8F FA BF BE        		db	0FAh,0FEh, 8Fh,0FAh,0BFh,0BEh 
 1FC0  FF 3F 8F BB 83 FE        		db	0FFh, 3Fh, 8Fh,0BBh, 83h,0FEh 
 1FC6  0B BA EA BE AA AA        		db	 0Bh,0BAh,0EAh,0BEh,0AAh,0AAh 
 1FCC  A0 10 1F EA 5F A8        		db	0A0h, 10h, 1Fh,0EAh, 5Fh,0A8h 
 1FD2  EA A8 3B AA 83 26        		db	0EAh,0A8h, 3Bh,0AAh, 83h, 26h 
 1FD8  83 82 EA FE 8E AE        		db	 83h, 82h,0EAh,0FEh, 8Eh,0AEh 
 1FDE  BF AE AA AE FA 23        		db	0BFh,0AEh,0AAh,0AEh,0FAh, 23h 
 1FE4  3E 8A 88 0F B8 8C        		db	 3Eh, 8Ah, 88h, 0Fh,0B8h, 8Ch 
 1FEA  A8 8B AA AB EE BE        		db	0A8h, 8Bh,0AAh,0ABh,0EEh,0BEh 
 1FF0  80 80 BB EE AE EA        		db	 80h, 80h,0BBh,0EEh,0AEh,0EAh 
 1FF6  EB AE EF 2E CE EA        		db	0EBh,0AEh,0EFh, 2Eh,0CEh,0EAh 
 1FFC  83 FE 0E BA AB EE        		db	 83h,0FEh, 0Eh,0BAh,0ABh,0EEh 
 2002  AA AA AA 41 EF A9        		db	0AAh,0AAh,0AAh, 41h,0EFh,0A9h 
 2008  BA AA EA A8 0E AA        		db	0BAh,0AAh,0EAh,0A8h, 0Eh,0AAh 
 200E  80 E6 2E 83 E2 EE        		db	 80h,0E6h, 2Eh, 83h,0E2h,0EEh 
 2014  2E AA FB BA BA AF        		db	 2Eh,0AAh,0FBh,0BAh,0BAh,0AFh 
 201A  BA 08 FA 2A A8 2A        		db	0BAh, 08h,0FAh, 2Ah,0A8h, 2Ah 
 2020  E8 0A A8 A0 BE AA        		db	0E8h, 0Ah,0A8h,0A0h,0BEh,0AAh 
 2026  AA A2 20 20 EE 3E        		db	0AAh,0A2h, 20h, 20h,0EEh, 3Eh 
 202C  8F AF AB BA FA 2B        		db	 8Fh,0AFh,0ABh,0BAh,0FAh, 2Bh 
 2032  CE EA 8E EE 3E AA        		db	0CEh,0EAh, 8Eh,0EEh, 3Eh,0AAh 
 2038  EA EF AA AA AA 1F        		db	0EAh,0EFh,0AAh,0AAh,0AAh, 1Fh 
 203E  BA A6 AA A7 AA A8        		db	0BAh,0A6h,0AAh,0A7h,0AAh,0A8h 
 2044  8B AA 03 BA 8E 23        		db	 8Bh,0AAh, 03h,0BAh, 8Eh, 23h 
 204A  AA BA 3A BA EE AA        		db	0AAh,0BAh, 3Ah,0BAh,0EEh,0AAh 
 2050  EE AA BA 08 EA 8A        		db	0EEh,0AAh,0BAh, 08h,0EAh, 8Ah 
 2056  8A 0A E8 0E A8 2A        		db	 8Ah, 0Ah,0E8h, 0Eh,0A8h, 2Ah 
 205C  20 0F BA 00 00 8B        		db	 20h, 0Fh,0BAh, 00h, 00h, 8Bh 
 2062  A8 FA BB BA AE AA        		db	0A8h,0FAh,0BBh,0BAh,0AEh,0AAh 
 2068  E8 AB 8F EA 32 FA        		db	0E8h,0ABh, 8Fh,0EAh, 32h,0FAh 
 206E  3B BA AF BA AA AA        		db	 3Bh,0BAh,0AFh,0BAh,0AAh,0AAh 
 2074  A9 7F EA 06 AA 04        		db	0A9h, 7Fh,0EAh, 06h,0AAh, 04h 
 207A  A3 3E A8 33 EA 3E        		db	0A3h, 3Eh,0A8h, 33h,0EAh, 3Eh 
 2080  0F AB E8 EA EB EE        		db	 0Fh,0ABh,0E8h,0EAh,0EBh,0EEh 
 2086  AB FA AE E8 82 BA        		db	0ABh,0FAh,0AEh,0E8h, 82h,0BAh 
 208C  2A A8 0A A0 0A AA        		db	 2Ah,0A8h, 0Ah,0A0h, 0Ah,0AAh 
 2092  0A AA 2A A0 00 A0        		db	 0Ah,0AAh, 2Ah,0A0h, 00h,0A0h 
 2098  3E A3 EA AE EA AA        		db	 3Eh,0A3h,0EAh,0AEh,0EAh,0AAh 
 209E  AB B8 AE CF EA 0E        		db	0ABh,0B8h,0AEh,0CFh,0EAh, 0Eh 
 20A4  EE BE BA AB BA AA        		db	0EEh,0BEh,0BAh,0ABh,0BAh,0AAh 
 20AA  AA 85 FB AA EA AA        		db	0AAh, 85h,0FBh,0AAh,0EAh,0AAh 
 20B0  BA AA 03 EA A8 0E        		db	0BAh,0AAh, 03h,0EAh,0A8h, 0Eh 
Microsoft (R) Macro Assembler  Version 4.00                 3/29/26 15:15:44

                                                            Page     1-41
                                                            

 20B6  AA 3A 3B AE A0 FA        		db	0AAh, 3Ah, 3Bh,0AEh,0A0h,0FAh 
 20BC  EA AA AB EA BA A8        		db	0EAh,0AAh,0ABh,0EAh,0BAh,0A8h 
 20C2  23 EA 2A A2 0E A8        		db	 23h,0EAh, 2Ah,0A2h, 0Eh,0A8h 
 20C8  0E AA A2 A0 80 00        		db	 0Eh,0AAh,0A2h,0A0h, 80h, 00h 
 20CE  20 AF EA A3 AA BA        		db	 20h,0AFh,0EAh,0A3h,0AAh,0BAh 
 20D4  EA AA AA AA AB 8E        		db	0EAh,0AAh,0AAh,0AAh,0ABh, 8Eh 
 20DA  AE 0E FA FA AA AE        		db	0AEh, 0Eh,0FAh,0FAh,0AAh,0AEh 
 20E0  EA AA A9 7E FE AF        		db	0EAh,0AAh,0A9h, 7Eh,0FEh,0AFh 
 20E6  AA AA BA A8 3E AE        		db	0AAh,0AAh,0BAh,0A8h, 3Eh,0AEh 
 20EC  A0 3E AA EA EB AE        		db	0A0h, 3Eh,0AAh,0EAh,0EBh,0AEh 
 20F2  A0 EA AB AA AB AA        		db	0A0h,0EAh,0ABh,0AAh,0ABh,0AAh 
 20F8  BA E2 2E B8 AA A8        		db	0BAh,0E2h, 2Eh,0B8h,0AAh,0A8h 
 20FE  AE A2 3A AA AA 08        		db	0AEh,0A2h, 3Ah,0AAh,0AAh, 08h 
 2104  00 20 8F BA AA 8A        		db	 00h, 20h, 8Fh,0BAh,0AAh, 8Ah 
 210A  AA BB AA AA AA A2        		db	0AAh,0BBh,0AAh,0AAh,0AAh,0A2h 
 2110  AB 2F AE 0B AA EA        		db	0ABh, 2Fh,0AEh, 0Bh,0AAh,0EAh 
 2116  EA AE EA AA A7 EB        		db	0EAh,0AEh,0EAh,0AAh,0A7h,0EBh 
 211C  AA BA AA AA BA A8        		db	0AAh,0BAh,0AAh,0AAh,0BAh,0A8h 
 2122  3A BA 80 FA A8 AA        		db	 3Ah,0BAh, 80h,0FAh,0A8h,0AAh 
 2128  EA AE 83 FA AA AA        		db	0EAh,0AEh, 83h,0FAh,0AAh,0AAh 
 212E  AE AA EB A0 AE E8        		db	0AEh,0AAh,0EBh,0A0h,0AEh,0E8h 
 2134  AA A2 2A A0 3A AA        		db	0AAh,0A2h, 2Ah,0A0h, 3Ah,0AAh 
 213A  A0 20 00 8F AA AA        		db	0A0h, 20h, 00h, 8Fh,0AAh,0AAh 
 2140  AA AF AA BB AA AA        		db	0AAh,0AFh,0AAh,0BBh,0AAh,0AAh 
 2146  BA AA AB 3B AE 3F        		db	0BAh,0AAh,0ABh, 3Bh,0AEh, 3Fh 
 214C  BA BA EA BA EA AA        		db	0BAh,0BAh,0EAh,0BAh,0EAh,0AAh 
 2152  7E AA AA BA AA EA        		db	 7Eh,0AAh,0AAh,0BAh,0AAh,0EAh 
 2158  EA AA EB EA 8F BA        		db	0EAh,0AAh,0EBh,0EAh, 8Fh,0BAh 
 215E  AA AA AB EE 8C EA        		db	0AAh,0AAh,0ABh,0EEh, 8Ch,0EAh 
 2164  AE 06 AA 04 A0 AF        		db	0AEh, 06h,0AAh, 04h,0A0h,0AFh 
 216A  AA AA A8 2A A2 AA        		db	0AAh,0AAh,0A8h, 2Ah,0A2h,0AAh 
 2170  AA 22 A3 33 EA AA        		db	0AAh, 22h,0A3h, 33h,0EAh,0AAh 
 2176  AA A8 BA AA BB AA        		db	0AAh,0A8h,0BAh,0AAh,0BBh,0AAh 
 217C  AA FA A2 AE FB AA        		db	0AAh,0FAh,0A2h,0AEh,0FBh,0AAh 
 2182  0F EA EA EF EA EA        		db	 0Fh,0EAh,0EAh,0EFh,0EAh,0EAh 
 2188  AA EE AA AA EA AB        		db	0AAh,0EEh,0AAh,0AAh,0EAh,0ABh 
 218E  AA EA A8 BE AA 3E        		db	0AAh,0EAh,0A8h,0BEh,0AAh, 3Eh 
 2194  EA AA AA EB EA A3        		db	0EAh,0AAh,0AAh,0EBh,0EAh,0A3h 
 219A  06 AA 05 EB 82 BB        		db	 06h,0AAh, 05h,0EBh, 82h,0BBh 
 21A0  06 AA 04 8B AA AA        		db	 06h,0AAh, 04h, 8Bh,0AAh,0AAh 
 21A6  AA A0 CA 06 AA 04        		db	0AAh,0A0h,0CAh, 06h,0AAh, 04h 
 21AC  EA AA AE AA AB BA        		db	0EAh,0AAh,0AEh,0AAh,0ABh,0BAh 
 21B2  AA A8 FA A8 8B AA        		db	0AAh,0A8h,0FAh,0A8h, 8Bh,0AAh 
 21B8  EA BA AB BA A7 06        		db	0EAh,0BAh,0ABh,0BAh,0A7h, 06h 
 21BE  AA 04 A7 AB AA AB        		db	0AAh, 04h,0A7h,0ABh,0AAh,0ABh 
 21C4  EE AA 3A AA AA AB        		db	0EEh,0AAh, 3Ah,0AAh,0AAh,0ABh 
 21CA  AB AE 8E EA BA AA        		db	0ABh,0AEh, 8Eh,0EAh,0BAh,0AAh 
 21D0  AA AB AA 80 BE 06        		db	0AAh,0ABh,0AAh, 80h,0BEh, 06h 
 21D6  AA 04 A3 AA AA AA        		db	0AAh, 04h,0A3h,0AAh,0AAh,0AAh 
 21DC  8F 06 AA 04 BA AA        		db	 8Fh, 06h,0AAh, 04h,0BAh,0AAh 
 21E2  AA AE AA AE EA A2        		db	0AAh,0AEh,0AAh,0AEh,0EAh,0A2h 
 21E8  A8 EA E8 2B EA EB        		db	0A8h,0EAh,0E8h, 2Bh,0EAh,0EBh 
 21EE  AA AB AA BA 06 AA        		db	0AAh,0ABh,0AAh,0BAh, 06h,0AAh 
 21F4  04 9F AA AA AB BA        		db	 04h, 9Fh,0AAh,0AAh,0ABh,0BAh 
 21FA  A8 EE AA AA AA AF        		db	0A8h,0EEh,0AAh,0AAh,0AAh,0AFh 
Microsoft (R) Macro Assembler  Version 4.00                 3/29/26 15:15:44

                                                            Page     1-42
                                                            

 2200  AA 8F AA BA AA AA        		db	0AAh, 8Fh,0AAh,0BAh,0AAh,0AAh 
 2206  AB AE 88 BA AA AA        		db	0ABh,0AEh, 88h,0BAh,0AAh,0AAh 
 220C  A2 AA AB AA AA AA        		db	0A2h,0AAh,0ABh,0AAh,0AAh,0AAh 
 2212  AE EA 06 AA 08 FF        		db	0AEh,0EAh, 06h,0AAh, 08h,0FFh 
 2218  AA 8A A2 EB A8 2B        		db	0AAh, 8Ah,0A2h,0EBh,0A8h, 2Bh 
 221E  AA EA AA AE EA EA        		db	0AAh,0EAh,0AAh,0AEh,0EAh,0EAh 
 2224  AA AA AA A5 7E AA        		db	0AAh,0AAh,0AAh,0A5h, 7Eh,0AAh 
 222A  AA AB BA A8 EA AA        		db	0AAh,0ABh,0BAh,0A8h,0EAh,0AAh 
 2230  AA AA BE AA AF AA        		db	0AAh,0AAh,0BEh,0AAh,0AFh,0AAh 
 2236  EA AA AA AA AE 22        		db	0EAh,0AAh,0AAh,0AAh,0AEh, 22h 
 223C  BA 06 AA 08 8F 06        		db	0BAh, 06h,0AAh, 08h, 8Fh, 06h 
 2242  AA 08 AB FA AA AA        		db	0AAh, 08h,0ABh,0FAh,0AAh,0AAh 
 2248  AB AB A8 2B AA AA        		db	0ABh,0ABh,0A8h, 2Bh,0AAh,0AAh 
 224E  AA FF 06 AA 05 9F        		db	0AAh,0FFh, 06h,0AAh, 05h, 9Fh 
 2254  EA AA AA AB AA A8        		db	0EAh,0AAh,0AAh,0ABh,0AAh,0A8h 
 225A  AA AA AA AB EA 06        		db	0AAh,0AAh,0AAh,0ABh,0EAh, 06h 
 2260  AA 07 BA 0A EA 06        		db	0AAh, 07h,0BAh, 0Ah,0EAh, 06h 
 2266  AA 07 A8 3A 06 AA        		db	0AAh, 07h,0A8h, 3Ah, 06h,0AAh 
 226C  0C 0A AE AA AE AA        		db	 0Ch, 0Ah,0AEh,0AAh,0AEh,0AAh 
 2272  EA AB BA 06 AA 05        		db	0EAh,0ABh,0BAh, 06h,0AAh, 05h 
 2278  7A AA AA AA AE 06        		db	 7Ah,0AAh,0AAh,0AAh,0AEh, 06h 
 227E  AA 08 AE 06 AA 05        		db	0AAh, 08h,0AEh, 06h,0AAh, 05h 
 2284  BA 8A 06 AA 08 82        		db	0BAh, 8Ah, 06h,0AAh, 08h, 82h 
 228A  EE 06 AA 0D AE A8        		db	0EEh, 06h,0AAh, 0Dh,0AEh,0A8h 
 2290  AA AA AA AE 06 AA        		db	0AAh,0AAh,0AAh,0AEh, 06h,0AAh 
 2296  1A 2A 06 AA 07 A8        		db	 1Ah, 2Ah, 06h,0AAh, 07h,0A8h 
 229C  06 AA 14 AE AA AA        		db	 06h,0AAh, 14h,0AEh,0AAh,0AAh 
 22A2  7D 17 DD 47 55 35        		db	 7Dh, 17h,0DDh, 47h, 55h, 35h 
 22A8  54 7D 1F 45 F5 F4        		db	 54h, 7Dh, 1Fh, 45h,0F5h,0F4h 
 22AE  7D 51 DF D5 54 1D        		db	 7Dh, 51h,0DFh,0D5h, 54h, 1Dh 
 22B4  54 53 CF 4F 74 F7        		db	 54h, 53h,0CFh, 4Fh, 74h,0F7h 
 22BA  37 DF 4F 4F 7D 17        		db	 37h,0DFh, 4Fh, 4Fh, 7Dh, 17h 
 22C0  DD 47 55 35 54 7D        		db	0DDh, 47h, 55h, 35h, 54h, 7Dh 
 22C6  1F 45 F5 F4 7D 51        		db	 1Fh, 45h,0F5h,0F4h, 7Dh, 51h 
 22CC  DF D5 54 1D 54 53        		db	0DFh,0D5h, 54h, 1Dh, 54h, 53h 
 22D2  CF 4F 74 F7 37 DF        		db	0CFh, 4Fh, 74h,0F7h, 37h,0DFh 
 22D8  4F 4F 15 4D 55 1D        		db	 4Fh, 4Fh, 15h, 4Dh, 55h, 1Dh 
 22DE  55 43 41 D5 45 44        		db	 55h, 43h, 41h,0D5h, 45h, 44h 
 22E4  01 51 D5 D1 D5 40        		db	 01h, 51h,0D5h,0D1h,0D5h, 40h 
 22EA  01 F5                    		db	 01h,0F5h 
 22EC  55 0D 45 4D 53 55 35     		db	'U', 0Dh, 'EMSU5U54' 
       55 35 34                 
 22F6  15 4D 55 1D 55 43        		db	 15h, 4Dh, 55h, 1Dh, 55h, 43h 
 22FC  41 D5 45 44 01 51        		db	 41h,0D5h, 45h, 44h, 01h, 51h 
 2302  D5 D1 D5 40 01 F5        		db	0D5h,0D1h,0D5h, 40h, 01h,0F5h 
 2308  55 0D 45 4D 53 55 35     		db	'U', 0Dh, 'EMSU5U54' 
       55 35 34                 
 2312  05 4D 54 00 05 54        		db	 05h, 4Dh, 54h, 00h, 05h, 54h 
 2318  1C 55 45 63 01 54        		db	 1Ch, 55h, 45h, 63h, 01h, 54h 
 231E  55 3D F4 55 55 35        		db	 55h, 3Dh,0F4h, 55h, 55h, 35h 
 2324  01 4D 51 55 4D 40        		db	 01h, 4Dh, 51h, 55h, 4Dh, 40h 
 232A  05 10 85 4D 54 00        		db	 05h, 10h, 85h, 4Dh, 54h, 00h 
 2330  05 54 1C 55 45 01        		db	 05h, 54h, 1Ch, 55h, 45h, 01h 
 2336  F4 00 01 54 55 3D        		db	0F4h, 00h, 01h, 54h, 55h, 3Dh 
 233C  F4 55 55 35 11 4D        		db	0F4h, 55h, 55h, 35h, 11h, 4Dh 
Microsoft (R) Macro Assembler  Version 4.00                 3/29/26 15:15:44

                                                            Page     1-43
                                                            

 2342  51 55 4D 40 05 11        		db	 51h, 55h, 4Dh, 40h, 05h, 11h 
 2348  65 05 35 15 67 01        		db	 65h, 05h, 35h, 15h, 67h, 01h 
 234E  54 55 40 50 00 35        		db	 54h, 55h, 40h, 50h, 00h, 35h 
 2354  54 D5 50 63 E0 62        		db	 54h,0D5h, 50h, 63h,0E0h, 62h 
 235A  FF A0 05 35 15 00        		db	0FFh,0A0h, 05h, 35h, 15h, 00h 
 2360  BE EB EF B8 62 01        		db	0BEh,0EBh,0EFh,0B8h, 62h, 01h 
 2366  54 55 40 50 E8 35        		db	 54h, 55h, 40h, 50h,0E8h, 35h 
 236C  54 D5 50 3F A0 03        		db	 54h,0D5h, 50h, 3Fh,0A0h, 03h 
 2372  66 75 14 69 05 3D        		db	 66h, 75h, 14h, 69h, 05h, 3Dh 
 2378  63 54 50 64 57 7D        		db	 63h, 54h, 50h, 64h, 57h, 7Dh 
 237E  7F D5 5D F0 75 14        		db	 7Fh,0D5h, 5Dh,0F0h, 75h, 14h 
 2384  1F 55 D5 D5 55 F5        		db	 1Fh, 55h,0D5h,0D5h, 55h,0F5h 
 238A  FD FC 00 05 3D 07        		db	0FDh,0FCh, 00h, 05h, 3Dh, 07h 
 2390  5D 40 54 50 07 F5        		db	 5Dh, 40h, 54h, 50h, 07h,0F5h 
 2396  D5 FD 66 15 40 68        		db	0D5h,0FDh, 66h, 15h, 40h, 68h 
 239C  6C AE AA AB AA AA        		db	 6Ch,0AEh,0AAh,0ABh,0AAh,0AAh 
 23A2  AE 15 43 BA BA AB        		db	0AEh, 15h, 43h,0BAh,0BAh,0ABh 
 23A8  AA EA BA AA AB FE        		db	0AAh,0EAh,0BAh,0AAh,0ABh,0FEh 
 23AE  E0 00 FA EE AA 00        		db	0E0h, 00h,0FAh,0EEh,0AAh, 00h 
 23B4  0F BA EA EB AA           		db	 0Fh,0BAh,0EAh,0EBh,0AAh 
 23B9  6E 6E 55 55 57 55 55     		db	'nnUUWUUU@' 
       55 40                    
 23C2  1D 75 55 55 55 55        		db	 1Dh, 75h, 55h, 55h, 55h, 55h 
 23C8  75 55 D5 DD 5D FD        		db	 75h, 55h,0D5h,0DDh, 5Dh,0FDh 
 23CE  55 DD 55 75 5D 75        		db	 55h,0DDh, 55h, 75h, 5Dh, 75h 
 23D4  D5 57 55 6E 6E AE        		db	0D5h, 57h, 55h, 6Eh, 6Eh,0AEh 
 23DA  000E[                    		db	14 dup (0AAh) 
            AA                  
                         ]      
                                
 23E8  AB AA AA EA AB AA        		db	0ABh,0AAh,0AAh,0EAh,0ABh,0AAh 
 23EE  AA AA AA AA AA AA        		db	0AAh,0AAh,0AAh,0AAh,0AAh,0AAh 
 23F4  AA                       		db	0AAh 
 23F5  69 0C 6F 63 55 55 55     		db	'i', 0Ch, 'ocUUUUU' 
       55 55                    
 23FE  55 55 55 55 5D 45 55     		db	'UUUU]EUU]uU' 
       55 5D 75 55              
 2409  000C[                    		db	12 dup (55h) 
            55                  
                         ]      
                                
 2415  69 30 64 0F 00 0C        		db	 69h, 30h, 64h, 0Fh, 00h, 0Ch 
 241B  65 C0 65 AE AA BA        		db	 65h,0C0h, 65h,0AEh,0AAh,0BAh 
 2421  BA AA AA AA BA BA        		db	0BAh,0AAh,0AAh,0AAh,0BAh,0BAh 
 2427  80 2B AA AE AA AF        		db	 80h, 2Bh,0AAh,0AEh,0AAh,0AFh 
 242D  AA AE AA AA AB AA        		db	0AAh,0AEh,0AAh,0AAh,0ABh,0AAh 
 2433  AA EB AA EA EA AA        		db	0AAh,0EBh,0AAh,0EAh,0EAh,0AAh 
 2439  AA 69 C0 62 0C C0        		db	0AAh, 69h,0C0h, 62h, 0Ch,0C0h 
 243F  F0 00 FC 30 63 0F        		db	0F0h, 00h,0FCh, 30h, 63h, 0Fh 
 2445  66 55 55 D5 55 57        		db	 66h, 55h, 55h,0D5h, 55h, 57h 
 244B  55 D5 75 55 05 57        		db	 55h,0D5h, 75h, 55h, 05h, 57h 
 2451  55 5D D5 F0 75 CD        		db	 55h, 5Dh,0D5h,0F0h, 75h,0CDh 
 2457  75 75 57 55 5F 1D        		db	 75h, 75h, 57h, 55h, 5Fh, 1Dh 
 245D  55 55 55 75 5D 63        		db	 55h, 55h, 55h, 75h, 5Dh, 63h 
 2463  10 64 03 30 F0 03        		db	 10h, 64h, 03h, 30h,0F0h, 03h 
Microsoft (R) Macro Assembler  Version 4.00                 3/29/26 15:15:44

                                                            Page     1-44
                                                            

 2469  CF 03 CC 0F F3 63        		db	0CFh, 03h,0CCh, 0Fh,0F3h, 63h 
 246F  0F 50 00 30 62 03        		db	 0Fh, 50h, 00h, 30h, 62h, 03h 
 2475  00 AA AE AA 9A EA        		db	 00h,0AAh,0AEh,0AAh, 9Ah,0EAh 
 247B  AB AA EA AB 3A F2        		db	0ABh,0AAh,0EAh,0ABh, 3Ah,0F2h 
 2481  A8 E3 2B 0E AC F3        		db	0A8h,0E3h, 2Bh, 0Eh,0ACh,0F3h 
 2487  AA AA AA A3 58 82        		db	0AAh,0AAh,0AAh,0A3h, 58h, 82h 
 248D  BA AB AA AB 2A 63        		db	0BAh,0ABh,0AAh,0ABh, 2Ah, 63h 
 2493  C0 64 3F 0F 00 FC        		db	0C0h, 64h, 3Fh, 0Fh, 00h,0FCh 
 2499  30 CF 30 FD C1 CC        		db	 30h,0CFh, 30h,0FDh,0C1h,0CCh 
 249F  00 3D 70 0F 03 C0        		db	 00h, 3Dh, 70h, 0Fh, 03h,0C0h 
 24A5  62 F0 3C 55 55 D5        		db	 62h,0F0h, 3Ch, 55h, 55h,0D5h 
 24AB  55 D5 55 55 55 73        		db	 55h,0D5h, 55h, 55h, 55h, 73h 
 24B1  13 05 CC 70 D3 31        		db	 13h, 05h,0CCh, 70h,0D3h, 31h 
 24B7  C1 C5 DD 5D 4D 70        		db	0C1h,0C5h,0DDh, 5Dh, 4Dh, 70h 
 24BD  13 54 C5 55 55 F1        		db	 13h, 54h,0C5h, 55h, 55h,0F1h 
 24C3  7D 33 00 03 40 63        		db	 7Dh, 33h, 00h, 03h, 40h, 63h 
 24C9  03 F5 F7 C0 03 D3        		db	 03h,0F5h,0F7h,0C0h, 03h,0D3h 
 24CF  3D 3F FF C4 0F 01        		db	 3Dh, 3Fh,0FFh,0C4h, 0Fh, 01h 
 24D5  C0 0F FF CC 03 30        		db	0C0h, 0Fh,0FFh,0CCh, 03h, 30h 
 24DB  0C 03 C0 A0 2E A9        		db	 0Ch, 03h,0C0h,0A0h, 2Eh,0A9h 
 24E1  4A AB AA AA EB 35        		db	 4Ah,0ABh,0AAh,0AAh,0EBh, 35h 
 24E7  F7 EA 0B D3 BD 0F        		db	0F7h,0EAh, 0Bh,0D3h,0BDh, 0Fh 
 24ED  FF C4 2F 29 C0 8F        		db	0FFh,0C4h, 2Fh, 29h,0C0h, 8Fh 
 24F3  0F EC 28 32 AC AB        		db	 0Fh,0ECh, 28h, 32h,0ACh,0ABh 
 24F9  C2 FC 00 03 10 62        		db	0C2h,0FCh, 00h, 03h, 10h, 62h 
 24FF  0C 3B 5F 5F FD B0        		db	 0Ch, 3Bh, 5Fh, 5Fh,0FDh,0B0h 
 2505  CC DF 77 5F 7F 31        		db	0CCh,0DFh, 77h, 5Fh, 7Fh, 31h 
 250B  34 3F FD F5 30 3D        		db	 34h, 3Fh,0FDh,0F5h, 30h, 3Dh 
 2511  03 C0 FC 3F 9C 55        		db	 03h,0C0h,0FCh, 3Fh, 9Ch, 55h 
 2517  57 15 D5 55 5D 7B        		db	 57h, 15h,0D5h, 55h, 5Dh, 7Bh 
 251D  5C 5F F1 B1 CC 1C        		db	 5Ch, 5Fh,0F1h,0B1h,0CCh, 1Ch 
 2523  77 5F 70 31 75 70        		db	 77h, 5Fh, 70h, 31h, 75h, 70h 
 2529  FD F5 31 71 14 C1        		db	0FDh,0F5h, 31h, 71h, 14h,0C1h 
 252F  3C 43 FF A4 0D 22        		db	 3Ch, 43h,0FFh,0A4h, 0Dh, 22h 
 2535  00 45 BF D5 7D FD        		db	 00h, 45h,0BFh,0D5h, 7Dh,0FDh 
 253B  5F 5F 5F 55 DD 7D        		db	 5Fh, 5Fh, 5Fh, 55h,0DDh, 7Dh 
 2541  7F FF D7 FF 5F 57        		db	 7Fh,0FFh,0D7h,0FFh, 5Fh, 57h 
 2547  FD 77 7C 3D 5F 75        		db	0FDh, 77h, 7Ch, 3Dh, 5Fh, 75h 
 254D  FF A4 AD 2A AA EF        		db	0FFh,0A4h,0ADh, 2Ah,0AAh,0EFh 
 2553  BF D5 71 FD 5F 5F        		db	0BFh,0D5h, 71h,0FDh, 5Fh, 5Fh 
 2559  5F 55 DD 7D 7F FF        		db	 5Fh, 55h,0DDh, 7Dh, 7Fh,0FFh 
 255F  D7 FF 5F 57 CD 77        		db	0D7h,0FFh, 5Fh, 57h,0CDh, 77h 
 2565  7E B1                    		db	 7Eh,0B1h 
 2567  5F 75                    		db	 5Fh, 75h 
                                 
 2569                           seg_a		ends 
                                 
                                 
                                 
                                		end	start 

Microsoft (R) Macro Assembler  Version 4.00                 3/29/26 15:15:44

                                                            Symbols-1
                                                             

Macros:

		N a m e			Lines

CALLF  . . . . . . . . . . . . .  	   2
CALLFX . . . . . . . . . . . . .  	   3
JMPN . . . . . . . . . . . . . .  	   2
MOVSEG . . . . . . . . . . . . .  	  43
RETF . . . . . . . . . . . . . .  	   6
RETN . . . . . . . . . . . . . .  	   6

Segments and Groups:

                N a m e         	Size	Align	Combine Class

SEG_A  . . . . . . . . . . . . .  	2569	BYTE	PUBLIC	

Symbols:            

                N a m e         	Type	Value	Attr         

DATA_10E . . . . . . . . . . . .  	Number	338A	
DATA_11E . . . . . . . . . . . .  	Number	3432	
DATA_12E . . . . . . . . . . . .  	Number	357D	
DATA_13E . . . . . . . . . . . .  	Number	35BB	
DATA_14E . . . . . . . . . . . .  	Number	36B6	
DATA_15E . . . . . . . . . . . .  	Number	3C30	
DATA_16E . . . . . . . . . . . .  	Number	56F1	
DATA_17E . . . . . . . . . . . .  	Number	6000	
DATA_18E . . . . . . . . . . . .  	Number	C050	
DATA_19E . . . . . . . . . . . .  	Number	FD57	
DATA_2 . . . . . . . . . . . . .  	L BYTE 	06EA	SEG_A
DATA_20E . . . . . . . . . . . .  	Number	0000	
DATA_21E . . . . . . . . . . . .  	Number	1340	
DATA_22E . . . . . . . . . . . .  	Number	B1B0	
DATA_23E . . . . . . . . . . . .  	Number	B220	
DATA_24E . . . . . . . . . . . .  	Number	BBB0	
DATA_25E . . . . . . . . . . . .  	Number	023C	
DATA_26E . . . . . . . . . . . .  	Number	163C	
DATA_3 . . . . . . . . . . . . .  	L BYTE 	1340	SEG_A
DATA_7E  . . . . . . . . . . . .  	Number	2C6C	
DATA_8E  . . . . . . . . . . . .  	Number	2C88	
DATA_9E  . . . . . . . . . . . .  	Number	335B	

LOCLOOP_11 . . . . . . . . . . .  	L NEAR	00C6	SEG_A
LOCLOOP_12 . . . . . . . . . . .  	L NEAR	00EC	SEG_A
LOCLOOP_13 . . . . . . . . . . .  	L NEAR	00F1	SEG_A
LOCLOOP_14 . . . . . . . . . . .  	L NEAR	00FC	SEG_A
LOCLOOP_16 . . . . . . . . . . .  	L NEAR	015D	SEG_A
LOCLOOP_17 . . . . . . . . . . .  	L NEAR	0162	SEG_A
LOCLOOP_18 . . . . . . . . . . .  	L NEAR	016D	SEG_A
LOCLOOP_20 . . . . . . . . . . .  	L NEAR	01D3	SEG_A
LOCLOOP_21 . . . . . . . . . . .  	L NEAR	01D8	SEG_A
LOCLOOP_22 . . . . . . . . . . .  	L NEAR	022B	SEG_A
LOCLOOP_23 . . . . . . . . . . .  	L NEAR	0230	SEG_A
Microsoft (R) Macro Assembler  Version 4.00                 3/29/26 15:15:44

                                                            Symbols-2
                                                             

LOCLOOP_25 . . . . . . . . . . .  	L NEAR	025C	SEG_A
LOCLOOP_28 . . . . . . . . . . .  	L NEAR	02E9	SEG_A
LOCLOOP_29 . . . . . . . . . . .  	L NEAR	0300	SEG_A
LOCLOOP_31 . . . . . . . . . . .  	L NEAR	035E	SEG_A
LOCLOOP_32 . . . . . . . . . . .  	L NEAR	0363	SEG_A
LOCLOOP_33 . . . . . . . . . . .  	L NEAR	036D	SEG_A
LOCLOOP_35 . . . . . . . . . . .  	L NEAR	03E1	SEG_A
LOCLOOP_36 . . . . . . . . . . .  	L NEAR	03E6	SEG_A
LOCLOOP_37 . . . . . . . . . . .  	L NEAR	03F0	SEG_A
LOCLOOP_39 . . . . . . . . . . .  	L NEAR	0469	SEG_A
LOCLOOP_40 . . . . . . . . . . .  	L NEAR	046F	SEG_A
LOCLOOP_41 . . . . . . . . . . .  	L NEAR	047C	SEG_A
LOCLOOP_42 . . . . . . . . . . .  	L NEAR	04AC	SEG_A
LOCLOOP_43 . . . . . . . . . . .  	L NEAR	04B2	SEG_A
LOCLOOP_44 . . . . . . . . . . .  	L NEAR	04BF	SEG_A
LOCLOOP_46 . . . . . . . . . . .  	L NEAR	051B	SEG_A
LOCLOOP_47 . . . . . . . . . . .  	L NEAR	0520	SEG_A
LOCLOOP_49 . . . . . . . . . . .  	L NEAR	0560	SEG_A
LOCLOOP_50 . . . . . . . . . . .  	L NEAR	0565	SEG_A
LOCLOOP_52 . . . . . . . . . . .  	L NEAR	05A6	SEG_A
LOCLOOP_54 . . . . . . . . . . .  	L NEAR	1D3B	SEG_A
LOCLOOP_6  . . . . . . . . . . .  	L NEAR	004B	SEG_A
LOCLOOP_7  . . . . . . . . . . .  	L NEAR	0056	SEG_A
LOC_10 . . . . . . . . . . . . .  	L NEAR	007C	SEG_A
LOC_15 . . . . . . . . . . . . .  	L NEAR	0131	SEG_A
LOC_19 . . . . . . . . . . . . .  	L NEAR	01B7	SEG_A
LOC_24 . . . . . . . . . . . . .  	L NEAR	0252	SEG_A
LOC_26 . . . . . . . . . . . . .  	L NEAR	0293	SEG_A
LOC_27 . . . . . . . . . . . . .  	L NEAR	02A6	SEG_A
LOC_30 . . . . . . . . . . . . .  	L NEAR	0325	SEG_A
LOC_34 . . . . . . . . . . . . .  	L NEAR	03B5	SEG_A
LOC_38 . . . . . . . . . . . . .  	L NEAR	044D	SEG_A
LOC_45 . . . . . . . . . . . . .  	L NEAR	04F1	SEG_A
LOC_48 . . . . . . . . . . . . .  	L NEAR	0557	SEG_A
LOC_51 . . . . . . . . . . . . .  	L NEAR	059C	SEG_A
LOC_53 . . . . . . . . . . . . .  	L NEAR	172B	SEG_A
LOC_55 . . . . . . . . . . . . .  	L NEAR	1DDD	SEG_A
LOC_8  . . . . . . . . . . . . .  	L NEAR	0062	SEG_A
LOC_9  . . . . . . . . . . . . .  	L NEAR	006A	SEG_A

START  . . . . . . . . . . . . .  	L NEAR	0000	SEG_A
SUB_1  . . . . . . . . . . . . .  	N PROC	01FD	SEG_A	Length = 0017
SUB_2  . . . . . . . . . . . . .  	N PROC	0257	SEG_A	Length = 002A
SUB_3  . . . . . . . . . . . . .  	N PROC	0291	SEG_A	Length = 0022
SUB_4  . . . . . . . . . . . . .  	N PROC	02B3	SEG_A	Length = 000C
SUB_5  . . . . . . . . . . . . .  	N PROC	033D	SEG_A	Length = 000A
SUB_6  . . . . . . . . . . . . .  	N PROC	05A1	SEG_A	Length = 002A

TARGET . . . . . . . . . . . . .  	Number	4D34	

_208SATNO  . . . . . . . . . . .  	F PROC	0000	SEG_A	Length = 01FD


   2398 Source  Lines
   2519 Total   Lines
    109 Symbols

  47130 Bytes symbol space free

      0 Warning Errors
      0 Severe  Errors
