Turbo Assembler	 Version 2.01	     03/24/26 00:08:59	    Page 1
107VGADC.asm



      1
      2
      3				     ;==========================================================================
      4				     ;
      5				     ;	VGA_DECOMPRESSOR - Code	Module
      6				     ;
      7				     ;==========================================================================
      8
      9	      =	5432		     target	     EQU   'T2'			     ; Target assembler: TASM-2.X
     10
     11				     include  srmacros.inc
1    12
1    13				     ; Macros which may	be required for	proper re-assembly
1    14
1    15
1    16
1    17
1    18
1    19				     ;-----------------------------------------------------------------------------
1    20				     ; Some assemblers,	like TASM, check each far call and jump, to see	if it is
1    21				     ; in the same segment.  If	so, rather than	produce	the standard five byte far
1    22				     ; instruction it uses a near jump or call.
1    23
1    24				     calls	     macro   dummy1, dummy2, slocation
1    25						     db	     9Ah		     ; forced call far instruction
1    26						     dw	     offset slocation, seg slocation
1    27				     endm
1    28
1    29				     jmps	     macro   dummy1, dummy2, jlocation
1    30						     db	     0EAh		     ; forced jump far instruction
1    31						     dw	     offset jlocation, seg jlocation
1    32				     endm
1    33
1    34
1    35
1    36
1    37				     ;-----------------------------------------------------------------------------
1    38				     ;	Some compilers and some	assemblers will	code a call that goes to a far
1    39				     ;	subroutine in the same segment as:
1    40				     ;
1    41				     ;		     PUSH    CS
1    42				     ;		     CALL    near
1    43				     ;
1    44				     ;	This saves one byte, and is slightly faster.  If the assembler you are
1    45				     ;	using (i.e. MASM, Optasm) does not do this automatically, the following
1    46				     ;	macros are used	to code	the same information.  In other	words, the binary
1    47				     ;	file has "PUSH CS, CALL	near", and Sourcer ensures the same instructions
1    48				     ;	are used!  (macro CALLF)
1    49				     ;
1    50
1    51				     callf	     macro   location
1    52						     push    cs
1    53						     call    near ptr location
1    54				     endm
Turbo Assembler	 Version 2.01	     03/24/26 00:08:59	    Page 2
107VGADC.asm



1    55
1    56				     ;	Some compilers generate	an unnecessary DS override on the call instruction
1    57				     ;	when compacting	the CALLF type function.  Macro	CALLFX handles this case.
1    58
1    59				     callfx	     macro   location
1    60						     push    cs
1    61						     db	     3Eh
1    62						     call    near ptr location
1    63				     endm
1    64
1    65
1    66				     ;-----------------------------------------------------------------------------
1    67				     ;	Some compilers and some	assemblers will	code a near call that is the
1    68				     ;	selected assembler will	convert	to a short jump	to save	a byte.	 This
1    69				     ;	reconstructs a near jump for these cases.
1    70
1    71				     jmpn	     macro   location
1    72						     db	     0E9h
1    73						     dw	     offset location-$-2
1    74				     endm
1    75
1    76
1    77
     78
     79
     80				     ; The following equates show data references outside the range of the program.
     81
     82	      =	004E		     data_1e	     equ     4Eh
     83	      =	8000		     data_2e	     equ     8000h		     ;*
     84	      =	8004		     data_3e	     equ     8004h		     ;*
     85	      =	8100		     data_4e	     equ     8100h		     ;*
     86	      =	32EB		     data_10e	     equ     32EBh		     ;*
     87	      =	35BE		     data_11e	     equ     35BEh		     ;*
     88	      =	361A		     data_12e	     equ     361Ah		     ;*
     89	      =	3628		     data_13e	     equ     3628h		     ;*
     90	      =	38B9		     data_14e	     equ     38B9h		     ;*
     91	      =	3A32		     data_15e	     equ     3A32h		     ;*
     92	      =	3BB1		     data_16e	     equ     3BB1h		     ;*
     93	      =	3BB3		     data_17e	     equ     3BB3h		     ;*
     94	      =	3BB4		     data_18e	     equ     3BB4h		     ;*
     95	      =	3BB7		     data_19e	     equ     3BB7h		     ;*
     96	      =	3BBA		     data_20e	     equ     3BBAh		     ;*
     97	      =	3BBC		     data_21e	     equ     3BBCh		     ;*
     98	      =	3BE4		     data_22e	     equ     3BE4h		     ;*
     99	      =	3D4C		     data_23e	     equ     3D4Ch		     ;*
    100	      =	3E80		     data_24e	     equ     3E80h		     ;*
    101	      =	C00F		     data_25e	     equ     0C00Fh		     ;*
    102	      =	C583		     data_26e	     equ     0C583h		     ;*
    103	      =	E005		     data_27e	     equ     0E005h		     ;*
    104	      =	F502		     data_28e	     equ     0F502h		     ;*
    105	      =	F504		     data_29e	     equ     0F504h		     ;*
    106	      =	FF2A		     data_30e	     equ     0FF2Ah		     ;*
    107	      =	FF2C		     data_31e	     equ     0FF2Ch		     ;*
    108	      =	FF57		     data_32e	     equ     0FF57h		     ;*
Turbo Assembler	 Version 2.01	     03/24/26 00:08:59	    Page 3
107VGADC.asm



    109	      =	FF68		     data_33e	     equ     0FF68h		     ;*
    110	      =	FF6A		     data_34e	     equ     0FF6Ah		     ;*
    111	      =	046C		     data_35e	     equ     46Ch
    112	      =	04A3		     data_36e	     equ     4A3h
    113	      =	0C80		     data_37e	     equ     0C80h
    114	      =	24EC		     data_38e	     equ     24ECh
    115	      =	2C6C		     data_39e	     equ     2C6Ch
    116	      =	2CA3		     data_40e	     equ     2CA3h
    117	      =	2EEC		     data_41e	     equ     2EECh
    118	      =	2F23		     data_42e	     equ     2F23h
    119	      =	3BB5		     data_43e	     equ     3BB5h
    120	      =	3E80		     data_44e	     equ     3E80h
    121	      =	3EB0		     data_45e	     equ     3EB0h
    122	      =	3EE0		     data_46e	     equ     3EE0h
    123	      =	3F10		     data_47e	     equ     3F10h
    124
    125	0000			     seg_a	     segment byte public
    126						     assume  cs:seg_a, ds:seg_a
    127
    128
    129						     org     0
    130
    131	0000			     zr1_07	     proc    far
    132
    133	0000			     start:
    134	0000  4C				     dec     sp
    135				     ;*		     pop     cs			     ; Dangerous-8088 only
    136	0001  0F				     db	     0Fh		     ;	Fixup -	byte match
    137	0002  00 00				     add     [bx+si],al
    138	0004  66 3B 28 30 5C 30	26+		     db	     'f;(0\0&7'
    139	      37
    140	000C  7F 37 B7 37 0E 38			     db	      7Fh, 37h,0B7h, 37h, 0Eh, 38h
    141	0012  B6 33 0C 36 69 36			     db	     0B6h, 33h,	0Ch, 36h, 69h, 36h
    142	0018  D2 35 44 38 8C 38			     db	     0D2h, 35h,	44h, 38h, 8Ch, 38h
    143	001E  FE 38 CB 38 A1 3A			     db	     0FEh, 38h,0CBh, 38h,0A1h, 3Ah
    144	0024  09 3B 8E 39 B0 3B			     db	      09h, 3Bh,	8Eh, 39h,0B0h, 3Bh
    145	002A  B0 3B 1E BE 6C 18			     db	     0B0h, 3Bh,	1Eh,0BEh, 6Ch, 18h
    146	0030  BF 00 A0 0E 07 B8			     db	     0BFh, 00h,0A0h, 0Eh, 07h,0B8h
    147	0036  00 A0 8E D8 BA CE			     db	      00h,0A0h,	8Eh,0D8h,0BAh,0CEh
    148	003C  03 B0 04 EE 42 B9			     db	      03h,0B0h,	04h,0EEh, 42h,0B9h
    149	0042  1C 00				     db	      1Ch, 00h
    150
    151	0044			     locloop_1:
    152	0044  51				     push    cx
    153	0045  56				     push    si
    154	0046  B9 0018				     mov     cx,18h
    155
    156	0049			     locloop_2:
    157	0049  B0 00				     mov     al,0
    158	004B  EE				     out     dx,al		     ; port 0, DMA-1 bas&add ch	0
    159	004C  A5				     movsw			     ; Mov [si]	to es:[di]
    160	004D  4E				     dec     si
    161	004E  4E				     dec     si
    162	004F  B0 02				     mov     al,2
Turbo Assembler	 Version 2.01	     03/24/26 00:08:59	    Page 4
107VGADC.asm



    163	0051  EE				     out     dx,al		     ; port 0, DMA-1 bas&add ch	0
    164	0052  A5				     movsw			     ; Mov [si]	to es:[di]
    165	0053  83 C6 4E				     add     si,4Eh
    166	0056  E2 F1				     loop    locloop_2		     ; Loop if cx > 0
    167
    168	0058  5E				     pop     si
    169	0059  59				     pop     cx
    170	005A  46				     inc     si
    171	005B  46				     inc     si
    172	005C  E2 E6				     loop    locloop_1		     ; Loop if cx > 0
    173
    174	005E  1F				     pop     ds
    175	005F  C3				     retn
    176										     ;*	No entry point to code
    177	0060  0E				     push    cs
    178	0061  07				     pop     es
    179	0062  BF 3D4C				     mov     di,data_23e
    180	0065  33 C0				     xor     ax,ax		     ; Zero register
    181	0067  B9 0100				     mov     cx,100h
    182	006A  F3> AB				     rep     stosw		     ; Rep when	cx >0 Store ax to es:[di]
    183	006C  8B 36 FF2A			     mov     si,ds:data_30e
    184	0070  80 7C 1D FD			     cmp     byte ptr [si+1Dh],0FDh
    185	0074  75 03				     jne     loc_3		     ; Jump if not equal
    186	0076  E8 0458				     call    vgadec_multiply_2
    187	0079			     loc_3:
    188	0079  C7 06 3BB1 186C			     mov     word ptr ds:data_16e,186Ch
    189	007F  8B 36 FF2A			     mov     si,ds:data_30e
    190	0083  83 C6 20				     add     si,20h
    191	0086  0E				     push    cs
    192	0087  07				     pop     es
    193	0088  BF E000				     mov     di,0E000h
    194	008B  C6 06 3BB3 00			     mov     byte ptr ds:data_17e,0
    195	0090			     loc_4:
    196	0090  E8 0051				     call    vga_operation
    197	0093  32 DB				     xor     bl,bl		     ; Zero register
    198	0095  A6				     cmpsb			     ; Cmp [si]	to es:[di]
    199	0096  74 03				     jz	     loc_5		     ; Jump if zero
    200	0098  E8 0181				     call    vgadec_func_4
    201	009B			     loc_5:
    202	009B  FE C3				     inc     bl
    203	009D  A6				     cmpsb			     ; Cmp [si]	to es:[di]
    204	009E  74 03				     jz	     loc_6		     ; Jump if zero
    205	00A0  E8 0179				     call    vgadec_func_4
    206	00A3			     loc_6:
    207	00A3  FE C3				     inc     bl
    208	00A5  A6				     cmpsb			     ; Cmp [si]	to es:[di]
    209	00A6  74 03				     jz	     loc_7		     ; Jump if zero
    210	00A8  E8 0171				     call    vgadec_func_4
    211	00AB			     loc_7:
    212	00AB  FE C3				     inc     bl
    213	00AD  A6				     cmpsb			     ; Cmp [si]	to es:[di]
    214	00AE  74 03				     jz	     loc_8		     ; Jump if zero
    215	00B0  E8 008C				     call    vgadec_func_3
    216	00B3			     loc_8:
Turbo Assembler	 Version 2.01	     03/24/26 00:08:59	    Page 5
107VGADC.asm



    217	00B3  FE C3				     inc     bl
    218	00B5  A6				     cmpsb			     ; Cmp [si]	to es:[di]
    219	00B6  74 03				     jz	     loc_9		     ; Jump if zero
    220	00B8  E8 0084				     call    vgadec_func_3
    221	00BB			     loc_9:
    222	00BB  FE C3				     inc     bl
    223	00BD  A6				     cmpsb			     ; Cmp [si]	to es:[di]
    224	00BE  74 03				     jz	     loc_10		     ; Jump if zero
    225	00C0  E8 0073				     call    vgadec_multiply
    226	00C3			     loc_10:
    227	00C3  FE C3				     inc     bl
    228	00C5  A6				     cmpsb			     ; Cmp [si]	to es:[di]
    229	00C6  74 03				     jz	     loc_11		     ; Jump if zero
    230	00C8  E8 0074				     call    vgadec_func_3
    231	00CB			     loc_11:
    232	00CB  FE C3				     inc     bl
    233	00CD  A6				     cmpsb			     ; Cmp [si]	to es:[di]
    234	00CE  74 03				     jz	     loc_12		     ; Jump if zero
    235	00D0  E8 006C				     call    vgadec_func_3
    236	00D3			     loc_12:
    237	00D3  83 06 3BB1 02			     add     word ptr ds:data_16e,2
    238	00D8  FE 06 3BB3			     inc     byte ptr ds:data_17e
    239	00DC  80 3E 3BB3 1C			     cmp     byte ptr ds:data_17e,1Ch
    240	00E1  75 AD				     jne     loc_4		     ; Jump if not equal
    241	00E3  C3				     retn
    242
    243	00E4			     zr1_07	     endp
    244
    245				     ;ßßßßßßßßßßßßßßßßßßßßßßßßßßßßßßßßßßßßßßßßßßßßßßßßßßßßßßßßßßßßßßßßßßßßßßßßßß
    246				     ;				    SUBROUTINE
    247				     ;ÜÜÜÜÜÜÜÜÜÜÜÜÜÜÜÜÜÜÜÜÜÜÜÜÜÜÜÜÜÜÜÜÜÜÜÜÜÜÜÜÜÜÜÜÜÜÜÜÜÜÜÜÜÜÜÜÜÜÜÜÜÜÜÜÜÜÜÜÜÜÜÜÜÜ
    248
    249	00E4			     vga_operation	     proc    near
    250	00E4  80 3E 3BB3 1B			     cmp     byte ptr ds:data_17e,1Bh
    251	00E9  75 01				     jne     loc_13		     ; Jump if not equal
    252	00EB  C3				     retn
    253	00EC			     loc_13:
    254	00EC  A0 0083				     mov     al,byte ptr ds:[83h]
    255	00EF  38 06 3BB3			     cmp     ds:data_17e,al
    256	00F3  74 01				     je	     loc_14		     ; Jump if equal
    257	00F5  C3				     retn
    258	00F6			     loc_14:
    259	00F6  57				     push    di
    260	00F7  06				     push    es
    261	00F8  56				     push    si
    262	00F9  1E				     push    ds
    263	00FA  A0 0083				     mov     al,byte ptr ds:[83h]
    264	00FD  02 C0				     add     al,al
    265	00FF  32 E4				     xor     ah,ah		     ; Zero register
    266	0101  8B F8				     mov     di,ax
    267	0103  81 C7 24EC			     add     di,data_38e
    268	0107  B8 A000				     mov     ax,0A000h
    269	010A  8E C0				     mov     es,ax
    270	010C  8E D8				     mov     ds,ax
Turbo Assembler	 Version 2.01	     03/24/26 00:08:59	    Page 6
107VGADC.asm



    271	010E  BE 3E80				     mov     si,data_44e
    272	0111  BA 03C4				     mov     dx,3C4h
    273	0114  B8 0702				     mov     ax,702h
    274	0117  EF				     out     dx,ax		     ; port 3C4h, EGA sequencr index
    275										     ;	al = 2,	map mask register
    276	0118  BA 03CE				     mov     dx,3CEh
    277	011B  B8 0105				     mov     ax,105h
    278	011E  EF				     out     dx,ax		     ; port 3CEh, EGA graphic index
    279										     ;	al = 5,	mode
    280	011F  B9 0002				     mov     cx,2
    281
    282	0122			     locloop_15:
    283	0122  51				     push    cx
    284	0123  E8 0465				     call    vga_operation1
    285	0126  81 C7 F882			     add     di,0F882h
    286	012A  59				     pop     cx
    287	012B  E2 F5				     loop    locloop_15		     ; Loop if cx > 0
    288
    289	012D  B8 0005				     mov     ax,5
    290	0130  EF				     out     dx,ax		     ; port 3CEh, EGA graphic index
    291										     ;	al = 5,	mode
    292	0131  1F				     pop     ds
    293	0132  5E				     pop     si
    294	0133  07				     pop     es
    295	0134  5F				     pop     di
    296	0135  C3				     retn
    297	0136			     vga_operation	     endp
    298
    299
    300				     ;ßßßßßßßßßßßßßßßßßßßßßßßßßßßßßßßßßßßßßßßßßßßßßßßßßßßßßßßßßßßßßßßßßßßßßßßßßß
    301				     ;				    SUBROUTINE
    302				     ;ÜÜÜÜÜÜÜÜÜÜÜÜÜÜÜÜÜÜÜÜÜÜÜÜÜÜÜÜÜÜÜÜÜÜÜÜÜÜÜÜÜÜÜÜÜÜÜÜÜÜÜÜÜÜÜÜÜÜÜÜÜÜÜÜÜÜÜÜÜÜÜÜÜÜ
    303
    304	0136			     vgadec_multiply	     proc    near
    305	0136  80 7C FF FD			     cmp     byte ptr [si-1],0FDh
    306	013A  75 03				     jne     loc_16		     ; Jump if not equal
    307	013C  E9 02BD				     jmp     loc_33
    308
    309				     ;ßßßß External Entry into Subroutine ßßßßßßßßßßßßßßßßßßßßßßßßßßßßßßßßßßßßßß
    310
    311	013F			     vgadec_func_3:
    312	013F			     loc_16:
    313	013F  8A 45 FF				     mov     al,[di-1]
    314	0142  C6 45 FF FE			     mov     byte ptr [di-1],0FEh
    315	0146  FE C0				     inc     al
    316	0148  75 01				     jnz     loc_17		     ; Jump if not zero
    317	014A  C3				     retn
    318	014B			     loc_17:
    319	014B  4F				     dec     di
    320	014C  4E				     dec     si
    321	014D  8A 14				     mov     dl,[si]
    322	014F  A4				     movsb			     ; Mov [si]	to es:[di]
    323	0150  06				     push    es
    324	0151  1E				     push    ds
Turbo Assembler	 Version 2.01	     03/24/26 00:08:59	    Page 7
107VGADC.asm



    325	0152  57				     push    di
    326	0153  56				     push    si
    327	0154  53				     push    bx
    328	0155  B8 0050				     mov     ax,50h
    329	0158  F6 E3				     mul     bl			     ; ax = reg	* al
    330	015A  D1 E0				     shl     ax,1		     ; Shift w/zeros fill
    331	015C  D1 E0				     shl     ax,1		     ; Shift w/zeros fill
    332	015E  D1 E0				     shl     ax,1		     ; Shift w/zeros fill
    333	0160  03 06 3BB1			     add     ax,ds:data_16e
    334	0164  8B F8				     mov     di,ax
    335	0166  8A DA				     mov     bl,dl
    336	0168  32 FF				     xor     bh,bh		     ; Zero register
    337	016A  03 DB				     add     bx,bx
    338	016C  F7 87 3D4C FFFF			     test    word ptr ds:data_23e[bx],0FFFFh
    339	0172  75 56				     jnz     loc_19		     ; Jump if not zero
    340	0174  89 BF 3D4C			     mov     ds:data_23e[bx],di
    341	0178  B8 0030				     mov     ax,30h
    342	017B  F6 E2				     mul     dl			     ; ax = reg	* al
    343	017D  8B F0				     mov     si,ax
    344	017F  81 C6 8100			     add     si,data_4e
    345	0183  BA 03C4				     mov     dx,3C4h
    346	0186  B0 02				     mov     al,2
    347	0188  EE				     out     dx,al		     ; port 3C4h, EGA sequencr index
    348										     ;	al = 2,	map mask register
    349	0189  42				     inc     dx
    350	018A  2E: 8E 1E	FF2C			     mov     ds,cs:data_31e
    351	018F  B8 A000				     mov     ax,0A000h
    352	0192  8E C0				     mov     es,ax
    353	0194  BB 004E				     mov     bx,4Eh
    354	0197  B9 0004				     mov     cx,4
    355
    356	019A			     locloop_18:
    357	019A  B0 01				     mov     al,1
    358	019C  EE				     out     dx,al		     ; port 3C5h, EGA sequencr func
    359	019D  A5				     movsw			     ; Mov [si]	to es:[di]
    360	019E  B0 02				     mov     al,2
    361	01A0  EE				     out     dx,al		     ; port 3C5h, EGA sequencr func
    362	01A1  AD				     lodsw			     ; String [si] to ax
    363	01A2  26: 89 45	FE			     mov     es:[di-2],ax
    364	01A6  4F				     dec     di
    365	01A7  4F				     dec     di
    366	01A8  B0 04				     mov     al,4
    367	01AA  EE				     out     dx,al		     ; port 3C5h, EGA sequencr func
    368	01AB  A5				     movsw			     ; Mov [si]	to es:[di]
    369	01AC  03 FB				     add     di,bx
    370	01AE  B0 01				     mov     al,1
    371	01B0  EE				     out     dx,al		     ; port 3C5h, EGA sequencr func
    372	01B1  A5				     movsw			     ; Mov [si]	to es:[di]
    373	01B2  B0 02				     mov     al,2
    374	01B4  EE				     out     dx,al		     ; port 3C5h, EGA sequencr func
    375	01B5  AD				     lodsw			     ; String [si] to ax
    376	01B6  26: 89 45	FE			     mov     es:[di-2],ax
    377	01BA  4F				     dec     di
    378	01BB  4F				     dec     di
Turbo Assembler	 Version 2.01	     03/24/26 00:08:59	    Page 8
107VGADC.asm



    379	01BC  B0 04				     mov     al,4
    380	01BE  EE				     out     dx,al		     ; port 3C5h, EGA sequencr func
    381	01BF  A5				     movsw			     ; Mov [si]	to es:[di]
    382	01C0  03 FB				     add     di,bx
    383	01C2  E2 D6				     loop    locloop_18		     ; Loop if cx > 0
    384
    385	01C4  5B				     pop     bx
    386	01C5  5E				     pop     si
    387	01C6  5F				     pop     di
    388	01C7  1F				     pop     ds
    389	01C8  07				     pop     es
    390	01C9  C3				     retn
    391	01CA			     loc_19:
    392	01CA  8B B7 3D4C			     mov     si,ds:data_23e[bx]
    393	01CE  BA 03C4				     mov     dx,3C4h
    394	01D1  B8 0702				     mov     ax,702h
    395	01D4  EF				     out     dx,ax		     ; port 3C4h, EGA sequencr index
    396										     ;	al = 2,	map mask register
    397	01D5  BA 03CE				     mov     dx,3CEh
    398	01D8  B8 0105				     mov     ax,105h
    399	01DB  EF				     out     dx,ax		     ; port 3CEh, EGA graphic index
    400										     ;	al = 5,	mode
    401	01DC  B8 A000				     mov     ax,0A000h
    402	01DF  8E C0				     mov     es,ax
    403	01E1  8E D8				     mov     ds,ax
    404	01E3  BB 004E				     mov     bx,data_1e
    405	01E6  A4				     movsb			     ; Mov [si]	to es:[di]
    406	01E7  A4				     movsb			     ; Mov [si]	to es:[di]
    407	01E8  03 FB				     add     di,bx
    408	01EA  03 F3				     add     si,bx
    409	01EC  A4				     movsb			     ; Mov [si]	to es:[di]
    410	01ED  A4				     movsb			     ; Mov [si]	to es:[di]
    411	01EE  03 FB				     add     di,bx
    412	01F0  03 F3				     add     si,bx
    413	01F2  A4				     movsb			     ; Mov [si]	to es:[di]
    414	01F3  A4				     movsb			     ; Mov [si]	to es:[di]
    415	01F4  03 FB				     add     di,bx
    416	01F6  03 F3				     add     si,bx
    417	01F8  A4				     movsb			     ; Mov [si]	to es:[di]
    418	01F9  A4				     movsb			     ; Mov [si]	to es:[di]
    419	01FA  03 FB				     add     di,bx
    420	01FC  03 F3				     add     si,bx
    421	01FE  A4				     movsb			     ; Mov [si]	to es:[di]
    422	01FF  A4				     movsb			     ; Mov [si]	to es:[di]
    423	0200  03 FB				     add     di,bx
    424	0202  03 F3				     add     si,bx
    425	0204  A4				     movsb			     ; Mov [si]	to es:[di]
    426	0205  A4				     movsb			     ; Mov [si]	to es:[di]
    427	0206  03 FB				     add     di,bx
    428	0208  03 F3				     add     si,bx
    429	020A  A4				     movsb			     ; Mov [si]	to es:[di]
    430	020B  A4				     movsb			     ; Mov [si]	to es:[di]
    431	020C  03 FB				     add     di,bx
    432	020E  03 F3				     add     si,bx
Turbo Assembler	 Version 2.01	     03/24/26 00:08:59	    Page 9
107VGADC.asm



    433	0210  A4				     movsb			     ; Mov [si]	to es:[di]
    434	0211  A4				     movsb			     ; Mov [si]	to es:[di]
    435	0212  B8 0005				     mov     ax,5
    436	0215  EF				     out     dx,ax		     ; port 3CEh, EGA graphic index
    437										     ;	al = 5,	mode
    438	0216  5B				     pop     bx
    439	0217  5E				     pop     si
    440	0218  5F				     pop     di
    441	0219  1F				     pop     ds
    442	021A  07				     pop     es
    443	021B  C3				     retn
    444
    445				     ;ßßßß External Entry into Subroutine ßßßßßßßßßßßßßßßßßßßßßßßßßßßßßßßßßßßßßß
    446
    447	021C			     vgadec_func_4:
    448	021C  8A 45 FF				     mov     al,[di-1]
    449	021F  C6 45 FF FE			     mov     byte ptr [di-1],0FEh
    450	0223  FE C0				     inc     al
    451	0225  75 01				     jnz     loc_20		     ; Jump if not zero
    452	0227  C3				     retn
    453	0228			     loc_20:
    454	0228  53				     push    bx
    455	0229  06				     push    es
    456	022A  8A 54 FF				     mov     dl,[si-1]
    457	022D  8A DA				     mov     bl,dl
    458	022F  32 FF				     xor     bh,bh		     ; Zero register
    459	0231  2E: 8E 06	FF2C			     mov     es,cs:data_31e
    460	0236  26: 03 1E	8000			     add     bx,es:data_2e
    461	023B  26: 8A 37				     mov     dh,es:[bx]
    462	023E  07				     pop     es
    463	023F  5B				     pop     bx
    464	0240  0A F6				     or	     dh,dh		     ; Zero ?
    465	0242  75 03				     jnz     loc_21		     ; Jump if not zero
    466	0244  E9 FEF8				     jmp     loc_16
    467	0247			     loc_21:
    468	0247  4F				     dec     di
    469	0248  4E				     dec     si
    470	0249  A4				     movsb			     ; Mov [si]	to es:[di]
    471	024A  06				     push    es
    472	024B  1E				     push    ds
    473	024C  57				     push    di
    474	024D  56				     push    si
    475	024E  53				     push    bx
    476	024F  32 E4				     xor     ah,ah		     ; Zero register
    477	0251  8A C6				     mov     al,dh
    478	0253  FE C8				     dec     al
    479	0255  24 03				     and     al,3
    480	0257  02 C0				     add     al,al
    481	0259  8B F8				     mov     di,ax
    482	025B  8B 85 32EB			     mov     ax,ds:data_10e[di]
    483	025F  50				     push    ax
    484	0260  B8 0050				     mov     ax,50h
    485	0263  F6 E3				     mul     bl			     ; ax = reg	* al
    486	0265  D1 E0				     shl     ax,1		     ; Shift w/zeros fill
Turbo Assembler	 Version 2.01	     03/24/26 00:08:59	    Page 10
107VGADC.asm



    487	0267  D1 E0				     shl     ax,1		     ; Shift w/zeros fill
    488	0269  D1 E0				     shl     ax,1		     ; Shift w/zeros fill
    489	026B  03 06 3BB1			     add     ax,ds:data_16e
    490	026F  8B F8				     mov     di,ax
    491	0271  B8 0030				     mov     ax,30h
    492	0274  F6 E2				     mul     dl			     ; ax = reg	* al
    493	0276  8B F0				     mov     si,ax
    494	0278  81 C6 8100			     add     si,8100h
    495	027C  B8 0060				     mov     ax,60h
    496	027F  F6 26 3BB3			     mul     byte ptr ds:data_17e    ; ax = data * al
    497	0283  D0 E3				     shl     bl,1		     ; Shift w/zeros fill
    498	0285  D0 E3				     shl     bl,1		     ; Shift w/zeros fill
    499	0287  D0 E3				     shl     bl,1		     ; Shift w/zeros fill
    500	0289  D0 E3				     shl     bl,1		     ; Shift w/zeros fill
    501	028B  D0 E3				     shl     bl,1		     ; Shift w/zeros fill
    502	028D  32 FF				     xor     bh,bh		     ; Zero register
    503	028F  03 D8				     add     bx,ax
    504	0291  81 C3 A000			     add     bx,0A000h
    505	0295  8B EB				     mov     bp,bx
    506	0297  BA 03C4				     mov     dx,3C4h
    507	029A  B0 02				     mov     al,2
    508	029C  EE				     out     dx,al		     ; port 3C4h, EGA sequencr index
    509										     ;	al = 2,	map mask register
    510	029D  42				     inc     dx
    511	029E  2E: 8E 1E	FF2C			     mov     ds,cs:data_31e
    512				     ;*		     mov     ax,offset vgadec_func_25	     ;*
    513	02A3  B8 00 A0				     db	     0B8h, 00h,0A0h	     ;	Fixup -	byte match
    514	02A6  8E C0				     mov     es,ax
    515	02A8  58				     pop     ax
    516	02A9  FF D0				     call    ax			     ;*
    517	02AB  5B				     pop     bx
    518	02AC  5E				     pop     si
    519	02AD  5F				     pop     di
    520	02AE  1F				     pop     ds
    521	02AF  07				     pop     es
    522	02B0  8A 65 FF				     mov     ah,[di-1]
    523	02B3  0A E4				     or	     ah,ah		     ; Zero ?
    524	02B5  75 01				     jnz     loc_22		     ; Jump if not zero
    525	02B7  C3				     retn
    526	02B8			     loc_22:
    527	02B8  80 FC 19				     cmp     ah,19h
    528	02BB  72 01				     jb	     loc_23		     ; Jump if below
    529	02BD  C3				     retn
    530	02BE			     loc_23:
    531	02BE  57				     push    di
    532	02BF  06				     push    es
    533	02C0  2E: 8E 06	FF2C			     mov     es,cs:data_31e
    534	02C5  26: 8B 3E	8004			     mov     di,es:data_3e
    535	02CA  26: 8A 0D				     mov     cl,es:[di]
    536	02CD  0A C9				     or	     cl,cl		     ; Zero ?
    537	02CF  74 1B				     jz	     loc_26		     ; Jump if zero
    538	02D1  47				     inc     di
    539	02D2			     loc_24:
    540	02D2  26: 8A 05				     mov     al,es:[di]
Turbo Assembler	 Version 2.01	     03/24/26 00:08:59	    Page 11
107VGADC.asm



    541	02D5  3C FF				     cmp     al,0FFh
    542	02D7  74 13				     je	     loc_26		     ; Jump if equal
    543	02D9  3A E0				     cmp     ah,al
    544	02DB  75 09				     jne     loc_25		     ; Jump if not equal
    545	02DD  26: 8A 45	01			     mov     al,es:[di+1]
    546	02E1  88 44 FF				     mov     [si-1],al
    547	02E4  EB 06				     jmp     short loc_26
    548	02E6			     loc_25:
    549	02E6  47				     inc     di
    550	02E7  47				     inc     di
    551	02E8  FE C9				     dec     cl
    552	02EA  75 E6				     jnz     loc_24		     ; Jump if not zero
    553	02EC			     loc_26:
    554	02EC  07				     pop     es
    555	02ED  5F				     pop     di
    556	02EE  C3				     retn
    557										     ;*	No entry point to code
    558	02EF  F3 32 27 33 62 33			     db	     0F3h, 32h,	27h, 33h, 62h, 33h
    559	02F5  94 33 B9 08 00			     db	      94h, 33h,0B9h, 08h, 00h
    560
    561	02FA			     locloop_27:
    562	02FA  51				     push    cx
    563	02FB  B0 02				     mov     al,2
    564	02FD  EE				     out     dx,al		     ; port 3C5h, EGA sequencr func
    565	02FE  AD				     lodsw			     ; String [si] to ax
    566	02FF  8B D8				     mov     bx,ax
    567	0301  A5				     movsw			     ; Mov [si]	to es:[di]
    568	0302  B0 04				     mov     al,4
    569	0304  EE				     out     dx,al		     ; port 3C5h, EGA sequencr func
    570	0305  AD				     lodsw			     ; String [si] to ax
    571	0306  8B C8				     mov     cx,ax
    572	0308  2E: 8B 46	02			     mov     ax,cs:[bp+2]
    573	030C  23 C1				     and     ax,cx
    574	030E  26: 89 45	FE			     mov     es:[di-2],ax
    575	0312  B0 01				     mov     al,1
    576	0314  EE				     out     dx,al		     ; port 3C5h, EGA sequencr func
    577	0315  2E: 8B 46	00			     mov     ax,cs:[bp]
    578	0319  23 C1				     and     ax,cx
    579	031B  0B C3				     or	     ax,bx
    580	031D  26: 89 45	FE			     mov     es:[di-2],ax
    581	0321  83 C7 4E				     add     di,4Eh
    582	0324  83 C5 04				     add     bp,4
    583	0327  59				     pop     cx
    584	0328  E2 D0				     loop    locloop_27		     ; Loop if cx > 0
    585
    586	032A  C3				     retn
    587	032B  B9 08 00				     db	     0B9h, 08h,	00h
    588
    589	032E			     locloop_28:
    590	032E  51				     push    cx
    591	032F  AD				     lodsw			     ; String [si] to ax
    592	0330  8B D8				     mov     bx,ax
    593	0332  AD				     lodsw			     ; String [si] to ax
    594	0333  8B C8				     mov     cx,ax
Turbo Assembler	 Version 2.01	     03/24/26 00:08:59	    Page 12
107VGADC.asm



    595	0335  B0 01				     mov     al,1
    596	0337  EE				     out     dx,al		     ; port 3C5h, EGA sequencr func
    597	0338  2E: 8B 46	00			     mov     ax,cs:[bp]
    598	033C  23 C1				     and     ax,cx
    599	033E  0B C3				     or	     ax,bx
    600	0340  AB				     stosw			     ; Store ax	to es:[di]
    601	0341  B0 04				     mov     al,4
    602	0343  EE				     out     dx,al		     ; port 3C5h, EGA sequencr func
    603	0344  AD				     lodsw			     ; String [si] to ax
    604	0345  8B D8				     mov     bx,ax
    605	0347  2E: 8B 46	02			     mov     ax,cs:[bp+2]
    606	034B  23 C1				     and     ax,cx
    607	034D  0B C3				     or	     ax,bx
    608	034F  26: 89 45	FE			     mov     es:[di-2],ax
    609	0353  B0 02				     mov     al,2
    610	0355  EE				     out     dx,al		     ; port 3C5h, EGA sequencr func
    611	0356  26: C7 45	FE 0000			     mov     word ptr es:[di-2],0
    612	035C  83 C7 4E				     add     di,4Eh
    613	035F  83 C5 04				     add     bp,4
    614	0362  59				     pop     cx
    615	0363  E2 C9				     loop    locloop_28		     ; Loop if cx > 0
    616
    617	0365  C3				     retn
    618	0366  B9 08 00				     db	     0B9h, 08h,	00h
    619
    620	0369			     locloop_29:
    621	0369  51				     push    cx
    622	036A  AD				     lodsw			     ; String [si] to ax
    623	036B  8B D8				     mov     bx,ax
    624	036D  B0 02				     mov     al,2
    625	036F  EE				     out     dx,al		     ; port 3C5h, EGA sequencr func
    626	0370  A5				     movsw			     ; Mov [si]	to es:[di]
    627	0371  B0 01				     mov     al,1
    628	0373  EE				     out     dx,al		     ; port 3C5h, EGA sequencr func
    629	0374  2E: 8B 46	00			     mov     ax,cs:[bp]
    630	0378  23 C3				     and     ax,bx
    631	037A  26: 89 45	FE			     mov     es:[di-2],ax
    632	037E  B0 04				     mov     al,4
    633	0380  EE				     out     dx,al		     ; port 3C5h, EGA sequencr func
    634	0381  AD				     lodsw			     ; String [si] to ax
    635	0382  2E: 8B 4E	02			     mov     cx,cs:[bp+2]
    636	0386  23 CB				     and     cx,bx
    637	0388  0B C8				     or	     cx,ax
    638	038A  26: 89 4D	FE			     mov     es:[di-2],cx
    639	038E  83 C7 4E				     add     di,4Eh
    640	0391  83 C5 04				     add     bp,4
    641	0394  59				     pop     cx
    642	0395  E2 D2				     loop    locloop_29		     ; Loop if cx > 0
    643
    644	0397  C3				     retn
    645										     ;*	No entry point to code
    646	0398  1E				     push    ds
    647	0399  0E				     push    cs
    648	039A  1F				     pop     ds
Turbo Assembler	 Version 2.01	     03/24/26 00:08:59	    Page 13
107VGADC.asm



    649	039B  8B F5				     mov     si,bp
    650	039D  B9 0008				     mov     cx,8
    651
    652	03A0			     locloop_30:
    653	03A0  B0 01				     mov     al,1
    654	03A2  EE				     out     dx,al		     ; port 3C5h, EGA sequencr func
    655	03A3  A5				     movsw			     ; Mov [si]	to es:[di]
    656	03A4  B0 02				     mov     al,2
    657	03A6  EE				     out     dx,al		     ; port 3C5h, EGA sequencr func
    658	03A7  26: C7 45	FE 0000			     mov     word ptr es:[di-2],0
    659	03AD  4F				     dec     di
    660	03AE  4F				     dec     di
    661	03AF  B0 04				     mov     al,4
    662	03B1  EE				     out     dx,al		     ; port 3C5h, EGA sequencr func
    663	03B2  A5				     movsw			     ; Mov [si]	to es:[di]
    664	03B3  83 C7 4E				     add     di,4Eh
    665	03B6  E2 E8				     loop    locloop_30		     ; Loop if cx > 0
    666
    667	03B8  1F				     pop     ds
    668	03B9  C3				     retn
    669	03BA  BF 80 3E				     db	     0BFh, 80h,	3Eh
    670
    671				     ;ßßßß External Entry into Subroutine ßßßßßßßßßßßßßßßßßßßßßßßßßßßßßßßßßßßßßß
    672
    673	03BD			     vgadec_func_5:
    674	03BD  B9 0006				     mov     cx,6
    675
    676				     ;ßßßß External Entry into Subroutine ßßßßßßßßßßßßßßßßßßßßßßßßßßßßßßßßßßßßßß
    677
    678	03C0			     vgadec_func_6:
    679	03C0  B8 A000				     mov     ax,0A000h
    680	03C3  8E C0				     mov     es,ax
    681
    682	03C5			     locloop_31:
    683	03C5  51				     push    cx
    684	03C6  AC				     lodsb			     ; String [si] to al
    685	03C7  1E				     push    ds
    686	03C8  56				     push    si
    687	03C9  B1 30				     mov     cl,30h		     ; '0'
    688	03CB  F6 E1				     mul     cl			     ; ax = reg	* al
    689	03CD  8B F0				     mov     si,ax
    690	03CF  81 C6 8100			     add     si,data_4e
    691	03D3  2E: 8E 1E	FF2C			     mov     ds,cs:data_31e
    692	03D8  BA 03C4				     mov     dx,3C4h
    693	03DB  B0 02				     mov     al,2
    694	03DD  EE				     out     dx,al		     ; port 3C4h, EGA sequencr index
    695										     ;	al = 2,	map mask register
    696	03DE  42				     inc     dx
    697	03DF  B9 0008				     mov     cx,8
    698
    699	03E2			     locloop_32:
    700	03E2  B0 01				     mov     al,1
    701	03E4  EE				     out     dx,al		     ; port 3C5h, EGA sequencr func
    702	03E5  A5				     movsw			     ; Mov [si]	to es:[di]
Turbo Assembler	 Version 2.01	     03/24/26 00:08:59	    Page 14
107VGADC.asm



    703	03E6  B0 02				     mov     al,2
    704	03E8  EE				     out     dx,al		     ; port 3C5h, EGA sequencr func
    705	03E9  AD				     lodsw			     ; String [si] to ax
    706	03EA  26: 89 45	FE			     mov     es:[di-2],ax
    707	03EE  4F				     dec     di
    708	03EF  4F				     dec     di
    709	03F0  B0 04				     mov     al,4
    710	03F2  EE				     out     dx,al		     ; port 3C5h, EGA sequencr func
    711	03F3  A5				     movsw			     ; Mov [si]	to es:[di]
    712	03F4  E2 EC				     loop    locloop_32		     ; Loop if cx > 0
    713
    714	03F6  5E				     pop     si
    715	03F7  1F				     pop     ds
    716	03F8  59				     pop     cx
    717	03F9  E2 CA				     loop    locloop_31		     ; Loop if cx > 0
    718
    719	03FB  C3				     retn
    720	03FC			     loc_33:
    721	03FC  1E				     push    ds
    722	03FD  56				     push    si
    723	03FE  06				     push    es
    724	03FF  57				     push    di
    725	0400  BF 3BB5				     mov     di,data_43e
    726	0403  A5				     movsw			     ; Mov [si]	to es:[di]
    727	0404  83 C6 05				     add     si,5
    728	0407  A5				     movsw			     ; Mov [si]	to es:[di]
    729	0408  A4				     movsb			     ; Mov [si]	to es:[di]
    730	0409  2E: 8A 16	3BB3			     mov     dl,cs:data_17e
    731	040E  80 C2 04				     add     dl,4
    732	0411  32 F6				     xor     dh,dh		     ; Zero register
    733	0413  2E: 03 16	0080			     add     dx,word ptr cs:[80h]
    734	0418  89 16 3BBA			     mov     ds:data_20e,dx
    735	041C  E8 0145				     call    vgadec_func_8
    736	041F  26: A2 3BB4			     mov     es:data_18e,al
    737	0423  26: 80 3E	3BB7 FD			     cmp     byte ptr es:data_19e,0FDh
    738	0429  75 08				     jne     loc_34		     ; Jump if not equal
    739	042B  42				     inc     dx
    740	042C  E8 0135				     call    vgadec_func_8
    741	042F  26: A2 3BB7			     mov     es:data_19e,al
    742	0433			     loc_34:
    743	0433  BE 3BB4				     mov     si,3BB4h
    744	0436  BF 3EE0				     mov     di,3EE0h
    745	0439  E8 FF81				     call    vgadec_func_5
    746	043C  2E: 8B 36	C00F			     mov     si,cs:data_25e
    747	0441			     loc_35:
    748	0441  E8 01B8				     call    vga_operation4
    749	0444  0A DB				     or	     bl,bl		     ; Zero ?
    750	0446  74 12				     jz	     loc_36		     ; Jump if zero
    751	0448  56				     push    si
    752	0449  53				     push    bx
    753	044A  E8 0189				     call    vga_operation3
    754	044D  5B				     pop     bx
    755	044E  2E: 8E 06	FF2C			     mov     es,cs:data_31e
    756	0453  BE 3BB4				     mov     si,data_18e
Turbo Assembler	 Version 2.01	     03/24/26 00:08:59	    Page 15
107VGADC.asm



    757	0456  E8 015B				     call    vga_operation2
    758	0459  5E				     pop     si
    759	045A			     loc_36:
    760	045A  83 C6 08				     add     si,8
    761				     ;*		     cmp     word ptr [si],0FFFFh
    762	045D  83 3C FF				     db	      83h, 3Ch,0FFh	     ;	Fixup -	byte match
    763	0460  75 DF				     jnz     loc_35		     ; Jump if not zero
    764	0462  5F				     pop     di
    765	0463  07				     pop     es
    766	0464  26: 8A 6D	FF			     mov     ch,es:[di-1]
    767	0468  26: 8A 4D	07			     mov     cl,es:[di+7]
    768	046C  06				     push    es
    769	046D  57				     push    di
    770	046E  51				     push    cx
    771	046F  2E: 8B 3E	3BB1			     mov     di,cs:data_16e
    772	0474  81 C7 0C80			     add     di,data_37e
    773	0478  57				     push    di
    774	0479  BE 3EE0				     mov     si,data_46e
    775	047C  B8 A000				     mov     ax,0A000h
    776	047F  8E C0				     mov     es,ax
    777	0481  8E D8				     mov     ds,ax
    778	0483  BA 03C4				     mov     dx,3C4h
    779	0486  B8 0702				     mov     ax,702h
    780	0489  EF				     out     dx,ax		     ; port 3C4h, EGA sequencr index
    781										     ;	al = 2,	map mask register
    782	048A  BA 03CE				     mov     dx,3CEh
    783	048D  B8 0105				     mov     ax,105h
    784	0490  EF				     out     dx,ax		     ; port 3CEh, EGA graphic index
    785										     ;	al = 5,	mode
    786	0491  FE C5				     inc     ch
    787	0493  74 03				     jz	     loc_37		     ; Jump if zero
    788	0495  E8 00F3				     call    vga_operation1
    789	0498			     loc_37:
    790	0498  5F				     pop     di
    791	0499  59				     pop     cx
    792	049A  2E: 80 3E	3BB3 1B			     cmp     byte ptr cs:data_17e,1Bh
    793	04A0  74 0C				     je	     loc_38		     ; Jump if equal
    794	04A2  BE 3F10				     mov     si,data_47e
    795	04A5  47				     inc     di
    796	04A6  47				     inc     di
    797	04A7  FE C1				     inc     cl
    798	04A9  74 03				     jz	     loc_38		     ; Jump if zero
    799	04AB  E8 00DD				     call    vga_operation1
    800	04AE			     loc_38:
    801	04AE  B8 0005				     mov     ax,5
    802	04B1  EF				     out     dx,ax		     ; port 3CEh, EGA graphic index
    803										     ;	al = 5,	mode
    804	04B2  5F				     pop     di
    805	04B3  07				     pop     es
    806	04B4  B0 FF				     mov     al,0FFh
    807	04B6  26: C6 45	FF FE			     mov     byte ptr es:[di-1],0FEh
    808	04BB  26: 88 05				     mov     es:[di],al
    809	04BE  26: 88 45	01			     mov     es:[di+1],al
    810	04C2  26: 88 45	07			     mov     es:[di+7],al
Turbo Assembler	 Version 2.01	     03/24/26 00:08:59	    Page 16
107VGADC.asm



    811	04C6  26: 88 45	08			     mov     es:[di+8],al
    812	04CA  26: 88 45	09			     mov     es:[di+9],al
    813	04CE  5E				     pop     si
    814	04CF  1F				     pop     ds
    815	04D0  C3				     retn
    816	04D1			     vgadec_multiply	     endp
    817
    818
    819				     ;ßßßßßßßßßßßßßßßßßßßßßßßßßßßßßßßßßßßßßßßßßßßßßßßßßßßßßßßßßßßßßßßßßßßßßßßßßß
    820				     ;				    SUBROUTINE
    821				     ;ÜÜÜÜÜÜÜÜÜÜÜÜÜÜÜÜÜÜÜÜÜÜÜÜÜÜÜÜÜÜÜÜÜÜÜÜÜÜÜÜÜÜÜÜÜÜÜÜÜÜÜÜÜÜÜÜÜÜÜÜÜÜÜÜÜÜÜÜÜÜÜÜÜÜ
    822
    823	04D1			     vgadec_multiply_2		     proc    near
    824	04D1  06				     push    es
    825	04D2  1E				     push    ds
    826	04D3  8B 36 FF2A			     mov     si,ds:data_30e
    827	04D7  83 C6 25				     add     si,25h
    828	04DA  BF 3BB4				     mov     di,data_18e
    829	04DD  A5				     movsw			     ; Mov [si]	to es:[di]
    830	04DE  A4				     movsb			     ; Mov [si]	to es:[di]
    831	04DF  8B 16 0080			     mov     dx,word ptr ds:[80h]
    832	04E3  83 C2 03				     add     dx,3
    833	04E6  89 16 3BBA			     mov     ds:data_20e,dx
    834	04EA  80 3E 3BB4 FD			     cmp     byte ptr ds:data_18e,0FDh
    835	04EF  75 07				     jne     loc_39		     ; Jump if not equal
    836	04F1  42				     inc     dx
    837	04F2  E8 006F				     call    vgadec_func_8
    838	04F5  A2 3BB4				     mov     ds:data_18e,al
    839	04F8			     loc_39:
    840	04F8  BE 3BB4				     mov     si,data_18e
    841	04FB  BF 3EE0				     mov     di,3EE0h
    842	04FE  B9 0003				     mov     cx,3
    843	0501  E8 FEBC				     call    vgadec_func_6
    844	0504  2E: 8B 36	C00F			     mov     si,cs:data_25e
    845	0509			     loc_40:
    846	0509  E8 00F0				     call    vga_operation4
    847	050C  0A DB				     or	     bl,bl		     ; Zero ?
    848	050E  74 1F				     jz	     loc_41		     ; Jump if zero
    849	0510  56				     push    si
    850	0511  FE CB				     dec     bl
    851	0513  B0 03				     mov     al,3
    852	0515  F6 E3				     mul     bl			     ; ax = reg	* al
    853	0517  50				     push    ax
    854	0518  E8 00BB				     call    vga_operation3
    855	051B  58				     pop     ax
    856	051C  03 F8				     add     di,ax
    857	051E  8B EF				     mov     bp,di
    858	0520  2E: 8E 06	FF2C			     mov     es,cs:data_31e
    859	0525  BE 3BB4				     mov     si,data_18e
    860	0528  BF 3EE0				     mov     di,3EE0h
    861	052B  E8 010E				     call    vga_operation_2
    862	052E  5E				     pop     si
    863	052F			     loc_41:
    864	052F  83 C6 08				     add     si,8
Turbo Assembler	 Version 2.01	     03/24/26 00:08:59	    Page 17
107VGADC.asm



    865				     ;*		     cmp     word ptr [si],0FFFFh
    866	0532  83 3C FF				     db	      83h, 3Ch,0FFh	     ;	Fixup -	byte match
    867	0535  75 D2				     jnz     loc_40		     ; Jump if not zero
    868	0537  BF 24EC				     mov     di,data_38e
    869	053A  BE 3EE0				     mov     si,data_46e
    870	053D  B8 A000				     mov     ax,0A000h
    871	0540  8E C0				     mov     es,ax
    872	0542  8E D8				     mov     ds,ax
    873	0544  BA 03C4				     mov     dx,3C4h
    874	0547  B8 0702				     mov     ax,702h
    875	054A  EF				     out     dx,ax		     ; port 3C4h, EGA sequencr index
    876										     ;	al = 2,	map mask register
    877	054B  BA 03CE				     mov     dx,3CEh
    878	054E  B8 0105				     mov     ax,105h
    879	0551  EF				     out     dx,ax		     ; port 3CEh, EGA graphic index
    880										     ;	al = 5,	mode
    881	0552  E8 0036				     call    vga_operation1
    882	0555  B8 0005				     mov     ax,5
    883	0558  EF				     out     dx,ax		     ; port 3CEh, EGA graphic index
    884										     ;	al = 5,	mode
    885	0559  1F				     pop     ds
    886	055A  07				     pop     es
    887	055B  BF E005				     mov     di,data_27e
    888	055E  B0 FF				     mov     al,0FFh
    889	0560  AA				     stosb			     ; Store al	to es:[di]
    890	0561  AA				     stosb			     ; Store al	to es:[di]
    891	0562  AA				     stosb			     ; Store al	to es:[di]
    892	0563  C3				     retn
    893	0564			     vgadec_multiply_2		     endp
    894
    895
    896				     ;ßßßßßßßßßßßßßßßßßßßßßßßßßßßßßßßßßßßßßßßßßßßßßßßßßßßßßßßßßßßßßßßßßßßßßßßßßß
    897				     ;				    SUBROUTINE
    898				     ;ÜÜÜÜÜÜÜÜÜÜÜÜÜÜÜÜÜÜÜÜÜÜÜÜÜÜÜÜÜÜÜÜÜÜÜÜÜÜÜÜÜÜÜÜÜÜÜÜÜÜÜÜÜÜÜÜÜÜÜÜÜÜÜÜÜÜÜÜÜÜÜÜÜÜ
    899
    900	0564			     vgadec_func_8	     proc    near
    901	0564  E8 0016				     call    vgadec_func_9
    902	0567  8A 44 03				     mov     al,[si+3]
    903	056A  3C FD				     cmp     al,0FDh
    904	056C  74 01				     je	     loc_42		     ; Jump if equal
    905	056E  C3				     retn
    906	056F			     loc_42:
    907	056F  83 C6 08				     add     si,8
    908	0572  E8 000C				     call    vga_operation0
    909	0575  8A 44 03				     mov     al,[si+3]
    910	0578  3C FD				     cmp     al,0FDh
    911	057A  74 F3				     je	     loc_42		     ; Jump if equal
    912	057C  C3				     retn
    913	057D			     vgadec_func_8	     endp
    914
    915
    916				     ;ßßßßßßßßßßßßßßßßßßßßßßßßßßßßßßßßßßßßßßßßßßßßßßßßßßßßßßßßßßßßßßßßßßßßßßßßßß
    917				     ;				    SUBROUTINE
    918				     ;ÜÜÜÜÜÜÜÜÜÜÜÜÜÜÜÜÜÜÜÜÜÜÜÜÜÜÜÜÜÜÜÜÜÜÜÜÜÜÜÜÜÜÜÜÜÜÜÜÜÜÜÜÜÜÜÜÜÜÜÜÜÜÜÜÜÜÜÜÜÜÜÜÜÜ
Turbo Assembler	 Version 2.01	     03/24/26 00:08:59	    Page 18
107VGADC.asm



    919
    920	057D			     vgadec_func_9	     proc    near
    921	057D  8B 36 C00F			     mov     si,ds:data_25e
    922
    923				     ;ßßßß External Entry into Subroutine ßßßßßßßßßßßßßßßßßßßßßßßßßßßßßßßßßßßßßß
    924
    925	0581			     vga_operation0:
    926	0581			     loc_43:
    927	0581  3B 14				     cmp     dx,[si]
    928	0583  75 01				     jne     loc_44		     ; Jump if not equal
    929	0585  C3				     retn
    930	0586			     loc_44:
    931	0586  83 C6 08				     add     si,8
    932	0589  EB F6				     jmp     short loc_43
    933	058B			     vgadec_func_9	     endp
    934
    935
    936				     ;ßßßßßßßßßßßßßßßßßßßßßßßßßßßßßßßßßßßßßßßßßßßßßßßßßßßßßßßßßßßßßßßßßßßßßßßßßß
    937				     ;				    SUBROUTINE
    938				     ;ÜÜÜÜÜÜÜÜÜÜÜÜÜÜÜÜÜÜÜÜÜÜÜÜÜÜÜÜÜÜÜÜÜÜÜÜÜÜÜÜÜÜÜÜÜÜÜÜÜÜÜÜÜÜÜÜÜÜÜÜÜÜÜÜÜÜÜÜÜÜÜÜÜÜ
    939
    940	058B			     vga_operation1	     proc    near
    941	058B  BB 004E				     mov     bx,4Eh
    942	058E  B9 0003				     mov     cx,3
    943
    944	0591			     locloop_45:
    945	0591  A4				     movsb			     ; Mov [si]	to es:[di]
    946	0592  A4				     movsb			     ; Mov [si]	to es:[di]
    947	0593  03 FB				     add     di,bx
    948	0595  A4				     movsb			     ; Mov [si]	to es:[di]
    949	0596  A4				     movsb			     ; Mov [si]	to es:[di]
    950	0597  03 FB				     add     di,bx
    951	0599  A4				     movsb			     ; Mov [si]	to es:[di]
    952	059A  A4				     movsb			     ; Mov [si]	to es:[di]
    953	059B  03 FB				     add     di,bx
    954	059D  A4				     movsb			     ; Mov [si]	to es:[di]
    955	059E  A4				     movsb			     ; Mov [si]	to es:[di]
    956	059F  03 FB				     add     di,bx
    957	05A1  A4				     movsb			     ; Mov [si]	to es:[di]
    958	05A2  A4				     movsb			     ; Mov [si]	to es:[di]
    959	05A3  03 FB				     add     di,bx
    960	05A5  A4				     movsb			     ; Mov [si]	to es:[di]
    961	05A6  A4				     movsb			     ; Mov [si]	to es:[di]
    962	05A7  03 FB				     add     di,bx
    963	05A9  A4				     movsb			     ; Mov [si]	to es:[di]
    964	05AA  A4				     movsb			     ; Mov [si]	to es:[di]
    965	05AB  03 FB				     add     di,bx
    966	05AD  A4				     movsb			     ; Mov [si]	to es:[di]
    967	05AE  A4				     movsb			     ; Mov [si]	to es:[di]
    968	05AF  03 FB				     add     di,bx
    969	05B1  E2 DE				     loop    locloop_45		     ; Loop if cx > 0
    970
    971	05B3  C3				     retn
    972	05B4			     vga_operation1	     endp
Turbo Assembler	 Version 2.01	     03/24/26 00:08:59	    Page 19
107VGADC.asm



    973
    974
    975				     ;ßßßßßßßßßßßßßßßßßßßßßßßßßßßßßßßßßßßßßßßßßßßßßßßßßßßßßßßßßßßßßßßßßßßßßßßßßß
    976				     ;				    SUBROUTINE
    977				     ;ÜÜÜÜÜÜÜÜÜÜÜÜÜÜÜÜÜÜÜÜÜÜÜÜÜÜÜÜÜÜÜÜÜÜÜÜÜÜÜÜÜÜÜÜÜÜÜÜÜÜÜÜÜÜÜÜÜÜÜÜÜÜÜÜÜÜÜÜÜÜÜÜÜÜ
    978
    979	05B4			     vga_operation2	     proc    near
    980	05B4  8B EF				     mov     bp,di
    981	05B6  FE CB				     dec     bl
    982	05B8  32 FF				     xor     bh,bh		     ; Zero register
    983	05BA  03 DB				     add     bx,bx
    984	05BC  2E: FF 97	35BE			     call    word ptr cs:data_11e[bx]	     ;*
    985	05C1  C3				     retn
    986	05C2			     vga_operation2	     endp
    987
    988										     ;*	No entry point to code
    989	05C2  CA C235				     retf    0C235h
    990										     ;*	No entry point to code
    991	05C5  35 E0BF				     xor     ax,0E0BFh
    992	05C8  3E E8 70 00 EB 6E			     db	      3Eh,0E8h,	70h, 00h,0EBh, 6Eh
    993	05CE  83 C6 03 BF 10 3F			     db	      83h,0C6h,	03h,0BFh, 10h, 3Fh
    994	05D4  EB				     db	     0EBh
    995	05D5  66				     db	     66h
    996
    997				     ;ßßßßßßßßßßßßßßßßßßßßßßßßßßßßßßßßßßßßßßßßßßßßßßßßßßßßßßßßßßßßßßßßßßßßßßßßßß
    998				     ;				    SUBROUTINE
    999				     ;ÜÜÜÜÜÜÜÜÜÜÜÜÜÜÜÜÜÜÜÜÜÜÜÜÜÜÜÜÜÜÜÜÜÜÜÜÜÜÜÜÜÜÜÜÜÜÜÜÜÜÜÜÜÜÜÜÜÜÜÜÜÜÜÜÜÜÜÜÜÜÜÜÜÜ
   1000
   1001	05D6			     vga_operation3	     proc    near
   1002	05D6  8A 44 02				     mov     al,[si+2]
   1003	05D9  8A E8				     mov     ch,al
   1004	05DB  24 7F				     and     al,7Fh
   1005	05DD  B1 30				     mov     cl,30h		     ; '0'
   1006	05DF  F6 E1				     mul     cl			     ; ax = reg	* al
   1007	05E1  05 4000				     add     ax,4000h
   1008	05E4  8B F8				     mov     di,ax
   1009	05E6  32 D2				     xor     dl,dl		     ; Zero register
   1010	05E8  0A ED				     or	     ch,ch		     ; Zero ?
   1011	05EA  78 02				     js	     loc_46		     ; Jump if sign=1
   1012	05EC  B2 04				     mov     dl,4
   1013	05EE			     loc_46:
   1014	05EE  8A 44 04				     mov     al,[si+4]
   1015	05F1  24 03				     and     al,3
   1016	05F3  02 C2				     add     al,dl
   1017	05F5  B1 06				     mov     cl,6
   1018	05F7  F6 E1				     mul     cl			     ; ax = reg	* al
   1019	05F9  03 F8				     add     di,ax
   1020	05FB  C3				     retn
   1021	05FC			     vga_operation3	     endp
   1022
   1023
   1024				     ;ßßßßßßßßßßßßßßßßßßßßßßßßßßßßßßßßßßßßßßßßßßßßßßßßßßßßßßßßßßßßßßßßßßßßßßßßßß
   1025				     ;				    SUBROUTINE
   1026				     ;ÜÜÜÜÜÜÜÜÜÜÜÜÜÜÜÜÜÜÜÜÜÜÜÜÜÜÜÜÜÜÜÜÜÜÜÜÜÜÜÜÜÜÜÜÜÜÜÜÜÜÜÜÜÜÜÜÜÜÜÜÜÜÜÜÜÜÜÜÜÜÜÜÜÜ
Turbo Assembler	 Version 2.01	     03/24/26 00:08:59	    Page 20
107VGADC.asm



   1027
   1028	05FC			     vga_operation4	     proc    near
   1029	05FC  B9 0002				     mov     cx,2
   1030	05FF  8B 16 3BBA			     mov     dx,ds:data_20e
   1031
   1032	0603			     locloop_47:
   1033	0603  8A D9				     mov     bl,cl
   1034	0605  39 14				     cmp     [si],dx
   1035	0607  75 01				     jne     loc_48		     ; Jump if not equal
   1036	0609  C3				     retn
   1037	060A			     loc_48:
   1038	060A  42				     inc     dx
   1039	060B  E2 F6				     loop    locloop_47		     ; Loop if cx > 0
   1040
   1041	060D  8A D9				     mov     bl,cl
   1042	060F  C3				     retn
   1043	0610			     vga_operation4	     endp
   1044
   1045										     ;*	No entry point to code
   1046	0610  8B EF				     mov     bp,di
   1047	0612  FE CB				     dec     bl
   1048	0614  32 FF				     xor     bh,bh		     ; Zero register
   1049	0616  03 DB				     add     bx,bx
   1050	0618  2E: FF 97	361A			     call    word ptr cs:data_12e[bx]	     ;*
   1051	061D  C3				     retn
   1052										     ;*	No entry point to code
   1053	061E  30 36 3628			     xor     ds:data_13e,dh
   1054	0622  20 36 C583			     and     ds:data_26e,dh
   1055	0626  03 BF 3E80			     add     di,ds:data_24e[bx]
   1056	062A  EB 10				     jmp     short loc_49
   1057										     ;*	No entry point to code
   1058	062C  BF 3E80				     mov     di,3E80h
   1059	062F  E8 000A				     call    vga_operation_2
   1060	0632  EB 08				     jmp     short loc_49
   1061										     ;*	No entry point to code
   1062	0634  BF 3EB0				     mov     di,data_45e
   1063	0637  83 C6 03				     add     si,3
   1064	063A  EB 00				     jmp     short loc_49
   1065
   1066				     ;ßßßßßßßßßßßßßßßßßßßßßßßßßßßßßßßßßßßßßßßßßßßßßßßßßßßßßßßßßßßßßßßßßßßßßßßßßß
   1067				     ;				    SUBROUTINE
   1068				     ;ÜÜÜÜÜÜÜÜÜÜÜÜÜÜÜÜÜÜÜÜÜÜÜÜÜÜÜÜÜÜÜÜÜÜÜÜÜÜÜÜÜÜÜÜÜÜÜÜÜÜÜÜÜÜÜÜÜÜÜÜÜÜÜÜÜÜÜÜÜÜÜÜÜÜ
   1069
   1070	063C			     vga_operation_2	     proc    near
   1071	063C			     loc_49:
   1072	063C  B9 0003				     mov     cx,3
   1073
   1074	063F			     locloop_50:
   1075	063F  51				     push    cx
   1076	0640  C6 04 FF				     mov     byte ptr [si],0FFh
   1077	0643  46				     inc     si
   1078	0644  1E				     push    ds
   1079	0645  56				     push    si
   1080	0646  26: 8A 46	00			     mov     al,es:[bp]
Turbo Assembler	 Version 2.01	     03/24/26 00:08:59	    Page 21
107VGADC.asm



   1081	064A  45				     inc     bp
   1082	064B  06				     push    es
   1083	064C  55				     push    bp
   1084	064D  FE C8				     dec     al
   1085	064F  B1 30				     mov     cl,30h		     ; '0'
   1086	0651  F6 E1				     mul     cl			     ; ax = reg	* al
   1087	0653  05 4100				     add     ax,4100h
   1088	0656  8B F0				     mov     si,ax
   1089	0658  2E: 8E 1E	FF2C			     mov     ds,cs:data_31e
   1090	065D  B8 A000				     mov     ax,0A000h
   1091	0660  8E C0				     mov     es,ax
   1092	0662  E8 002E				     call    vga_operation6
   1093	0665  5D				     pop     bp
   1094	0666  07				     pop     es
   1095	0667  5E				     pop     si
   1096	0668  1F				     pop     ds
   1097	0669  59				     pop     cx
   1098	066A  E2 D3				     loop    locloop_50		     ; Loop if cx > 0
   1099
   1100	066C  C3				     retn
   1101	066D			     vga_operation_2	     endp
   1102
   1103										     ;*	No entry point to code
   1104	066D  BF 3E80				     mov     di,data_44e
   1105	0670  B9 0006				     mov     cx,6
   1106
   1107	0673			     locloop_51:
   1108	0673  51				     push    cx
   1109	0674  AC				     lodsb			     ; String [si] to al
   1110	0675  1E				     push    ds
   1111	0676  56				     push    si
   1112	0677  B1 30				     mov     cl,30h		     ; '0'
   1113	0679  F6 E1				     mul     cl			     ; ax = reg	* al
   1114	067B  05 6000				     add     ax,6000h
   1115	067E  8B F0				     mov     si,ax
   1116	0680  2E: 8E 1E	FF2C			     mov     ds,cs:data_31e
   1117	0685  B8 A000				     mov     ax,0A000h
   1118	0688  8E C0				     mov     es,ax
   1119	068A  E8 0006				     call    vga_operation6
   1120	068D  5E				     pop     si
   1121	068E  1F				     pop     ds
   1122	068F  59				     pop     cx
   1123	0690  E2 E1				     loop    locloop_51		     ; Loop if cx > 0
   1124
   1125	0692  C3				     retn
   1126
   1127				     ;ßßßßßßßßßßßßßßßßßßßßßßßßßßßßßßßßßßßßßßßßßßßßßßßßßßßßßßßßßßßßßßßßßßßßßßßßßß
   1128				     ;				    SUBROUTINE
   1129				     ;ÜÜÜÜÜÜÜÜÜÜÜÜÜÜÜÜÜÜÜÜÜÜÜÜÜÜÜÜÜÜÜÜÜÜÜÜÜÜÜÜÜÜÜÜÜÜÜÜÜÜÜÜÜÜÜÜÜÜÜÜÜÜÜÜÜÜÜÜÜÜÜÜÜÜ
   1130
   1131	0693			     vga_operation6	     proc    near
   1132	0693  BA 03C4				     mov     dx,3C4h
   1133	0696  B8 0702				     mov     ax,702h
   1134	0699  EF				     out     dx,ax		     ; port 3C4h, EGA sequencr index
Turbo Assembler	 Version 2.01	     03/24/26 00:08:59	    Page 22
107VGADC.asm



   1135										     ;	al = 2,	map mask register
   1136	069A  BA 03CE				     mov     dx,3CEh
   1137	069D  B8 0205				     mov     ax,205h
   1138	06A0  EF				     out     dx,ax		     ; port 3CEh, EGA graphic index
   1139										     ;	al = 5,	mode
   1140	06A1  B9 0008				     mov     cx,8
   1141
   1142	06A4			     locloop_52:
   1143	06A4  51				     push    cx
   1144	06A5  B8 0003				     mov     ax,3
   1145	06A8  EF				     out     dx,ax		     ; port 3CEh, EGA graphic index
   1146										     ;	al = 3,	data rotate
   1147	06A9  B0 08				     mov     al,8
   1148	06AB  EE				     out     dx,al		     ; port 3CEh, EGA graphic index
   1149										     ;	al = 8,	data bit mask
   1150	06AC  42				     inc     dx
   1151	06AD  AD				     lodsw			     ; String [si] to ax
   1152	06AE  8B C8				     mov     cx,ax
   1153	06B0  AD				     lodsw			     ; String [si] to ax
   1154	06B1  8B D8				     mov     bx,ax
   1155	06B3  AD				     lodsw			     ; String [si] to ax
   1156	06B4  8B E8				     mov     bp,ax
   1157	06B6  0B C3				     or	     ax,bx
   1158	06B8  0B C1				     or	     ax,cx
   1159	06BA  EE				     out     dx,al		     ; port 3CFh, EGA graphic func
   1160	06BB  32 C0				     xor     al,al		     ; Zero register
   1161	06BD  26: 86 05				     xchg    es:[di],al
   1162	06C0  8A C4				     mov     al,ah
   1163	06C2  EE				     out     dx,al		     ; port 3CFh, EGA graphic func
   1164	06C3  32 C0				     xor     al,al		     ; Zero register
   1165	06C5  26: 86 45	01			     xchg    es:[di+1],al
   1166	06C9  8B C5				     mov     ax,bp
   1167	06CB  23 C3				     and     ax,bx
   1168	06CD  23 C1				     and     ax,cx
   1169	06CF  91				     xchg    cx,ax
   1170	06D0  50				     push    ax
   1171	06D1  4A				     dec     dx
   1172	06D2  B8 1003				     mov     ax,1003h
   1173	06D5  EF				     out     dx,ax		     ; port 3CEh, EGA graphic index
   1174										     ;	al = 3,	data rotate
   1175	06D6  B0 08				     mov     al,8
   1176	06D8  EE				     out     dx,al		     ; port 3CEh, EGA graphic index
   1177										     ;	al = 8,	data bit mask
   1178	06D9  42				     inc     dx
   1179	06DA  58				     pop     ax
   1180	06DB  32 C1				     xor     al,cl
   1181	06DD  EE				     out     dx,al		     ; port 3CFh, EGA graphic func
   1182	06DE  B0 01				     mov     al,1
   1183	06E0  26: 86 05				     xchg    es:[di],al
   1184	06E3  32 E5				     xor     ah,ch
   1185	06E5  8A C4				     mov     al,ah
   1186	06E7  EE				     out     dx,al		     ; port 3CFh, EGA graphic func
   1187	06E8  B0 01				     mov     al,1
   1188	06EA  26: 86 45	01			     xchg    es:[di+1],al
Turbo Assembler	 Version 2.01	     03/24/26 00:08:59	    Page 23
107VGADC.asm



   1189	06EE  8B C3				     mov     ax,bx
   1190	06F0  32 C1				     xor     al,cl
   1191	06F2  EE				     out     dx,al		     ; port 3CFh, EGA graphic func
   1192	06F3  B0 02				     mov     al,2
   1193	06F5  26: 86 05				     xchg    es:[di],al
   1194	06F8  32 E5				     xor     ah,ch
   1195	06FA  8A C4				     mov     al,ah
   1196	06FC  EE				     out     dx,al		     ; port 3CFh, EGA graphic func
   1197	06FD  B0 02				     mov     al,2
   1198	06FF  26: 86 45	01			     xchg    es:[di+1],al
   1199	0703  8B C5				     mov     ax,bp
   1200	0705  32 C1				     xor     al,cl
   1201	0707  EE				     out     dx,al		     ; port 3CFh, EGA graphic func
   1202	0708  B0 04				     mov     al,4
   1203	070A  26: 86 05				     xchg    es:[di],al
   1204	070D  32 E5				     xor     ah,ch
   1205	070F  8A C4				     mov     al,ah
   1206	0711  EE				     out     dx,al		     ; port 3CFh, EGA graphic func
   1207	0712  B0 04				     mov     al,4
   1208	0714  26: 86 45	01			     xchg    es:[di+1],al
   1209	0718  4A				     dec     dx
   1210	0719  47				     inc     di
   1211	071A  47				     inc     di
   1212	071B  59				     pop     cx
   1213	071C  E2 86				     loop    locloop_52		     ; Loop if cx > 0
   1214
   1215	071E  B8 0003				     mov     ax,3
   1216	0721  EF				     out     dx,ax		     ; port 3CEh, EGA graphic index
   1217										     ;	al = 3,	data rotate
   1218	0722  B0 05				     mov     al,5
   1219	0724  EF				     out     dx,ax		     ; port 3CEh, EGA graphic index
   1220										     ;	al = 5,	mode
   1221	0725  B8 FF08				     mov     ax,0FF08h
   1222	0728  EF				     out     dx,ax		     ; port 3CEh, EGA graphic index
   1223										     ;	al = 8,	data bit mask
   1224	0729  C3				     retn
   1225	072A			     vga_operation6	     endp
   1226
   1227										     ;*	No entry point to code
   1228	072A  1E				     push    ds
   1229	072B  BA 03C4				     mov     dx,3C4h
   1230	072E  B8 0702				     mov     ax,702h
   1231	0731  EF				     out     dx,ax		     ; port 3C4h, EGA sequencr index
   1232										     ;	al = 2,	map mask register
   1233	0732  BA 03CE				     mov     dx,3CEh
   1234	0735  B8 0105				     mov     ax,105h
   1235	0738  EF				     out     dx,ax		     ; port 3CEh, EGA graphic index
   1236										     ;	al = 5,	mode
   1237	0739  B8 A000				     mov     ax,0A000h
   1238	073C  8E C0				     mov     es,ax
   1239	073E  8E D8				     mov     ds,ax
   1240	0740  FD				     std			     ; Set direction flag
   1241	0741  BE 2CA3				     mov     si,data_40e
   1242	0744  B0 08				     mov     al,8
Turbo Assembler	 Version 2.01	     03/24/26 00:08:59	    Page 24
107VGADC.asm



   1243	0746			     loc_53:
   1244	0746  56				     push    si
   1245	0747  8B FE				     mov     di,si
   1246	0749  4E				     dec     si
   1247	074A  4E				     dec     si
   1248	074B  B9 0036				     mov     cx,36h
   1249	074E  F3> A4				     rep     movsb		     ; Rep when	cx >0 Mov [si] to es:[di]
   1250	0750  83 C6 1E				     add     si,1Eh
   1251	0753  A4				     movsb			     ; Mov [si]	to es:[di]
   1252	0754  A4				     movsb			     ; Mov [si]	to es:[di]
   1253	0755  5E				     pop     si
   1254	0756  83 C6 50				     add     si,50h
   1255	0759  FE C8				     dec     al
   1256	075B  75 E9				     jnz     loc_53		     ; Jump if not zero
   1257	075D  BE 2F23				     mov     si,data_42e
   1258	0760  B0 08				     mov     al,8
   1259	0762			     loc_54:
   1260	0762  56				     push    si
   1261	0763  8B FE				     mov     di,si
   1262	0765  83 EE 04				     sub     si,4
   1263	0768  B9 0034				     mov     cx,34h
   1264	076B  F3> A4				     rep     movsb		     ; Rep when	cx >0 Mov [si] to es:[di]
   1265	076D  83 C6 20				     add     si,20h
   1266	0770  A4				     movsb			     ; Mov [si]	to es:[di]
   1267	0771  A4				     movsb			     ; Mov [si]	to es:[di]
   1268	0772  A4				     movsb			     ; Mov [si]	to es:[di]
   1269	0773  A4				     movsb			     ; Mov [si]	to es:[di]
   1270	0774  5E				     pop     si
   1271	0775  83 C6 50				     add     si,50h
   1272	0778  FE C8				     dec     al
   1273	077A  75 E6				     jnz     loc_54		     ; Jump if not zero
   1274	077C  B8 0005				     mov     ax,5
   1275	077F  EF				     out     dx,ax		     ; port 3CEh, EGA graphic index
   1276										     ;	al = 5,	mode
   1277	0780  1F				     pop     ds
   1278	0781  FC				     cld			     ; Clear direction
   1279	0782  C3				     retn
   1280										     ;*	No entry point to code
   1281	0783  1E				     push    ds
   1282	0784  BA 03C4				     mov     dx,3C4h
   1283	0787  B8 0702				     mov     ax,702h
   1284	078A  EF				     out     dx,ax		     ; port 3C4h, EGA sequencr index
   1285										     ;	al = 2,	map mask register
   1286	078B  BA 03CE				     mov     dx,3CEh
   1287	078E  B8 0105				     mov     ax,105h
   1288	0791  EF				     out     dx,ax		     ; port 3CEh, EGA graphic index
   1289										     ;	al = 5,	mode
   1290	0792  B8 A000				     mov     ax,0A000h
   1291	0795  8E C0				     mov     es,ax
   1292	0797  8E D8				     mov     ds,ax
   1293	0799  FD				     std			     ; Set direction flag
   1294	079A  BE 04A3				     mov     si,data_36e
   1295	079D  B0 10				     mov     al,10h
   1296	079F			     loc_55:
Turbo Assembler	 Version 2.01	     03/24/26 00:08:59	    Page 25
107VGADC.asm



   1297	079F  56				     push    si
   1298	07A0  8B FE				     mov     di,si
   1299	07A2  4E				     dec     si
   1300	07A3  B9 0037				     mov     cx,37h
   1301	07A6  F3> A4				     rep     movsb		     ; Rep when	cx >0 Mov [si] to es:[di]
   1302	07A8  83 C6 1D				     add     si,1Dh
   1303	07AB  A4				     movsb			     ; Mov [si]	to es:[di]
   1304	07AC  5E				     pop     si
   1305	07AD  83 C6 50				     add     si,50h
   1306	07B0  FE C8				     dec     al
   1307	07B2  75 EB				     jnz     loc_55		     ; Jump if not zero
   1308	07B4  B8 0005				     mov     ax,5
   1309	07B7  EF				     out     dx,ax		     ; port 3CEh, EGA graphic index
   1310										     ;	al = 5,	mode
   1311	07B8  1F				     pop     ds
   1312	07B9  FC				     cld			     ; Clear direction
   1313	07BA  C3				     retn
   1314										     ;*	No entry point to code
   1315	07BB  1E				     push    ds
   1316	07BC  BA 03C4				     mov     dx,3C4h
   1317	07BF  B8 0702				     mov     ax,702h
   1318	07C2  EF				     out     dx,ax		     ; port 3C4h, EGA sequencr index
   1319										     ;	al = 2,	map mask register
   1320	07C3  BA 03CE				     mov     dx,3CEh
   1321	07C6  B8 0105				     mov     ax,105h
   1322	07C9  EF				     out     dx,ax		     ; port 3CEh, EGA graphic index
   1323										     ;	al = 5,	mode
   1324	07CA  B8 A000				     mov     ax,0A000h
   1325	07CD  8E C0				     mov     es,ax
   1326	07CF  8E D8				     mov     ds,ax
   1327	07D1  BE 2C6C				     mov     si,data_39e
   1328	07D4  B0 08				     mov     al,8
   1329	07D6			     loc_56:
   1330	07D6  56				     push    si
   1331	07D7  8B FE				     mov     di,si
   1332	07D9  46				     inc     si
   1333	07DA  46				     inc     si
   1334	07DB  B9 0036				     mov     cx,36h
   1335	07DE  F3> A4				     rep     movsb		     ; Rep when	cx >0 Mov [si] to es:[di]
   1336	07E0  83 EE 1E				     sub     si,1Eh
   1337	07E3  A4				     movsb			     ; Mov [si]	to es:[di]
   1338	07E4  A4				     movsb			     ; Mov [si]	to es:[di]
   1339	07E5  5E				     pop     si
   1340	07E6  83 C6 50				     add     si,50h
   1341	07E9  FE C8				     dec     al
   1342	07EB  75 E9				     jnz     loc_56		     ; Jump if not zero
   1343	07ED  BE 2EEC				     mov     si,data_41e
   1344	07F0  B0 08				     mov     al,8
   1345	07F2			     loc_57:
   1346	07F2  56				     push    si
   1347	07F3  8B FE				     mov     di,si
   1348	07F5  83 C6 04				     add     si,4
   1349	07F8  B9 0034				     mov     cx,34h
   1350	07FB  F3> A4				     rep     movsb		     ; Rep when	cx >0 Mov [si] to es:[di]
Turbo Assembler	 Version 2.01	     03/24/26 00:08:59	    Page 26
107VGADC.asm



   1351	07FD  83 EE 20				     sub     si,20h
   1352	0800  A4				     movsb			     ; Mov [si]	to es:[di]
   1353	0801  A4				     movsb			     ; Mov [si]	to es:[di]
   1354	0802  A4				     movsb			     ; Mov [si]	to es:[di]
   1355	0803  A4				     movsb			     ; Mov [si]	to es:[di]
   1356	0804  5E				     pop     si
   1357	0805  83 C6 50				     add     si,50h
   1358	0808  FE C8				     dec     al
   1359	080A  75 E6				     jnz     loc_57		     ; Jump if not zero
   1360	080C  B8 0005				     mov     ax,5
   1361	080F  EF				     out     dx,ax		     ; port 3CEh, EGA graphic index
   1362										     ;	al = 5,	mode
   1363	0810  1F				     pop     ds
   1364	0811  C3				     retn
   1365										     ;*	No entry point to code
   1366	0812  1E				     push    ds
   1367	0813  BA 03C4				     mov     dx,3C4h
   1368	0816  B8 0702				     mov     ax,702h
   1369	0819  EF				     out     dx,ax		     ; port 3C4h, EGA sequencr index
   1370										     ;	al = 2,	map mask register
   1371	081A  BA 03CE				     mov     dx,3CEh
   1372	081D  B8 0105				     mov     ax,105h
   1373	0820  EF				     out     dx,ax		     ; port 3CEh, EGA graphic index
   1374										     ;	al = 5,	mode
   1375	0821  B8 A000				     mov     ax,0A000h
   1376	0824  8E C0				     mov     es,ax
   1377	0826  8E D8				     mov     ds,ax
   1378	0828  BE 046C				     mov     si,data_35e
   1379	082B  B0 10				     mov     al,10h
   1380	082D			     loc_58:
   1381	082D  56				     push    si
   1382	082E  8B FE				     mov     di,si
   1383	0830  46				     inc     si
   1384	0831  B9 0037				     mov     cx,37h
   1385	0834  F3> A4				     rep     movsb		     ; Rep when	cx >0 Mov [si] to es:[di]
   1386	0836  83 EE 1D				     sub     si,1Dh
   1387	0839  A4				     movsb			     ; Mov [si]	to es:[di]
   1388	083A  5E				     pop     si
   1389	083B  83 C6 50				     add     si,50h
   1390	083E  FE C8				     dec     al
   1391	0840  75 EB				     jnz     loc_58		     ; Jump if not zero
   1392	0842  B8 0005				     mov     ax,5
   1393	0845  EF				     out     dx,ax		     ; port 3CEh, EGA graphic index
   1394										     ;	al = 5,	mode
   1395	0846  1F				     pop     ds
   1396	0847  C3				     retn
   1397										     ;*	No entry point to code
   1398	0848  1E				     push    ds
   1399	0849  56				     push    si
   1400	084A  B2 30				     mov     dl,30h		     ; '0'
   1401	084C  F6 E2				     mul     dl			     ; ax = reg	* al
   1402	084E  8B F0				     mov     si,ax
   1403	0850  81 C6 8000			     add     si,data_2e
   1404	0854  B0 50				     mov     al,50h		     ; 'P'
Turbo Assembler	 Version 2.01	     03/24/26 00:08:59	    Page 27
107VGADC.asm



   1405	0856  F6 E3				     mul     bl			     ; ax = reg	* al
   1406	0858  8A DF				     mov     bl,bh
   1407	085A  32 FF				     xor     bh,bh		     ; Zero register
   1408	085C  03 DB				     add     bx,bx
   1409	085E  03 C3				     add     ax,bx
   1410	0860  8B F8				     mov     di,ax
   1411	0862  BA 03C4				     mov     dx,3C4h
   1412	0865  B0 02				     mov     al,2
   1413	0867  EE				     out     dx,al		     ; port 3C4h, EGA sequencr index
   1414										     ;	al = 2,	map mask register
   1415	0868  42				     inc     dx
   1416	0869  2E: 8E 1E	FF2C			     mov     ds,cs:data_31e
   1417	086E  B8 A000				     mov     ax,0A000h
   1418	0871  8E C0				     mov     es,ax
   1419	0873  B9 0008				     mov     cx,8
   1420
   1421	0876			     locloop_59:
   1422	0876  B0 01				     mov     al,1
   1423	0878  EE				     out     dx,al		     ; port 3C5h, EGA sequencr func
   1424	0879  A5				     movsw			     ; Mov [si]	to es:[di]
   1425	087A  B0 02				     mov     al,2
   1426	087C  EE				     out     dx,al		     ; port 3C5h, EGA sequencr func
   1427	087D  AD				     lodsw			     ; String [si] to ax
   1428	087E  26: 89 45	FE			     mov     es:[di-2],ax
   1429	0882  4F				     dec     di
   1430	0883  4F				     dec     di
   1431	0884  B0 04				     mov     al,4
   1432	0886  EE				     out     dx,al		     ; port 3C5h, EGA sequencr func
   1433	0887  A5				     movsw			     ; Mov [si]	to es:[di]
   1434	0888  83 C7 4E				     add     di,4Eh
   1435	088B  E2 E9				     loop    locloop_59		     ; Loop if cx > 0
   1436
   1437	088D  5E				     pop     si
   1438	088E  1F				     pop     ds
   1439	088F  C3				     retn
   1440										     ;*	No entry point to code
   1441	0890  1E				     push    ds
   1442	0891  56				     push    si
   1443	0892  57				     push    di
   1444	0893  0E				     push    cs
   1445	0894  1F				     pop     ds
   1446	0895  B0 50				     mov     al,50h		     ; 'P'
   1447	0897  F6 E3				     mul     bl			     ; ax = reg	* al
   1448	0899  8A DF				     mov     bl,bh
   1449	089B  32 FF				     xor     bh,bh		     ; Zero register
   1450	089D  03 C3				     add     ax,bx
   1451	089F  8B F8				     mov     di,ax
   1452	08A1  BA 03C4				     mov     dx,3C4h
   1453	08A4  B8 0202				     mov     ax,202h
   1454	08A7  EF				     out     dx,ax		     ; port 3C4h, EGA sequencr index
   1455										     ;	al = 2,	map mask register
   1456	08A8  B8 A000				     mov     ax,0A000h
   1457	08AB  8E C0				     mov     es,ax
   1458	08AD  BE 38B9				     mov     si,data_14e
Turbo Assembler	 Version 2.01	     03/24/26 00:08:59	    Page 28
107VGADC.asm



   1459	08B0  B9 0009				     mov     cx,9
   1460
   1461	08B3			     locloop_62:
   1462	08B3  A5				     movsw			     ; Mov [si]	to es:[di]
   1463	08B4  83 C7 4E				     add     di,4Eh
   1464	08B7  E2 FA				     loop    locloop_62		     ; Loop if cx > 0
   1465
   1466	08B9  5F				     pop     di
   1467	08BA  5E				     pop     si
   1468	08BB  1F				     pop     ds
   1469	08BC  C3				     retn
   1470	08BD  00 00				     db	     0,	0
   1471	08BF			     loc_63:
   1472	08BF  70 00				     jo	     $+2		     ; delay for I/O
   1473	08C1  7E 00				     jle     $+2		     ; delay for I/O
   1474				     ;*		     jg	     loc_60		     ;*Jump if >
   1475	08C3  7F C0				     db	      7Fh,0C0h		     ;	Fixup -	byte match
   1476	08C5  7F F8				     jg	     loc_63		     ; Jump if >
   1477				     ;*		     jg	     loc_61		     ;*Jump if >
   1478	08C7  7F C0				     db	      7Fh,0C0h		     ;	Fixup -	byte match
   1479	08C9  7E 00				     jle     $+2		     ; delay for I/O
   1480	08CB  70 00				     jo	     $+2		     ; delay for I/O
   1481	08CD  00 00				     add     [bx+si],al
   1482	08CF  B0 50				     mov     al,50h		     ; 'P'
   1483	08D1  F6 E3				     mul     bl			     ; ax = reg	* al
   1484	08D3  8B F8				     mov     di,ax
   1485	08D5  8A DF				     mov     bl,bh
   1486	08D7  32 FF				     xor     bh,bh		     ; Zero register
   1487	08D9  03 FB				     add     di,bx
   1488	08DB  BE 3BBC				     mov     si,data_21e
   1489	08DE  B8 A000				     mov     ax,0A000h
   1490	08E1  8E C0				     mov     es,ax
   1491	08E3  BA 03C4				     mov     dx,3C4h
   1492	08E6  B8 0102				     mov     ax,102h
   1493	08E9  EF				     out     dx,ax		     ; port 3C4h, EGA sequencr index
   1494										     ;	al = 2,	map mask register
   1495	08EA  B9 0009				     mov     cx,9
   1496
   1497	08ED			     locloop_64:
   1498	08ED  51				     push    cx
   1499	08EE  57				     push    di
   1500	08EF  56				     push    si
   1501	08F0  8B 0E FF6A			     mov     cx,ds:data_34e
   1502	08F4  F3> A4				     rep     movsb		     ; Rep when	cx >0 Mov [si] to es:[di]
   1503	08F6  5E				     pop     si
   1504	08F7  83 C6 28				     add     si,28h
   1505	08FA  5F				     pop     di
   1506	08FB  83 C7 50				     add     di,50h
   1507	08FE  59				     pop     cx
   1508	08FF  E2 EC				     loop    locloop_64		     ; Loop if cx > 0
   1509
   1510	0901  C3				     retn
   1511										     ;*	No entry point to code
   1512	0902  56				     push    si
Turbo Assembler	 Version 2.01	     03/24/26 00:08:59	    Page 29
107VGADC.asm



   1513	0903  57				     push    di
   1514	0904  57				     push    di
   1515	0905  32 E4				     xor     ah,ah		     ; Zero register
   1516	0907  50				     push    ax
   1517	0908  0E				     push    cs
   1518	0909  07				     pop     es
   1519	090A  BF 3BBC				     mov     di,data_21e
   1520	090D  33 C0				     xor     ax,ax		     ; Zero register
   1521	090F  B9 00C8				     mov     cx,0C8h
   1522	0912  F3> AB				     rep     stosw		     ; Rep when	cx >0 Store ax to es:[di]
   1523	0914  58				     pop     ax
   1524	0915  50				     push    ax
   1525	0916  03 C0				     add     ax,ax
   1526	0918  03 F0				     add     si,ax
   1527	091A  8B 34				     mov     si,[si]
   1528	091C  E8 001C				     call    vga_operation7
   1529	091F  58				     pop     ax
   1530	0920  5F				     pop     di
   1531	0921  F6 06 FF57 FF			     test    byte ptr ds:data_32e,0FFh
   1532	0926  74 10				     jz	     loc_65		     ; Jump if zero
   1533	0928  8B D8				     mov     bx,ax
   1534	092A  03 C0				     add     ax,ax
   1535	092C  03 C3				     add     ax,bx
   1536	092E  03 F8				     add     di,ax
   1537	0930  8A 15				     mov     dl,[di]
   1538	0932  8B 45 01				     mov     ax,[di+1]
   1539	0935  E8 0080				     call    vga_operation9
   1540	0938			     loc_65:
   1541	0938  5F				     pop     di
   1542	0939  5E				     pop     si
   1543	093A  C3				     retn
   1544
   1545				     ;ßßßßßßßßßßßßßßßßßßßßßßßßßßßßßßßßßßßßßßßßßßßßßßßßßßßßßßßßßßßßßßßßßßßßßßßßßß
   1546				     ;				    SUBROUTINE
   1547				     ;ÜÜÜÜÜÜÜÜÜÜÜÜÜÜÜÜÜÜÜÜÜÜÜÜÜÜÜÜÜÜÜÜÜÜÜÜÜÜÜÜÜÜÜÜÜÜÜÜÜÜÜÜÜÜÜÜÜÜÜÜÜÜÜÜÜÜÜÜÜÜÜÜÜÜ
   1548
   1549	093B			     vga_operation7	     proc    near
   1550	093B  0E				     push    cs
   1551	093C  07				     pop     es
   1552	093D  BF 3BE4				     mov     di,data_22e
   1553	0940  32 DB				     xor     bl,bl		     ; Zero register
   1554	0942			     loc_66:
   1555	0942  AC				     lodsb			     ; String [si] to al
   1556	0943  0A C0				     or	     al,al		     ; Zero ?
   1557	0945  75 01				     jnz     loc_67		     ; Jump if not zero
   1558	0947  C3				     retn
   1559	0948			     loc_67:
   1560	0948  53				     push    bx
   1561	0949  1E				     push    ds
   1562	094A  56				     push    si
   1563	094B  80 E3 03				     and     bl,3
   1564	094E  E8 0007				     call    vga_operation8
   1565	0951  5E				     pop     si
   1566	0952  1F				     pop     ds
Turbo Assembler	 Version 2.01	     03/24/26 00:08:59	    Page 30
107VGADC.asm



   1567	0953  5B				     pop     bx
   1568	0954  FE C3				     inc     bl
   1569	0956  EB EA				     jmp     short loc_66
   1570	0958			     vga_operation7	     endp
   1571
   1572
   1573				     ;ßßßßßßßßßßßßßßßßßßßßßßßßßßßßßßßßßßßßßßßßßßßßßßßßßßßßßßßßßßßßßßßßßßßßßßßßßß
   1574				     ;				    SUBROUTINE
   1575				     ;ÜÜÜÜÜÜÜÜÜÜÜÜÜÜÜÜÜÜÜÜÜÜÜÜÜÜÜÜÜÜÜÜÜÜÜÜÜÜÜÜÜÜÜÜÜÜÜÜÜÜÜÜÜÜÜÜÜÜÜÜÜÜÜÜÜÜÜÜÜÜÜÜÜÜ
   1576
   1577	0958			     vga_operation8	     proc    near
   1578	0958  2C 20				     sub     al,20h		     ; ' '
   1579	095A  32 E4				     xor     ah,ah		     ; Zero register
   1580	095C  D1 E0				     shl     ax,1		     ; Shift w/zeros fill
   1581	095E  D1 E0				     shl     ax,1		     ; Shift w/zeros fill
   1582	0960  D1 E0				     shl     ax,1		     ; Shift w/zeros fill
   1583	0962  8B F0				     mov     si,ax
   1584	0964  0E				     push    cs
   1585	0965  1F				     pop     ds
   1586	0966  03 36 F504			     add     si,ds:data_29e
   1587	096A  02 DB				     add     bl,bl
   1588	096C  8A CB				     mov     cl,bl
   1589	096E  57				     push    di
   1590	096F  B3 08				     mov     bl,8
   1591	0971			     loc_68:
   1592	0971  53				     push    bx
   1593	0972  AC				     lodsb			     ; String [si] to al
   1594	0973  32 DB				     xor     bl,bl		     ; Zero register
   1595	0975  8A F8				     mov     bh,al
   1596	0977  D3 EB				     shr     bx,cl		     ; Shift w/zeros fill
   1597	0979  26: 08 3D				     or	     es:[di],bh
   1598	097C  26: 08 5D	01			     or	     es:[di+1],bl
   1599	0980  83 C7 28				     add     di,28h
   1600	0983  5B				     pop     bx
   1601	0984  FE CB				     dec     bl
   1602	0986  75 E9				     jnz     loc_68		     ; Jump if not zero
   1603	0988  5F				     pop     di
   1604	0989  47				     inc     di
   1605	098A  80 F9 06				     cmp     cl,6
   1606	098D  74 01				     je	     loc_69		     ; Jump if equal
   1607	098F  C3				     retn
   1608	0990			     loc_69:
   1609	0990  47				     inc     di
   1610	0991  C3				     retn
   1611	0992			     vga_operation8	     endp
   1612
   1613										     ;*	No entry point to code
   1614	0992  52				     push    dx
   1615	0993  50				     push    ax
   1616	0994  0E				     push    cs
   1617	0995  07				     pop     es
   1618	0996  BF 3BBC				     mov     di,data_21e
   1619	0999  33 C0				     xor     ax,ax		     ; Zero register
   1620	099B  B9 00C8				     mov     cx,0C8h
Turbo Assembler	 Version 2.01	     03/24/26 00:08:59	    Page 31
107VGADC.asm



   1621	099E  F3> AB				     rep     stosw		     ; Rep when	cx >0 Store ax to es:[di]
   1622	09A0  58				     pop     ax
   1623	09A1  5A				     pop     dx
   1624	09A2  E8 0078				     call    vgadec_process_loop_2
   1625	09A5  BF 3BE4				     mov     di,3BE4h
   1626	09A8  BE 3A31				     mov     si,3A31h
   1627	09AB  B9 0007				     mov     cx,7
   1628	09AE  B3 01				     mov     bl,1
   1629	09B0  C7 06 FF6A 000B			     mov     word ptr ds:data_34e,0Bh
   1630	09B6  EB 14				     jmp     short locloop_70
   1631
   1632				     ;ßßßßßßßßßßßßßßßßßßßßßßßßßßßßßßßßßßßßßßßßßßßßßßßßßßßßßßßßßßßßßßßßßßßßßßßßßß
   1633				     ;				    SUBROUTINE
   1634				     ;ÜÜÜÜÜÜÜÜÜÜÜÜÜÜÜÜÜÜÜÜÜÜÜÜÜÜÜÜÜÜÜÜÜÜÜÜÜÜÜÜÜÜÜÜÜÜÜÜÜÜÜÜÜÜÜÜÜÜÜÜÜÜÜÜÜÜÜÜÜÜÜÜÜÜ
   1635
   1636	09B8			     vga_operation9	     proc    near
   1637	09B8  E8 0062				     call    vgadec_process_loop_2
   1638	09BB  0E				     push    cs
   1639	09BC  07				     pop     es
   1640	09BD  BF 3BE4				     mov     di,data_22e
   1641	09C0  03 3E FF68			     add     di,ds:data_33e
   1642	09C4  BE 3A32				     mov     si,data_15e
   1643	09C7  B9 0006				     mov     cx,6
   1644	09CA  B3 01				     mov     bl,1
   1645
   1646	09CC			     locloop_70:
   1647	09CC  51				     push    cx
   1648	09CD  53				     push    bx
   1649	09CE  57				     push    di
   1650	09CF  AC				     lodsb			     ; String [si] to al
   1651	09D0  56				     push    si
   1652	09D1  E8 0011				     call    vgadec_process_loop
   1653	09D4  5E				     pop     si
   1654	09D5  5F				     pop     di
   1655	09D6  5B				     pop     bx
   1656	09D7  8A C3				     mov     al,bl
   1657	09D9  47				     inc     di
   1658	09DA  25 0001				     and     ax,1
   1659	09DD  03 F8				     add     di,ax
   1660	09DF  FE C3				     inc     bl
   1661	09E1  59				     pop     cx
   1662	09E2  E2 E8				     loop    locloop_70		     ; Loop if cx > 0
   1663
   1664	09E4  C3				     retn
   1665	09E5			     vga_operation9	     endp
   1666
   1667
   1668				     ;ßßßßßßßßßßßßßßßßßßßßßßßßßßßßßßßßßßßßßßßßßßßßßßßßßßßßßßßßßßßßßßßßßßßßßßßßßß
   1669				     ;				    SUBROUTINE
   1670				     ;ÜÜÜÜÜÜÜÜÜÜÜÜÜÜÜÜÜÜÜÜÜÜÜÜÜÜÜÜÜÜÜÜÜÜÜÜÜÜÜÜÜÜÜÜÜÜÜÜÜÜÜÜÜÜÜÜÜÜÜÜÜÜÜÜÜÜÜÜÜÜÜÜÜÜ
   1671
   1672	09E5			     vgadec_process_loop	     proc    near
   1673	09E5  FE C0				     inc     al
   1674	09E7  75 01				     jnz     loc_71		     ; Jump if not zero
Turbo Assembler	 Version 2.01	     03/24/26 00:08:59	    Page 32
107VGADC.asm



   1675	09E9  C3				     retn
   1676	09EA			     loc_71:
   1677	09EA  FE C8				     dec     al
   1678	09EC  32 E4				     xor     ah,ah		     ; Zero register
   1679	09EE  D1 E0				     shl     ax,1		     ; Shift w/zeros fill
   1680	09F0  D1 E0				     shl     ax,1		     ; Shift w/zeros fill
   1681	09F2  D1 E0				     shl     ax,1		     ; Shift w/zeros fill
   1682	09F4  D1 E0				     shl     ax,1		     ; Shift w/zeros fill
   1683	09F6  2E: 03 06	F502			     add     ax,cs:data_28e
   1684	09FB  8B F0				     mov     si,ax
   1685	09FD  B9 0007				     mov     cx,7
   1686
   1687	0A00			     locloop_72:
   1688	0A00  AD				     lodsw			     ; String [si] to ax
   1689	0A01  86 E0				     xchg    ah,al
   1690	0A03  F6 C3 01				     test    bl,1
   1691	0A06  75 08				     jnz     loc_73		     ; Jump if not zero
   1692	0A08  D1 E0				     shl     ax,1		     ; Shift w/zeros fill
   1693	0A0A  D1 E0				     shl     ax,1		     ; Shift w/zeros fill
   1694	0A0C  D1 E0				     shl     ax,1		     ; Shift w/zeros fill
   1695	0A0E  D1 E0				     shl     ax,1		     ; Shift w/zeros fill
   1696	0A10			     loc_73:
   1697	0A10  26: 08 25				     or	     es:[di],ah
   1698	0A13  26: 08 45	01			     or	     es:[di+1],al
   1699	0A17  83 C7 28				     add     di,28h
   1700	0A1A  E2 E4				     loop    locloop_72		     ; Loop if cx > 0
   1701
   1702	0A1C  C3				     retn
   1703	0A1D			     vgadec_process_loop	     endp
   1704
   1705
   1706				     ;ßßßßßßßßßßßßßßßßßßßßßßßßßßßßßßßßßßßßßßßßßßßßßßßßßßßßßßßßßßßßßßßßßßßßßßßßßß
   1707				     ;				    SUBROUTINE
   1708				     ;ÜÜÜÜÜÜÜÜÜÜÜÜÜÜÜÜÜÜÜÜÜÜÜÜÜÜÜÜÜÜÜÜÜÜÜÜÜÜÜÜÜÜÜÜÜÜÜÜÜÜÜÜÜÜÜÜÜÜÜÜÜÜÜÜÜÜÜÜÜÜÜÜÜÜ
   1709
   1710	0A1D			     vgadec_process_loop_2	     proc    near
   1711	0A1D  BF 3A31				     mov     di,3A31h
   1712	0A20  E8 0019				     call    vgadec_func_22
   1713	0A23  B9 0006				     mov     cx,6
   1714
   1715	0A26			     locloop_74:
   1716	0A26  2E: F6 05	FF			     test    byte ptr cs:[di],0FFh
   1717	0A2A  74 01				     jz	     loc_75		     ; Jump if zero
   1718	0A2C  C3				     retn
   1719	0A2D			     loc_75:
   1720	0A2D  2E: C6 05	FF			     mov     byte ptr cs:[di],0FFh
   1721	0A31  47				     inc     di
   1722	0A32  E2 F2				     loop    locloop_74		     ; Loop if cx > 0
   1723
   1724	0A34  C3				     retn
   1725	0A35			     vgadec_process_loop_2	     endp
   1726
   1727	0A35  07*(00)				     db	     7 dup (0)
   1728
Turbo Assembler	 Version 2.01	     03/24/26 00:08:59	    Page 33
107VGADC.asm



   1729				     ;ßßßßßßßßßßßßßßßßßßßßßßßßßßßßßßßßßßßßßßßßßßßßßßßßßßßßßßßßßßßßßßßßßßßßßßßßßß
   1730				     ;				    SUBROUTINE
   1731				     ;ÜÜÜÜÜÜÜÜÜÜÜÜÜÜÜÜÜÜÜÜÜÜÜÜÜÜÜÜÜÜÜÜÜÜÜÜÜÜÜÜÜÜÜÜÜÜÜÜÜÜÜÜÜÜÜÜÜÜÜÜÜÜÜÜÜÜÜÜÜÜÜÜÜÜ
   1732
   1733	0A3C			     vgadec_func_22	     proc    near
   1734	0A3C  B1 0F				     mov     cl,0Fh
   1735	0A3E  BB 4240				     mov     bx,4240h
   1736	0A41  E8 003E				     call    vgadec_func_23
   1737	0A44  2E: 88 35				     mov     cs:[di],dh
   1738	0A47  B1 01				     mov     cl,1
   1739	0A49  BB 86A0				     mov     bx,86A0h
   1740	0A4C  E8 0033				     call    vgadec_func_23
   1741	0A4F  2E: 88 75	01			     mov     cs:[di+1],dh
   1742	0A53  32 C9				     xor     cl,cl		     ; Zero register
   1743	0A55  BB 2710				     mov     bx,2710h
   1744	0A58  E8 0027				     call    vgadec_func_23
   1745	0A5B  2E: 88 75	02			     mov     cs:[di+2],dh
   1746	0A5F  BB 03E8				     mov     bx,3E8h
   1747	0A62  E8 0036				     call    vgadec_func_24
   1748	0A65  2E: 88 75	03			     mov     cs:[di+3],dh
   1749	0A69  BB 0064				     mov     bx,64h
   1750	0A6C  E8 002C				     call    vgadec_func_24
   1751	0A6F  2E: 88 75	04			     mov     cs:[di+4],dh
   1752	0A73  BB 000A				     mov     bx,0Ah
   1753	0A76  E8 0022				     call    vgadec_func_24
   1754	0A79  2E: 88 75	05			     mov     cs:[di+5],dh
   1755	0A7D  2E: 88 45	06			     mov     cs:[di+6],al
   1756	0A81  C3				     retn
   1757	0A82			     vgadec_func_22	     endp
   1758
   1759
   1760				     ;ßßßßßßßßßßßßßßßßßßßßßßßßßßßßßßßßßßßßßßßßßßßßßßßßßßßßßßßßßßßßßßßßßßßßßßßßßß
   1761				     ;				    SUBROUTINE
   1762				     ;ÜÜÜÜÜÜÜÜÜÜÜÜÜÜÜÜÜÜÜÜÜÜÜÜÜÜÜÜÜÜÜÜÜÜÜÜÜÜÜÜÜÜÜÜÜÜÜÜÜÜÜÜÜÜÜÜÜÜÜÜÜÜÜÜÜÜÜÜÜÜÜÜÜÜ
   1763
   1764	0A82			     vgadec_func_23	     proc    near
   1765	0A82  32 F6				     xor     dh,dh		     ; Zero register
   1766	0A84			     loc_76:
   1767	0A84  2A D1				     sub     dl,cl
   1768	0A86  72 10				     jc	     loc_79		     ; Jump if carry Set
   1769	0A88  2B C3				     sub     ax,bx
   1770	0A8A  73 06				     jnc     loc_77		     ; Jump if carry=0
   1771	0A8C  0A D2				     or	     dl,dl		     ; Zero ?
   1772	0A8E  74 06				     jz	     loc_78		     ; Jump if zero
   1773	0A90  FE CA				     dec     dl
   1774	0A92			     loc_77:
   1775	0A92  FE C6				     inc     dh
   1776	0A94  EB EE				     jmp     short loc_76
   1777	0A96			     loc_78:
   1778	0A96  03 C3				     add     ax,bx
   1779	0A98			     loc_79:
   1780	0A98  02 D1				     add     dl,cl
   1781	0A9A  C3				     retn
   1782	0A9B			     vgadec_func_23	     endp
Turbo Assembler	 Version 2.01	     03/24/26 00:08:59	    Page 34
107VGADC.asm



   1783
   1784
   1785				     ;ßßßßßßßßßßßßßßßßßßßßßßßßßßßßßßßßßßßßßßßßßßßßßßßßßßßßßßßßßßßßßßßßßßßßßßßßßß
   1786				     ;				    SUBROUTINE
   1787				     ;ÜÜÜÜÜÜÜÜÜÜÜÜÜÜÜÜÜÜÜÜÜÜÜÜÜÜÜÜÜÜÜÜÜÜÜÜÜÜÜÜÜÜÜÜÜÜÜÜÜÜÜÜÜÜÜÜÜÜÜÜÜÜÜÜÜÜÜÜÜÜÜÜÜÜ
   1788
   1789	0A9B			     vgadec_func_24	     proc    near
   1790	0A9B  32 F6				     xor     dh,dh		     ; Zero register
   1791	0A9D  F7 F3				     div     bx			     ; ax,dx rem=dx:ax/reg
   1792	0A9F  92				     xchg    dx,ax
   1793	0AA0  8A F2				     mov     dh,dl
   1794	0AA2  32 D2				     xor     dl,dl		     ; Zero register
   1795	0AA4  C3				     retn
   1796	0AA5			     vgadec_func_24	     endp
   1797
   1798										     ;*	No entry point to code
   1799	0AA5  1E				     push    ds
   1800	0AA6  50				     push    ax
   1801	0AA7  B0 50				     mov     al,50h		     ; 'P'
   1802	0AA9  F6 E3				     mul     bl			     ; ax = reg	* al
   1803	0AAB  8A DF				     mov     bl,bh
   1804	0AAD  32 FF				     xor     bh,bh		     ; Zero register
   1805	0AAF  03 C3				     add     ax,bx
   1806	0AB1  8B F8				     mov     di,ax
   1807	0AB3  8B F7				     mov     si,di
   1808	0AB5  83 EE 50				     sub     si,50h
   1809	0AB8  B0 50				     mov     al,50h		     ; 'P'
   1810	0ABA  F6 E1				     mul     cl			     ; ax = reg	* al
   1811	0ABC  2D 0050				     sub     ax,50h
   1812	0ABF  03 F0				     add     si,ax
   1813	0AC1  03 F8				     add     di,ax
   1814	0AC3  B8 A000				     mov     ax,0A000h
   1815	0AC6  8E C0				     mov     es,ax
   1816	0AC8  8E D8				     mov     ds,ax
   1817	0ACA  BA 03C4				     mov     dx,3C4h
   1818	0ACD  B8 0702				     mov     ax,702h
   1819	0AD0  EF				     out     dx,ax		     ; port 3C4h, EGA sequencr index
   1820										     ;	al = 2,	map mask register
   1821	0AD1  BA 03CE				     mov     dx,3CEh
   1822	0AD4  B8 0105				     mov     ax,105h
   1823	0AD7  EF				     out     dx,ax		     ; port 3CEh, EGA graphic index
   1824										     ;	al = 5,	mode
   1825	0AD8  8A DD				     mov     bl,ch
   1826	0ADA  32 FF				     xor     bh,bh		     ; Zero register
   1827	0ADC  32 ED				     xor     ch,ch		     ; Zero register
   1828
   1829	0ADE			     locloop_80:
   1830	0ADE  51				     push    cx
   1831	0ADF  57				     push    di
   1832	0AE0  56				     push    si
   1833	0AE1  8B CB				     mov     cx,bx
   1834	0AE3  F3> A4				     rep     movsb		     ; Rep when	cx >0 Mov [si] to es:[di]
   1835	0AE5  5E				     pop     si
   1836	0AE6  5F				     pop     di
Turbo Assembler	 Version 2.01	     03/24/26 00:08:59	    Page 35
107VGADC.asm



   1837	0AE7  83 EE 50				     sub     si,50h
   1838	0AEA  83 EF 50				     sub     di,50h
   1839	0AED  59				     pop     cx
   1840	0AEE  E2 EE				     loop    locloop_80		     ; Loop if cx > 0
   1841
   1842	0AF0  B8 0005				     mov     ax,5
   1843	0AF3  EF				     out     dx,ax		     ; port 3CEh, EGA graphic index
   1844										     ;	al = 5,	mode
   1845	0AF4  58				     pop     ax
   1846	0AF5  B2 28				     mov     dl,28h		     ; '('
   1847	0AF7  F6 E2				     mul     dl			     ; ax = reg	* al
   1848	0AF9  05 3BBC				     add     ax,3BBCh
   1849	0AFC  8B F0				     mov     si,ax
   1850	0AFE  0E				     push    cs
   1851	0AFF  1F				     pop     ds
   1852	0B00  BA 03C4				     mov     dx,3C4h
   1853	0B03  B8 0102				     mov     ax,102h
   1854	0B06  EF				     out     dx,ax		     ; port 3C4h, EGA sequencr index
   1855										     ;	al = 2,	map mask register
   1856	0B07  8B CB				     mov     cx,bx
   1857	0B09  F3> A4				     rep     movsb		     ; Rep when	cx >0 Mov [si] to es:[di]
   1858	0B0B  1F				     pop     ds
   1859	0B0C  C3				     retn
   1860										     ;*	No entry point to code
   1861	0B0D  1E				     push    ds
   1862	0B0E  50				     push    ax
   1863	0B0F  B0 50				     mov     al,50h		     ; 'P'
   1864	0B11  F6 E3				     mul     bl			     ; ax = reg	* al
   1865	0B13  8A DF				     mov     bl,bh
   1866	0B15  32 FF				     xor     bh,bh		     ; Zero register
   1867	0B17  03 C3				     add     ax,bx
   1868	0B19  8B F8				     mov     di,ax
   1869	0B1B  8B F7				     mov     si,di
   1870	0B1D  83 C6 50				     add     si,50h
   1871	0B20  B8 A000				     mov     ax,0A000h
   1872	0B23  8E C0				     mov     es,ax
   1873	0B25  8E D8				     mov     ds,ax
   1874	0B27  BA 03C4				     mov     dx,3C4h
   1875	0B2A  B8 0702				     mov     ax,702h
   1876	0B2D  EF				     out     dx,ax		     ; port 3C4h, EGA sequencr index
   1877										     ;	al = 2,	map mask register
   1878	0B2E  BA 03CE				     mov     dx,3CEh
   1879	0B31  B8 0105				     mov     ax,105h
   1880	0B34  EF				     out     dx,ax		     ; port 3CEh, EGA graphic index
   1881										     ;	al = 5,	mode
   1882	0B35  8A DD				     mov     bl,ch
   1883	0B37  32 FF				     xor     bh,bh		     ; Zero register
   1884	0B39  32 ED				     xor     ch,ch		     ; Zero register
   1885
   1886	0B3B			     locloop_81:
   1887	0B3B  51				     push    cx
   1888	0B3C  57				     push    di
   1889	0B3D  56				     push    si
   1890	0B3E  8B CB				     mov     cx,bx
Turbo Assembler	 Version 2.01	     03/24/26 00:08:59	    Page 36
107VGADC.asm



   1891	0B40  F3> A4				     rep     movsb		     ; Rep when	cx >0 Mov [si] to es:[di]
   1892	0B42  5E				     pop     si
   1893	0B43  5F				     pop     di
   1894	0B44  83 C6 50				     add     si,50h
   1895	0B47  83 C7 50				     add     di,50h
   1896	0B4A  59				     pop     cx
   1897	0B4B  E2 EE				     loop    locloop_81		     ; Loop if cx > 0
   1898
   1899	0B4D  B8 0005				     mov     ax,5
   1900	0B50  EF				     out     dx,ax		     ; port 3CEh, EGA graphic index
   1901										     ;	al = 5,	mode
   1902	0B51  58				     pop     ax
   1903	0B52  B2 28				     mov     dl,28h		     ; '('
   1904	0B54  F6 E2				     mul     dl			     ; ax = reg	* al
   1905	0B56  05 3BBC				     add     ax,3BBCh
   1906	0B59  8B F0				     mov     si,ax
   1907	0B5B  0E				     push    cs
   1908	0B5C  1F				     pop     ds
   1909	0B5D  BA 03C4				     mov     dx,3C4h
   1910	0B60  B8 0102				     mov     ax,102h
   1911	0B63  EF				     out     dx,ax		     ; port 3C4h, EGA sequencr index
   1912										     ;	al = 2,	map mask register
   1913	0B64  8B CB				     mov     cx,bx
   1914	0B66  F3> A4				     rep     movsb		     ; Rep when	cx >0 Mov [si] to es:[di]
   1915	0B68  1F				     pop     ds
   1916	0B69  C3				     retn
   1917										     ;*	No entry point to code
   1918	0B6A  B8 A000				     mov     ax,0A000h
   1919	0B6D  8E C0				     mov     es,ax
   1920	0B6F  BA 03C4				     mov     dx,3C4h
   1921	0B72  B8 0702				     mov     ax,702h
   1922	0B75  EF				     out     dx,ax		     ; port 3C4h, EGA sequencr index
   1923										     ;	al = 2,	map mask register
   1924	0B76  BA 03CE				     mov     dx,3CEh
   1925	0B79  B8 1803				     mov     ax,1803h
   1926	0B7C  EF				     out     dx,ax		     ; port 3CEh, EGA graphic index
   1927										     ;	al = 3,	data rotate
   1928	0B7D  B8 0205				     mov     ax,205h
   1929	0B80  EF				     out     dx,ax		     ; port 3CEh, EGA graphic index
   1930										     ;	al = 5,	mode
   1931	0B81  BF 046C				     mov     di,data_35e
   1932	0B84  B9 0008				     mov     cx,8
   1933
   1934	0B87			     locloop_82:
   1935	0B87  51				     push    cx
   1936	0B88  57				     push    di
   1937	0B89  B9 0012				     mov     cx,12h
   1938
   1939	0B8C			     locloop_83:
   1940	0B8C  51				     push    cx
   1941	0B8D  57				     push    di
   1942	0B8E  B9 0038				     mov     cx,38h
   1943
   1944	0B91			     locloop_84:
Turbo Assembler	 Version 2.01	     03/24/26 00:08:59	    Page 37
107VGADC.asm



   1945	0B91  B0 06				     mov     al,6
   1946	0B93  26: 86 05				     xchg    es:[di],al
   1947	0B96  47				     inc     di
   1948	0B97  E2 F8				     loop    locloop_84		     ; Loop if cx > 0
   1949
   1950	0B99  5F				     pop     di
   1951	0B9A  81 C7 0280			     add     di,280h
   1952	0B9E  59				     pop     cx
   1953	0B9F  E2 EB				     loop    locloop_83		     ; Loop if cx > 0
   1954
   1955	0BA1  5F				     pop     di
   1956	0BA2  83 C7 50				     add     di,50h
   1957	0BA5  59				     pop     cx
   1958	0BA6  E2 DF				     loop    locloop_82		     ; Loop if cx > 0
   1959
   1960	0BA8  BA 03CE				     mov     dx,3CEh
   1961	0BAB  B8 0003				     mov     ax,3
   1962	0BAE  EF				     out     dx,ax		     ; port 3CEh, EGA graphic index
   1963										     ;	al = 3,	data rotate
   1964	0BAF  B8 0005				     mov     ax,5
   1965	0BB2  EF				     out     dx,ax		     ; port 3CEh, EGA graphic index
   1966										     ;	al = 5,	mode
   1967	0BB3  C3				     retn
   1968	0BB4  C3				     db	     0C3h
   1969	0BB5  039B*(00)				     db	     923 dup (0)
   1970
   1971	0F50			     seg_a	     ends
   1972
   1973
   1974
   1975						     end     start
Turbo Assembler	 Version 2.01	     03/24/26 00:08:59	    Page 38
Symbol Table




Symbol Name			  Type	 Value

??DATE				  Text	 "03/24/26"
??FILENAME			  Text	 "107VGADC"
??TIME				  Text	 "00:08:59"
??VERSION			  Number 0201
@CPU				  Text	 0101H
@CURSEG				  Text	 SEG_A
@FILENAME			  Text	 107VGADC
@WORDSIZE			  Text	 2
DATA_10E			  Number 32EB
DATA_11E			  Number 35BE
DATA_12E			  Number 361A
DATA_13E			  Number 3628
DATA_14E			  Number 38B9
DATA_15E			  Number 3A32
DATA_16E			  Number 3BB1
DATA_17E			  Number 3BB3
DATA_18E			  Number 3BB4
DATA_19E			  Number 3BB7
DATA_1E				  Number 004E
DATA_20E			  Number 3BBA
DATA_21E			  Number 3BBC
DATA_22E			  Number 3BE4
DATA_23E			  Number 3D4C
DATA_24E			  Number 3E80
DATA_25E			  Number C00F
DATA_26E			  Number C583
DATA_27E			  Number E005
DATA_28E			  Number F502
DATA_29E			  Number F504
DATA_2E				  Number 8000
DATA_30E			  Number FF2A
DATA_31E			  Number FF2C
DATA_32E			  Number FF57
DATA_33E			  Number FF68
DATA_34E			  Number FF6A
DATA_35E			  Number 046C
DATA_36E			  Number 04A3
DATA_37E			  Number 0C80
DATA_38E			  Number 24EC
DATA_39E			  Number 2C6C
DATA_3E				  Number 8004
DATA_40E			  Number 2CA3
DATA_41E			  Number 2EEC
DATA_42E			  Number 2F23
DATA_43E			  Number 3BB5
DATA_44E			  Number 3E80
DATA_45E			  Number 3EB0
DATA_46E			  Number 3EE0
DATA_47E			  Number 3F10
DATA_4E				  Number 8100
LOCLOOP_1			  Near	 SEG_A:0044
Turbo Assembler	 Version 2.01	     03/24/26 00:08:59	    Page 39
Symbol Table



LOCLOOP_15			  Near	 SEG_A:0122
LOCLOOP_18			  Near	 SEG_A:019A
LOCLOOP_2			  Near	 SEG_A:0049
LOCLOOP_27			  Near	 SEG_A:02FA
LOCLOOP_28			  Near	 SEG_A:032E
LOCLOOP_29			  Near	 SEG_A:0369
LOCLOOP_30			  Near	 SEG_A:03A0
LOCLOOP_31			  Near	 SEG_A:03C5
LOCLOOP_32			  Near	 SEG_A:03E2
LOCLOOP_45			  Near	 SEG_A:0591
LOCLOOP_47			  Near	 SEG_A:0603
LOCLOOP_50			  Near	 SEG_A:063F
LOCLOOP_51			  Near	 SEG_A:0673
LOCLOOP_52			  Near	 SEG_A:06A4
LOCLOOP_59			  Near	 SEG_A:0876
LOCLOOP_62			  Near	 SEG_A:08B3
LOCLOOP_64			  Near	 SEG_A:08ED
LOCLOOP_70			  Near	 SEG_A:09CC
LOCLOOP_72			  Near	 SEG_A:0A00
LOCLOOP_74			  Near	 SEG_A:0A26
LOCLOOP_80			  Near	 SEG_A:0ADE
LOCLOOP_81			  Near	 SEG_A:0B3B
LOCLOOP_82			  Near	 SEG_A:0B87
LOCLOOP_83			  Near	 SEG_A:0B8C
LOCLOOP_84			  Near	 SEG_A:0B91
LOC_10				  Near	 SEG_A:00C3
LOC_11				  Near	 SEG_A:00CB
LOC_12				  Near	 SEG_A:00D3
LOC_13				  Near	 SEG_A:00EC
LOC_14				  Near	 SEG_A:00F6
LOC_16				  Near	 SEG_A:013F
LOC_17				  Near	 SEG_A:014B
LOC_19				  Near	 SEG_A:01CA
LOC_20				  Near	 SEG_A:0228
LOC_21				  Near	 SEG_A:0247
LOC_22				  Near	 SEG_A:02B8
LOC_23				  Near	 SEG_A:02BE
LOC_24				  Near	 SEG_A:02D2
LOC_25				  Near	 SEG_A:02E6
LOC_26				  Near	 SEG_A:02EC
LOC_3				  Near	 SEG_A:0079
LOC_33				  Near	 SEG_A:03FC
LOC_34				  Near	 SEG_A:0433
LOC_35				  Near	 SEG_A:0441
LOC_36				  Near	 SEG_A:045A
LOC_37				  Near	 SEG_A:0498
LOC_38				  Near	 SEG_A:04AE
LOC_39				  Near	 SEG_A:04F8
LOC_4				  Near	 SEG_A:0090
LOC_40				  Near	 SEG_A:0509
LOC_41				  Near	 SEG_A:052F
LOC_42				  Near	 SEG_A:056F
LOC_43				  Near	 SEG_A:0581
LOC_44				  Near	 SEG_A:0586
Turbo Assembler	 Version 2.01	     03/24/26 00:08:59	    Page 40
Symbol Table



LOC_46				  Near	 SEG_A:05EE
LOC_48				  Near	 SEG_A:060A
LOC_49				  Near	 SEG_A:063C
LOC_5				  Near	 SEG_A:009B
LOC_53				  Near	 SEG_A:0746
LOC_54				  Near	 SEG_A:0762
LOC_55				  Near	 SEG_A:079F
LOC_56				  Near	 SEG_A:07D6
LOC_57				  Near	 SEG_A:07F2
LOC_58				  Near	 SEG_A:082D
LOC_6				  Near	 SEG_A:00A3
LOC_63				  Near	 SEG_A:08BF
LOC_65				  Near	 SEG_A:0938
LOC_66				  Near	 SEG_A:0942
LOC_67				  Near	 SEG_A:0948
LOC_68				  Near	 SEG_A:0971
LOC_69				  Near	 SEG_A:0990
LOC_7				  Near	 SEG_A:00AB
LOC_71				  Near	 SEG_A:09EA
LOC_73				  Near	 SEG_A:0A10
LOC_75				  Near	 SEG_A:0A2D
LOC_76				  Near	 SEG_A:0A84
LOC_77				  Near	 SEG_A:0A92
LOC_78				  Near	 SEG_A:0A96
LOC_79				  Near	 SEG_A:0A98
LOC_8				  Near	 SEG_A:00B3
LOC_9				  Near	 SEG_A:00BB
START				  Near	 SEG_A:0000
TARGET				  Number 5432
VGADEC_FUNC_22			  Near	 SEG_A:0A3C
VGADEC_FUNC_23			  Near	 SEG_A:0A82
VGADEC_FUNC_24			  Near	 SEG_A:0A9B
VGADEC_FUNC_3			  Near	 SEG_A:013F
VGADEC_FUNC_4			  Near	 SEG_A:021C
VGADEC_FUNC_5			  Near	 SEG_A:03BD
VGADEC_FUNC_6			  Near	 SEG_A:03C0
VGADEC_FUNC_8			  Near	 SEG_A:0564
VGADEC_FUNC_9			  Near	 SEG_A:057D
VGADEC_MULTIPLY			  Near	 SEG_A:0136
VGADEC_MULTIPLY_2		  Near	 SEG_A:04D1
VGADEC_PROCESS_LOOP		  Near	 SEG_A:09E5
VGADEC_PROCESS_LOOP_2		  Near	 SEG_A:0A1D
VGA_OPERATION			  Near	 SEG_A:00E4
VGA_OPERATION0			  Near	 SEG_A:0581
VGA_OPERATION1			  Near	 SEG_A:058B
VGA_OPERATION2			  Near	 SEG_A:05B4
VGA_OPERATION3			  Near	 SEG_A:05D6
VGA_OPERATION4			  Near	 SEG_A:05FC
VGA_OPERATION6			  Near	 SEG_A:0693
VGA_OPERATION7			  Near	 SEG_A:093B
VGA_OPERATION8			  Near	 SEG_A:0958
VGA_OPERATION9			  Near	 SEG_A:09B8
VGA_OPERATION_2			  Near	 SEG_A:063C
ZR1_07				  Far	 SEG_A:0000
Turbo Assembler	 Version 2.01	     03/24/26 00:08:59	    Page 41
Symbol Table




Macro Name

CALLF
CALLFX
CALLS
JMPN
JMPS

Groups & Segments		  Bit Size Align  Combine Class

SEG_A				  16  0F50 Byte	  Public
