Microsoft (R) Macro Assembler  Version 4.00                 3/29/26 15:11:43

                                                            Page     1-1
                                                            

                                 
                                PAGE  59,132 
                                 
                                ;€€€€€€€€€€€€€€€€€€€€€€€€€€€€€€€€€€€€€€€€€€€€€€€€€€€€€€€€€€€€€€€€€€€€€€€€€€ 
                                ;€€					                                 €€ 
                                ;€€				_100OPDMO                                €€ 
                                ;€€					                                 €€ 
                                ;€€      Created:   29-Mar-26		                                 €€ 
                                ;€€      Code type: zero start		                                 €€ 
                                ;€€      Passes:    9          Analysis	Options on: none                 €€ 
                                ;€€					                                 €€ 
                                ;€€€€€€€€€€€€€€€€€€€€€€€€€€€€€€€€€€€€€€€€€€€€€€€€€€€€€€€€€€€€€€€€€€€€€€€€€€ 
                                 
 = 4D34                         target		EQU   'M4'                      ; Target assembler: MASM-4.0 
                                 
                             C  include  srmacros.inc 
                             C   
                             C  ; Macros which may be required for proper re-assembly 
                             C   
                             C  IF (target EQ 'M4') 
                             C  ;----------------------------------------------------------------------------- 
                             C  ;  MASM 4.0 does not allow retf and retn, allowed by current assemblers. 
                             C  ;  These marcos, convert RETF and RETN into data bytes that are acceptable 
                             C  ;  to MASM 4.0. 
                             C   
                             C   
                             C  retf            macro   ret_count               ; Fixup for Assembler 
                             C                  if      ret_count+0 GT 1 
                             C                  db      0CAh 
                             C                  dw      ret_count 
                             C                  else 
                             C                  db      0CBh 
                             C                  endif 
                             C  endm 
                             C   
                             C  retn            macro  ret_count 
                             C                  if     ret_count+0 GT 1 
                             C                  db     0C2h 
                             C                  dw     ret_count 
                             C                  else 
                             C                  db     0C3h 
                             C                  endif 
                             C  endm 
                             C   
                             C  ENDIF 
                             C   
                             C   
                             C  IF (target EQ 'M4') OR (target EQ 'M5')  
                             C  ;----------------------------------------------------------------------------- 
                             C  ; Due to a bug in earlier MASM assemblers, the valid instruction type  
                             C  ; "mov segreg, reg"  cannot be used, if the register is not AX.   
                             C  ; For example:  mov  es, bx 
                             C   
                             C  movseg          macro reg16, unused, Imm16      ; Fixup for Assembler 
                             C                  ifidn  <reg16>, <bx>             
Microsoft (R) Macro Assembler  Version 4.00                 3/29/26 15:11:43

                                                            Page     1-2
                                                            

                             C                  db     0BBh                      
                             C                  endif                            
                             C                  ifidn  <reg16>, <cx>             
                             C                  db     0B9h                      
                             C                  endif 
                             C                  ifidn  <reg16>, <dx> 
                             C                  db     0BAh 
                             C                  endif 
                             C                  ifidn  <reg16>, <si> 
                             C                  db     0BEh 
                             C                  endif 
                             C                  ifidn  <reg16>, <di> 
                             C                  db     0BFh 
                             C                  endif 
                             C                  ifidn  <reg16>, <bp> 
                             C                  db     0BDh 
                             C                  endif 
                             C                  ifidn  <reg16>, <sp> 
                             C                  db     0BCh 
                             C                  endif 
                             C                  ifidn  <reg16>, <BX> 
                             C                  db     0BBH 
                             C                  endif 
                             C                  ifidn  <reg16>, <CX> 
                             C                  db     0B9H 
                             C                  endif 
                             C                  ifidn  <reg16>, <DX> 
                             C                  db     0BAH 
                             C                  endif 
                             C                  ifidn  <reg16>, <SI> 
                             C                  db     0BEH 
                             C                  endif 
                             C                  ifidn  <reg16>, <DI> 
                             C                  db     0BFH 
                             C                  endif 
                             C                  ifidn  <reg16>, <BP> 
                             C                  db     0BDH 
                             C                  endif 
                             C                  ifidn  <reg16>, <SP> 
                             C                  db     0BCH 
                             C                  endif 
                             C                  dw     seg Imm16 
                             C  endm 
                             C   
                             C  ENDIF 
                             C   
                             C   
                             C  ENDIF 
                             C   
                             C   
                             C   
                             C  IFE (target EQ 'NO') 
                             C  ;----------------------------------------------------------------------------- 
                             C  ;  Some compilers and some assemblers will code a call that goes to a far 
                             C  ;  subroutine in the same segment as: 
Microsoft (R) Macro Assembler  Version 4.00                 3/29/26 15:11:43

                                                            Page     1-3
                                                            

                             C  ; 
                             C  ;               PUSH    CS 
                             C  ;               CALL    near 
                             C  ; 
                             C  ;  This saves one byte, and is slightly faster.  If the assembler you are 
                             C  ;  using (i.e. MASM, Optasm) does not do this automatically, the following 
                             C  ;  macros are used to code the same information.  In other words, the binary 
                             C  ;  file has "PUSH CS, CALL near", and Sourcer ensures the same instructions 
                             C  ;  are used!  (macro CALLF) 
                             C  ; 
                             C   
                             C  callf           macro   location 
                             C                  push    cs 
                             C                  call    near ptr location 
                             C  endm 
                             C   
                             C  ;  Some compilers generate an unnecessary DS override on the call instruction 
                             C  ;  when compacting the CALLF type function.  Macro CALLFX handles this case. 
                             C   
                             C  callfx          macro   location 
                             C                  push    cs 
                             C                  db      3Eh 
                             C                  call    near ptr location 
                             C  endm 
                             C   
                             C   
                             C  ;----------------------------------------------------------------------------- 
                             C  ;  Some compilers and some assemblers will code a near call that is the 
                             C  ;  selected assembler will convert to a short jump to save a byte.  This 
                             C  ;  reconstructs a near jump for these cases. 
                             C   
                             C  jmpn            macro   location 
                             C                  db      0E9h 
                             C                  dw      offset location-$-2 
                             C  endm 
                             C   
                             C  ENDIF 
                             C   
                                 
                                 
                                 
                                ; The following equates show data references outside the range of the program. 
                                 
 = 0660                         data_1e		equ	660h			;* 
 = 0819                         data_2e		equ	819h			;* 
 = 0D20                         data_3e		equ	0D20h			;* 
 = 0EE0                         data_4e		equ	0EE0h			;* 
 = 1A40                         data_5e		equ	1A40h			;* 
 = 1D40                         data_6e		equ	1D40h			;* 
 = 3000                         data_7e		equ	3000h			;* 
 = 3A80                         data_8e		equ	3A80h			;* 
 = 4000                         data_9e		equ	4000h			;* 
 = 46D3                         data_10e	equ	46D3h			;* 
 = 6000                         data_11e	equ	6000h			;* 
 = 9C40                         data_12e	equ	9C40h			;* 
Microsoft (R) Macro Assembler  Version 4.00                 3/29/26 15:11:43

                                                            Page     1-4
                                                            

 = A9C0                         data_13e	equ	0A9C0h			;* 
 = AB40                         data_14e	equ	0AB40h			;* 
 = D000                         data_15e	equ	0D000h			;* 
 = 4000                         data_137e	equ	4000h			;* 
 = 64EA                         data_138e	equ	64EAh			;* 
 = 653D                         data_139e	equ	653Dh			;* 
 = 653F                         data_140e	equ	653Fh			;* 
 = 6A73                         data_141e	equ	6A73h			;* 
 = 6D56                         data_142e	equ	6D56h			;* 
 = 6D58                         data_143e	equ	6D58h			;* 
 = 6D5A                         data_144e	equ	6D5Ah			;* 
 = 6D5B                         data_145e	equ	6D5Bh			;* 
 = 6D5C                         data_146e	equ	6D5Ch			;* 
 = 6D5D                         data_147e	equ	6D5Dh			;* 
 = 75A0                         data_148e	equ	75A0h			;* 
 = 8000                         data_149e	equ	8000h			;* 
 = 9000                         data_150e	equ	9000h			;* 
 = 9060                         data_151e	equ	9060h			;* 
 = 9096                         data_152e	equ	9096h			;* 
 = 911E                         data_153e	equ	911Eh			;* 
 = 912B                         data_154e	equ	912Bh			;* 
 = 947D                         data_155e	equ	947Dh			;* 
 = 94DD                         data_156e	equ	94DDh			;* 
 = 953D                         data_157e	equ	953Dh			;* 
 = 9547                         data_158e	equ	9547h			;* 
 = 9551                         data_159e	equ	9551h			;* 
 = 955D                         data_160e	equ	955Dh			;* 
 = 9573                         data_161e	equ	9573h			;* 
 = 957E                         data_162e	equ	957Eh			;* 
 = 959F                         data_163e	equ	959Fh			;* 
 = 95B4                         data_164e	equ	95B4h			;* 
 = 95FE                         data_165e	equ	95FEh			;* 
 = 9609                         data_166e	equ	9609h			;* 
 = 97C0                         data_167e	equ	97C0h			;* 
 = A000                         data_168e	equ	0A000h			;* 
 = B000                         data_169e	equ	0B000h			;* 
 = B800                         data_170e	equ	0B800h			;* 
 = D000                         data_171e	equ	0D000h			;* 
 = FF1A                         data_172e	equ	0FF1Ah			;* 
 = FF1D                         data_173e	equ	0FF1Dh			;* 
 = FF24                         data_174e	equ	0FF24h			;* 
 = FF26                         data_175e	equ	0FF26h			;* 
 = FF29                         data_176e	equ	0FF29h			;* 
 = FF2C                         data_177e	equ	0FF2Ch			;* 
 = FF75                         data_178e	equ	0FF75h			;* 
 = 0000                         data_179e	equ	0			;* 
 = 0660                         data_180e	equ	660h			;* 
 = 0CC0                         data_181e	equ	0CC0h			;* 
                                 
 0000                           seg_a		segment	byte public 
                                		assume	cs:seg_a, ds:seg_a 
                                 
                                 
 0000                           		org	0 
                                 
Microsoft (R) Macro Assembler  Version 4.00                 3/29/26 15:11:43

                                                            Page     1-5
                                                            

 0000                           _100OPDMO	proc	far 
                                 
 0000                           start: 
 0000  29 36 0000               		sub	word ptr ds:[0],si 
 0004  02 60 FA                 		add	ah,[bx+si-6] 
 0007  BC 2000                  		mov	sp,2000h 
 000A  FB                       		sti				; Enable interrupts 
 000B  2E: C6 06 FF1D 00        		mov	byte ptr cs:data_173e,0 
 0011  2E: C6 06 FF29 00        		mov	byte ptr cs:data_176e,0 
 0017  0E                       		push	cs 
 0018  1F                       		pop	ds 
 0019  2E: FF 16 0000           		call	word ptr cs:data_51 
100OPDMO.asm(99) : error 9: Symbol not defined DATA_51
 001E  0E                       		push	cs 
 001F  1F                       		pop	ds 
 0020  0E                       		push	cs 
 0021  07                       		pop	es 
 0022  BE 957E                  		mov	si,data_162e 
 0025  BF A000                  		mov	di,data_168e 
 0028  B0 02                    		mov	al,2 
 002A  2E: FF 16 010C           		call	word ptr cs:[10Ch] 
 002F  2E: 8E 06 FF2C           		mov	es,cs:data_177e 
 0034  BE A000                  		mov	si,data_168e 
 0037  BF 4000                  		mov	di,data_137e 
 003A  E8 0DE5 R                		call	sub_15 
 003D  B8 0004                  		mov	ax,4 
 0040  2E: FF 16 0000           		call	word ptr cs:data_92 
100OPDMO.asm(113) : error 9: Symbol not defined DATA_92
 0045  33 DB                    		xor	bx,bx			; Zero register 
 0047  B1 96                    		mov	cl,96h 
 0049  BE 64EA                  		mov	si,data_138e 
 004C  2E: FF 16 202B R         		call	word ptr cs:data_49+0Eh	; ('f ') 
 0051  BB 070F                  		mov	bx,70Fh 
 0054  B9 4170                  		mov	cx,4170h 
 0057  2E: 8E 06 FF2C           		mov	es,cs:data_177e 
 005C  BF 4000                  		mov	di,data_137e 
 005F  2E: FF 16 301B R         		call	word ptr cs:data_101 
 0064  0E                       		push	cs 
 0065  07                       		pop	es 
 0066  BE 953D                  		mov	si,data_157e 
 0069  BF A000                  		mov	di,data_168e 
 006C  B0 02                    		mov	al,2 
 006E  2E: FF 16 010C           		call	word ptr cs:[10Ch] 
 0073  BE 9547                  		mov	si,data_158e 
 0076  BF B800                  		mov	di,data_170e 
 0079  B0 02                    		mov	al,2 
 007B  2E: FF 16 010C           		call	word ptr cs:[10Ch] 
 0080  2E: 8E 06 FF2C           		mov	es,cs:data_177e 
 0085  BE A000                  		mov	si,data_168e 
 0088  BF 4000                  		mov	di,data_137e 
 008B  E8 0D62 R                		call	sub_13 
 008E  2E: FF 16 0000           		call	word ptr cs:data_51 
100OPDMO.asm(137) : error 9: Symbol not defined DATA_51
 0093  2E: C6 06 FF1D 00        		mov	byte ptr cs:data_173e,0 
 0099  2E: C6 06 FF29 00        		mov	byte ptr cs:data_176e,0 
Microsoft (R) Macro Assembler  Version 4.00                 3/29/26 15:11:43

                                                            Page     1-6
                                                            

 009F  B8 0001                  		mov	ax,1 
 00A2  2E: FF 16 0000           		call	word ptr cs:data_92 
100OPDMO.asm(141) : error 9: Symbol not defined DATA_92
 00A7  B0 FF                    		mov	al,0FFh 
 00A9  BB 1220                  		mov	bx,1220h 
 00AC  B9 2C68                  		mov	cx,2C68h 
 00AF  2E: 8E 06 FF2C           		mov	es,cs:data_177e 
 00B4  BF 4000                  		mov	di,data_137e 
 00B7  2E: FF 16 0000           		call	word ptr cs:data_89 
100OPDMO.asm(147) : error 9: Symbol not defined DATA_89
 00BC  E8 035C R                		call	sub_3 
 00BF  B8 0002                  		mov	ax,2 
 00C2  2E: FF 16 0000           		call	word ptr cs:data_92 
100OPDMO.asm(150) : error 9: Symbol not defined DATA_92
 00C7  B0 FF                    		mov	al,0FFh 
 00C9  BB 1220                  		mov	bx,1220h 
 00CC  B9 2C68                  		mov	cx,2C68h 
 00CF  2E: 8E 06 FF2C           		mov	es,cs:data_177e 
 00D4  BF 4000                  		mov	di,4000h 
 00D7  2E: FF 16 0000           		call	word ptr cs:data_90 
100OPDMO.asm(156) : error 9: Symbol not defined DATA_90
 00DC  2E: 8E 06 FF2C           		mov	es,cs:data_177e 
 00E1  BE B800                  		mov	si,data_170e 
 00E4  BF 9000                  		mov	di,data_150e 
 00E7  E8 0D62 R                		call	sub_13 
 00EA  BB 2048                  		mov	bx,2048h 
 00ED  B9 1040                  		mov	cx,1040h 
 00F0  2E: 8E 06 FF2C           		mov	es,cs:data_177e 
 00F5  BF 75A0                  		mov	di,data_148e 
 00F8  2E: FF 16 3011 R         		call	word ptr cs:data_96 
 00FD  2E: C6 06 FF75 04        		mov	byte ptr cs:data_178e,4 
 0103  BE 9060                  		mov	si,data_151e 
 0106  2E: FF 16 3013 R         		call	word ptr cs:data_97 
 010B  0E                       		push	cs 
 010C  07                       		pop	es 
 010D  BE 9551                  		mov	si,data_159e 
 0110  BF A000                  		mov	di,data_168e 
 0113  B0 02                    		mov	al,2 
 0115  2E: FF 16 010C           		call	word ptr cs:[10Ch] 
 011A  2E: 8E 06 FF2C           		mov	es,cs:data_177e 
 011F  BE A000                  		mov	si,data_168e 
 0122  BF 97C0                  		mov	di,data_167e 
 0125  E8 0D62 R                		call	sub_13 
 0128  E8 0E14 R                		call	sub_16 
 012B  BB 1220                  		mov	bx,1220h 
 012E  B9 2C68                  		mov	cx,2C68h 
 0131  2E: FF 16 0000           		call	word ptr cs:data_91 
100OPDMO.asm(182) : error 9: Symbol not defined DATA_91
 0136  B8 0003                  		mov	ax,3 
 0139  2E: FF 16 0000           		call	word ptr cs:data_92 
100OPDMO.asm(184) : error 9: Symbol not defined DATA_92
 013E  8C C8                    		mov	ax,cs 
 0140  05 2000                  		add	ax,2000h 
 0143  8E C0                    		mov	es,ax 
 0145  B0 FF                    		mov	al,0FFh 
Microsoft (R) Macro Assembler  Version 4.00                 3/29/26 15:11:43

                                                            Page     1-7
                                                            

 0147  BB 1720                  		mov	bx,1720h 
 014A  B9 2270                  		mov	cx,2270h 
 014D  BF 0000                  		mov	di,0 
 0150  2E: FF 16 0000           		call	word ptr cs:data_90 
100OPDMO.asm(192) : error 9: Symbol not defined DATA_90
 0155  BE 911E                  		mov	si,data_153e 
 0158                           loc_1: 
 0158  C6 06 FF1A 00            		mov	byte ptr ds:data_172e,0 
 015D  AC                       		lodsb				; String [si] to al 
 015E  0A C0                    		or	al,al			; Zero ? 
 0160  74 13                    		jz	loc_2			; Jump if zero 
 0162  56                       		push	si 
 0163  FE C8                    		dec	al 
 0165  BB 1720                  		mov	bx,1720h 
 0168  2E: FF 16 3015 R         		call	word ptr cs:data_98 
 016D  5E                       		pop	si 
 016E  B0 14                    		mov	al,14h 
 0170  E8 03AF R                		call	sub_4 
 0173  EB E3                    		jmp	short loc_1 
 0175                           loc_2: 
 0175  C6 06 FF1A 00            		mov	byte ptr ds:data_172e,0 
 017A  B0 F0                    		mov	al,0F0h 
 017C  E8 03AF R                		call	sub_4 
 017F  BE 9096                  		mov	si,data_152e 
 0182  E8 02D5 R                		call	sub_1 
 0185  C6 06 FF1A 00            		mov	byte ptr ds:data_172e,0 
 018A  B0 F0                    		mov	al,0F0h 
 018C  E8 03AF R                		call	sub_4 
 018F  B0 02                    		mov	al,2 
 0191  BB 1720                  		mov	bx,1720h 
 0194  2E: FF 16 3015 R         		call	word ptr cs:data_98 
 0199  C6 06 FF1A 00            		mov	byte ptr ds:data_172e,0 
 019E  B0 0F                    		mov	al,0Fh 
 01A0  E8 03AF R                		call	sub_4 
 01A3  B0 03                    		mov	al,3 
 01A5  BB 1720                  		mov	bx,1720h 
 01A8  2E: FF 16 3015 R         		call	word ptr cs:data_98 
 01AD  C6 06 FF1A 00            		mov	byte ptr ds:data_172e,0 
 01B2  B0 F0                    		mov	al,0F0h 
 01B4  E8 03AF R                		call	sub_4 
 01B7  32 C0                    		xor	al,al			; Zero register 
 01B9  BB 0094                  		mov	bx,94h 
 01BC  B9 501E                  		mov	cx,501Eh 
 01BF  2E: FF 16 2001 R         		call	word ptr cs:data_47+80h	; ('es') 
 01C4  0E                       		push	cs 
 01C5  07                       		pop	es 
 01C6  BE 9568                  		mov	si,9568h 
 01C9  BF A000                  		mov	di,0A000h 
 01CC  B0 02                    		mov	al,2 
 01CE  2E: FF 16 010C           		call	word ptr cs:[10Ch] 
 01D3  2E: 8E 06 FF2C           		mov	es,cs:data_177e 
 01D8  BE A000                  		mov	si,data_168e 
 01DB  BF 4000                  		mov	di,data_137e 
 01DE  E8 0DE5 R                		call	sub_15 
 01E1  0E                       		push	cs 
Microsoft (R) Macro Assembler  Version 4.00                 3/29/26 15:11:43

                                                            Page     1-8
                                                            

 01E2  07                       		pop	es 
 01E3  BE 9573                  		mov	si,data_161e 
 01E6  BF A000                  		mov	di,data_168e 
 01E9  B0 02                    		mov	al,2 
 01EB  2E: FF 16 010C           		call	word ptr cs:[10Ch] 
 01F0  BE 957E                  		mov	si,data_162e 
 01F3  BF B000                  		mov	di,data_169e 
 01F6  B0 02                    		mov	al,2 
 01F8  2E: FF 16 010C           		call	word ptr cs:[10Ch] 
 01FD  BE 955D                  		mov	si,data_160e 
 0200  2E: 8E 06 FF2C           		mov	es,cs:data_177e 
 0205  BF 3001 R                		mov	di,offset data_87+32h	; (' ') 
 0208  B0 05                    		mov	al,5 
 020A  2E: FF 16 010C           		call	word ptr cs:[10Ch] 
 020F  BB 1720                  		mov	bx,1720h 
 0212  B9 2270                  		mov	cx,2270h 
 0215  2E: FF 16 0000           		call	word ptr cs:data_91 
100OPDMO.asm(259) : error 9: Symbol not defined DATA_91
 021A  B8 0004                  		mov	ax,4 
 021D  2E: FF 16 0000           		call	word ptr cs:data_92 
100OPDMO.asm(261) : error 9: Symbol not defined DATA_92
 0222  C6 06 FF1A 00            		mov	byte ptr ds:data_172e,0 
 0227  1E                       		push	ds 
 0228  2E: 8E 1E FF2C           		mov	ds,cs:data_177e 
 022D  BE 3000                  		mov	si,3000h 
 0230  33 C0                    		xor	ax,ax			; Zero register 
 0232  CD 60                    		int	60h			; ??INT Non-standard interrupt 
 0234  1F                       		pop	ds 
 0235  2E: FF 16 3019 R         		call	word ptr cs:data_100 
 023A  B0 F0                    		mov	al,0F0h 
 023C  E8 03AF R                		call	sub_4 
 023F  32 C0                    		xor	al,al			; Zero register 
 0241  BB 0B48                  		mov	bx,0B48h 
 0244  B9 3180                  		mov	cx,3180h 
 0247  2E: 8E 06 FF2C           		mov	es,cs:data_177e 
 024C  BF 4000                  		mov	di,4000h 
 024F  2E: FF 16 0000           		call	word ptr cs:data_90 
100OPDMO.asm(277) : error 9: Symbol not defined DATA_90
 0254  C6 06 FF1A 00            		mov	byte ptr ds:data_172e,0 
 0259  2E: 8E 06 FF2C           		mov	es,cs:data_177e 
 025E  BE B000                  		mov	si,data_169e 
 0261  BF 4000                  		mov	di,data_137e 
 0264  E8 0DE5 R                		call	sub_15 
 0267  B0 F0                    		mov	al,0F0h 
 0269  E8 03AF R                		call	sub_4 
 026C  BB 070F                  		mov	bx,70Fh 
 026F  B9 4170                  		mov	cx,4170h 
 0272  2E: 8E 06 FF2C           		mov	es,cs:data_177e 
 0277  BF 4000                  		mov	di,4000h 
 027A  2E: FF 16 301B R         		call	word ptr cs:data_101 
 027F  C6 06 FF1A 00            		mov	byte ptr ds:data_172e,0 
 0284  2E: 8E 06 FF2C           		mov	es,cs:data_177e 
 0289  BE A000                  		mov	si,data_168e 
 028C  BF 4000                  		mov	di,data_137e 
 028F  E8 0DE5 R                		call	sub_15 
Microsoft (R) Macro Assembler  Version 4.00                 3/29/26 15:11:43

                                                            Page     1-9
                                                            

 0292  BE 912B                  		mov	si,data_154e 
 0295  2E: FF 16 301D R         		call	word ptr cs:data_102 
 029A  B0 F0                    		mov	al,0F0h 
 029C  E8 03AF R                		call	sub_4 
 029F  B8 00C7                  		mov	ax,0C7h 
 02A2  B9 0064                  		mov	cx,64h 
                                 
 02A5                           locloop_3: 
 02A5  51                       		push	cx 
 02A6  C6 06 FF1A 00            		mov	byte ptr ds:data_172e,0 
 02AB  50                       		push	ax 
 02AC  2E: FF 16 301F R         		call	word ptr cs:data_103 
 02B1  58                       		pop	ax 
 02B2  50                       		push	ax 
 02B3  8A C4                    		mov	al,ah 
 02B5  2E: FF 16 301F R         		call	word ptr cs:data_103 
 02BA  B0 50                    		mov	al,50h			; 'P' 
 02BC  E8 03AF R                		call	sub_4 
 02BF  58                       		pop	ax 
 02C0  80 C4 02                 		add	ah,2 
 02C3  2C 02                    		sub	al,2 
 02C5  59                       		pop	cx 
 02C6  E2 DD                    		loop	locloop_3		; Loop if cx > 0 
                                 
 02C8                           loc_4: 
 02C8  E8 03D0 R                		call	sub_5 
 02CB  F6 06 FF26 FF            		test	byte ptr ds:data_175e,0FFh 
 02D0  74 F6                    		jz	loc_4			; Jump if zero 
 02D2  E9 03E9 R                		jmp	loc_17 
                                 
                                _100OPDMO	endp 
                                 
                                ;ﬂﬂﬂﬂﬂﬂﬂﬂﬂﬂﬂﬂﬂﬂﬂﬂﬂﬂﬂﬂﬂﬂﬂﬂﬂﬂﬂﬂﬂﬂﬂﬂﬂﬂﬂﬂﬂﬂﬂﬂﬂﬂﬂﬂﬂﬂﬂﬂﬂﬂﬂﬂﬂﬂﬂﬂﬂﬂﬂﬂﬂﬂﬂﬂﬂﬂﬂﬂﬂﬂﬂﬂﬂﬂ 
                                ;                              SUBROUTINE 
                                ;‹‹‹‹‹‹‹‹‹‹‹‹‹‹‹‹‹‹‹‹‹‹‹‹‹‹‹‹‹‹‹‹‹‹‹‹‹‹‹‹‹‹‹‹‹‹‹‹‹‹‹‹‹‹‹‹‹‹‹‹‹‹‹‹‹‹‹‹‹‹‹‹‹‹ 
                                 
 02D5                           sub_1		proc	near 
 02D5  C6 06 653F 8A            		mov	byte ptr ds:data_140e,8Ah 
 02DA                           loc_5: 
 02DA  C6 06 FF1A 00            		mov	byte ptr ds:data_172e,0 
 02DF                           loc_6: 
 02DF  AC                       		lodsb				; String [si] to al 
 02E0  0A C0                    		or	al,al			; Zero ? 
 02E2  75 01                    		jnz	loc_7			; Jump if not zero 
                                		retn 
 02E4  C3                     1                 db     0C3h
 02E5                           loc_7: 
 02E5  3C 05                    		cmp	al,5 
 02E7  73 0E                    		jae	loc_8			; Jump if above or = 
 02E9  56                       		push	si 
 02EA  FE C8                    		dec	al 
 02EC  BB 1F70                  		mov	bx,1F70h 
 02EF  2E: FF 16 3017 R         		call	word ptr cs:data_99 
 02F4  5E                       		pop	si 
 02F5  EB E8                    		jmp	short loc_6 
Microsoft (R) Macro Assembler  Version 4.00                 3/29/26 15:11:43

                                                            Page     1-10
                                                            

 02F7                           loc_8: 
 02F7  E8 0301 R                		call	sub_2 
 02FA  B0 14                    		mov	al,14h 
 02FC  E8 03AF R                		call	sub_4 
 02FF  EB D9                    		jmp	short loc_5 
                                sub_1		endp 
                                 
                                 
                                ;ﬂﬂﬂﬂﬂﬂﬂﬂﬂﬂﬂﬂﬂﬂﬂﬂﬂﬂﬂﬂﬂﬂﬂﬂﬂﬂﬂﬂﬂﬂﬂﬂﬂﬂﬂﬂﬂﬂﬂﬂﬂﬂﬂﬂﬂﬂﬂﬂﬂﬂﬂﬂﬂﬂﬂﬂﬂﬂﬂﬂﬂﬂﬂﬂﬂﬂﬂﬂﬂﬂﬂﬂﬂﬂ 
                                ;                              SUBROUTINE 
                                ;‹‹‹‹‹‹‹‹‹‹‹‹‹‹‹‹‹‹‹‹‹‹‹‹‹‹‹‹‹‹‹‹‹‹‹‹‹‹‹‹‹‹‹‹‹‹‹‹‹‹‹‹‹‹‹‹‹‹‹‹‹‹‹‹‹‹‹‹‹‹‹‹‹‹ 
                                 
 0301                           sub_2		proc	near 
 0301  3C FF                    		cmp	al,0FFh 
 0303  75 1D                    		jne	loc_11			; Jump if not equal 
 0305  AC                       		lodsb				; String [si] to al 
 0306  0A C0                    		or	al,al			; Zero ? 
 0308  75 01                    		jnz	loc_9			; Jump if not zero 
                                		retn 
 030A  C3                     1                 db     0C3h
 030B                           loc_9: 
 030B  3C 01                    		cmp	al,1 
 030D  74 01                    		je	loc_10			; Jump if equal 
                                		retn 
 030F  C3                     1                 db     0C3h
 0310                           loc_10: 
 0310  33 C0                    		xor	ax,ax			; Zero register 
 0312  AC                       		lodsb				; String [si] to al 
 0313  03 C0                    		add	ax,ax 
 0315  03 C0                    		add	ax,ax 
 0317  03 C0                    		add	ax,ax 
 0319  A3 653D                  		mov	ds:data_139e,ax 
 031C  80 06 653F 0A            		add	byte ptr ds:data_140e,0Ah 
                                		retn 
 0321  C3                     1                 db     0C3h
 0322                           loc_11: 
 0322  50                       		push	ax 
 0323  56                       		push	si 
 0324  50                       		push	ax 
 0325  8B 1E 653D               		mov	bx,ds:data_139e 
 0329  83 C3 02                 		add	bx,2 
 032C  8A 0E 653F               		mov	cl,ds:data_140e 
 0330  80 C1 01                 		add	cl,1 
 0333  B4 02                    		mov	ah,2 
 0335  2E: FF 16 3031 R         		call	word ptr cs:data_108 
 033A  58                       		pop	ax 
 033B  8B 1E 653D               		mov	bx,ds:data_139e 
 033F  8A 0E 653F               		mov	cl,ds:data_140e 
 0343  B4 07                    		mov	ah,7 
 0345  2E: FF 16 3031 R         		call	word ptr cs:data_108 
 034A  5E                       		pop	si 
 034B  83 06 653D 08            		add	word ptr ds:data_139e,8 
 0350  58                       		pop	ax 
 0351  3C 20                    		cmp	al,20h			; ' ' 
 0353  75 01                    		jne	loc_12			; Jump if not equal 
Microsoft (R) Macro Assembler  Version 4.00                 3/29/26 15:11:43

                                                            Page     1-11
                                                            

                                		retn 
 0355  C3                     1                 db     0C3h
 0356                           loc_12: 
 0356  C6 06 FF75 3F            		mov	byte ptr ds:data_178e,3Fh	; '?' 
                                		retn 
 035B  C3                     1                 db     0C3h
                                sub_2		endp 
                                 
                                 
                                ;ﬂﬂﬂﬂﬂﬂﬂﬂﬂﬂﬂﬂﬂﬂﬂﬂﬂﬂﬂﬂﬂﬂﬂﬂﬂﬂﬂﬂﬂﬂﬂﬂﬂﬂﬂﬂﬂﬂﬂﬂﬂﬂﬂﬂﬂﬂﬂﬂﬂﬂﬂﬂﬂﬂﬂﬂﬂﬂﬂﬂﬂﬂﬂﬂﬂﬂﬂﬂﬂﬂﬂﬂﬂﬂ 
                                ;                              SUBROUTINE 
                                ;‹‹‹‹‹‹‹‹‹‹‹‹‹‹‹‹‹‹‹‹‹‹‹‹‹‹‹‹‹‹‹‹‹‹‹‹‹‹‹‹‹‹‹‹‹‹‹‹‹‹‹‹‹‹‹‹‹‹‹‹‹‹‹‹‹‹‹‹‹‹‹‹‹‹ 
                                 
 035C                           sub_3		proc	near 
 035C  BB 0020                  		mov	bx,20h 
 035F  B9 5078                  		mov	cx,5078h 
 0362  2E: FF 16 300B R         		call	word ptr cs:data_93 
 0367  BE 6FF0                  		mov	si,6FF0h 
 036A                           loc_13: 
 036A  2E: FF 16 300D R         		call	word ptr cs:data_94 
 036F  56                       		push	si 
 0370  B9 000A                  		mov	cx,0Ah 
                                 
 0373                           locloop_14: 
 0373  51                       		push	cx 
 0374  8B C1                    		mov	ax,cx 
 0376  F7 D8                    		neg	ax 
 0378  05 000A                  		add	ax,0Ah 
 037B  BB 0020                  		mov	bx,20h 
 037E  B9 5078                  		mov	cx,5078h 
 0381  2E: FF 16 300F R         		call	word ptr cs:data_95 
 0386  B0 1C                    		mov	al,1Ch 
 0388  E8 03AF R                		call	sub_4 
 038B  59                       		pop	cx 
 038C  E2 E5                    		loop	locloop_14		; Loop if cx > 0 
                                 
 038E  5E                       		pop	si 
 038F  80 7C FF FF              		cmp	byte ptr [si-1],0FFh 
 0393  75 D5                    		jne	loc_13			; Jump if not equal 
 0395  B9 0078                  		mov	cx,78h 
                                 
 0398                           locloop_15: 
 0398  51                       		push	cx 
 0399  33 C0                    		xor	ax,ax			; Zero register 
 039B  BB 0020                  		mov	bx,20h 
 039E  B9 5078                  		mov	cx,5078h 
 03A1  2E: FF 16 300F R         		call	word ptr cs:data_95 
 03A6  B0 1C                    		mov	al,1Ch 
 03A8  E8 03AF R                		call	sub_4 
 03AB  59                       		pop	cx 
 03AC  E2 EA                    		loop	locloop_15		; Loop if cx > 0 
                                 
                                		retn 
 03AE  C3                     1                 db     0C3h
                                sub_3		endp 
Microsoft (R) Macro Assembler  Version 4.00                 3/29/26 15:11:43

                                                            Page     1-12
                                                            

                                 
                                 
                                ;ﬂﬂﬂﬂﬂﬂﬂﬂﬂﬂﬂﬂﬂﬂﬂﬂﬂﬂﬂﬂﬂﬂﬂﬂﬂﬂﬂﬂﬂﬂﬂﬂﬂﬂﬂﬂﬂﬂﬂﬂﬂﬂﬂﬂﬂﬂﬂﬂﬂﬂﬂﬂﬂﬂﬂﬂﬂﬂﬂﬂﬂﬂﬂﬂﬂﬂﬂﬂﬂﬂﬂﬂﬂﬂ 
                                ;                              SUBROUTINE 
                                ;‹‹‹‹‹‹‹‹‹‹‹‹‹‹‹‹‹‹‹‹‹‹‹‹‹‹‹‹‹‹‹‹‹‹‹‹‹‹‹‹‹‹‹‹‹‹‹‹‹‹‹‹‹‹‹‹‹‹‹‹‹‹‹‹‹‹‹‹‹‹‹‹‹‹ 
                                 
 03AF                           sub_4		proc	near 
 03AF                           loc_16: 
 03AF  2E: F6 06 FF1D FF        		test	byte ptr cs:data_173e,0FFh 
 03B5  75 32                    		jnz	loc_17			; Jump if not zero 
 03B7  2E: 80 3E FF29 0D        		cmp	byte ptr cs:data_176e,0Dh 
 03BD  74 2A                    		je	loc_17			; Jump if equal 
 03BF  E8 03D0 R                		call	sub_5 
 03C2  2E: 38 06 FF1A           		cmp	cs:data_172e,al 
 03C7  72 E6                    		jb	loc_16			; Jump if below 
 03C9  2E: C6 06 FF1A 00        		mov	byte ptr cs:data_172e,0 
                                		retn 
 03CF  C3                     1                 db     0C3h
                                 
                                ;ﬂﬂﬂﬂ External Entry into Subroutine ﬂﬂﬂﬂﬂﬂﬂﬂﬂﬂﬂﬂﬂﬂﬂﬂﬂﬂﬂﬂﬂﬂﬂﬂﬂﬂﬂﬂﬂﬂﬂﬂﬂﬂﬂﬂﬂﬂ 
                                 
 03D0                           sub_5: 
 03D0  56                       		push	si 
 03D1  50                       		push	ax 
 03D2  2E: FF 16 0110           		call	word ptr cs:[110h] 
 03D7  2E: FF 16 0112           		call	word ptr cs:[112h] 
 03DC  2E: FF 16 0116           		call	word ptr cs:[116h] 
 03E1  2E: FF 16 0118           		call	word ptr cs:[118h] 
 03E6  58                       		pop	ax 
 03E7  5E                       		pop	si 
                                		retn 
 03E8  C3                     1                 db     0C3h
 03E9                           loc_17: 
 03E9  C6 06 FF24 08            		mov	byte ptr ds:data_174e,8 
 03EE  B0 FF                    		mov	al,0FFh 
 03F0  BB 0000                  		mov	bx,0 
 03F3  B9 50C8                  		mov	cx,50C8h 
 03F6  2E: FF 16 0000           		call	word ptr cs:data_91 
100OPDMO.asm(488) : error 9: Symbol not defined DATA_91
 03FB                           loc_18: 
 03FB  F6 06 FF26 FF            		test	byte ptr ds:data_175e,0FFh 
 0400  74 F9                    		jz	loc_18			; Jump if zero 
 0402  2E: C6 06 FF1D 00        		mov	byte ptr cs:data_173e,0 
 0408  2E: C6 06 FF29 00        		mov	byte ptr cs:data_176e,0 
 040E  EB 00                    		jmp	short $+2		; delay for I/O 
 0410  FA                       		cli				; Disable interrupts 
 0411  BC 2000                  		mov	sp,2000h 
 0414  FB                       		sti				; Enable interrupts 
 0415  0E                       		push	cs 
 0416  1F                       		pop	ds 
 0417  2E: FF 16 0000           		call	word ptr cs:data_51 
100OPDMO.asm(500) : error 9: Symbol not defined DATA_51
 041C  BE 9589                  		mov	si,9589h 
 041F  2E: 8E 06 FF2C           		mov	es,cs:data_177e 
 0424  BF 3000                  		mov	di,3000h 
Microsoft (R) Macro Assembler  Version 4.00                 3/29/26 15:11:43

                                                            Page     1-13
                                                            

 0427  B0 05                    		mov	al,5 
 0429  2E: FF 16 010C           		call	word ptr cs:[10Ch] 
 042E  C6 06 FF1A 00            		mov	byte ptr ds:data_172e,0 
 0433  1E                       		push	ds 
 0434  2E: 8E 1E FF2C           		mov	ds,cs:data_177e 
 0439  BE 3000                  		mov	si,3000h 
 043C  33 C0                    		xor	ax,ax			; Zero register 
 043E  CD 60                    		int	60h			; ??INT Non-standard interrupt 
 0440  1F                       		pop	ds 
 0441  2E: C6 06 FF1D 00        		mov	byte ptr cs:data_173e,0 
 0447  2E: C6 06 FF29 00        		mov	byte ptr cs:data_176e,0 
 044D  B8 0001                  		mov	ax,1 
 0450  2E: FF 16 0000           		call	word ptr cs:data_92 
100OPDMO.asm(516) : error 9: Symbol not defined DATA_92
 0455  E8 049B R                		call	sub_7 
 0458  EB 21                    		jmp	short loc_20 
                                 
                                ;ﬂﬂﬂﬂ External Entry into Subroutine ﬂﬂﬂﬂﬂﬂﬂﬂﬂﬂﬂﬂﬂﬂﬂﬂﬂﬂﬂﬂﬂﬂﬂﬂﬂﬂﬂﬂﬂﬂﬂﬂﬂﬂﬂﬂﬂﬂ 
                                 
 045A                           sub_6: 
 045A                           loc_19: 
 045A  2E: F6 06 FF1D FF        		test	byte ptr cs:data_173e,0FFh 
 0460  75 19                    		jnz	loc_20			; Jump if not zero 
 0462  2E: 80 3E FF29 0D        		cmp	byte ptr cs:data_176e,0Dh 
 0468  74 11                    		je	loc_20			; Jump if equal 
 046A  E8 03D0 R                		call	sub_5 
 046D  2E: 38 06 FF1A           		cmp	cs:data_172e,al 
 0472  72 E6                    		jb	loc_19			; Jump if below 
 0474  2E: C6 06 FF1A 00        		mov	byte ptr cs:data_172e,0 
                                		retn 
 047A  C3                     1                 db     0C3h
 047B                           loc_20: 
 047B  C6 06 FF24 08            		mov	byte ptr ds:data_174e,8 
 0480  2E: FF 16 0000           		call	word ptr cs:data_51 
100OPDMO.asm(535) : error 9: Symbol not defined DATA_51
 0485                           loc_21: 
 0485  F6 06 FF26 FF            		test	byte ptr ds:data_175e,0FFh 
 048A  74 F9                    		jz	loc_21			; Jump if zero 
 048C  2E: C6 06 FF1D 00        		mov	byte ptr cs:data_173e,0 
 0492  2E: C6 06 FF29 00        		mov	byte ptr cs:data_176e,0 
 0498  E9 0544 R                		jmp	loc_25 
                                 
                                ;ﬂﬂﬂﬂ External Entry into Subroutine ﬂﬂﬂﬂﬂﬂﬂﬂﬂﬂﬂﬂﬂﬂﬂﬂﬂﬂﬂﬂﬂﬂﬂﬂﬂﬂﬂﬂﬂﬂﬂﬂﬂﬂﬂﬂﬂﬂ 
                                 
 049B                           sub_7: 
 049B  BB 0020                  		mov	bx,20h 
 049E  B9 5078                  		mov	cx,5078h 
 04A1  2E: FF 16 300B R         		call	word ptr cs:data_93 
 04A6  BE 742F                  		mov	si,742Fh 
 04A9                           loc_22: 
 04A9  2E: FF 16 300D R         		call	word ptr cs:data_94 
 04AE  56                       		push	si 
 04AF  B9 000A                  		mov	cx,0Ah 
                                 
 04B2                           locloop_23: 
Microsoft (R) Macro Assembler  Version 4.00                 3/29/26 15:11:43

                                                            Page     1-14
                                                            

 04B2  51                       		push	cx 
 04B3  8B C1                    		mov	ax,cx 
 04B5  F7 D8                    		neg	ax 
 04B7  05 000A                  		add	ax,0Ah 
 04BA  BB 0020                  		mov	bx,20h 
 04BD  B9 5078                  		mov	cx,5078h 
 04C0  2E: FF 16 300F R         		call	word ptr cs:data_95 
 04C5  B0 1C                    		mov	al,1Ch 
 04C7  E8 045A R                		call	sub_6 
 04CA  59                       		pop	cx 
 04CB  E2 E5                    		loop	locloop_23		; Loop if cx > 0 
                                 
 04CD  5E                       		pop	si 
 04CE  80 7C FF FF              		cmp	byte ptr [si-1],0FFh 
 04D2  75 D5                    		jne	loc_22			; Jump if not equal 
 04D4  B9 0078                  		mov	cx,78h 
                                 
 04D7                           locloop_24: 
 04D7  51                       		push	cx 
 04D8  33 C0                    		xor	ax,ax			; Zero register 
 04DA  BB 0020                  		mov	bx,20h 
 04DD  B9 5078                  		mov	cx,5078h 
 04E0  2E: FF 16 300F R         		call	word ptr cs:data_95 
 04E5  B0 1C                    		mov	al,1Ch 
 04E7  E8 045A R                		call	sub_6 
 04EA  59                       		pop	cx 
 04EB  E2 EA                    		loop	locloop_24		; Loop if cx > 0 
                                 
                                		retn 
 04ED  C3                     1                 db     0C3h
 04EE  87 20                    		db	 87h, 20h 
 04F0  20 20 20 43 6F 70 79     		db	'   Copyright (C)1987,1990 GAME A' 
       72 69 67 68 74 20 28     
       43 29 31 39 38 37 2C     
       31 39 39 30 20 47 41     
       4D 45 20 41              
 0510  52 54 53 20 20 20 20     		db	'RTS    ', 0Dh, '    Copyright (C' 
       0D 20 20 20 20 43 6F     
       70 79 72 69 67 68 74     
       20 28 43                 
 0528  29 31 39 39 30 20 53     		db	')1990 Sierra On-Line    ' 
       69 65 72 72 61 20 4F     
       6E 2D 4C 69 6E 65 20     
       20 20 20                 
 0540  FF 00 00 00              		db	0FFh, 00h, 00h, 00h 
 0544                           loc_25: 
 0544  FA                       		cli				; Disable interrupts 
 0545  BC 2000                  		mov	sp,2000h 
 0548  FB                       		sti				; Enable interrupts 
 0549  2E: C6 06 FF1D 00        		mov	byte ptr cs:data_173e,0 
 054F  2E: C6 06 FF29 00        		mov	byte ptr cs:data_176e,0 
 0555  2E: C7 06 6D56 79C6      		mov	word ptr cs:data_142e,79C6h 
 055C  B8 0005                  		mov	ax,5 
 055F  2E: FF 16 0000           		call	word ptr cs:data_92 
100OPDMO.asm(598) : error 9: Symbol not defined DATA_92
Microsoft (R) Macro Assembler  Version 4.00                 3/29/26 15:11:43

                                                            Page     1-15
                                                            

 0564  0E                       		push	cs 
 0565  07                       		pop	es 
 0566  BE 9594                  		mov	si,9594h 
 0569  BF A000                  		mov	di,0A000h 
 056C  B0 02                    		mov	al,2 
 056E  2E: FF 16 010C           		call	word ptr cs:[10Ch] 
 0573  8C C8                    		mov	ax,cs 
 0575  05 2000                  		add	ax,2000h 
 0578  8E C0                    		mov	es,ax 
 057A  BE A000                  		mov	si,data_168e 
 057D  BF 0000                  		mov	di,0 
 0580  E8 0D62 R                		call	sub_13 
 0583  0E                       		push	cs 
 0584  07                       		pop	es 
 0585  BE 959F                  		mov	si,data_163e 
 0588  BF A000                  		mov	di,data_168e 
 058B  B0 02                    		mov	al,2 
 058D  2E: FF 16 010C           		call	word ptr cs:[10Ch] 
 0592  2E: 8E 06 FF2C           		mov	es,cs:data_177e 
 0597  BE A000                  		mov	si,data_168e 
 059A  BF 4000                  		mov	di,data_137e 
 059D  E8 0D62 R                		call	sub_13 
 05A0  BB 0000                  		mov	bx,0 
 05A3  B9 5088                  		mov	cx,5088h 
 05A6  8C C8                    		mov	ax,cs 
 05A8  05 2000                  		add	ax,2000h 
 05AB  8E C0                    		mov	es,ax 
 05AD  BF 0000                  		mov	di,0 
 05B0  2E: FF 16 3011 R         		call	word ptr cs:data_96 
 05B5  BB 0410                  		mov	bx,410h 
 05B8  B9 4868                  		mov	cx,4868h 
 05BB  2E: 8E 06 FF2C           		mov	es,cs:data_177e 
 05C0  BF 4000                  		mov	di,data_137e 
 05C3  2E: FF 16 3011 R         		call	word ptr cs:data_96 
 05C8  E8 0A79 R                		call	sub_10 
 05CB  B8 0009                  		mov	ax,9 
 05CE  2E: FF 16 0000           		call	word ptr cs:data_92 
100OPDMO.asm(635) : error 9: Symbol not defined DATA_92
 05D3  BB 0410                  		mov	bx,410h 
 05D6  B9 4868                  		mov	cx,4868h 
 05D9  2E: 8E 06 FF2C           		mov	es,cs:data_177e 
 05DE  BF 4000                  		mov	di,4000h 
 05E1  2E: FF 16 3011 R         		call	word ptr cs:data_96 
 05E6  0E                       		push	cs 
 05E7  07                       		pop	es 
 05E8  BE 95A9                  		mov	si,95A9h 
 05EB  BF A000                  		mov	di,0A000h 
 05EE  B0 02                    		mov	al,2 
 05F0  2E: FF 16 010C           		call	word ptr cs:[10Ch] 
 05F5  2E: 8E 06 FF2C           		mov	es,cs:data_177e 
 05FA  BE A000                  		mov	si,data_168e 
 05FD  BF 4000                  		mov	di,data_137e 
 0600  E8 0D62 R                		call	sub_13 
 0603  E8 0A79 R                		call	sub_10 
 0606  33 C0                    		xor	ax,ax			; Zero register 
Microsoft (R) Macro Assembler  Version 4.00                 3/29/26 15:11:43

                                                            Page     1-16
                                                            

 0608  2E: FF 16 3021 R         		call	word ptr cs:data_104 
 060D  B8 0006                  		mov	ax,6 
 0610  2E: FF 16 0000           		call	word ptr cs:data_92 
100OPDMO.asm(655) : error 9: Symbol not defined DATA_92
 0615  BB 0410                  		mov	bx,410h 
 0618  B9 4868                  		mov	cx,4868h 
 061B  2E: 8E 06 FF2C           		mov	es,cs:data_177e 
 0620  BF 4000                  		mov	di,4000h 
 0623  2E: FF 16 3011 R         		call	word ptr cs:data_96 
 0628  0E                       		push	cs 
 0629  07                       		pop	es 
 062A  BE 9551                  		mov	si,9551h 
 062D  BF A000                  		mov	di,0A000h 
 0630  B0 02                    		mov	al,2 
 0632  2E: FF 16 010C           		call	word ptr cs:[10Ch] 
 0637  2E: 8E 06 FF2C           		mov	es,cs:data_177e 
 063C  BE A000                  		mov	si,data_168e 
 063F  BF 97C0                  		mov	di,data_167e 
 0642  E8 0D62 R                		call	sub_13 
 0645  E8 0A79 R                		call	sub_10 
 0648  B0 04                    		mov	al,4 
 064A  E8 0E94 R                		call	sub_20 
 064D  8C C8                    		mov	ax,cs 
 064F  05 2000                  		add	ax,2000h 
 0652  8E C0                    		mov	es,ax 
 0654  BF 0000                  		mov	di,0 
 0657  E8 0EDD R                		call	sub_22 
 065A  BB 0410                  		mov	bx,410h 
 065D  B9 4868                  		mov	cx,4868h 
 0660  2E: 8E 06 FF2C           		mov	es,cs:data_177e 
 0665  BF 4000                  		mov	di,4000h 
 0668  2E: FF 16 3011 R         		call	word ptr cs:data_96 
 066D  E8 0A79 R                		call	sub_10 
 0670  E8 0A79 R                		call	sub_10 
 0673  8C C8                    		mov	ax,cs 
 0675  05 2000                  		add	ax,2000h 
 0678  8E C0                    		mov	es,ax 
 067A  BF 0000                  		mov	di,0 
 067D  BB 1728                  		mov	bx,1728h 
 0680  B9 2230                  		mov	cx,2230h 
 0683  B0 07                    		mov	al,7 
 0685  2E: FF 16 3023 R         		call	word ptr cs:data_105 
 068A  E8 0A79 R                		call	sub_10 
 068D  E8 0A79 R                		call	sub_10 
 0690  B0 02                    		mov	al,2 
 0692  E8 0E94 R                		call	sub_20 
 0695  8C C8                    		mov	ax,cs 
 0697  05 2000                  		add	ax,2000h 
 069A  8E C0                    		mov	es,ax 
 069C  BF 0000                  		mov	di,0 
 069F  BB 1728                  		mov	bx,1728h 
 06A2  B9 2230                  		mov	cx,2230h 
 06A5  2E: FF 16 3011 R         		call	word ptr cs:data_96 
 06AA  2E: C6 06 FF1A 00        		mov	byte ptr cs:data_172e,0 
 06B0  B0 0F                    		mov	al,0Fh 
Microsoft (R) Macro Assembler  Version 4.00                 3/29/26 15:11:43

                                                            Page     1-17
                                                            

 06B2  E8 0A0B R                		call	sub_8 
 06B5  B0 03                    		mov	al,3 
 06B7  E8 0E94 R                		call	sub_20 
 06BA  8C C8                    		mov	ax,cs 
 06BC  05 2000                  		add	ax,2000h 
 06BF  8E C0                    		mov	es,ax 
 06C1  BF 0000                  		mov	di,0 
 06C4  BB 1728                  		mov	bx,1728h 
 06C7  B9 2230                  		mov	cx,2230h 
 06CA  2E: FF 16 3011 R         		call	word ptr cs:data_96 
 06CF  0E                       		push	cs 
 06D0  07                       		pop	es 
 06D1  BE 95B4                  		mov	si,data_164e 
 06D4  BF A000                  		mov	di,0A000h 
 06D7  B0 02                    		mov	al,2 
 06D9  2E: FF 16 010C           		call	word ptr cs:[10Ch] 
 06DE  2E: 8E 06 FF2C           		mov	es,cs:data_177e 
 06E3  BE A000                  		mov	si,data_168e 
 06E6  BF 4000                  		mov	di,data_137e 
 06E9  E8 0D62 R                		call	sub_13 
 06EC  BB 0410                  		mov	bx,410h 
 06EF  B9 4868                  		mov	cx,4868h 
 06F2  2E: FF 16 0000           		call	word ptr cs:data_91 
100OPDMO.asm(729) : error 9: Symbol not defined DATA_91
 06F7  E8 0A79 R                		call	sub_10 
 06FA  B8 0007                  		mov	ax,7 
 06FD  2E: FF 16 0000           		call	word ptr cs:data_92 
100OPDMO.asm(732) : error 9: Symbol not defined DATA_92
 0702  B0 FF                    		mov	al,0FFh 
 0704  BB 0410                  		mov	bx,410h 
 0707  B9 4868                  		mov	cx,4868h 
 070A  2E: 8E 06 FF2C           		mov	es,cs:data_177e 
 070F  BF 4000                  		mov	di,4000h 
 0712  2E: FF 16 0000           		call	word ptr cs:data_90 
100OPDMO.asm(738) : error 9: Symbol not defined DATA_90
 0717  E8 0A79 R                		call	sub_10 
 071A  0E                       		push	cs 
 071B  07                       		pop	es 
 071C  BE 95BE                  		mov	si,95BEh 
 071F  BF A000                  		mov	di,0A000h 
 0722  B0 02                    		mov	al,2 
 0724  2E: FF 16 010C           		call	word ptr cs:[10Ch] 
 0729  2E: 8E 06 FF2C           		mov	es,cs:data_177e 
 072E  BE A000                  		mov	si,data_168e 
 0731  BF 4000                  		mov	di,data_137e 
 0734  E8 0D62 R                		call	sub_13 
 0737  32 C0                    		xor	al,al			; Zero register 
 0739  BB 0410                  		mov	bx,410h 
 073C  B9 4868                  		mov	cx,4868h 
 073F  2E: 8E 06 FF2C           		mov	es,cs:data_177e 
 0744  BF 4000                  		mov	di,data_137e 
 0747  2E: FF 16 0000           		call	word ptr cs:data_90 
100OPDMO.asm(755) : error 9: Symbol not defined DATA_90
 074C  E8 0A79 R                		call	sub_10 
 074F  E8 0A79 R                		call	sub_10 
Microsoft (R) Macro Assembler  Version 4.00                 3/29/26 15:11:43

                                                            Page     1-18
                                                            

 0752  0E                       		push	cs 
 0753  07                       		pop	es 
 0754  BE 95C8                  		mov	si,95C8h 
 0757  BF A000                  		mov	di,0A000h 
 075A  B0 02                    		mov	al,2 
 075C  2E: FF 16 010C           		call	word ptr cs:[10Ch] 
 0761  2E: 8E 06 FF2C           		mov	es,cs:data_177e 
 0766  BE A000                  		mov	si,data_168e 
 0769  BF 4000                  		mov	di,data_137e 
 076C  E8 0D62 R                		call	sub_13 
 076F  BF 4000                  		mov	di,data_137e 
 0772  BB 1610                  		mov	bx,1610h 
 0775  B9 2468                  		mov	cx,2468h 
 0778  B0 05                    		mov	al,5 
 077A  2E: FF 16 3023 R         		call	word ptr cs:data_105 
 077F  E8 0A79 R                		call	sub_10 
 0782  33 C0                    		xor	ax,ax			; Zero register 
 0784  2E: FF 16 3021 R         		call	word ptr cs:data_104 
 0789  E8 0A79 R                		call	sub_10 
 078C  0E                       		push	cs 
 078D  07                       		pop	es 
 078E  BE 95D2                  		mov	si,95D2h 
 0791  BF A000                  		mov	di,0A000h 
 0794  B0 02                    		mov	al,2 
 0796  2E: FF 16 010C           		call	word ptr cs:[10Ch] 
 079B  2E: 8E 06 FF2C           		mov	es,cs:data_177e 
 07A0  BE A000                  		mov	si,data_168e 
 07A3  BF 4000                  		mov	di,data_137e 
 07A6  E8 0D62 R                		call	sub_13 
 07A9  B0 FF                    		mov	al,0FFh 
 07AB  BB 0410                  		mov	bx,410h 
 07AE  B9 4868                  		mov	cx,4868h 
 07B1  2E: 8E 06 FF2C           		mov	es,cs:data_177e 
 07B6  BF 4000                  		mov	di,data_137e 
 07B9  2E: FF 16 0000           		call	word ptr cs:data_90 
100OPDMO.asm(792) : error 9: Symbol not defined DATA_90
 07BE  0E                       		push	cs 
 07BF  07                       		pop	es 
 07C0  BE 95FE                  		mov	si,data_165e 
 07C3  BF A000                  		mov	di,data_168e 
 07C6  B0 02                    		mov	al,2 
 07C8  2E: FF 16 010C           		call	word ptr cs:[10Ch] 
 07CD  2E: 8E 06 FF2C           		mov	es,cs:data_177e 
 07D2  BE A000                  		mov	si,data_168e 
 07D5  BF 4000                  		mov	di,data_137e 
 07D8  E8 0D62 R                		call	sub_13 
 07DB  0E                       		push	cs 
 07DC  07                       		pop	es 
 07DD  BE 9609                  		mov	si,data_166e 
 07E0  BF A000                  		mov	di,data_168e 
 07E3  B0 02                    		mov	al,2 
 07E5  2E: FF 16 010C           		call	word ptr cs:[10Ch] 
 07EA  2E: 8E 06 FF2C           		mov	es,cs:data_177e 
 07EF  BE A000                  		mov	si,data_168e 
 07F2  BF 8000                  		mov	di,data_149e 
Microsoft (R) Macro Assembler  Version 4.00                 3/29/26 15:11:43

                                                            Page     1-19
                                                            

 07F5  E8 0D62 R                		call	sub_13 
 07F8  E8 0A79 R                		call	sub_10 
 07FB  E8 0A79 R                		call	sub_10 
 07FE  33 C0                    		xor	ax,ax			; Zero register 
 0800  2E: FF 16 3021 R         		call	word ptr cs:data_104 
 0805  B8 0006                  		mov	ax,6 
 0808  2E: FF 16 0000           		call	word ptr cs:data_92 
100OPDMO.asm(818) : error 9: Symbol not defined DATA_92
 080D  BB 0A15                  		mov	bx,0A15h 
 0810  B9 1A5D                  		mov	cx,1A5Dh 
 0813  2E: FF 16 3025 R         		call	word ptr cs:data_106 
 0818  2E: 8E 06 FF2C           		mov	es,cs:data_177e 
 081D  BF 4000                  		mov	di,4000h 
 0820  BB 0B18                  		mov	bx,0B18h 
 0823  B9 1858                  		mov	cx,1858h 
 0826  2E: FF 16 3011 R         		call	word ptr cs:data_96 
 082B  BB 2C15                  		mov	bx,2C15h 
 082E  B9 1A5D                  		mov	cx,1A5Dh 
 0831  2E: FF 16 3025 R         		call	word ptr cs:data_106 
 0836  2E: 8E 06 FF2C           		mov	es,cs:data_177e 
 083B  BF 8000                  		mov	di,8000h 
 083E  BB 2D18                  		mov	bx,2D18h 
 0841  B9 1858                  		mov	cx,1858h 
 0844  2E: FF 16 3011 R         		call	word ptr cs:data_96 
 0849  E8 0A79 R                		call	sub_10 
 084C  E8 0A79 R                		call	sub_10 
 084F  0E                       		push	cs 
 0850  07                       		pop	es 
 0851  BE 9613                  		mov	si,9613h 
 0854  BF A000                  		mov	di,0A000h 
 0857  B0 02                    		mov	al,2 
 0859  2E: FF 16 010C           		call	word ptr cs:[10Ch] 
 085E  2E: 8E 06 FF2C           		mov	es,cs:data_177e 
 0863  BE A000                  		mov	si,data_168e 
 0866  BF 8000                  		mov	di,data_149e 
 0869  E8 0D62 R                		call	sub_13 
 086C  33 C0                    		xor	ax,ax			; Zero register 
 086E  2E: FF 16 3021 R         		call	word ptr cs:data_104 
 0873  B8 0008                  		mov	ax,8 
 0876  2E: FF 16 0000           		call	word ptr cs:data_92 
100OPDMO.asm(850) : error 9: Symbol not defined DATA_92
 087B  BB 1515                  		mov	bx,1515h 
 087E  B9 315D                  		mov	cx,315Dh 
 0881  2E: FF 16 3025 R         		call	word ptr cs:data_106 
 0886  2E: 8E 06 FF2C           		mov	es,cs:data_177e 
 088B  BF 8000                  		mov	di,data_149e 
 088E  BB 1618                  		mov	bx,1618h 
 0891  2E: FF 16 3027 R         		call	word ptr cs:data_107 
 0896  E8 0A79 R                		call	sub_10 
 0899  E8 0A79 R                		call	sub_10 
 089C  BB 1515                  		mov	bx,1515h 
 089F  BA 315D                  		mov	dx,315Dh 
 08A2  B9 0018                  		mov	cx,18h 
                                 
 08A5                           locloop_26: 
Microsoft (R) Macro Assembler  Version 4.00                 3/29/26 15:11:43

                                                            Page     1-20
                                                            

 08A5  51                       		push	cx 
 08A6  52                       		push	dx 
 08A7  53                       		push	bx 
 08A8  2E: C6 06 FF1A 00        		mov	byte ptr cs:data_172e,0 
 08AE  8B CA                    		mov	cx,dx 
 08B0  2E: FF 16 3025 R         		call	word ptr cs:data_106 
 08B5  B0 0F                    		mov	al,0Fh 
 08B7  E8 0A0B R                		call	sub_8 
 08BA  5B                       		pop	bx 
 08BB  5A                       		pop	dx 
 08BC  FE C7                    		inc	bh 
 08BE  FE CE                    		dec	dh 
 08C0  59                       		pop	cx 
 08C1  E2 E2                    		loop	locloop_26		; Loop if cx > 0 
                                 
 08C3  BB 2C15                  		mov	bx,2C15h 
 08C6  B9 1A5D                  		mov	cx,1A5Dh 
 08C9  2E: FF 16 3025 R         		call	word ptr cs:data_106 
 08CE  BB 0A15                  		mov	bx,0A15h 
 08D1  B9 1A5D                  		mov	cx,1A5Dh 
 08D4  2E: FF 16 3025 R         		call	word ptr cs:data_106 
 08D9  2E: 8E 06 FF2C           		mov	es,cs:data_177e 
 08DE  BF 4000                  		mov	di,4000h 
 08E1  BB 0B18                  		mov	bx,0B18h 
 08E4  B9 1858                  		mov	cx,1858h 
 08E7  2E: FF 16 3011 R         		call	word ptr cs:data_96 
 08EC  E8 0A79 R                		call	sub_10 
 08EF  E8 0A79 R                		call	sub_10 
 08F2  BB 2C15                  		mov	bx,2C15h 
 08F5  BA 1A5D                  		mov	dx,1A5Dh 
 08F8  B9 0018                  		mov	cx,18h 
                                 
 08FB                           locloop_27: 
 08FB  51                       		push	cx 
 08FC  52                       		push	dx 
 08FD  53                       		push	bx 
 08FE  2E: C6 06 FF1A 00        		mov	byte ptr cs:data_172e,0 
 0904  8B CA                    		mov	cx,dx 
 0906  2E: FF 16 3025 R         		call	word ptr cs:data_106 
 090B  B0 0F                    		mov	al,0Fh 
 090D  E8 0A0B R                		call	sub_8 
 0910  5B                       		pop	bx 
 0911  5A                       		pop	dx 
 0912  FE C7                    		inc	bh 
 0914  FE CE                    		dec	dh 
 0916  59                       		pop	cx 
 0917  E2 E2                    		loop	locloop_27		; Loop if cx > 0 
                                 
 0919  33 C0                    		xor	ax,ax			; Zero register 
 091B  2E: FF 16 3021 R         		call	word ptr cs:data_104 
 0920  B8 0007                  		mov	ax,7 
 0923  2E: FF 16 0000           		call	word ptr cs:data_92 
100OPDMO.asm(916) : error 9: Symbol not defined DATA_92
 0928  0E                       		push	cs 
 0929  07                       		pop	es 
Microsoft (R) Macro Assembler  Version 4.00                 3/29/26 15:11:43

                                                            Page     1-21
                                                            

 092A  BE 95DD                  		mov	si,95DDh 
 092D  BF A000                  		mov	di,0A000h 
 0930  B0 02                    		mov	al,2 
 0932  2E: FF 16 010C           		call	word ptr cs:[10Ch] 
 0937  2E: 8E 06 FF2C           		mov	es,cs:data_177e 
 093C  BE A000                  		mov	si,data_168e 
 093F  BF 4000                  		mov	di,data_137e 
 0942  E8 0D62 R                		call	sub_13 
 0945  2E: 8E 06 FF2C           		mov	es,cs:data_177e 
 094A  BF 4000                  		mov	di,data_137e 
 094D  BB 1010                  		mov	bx,1010h 
 0950  B9 3160                  		mov	cx,3160h 
 0953  2E: FF 16 3011 R         		call	word ptr cs:data_96 
 0958  E8 0A79 R                		call	sub_10 
 095B  0E                       		push	cs 
 095C  07                       		pop	es 
 095D  BE 95E8                  		mov	si,95E8h 
 0960  BF A000                  		mov	di,0A000h 
 0963  B0 02                    		mov	al,2 
 0965  2E: FF 16 010C           		call	word ptr cs:[10Ch] 
 096A  BE 95F3                  		mov	si,95F3h 
 096D  BF D000                  		mov	di,0D000h 
 0970  B0 02                    		mov	al,2 
 0972  2E: FF 16 010C           		call	word ptr cs:[10Ch] 
 0977  2E: 8E 06 FF2C           		mov	es,cs:data_177e 
 097C  BE A000                  		mov	si,data_168e 
 097F  BF 4000                  		mov	di,data_137e 
 0982  E8 0D62 R                		call	sub_13 
 0985  BB 0000                  		mov	bx,0 
 0988  B9 50C8                  		mov	cx,50C8h 
 098B  2E: FF 16 0000           		call	word ptr cs:data_91 
100OPDMO.asm(949) : error 9: Symbol not defined DATA_91
 0990  BB 0808                  		mov	bx,808h 
 0993  2E: 8E 06 FF2C           		mov	es,cs:data_177e 
 0998  BF 4000                  		mov	di,data_9e 
 099B  E8 0FB1 R                		call	sub_24 
 099E  2E: 8E 06 FF2C           		mov	es,cs:data_177e 
 09A3  BE D000                  		mov	si,data_171e 
 09A6  BF D000                  		mov	di,data_171e 
 09A9  E8 0D62 R                		call	sub_13 
 09AC  2E: 8E 06 FF2C           		mov	es,cs:data_177e 
 09B1  BF 4000                  		mov	di,4000h 
 09B4  BE D000                  		mov	si,data_15e 
 09B7  E8 0F46 R                		call	sub_23 
 09BA  B0 FF                    		mov	al,0FFh 
 09BC  BB 0808                  		mov	bx,808h 
 09BF  B9 40C0                  		mov	cx,40C0h 
 09C2  2E: 8E 06 FF2C           		mov	es,cs:data_177e 
 09C7  BF 4000                  		mov	di,4000h 
 09CA  2E: FF 16 0000           		call	word ptr cs:data_90 
100OPDMO.asm(967) : error 9: Symbol not defined DATA_90
 09CF  2E: C6 06 FF1A 00        		mov	byte ptr cs:data_172e,0 
 09D5  B0 F0                    		mov	al,0F0h 
 09D7  E8 0A0B R                		call	sub_8 
 09DA  B0 FF                    		mov	al,0FFh 
Microsoft (R) Macro Assembler  Version 4.00                 3/29/26 15:11:43

                                                            Page     1-22
                                                            

 09DC  BB 0808                  		mov	bx,808h 
 09DF  B9 40C0                  		mov	cx,40C0h 
 09E2  2E: 8E 06 FF2C           		mov	es,cs:data_177e 
 09E7  BF 4000                  		mov	di,4000h 
 09EA  2E: FF 16 0000           		call	word ptr cs:data_89 
100OPDMO.asm(976) : error 9: Symbol not defined DATA_89
 09EF  B8 0001                  		mov	ax,1 
 09F2  2E: FF 16 0000           		call	word ptr cs:data_92 
100OPDMO.asm(978) : error 9: Symbol not defined DATA_92
 09F7  BE 7338                  		mov	si,7338h 
 09FA  E8 0D08 R                		call	sub_12 
 09FD  B9 000A                  		mov	cx,0Ah 
                                 
 0A00                           locloop_28: 
 0A00  51                       		push	cx 
 0A01  B0 C8                    		mov	al,0C8h 
 0A03  E8 0A0B R                		call	sub_8 
 0A06  59                       		pop	cx 
 0A07  E2 F7                    		loop	locloop_28		; Loop if cx > 0 
                                 
 0A09  EB 3A                    		jmp	short loc_30 
                                 
                                ;ﬂﬂﬂﬂ External Entry into Subroutine ﬂﬂﬂﬂﬂﬂﬂﬂﬂﬂﬂﬂﬂﬂﬂﬂﬂﬂﬂﬂﬂﬂﬂﬂﬂﬂﬂﬂﬂﬂﬂﬂﬂﬂﬂﬂﬂﬂ 
                                 
 0A0B                           sub_8: 
 0A0B                           loc_29: 
 0A0B  E8 0A1C R                		call	sub_9 
 0A0E  2E: 38 06 FF1A           		cmp	cs:data_172e,al 
 0A13  72 F6                    		jb	loc_29			; Jump if below 
 0A15  2E: C6 06 FF1A 00        		mov	byte ptr cs:data_172e,0 
                                		retn 
 0A1B  C3                     1                 db     0C3h
                                 
                                ;ﬂﬂﬂﬂ External Entry into Subroutine ﬂﬂﬂﬂﬂﬂﬂﬂﬂﬂﬂﬂﬂﬂﬂﬂﬂﬂﬂﬂﬂﬂﬂﬂﬂﬂﬂﬂﬂﬂﬂﬂﬂﬂﬂﬂﬂﬂ 
                                 
 0A1C                           sub_9: 
 0A1C  2E: F6 06 FF1D FF        		test	byte ptr cs:data_173e,0FFh 
 0A22  75 21                    		jnz	loc_30			; Jump if not zero 
 0A24  2E: 80 3E FF29 0D        		cmp	byte ptr cs:data_176e,0Dh 
 0A2A  74 19                    		je	loc_30			; Jump if equal 
 0A2C  56                       		push	si 
 0A2D  50                       		push	ax 
 0A2E  2E: FF 16 0110           		call	word ptr cs:[110h] 
 0A33  2E: FF 16 0112           		call	word ptr cs:[112h] 
 0A38  2E: FF 16 0116           		call	word ptr cs:[116h] 
 0A3D  2E: FF 16 0118           		call	word ptr cs:[118h] 
 0A42  58                       		pop	ax 
 0A43  5E                       		pop	si 
                                		retn 
 0A44  C3                     1                 db     0C3h
 0A45                           loc_30: 
 0A45  BB 0000                  		mov	bx,0 
 0A48  B9 50C8                  		mov	cx,50C8h 
 0A4B  2E: FF 16 0000           		call	word ptr cs:data_91 
100OPDMO.asm(1021) : error 9: Symbol not defined DATA_91
Microsoft (R) Macro Assembler  Version 4.00                 3/29/26 15:11:43

                                                            Page     1-23
                                                            

 0A50  2E: C6 06 FF1D 00        		mov	byte ptr cs:data_173e,0 
 0A56  2E: C6 06 FF29 00        		mov	byte ptr cs:data_176e,0 
 0A5C  8C C8                    		mov	ax,cs 
 0A5E  8E C0                    		mov	es,ax 
 0A60  8E D8                    		mov	ds,ax 
 0A62  BE 961E                  		mov	si,961Eh 
 0A65  BF A000                  		mov	di,0A000h 
 0A68  B0 03                    		mov	al,3 
 0A6A  2E: FF 16 010C           		call	word ptr cs:[10Ch] 
 0A6F  B8 FFFF                  		mov	ax,0FFFFh 
 0A72  2E: FF 26 6A73           		jmp	word ptr cs:data_141e 
                                sub_4		endp 
                                 
 0A77  00 A0                    		db	 00h,0A0h 
                                 
                                ;ﬂﬂﬂﬂﬂﬂﬂﬂﬂﬂﬂﬂﬂﬂﬂﬂﬂﬂﬂﬂﬂﬂﬂﬂﬂﬂﬂﬂﬂﬂﬂﬂﬂﬂﬂﬂﬂﬂﬂﬂﬂﬂﬂﬂﬂﬂﬂﬂﬂﬂﬂﬂﬂﬂﬂﬂﬂﬂﬂﬂﬂﬂﬂﬂﬂﬂﬂﬂﬂﬂﬂﬂﬂﬂ 
                                ;                              SUBROUTINE 
                                ;‹‹‹‹‹‹‹‹‹‹‹‹‹‹‹‹‹‹‹‹‹‹‹‹‹‹‹‹‹‹‹‹‹‹‹‹‹‹‹‹‹‹‹‹‹‹‹‹‹‹‹‹‹‹‹‹‹‹‹‹‹‹‹‹‹‹‹‹‹‹‹‹‹‹ 
                                 
 0A79                           sub_10		proc	near 
 0A79  2E: C6 06 FF1A 00        		mov	byte ptr cs:data_172e,0 
 0A7F                           loc_31: 
 0A7F  B0 10                    		mov	al,10h 
 0A81  E8 0A0B R                		call	sub_8 
 0A84                           loc_32: 
 0A84  0E                       		push	cs 
 0A85  1F                       		pop	ds 
 0A86  8B 36 6D56               		mov	si,ds:data_142e 
 0A8A  AC                       		lodsb				; String [si] to al 
 0A8B  89 36 6D56               		mov	ds:data_142e,si 
 0A8F  A8 80                    		test	al,80h 
 0A91  74 03                    		jz	loc_33			; Jump if zero 
 0A93  E9 0B25 R                		jmp	loc_37 
 0A96                           loc_33: 
 0A96  3C 20                    		cmp	al,20h			; ' ' 
 0A98  74 18                    		je	loc_34			; Jump if equal 
 0A9A  3C 2E                    		cmp	al,2Eh			; '.' 
 0A9C  74 14                    		je	loc_34			; Jump if equal 
 0A9E  3C 2C                    		cmp	al,2Ch			; ',' 
 0AA0  74 10                    		je	loc_34			; Jump if equal 
 0AA2  3C 22                    		cmp	al,22h			; '"' 
 0AA4  74 0C                    		je	loc_34			; Jump if equal 
 0AA6  3C 27                    		cmp	al,27h			; ''' 
 0AA8  74 08                    		je	loc_34			; Jump if equal 
 0AAA  8A 26 6D5D               		mov	ah,ds:data_147e 
 0AAE  88 26 FF75               		mov	ds:data_178e,ah 
 0AB2                           loc_34: 
 0AB2  50                       		push	ax 
 0AB3  8B 1E 6D58               		mov	bx,ds:data_143e 
 0AB7  83 C3 04                 		add	bx,4 
 0ABA  A0 6D5A                  		mov	al,ds:data_144e 
 0ABD  B2 0A                    		mov	dl,0Ah 
 0ABF  F6 E2                    		mul	dl			; ax = reg * al 
 0AC1  05 008F                  		add	ax,8Fh 
 0AC4  8B C8                    		mov	cx,ax 
Microsoft (R) Macro Assembler  Version 4.00                 3/29/26 15:11:43

                                                            Page     1-24
                                                            

 0AC6  58                       		pop	ax 
 0AC7  53                       		push	bx 
 0AC8  8A D8                    		mov	bl,al 
 0ACA  80 EB 20                 		sub	bl,20h			; ' ' 
 0ACD  32 FF                    		xor	bh,bh			; Zero register 
 0ACF  8A 97 947D               		mov	dl,ds:data_155e[bx] 
 0AD3  8A F7                    		mov	dh,bh 
 0AD5  5B                       		pop	bx 
 0AD6  50                       		push	ax 
 0AD7  2B DA                    		sub	bx,dx 
 0AD9  50                       		push	ax 
 0ADA  53                       		push	bx 
 0ADB  51                       		push	cx 
 0ADC  43                       		inc	bx 
 0ADD  41                       		inc	cx 
 0ADE  8A 26 6D5B               		mov	ah,ds:data_145e 
 0AE2  2E: FF 16 3031 R         		call	word ptr cs:data_108 
 0AE7  59                       		pop	cx 
 0AE8  5B                       		pop	bx 
 0AE9  58                       		pop	ax 
 0AEA  8A 26 6D5C               		mov	ah,ds:data_146e 
 0AEE  2E: FF 16 3031 R         		call	word ptr cs:data_108 
 0AF3  58                       		pop	ax 
 0AF4  8A D8                    		mov	bl,al 
 0AF6  80 EB 20                 		sub	bl,20h			; ' ' 
 0AF9  32 FF                    		xor	bh,bh			; Zero register 
 0AFB  8A 8F 94DD               		mov	cl,ds:data_156e[bx] 
 0AFF  8A EF                    		mov	ch,bh 
 0B01  01 0E 6D58               		add	ds:data_143e,cx 
 0B05  3C 20                    		cmp	al,20h			; ' ' 
 0B07  74 03                    		je	loc_35			; Jump if equal 
 0B09  E9 0A7F R                		jmp	loc_31 
 0B0C                           loc_35: 
 0B0C  8B 36 6D56               		mov	si,ds:data_142e 
 0B10  E8 0CC8 R                		call	sub_11 
 0B13  8B 16 6D58               		mov	dx,ds:data_143e 
 0B17  03 D1                    		add	dx,cx 
 0B19  81 FA 0138               		cmp	dx,138h 
 0B1D  72 03                    		jb	loc_36			; Jump if below 
 0B1F  E9 0BF4 R                		jmp	loc_54 
 0B22                           loc_36: 
 0B22  E9 0A7F R                		jmp	loc_31 
 0B25                           loc_37: 
 0B25  3C FF                    		cmp	al,0FFh 
 0B27  75 01                    		jne	loc_38			; Jump if not equal 
                                		retn 
 0B29  C3                     1                 db     0C3h
 0B2A                           loc_38: 
 0B2A  3C FD                    		cmp	al,0FDh 
 0B2C  75 01                    		jne	loc_39			; Jump if not equal 
                                		retn 
 0B2E  C3                     1                 db     0C3h
 0B2F                           loc_39: 
 0B2F  8A E0                    		mov	ah,al 
 0B31  80 E4 F0                 		and	ah,0F0h 
Microsoft (R) Macro Assembler  Version 4.00                 3/29/26 15:11:43

                                                            Page     1-25
                                                            

 0B34  80 FC 80                 		cmp	ah,80h 
 0B37  75 03                    		jne	loc_40			; Jump if not equal 
 0B39  E9 0C2C R                		jmp	loc_58 
 0B3C                           loc_40: 
 0B3C  80 FC 90                 		cmp	ah,90h 
 0B3F  75 03                    		jne	loc_41			; Jump if not equal 
 0B41  E9 0C7B R                		jmp	loc_60 
 0B44                           loc_41: 
 0B44  BB 0701                  		mov	bx,701h 
 0B47  3C FB                    		cmp	al,0FBh 
 0B49  75 03                    		jne	loc_42			; Jump if not equal 
 0B4B  E9 0BDC R                		jmp	loc_52 
 0B4E                           loc_42: 
 0B4E  BB 0700                  		mov	bx,700h 
 0B51  3C FA                    		cmp	al,0FAh 
 0B53  75 03                    		jne	loc_43			; Jump if not equal 
 0B55  E9 0BDC R                		jmp	loc_52 
 0B58                           loc_43: 
 0B58  BB 0602                  		mov	bx,602h 
 0B5B  3C F9                    		cmp	al,0F9h 
 0B5D  74 7D                    		je	loc_52			; Jump if equal 
 0B5F  3C F5                    		cmp	al,0F5h 
 0B61  75 03                    		jne	loc_44			; Jump if not equal 
 0B63  E9 0C12 R                		jmp	loc_56 
 0B66                           loc_44: 
 0B66  3C F6                    		cmp	al,0F6h 
 0B68  75 03                    		jne	loc_45			; Jump if not equal 
 0B6A  E9 0C1A R                		jmp	loc_57 
 0B6D                           loc_45: 
 0B6D  32 E4                    		xor	ah,ah			; Zero register 
 0B6F  3C F7                    		cmp	al,0F7h 
 0B71  74 74                    		je	loc_53			; Jump if equal 
 0B73  FE C4                    		inc	ah 
 0B75  3C F3                    		cmp	al,0F3h 
 0B77  74 6E                    		je	loc_53			; Jump if equal 
 0B79  FE C4                    		inc	ah 
 0B7B  3C F2                    		cmp	al,0F2h 
 0B7D  74 68                    		je	loc_53			; Jump if equal 
 0B7F  FE C4                    		inc	ah 
 0B81  3C F1                    		cmp	al,0F1h 
 0B83  74 62                    		je	loc_53			; Jump if equal 
 0B85  3C FE                    		cmp	al,0FEh 
 0B87  74 78                    		je	loc_55			; Jump if equal 
 0B89  8A 26 6D5D               		mov	ah,ds:data_147e 
 0B8D  C6 06 6D5D 00            		mov	byte ptr ds:data_147e,0 
 0B92  3C F0                    		cmp	al,0F0h 
 0B94  75 03                    		jne	loc_46			; Jump if not equal 
 0B96  E9 0A7F R                		jmp	loc_31 
 0B99                           loc_46: 
 0B99  C6 06 6D5D 3D            		mov	byte ptr ds:data_147e,3Dh	; '=' 
 0B9E  3C EF                    		cmp	al,0EFh 
 0BA0  75 03                    		jne	loc_47			; Jump if not equal 
 0BA2  E9 0A7F R                		jmp	loc_31 
 0BA5                           loc_47: 
 0BA5  C6 06 6D5D 3E            		mov	byte ptr ds:data_147e,3Eh	; '>' 
Microsoft (R) Macro Assembler  Version 4.00                 3/29/26 15:11:43

                                                            Page     1-26
                                                            

 0BAA  3C EE                    		cmp	al,0EEh 
 0BAC  75 03                    		jne	loc_48			; Jump if not equal 
 0BAE  E9 0A7F R                		jmp	loc_31 
 0BB1                           loc_48: 
 0BB1  C6 06 6D5D 3F            		mov	byte ptr ds:data_147e,3Fh	; '?' 
 0BB6  3C ED                    		cmp	al,0EDh 
 0BB8  75 03                    		jne	loc_49			; Jump if not equal 
 0BBA  E9 0A7F R                		jmp	loc_31 
 0BBD                           loc_49: 
 0BBD  C6 06 6D5D 40            		mov	byte ptr ds:data_147e,40h	; '@' 
 0BC2  3C EC                    		cmp	al,0ECh 
 0BC4  75 03                    		jne	loc_50			; Jump if not equal 
 0BC6  E9 0A7F R                		jmp	loc_31 
 0BC9                           loc_50: 
 0BC9  C6 06 6D5D 41            		mov	byte ptr ds:data_147e,41h	; 'A' 
 0BCE  3C EB                    		cmp	al,0EBh 
 0BD0  75 03                    		jne	loc_51			; Jump if not equal 
 0BD2  E9 0A7F R                		jmp	loc_31 
 0BD5                           loc_51: 
 0BD5  88 26 6D5D               		mov	ds:data_147e,ah 
 0BD9  E9 0A7F R                		jmp	loc_31 
 0BDC                           loc_52: 
 0BDC  88 1E 6D5B               		mov	ds:data_145e,bl 
 0BE0  88 3E 6D5C               		mov	ds:data_146e,bh 
 0BE4  E9 0A7F R                		jmp	loc_31 
 0BE7                           loc_53: 
 0BE7  C7 06 6D58 0000          		mov	word ptr ds:data_143e,0 
 0BED  88 26 6D5A               		mov	ds:data_144e,ah 
 0BF1  E9 0A7F R                		jmp	loc_31 
 0BF4                           loc_54: 
 0BF4  C7 06 6D58 0000          		mov	word ptr ds:data_143e,0 
 0BFA  FE 06 6D5A               		inc	byte ptr ds:data_144e 
 0BFE  E9 0A7F R                		jmp	loc_31 
 0C01                           loc_55: 
 0C01  BB 008F                  		mov	bx,8Fh 
 0C04  B9 5039                  		mov	cx,5039h 
 0C07  32 C0                    		xor	al,al			; Zero register 
 0C09  2E: FF 16 2001 R         		call	word ptr cs:data_47+80h	; ('es') 
 0C0E  32 E4                    		xor	ah,ah			; Zero register 
 0C10  EB D5                    		jmp	short loc_53 
 0C12                           loc_56: 
 0C12  B0 F0                    		mov	al,0F0h 
 0C14  E8 0A0B R                		call	sub_8 
 0C17  E9 0A7F R                		jmp	loc_31 
 0C1A                           loc_57: 
 0C1A  B0 F0                    		mov	al,0F0h 
 0C1C  E8 0A0B R                		call	sub_8 
 0C1F  B0 F0                    		mov	al,0F0h 
 0C21  E8 0A0B R                		call	sub_8 
 0C24  B0 F0                    		mov	al,0F0h 
 0C26  E8 0A0B R                		call	sub_8 
 0C29  E9 0A7F R                		jmp	loc_31 
 0C2C                           loc_58: 
 0C2C  2E: 8E 06 FF2C           		mov	es,cs:data_177e 
 0C31  24 0F                    		and	al,0Fh 
Microsoft (R) Macro Assembler  Version 4.00                 3/29/26 15:11:43

                                                            Page     1-27
                                                            

 0C33  3C 06                    		cmp	al,6 
 0C35  73 23                    		jae	loc_59			; Jump if above or = 
 0C37  B4 15                    		mov	ah,15h 
 0C39  F6 E4                    		mul	ah			; ax = reg * al 
 0C3B  03 C0                    		add	ax,ax 
 0C3D  03 C0                    		add	ax,ax 
 0C3F  03 C0                    		add	ax,ax 
 0C41  03 C0                    		add	ax,ax 
 0C43  03 C0                    		add	ax,ax 
 0C45  03 C0                    		add	ax,ax 
 0C47  05 98C0                  		add	ax,98C0h 
 0C4A  8B F8                    		mov	di,ax 
 0C4C  BB 3350                  		mov	bx,3350h 
 0C4F  B9 0E20                  		mov	cx,0E20h 
 0C52  2E: FF 16 3011 R         		call	word ptr cs:data_96 
 0C57  E9 0A84 R                		jmp	loc_32 
 0C5A                           loc_59: 
 0C5A  2C 06                    		sub	al,6 
 0C5C  B4 21                    		mov	ah,21h			; '!' 
 0C5E  F6 E4                    		mul	ah			; ax = reg * al 
 0C60  03 C0                    		add	ax,ax 
 0C62  03 C0                    		add	ax,ax 
 0C64  03 C0                    		add	ax,ax 
 0C66  03 C0                    		add	ax,ax 
 0C68  05 B840                  		add	ax,0B840h 
 0C6B  8B F8                    		mov	di,ax 
 0C6D  BB 3338                  		mov	bx,3338h 
 0C70  B9 0B10                  		mov	cx,0B10h 
 0C73  2E: FF 16 3011 R         		call	word ptr cs:data_96 
 0C78  E9 0A84 R                		jmp	loc_32 
 0C7B                           loc_60: 
 0C7B  2E: 8E 06 FF2C           		mov	es,cs:data_177e 
 0C80  24 0F                    		and	al,0Fh 
 0C82  3C 06                    		cmp	al,6 
 0C84  73 21                    		jae	loc_61			; Jump if above or = 
 0C86  B4 1B                    		mov	ah,1Bh 
 0C88  F6 E4                    		mul	ah			; ax = reg * al 
 0C8A  03 C0                    		add	ax,ax 
 0C8C  03 C0                    		add	ax,ax 
 0C8E  03 C0                    		add	ax,ax 
 0C90  03 C0                    		add	ax,ax 
 0C92  03 C0                    		add	ax,ax 
 0C94  05 58C0                  		add	ax,58C0h 
 0C97  8B F8                    		mov	di,ax 
 0C99  BB 1350                  		mov	bx,1350h 
 0C9C  B9 0920                  		mov	cx,920h 
 0C9F  2E: FF 16 3011 R         		call	word ptr cs:data_96 
 0CA4  E9 0A84 R                		jmp	loc_32 
 0CA7                           loc_61: 
 0CA7  2C 06                    		sub	al,6 
 0CA9  B4 21                    		mov	ah,21h			; '!' 
 0CAB  F6 E4                    		mul	ah			; ax = reg * al 
 0CAD  03 C0                    		add	ax,ax 
 0CAF  03 C0                    		add	ax,ax 
 0CB1  03 C0                    		add	ax,ax 
Microsoft (R) Macro Assembler  Version 4.00                 3/29/26 15:11:43

                                                            Page     1-28
                                                            

 0CB3  03 C0                    		add	ax,ax 
 0CB5  05 6D00                  		add	ax,6D00h 
 0CB8  8B F8                    		mov	di,ax 
 0CBA  BB 1238                  		mov	bx,1238h 
 0CBD  B9 0B10                  		mov	cx,0B10h 
 0CC0  2E: FF 16 3011 R         		call	word ptr cs:data_96 
 0CC5  E9 0A84 R                		jmp	loc_32 
                                sub_10		endp 
                                 
                                 
                                ;ﬂﬂﬂﬂﬂﬂﬂﬂﬂﬂﬂﬂﬂﬂﬂﬂﬂﬂﬂﬂﬂﬂﬂﬂﬂﬂﬂﬂﬂﬂﬂﬂﬂﬂﬂﬂﬂﬂﬂﬂﬂﬂﬂﬂﬂﬂﬂﬂﬂﬂﬂﬂﬂﬂﬂﬂﬂﬂﬂﬂﬂﬂﬂﬂﬂﬂﬂﬂﬂﬂﬂﬂﬂﬂ 
                                ;                              SUBROUTINE 
                                ;‹‹‹‹‹‹‹‹‹‹‹‹‹‹‹‹‹‹‹‹‹‹‹‹‹‹‹‹‹‹‹‹‹‹‹‹‹‹‹‹‹‹‹‹‹‹‹‹‹‹‹‹‹‹‹‹‹‹‹‹‹‹‹‹‹‹‹‹‹‹‹‹‹‹ 
                                 
 0CC8                           sub_11		proc	near 
 0CC8  33 C9                    		xor	cx,cx			; Zero register 
 0CCA                           loc_62: 
 0CCA  AC                       		lodsb				; String [si] to al 
 0CCB  3C 20                    		cmp	al,20h			; ' ' 
 0CCD  75 01                    		jne	loc_63			; Jump if not equal 
                                		retn 
 0CCF  C3                     1                 db     0C3h
 0CD0                           loc_63: 
 0CD0  3C FF                    		cmp	al,0FFh 
 0CD2  75 01                    		jne	loc_64			; Jump if not equal 
                                		retn 
 0CD4  C3                     1                 db     0C3h
 0CD5                           loc_64: 
 0CD5  3C FE                    		cmp	al,0FEh 
 0CD7  75 01                    		jne	loc_65			; Jump if not equal 
                                		retn 
 0CD9  C3                     1                 db     0C3h
 0CDA                           loc_65: 
 0CDA  3C FD                    		cmp	al,0FDh 
 0CDC  75 01                    		jne	loc_66			; Jump if not equal 
                                		retn 
 0CDE  C3                     1                 db     0C3h
 0CDF                           loc_66: 
 0CDF  3C F7                    		cmp	al,0F7h 
 0CE1  75 01                    		jne	loc_67			; Jump if not equal 
                                		retn 
 0CE3  C3                     1                 db     0C3h
 0CE4                           loc_67: 
 0CE4  3C F3                    		cmp	al,0F3h 
 0CE6  75 01                    		jne	loc_68			; Jump if not equal 
                                		retn 
 0CE8  C3                     1                 db     0C3h
 0CE9                           loc_68: 
 0CE9  3C F2                    		cmp	al,0F2h 
 0CEB  75 01                    		jne	loc_69			; Jump if not equal 
                                		retn 
 0CED  C3                     1                 db     0C3h
 0CEE                           loc_69: 
 0CEE  3C F1                    		cmp	al,0F1h 
 0CF0  75 01                    		jne	loc_70			; Jump if not equal 
Microsoft (R) Macro Assembler  Version 4.00                 3/29/26 15:11:43

                                                            Page     1-29
                                                            

                                		retn 
 0CF2  C3                     1                 db     0C3h
 0CF3                           loc_70: 
 0CF3  0A C0                    		or	al,al			; Zero ? 
 0CF5  78 D3                    		js	loc_62			; Jump if sign=1 
 0CF7  2C 20                    		sub	al,20h			; ' ' 
 0CF9  72 CF                    		jc	loc_62			; Jump if carry Set 
 0CFB  8A D8                    		mov	bl,al 
 0CFD  32 FF                    		xor	bh,bh			; Zero register 
 0CFF  2E: 02 8F 94DD           		add	cl,cs:data_156e[bx] 
 0D04  12 EF                    		adc	ch,bh 
 0D06  EB C2                    		jmp	short loc_62 
                                sub_11		endp 
                                 
                                 
                                ;ﬂﬂﬂﬂﬂﬂﬂﬂﬂﬂﬂﬂﬂﬂﬂﬂﬂﬂﬂﬂﬂﬂﬂﬂﬂﬂﬂﬂﬂﬂﬂﬂﬂﬂﬂﬂﬂﬂﬂﬂﬂﬂﬂﬂﬂﬂﬂﬂﬂﬂﬂﬂﬂﬂﬂﬂﬂﬂﬂﬂﬂﬂﬂﬂﬂﬂﬂﬂﬂﬂﬂﬂﬂﬂ 
                                ;                              SUBROUTINE 
                                ;‹‹‹‹‹‹‹‹‹‹‹‹‹‹‹‹‹‹‹‹‹‹‹‹‹‹‹‹‹‹‹‹‹‹‹‹‹‹‹‹‹‹‹‹‹‹‹‹‹‹‹‹‹‹‹‹‹‹‹‹‹‹‹‹‹‹‹‹‹‹‹‹‹‹ 
                                 
 0D08                           sub_12		proc	near 
 0D08  56                       		push	si 
 0D09  BB 0020                  		mov	bx,20h 
 0D0C  B9 5078                  		mov	cx,5078h 
 0D0F  2E: FF 16 300B R         		call	word ptr cs:data_93 
 0D14  5E                       		pop	si 
 0D15                           loc_71: 
 0D15  2E: FF 16 300D R         		call	word ptr cs:data_94 
 0D1A  56                       		push	si 
 0D1B  B9 000A                  		mov	cx,0Ah 
                                 
 0D1E                           locloop_72: 
 0D1E  51                       		push	cx 
 0D1F  8B C1                    		mov	ax,cx 
 0D21  F7 D8                    		neg	ax 
 0D23  05 000A                  		add	ax,0Ah 
 0D26  BB 0014                  		mov	bx,14h 
 0D29  B9 50A0                  		mov	cx,50A0h 
 0D2C  2E: FF 16 300F R         		call	word ptr cs:data_95 
 0D31  B0 1C                    		mov	al,1Ch 
 0D33  E8 0A0B R                		call	sub_8 
 0D36  59                       		pop	cx 
 0D37  E2 E5                    		loop	locloop_72		; Loop if cx > 0 
                                 
 0D39  5E                       		pop	si 
 0D3A  80 7C FF FF              		cmp	byte ptr [si-1],0FFh 
 0D3E  75 D5                    		jne	loc_71			; Jump if not equal 
 0D40  B9 00A0                  		mov	cx,0A0h 
                                 
 0D43                           locloop_73: 
 0D43  51                       		push	cx 
 0D44  33 C0                    		xor	ax,ax			; Zero register 
 0D46  BB 0014                  		mov	bx,14h 
 0D49  B9 50A0                  		mov	cx,50A0h 
 0D4C  2E: FF 16 300F R         		call	word ptr cs:data_95 
 0D51  B0 1C                    		mov	al,1Ch 
Microsoft (R) Macro Assembler  Version 4.00                 3/29/26 15:11:43

                                                            Page     1-30
                                                            

 0D53  E8 0A0B R                		call	sub_8 
 0D56  59                       		pop	cx 
 0D57  E2 EA                    		loop	locloop_73		; Loop if cx > 0 
                                 
                                		retn 
 0D59  C3                     1                 db     0C3h
                                sub_12		endp 
                                 
 0D5A  C6 79 00 00 00 00        		db	0C6h, 79h, 00h, 00h, 00h, 00h 
 0D60  00 00                    		db	 00h, 00h 
                                 
                                ;ﬂﬂﬂﬂﬂﬂﬂﬂﬂﬂﬂﬂﬂﬂﬂﬂﬂﬂﬂﬂﬂﬂﬂﬂﬂﬂﬂﬂﬂﬂﬂﬂﬂﬂﬂﬂﬂﬂﬂﬂﬂﬂﬂﬂﬂﬂﬂﬂﬂﬂﬂﬂﬂﬂﬂﬂﬂﬂﬂﬂﬂﬂﬂﬂﬂﬂﬂﬂﬂﬂﬂﬂﬂﬂ 
                                ;                              SUBROUTINE 
                                ;‹‹‹‹‹‹‹‹‹‹‹‹‹‹‹‹‹‹‹‹‹‹‹‹‹‹‹‹‹‹‹‹‹‹‹‹‹‹‹‹‹‹‹‹‹‹‹‹‹‹‹‹‹‹‹‹‹‹‹‹‹‹‹‹‹‹‹‹‹‹‹‹‹‹ 
                                 
 0D62                           sub_13		proc	near 
 0D62  E8 0D67 R                		call	sub_14 
 0D65  EB 2A                    		jmp	short loc_78 
                                 
                                ;ﬂﬂﬂﬂ External Entry into Subroutine ﬂﬂﬂﬂﬂﬂﬂﬂﬂﬂﬂﬂﬂﬂﬂﬂﬂﬂﬂﬂﬂﬂﬂﬂﬂﬂﬂﬂﬂﬂﬂﬂﬂﬂﬂﬂﬂﬂ 
                                 
 0D67                           sub_14: 
 0D67  57                       		push	di 
 0D68  AD                       		lodsw				; String [si] to ax 
 0D69  8B C8                    		mov	cx,ax 
 0D6B  51                       		push	cx 
 0D6C  8B EE                    		mov	bp,si 
 0D6E  03 F1                    		add	si,cx 
                                 
 0D70                           locloop_74: 
 0D70  51                       		push	cx 
 0D71  32 C0                    		xor	al,al			; Zero register 
 0D73  B9 0008                  		mov	cx,8 
                                 
 0D76                           locloop_75: 
 0D76  3E: D0 46 00             		rol	byte ptr ds:[bp],1	; Rotate 
 0D7A  72 05                    		jc	loc_76			; Jump if carry Set 
 0D7C  AA                       		stosb				; Store al to es:[di] 
 0D7D  E2 F7                    		loop	locloop_75		; Loop if cx > 0 
                                 
 0D7F  EB 03                    		jmp	short loc_77 
 0D81                           loc_76: 
 0D81  A4                       		movsb				; Mov [si] to es:[di] 
 0D82  E2 F2                    		loop	locloop_75		; Loop if cx > 0 
                                 
 0D84                           loc_77: 
 0D84  45                       		inc	bp 
 0D85  59                       		pop	cx 
 0D86  E2 E8                    		loop	locloop_74		; Loop if cx > 0 
                                 
 0D88  59                       		pop	cx 
 0D89  03 C9                    		add	cx,cx 
 0D8B  03 C9                    		add	cx,cx 
 0D8D  03 C9                    		add	cx,cx 
 0D8F  5F                       		pop	di 
Microsoft (R) Macro Assembler  Version 4.00                 3/29/26 15:11:43

                                                            Page     1-31
                                                            

                                		retn 
 0D90  C3                     1                 db     0C3h
 0D91                           loc_78: 
 0D91  32 F6                    		xor	dh,dh			; Zero register 
                                 
 0D93                           locloop_79: 
 0D93  32 C0                    		xor	al,al			; Zero register 
 0D95  26: D0 15                		rcl	byte ptr es:[di],1	; Rotate thru carry 
 0D98  12 C0                    		adc	al,al 
 0D9A  26: D0 15                		rcl	byte ptr es:[di],1	; Rotate thru carry 
 0D9D  12 C0                    		adc	al,al 
 0D9F  32 F0                    		xor	dh,al 
 0DA1  8A E6                    		mov	ah,dh 
 0DA3  32 C0                    		xor	al,al			; Zero register 
 0DA5  26: D0 15                		rcl	byte ptr es:[di],1	; Rotate thru carry 
 0DA8  12 C0                    		adc	al,al 
 0DAA  26: D0 15                		rcl	byte ptr es:[di],1	; Rotate thru carry 
 0DAD  12 C0                    		adc	al,al 
 0DAF  32 F0                    		xor	dh,al 
 0DB1  02 E4                    		add	ah,ah 
 0DB3  02 E4                    		add	ah,ah 
 0DB5  0A E6                    		or	ah,dh 
 0DB7  32 C0                    		xor	al,al			; Zero register 
 0DB9  26: D0 15                		rcl	byte ptr es:[di],1	; Rotate thru carry 
 0DBC  12 C0                    		adc	al,al 
 0DBE  26: D0 15                		rcl	byte ptr es:[di],1	; Rotate thru carry 
 0DC1  12 C0                    		adc	al,al 
 0DC3  32 F0                    		xor	dh,al 
 0DC5  02 E4                    		add	ah,ah 
 0DC7  02 E4                    		add	ah,ah 
 0DC9  0A E6                    		or	ah,dh 
 0DCB  32 C0                    		xor	al,al			; Zero register 
 0DCD  26: D0 15                		rcl	byte ptr es:[di],1	; Rotate thru carry 
 0DD0  12 C0                    		adc	al,al 
 0DD2  26: D0 15                		rcl	byte ptr es:[di],1	; Rotate thru carry 
 0DD5  12 C0                    		adc	al,al 
 0DD7  32 F0                    		xor	dh,al 
 0DD9  02 E4                    		add	ah,ah 
 0DDB  02 E4                    		add	ah,ah 
 0DDD  0A E6                    		or	ah,dh 
 0DDF  8A C4                    		mov	al,ah 
 0DE1  AA                       		stosb				; Store al to es:[di] 
 0DE2  E2 AF                    		loop	locloop_79		; Loop if cx > 0 
                                 
                                		retn 
 0DE4  C3                     1                 db     0C3h
                                sub_13		endp 
                                 
                                 
                                ;ﬂﬂﬂﬂﬂﬂﬂﬂﬂﬂﬂﬂﬂﬂﬂﬂﬂﬂﬂﬂﬂﬂﬂﬂﬂﬂﬂﬂﬂﬂﬂﬂﬂﬂﬂﬂﬂﬂﬂﬂﬂﬂﬂﬂﬂﬂﬂﬂﬂﬂﬂﬂﬂﬂﬂﬂﬂﬂﬂﬂﬂﬂﬂﬂﬂﬂﬂﬂﬂﬂﬂﬂﬂﬂ 
                                ;                              SUBROUTINE 
                                ;‹‹‹‹‹‹‹‹‹‹‹‹‹‹‹‹‹‹‹‹‹‹‹‹‹‹‹‹‹‹‹‹‹‹‹‹‹‹‹‹‹‹‹‹‹‹‹‹‹‹‹‹‹‹‹‹‹‹‹‹‹‹‹‹‹‹‹‹‹‹‹‹‹‹ 
                                 
 0DE5                           sub_15		proc	near 
 0DE5                           loc_80: 
Microsoft (R) Macro Assembler  Version 4.00                 3/29/26 15:11:43

                                                            Page     1-32
                                                            

 0DE5  F6 04 40                 		test	byte ptr [si],40h	; '@' 
 0DE8  74 1D                    		jz	loc_84			; Jump if zero 
 0DEA  AD                       		lodsw				; String [si] to ax 
 0DEB  86 E0                    		xchg	ah,al 
 0DED  8B C8                    		mov	cx,ax 
 0DEF  3D FFFF                  		cmp	ax,0FFFFh 
 0DF2  75 01                    		jne	loc_81			; Jump if not equal 
                                		retn 
 0DF4  C3                     1                 db     0C3h
 0DF5                           loc_81: 
 0DF5  81 E1 3FFF               		and	cx,3FFFh 
 0DF9  A9 8000                  		test	ax,8000h 
 0DFC  74 05                    		jz	loc_83			; Jump if zero 
 0DFE                           loc_82: 
 0DFE  AC                       		lodsb				; String [si] to al 
 0DFF  F3/ AA                   		rep	stosb			; Rep when cx >0 Store al to es:[di] 
 0E01  EB E2                    		jmp	short loc_80 
 0E03                           loc_83: 
 0E03  F3/ A4                   		rep	movsb			; Rep when cx >0 Mov [si] to es:[di] 
 0E05  EB DE                    		jmp	short loc_80 
 0E07                           loc_84: 
 0E07  AC                       		lodsb				; String [si] to al 
 0E08  8A C8                    		mov	cl,al 
 0E0A  81 E1 003F               		and	cx,3Fh 
 0E0E  A8 80                    		test	al,80h 
 0E10  74 F1                    		jz	loc_83			; Jump if zero 
 0E12  EB EA                    		jmp	short loc_82 
                                sub_15		endp 
                                 
                                 
                                ;ﬂﬂﬂﬂﬂﬂﬂﬂﬂﬂﬂﬂﬂﬂﬂﬂﬂﬂﬂﬂﬂﬂﬂﬂﬂﬂﬂﬂﬂﬂﬂﬂﬂﬂﬂﬂﬂﬂﬂﬂﬂﬂﬂﬂﬂﬂﬂﬂﬂﬂﬂﬂﬂﬂﬂﬂﬂﬂﬂﬂﬂﬂﬂﬂﬂﬂﬂﬂﬂﬂﬂﬂﬂﬂ 
                                ;                              SUBROUTINE 
                                ;‹‹‹‹‹‹‹‹‹‹‹‹‹‹‹‹‹‹‹‹‹‹‹‹‹‹‹‹‹‹‹‹‹‹‹‹‹‹‹‹‹‹‹‹‹‹‹‹‹‹‹‹‹‹‹‹‹‹‹‹‹‹‹‹‹‹‹‹‹‹‹‹‹‹ 
                                 
 0E14                           sub_16		proc	near 
 0E14  1E                       		push	ds 
 0E15  8C C8                    		mov	ax,cs 
 0E17  05 2000                  		add	ax,2000h 
 0E1A  8E C0                    		mov	es,ax 
 0E1C  BF 0000                  		mov	di,data_179e 
 0E1F  B9 1650                  		mov	cx,1650h 
 0E22  33 C0                    		xor	ax,ax			; Zero register 
 0E24  F3/ AB                   		rep	stosw			; Rep when cx >0 Store ax to es:[di] 
 0E26  2E: 8E 1E FF2C           		mov	ds,cs:data_177e 
 0E2B  BF 0000                  		mov	di,0 
 0E2E  BB 0000                  		mov	bx,0 
 0E31  B9 2230                  		mov	cx,2230h 
 0E34  BE AB40                  		mov	si,data_14e 
 0E37  E8 0E54 R                		call	sub_17 
 0E3A  BB 0F30                  		mov	bx,0F30h 
 0E3D  B9 0620                  		mov	cx,620h 
 0E40  BE A9C0                  		mov	si,data_13e 
 0E43  E8 0E54 R                		call	sub_17 
 0E46  BB 0850                  		mov	bx,850h 
 0E49  B9 1220                  		mov	cx,1220h 
Microsoft (R) Macro Assembler  Version 4.00                 3/29/26 15:11:43

                                                            Page     1-33
                                                            

 0E4C  BE 9C40                  		mov	si,data_12e 
 0E4F  E8 0E63 R                		call	sub_18 
 0E52  1F                       		pop	ds 
                                		retn 
 0E53  C3                     1                 db     0C3h
                                sub_16		endp 
                                 
                                 
                                ;ﬂﬂﬂﬂﬂﬂﬂﬂﬂﬂﬂﬂﬂﬂﬂﬂﬂﬂﬂﬂﬂﬂﬂﬂﬂﬂﬂﬂﬂﬂﬂﬂﬂﬂﬂﬂﬂﬂﬂﬂﬂﬂﬂﬂﬂﬂﬂﬂﬂﬂﬂﬂﬂﬂﬂﬂﬂﬂﬂﬂﬂﬂﬂﬂﬂﬂﬂﬂﬂﬂﬂﬂﬂﬂ 
                                ;                              SUBROUTINE 
                                ;‹‹‹‹‹‹‹‹‹‹‹‹‹‹‹‹‹‹‹‹‹‹‹‹‹‹‹‹‹‹‹‹‹‹‹‹‹‹‹‹‹‹‹‹‹‹‹‹‹‹‹‹‹‹‹‹‹‹‹‹‹‹‹‹‹‹‹‹‹‹‹‹‹‹ 
                                 
 0E54                           sub_17		proc	near 
 0E54  57                       		push	di 
 0E55  81 C7 0EE0               		add	di,data_4e 
 0E59  E8 0E72 R                		call	sub_19 
 0E5C  5F                       		pop	di 
 0E5D  57                       		push	di 
 0E5E  E8 0E72 R                		call	sub_19 
 0E61  5F                       		pop	di 
                                		retn 
 0E62  C3                     1                 db     0C3h
                                sub_17		endp 
                                 
                                 
                                ;ﬂﬂﬂﬂﬂﬂﬂﬂﬂﬂﬂﬂﬂﬂﬂﬂﬂﬂﬂﬂﬂﬂﬂﬂﬂﬂﬂﬂﬂﬂﬂﬂﬂﬂﬂﬂﬂﬂﬂﬂﬂﬂﬂﬂﬂﬂﬂﬂﬂﬂﬂﬂﬂﬂﬂﬂﬂﬂﬂﬂﬂﬂﬂﬂﬂﬂﬂﬂﬂﬂﬂﬂﬂﬂ 
                                ;                              SUBROUTINE 
                                ;‹‹‹‹‹‹‹‹‹‹‹‹‹‹‹‹‹‹‹‹‹‹‹‹‹‹‹‹‹‹‹‹‹‹‹‹‹‹‹‹‹‹‹‹‹‹‹‹‹‹‹‹‹‹‹‹‹‹‹‹‹‹‹‹‹‹‹‹‹‹‹‹‹‹ 
                                 
 0E63                           sub_18		proc	near 
 0E63  57                       		push	di 
 0E64  E8 0E72 R                		call	sub_19 
 0E67  5F                       		pop	di 
 0E68  57                       		push	di 
 0E69  81 C7 0EE0               		add	di,data_4e 
 0E6D  E8 0E72 R                		call	sub_19 
 0E70  5F                       		pop	di 
                                		retn 
 0E71  C3                     1                 db     0C3h
                                sub_18		endp 
                                 
                                 
                                ;ﬂﬂﬂﬂﬂﬂﬂﬂﬂﬂﬂﬂﬂﬂﬂﬂﬂﬂﬂﬂﬂﬂﬂﬂﬂﬂﬂﬂﬂﬂﬂﬂﬂﬂﬂﬂﬂﬂﬂﬂﬂﬂﬂﬂﬂﬂﬂﬂﬂﬂﬂﬂﬂﬂﬂﬂﬂﬂﬂﬂﬂﬂﬂﬂﬂﬂﬂﬂﬂﬂﬂﬂﬂﬂ 
                                ;                              SUBROUTINE 
                                ;‹‹‹‹‹‹‹‹‹‹‹‹‹‹‹‹‹‹‹‹‹‹‹‹‹‹‹‹‹‹‹‹‹‹‹‹‹‹‹‹‹‹‹‹‹‹‹‹‹‹‹‹‹‹‹‹‹‹‹‹‹‹‹‹‹‹‹‹‹‹‹‹‹‹ 
                                 
 0E72                           sub_19		proc	near 
 0E72  53                       		push	bx 
 0E73  51                       		push	cx 
 0E74  B0 22                    		mov	al,22h			; '"' 
 0E76  F6 E3                    		mul	bl			; ax = reg * al 
 0E78  8A DF                    		mov	bl,bh 
 0E7A  32 FF                    		xor	bh,bh			; Zero register 
 0E7C  03 C3                    		add	ax,bx 
 0E7E  03 F8                    		add	di,ax 
Microsoft (R) Macro Assembler  Version 4.00                 3/29/26 15:11:43

                                                            Page     1-34
                                                            

 0E80                           loc_85: 
 0E80  51                       		push	cx 
 0E81  57                       		push	di 
 0E82  8A CD                    		mov	cl,ch 
 0E84  32 ED                    		xor	ch,ch			; Zero register 
 0E86  F3/ A4                   		rep	movsb			; Rep when cx >0 Mov [si] to es:[di] 
 0E88  5F                       		pop	di 
 0E89  83 C7 22                 		add	di,22h 
 0E8C  59                       		pop	cx 
 0E8D  FE C9                    		dec	cl 
 0E8F  75 EF                    		jnz	loc_85			; Jump if not zero 
 0E91  59                       		pop	cx 
 0E92  5B                       		pop	bx 
                                		retn 
 0E93  C3                     1                 db     0C3h
                                sub_19		endp 
                                 
                                 
                                ;ﬂﬂﬂﬂﬂﬂﬂﬂﬂﬂﬂﬂﬂﬂﬂﬂﬂﬂﬂﬂﬂﬂﬂﬂﬂﬂﬂﬂﬂﬂﬂﬂﬂﬂﬂﬂﬂﬂﬂﬂﬂﬂﬂﬂﬂﬂﬂﬂﬂﬂﬂﬂﬂﬂﬂﬂﬂﬂﬂﬂﬂﬂﬂﬂﬂﬂﬂﬂﬂﬂﬂﬂﬂﬂ 
                                ;                              SUBROUTINE 
                                ;‹‹‹‹‹‹‹‹‹‹‹‹‹‹‹‹‹‹‹‹‹‹‹‹‹‹‹‹‹‹‹‹‹‹‹‹‹‹‹‹‹‹‹‹‹‹‹‹‹‹‹‹‹‹‹‹‹‹‹‹‹‹‹‹‹‹‹‹‹‹‹‹‹‹ 
                                 
 0E94                           sub_20		proc	near 
 0E94  1E                       		push	ds 
 0E95  32 E4                    		xor	ah,ah			; Zero register 
 0E97  BA 0CC0                  		mov	dx,0CC0h 
 0E9A  F7 E2                    		mul	dx			; dx:ax = reg * ax 
 0E9C  05 AB40                  		add	ax,0AB40h 
 0E9F  2E: 8E 1E FF2C           		mov	ds,cs:data_177e 
 0EA4  8B F0                    		mov	si,ax 
 0EA6  8C C8                    		mov	ax,cs 
 0EA8  05 2000                  		add	ax,2000h 
 0EAB  8E C0                    		mov	es,ax 
 0EAD  BF 0000                  		mov	di,data_179e 
 0EB0  E8 0EB5 R                		call	sub_21 
 0EB3  1F                       		pop	ds 
                                		retn 
 0EB4  C3                     1                 db     0C3h
                                sub_20		endp 
                                 
                                 
                                ;ﬂﬂﬂﬂﬂﬂﬂﬂﬂﬂﬂﬂﬂﬂﬂﬂﬂﬂﬂﬂﬂﬂﬂﬂﬂﬂﬂﬂﬂﬂﬂﬂﬂﬂﬂﬂﬂﬂﬂﬂﬂﬂﬂﬂﬂﬂﬂﬂﬂﬂﬂﬂﬂﬂﬂﬂﬂﬂﬂﬂﬂﬂﬂﬂﬂﬂﬂﬂﬂﬂﬂﬂﬂﬂ 
                                ;                              SUBROUTINE 
                                ;‹‹‹‹‹‹‹‹‹‹‹‹‹‹‹‹‹‹‹‹‹‹‹‹‹‹‹‹‹‹‹‹‹‹‹‹‹‹‹‹‹‹‹‹‹‹‹‹‹‹‹‹‹‹‹‹‹‹‹‹‹‹‹‹‹‹‹‹‹‹‹‹‹‹ 
                                 
 0EB5                           sub_21		proc	near 
 0EB5  B9 0030                  		mov	cx,30h 
                                 
 0EB8                           locloop_86: 
 0EB8  51                       		push	cx 
 0EB9  B9 0022                  		mov	cx,22h 
                                 
 0EBC                           locloop_87: 
 0EBC  8A A4 0660               		mov	ah,ds:data_1e[si] 
 0EC0  AC                       		lodsb				; String [si] to al 
Microsoft (R) Macro Assembler  Version 4.00                 3/29/26 15:11:43

                                                            Page     1-35
                                                            

 0EC1  8A F8                    		mov	bh,al 
 0EC3  F6 D7                    		not	bh 
 0EC5  22 FC                    		and	bh,ah 
 0EC7  32 E7                    		xor	ah,bh 
 0EC9  26: 88 05                		mov	es:[di],al 
 0ECC  26: 88 BD 0660           		mov	es:data_180e[di],bh 
 0ED1  26: 88 A5 0CC0           		mov	es:data_181e[di],ah 
 0ED6  47                       		inc	di 
 0ED7  E2 E3                    		loop	locloop_87		; Loop if cx > 0 
                                 
 0ED9  59                       		pop	cx 
 0EDA  E2 DC                    		loop	locloop_86		; Loop if cx > 0 
                                 
                                		retn 
 0EDC  C3                     1                 db     0C3h
                                sub_21		endp 
                                 
                                 
                                ;ﬂﬂﬂﬂﬂﬂﬂﬂﬂﬂﬂﬂﬂﬂﬂﬂﬂﬂﬂﬂﬂﬂﬂﬂﬂﬂﬂﬂﬂﬂﬂﬂﬂﬂﬂﬂﬂﬂﬂﬂﬂﬂﬂﬂﬂﬂﬂﬂﬂﬂﬂﬂﬂﬂﬂﬂﬂﬂﬂﬂﬂﬂﬂﬂﬂﬂﬂﬂﬂﬂﬂﬂﬂﬂ 
                                ;                              SUBROUTINE 
                                ;‹‹‹‹‹‹‹‹‹‹‹‹‹‹‹‹‹‹‹‹‹‹‹‹‹‹‹‹‹‹‹‹‹‹‹‹‹‹‹‹‹‹‹‹‹‹‹‹‹‹‹‹‹‹‹‹‹‹‹‹‹‹‹‹‹‹‹‹‹‹‹‹‹‹ 
                                 
 0EDD                           sub_22		proc	near 
 0EDD  1E                       		push	ds 
 0EDE  06                       		push	es 
 0EDF  1F                       		pop	ds 
 0EE0  8B F7                    		mov	si,di 
 0EE2  2E: 8E 06 FF2C           		mov	es,cs:data_177e 
 0EE7  BF 46D3                  		mov	di,data_10e 
 0EEA  B9 0030                  		mov	cx,30h 
                                 
 0EED                           locloop_88: 
 0EED  51                       		push	cx 
 0EEE  57                       		push	di 
 0EEF  B9 0011                  		mov	cx,11h 
                                 
 0EF2                           locloop_89: 
 0EF2  51                       		push	cx 
 0EF3  26: 8B 05                		mov	ax,es:[di] 
 0EF6  26: 8B 9D 1D40           		mov	bx,es:data_6e[di] 
 0EFB  F7 D0                    		not	ax 
 0EFD  F7 D3                    		not	bx 
 0EFF  23 C3                    		and	ax,bx 
 0F01  26: 23 85 3A80           		and	ax,es:data_8e[di] 
 0F06  8B D0                    		mov	dx,ax 
 0F08  F7 D2                    		not	dx 
 0F0A  8B D8                    		mov	bx,ax 
 0F0C  23 04                    		and	ax,[si] 
 0F0E  26: 21 15                		and	es:[di],dx 
 0F11  26: 09 05                		or	es:[di],ax 
 0F14  8B C3                    		mov	ax,bx 
 0F16  23 84 0660               		and	ax,ds:data_180e[si] 
 0F1A  26: 21 95 1D40           		and	es:data_6e[di],dx 
 0F1F  26: 09 85 1D40           		or	es:data_6e[di],ax 
 0F24  8B C3                    		mov	ax,bx 
Microsoft (R) Macro Assembler  Version 4.00                 3/29/26 15:11:43

                                                            Page     1-36
                                                            

 0F26  23 84 0CC0               		and	ax,ds:data_181e[si] 
 0F2A  26: 21 95 3A80           		and	es:data_8e[di],dx 
 0F2F  26: 09 85 3A80           		or	es:data_8e[di],ax 
 0F34  83 C7 02                 		add	di,2 
 0F37  83 C6 02                 		add	si,2 
 0F3A  59                       		pop	cx 
 0F3B  E2 B5                    		loop	locloop_89		; Loop if cx > 0 
                                 
 0F3D  5F                       		pop	di 
 0F3E  83 C7 48                 		add	di,48h 
 0F41  59                       		pop	cx 
 0F42  E2 A9                    		loop	locloop_88		; Loop if cx > 0 
                                 
 0F44  1F                       		pop	ds 
                                		retn 
 0F45  C3                     1                 db     0C3h
                                sub_22		endp 
                                 
                                 
                                ;ﬂﬂﬂﬂﬂﬂﬂﬂﬂﬂﬂﬂﬂﬂﬂﬂﬂﬂﬂﬂﬂﬂﬂﬂﬂﬂﬂﬂﬂﬂﬂﬂﬂﬂﬂﬂﬂﬂﬂﬂﬂﬂﬂﬂﬂﬂﬂﬂﬂﬂﬂﬂﬂﬂﬂﬂﬂﬂﬂﬂﬂﬂﬂﬂﬂﬂﬂﬂﬂﬂﬂﬂﬂﬂ 
                                ;                              SUBROUTINE 
                                ;‹‹‹‹‹‹‹‹‹‹‹‹‹‹‹‹‹‹‹‹‹‹‹‹‹‹‹‹‹‹‹‹‹‹‹‹‹‹‹‹‹‹‹‹‹‹‹‹‹‹‹‹‹‹‹‹‹‹‹‹‹‹‹‹‹‹‹‹‹‹‹‹‹‹ 
                                 
 0F46                           sub_23		proc	near 
 0F46  81 C7 0819               		add	di,data_2e 
 0F4A  B9 00A0                  		mov	cx,0A0h 
                                 
 0F4D                           locloop_90: 
 0F4D  51                       		push	cx 
 0F4E  57                       		push	di 
 0F4F  B9 0015                  		mov	cx,15h 
                                 
 0F52                           locloop_91: 
 0F52  51                       		push	cx 
 0F53  26: 8A 04                		mov	al,es:[si] 
 0F56  26: 22 84 0D20           		and	al,es:data_3e[si] 
 0F5B  26: 8A A4 1A40           		mov	ah,es:data_5e[si] 
 0F60  F6 D4                    		not	ah 
 0F62  22 C4                    		and	al,ah 
 0F64  F6 D0                    		not	al 
 0F66  26: 8A 24                		mov	ah,es:[si] 
 0F69  26: 0A A4 0D20           		or	ah,es:data_3e[si] 
 0F6E  26: 0A A4 1A40           		or	ah,es:data_5e[si] 
 0F73  26: 20 04                		and	es:[si],al 
 0F76  26: 20 84 0D20           		and	es:data_3e[si],al 
 0F7B  F6 D4                    		not	ah 
 0F7D  26: 20 25                		and	es:[di],ah 
 0F80  26: 20 A5 3000           		and	es:data_7e[di],ah 
 0F85  26: 20 A5 6000           		and	es:data_11e[di],ah 
 0F8A  26: 8A 04                		mov	al,es:[si] 
 0F8D  26: 08 05                		or	es:[di],al 
 0F90  26: 8A 84 0D20           		mov	al,es:data_3e[si] 
 0F95  26: 08 85 3000           		or	es:data_7e[di],al 
 0F9A  26: 8A 84 1A40           		mov	al,es:data_5e[si] 
 0F9F  26: 08 85 6000           		or	es:data_11e[di],al 
Microsoft (R) Macro Assembler  Version 4.00                 3/29/26 15:11:43

                                                            Page     1-37
                                                            

 0FA4  47                       		inc	di 
 0FA5  46                       		inc	si 
 0FA6  59                       		pop	cx 
 0FA7  E2 A9                    		loop	locloop_91		; Loop if cx > 0 
                                 
 0FA9  5F                       		pop	di 
 0FAA  83 C7 40                 		add	di,40h 
 0FAD  59                       		pop	cx 
 0FAE  E2 9D                    		loop	locloop_90		; Loop if cx > 0 
                                 
                                		retn 
 0FB0  C3                     1                 db     0C3h
                                sub_23		endp 
                                 
                                 
                                ;ﬂﬂﬂﬂﬂﬂﬂﬂﬂﬂﬂﬂﬂﬂﬂﬂﬂﬂﬂﬂﬂﬂﬂﬂﬂﬂﬂﬂﬂﬂﬂﬂﬂﬂﬂﬂﬂﬂﬂﬂﬂﬂﬂﬂﬂﬂﬂﬂﬂﬂﬂﬂﬂﬂﬂﬂﬂﬂﬂﬂﬂﬂﬂﬂﬂﬂﬂﬂﬂﬂﬂﬂﬂﬂ 
                                ;                              SUBROUTINE 
                                ;‹‹‹‹‹‹‹‹‹‹‹‹‹‹‹‹‹‹‹‹‹‹‹‹‹‹‹‹‹‹‹‹‹‹‹‹‹‹‹‹‹‹‹‹‹‹‹‹‹‹‹‹‹‹‹‹‹‹‹‹‹‹‹‹‹‹‹‹‹‹‹‹‹‹ 
                                 
 0FB1                           sub_24		proc	near 
 0FB1  53                       		push	bx 
 0FB2  06                       		push	es 
 0FB3  57                       		push	di 
 0FB4  B9 3000                  		mov	cx,3000h 
                                 
 0FB7                           locloop_92: 
 0FB7  26: C6 85 6000 00        		mov	byte ptr es:data_11e[di],0 
 0FBD  26: 8A 85 3000           		mov	al,es:data_7e[di] 
 0FC2  26: 8A 25                		mov	ah,es:[di] 
 0FC5  F6 D4                    		not	ah 
 0FC7  22 C4                    		and	al,ah 
 0FC9  26: 08 05                		or	es:[di],al 
 0FCC  26: 08 85 6000           		or	es:data_11e[di],al 
 0FD1  F6 D0                    		not	al 
 0FD3  26: 20 85 3000           		and	es:data_7e[di],al 
 0FD8  26: 8A 85 3000           		mov	al,es:data_7e[di] 
 0FDD  26: 22 05                		and	al,es:[di] 
 0FE0  26: 08 85 6000           		or	es:data_11e[di],al 
 0FE5  47                       		inc	di 
 0FE6  E2 CF                    		loop	locloop_92		; Loop if cx > 0 
                                 
 0FE8  5F                       		pop	di 
 0FE9  07                       		pop	es 
 0FEA  5B                       		pop	bx 
 0FEB  B9 40C0                  		mov	cx,40C0h 
 0FEE  B0 FF                    		mov	al,0FFh 
 0FF0  2E: FF 26 0000           		jmp	word ptr cs:data_90 
100OPDMO.asm(1816) : error 9: Symbol not defined DATA_90
                                sub_24		endp 
                                 
 0FF5  20 20 20 20 20 20 20     		db	'           Two thousand years, ', 0Dh 
       20 20 20 20 54 77 6F     
       20 74 68 6F 75 73 61     
       6E 64 20 79 65 61 72     
       73 2C 20 0D              
Microsoft (R) Macro Assembler  Version 4.00                 3/29/26 15:11:43

                                                            Page     1-38
                                                            

 1015  66 72 6F 6D 20 74 68     		db	'from the dark reaches of another' 
       65 20 64 61 72 6B 20     
       72 65 61 63 68 65 73     
       20 6F 66 20 61 6E 6F     
       74 68 65 72              
 1035  20 67 61 6C 61 78 79     		db	' galaxy,', 0Dh, '        a demon' 
       2C 0D 20 20 20 20 20     
       20 20 20 61 20 64 65     
       6D 6F 6E                 
 104D  20 77 69 74 68 20 6E     		db	' with not a shred', 0Dh, '      ' 
       6F 74 20 61 20 73 68     
       72 65 64 0D 20 20 20     
       20 20 20                 
 1065  6F 66 20 63 6F 6D 70     		db	'of compassion for humankind,', 0Dh 
       61 73 73 69 6F 6E 20     
       66 6F 72 20 68 75 6D     
       61 6E 6B 69 6E 64 2C     
       0D                       
 1082  20 20 20 20 20 20 20     		db	'         descended upon earth.', 0Dh 
       20 20 64 65 73 63 65     
       6E 64 65 64 20 75 70     
       6F 6E 20 65 61 72 74     
       68 2E 0D                 
 10A1  0D 20 20 20 20 20 20     		db	0Dh, '          He defiled the la' 
       20 20 20 20 48 65 20     
       64 65 66 69 6C 65 64     
       20 74 68 65 20 6C 61     
                                
 10BD  6E 64 2C 0D 20 20 73     		db	'nd,', 0Dh, '  sending vile creat' 
       65 6E 64 69 6E 67 20     
       76 69 6C 65 20 63 72     
       65 61 74                 
 10D5  75 72 65 73 20 74 6F     		db	'ures to live in it,', 0Dh, '   a' 
       20 6C 69 76 65 20 69     
       6E 20 69 74 2C 0D 20     
       20 20 61                 
 10ED  6E 64 20 74 68 75 73     		db	'nd thus became ruler of the worl' 
       20 62 65 63 61 6D 65     
       20 72 75 6C 65 72 20     
       6F 66 20 74 68 65 20     
       77 6F 72 6C              
 110D  64 2E 0D 0D 20 20 20     		db	'd.', 0Dh, 0Dh, '         The Kin' 
       20 20 20 20 20 20 54     
       68 65 20 4B 69 6E        
 1121  67 20 6F 66 20 46 65     		db	'g of Felishika,', 0Dh, '     app' 
       6C 69 73 68 69 6B 61     
       2C 0D 20 20 20 20 20     
       61 70 70                 
 1139  61 6C 6C 65 64 20 62     		db	'alled by what had happened,', 0Dh 
       79 20 77 68 61 74 20     
       68 61 64 20 68 61 70     
       70 65 6E 65 64 2C 0D     
 1155  20 20 20 20 20 20 20     		db	'          prayed to the Spirit', 0Dh 
       20 20 20 70 72 61 79     
       65 64 20 74 6F 20 74     
Microsoft (R) Macro Assembler  Version 4.00                 3/29/26 15:11:43

                                                            Page     1-39
                                                            

       68 65 20 53 70 69 72     
       69 74 0D                 
 1174  20 20 20 20 20 20 6F     		db	'      of the Holy Land of Zeliar' 
       66 20 74 68 65 20 48     
       6F 6C 79 20 4C 61 6E     
       64 20 6F 66 20 5A 65     
       6C 69 61 72              
 1194  64 0D 20 20 20 20 66     		db	'd', 0Dh, '    for help in defeat' 
       6F 72 20 68 65 6C 70     
       20 69 6E 20 64 65 66     
       65 61 74                 
 11AC  69 6E 67 20 74 68 69     		db	'ing this monster.', 0Dh, 0Dh, ' ' 
       73 20 6D 6F 6E 73 74     
       65 72 2E 0D 0D 20        
 11C0  20 20 20 57 69 74 68     		db	'   With the help of the holy cry' 
       20 74 68 65 20 68 65     
       6C 70 20 6F 66 20 74     
       68 65 20 68 6F 6C 79     
       20 63 72 79              
 11E0  73 74 61 6C 73 0D 20     		db	'stals', 0Dh, '       called Tear' 
       20 20 20 20 20 20 63     
       61 6C 6C 65 64 20 54     
       65 61 72                 
 11F8  73 20 6F 66 20 45 73     		db	's of Esmesanti,', 0Dh, '    the ' 
       6D 65 73 61 6E 74 69     
       2C 0D 20 20 20 20 74     
       68 65 20                 
 1210  4B 69 6E 67 20 6D 61     		db	'King managed to wrest power', 0Dh 
       6E 61 67 65 64 20 74     
       6F 20 77 72 65 73 74     
       20 70 6F 77 65 72 0D     
 122C  20 20 20 20 66 72 6F     		db	'    from the fiend and seal him ' 
       6D 20 74 68 65 20 66     
       69 65 6E 64 20 61 6E     
       64 20 73 65 61 6C 20     
       68 69 6D 20              
 124C  64 65 65 70 0D 20 20     		db	'deep', 0Dh, '     within the bow' 
       20 20 20 77 69 74 68     
       69 6E 20 74 68 65 20     
       62 6F 77                 
 1264  65 6C 73 20 6F 66 20     		db	'els of the earth.', 0Dh, 0Dh, ' ' 
       74 68 65 20 65 61 72     
       74 68 2E 0D 0D 20        
 1278  20 20 20 20 20 20 20     		db	'           And once again,', 0Dh 
       20 20 20 20 41 6E 64     
       20 6F 6E 63 65 20 61     
       67 61 69 6E 2C 0D        
 1293  20 74 68 65 20 6C 69     		db	' the light of peace came to shin' 
       67 68 74 20 6F 66 20     
       70 65 61 63 65 20 63     
       61 6D 65 20 74 6F 20     
       73 68 69 6E              
 12B3  65 20 75 70 6F 6E 0D     		db	'e upon', 0Dh, '              the' 
       20 20 20 20 20 20 20     
       20 20 20 20 20 20 20     
Microsoft (R) Macro Assembler  Version 4.00                 3/29/26 15:11:43

                                                            Page     1-40
                                                            

       74 68 65                 
 12CB  20 65 61 72 74 68 2E     		db	' earth.', 0Dh, 0Dh, 0Dh, 'Howeve' 
       0D 0D 0D 48 6F 77 65     
       76 65                    
 12DB  72 2C 20 69 74 20 69     		db	'r, it is written in', 0Dh, '    ' 
       73 20 77 72 69 74 74     
       65 6E 20 69 6E 0D 20     
       20 20 20                 
 12F3  20 20 20 74 68 65 20     		db	'   the Sixth Book of Esmesanti:', 0Dh 
       53 69 78 74 68 20 42     
       6F 6F 6B 20 6F 66 20     
       45 73 6D 65 73 61 6E     
       74 69 3A 0D              
 1313  20 20 20 20 20 20 20     		db	'                    The Age of D' 
       20 20 20 20 20 20 20     
       20 20 20 20 20 20 54     
       68 65 20 41 67 65 20     
       6F 66 20 44              
 1333  61 72 6B 6E 65 73 73     		db	'arkness.', 0Dh 
       2E 0D                    
 133C  FF 20                    		db	0FFh, 20h 
 133E  20 20 20 20 20 20 20     		db	'               At last,         ' 
       20 20 20 20 20 20 20     
       20 41 74 20 6C 61 73     
       74 2C 20 20 20 20 20     
       20 20 20 20              
 135E  20 20 20 20 20 20 20     		db	'       ', 0Dh, '     the door of' 
       0D 20 20 20 20 20 74     
       68 65 20 64 6F 6F 72     
       20 6F 66                 
 1376  20 64 65 73 74 69 6E     		db	' destiny was opened.    ', 0Dh, ' ' 
       79 20 77 61 73 20 6F     
       70 65 6E 65 64 2E 20     
       20 20 20 0D 20           
 1390  20 20 20 20 20 20 20     		db	'       The labyrinths are deep, ' 
       54 68 65 20 6C 61 62     
       79 72 69 6E 74 68 73     
       20 61 72 65 20 64 65     
       65 70 2C 20              
 13B0  20 20 20 20 20 20 20     		db	'       ', 0Dh, '          and th' 
       0D 20 20 20 20 20 20     
       20 20 20 20 61 6E 64     
       20 74 68                 
 13C8  65 20 77 61 79 20 69     		db	'e way is long.          ', 0Dh, ' ' 
       73 20 6C 6F 6E 67 2E     
       20 20 20 20 20 20 20     
       20 20 20 0D 20           
 13E2  20 20 20 20 57 69 6C     		db	'    Will Duke Garland be success' 
       6C 20 44 75 6B 65 20     
       47 61 72 6C 61 6E 64     
       20 62 65 20 73 75 63     
       63 65 73 73              
 1402  66 75 6C 20 20 20 20     		db	'ful    ', 0Dh, '   in dethroning' 
       0D 20 20 20 69 6E 20     
       64 65 74 68 72 6F 6E     
Microsoft (R) Macro Assembler  Version 4.00                 3/29/26 15:11:43

                                                            Page     1-41
                                                            

       69 6E 67                 
 141A  20 74 68 65 20 45 6D     		db	' the Emperor of Chaos?  ', 0Dh 
       70 65 72 6F 72 20 6F     
       66 20 43 68 61 6F 73     
       3F 20 20 0D              
 1433  FF 20                    		db	0FFh, 20h 
 1435  20 20 20 20 20 20 20     		db	'         Fantasy Action Game    ' 
       20 20 46 61 6E 74 61     
       73 79 20 41 63 74 69     
       6F 6E 20 47 61 6D 65     
       20 20 20 20              
 1455  20 20 20 20 20 20 20     		db	'       ', 0Dh, '               Z' 
       0D 20 20 20 20 20 20     
       20 20 20 20 20 20 20     
       20 20 5A                 
 146D  45 4C 49 41 52 44 20     		db	'ELIARD                  ', 0Dh, 0Dh 
       20 20 20 20 20 20 20     
       20 20 20 20 20 20 20     
       20 20 20 0D 0D           
 1487  20 20 20 20 20 20 20     		db	'             -- STAFF --        ' 
       20 20 20 20 20 20 2D     
       2D 20 53 54 41 46 46     
       20 2D 2D 20 20 20 20     
       20 20 20 20              
 14A7  20 20 20 20 20 20 20     		db	'        ', 0Dh, 0Dh, 'Producer -' 
       20 0D 0D 50 72 6F 64     
       75 63 65 72 20 2D        
 14BB  2D 20 4A 61 70 61 6E     		db	'- Japanese Version', 0Dh, '     ' 
       65 73 65 20 56 65 72     
       73 69 6F 6E 0D 20 20     
       20 20 20                 
 14D3  20 20 20 20 20 20 20     		db	'                 Mitsuhiro Mazda' 
       20 20 20 20 20 20 20     
       20 20 20 4D 69 74 73     
       75 68 69 72 6F 20 4D     
       61 7A 64 61              
 14F3  20 20 20 0D 0D 50 72     		db	'   ', 0Dh, 0Dh, 'Producer -- Eng' 
       6F 64 75 63 65 72 20     
       2D 2D 20 45 6E 67        
 1507  6C 69 73 68 20 56 65     		db	'lish Version', 0Dh, '           ' 
       72 73 69 6F 6E 0D 20     
       20 20 20 20 20 20 20     
       20 20 20                 
 151F  20 20 20 20 20 20 20     		db	'             Josh Mandel     ', 0Dh 
       20 20 20 20 20 20 4A     
       6F 73 68 20 4D 61 6E     
       64 65 6C 20 20 20 20     
       20 0D                    
 153D  0D 4C 65 61 64 20 50     		db	0Dh, 'Lead Programmer      Tomoyu' 
       72 6F 67 72 61 6D 6D     
       65 72 20 20 20 20 20     
       20 54 6F 6D 6F 79 75     
                                
 1559  6B 69 20 53 68 69 6D     		db	'ki Shimada   ', 0Dh, 0Dh, 'Graph' 
       61 64 61 20 20 20 0D     
Microsoft (R) Macro Assembler  Version 4.00                 3/29/26 15:11:43

                                                            Page     1-42
                                                            

       0D 47 72 61 70 68        
 156D  69 63 20 44 65 73 69     		db	'ic Designers     Akihiko Yoshida' 
       67 6E 65 72 73 20 20     
       20 20 20 41 6B 69 68     
       69 6B 6F 20 59 6F 73     
       68 69 64 61              
 158D  20 20 20 0D 20 20 20     		db	'   ', 0Dh, '                    ' 
       20 20 20 20 20 20 20     
       20 20 20 20 20 20 20     
       20 20 20                 
 15A5  20 20 4D 61 73 61 74     		db	'  Masatoshi Azumi   ', 0Dh, 0Dh, 'E' 
       6F 73 68 69 20 41 7A     
       75 6D 69 20 20 20 0D     
       0D 45                    
 15BC  6E 67 6C 69 73 68 20     		db	'nglish Text Translation by', 0Dh 
       54 65 78 74 20 54 72     
       61 6E 73 6C 61 74 69     
       6F 6E 20 62 79 0D        
 15D7  20 20 20 20 20 20 20     		db	'                       Marti McK' 
       20 20 20 20 20 20 20     
       20 20 20 20 20 20 20     
       20 20 4D 61 72 74 69     
       20 4D 63 4B              
 15F7  65 6E 6E 61 20 20 20     		db	'enna    ', 0Dh, 0Dh, 'Music Comp' 
       20 0D 0D 4D 75 73 69     
       63 20 43 6F 6D 70        
 160B  6F 73 65 72 73 20 20     		db	'osers  -- MECANO ASSOCIATES --', 0Dh 
       2D 2D 20 4D 45 43 41     
       4E 4F 20 41 53 53 4F     
       43 49 41 54 45 53 20     
       2D 2D 0D                 
 162A  20 20 20 20 20 20 20     		db	'                    Fumihito Kas' 
       20 20 20 20 20 20 20     
       20 20 20 20 20 20 46     
       75 6D 69 68 69 74 6F     
       20 4B 61 73              
 164A  61 74 61 6E 69 20 20     		db	'atani   ', 0Dh, '               ' 
       20 0D 20 20 20 20 20     
       20 20 20 20 20 20 20     
       20 20 20                 
 1662  20 20 20 20 20 4E 6F     		db	'     Nobuyuki Aoshima    ', 0Dh, 0Dh 
       62 75 79 75 6B 69 20     
       41 6F 73 68 69 6D 61     
       20 20 20 20 0D 0D        
 167D  53 74 6F 72 79 20 4D     		db	'Story Maker           Masaru Tak' 
       61 6B 65 72 20 20 20     
       20 20 20 20 20 20 20     
       20 4D 61 73 61 72 75     
       20 54 61 6B              
 169D  65 75 63 68 69 20 20     		db	'euchi   ', 0Dh, 0Dh, 'Sound Effe' 
       20 0D 0D 53 6F 75 6E     
       64 20 45 66 66 65        
 16B1  63 74 73 20 62 79 20     		db	'cts by     Tomoyuki Shimada   ', 0Dh 
       20 20 20 20 54 6F 6D     
       6F 79 75 6B 69 20 53     
Microsoft (R) Macro Assembler  Version 4.00                 3/29/26 15:11:43

                                                            Page     1-43
                                                            

       68 69 6D 61 64 61 20     
       20 20 0D                 
 16D0  0D 41 64 76 69 73 65     		db	0Dh, 'Advisers               Osam' 
       72 73 20 20 20 20 20     
       20 20 20 20 20 20 20     
       20 20 20 4F 73 61 6D     
                                
 16EC  75 20 48 61 72 61 64     		db	'u Harada     ', 0Dh, '          ' 
       61 20 20 20 20 20 0D     
       20 20 20 20 20 20 20     
       20 20 20                 
 1704  20 20 20 20 20 20 20     		db	'             Hiromi Ohba      ', 0Dh 
       20 20 20 20 20 20 48     
       69 72 6F 6D 69 20 4F     
       68 62 61 20 20 20 20     
       20 20 0D                 
 1723  20 20 20 20 20 20 20     		db	'                       Greg Miya' 
       20 20 20 20 20 20 20     
       20 20 20 20 20 20 20     
       20 20 47 72 65 67 20     
       4D 69 79 61              
 1743  6A 69 20 20 20 20 20     		db	'ji      ', 0Dh, 0Dh, 'System Des' 
       20 0D 0D 53 79 73 74     
       65 6D 20 44 65 73        
 1757  69 67 6E 65 72 20 20     		db	'igner      Rocky Cave Maker   ', 0Dh 
       20 20 20 20 52 6F 63     
       6B 79 20 43 61 76 65     
       20 4D 61 6B 65 72 20     
       20 20 0D                 
 1776  0D 53 70 65 63 69 61     		db	0Dh, 'Special Thanks to', 0Dh, ' ' 
       6C 20 54 68 61 6E 6B     
       73 20 74 6F 0D 20        
 178A  20 20 20 20 20 20 20     		db	'                   Toshiyuki Uch' 
       20 20 20 20 20 20 20     
       20 20 20 20 20 54 6F     
       73 68 69 79 75 6B 69     
       20 55 63 68              
 17AA  69 64 61 20 20 20 20     		db	'ida    ', 0Dh, '                ' 
       0D 20 20 20 20 20 20     
       20 20 20 20 20 20 20     
       20 20 20                 
 17C2  20 20 20 20 20 20 20     		db	'       Yuzo Sunaga      ', 0Dh, ' ' 
       59 75 7A 6F 20 53 75     
       6E 61 67 61 20 20 20     
       20 20 20 0D 20           
 17DC  20 20 20 20 20 20 20     		db	'                    Takeshi Miya' 
       20 20 20 20 20 20 20     
       20 20 20 20 20 20 54     
       61 6B 65 73 68 69 20     
       4D 69 79 61              
 17FC  6A 69 20 20 20 20 20     		db	'ji     ', 0Dh, '                ' 
       0D 20 20 20 20 20 20     
       20 20 20 20 20 20 20     
       20 20 20                 
 1814  20 20 20 20 20 4E 61     		db	'     Naozumi Honma      ', 0Dh, ' ' 
Microsoft (R) Macro Assembler  Version 4.00                 3/29/26 15:11:43

                                                            Page     1-44
                                                            

       6F 7A 75 6D 69 20 48     
       6F 6E 6D 61 20 20 20     
       20 20 20 0D 20           
 182E  20 20 20 20 20 20 20     		db	'                    Toshi Masubu' 
       20 20 20 20 20 20 20     
       20 20 20 20 20 20 54     
       6F 73 68 69 20 4D 61     
       73 75 62 75              
 184E  63 68 69 20 20 20 20     		db	'chi    ', 0Dh, '                ' 
       0D 20 20 20 20 20 20     
       20 20 20 20 20 20 20     
       20 20 20                 
 1866  20 20 20 20 20 52 61     		db	'     Ray E. Nakazato    ', 0Dh, ' ' 
       79 20 45 2E 20 4E 61     
       6B 61 7A 61 74 6F 20     
       20 20 20 0D 20           
 1880  20 20 20 20 20 20 20     		db	'                    Hiroyuki Koy' 
       20 20 20 20 20 20 20     
       20 20 20 20 20 20 48     
       69 72 6F 79 75 6B 69     
       20 4B 6F 79              
 18A0  61 6D 61 20 20 20 20     		db	'ama    ', 0Dh, '                ' 
       0D 20 20 20 20 20 20     
       20 20 20 20 20 20 20     
       20 20 20                 
 18B8  20 20 20 20 20 53 61     		db	'     Satoshi Uesaka     ', 0Dh, ' ' 
       74 6F 73 68 69 20 55     
       65 73 61 6B 61 20 20     
       20 20 20 0D 20           
 18D2  20 20 20 20 20 20 20     		db	'             Sierra On-Line Japa' 
       20 20 20 20 20 20 53     
       69 65 72 72 61 20 4F     
       6E 2D 4C 69 6E 65 20     
       4A 61 70 61              
 18F2  6E 2C 20 49 6E 63 2E     		db	'n, Inc.', 0Dh, '                ' 
       0D 20 20 20 20 20 20     
       20 20 20 20 20 20 20     
       20 20 20                 
 190A  20 20 20 20 45 69 6A     		db	'    Eiji (Ed) Nagano    ', 0Dh, 0Dh 
       69 20 28 45 64 29 20     
       4E 61 67 61 6E 6F 20     
       20 20 20 0D 0D           
 1924  0D 0D 20 20 20 20 43     		db	0Dh, 0Dh, '    Copyright (C)1987,' 
       6F 70 79 72 69 67 68     
       74 20 28 43 29 31 39     
       38 37 2C                 
 193C  31 39 39 30 20 47 41     		db	'1990 GAME ARTS    ', 0Dh, '    C' 
       4D 45 20 41 52 54 53     
       20 20 20 20 0D 20 20     
       20 20 43                 
 1954  6F 70 79 72 69 67 68     		db	'opyright (C)1990 Sierra On-Line ' 
       74 20 28 43 29 31 39     
       39 30 20 53 69 65 72     
       72 61 20 4F 6E 2D 4C     
       69 6E 65 20              
Microsoft (R) Macro Assembler  Version 4.00                 3/29/26 15:11:43

                                                            Page     1-45
                                                            

 1974  20 20 20 0D 20 20 54     		db	'   ', 0Dh, '  This edition first' 
       68 69 73 20 65 64 69     
       74 69 6F 6E 20 66 69     
       72 73 74                 
 198C  20 70 75 62 6C 69 73     		db	' published 1987 by  ', 0Dh, '  G' 
       68 65 64 20 31 39 38     
       37 20 62 79 20 20 0D     
       20 20 47                 
 19A4  41 4D 45 20 41 52 54     		db	'AME ARTS Co.,Ltd./ Tomoyuki Shim' 
       53 20 43 6F 2E 2C 4C     
       74 64 2E 2F 20 54 6F     
       6D 6F 79 75 6B 69 20     
       53 68 69 6D              
 19C4  61 64 61 20 20 0D        		db	'ada  ', 0Dh 
 19CA  FF 50 F0 FE F3 FA        		db	0FFh, 50h,0F0h,0FEh,0F3h,0FAh 
 19D0  4F 6E 63 65 2C 20 6C     		db	'Once, long ago, a terrible storm' 
       6F 6E 67 20 61 67 6F     
       2C 20 61 20 74 65 72     
       72 69 62 6C 65 20 73     
       74 6F 72 6D              
 19F0  20 63 61 6D 65 20 74     		db	' came to the land of Zeliard. ' 
       6F 20 74 68 65 20 6C     
       61 6E 64 20 6F 66 20     
       5A 65 6C 69 61 72 64     
       2E 20                    
 1A0E  F5 F5 F5 F5 FE F7        		db	0F5h,0F5h,0F5h,0F5h,0FEh,0F7h 
 1A14  44 61 72 6B              		db	 44h, 61h, 72h, 6Bh 
 1A18  20 63 6C 6F 75 64 73     		db	' clouds filled the sky; lightnin' 
       20 66 69 6C 6C 65 64     
       20 74 68 65 20 73 6B     
       79 3B 20 6C 69 67 68     
       74 6E 69 6E              
 1A38  67 20 66 6C 61 73 68     		db	'g flashed and thunder crashed. ' 
       65 64 20 61 6E 64 20     
       74 68 75 6E 64 65 72     
       20 63 72 61 73 68 65     
       64 2E 20                 
 1A57  F2                       		db	0F2h 
 1A58  44 61 79 20 61 66 74     		db	'Day after day, rain poured from ' 
       65 72 20 64 61 79 2C     
       20 72 61 69 6E 20 70     
       6F 75 72 65 64 20 66     
       72 6F 6D 20              
 1A78  74 68 65 20 68 65 61     		db	'the heavens as if in lament.' 
       76 65 6E 73 20 61 73     
       20 69 66 20 69 6E 20     
       6C 61 6D 65 6E 74 2E     
                                
 1A94  F5 F5 F5 F5 FE F5        		db	0F5h,0F5h,0F5h,0F5h,0FEh,0F5h 
 1A9A  F5 FE F3 F5              		db	0F5h,0FEh,0F3h,0F5h 
 1A9E  4F 6E 20 74 68 65 20     		db	'On the seventh day of rain, a be' 
       73 65 76 65 6E 74 68     
       20 64 61 79 20 6F 66     
       20 72 61 69 6E 2C 20     
       61 20 62 65              
Microsoft (R) Macro Assembler  Version 4.00                 3/29/26 15:11:43

                                                            Page     1-46
                                                            

 1ABE  61 75 74 69 66 75 6C     		db	'autiful young girl stood on her ' 
       20 79 6F 75 6E 67 20     
       67 69 72 6C 20 73 74     
       6F 6F 64 20 6F 6E 20     
       68 65 72 20              
 1ADE  62 61 6C 63 6F 6E 79     		db	'balcony watching this dark, sad ' 
       20 77 61 74 63 68 69     
       6E 67 20 74 68 69 73     
       20 64 61 72 6B 2C 20     
       73 61 64 20              
 1AFE  72 61 69 6E 2E           		db	'rain.' 
 1B03  F5 F5 F5 F5 FE F3        		db	0F5h,0F5h,0F5h,0F5h,0FEh,0F3h 
 1B09  54 68 65 20 67 69 72     		db	'The girl was Princess Felicia la' 
       6C 20 77 61 73 20 50     
       72 69 6E 63 65 73 73     
       20 46 65 6C 69 63 69     
       61 20 6C 61              
 1B29  20 46 65 6C 69 73 68     		db	' Felishika.  She was the only da' 
       69 6B 61 2E 20 20 53     
       68 65 20 77 61 73 20     
       74 68 65 20 6F 6E 6C     
       79 20 64 61              
 1B49  75 67 68 74 65 72 20     		db	'ughter of King Felishika, and th' 
       6F 66 20 4B 69 6E 67     
       20 46 65 6C 69 73 68     
       69 6B 61 2C 20 61 6E     
       64 20 74 68              
 1B69  65 20 6C 69 67 68 74     		db	'e light of his life.' 
       20 6F 66 20 68 69 73     
       20 6C 69 66 65 2E        
 1B7D  F5 F5 F5 F5 FE F3        		db	0F5h,0F5h,0F5h,0F5h,0FEh,0F3h 
 1B83  F5                       		db	0F5h 
 1B84  48 65 72 20 73 6D 69     		db	'Her smiles were like sunshine, h' 
       6C 65 73 20 77 65 72     
       65 20 6C 69 6B 65 20     
       73 75 6E 73 68 69 6E     
       65 2C 20 68              
 1BA4  65 72 20 76 6F 69 63     		db	'er voice as beautiful as that of' 
       65 20 61 73 20 62 65     
       61 75 74 69 66 75 6C     
       20 61 73 20 74 68 61     
       74 20 6F 66              
 1BC4  20 61 6E 20 61 6E 67     		db	' an angel.  She was adored by th' 
       65 6C 2E 20 20 53 68     
       65 20 77 61 73 20 61     
       64 6F 72 65 64 20 62     
       79 20 74 68              
 1BE4  65 20 70 65 6F 70 6C     		db	'e people of the kingdom.' 
       65 20 6F 66 20 74 68     
       65 20 6B 69 6E 67 64     
       6F 6D 2E                 
 1BFC  F5 F5 F5 F5              		db	0F5h,0F5h,0F5h,0F5h 
 1C00                           loc_93: 
 1C00  EB FE                    		jmp	short loc_93 
                                			                        ;* No entry point to code 
Microsoft (R) Macro Assembler  Version 4.00                 3/29/26 15:11:43

                                                            Page     1-47
                                                            

 1C02  F5                       		cmc				; Complement carry 
 1C03  F3 FB A0 22 57           		db	0F3h,0FBh,0A0h, 22h, 57h 
 1C08  68 61 74 20 61 20 64     		db	'hat a dreadful storm!  Will it n' 
       72 65 61 64 66 75 6C     
       20 73 74 6F 72 6D 21     
       20 20 57 69 6C 6C 20     
       69 74 20 6E              
 1C28  65 76 65 72 20 65 6E     		db	'ever end?"' 
       64 3F 22                 
 1C32  F0 F6 FE F5 F3 FA        		db	0F0h,0F6h,0FEh,0F5h,0F3h,0FAh 
 1C38  4A 75 73 74 20 61 73     		db	'Just as the princess spoke these' 
       20 74 68 65 20 70 72     
       69 6E 63 65 73 73 20     
       73 70 6F 6B 65 20 74     
       68 65 73 65              
 1C58  20 77 6F 72 64 73 2C     		db	' words, the raindrops turned to ' 
       20 74 68 65 20 72 61     
       69 6E 64 72 6F 70 73     
       20 74 75 72 6E 65 64     
       20 74 6F 20              
 1C78  67 72 61 69 6E 73 20     		db	'grains of sand which covered the' 
       6F 66 20 73 61 6E 64     
       20 77 68 69 63 68 20     
       63 6F 76 65 72 65 64     
       20 74 68 65              
 1C98  20 67 72 6F 75 6E 64     		db	' ground below her. ' 
       20 62 65 6C 6F 77 20     
       68 65 72 2E 20           
 1CAB  F5 F5 F5 F5 F5 FE        		db	0F5h,0F5h,0F5h,0F5h,0F5h,0FEh 
 1CB1  FD FE F5 F3              		db	0FDh,0FEh,0F5h,0F3h 
 1CB5  41 73 20 73 68 65 20     		db	'As she watched, a startling tran' 
       77 61 74 63 68 65 64     
       2C 20 61 20 73 74 61     
       72 74 6C 69 6E 67 20     
       74 72 61 6E              
 1CD5  73 66 6F 72 6D 61 74     		db	'sformation began to take place.' 
       69 6F 6E 20 62 65 67     
       61 6E 20 74 6F 20 74     
       61 6B 65 20 70 6C 61     
       63 65 2E                 
 1CF4  F5 F5 F5 F5 FE F3        		db	0F5h,0F5h,0F5h,0F5h,0FEh,0F3h 
 1CFA  49 6E 20 61 6E 20 69     		db	'In an instant, the green hills a' 
       6E 73 74 61 6E 74 2C     
       20 74 68 65 20 67 72     
       65 65 6E 20 68 69 6C     
       6C 73 20 61              
 1D1A  6E 64 20 70 6C 61 69     		db	'nd plains turned a dusty brown. ' 
       6E 73 20 74 75 72 6E     
       65 64 20 61 20 64 75     
       73 74 79 20 62 72 6F     
       77 6E 2E 20              
 1D3A  F5 F5 F5 F5 FE F7        		db	0F5h,0F5h,0F5h,0F5h,0FEh,0F7h 
 1D40  54 72                    		db	 54h, 72h 
 1D42  65 65 73 20 61 6E 64     		db	'ees and flowers crumpled and wer' 
       20 66 6C 6F 77 65 72     
Microsoft (R) Macro Assembler  Version 4.00                 3/29/26 15:11:43

                                                            Page     1-48
                                                            

       73 20 63 72 75 6D 70     
       6C 65 64 20 61 6E 64     
       20 77 65 72              
 1D62  65 20 62 75 72 69 65     		db	'e buried. ' 
       64 2E 20                 
 1D6C  F3                       		db	0F3h 
 1D6D  52 69 76 65 72 73 20     		db	'Rivers and lakes disappeared ben' 
       61 6E 64 20 6C 61 6B     
       65 73 20 64 69 73 61     
       70 70 65 61 72 65 64     
       20 62 65 6E              
 1D8D  65 61 74 68 20 74 68     		db	'eath the sand.' 
       65 20 73 61 6E 64 2E     
                                
 1D9B  F1                       		db	0F1h 
 1D9C  54 68 69 73 20 65 76     		db	'This ever-green land was turning' 
       65 72 2D 67 72 65 65     
       6E 20 6C 61 6E 64 20     
       77 61 73 20 74 75 72     
       6E 69 6E 67              
 1DBC  20 74 6F 20 64 65 73     		db	' to desert before her very eyes.' 
       65 72 74 20 62 65 66     
       6F 72 65 20 68 65 72     
       20 76 65 72 79 20 65     
       79 65 73 2E              
 1DDC  F5 F5 F5 F5 F5 F5        		db	0F5h,0F5h,0F5h,0F5h,0F5h,0F5h 
 1DE2  FE FD F5 F3 FB EB        		db	0FEh,0FDh,0F5h,0F3h,0FBh,0EBh 
 1DE8  A2                       		db	0A2h 
 1DE9  22 48 6F 77 20 63 61     		db	'"How can this be?" ' 
       6E 20 74 68 69 73 20     
       62 65 3F 22 20           
 1DFC  F0 FA                    		db	0F0h,0FAh 
 1DFE  73 68 65 20 63 72 69     		db	'she cried, ' 
       65 64 2C 20              
 1E09  EB FB                    		db	0EBh,0FBh 
 1E0B  22 57 68                 		db	'"Wh' 
 1E0E  61 74 20 65 76 69 6C     		db	'at evil p' 
       20 70                    
 1E17  6F 77 65 72 20 63 6F     		db	'ower could cause such a terrible' 
       75 6C 64 20 63 61 75     
       73 65 20 73 75 63 68     
       20 61 20 74 65 72 72     
       69 62 6C 65              
 1E37  20 74 68 69 6E 67 20     		db	' thing to happen?"' 
       74 6F 20 68 61 70 70     
       65 6E 3F 22              
 1E49  F0 F6 F5 F5 F5 FE        		db	0F0h,0F6h,0F5h,0F5h,0F5h,0FEh 
 1E4F  F3 FA                    		db	0F3h,0FAh 
 1E51  50 72 69 6E 63 65 73     		db	'Princess Felicia shiver' 
       73 20 46 65 6C 69 63     
       69 61 20 73 68 69 76     
       65 72                    
 1E68  65 64 20 61 73 20 73     		db	'ed as she felt a dark presence n' 
       68 65 20 66 65 6C 74     
       20 61 20 64 61 72 6B     
Microsoft (R) Macro Assembler  Version 4.00                 3/29/26 15:11:43

                                                            Page     1-49
                                                            

       20 70 72 65 73 65 6E     
       63 65 20 6E              
 1E88  65 61 72 20 68 65 72     		db	'ear her, ' 
       2C 20                    
 1E91  FD                       		db	0FDh 
 1E92  61 6E 64 20 73 75 64     		db	'and suddenly, a terrifying voice' 
       64 65 6E 6C 79 2C 20     
       61 20 74 65 72 72 69     
       66 79 69 6E 67 20 76     
       6F 69 63 65              
 1EB2  20 62 65 6C 6C 6F 77     		db	' bellowed as loud as thunder...' 
       65 64 20 61 73 20 6C     
       6F 75 64 20 61 73 20     
       74 68 75 6E 64 65 72     
       2E 2E 2E                 
 1ED1  F5 F5 F5 F5 FE F7        		db	0F5h,0F5h,0F5h,0F5h,0FEh,0F7h 
 1ED7  F9 ED                    		db	0F9h,0EDh 
 1ED9  22 49 20 61 6D 20 4A     		db	'"I am Jashiin, the Emperor of Ch' 
       61 73 68 69 69 6E 2C     
       20 74 68 65 20 45 6D     
       70 65 72 6F 72 20 6F     
       66 20 43 68              
 1EF9  61 6F 73 2E 20 20 54     		db	'aos.  The descendants of those w' 
       68 65 20 64 65 73 63     
       65 6E 64 61 6E 74 73     
       20 6F 66 20 74 68 6F     
       73 65 20 77              
 1F19  68 6F 20 69 6D 70 72     		db	'ho imprisoned me under the earth' 
       69 73 6F 6E 65 64 20     
       6D 65 20 75 6E 64 65     
       72 20 74 68 65 20 65     
       61 72 74 68              
 1F39  20 73 68 61 6C 6C 20     		db	' shall know that my wrath has sm' 
       6B 6E 6F 77 20 74 68     
       61 74 20 6D 79 20 77     
       72 61 74 68 20 68 61     
       73 20 73 6D              
 1F59  6F 6C 64 65 72 65 64     		db	'oldered for two thousand years!"' 
       20 66 6F 72 20 74 77     
       6F 20 74 68 6F 75 73     
       61 6E 64 20 79 65 61     
       72 73 21 22              
 1F79  F0 F5 F5 FD FD FE        		db	0F0h,0F5h,0F5h,0FDh,0FDh,0FEh 
 1F7F  F7 ED                    		db	0F7h,0EDh 
 1F81  22 42 65 61 75 74 69     data_47		db	'"Beautiful Princess Felicia, you' 
       66 75 6C 20 50 72 69     
       6E 63 65 73 73 20 46     
       65 6C 69 63 69 61 2C     
       20 79 6F 75              
 1FA1  20 77 69 6C 6C 20 6D     		db	' will make a lovely and terrifyi' 
       61 6B 65 20 61 20 6C     
       6F 76 65 6C 79 20 61     
       6E 64 20 74 65 72 72     
       69 66 79 69              
 1FC1  6E 67 20 73 79 6D 62     		db	'ng symbol of my awakening.  Your' 
Microsoft (R) Macro Assembler  Version 4.00                 3/29/26 15:11:43

                                                            Page     1-50
                                                            

       6F 6C 20 6F 66 20 6D     
       79 20 61 77 61 6B 65     
       6E 69 6E 67 2E 20 20     
       59 6F 75 72              
 1FE1  20 66 61 74 68 65 72     		db	' father will not make the mistak' 
       20 77 69 6C 6C 20 6E     
       6F 74 20 6D 61 6B 65     
       20 74 68 65 20 6D 69     
       73 74 61 6B              
 2001  65 73 20 6F 66 20 68     		db	'es of his ancestors!"' 
       69 73 20 61 6E 63 65     
       73 74 6F 72 73 21 22     
                                
 2016  F0 F5 F5 FE FD F3        		db	0F0h,0F5h,0F5h,0FEh,0FDh,0F3h 
 201C  FA                       		db	0FAh 
 201D  41 73 20 74 68 65 20     data_49		db	'As the words of the demon resoun' 
       77 6F 72 64 73 20 6F     
       66 20 74 68 65 20 64     
       65 6D 6F 6E 20 72 65     
       73 6F 75 6E              
 203D  64 65 64 20 6F 76 65     		db	'ded over the land, Princess Feli' 
       72 20 74 68 65 20 6C     
       61 6E 64 2C 20 50 72     
       69 6E 63 65 73 73 20     
       46 65 6C 69              
 205D  63 69 61 20 77 61 73     		db	'cia was turned to stone.' 
       20 74 75 72 6E 65 64     
       20 74 6F 20 73 74 6F     
       6E 65 2E                 
                                 
                                ;ﬂﬂﬂﬂﬂﬂﬂﬂﬂﬂﬂﬂﬂﬂﬂﬂﬂﬂﬂﬂﬂﬂﬂﬂﬂﬂﬂﬂﬂﬂﬂﬂﬂﬂﬂﬂﬂﬂﬂﬂﬂﬂﬂﬂﬂﬂﬂﬂﬂﬂﬂﬂﬂﬂﬂﬂﬂﬂﬂﬂﬂﬂﬂﬂﬂﬂﬂﬂﬂﬂﬂﬂﬂﬂ 
                                ;                              SUBROUTINE 
                                ;‹‹‹‹‹‹‹‹‹‹‹‹‹‹‹‹‹‹‹‹‹‹‹‹‹‹‹‹‹‹‹‹‹‹‹‹‹‹‹‹‹‹‹‹‹‹‹‹‹‹‹‹‹‹‹‹‹‹‹‹‹‹‹‹‹‹‹‹‹‹‹‹‹‹ 
                                 
 2075                           sub_26		proc	near 
 2075  FD                       		std				; Set direction flag 
                                 
                                ;ﬂﬂﬂﬂ External Entry into Subroutine ﬂﬂﬂﬂﬂﬂﬂﬂﬂﬂﬂﬂﬂﬂﬂﬂﬂﬂﬂﬂﬂﬂﬂﬂﬂﬂﬂﬂﬂﬂﬂﬂﬂﬂﬂﬂﬂﬂ 
                                 
 2076                           sub_27: 
 2076  F5                       		cmc				; Complement carry 
 2077  F5                       		cmc				; Complement carry 
 2078  FE FD F3                 		db	0FEh,0FDh,0F3h 
 207B  54 68 65 20 72 61 69     		db	'The rain of sand continued for 1' 
       6E 20 6F 66 20 73 61     
       6E 64 20 63 6F 6E 74     
       69 6E 75 65 64 20 66     
       6F 72 20 31              
 209B  30 38 20 64 61 79 73     		db	'08 days and transformed the once' 
       20 61 6E 64 20 74 72     
       61 6E 73 66 6F 72 6D     
       65 64 20 74 68 65 20     
       6F 6E 63 65              
 20BB  2D 66 65 72 74 69 6C     		db	'-fertile land into desert.' 
       65 20 6C 61 6E 64 20     
Microsoft (R) Macro Assembler  Version 4.00                 3/29/26 15:11:43

                                                            Page     1-51
                                                            

       69 6E 74 6F 20 64 65     
       73 65 72 74 2E           
 20D5  F5 F5 FE F3              		db	0F5h,0F5h,0FEh,0F3h 
 20D9  54 68 65 20 70 65 6F     		db	'The people of the kingdom wept a' 
       70 6C 65 20 6F 66 20     
       74 68 65 20 6B 69 6E     
       67 64 6F 6D 20 77 65     
       70 74 20 61              
 20F9  74 20 74 68 65 20 74     		db	't the terrible fate of their cou' 
       65 72 72 69 62 6C 65     
       20 66 61 74 65 20 6F     
       66 20 74 68 65 69 72     
       20 63 6F 75              
 2119  6E 74 72 79 2C 20 61     		db	'ntry, and of their princess.' 
       6E 64 20 6F 66 20 74     
       68 65 69 72 20 70 72     
       69 6E 63 65 73 73 2E     
                                
 2135  F5 F5 F5 F5 FE FD        		db	0F5h,0F5h,0F5h,0F5h,0FEh,0FDh 
 213B  FE F7 FA                 		db	0FEh,0F7h,0FAh 
 213E  54 68 65 20 4B 69 6E     		db	'The King wept most of all. ' 
       67 20 77 65 70 74 20     
       6D 6F 73 74 20 6F 66     
       20 61 6C 6C 2E 20        
 2159  F3 EE FB                 		db	0F3h,0EEh,0FBh 
 215C  22 4F 68 2C 20 6D 79     		db	'"Oh, my beloved Felicia!  I fear' 
       20 62 65 6C 6F 76 65     
       64 20 46 65 6C 69 63     
       69 61 21 20 20 49 20     
       66 65 61 72              
 217C  20 74 68 65 20 41 67     		db	' the Age of Darkness is upon us.' 
       65 20 6F 66 20 44 61     
       72 6B 6E 65 73 73 20     
       69 73 20 75 70 6F 6E     
       20 75 73 2E              
 219C  20 20 49 20 61 6D 20     		db	'  I am powerless to stop it ... ' 
       70 6F 77 65 72 6C 65     
       73 73 20 74 6F 20 73     
       74 6F 70 20 69 74 20     
       2E 2E 2E 20              
 21BC  61 6E 64                 		db	'and' 
 21BF  20 70 6F 77 65 72 6C     		db	' powerless to help you."' 
       65 73 73 20 74 6F 20     
       68 65 6C 70 20 79 6F     
       75 2E 22                 
 21D7  F0 F5 F5 F5 FE FD        		db	0F0h,0F5h,0F5h,0F5h,0FEh,0FDh 
 21DD  F3 FA                    		db	0F3h,0FAh 
 21DF  42 75 74 20 74 68 65     		db	'But the tears of th' 
       20 74 65 61 72 73 20     
       6F 66 20 74 68           
 21F2  65 20 4B 69 6E 67 20     		db	'e King and his peo' 
       61 6E 64 20 68 69 73     
       20 70 65 6F              
 2204  70 6C 65 20 73 6F 6F     		db	'ple soon awakened another power.' 
       6E 20 61 77 61 6B 65     
Microsoft (R) Macro Assembler  Version 4.00                 3/29/26 15:11:43

                                                            Page     1-52
                                                            

       6E 65 64 20 61 6E 6F     
       74 68 65 72 20 70 6F     
       77 65 72 2E              
 2224  F5 F5 FE FD F3           		db	0F5h,0F5h,0FEh,0FDh,0F3h 
 2229  41 73 20 74 68 65 20     		db	'As the Ki' 
       4B 69                    
 2232  6E 67 20 67 72 69 65     		db	'ng grieved' 
       76 65 64                 
 223C  2C 20                    		db	', ' 
 223E  61 6E 20 61 70           		db	'an ap' 
 2243  70 61 72 69 74 69 6F     		db	'parition appeared before him.' 
       6E 20 61 70 70 65 61     
       72 65 64 20 62 65 66     
       6F 72 65 20 68 69 6D     
       2E                       
 2260  F5 F5 FE EC F7 FB        		db	0F5h,0F5h,0FEh,0ECh,0F7h,0FBh 
 2266  22 49 20 61 6D 20 74     		db	'"I am the Guardian Spirit of the' 
       68 65 20 47 75 61 72     
       64 69 61 6E 20 53 70     
       69 72 69 74 20 6F 66     
       20 74 68 65              
 2286  20 48 6F 6C 79 20 4C     		db	' Holy Land of Zeliard.  The demo' 
       61 6E 64 20 6F 66 20     
       5A 65 6C 69 61 72 64     
       2E 20 20 54 68 65 20     
       64 65 6D 6F              
 22A6  6E 20 4A 61 73 68 69     		db	'n Jashiin has been resurrected, ' 
       69 6E 20 68 61 73 20     
       62 65 65 6E 20 72 65     
       73 75 72 72 65 63 74     
       65 64 2C 20              
 22C6  61 6E 64 20 69 6E 64     		db	'and indeed his evil magic will p' 
       65 65 64 20 68 69 73     
       20 65 76 69 6C 20 6D     
       61 67 69 63 20 77 69     
       6C 6C 20 70              
 22E6  6C 75 6E 67 65 20 74     		db	'lunge this world into the Age of' 
       68 69 73 20 77 6F 72     
       6C 64 20 69 6E 74 6F     
       20 74 68 65 20 41 67     
       65 20 6F 66              
 2306  20 44 61 72 6B 6E 65     		db	' Darkness once again."' 
       73 73 20 6F 6E 63 65     
       20 61 67 61 69 6E 2E     
       22                       
 231C  F5 F5 F5 FE F7 22        		db	0F5h,0F5h,0F5h,0FEh,0F7h, 22h 
 2322  48 65 65 64 20 6D 79     		db	'Heed my words, King Felishika: T' 
       20 77 6F 72 64 73 2C     
       20 4B 69 6E 67 20 46     
       65 6C 69 73 68 69 6B     
       61 3A 20 54              
 2342  68 65 72 65 20 69 73     		db	'here is but one way to stop this' 
       20 62 75 74 20 6F 6E     
       65 20 77 61 79 20 74     
       6F 20 73 74 6F 70 20     
Microsoft (R) Macro Assembler  Version 4.00                 3/29/26 15:11:43

                                                            Page     1-53
                                                            

       74 68 69 73              
 2362  20 64 65 6D 6F 6E 2E     		db	' demon.  A brave warrior must ve' 
       20 20 41 20 62 72 61     
       76 65 20 77 61 72 72     
       69 6F 72 20 6D 75 73     
       74 20 76 65              
 2382  6E 74 75 72 65 20 69     		db	'nture into the labyrinths and re' 
       6E 74 6F 20 74 68 65     
       20 6C 61 62 79 72 69     
       6E 74 68 73 20 61 6E     
       64 20 72 65              
 23A2  63 6F 76 65 72 20 74     		db	'cover the nine Holy Crystals, th' 
       68 65 20 6E 69 6E 65     
       20 48 6F 6C 79 20 43     
       72 79 73 74 61 6C 73     
       2C 20 74 68              
 23C2  65 20 54 65 61 72 73     		db	'e Tears of Esmesanti."' 
       20 6F 66 20 45 73 6D     
       65 73 61 6E 74 69 2E     
       22                       
 23D8  F5 F5 F5 F5 FE F7        		db	0F5h,0F5h,0F5h,0F5h,0FEh,0F7h 
 23DE  22                       		db	 22h 
 23DF  4D 61 6E 79 20 74 65     		db	'Many terrible creatures dwell wi' 
       72 72 69 62 6C 65 20     
       63 72 65 61 74 75 72     
       65 73 20 64 77 65 6C     
       6C 20 77 69              
 23FF  74 68 69 6E 20 74 68     		db	'thin the labyrinths, all of them' 
       65 20 6C 61 62 79 72     
       69 6E 74 68 73 2C 20     
       61 6C 6C 20 6F 66 20     
       74 68 65 6D              
 241F  20 4A 61 73 68 69 69     		db	' Jashiin', 27h, 's minions.  No ' 
       6E 27 73 20 6D 69 6E     
       69 6F 6E 73 2E 20 20     
       4E 6F 20                 
 2437  6D 6F 72 74 61 6C 20     		db	'mortal man could defeat these de' 
       6D 61 6E 20 63 6F 75     
       6C 64 20 64 65 66 65     
       61 74 20 74 68 65 73     
       65 20 64 65              
 2457  61 64 6C 79 20 62 65     		db	'adly beasts and wrest the crysta' 
       61 73 74 73 20 61 6E     
       64 20 77 72 65 73 74     
       20 74 68 65 20 63 72     
       79 73 74 61              
 2477  6C 73 20 66 72 6F 6D     		db	'ls from them."' 
       20 74 68 65 6D 2E 22     
                                
 2485  F5 F5 FE F7 22           		db	0F5h,0F5h,0FEh,0F7h, 22h 
 248A  48 6F 77 65 76 65 72     		db	'However, there is one with the p' 
       2C 20 74 68 65 72 65     
       20 69 73 20 6F 6E 65     
       20 77 69 74 68 20 74     
       68 65 20 70              
Microsoft (R) Macro Assembler  Version 4.00                 3/29/26 15:11:43

                                                            Page     1-54
                                                            

 24AA  6F 77 65 72 20 74 6F     		db	'ower to oppose Jashiin.' 
       20 6F 70 70 6F 73 65     
       20 4A 61 73 68 69 69     
       6E 2E                    
 24C1  F2                       		db	0F2h 
 24C2  54 68 65 20 6D 61 6E     		db	'The man who is destined to fight' 
       20 77 68 6F 20 69 73     
       20 64 65 73 74 69 6E     
       65 64 20 74 6F 20 66     
       69 67 68 74              
 24E2  20 68 69 6D 20 77 69     		db	' him will soon arrive in your ki' 
       6C 6C 20 73 6F 6F 6E     
       20 61 72 72 69 76 65     
       20 69 6E 20 79 6F 75     
       72 20 6B 69              
 2502  6E 67 64 6F 6D 2E 22     		db	'ngdom."' 
                                
 2509  F5 F5 F5 FE F3           		db	0F5h,0F5h,0F5h,0FEh,0F3h 
 250E  22 54 68 69 73 20 6D     		db	'"This man is the only being stro' 
       61 6E 20 69 73 20 74     
       68 65 20 6F 6E 6C 79     
       20 62 65 69 6E 67 20     
       73 74 72 6F              
 252E  6E 67 20 65 6E 6F 75     		db	'ng enough to banish Jashiin fore' 
       67 68 20 74 6F 20 62     
       61 6E 69 73 68 20 4A     
       61 73 68 69 69 6E 20     
       66 6F 72 65              
 254E  76 65 72 2E 22           		db	'ver."' 
 2553  F5 F5 F5 F5 FE F7        		db	0F5h,0F5h,0F5h,0F5h,0FEh,0F7h 
 2559  22                       		db	 22h 
 255A  59 6F 75 20 6D 75 73     		db	'You must await the arrival of th' 
       74 20 61 77 61 69 74     
       20 74 68 65 20 61 72     
       72 69 76 61 6C 20 6F     
       66 20 74 68              
 257A  69 73 20 62 72 61 76     		db	'is brave and noble knight, and t' 
       65 20 61 6E 64 20 6E     
       6F 62 6C 65 20 6B 6E     
       69 67 68 74 2C 20 61     
       6E 64 20 74              
 259A  65 6C 6C 20 68 69 6D     		db	'ell him everything.  Only with h' 
       20 65 76 65 72 79 74     
       68 69 6E 67 2E 20 20     
       4F 6E 6C 79 20 77 69     
       74 68 20 68              
 25BA  69 73 20 68 65 6C 70     		db	'is help can you hope to restore ' 
       20 63 61 6E 20 79 6F     
       75 20 68 6F 70 65 20     
       74 6F 20 72 65 73 74     
       6F 72 65 20              
 25DA  74 68 69 73 20 6C 61     		db	'this land to its former beauty, ' 
       6E 64 20 74 6F 20 69     
       74 73 20 66 6F 72 6D     
       65 72 20 62 65 61 75     
Microsoft (R) Macro Assembler  Version 4.00                 3/29/26 15:11:43

                                                            Page     1-55
                                                            

       74 79 2C 20              
 25FA  61 6E 64 20 66 72 65     		db	'and free your daughter from her ' 
       65 20 79 6F 75 72 20     
       64 61 75 67 68 74 65     
       72 20 66 72 6F 6D 20     
       68 65 72 20              
 261A  74 65 72 72 69 62 6C     		db	'terrible curse."' 
       65 20 63 75 72 73 65     
       2E 22                    
 262A  F5 F5 F5 F5 FE F0        		db	0F5h,0F5h,0F5h,0F5h,0FEh,0F0h 
 2630  FD F3 FA                 		db	0FDh,0F3h,0FAh 
 2633  48 61 76 69 6E 67 20     		db	'Having spoken these words, the S' 
       73 70 6F 6B 65 6E 20     
       74 68 65 73 65 20 77     
       6F 72 64 73 2C 20 74     
       68 65 20 53              
 2653  70 69 72 69 74 20 64     		db	'pirit disappeared.' 
       69 73 61 70 70 65 61     
       72 65 64 2E              
 2665  F5 F5 F5 FE F7           		db	0F5h,0F5h,0F5h,0FEh,0F7h 
 266A  4B 69 6E 67 20 46 65     		db	'King Felishika could not believe' 
       6C 69 73 68 69 6B 61     
       20 63 6F 75 6C 64 20     
       6E 6F 74 20 62 65 6C     
       69 65 76 65              
 268A  20 77 68 61 74 20 68     		db	' what he had seen.' 
       65 20 68 61 64 20 73     
       65 65 6E 2E              
 269C  F2 FB                    		db	0F2h,0FBh 
 269E  22 53 75 72 65 6C 79     		db	'"Surely my mind is playing trick' 
       20 6D 79 20 6D 69 6E     
       64 20 69 73 20 70 6C     
       61 79 69 6E 67 20 74     
       72 69 63 6B              
 26BE  73 20 6F 6E 20 6D 65     		db	's on me!  I', 27h, 'm afraid I h' 
       21 20 20 49 27 6D 20     
       61 66 72 61 69 64 20     
       49 20 68                 
 26D6  61 76 65 20 67 6F 6E     		db	'ave gone mad with grief."' 
       65 20 6D 61 64 20 77     
       69 74 68 20 67 72 69     
       65 66 2E 22              
 26EF  FA F5 F5 F5 F5 FE        		db	0FAh,0F5h,0F5h,0F5h,0F5h,0FEh 
 26F5  F3                       		db	0F3h 
 26F6  42 75 74 20 74 68 65     		db	'But the next day, a stranger app' 
       20 6E 65 78 74 20 64     
       61 79 2C 20 61 20 73     
       74 72 61 6E 67 65 72     
       20 61 70 70              
 2716  65 61 72 65 64 20 69     		db	'eared in the kingdom...' 
       6E 20 74 68 65 20 6B     
       69 6E 67 64 6F 6D 2E     
       2E 2E                    
 272D  F5 F5 F5 FE EF FD        		db	0F5h,0F5h,0F5h,0FEh,0EFh,0FDh 
 2733  F3 FB                    		db	0F3h,0FBh 
Microsoft (R) Macro Assembler  Version 4.00                 3/29/26 15:11:43

                                                            Page     1-56
                                                            

 2735  22 57 68 61 74 20 61     		db	'"What a desolate place!  Why has' 
       20 64 65 73 6F 6C 61     
       74 65 20 70 6C 61 63     
       65 21 20 20 57 68 79     
       20 68 61 73              
 2755  20 74 68 65 20 53 70     		db	' the Spirit led me here?"' 
       69 72 69 74 20 6C 65     
       64 20 6D 65 20 68 65     
       72 65 3F 22              
 276E  F5                       		db	0F5h 
                                 
                                ;ﬂﬂﬂﬂ External Entry into Subroutine ﬂﬂﬂﬂﬂﬂﬂﬂﬂﬂﬂﬂﬂﬂﬂﬂﬂﬂﬂﬂﬂﬂﬂﬂﬂﬂﬂﬂﬂﬂﬂﬂﬂﬂﬂﬂﬂﬂ 
                                 
 276F                           sub_29: 
 276F  F5                       		cmc				; Complement carry 
 2770  F5                       		cmc				; Complement carry 
 2771  F5                       		cmc				; Complement carry 
 2772  FE F0 F3 FA              		db	0FEh,0F0h,0F3h,0FAh 
 2776  47 75 69 64 65 64 20     		db	'Guided by the light of the Spiri' 
       62 79 20 74 68 65 20     
       6C 69 67 68 74 20 6F     
       66 20 74 68 65 20 53     
       70 69 72 69              
 2796  74 2C 20 62 72 61 76     		db	't, brave Duke Garland had journe' 
       65 20 44 75 6B 65 20     
       47 61 72 6C 61 6E 64     
       20 68 61 64 20 6A 6F     
       75 72 6E 65              
 27B6  79 65 64 20 6D 61 6E     		db	'yed many days to the land of Zel' 
       79 20 64 61 79 73 20     
       74 6F 20 74 68 65 20     
       6C 61 6E 64 20 6F 66     
       20 5A 65 6C              
 27D6  69 61 72 64 2E           		db	'iard.' 
 27DB  F5 F5 F5 FE FD F3        		db	0F5h,0F5h,0F5h,0FEh,0FDh,0F3h 
 27E1  45 6E 74 65 72 69 6E     		db	'Entering the castle, he was quic' 
       67 20 74 68 65 20 63     
       61 73 74 6C 65 2C 20     
       68 65 20 77 61 73 20     
       71 75 69 63              
 2801  6B 6C 79 20 65 73 63     		db	'kly escorted to the throne of th' 
       6F 72 74 65 64 20 74     
       6F 20 74 68 65 20 74     
       68 72 6F 6E 65 20 6F     
       66 20 74 68              
 2821  65 20 67 72 69 65 76     		db	'e grieving King Felishika.' 
       69 6E 67 20 4B 69 6E     
       67 20 46 65 6C 69 73     
       68 69 6B 61 2E           
 283B  F5 F5 F5 FE EE FD        		db	0F5h,0F5h,0F5h,0FEh,0EEh,0FDh 
 2841  F5 FE FB F7 22 81        		db	0F5h,0FEh,0FBh,0F7h, 22h, 81h 
 2847  44 75 6B 65 20 80        		db	 44h, 75h, 6Bh, 65h, 20h, 80h 
 284D  47 61 72 6C 61 84        		db	 47h, 61h, 72h, 6Ch, 61h, 84h 
 2853  6E 83 64 21 20 20        		db	 6Eh, 83h, 64h, 21h, 20h, 20h 
 2859  84 85 59 87 6F 88        		db	 84h, 85h, 59h, 87h, 6Fh, 88h 
Microsoft (R) Macro Assembler  Version 4.00                 3/29/26 15:11:43

                                                            Page     1-57
                                                            

 285F  75 87 20 86 80 6D        		db	 75h, 87h, 20h, 86h, 80h, 6Dh 
 2865  75 81 73 83 74 20        		db	 75h, 81h, 73h, 83h, 74h, 20h 
 286B  82 62 65 20 81 74        		db	 82h, 62h, 65h, 20h, 81h, 74h 
 2871  68 65 20 80 6D 61        		db	 68h, 65h, 20h, 80h, 6Dh, 61h 
 2877  84 6E 20 83 6F 84        		db	 84h, 6Eh, 20h, 83h, 6Fh, 84h 
 287D  66 20 81 64 65 73        		db	 66h, 20h, 81h, 64h, 65h, 73h 
 2883  82 74 69 6E 79 20        		db	 82h, 74h, 69h, 6Eh, 79h, 20h 
 2889  83 6F 84 66 20 83        		db	 83h, 6Fh, 84h, 66h, 20h, 83h 
 288F  77 68 6F 84 6D 20        		db	 77h, 68h, 6Fh, 84h, 6Dh, 20h 
 2895  81 74 68 65 20 83        		db	 81h, 74h, 68h, 65h, 20h, 83h 
 289B  53 82 70 69 72 69        		db	 53h, 82h, 70h, 69h, 72h, 69h 
 28A1  74 20 83 73 70 6F        		db	 74h, 20h, 83h, 73h, 70h, 6Fh 
 28A7  81 6B 65 2E 20 20        		db	 81h, 6Bh, 65h, 2Eh, 20h, 20h 
 28AD  84 97 80 49 98 87        		db	 84h, 97h, 80h, 49h, 98h, 87h 
 28B3  20 81 88 62 87 65        		db	 20h, 81h, 88h, 62h, 87h, 65h 
 28B9  85 86 67 20 83 6F        		db	 85h, 86h, 67h, 20h, 83h, 6Fh 
 28BF  84 66 20 85 79 6F        		db	 84h, 66h, 20h, 85h, 79h, 6Fh 
 28C5  75 20 83 74 6F 20        		db	 75h, 20h, 83h, 74h, 6Fh, 20h 
 28CB  82 64 65 85 73 74        		db	 82h, 64h, 65h, 85h, 73h, 74h 
 28D1  72 6F 79 20 81 74        		db	 72h, 6Fh, 79h, 20h, 81h, 74h 
 28D7  68 65 20 83 64 65        		db	 68h, 65h, 20h, 83h, 64h, 65h 
 28DD  80 6D 6F 6E 20 84        		db	 80h, 6Dh, 6Fh, 6Eh, 20h, 84h 
 28E3  4A 80 61 73 82 68        		db	 4Ah, 80h, 61h, 73h, 82h, 68h 
 28E9  69 69 84 6E 20 80        		db	 69h, 69h, 84h, 6Eh, 20h, 80h 
 28EF  87 77 88 68 87 6F        		db	 87h, 77h, 88h, 68h, 87h, 6Fh 
 28F5  86 20 85 68 61 73        		db	 86h, 20h, 85h, 68h, 61h, 73h 
 28FB  20 83 63 75 81 72        		db	 20h, 83h, 63h, 75h, 81h, 72h 
 2901  83 73 65 64 20 80        		db	 83h, 73h, 65h, 64h, 20h, 80h 
 2907  6D 79 20 85 6B 69        		db	 6Dh, 79h, 20h, 85h, 6Bh, 69h 
 290D  81 6E 67 64 6F 6D        		db	 81h, 6Eh, 67h, 64h, 6Fh, 6Dh 
 2913  20 85 61 82 6E 64        		db	 20h, 85h, 61h, 82h, 6Eh, 64h 
 2919  20 84 74 75 72 81        		db	 20h, 84h, 74h, 75h, 72h, 81h 
 291F  6E 65 64 20 80 87        		db	 6Eh, 65h, 64h, 20h, 80h, 87h 
 2925  6D 82 88 79 87 20        		db	 6Dh, 82h, 88h, 79h, 87h, 20h 
 292B  81 86 62 65 83 6C        		db	 81h, 86h, 62h, 65h, 83h, 6Ch 
 2931  6F 81 76 65 83 64        		db	 6Fh, 81h, 76h, 65h, 83h, 64h 
 2937  20 85 64 61 75 67        		db	 20h, 85h, 64h, 61h, 75h, 67h 
 293D  68 80 74 65 72 20        		db	 68h, 80h, 74h, 65h, 72h, 20h 
 2943  85 74 6F 20 83 87        		db	 85h, 74h, 6Fh, 20h, 83h, 87h 
 2949  73 88 74 87 6F 84        		db	 73h, 88h, 74h, 87h, 6Fh, 84h 
 294F  86 6E 65 2E 22 F5        		db	 86h, 6Eh, 65h, 2Eh, 22h,0F5h 
 2955  F5 F5 F0 FE F7 FA        		db	0F5h,0F5h,0F0h,0FEh,0F7h,0FAh 
 295B  44 75 6B 65 20 47 61     		db	'Duke Garland k' 
       72 6C 61 6E 64 20 6B     
                                
 2969  6E 65 6C 74 20 62 65     		db	'nelt before the King. ' 
       66 6F 72 65 20 74 68     
       65 20 4B 69 6E 67 2E     
       20                       
 297F  FB F5 F5 F5 F3 EF        		db	0FBh,0F5h,0F5h,0F5h,0F3h,0EFh 
 2985  97 22 93 96 59 6F        		db	 97h, 22h, 93h, 96h, 59h, 6Fh 
 298B  90 75 72 20 4D 61        		db	 90h, 75h, 72h, 20h, 4Dh, 61h 
 2991  91 6A 65 95 73 74        		db	 91h, 6Ah, 65h, 95h, 73h, 74h 
 2997  79 2C 20 90 49 20        		db	 79h, 2Ch, 20h, 90h, 49h, 20h 
 299D  91 68 61 93 76 65        		db	 91h, 68h, 61h, 93h, 76h, 65h 
Microsoft (R) Macro Assembler  Version 4.00                 3/29/26 15:11:43

                                                            Page     1-58
                                                            

 29A3  20 93 66 6F 6C 6C        		db	 20h, 93h, 66h, 6Fh, 6Ch, 6Ch 
 29A9  6F 77 95 65 64 20        		db	 6Fh, 77h, 95h, 65h, 64h, 20h 
 29AF  91 74 68 65 20 90        		db	 91h, 74h, 68h, 65h, 20h, 90h 
 29B5  6C 69 92 67 68 93        		db	 6Ch, 69h, 92h, 67h, 68h, 93h 
 29BB  74 20 94 93 6F 66        		db	 74h, 20h, 94h, 93h, 6Fh, 66h 
 29C1  20 91 74 68 65 20        		db	 20h, 91h, 74h, 68h, 65h, 20h 
 29C7  93 53 92 70 69 91        		db	 93h, 53h, 92h, 70h, 69h, 91h 
 29CD  72 92 69 74 20 95        		db	 72h, 92h, 69h, 74h, 20h, 95h 
 29D3  74 6F 20 92 74 68        		db	 74h, 6Fh, 20h, 92h, 74h, 68h 
 29D9  92 69 97 73 98 20        		db	 92h, 69h, 97h, 73h, 98h, 20h 
 29DF  97 95 70 96 90 6C        		db	 97h, 95h, 70h, 96h, 90h, 6Ch 
 29E5  61 93 63 65 2E 22        		db	 61h, 93h, 63h, 65h, 2Eh, 22h 
 29EB  94 F5 F5 F5 FE F7        		db	 94h,0F5h,0F5h,0F5h,0FEh,0F7h 
 29F1  22 90 49 20 93 6B        		db	 22h, 90h, 49h, 20h, 93h, 6Bh 
 29F7  95 6E 6F 77 94 20        		db	 95h, 6Eh, 6Fh, 77h, 94h, 20h 
 29FD  93 6E 6F 74 94 20        		db	 93h, 6Eh, 6Fh, 74h, 94h, 20h 
 2A03  93 6F 95 66 20 92        		db	 93h, 6Fh, 95h, 66h, 20h, 92h 
 2A09  74 68 69 95 73 20        		db	 74h, 68h, 69h, 95h, 73h, 20h 
 2A0F  91 64 65 93 6D 6F        		db	 91h, 64h, 65h, 93h, 6Dh, 6Fh 
 2A15  94 6E 2C 20 93 6E        		db	 94h, 6Eh, 2Ch, 20h, 93h, 6Eh 
 2A1B  6F 90 72 20 93 77        		db	 6Fh, 90h, 72h, 20h, 93h, 77h 
 2A21  68 90 61 93 74 20        		db	 68h, 90h, 61h, 93h, 74h, 20h 
 2A27  90 70 6F 95 77 65        		db	 90h, 70h, 6Fh, 95h, 77h, 65h 
 2A2D  72 93 73 20 92 68        		db	 72h, 93h, 73h, 20h, 92h, 68h 
 2A33  65 20 91 97 6D 98        		db	 65h, 20h, 91h, 97h, 6Dh, 98h 
 2A39  61 97 92 79 96 20        		db	 61h, 97h, 92h, 79h, 96h, 20h 
 2A3F  93 70 6F 91 73 73        		db	 93h, 70h, 6Fh, 91h, 73h, 73h 
 2A45  65 93 73 73 2C 20        		db	 65h, 93h, 73h, 73h, 2Ch, 20h 
 2A4B  90 62 75 93 74 20        		db	 90h, 62h, 75h, 93h, 74h, 20h 
 2A51  92 69 95 66 20 91        		db	 92h, 69h, 95h, 66h, 20h, 91h 
 2A57  74 68 90 65 72 65        		db	 74h, 68h, 90h, 65h, 72h, 65h 
 2A5D  20 92 69 93 73 20        		db	 20h, 92h, 69h, 93h, 73h, 20h 
 2A63  93 6E 6F 94 6E 65        		db	 93h, 6Eh, 6Fh, 94h, 6Eh, 65h 
 2A69  20 91 65 6C 93 73        		db	 20h, 91h, 65h, 6Ch, 93h, 73h 
 2A6F  65 20 93 77 68 6F        		db	 65h, 20h, 93h, 77h, 68h, 6Fh 
 2A75  20 90 63 61 94 6E        		db	 20h, 90h, 63h, 61h, 94h, 6Eh 
 2A7B  20 91 64 65 92 66        		db	 20h, 91h, 64h, 65h, 92h, 66h 
 2A81  65 93 61 74 20 92        		db	 65h, 93h, 61h, 74h, 20h, 92h 
 2A87  68 69 93 6D 2C 20        		db	 68h, 69h, 93h, 6Dh, 2Ch, 20h 
 2A8D  99 91 74 68 65 94        		db	 99h, 91h, 74h, 68h, 65h, 94h 
 2A93  6E 20 90 49 20 93        		db	 6Eh, 20h, 90h, 49h, 20h, 93h 
 2A99  77 92 69 93 6C 6C        		db	 77h, 92h, 69h, 93h, 6Ch, 6Ch 
 2A9F  20 91 64 65 92 64        		db	 20h, 91h, 64h, 65h, 92h, 64h 
 2AA5  69 90 63 61 92 74        		db	 69h, 90h, 63h, 61h, 92h, 74h 
 2AAB  65 20 90 6D 92 79        		db	 65h, 20h, 90h, 6Dh, 92h, 79h 
 2AB1  20 90 6C 95 69 94        		db	 20h, 90h, 6Ch, 95h, 69h, 94h 
 2AB7  66 65 20 93 74 6F        		db	 66h, 65h, 20h, 93h, 74h, 6Fh 
 2ABD  20 92 74 68 93 69        		db	 20h, 92h, 74h, 68h, 93h, 69h 
 2AC3  73 20 90 74 61 97        		db	 73h, 20h, 90h, 74h, 61h, 97h 
 2AC9  93 73 98 6B 97 2E        		db	 93h, 73h, 98h, 6Bh, 97h, 2Eh 
 2ACF  96 22 94 F5 F5 F5        		db	 96h, 22h, 94h,0F5h,0F5h,0F5h 
 2AD5  F5 EE FE F3 22 83        		db	0F5h,0EEh,0FEh,0F3h, 22h, 83h 
 2ADB  46 6F 80 72 20 81        		db	 46h, 6Fh, 80h, 72h, 20h, 81h 
 2AE1  74 68 65 20 80 66        		db	 74h, 68h, 65h, 20h, 80h, 66h 
 2AE7  69 83 72 73 74 20        		db	 69h, 83h, 72h, 73h, 74h, 20h 
Microsoft (R) Macro Assembler  Version 4.00                 3/29/26 15:11:43

                                                            Page     1-59
                                                            

 2AED  80 74 82 69 83 6D        		db	 80h, 74h, 82h, 69h, 83h, 6Dh 
 2AF3  65 20 82 73 69 84        		db	 65h, 20h, 82h, 73h, 69h, 84h 
 2AF9  6E 83 63 65 20 81        		db	 6Eh, 83h, 63h, 65h, 20h, 81h 
 2AFF  74 68 65 20 80 73        		db	 74h, 68h, 65h, 20h, 80h, 73h 
 2B05  61 84 6E 83 64 85        		db	 61h, 84h, 6Eh, 83h, 64h, 85h 
 2B0B  73 83 74 6F 80 72        		db	 73h, 83h, 74h, 6Fh, 80h, 72h 
 2B11  84 6D 20 82 62 87        		db	 84h, 6Dh, 20h, 82h, 62h, 87h 
 2B17  65 88 81 67 87 61        		db	 65h, 88h, 81h, 67h, 87h, 61h 
 2B1D  84 86 6E 2C 20 83        		db	 84h, 86h, 6Eh, 2Ch, 20h, 83h 
 2B23  79 6F 75 20 81 68        		db	 79h, 6Fh, 75h, 20h, 81h, 68h 
 2B29  61 83 76 65 20 80        		db	 61h, 83h, 76h, 65h, 20h, 80h 
 2B2F  62 83 72 6F 75 84        		db	 62h, 83h, 72h, 6Fh, 75h, 84h 
 2B35  67 68 83 74 20 68        		db	 67h, 68h, 83h, 74h, 20h, 68h 
 2B3B  6F 85 70 65 20 82        		db	 6Fh, 85h, 70h, 65h, 20h, 82h 
 2B41  69 84 6E 83 74 6F        		db	 69h, 84h, 6Eh, 83h, 74h, 6Fh 
 2B47  20 80 6D 82 79 20        		db	 20h, 80h, 6Dh, 82h, 79h, 20h 
 2B4D  80 68 65 61 72 83        		db	 80h, 68h, 65h, 61h, 72h, 83h 
 2B53  74 2C 20 80 44 75        		db	 74h, 2Ch, 20h, 80h, 44h, 75h 
 2B59  83 6B 65 20 87 80        		db	 83h, 6Bh, 65h, 20h, 87h, 80h 
 2B5F  47 88 61 87 72 86        		db	 47h, 88h, 61h, 87h, 72h, 86h 
 2B65  84 80 6C 61 84 6E        		db	 84h, 80h, 6Ch, 61h, 84h, 6Eh 
 2B6B  64 2E 20 20 80 4D        		db	 64h, 2Eh, 20h, 20h, 80h, 4Dh 
 2B71  61 82 79 20 83 47        		db	 61h, 82h, 79h, 20h, 83h, 47h 
 2B77  6F 64 84 20 83 67        		db	 6Fh, 64h, 84h, 20h, 83h, 67h 
 2B7D  6F 20 82 77 69 83        		db	 6Fh, 20h, 82h, 77h, 69h, 83h 
 2B83  74 68 20 83 79 85        		db	 74h, 68h, 20h, 83h, 79h, 85h 
 2B89  6F 75 20 83 6F 84        		db	 6Fh, 75h, 20h, 83h, 6Fh, 84h 
 2B8F  6E 20 83 79 6F 80        		db	 6Eh, 20h, 83h, 79h, 6Fh, 80h 
 2B95  75 72 20 83 71 75        		db	 75h, 72h, 20h, 83h, 71h, 75h 
 2B9B  81 65 73 83 74 2E        		db	 81h, 65h, 73h, 83h, 74h, 2Eh 
 2BA1  84 22 84 F5 F5 FE        		db	 84h, 22h, 84h,0F5h,0F5h,0FEh 
 2BA7  F0 FD FD FA F3           		db	0F0h,0FDh,0FDh,0FAh,0F3h 
 2BAC  53 75 64 64 65 6E 6C     		db	'Suddenly, the room grew cold.  A' 
       79 2C 20 74 68 65 20     
       72 6F 6F 6D 20 67 72     
       65 77 20 63 6F 6C 64     
       2E 20 20 41              
 2BCC  20 62 6C 61 63 6B 20     		db	' black mist swirled around them,' 
       6D 69 73 74 20 73 77     
       69 72 6C 65 64 20 61     
       72 6F 75 6E 64 20 74     
       68 65 6D 2C              
 2BEC  20                       		db	' ' 
 2BED  74 68 65 6E 20 74 6F     		db	'then took on a hideous shape.' 
       6F 6B 20 6F 6E 20 61     
       20 68 69 64 65 6F 75     
       73 20 73 68 61 70 65     
       2E                       
 2C0A  F5 F5 F5 FE ED FD        		db	0F5h,0F5h,0F5h,0FEh,0EDh,0FDh 
 2C10  F3 F9                    		db	0F3h,0F9h 
 2C12  22 41 72 65 20 79 6F     		db	'"Are you the fool who dares to c' 
       75 20 74 68 65 20 66     
       6F 6F 6C 20 77 68 6F     
       20 64 61 72 65 73 20     
       74 6F 20 63              
Microsoft (R) Macro Assembler  Version 4.00                 3/29/26 15:11:43

                                                            Page     1-60
                                                            

 2C32  68 61 6C 6C 65 6E 67     		db	'hallenge me?  Don', 27h, 't be a' 
       65 20 6D 65 3F 20 20     
       44 6F 6E 27 74 20 62     
       65 20 61                 
 2C4A  62 73 75 72 64 21 22     		db	'bsurd!"' 
                                
 2C51  F5 F5 FE FD 99 F5        		db	0F5h,0F5h,0FEh,0FDh, 99h,0F5h 
 2C57  FE F3 FB EF 9A 22        		db	0FEh,0F3h,0FBh,0EFh, 9Ah, 22h 
 2C5D  90 41 94 6E 93 64        		db	 90h, 41h, 94h, 6Eh, 93h, 64h 
 2C63  20 93                    		db	 20h, 93h 
 2C65  79                       		db	79h 
                                 
                                ;ﬂﬂﬂﬂ External Entry into Subroutine ﬂﬂﬂﬂﬂﬂﬂﬂﬂﬂﬂﬂﬂﬂﬂﬂﬂﬂﬂﬂﬂﬂﬂﬂﬂﬂﬂﬂﬂﬂﬂﬂﬂﬂﬂﬂﬂﬂ 
                                 
 2C66                           sub_30: 
 2C66  6F 75 20 90 6D 75        		db	 6Fh, 75h, 20h, 90h, 6Dh, 75h 
 2C6C  93 73 74 20 92 62        		db	 93h, 73h, 74h, 20h, 92h, 62h 
 2C72  65 20 90 74 68 65        		db	 65h, 20h, 90h, 74h, 68h, 65h 
 2C78  20 91 65 92 76 69        		db	 20h, 91h, 65h, 92h, 76h, 69h 
 2C7E  93 6C 20 90 4A 61        		db	 93h, 6Ch, 20h, 90h, 4Ah, 61h 
 2C84  92 73 68 69 94 69        		db	 92h, 73h, 68h, 69h, 94h, 69h 
 2C8A  6E 21 22 F5 F5 ED        		db	 6Eh, 21h, 22h,0F5h,0F5h,0EDh 
 2C90  FE F3 F9                 		db	0FEh,0F3h,0F9h 
 2C93  22 59 6F 75 20 73 68     		db	'"You shall address me as the Emp' 
       61 6C 6C 20 61 64 64     
       72 65 73 73 20 6D 65     
       20 61 73 20 74 68 65     
       20 45 6D 70              
 2CB3  65 72 6F 72 20 6F 66     		db	'eror of Chaos... ' 
       20 43 68 61 6F 73 2E     
       2E 2E 20                 
 2CC4  9B                       		db	9Bh 
 2CC5  54 48 45 20 45 4D 50     		db	'THE EMPEROR OF CHAOS!"' 
       45 52 4F 52 20 4F 46     
       20 43 48 41 4F 53 21     
       22                       
 2CDB  F5 F5 F5 FE F7 22        		db	0F5h,0F5h,0F5h,0FEh,0F7h, 22h 
 2CE1  59 6F 75 6E 67 20 66     		db	'Young fool, I could destroy you ' 
       6F 6F 6C 2C 20 49 20     
       63 6F 75 6C 64 20 64     
       65 73 74 72 6F 79 20     
       79 6F 75 20              
 2D01  6E 6F 77 2C 20 62 75     		db	'now, but I need a little amuseme' 
       74 20 49 20 6E 65 65     
       64 20 61 20 6C 69 74     
       74 6C 65 20 61 6D 75     
       73 65 6D 65              
 2D21  6E 74 2E 20 20 49 20     		db	'nt.  I will give you some time t' 
       77 69 6C 6C 20 67 69     
       76 65 20 79 6F 75 20     
       73 6F 6D 65 20 74 69     
       6D 65 20 74              
 2D41  6F 20 70 65 72 66 6F     		db	'o perform your little quest, but' 
       72 6D 20 79 6F 75 72     
       20 6C 69 74 74 6C 65     
Microsoft (R) Macro Assembler  Version 4.00                 3/29/26 15:11:43

                                                            Page     1-61
                                                            

       20 71 75 65 73 74 2C     
       20 62 75 74              
 2D61  20 79 6F 75 20 6D 75     		db	' you must promise not to bore me' 
       73 74 20 70 72 6F 6D     
       69 73 65 20 6E 6F 74     
       20 74 6F 20 62 6F 72     
       65 20 6D 65              
 2D81  2E 22                    		db	'."' 
 2D83  F5 F5 F5 FE F3           		db	0F5h,0F5h,0F5h,0FEh,0F3h 
 2D88  22 4F 66 20 63 6F 75     		db	'"Of course, you have no hope of ' 
       72 73 65 2C 20 79 6F     
       75 20 68 61 76 65 20     
       6E 6F 20 68 6F 70 65     
       20 6F 66 20              
 2DA8  64 65 66 65 61 74 69     		db	'defeating me."' 
       6E 67 20 6D 65 2E 22     
                                
 2DB6  F5 F5 F5 EF FE F3        		db	0F5h,0F5h,0F5h,0EFh,0FEh,0F3h 
 2DBC  FB 22 9A 90 4D 61        		db	0FBh, 22h, 9Ah, 90h, 4Dh, 61h 
 2DC2  72 95 6B 20 90 6D        		db	 72h, 95h, 6Bh, 20h, 90h, 6Dh 
 2DC8  92 79 20 90 77 6F        		db	 92h, 79h, 20h, 90h, 77h, 6Fh 
 2DCE  72 93 64 73 2C 20        		db	 72h, 93h, 64h, 73h, 2Ch, 20h 
 2DD4  91 65 92 76 69 93        		db	 91h, 65h, 92h, 76h, 69h, 93h 
 2DDA  6C 20 90 6F 94 6E        		db	 6Ch, 20h, 90h, 6Fh, 94h, 6Eh 
 2DE0  65 3A 20 90 49 20        		db	 65h, 3Ah, 20h, 90h, 49h, 20h 
 2DE6  95 77 92 69 93 6C        		db	 95h, 77h, 92h, 69h, 93h, 6Ch 
 2DEC  6C 20 93 6E 6F 74        		db	 6Ch, 20h, 93h, 6Eh, 6Fh, 74h 
 2DF2  94 20 93 73 74 6F        		db	 94h, 20h, 93h, 73h, 74h, 6Fh 
 2DF8  94 70 20 90 75 94        		db	 94h, 70h, 20h, 90h, 75h, 94h 
 2DFE  6E 92 74 69 93 6C        		db	 6Eh, 92h, 74h, 69h, 93h, 6Ch 
 2E04  20 90 49 20 91 68        		db	 20h, 90h, 49h, 20h, 91h, 68h 
 2E0A  61 93 76 65 20 91        		db	 61h, 93h, 76h, 65h, 20h, 91h 
 2E10  72 65 93 63 6C 90        		db	 72h, 65h, 93h, 63h, 6Ch, 90h 
 2E16  61 69 93 6D 65 64        		db	 61h, 69h, 93h, 6Dh, 65h, 64h 
 2E1C  20 91 74 68 65 20        		db	 20h, 91h, 74h, 68h, 65h, 20h 
 2E22  90 6E 69 94 6E 65        		db	 90h, 6Eh, 69h, 94h, 6Eh, 65h 
 2E28  20 93 68 6F 92 6C        		db	 20h, 93h, 68h, 6Fh, 92h, 6Ch 
 2E2E  79 20 93 63 72 92        		db	 79h, 20h, 93h, 63h, 72h, 92h 
 2E34  79 73 90 74 61 6C        		db	 79h, 73h, 90h, 74h, 61h, 6Ch 
 2E3A  93 73 2C 20 90 61        		db	 93h, 73h, 2Ch, 20h, 90h, 61h 
 2E40  94 6E 93 64 20 92        		db	 94h, 6Eh, 93h, 64h, 20h, 92h 
 2E46  73 65 61 93 6C 65        		db	 73h, 65h, 61h, 93h, 6Ch, 65h 
 2E4C  64 20 95 79 6F 75        		db	 64h, 20h, 95h, 79h, 6Fh, 75h 
 2E52  20 90 75 94 6E 90        		db	 20h, 90h, 75h, 94h, 6Eh, 90h 
 2E58  64 65 72 20 91 74        		db	 64h, 65h, 72h, 20h, 91h, 74h 
 2E5E  68 65 20 90 65 61        		db	 68h, 65h, 20h, 90h, 65h, 61h 
 2E64  72 93 74 68 20 90        		db	 72h, 93h, 74h, 68h, 20h, 90h 
 2E6A  6F 94 6E 93 63 65        		db	 6Fh, 94h, 6Eh, 93h, 63h, 65h 
 2E70  20 90                    		db	 20h, 90h 
 2E72  61                       		db	61h 
                                 
                                ;ﬂﬂﬂﬂ External Entry into Subroutine ﬂﬂﬂﬂﬂﬂﬂﬂﬂﬂﬂﬂﬂﬂﬂﬂﬂﬂﬂﬂﬂﬂﬂﬂﬂﬂﬂﬂﬂﬂﬂﬂﬂﬂﬂﬂﬂﬂ 
                                 
 2E73                           sub_31: 
 2E73  94                       		xchg	sp,ax 
Microsoft (R) Macro Assembler  Version 4.00                 3/29/26 15:11:43

                                                            Page     1-62
                                                            

 2E74  6E 93 64 20 93 66        		db	 6Eh, 93h, 64h, 20h, 93h, 66h 
 2E7A  6F 90 72 20 95 61        		db	 6Fh, 90h, 72h, 20h, 95h, 61h 
 2E80  93 6C 6C 21 99 94        		db	 93h, 6Ch, 6Ch, 21h, 99h, 94h 
 2E86  22 F5 F5 F5 F5 FE        		db	 22h,0F5h,0F5h,0F5h,0F5h,0FEh 
 2E8C  F0 F5 F7 FA              		db	0F0h,0F5h,0F7h,0FAh 
 2E90  54 68 65 20 64 65 6D     		db	'The demon ' 
       6F 6E 20                 
 2E9A  6C 61 75 67              		db	'laug' 
 2E9E  68 65 64 2C 20 61 6E     		db	'hed, and th' 
       64 20 74 68              
 2EA9  65 20 73 6F 75 6E 64     		db	'e sound was like breaking glass.' 
       20 77 61 73 20 6C 69     
       6B 65 20 62 72 65 61     
       6B 69 6E 67 20 67 6C     
       61 73 73 2E              
 2EC9  F2 F9 ED                 		db	0F2h,0F9h,0EDh 
 2ECC  22 4D 79 20 6C 61 62     		db	'"My labyrinths are immense, and ' 
       79 72 69 6E 74 68 73     
       20 61 72 65 20 69 6D     
       6D 65 6E 73 65 2C 20     
       61 6E 64 20              
 2EEC  72 75 6E 20 64 65 65     		db	'run deep into the earth.  You', 27h 
       70 20 69 6E 74 6F 20     
       74 68 65 20 65 61 72     
       74 68 2E 20 20 59 6F     
       75 27                    
 2F0A  6C 6C 20 73 6F 6F 6E     		db	'll soon lose your way, and then ' 
       20 6C 6F 73 65 20 79     
       6F 75 72 20 77 61 79     
       2C 20 61 6E 64 20 74     
       68 65 6E 20              
 2F2A  6D 79 20 75 6E 64 65     		db	'my underlings wil' 
       72 6C 69 6E 67 73 20     
       77 69 6C                 
 2F3B  6C 20 66 69 6E 69 73     		db	'l finish you off."' 
       68 20 79 6F 75 20 6F     
       66 66 2E 22              
 2F4D  F5 F5 FE F3              		db	0F5h,0F5h,0FEh,0F3h 
 2F51  22 49 74 27 73 20 62     		db	'"It', 27h, 's been many years si' 
       65 65 6E 20 6D 61 6E     
       79 20 79 65 61 72 73     
       20 73 69                 
 2F69  6E 63 65 20 61 20 73     		db	'nce a stray mortal has wandered ' 
       74 72 61 79 20 6D 6F     
       72 74 61 6C 20 68 61     
       73 20 77 61 6E 64 65     
       72 65 64 20              
 2F89  69 6E 74 6F 20 74 68     		db	'into their realm. They are hungr' 
       65 69 72 20 72 65 61     
       6C 6D 2E 20 54 68 65     
       79 20 61 72 65 20 68     
       75 6E 67 72              
 2FA9  79 20                    		db	'y ' 
 2FAB  66 6F 72 20 68 75 6D     		db	'for human flesh."' 
       61 6E 20 66 6C 65 73     
Microsoft (R) Macro Assembler  Version 4.00                 3/29/26 15:11:43

                                                            Page     1-63
                                                            

       68 2E 22                 
 2FBC  F5 F5 F5 F0 FD FE        		db	0F5h,0F5h,0F5h,0F0h,0FDh,0FEh 
 2FC2  F3 FA                    		db	0F3h,0FAh 
 2FC4  57 69 74 68 20 74 68     		db	'With that, ' 
       61 74 2C 20              
 2FCF  4A 61 73 68 69 69 6E     data_87		db	'Jashiin disappeared leaving echo' 
       20 64 69 73 61 70 70     
       65 61 72 65 64 20 6C     
       65 61 76 69 6E 67 20     
       65 63 68 6F              
 2FEF  65 73 20 6F 66 20 65     		db	'es of earsplitting laughter.' 
       61 72 73 70 6C 69 74     
       74 69 6E 67 20 6C 61     
       75 67 68 74 65 72 2E     
                                
 300B  F5F5                     data_93		dw	0F5F5h 
 300D  FEFD                     data_94		dw	0FEFDh 
 300F  F3EF                     data_95		dw	0F3EFh 
 3011  22FB                     data_96		dw	22FBh 
 3013  6F59                     data_97		dw	6F59h 
 3015  2076 R                   data_98		dw	offset sub_27 
 3017  6168                     data_99		dw	6168h 
 3019  6576                     data_100	dw	6576h 
 301B  276F R                   data_101	dw	offset sub_29 
 301D  2075 R                   data_102	dw	offset sub_26 
 301F  6573                     data_103	dw	6573h 
 3021  6E65                     data_104	dw	6E65h 
 3023  7420                     data_105	dw	7420h 
 3025  6568                     data_106	dw	6568h 
 3027  6C20                     data_107	dw	6C20h 
 3029  61 73 74 20 6F 66 20     		db	'ast of m' 
       6D                       
 3031  2C66 R                   data_108	dw	offset sub_30 
 3033  20 4A 61 73 68 69 69     		db	' Jashiin!' 
       6E 21                    
 303C  F2                       		db	0F2h 
 303D  59 6F 75 72 20 72 65     		db	'Your reign of evil is near its e' 
       69 67 6E 20 6F 66 20     
       65 76 69 6C 20 69 73     
       20 6E 65 61 72 20 69     
       74 73 20 65              
 305D  6E 64 21 22              		db	'nd!"' 
 3061  F5 F5 F5 FF 58 25        		db	0F5h,0F5h,0F5h,0FFh, 58h, 25h 
 3067  F0 00 00 03 68 21        		db	0F0h, 00h, 00h, 03h, 68h, 21h 
 306D  FC FC 04 07 70 23        		db	0FCh,0FCh, 04h, 07h, 70h, 23h 
 3073  01 FD 04 07 70 24        		db	 01h,0FDh, 04h, 07h, 70h, 24h 
 3079  04 FD 04 07 78 25        		db	 04h,0FDh, 04h, 07h, 78h, 25h 
 307F  06 FE 04 07 78 28        		db	 06h,0FEh, 04h, 07h, 78h, 28h 
 3085  06 02 04 07 70 29        		db	 06h, 02h, 04h, 07h, 70h, 29h 
 308B  04 03 04 07 70 2A        		db	 04h, 03h, 04h, 07h, 70h, 2Ah 
 3091  01 03 04 07 68 2C        		db	 01h, 03h, 04h, 07h, 68h, 2Ch 
 3097  FC 04 04 07 FF 01        		db	0FCh, 04h, 04h, 07h,0FFh, 01h 
 309D  08 01 42 65 03 77        		db	 08h, 01h, 42h, 65h, 03h, 77h 
 30A3  61 04 72 65 2C 20        		db	 61h, 04h, 72h, 65h, 2Ch, 20h 
 30A9  03 66 6F 04 72 20        		db	 03h, 66h, 6Fh, 04h, 72h, 20h 
Microsoft (R) Macro Assembler  Version 4.00                 3/29/26 15:11:43

                                                            Page     1-64
                                                            

 30AF  04 49 20 01 73 68        		db	 04h, 49h, 20h, 01h, 73h, 68h 
 30B5  61 03 6C 6C 20 77        		db	 61h, 03h, 6Ch, 6Ch, 20h, 77h 
 30BB  04 61 6B 03 65 FF        		db	 04h, 61h, 6Bh, 03h, 65h,0FFh 
 30C1  01 06 03 66 72 6F        		db	 01h, 06h, 03h, 66h, 72h, 6Fh 
 30C7  03 6D 20 02 6D 01        		db	 03h, 6Dh, 20h, 02h, 6Dh, 01h 
 30CD  79 20 03 73 01 6C        		db	 79h, 20h, 03h, 73h, 01h, 6Ch 
 30D3  65 65 01 70 20 6F        		db	 65h, 65h, 01h, 70h, 20h, 6Fh 
 30D9  66 20 03 32 2C 04        		db	 66h, 20h, 03h, 32h, 2Ch, 04h 
 30DF  30 30 30 20 01 79        		db	 30h, 30h, 30h, 20h, 01h, 79h 
 30E5  65 04 61 72 03 73        		db	 65h, 04h, 61h, 72h, 03h, 73h 
 30EB  FF 01 02 04 61 02        		db	0FFh, 01h, 02h, 04h, 61h, 02h 
 30F1  6E 03 64 20 03 6F        		db	 6Eh, 03h, 64h, 20h, 03h, 6Fh 
 30F7  02 6E 63 65 20 04        		db	 02h, 6Eh, 63h, 65h, 20h, 04h 
 30FD  61 67 61 01 69 6E        		db	 61h, 67h, 61h, 01h, 69h, 6Eh 
 3103  20 02 72 65 04 69        		db	 20h, 02h, 72h, 65h, 04h, 69h 
 3109  01 67 6E 20 03 6F        		db	 01h, 67h, 6Eh, 20h, 03h, 6Fh 
 310F  76 04 65 72 20 01        		db	 76h, 04h, 65h, 72h, 20h, 01h 
 3115  74 68 65 20 04 77        		db	 74h, 68h, 65h, 20h, 04h, 77h 
 311B  6F 72 03 6C 64 2E        		db	 6Fh, 72h, 03h, 6Ch, 64h, 2Eh 
 3121  02 00 01 01 01 02        		db	 02h, 00h, 01h, 01h, 01h, 02h 
 3127  02 01 01 02 02 03        		db	 02h, 01h, 01h, 02h, 02h, 03h 
 312D  03 05                    		db	 03h, 05h 
 312F  0007[                    		db	7 dup (0) 
            00                  
                         ]      
                                
 3136  01 02 03 04 00 00        		db	 01h, 02h, 03h, 04h, 00h, 00h 
 313C  00 00 00 00 05 06        		db	 00h, 00h, 00h, 00h, 05h, 06h 
 3142  07 08 09 0A 0B 0C        		db	 07h, 08h, 09h, 0Ah, 0Bh, 0Ch 
 3148  0D 0E 0F 10 11 12        		db	 0Dh, 0Eh, 0Fh, 10h, 11h, 12h 
 314E  13 14 15 16 00 00        		db	 13h, 14h, 15h, 16h, 00h, 00h 
 3154  00 17 18 19 1A 1B        		db	 00h, 17h, 18h, 19h, 1Ah, 1Bh 
 315A  1C 1D 1E 1F              		db	 1Ch, 1Dh, 1Eh, 1Fh 
 315E  20 21 22 23 24           		db	' !"#$' 
 3163  25 26 27 28 29 2A 2B     		db	'%&', 27h, '()*+,-.' 
       2C 2D 2E                 
 316D  00 00 2F 30 31 32        		db	 00h, 00h, 2Fh, 30h, 31h, 32h 
 3173  33 00 00 34 35 36        		db	 33h, 00h, 00h, 34h, 35h, 36h 
 3179  37 38 00 39 26 3A        		db	 37h, 38h, 00h, 39h, 26h, 3Ah 
 317F  00                       		db	 00h 
 3180  0012[                    		db	18 dup (0) 
            00                  
                         ]      
                                
 3192  3B 3C 3D 00 00 00        		db	 3Bh, 3Ch, 3Dh, 00h, 00h, 00h 
 3198  3E 3F 40 41              		db	 3Eh, 3Fh, 40h, 41h 
 319C  001E[                    		db	30 dup (0) 
            00                  
                         ]      
                                
 31BA  42 43 44 45              		db	 42h, 43h, 44h, 45h 
 31BE  001E[                    		db	30 dup (0) 
            00                  
                         ]      
                                
Microsoft (R) Macro Assembler  Version 4.00                 3/29/26 15:11:43

                                                            Page     1-65
                                                            

 31DC  46 47 16                 		db	 46h, 47h, 16h 
 31DF  001F[                    		db	31 dup (0) 
            00                  
                         ]      
                                
 31FE  48 49 4A                 		db	 48h, 49h, 4Ah 
 3201  0061[                    		db	97 dup (0) 
            00                  
                         ]      
                                
 3262  4B 4C 4D                 		db	 4Bh, 4Ch, 4Dh 
 3265  001F[                    		db	31 dup (0) 
            00                  
                         ]      
                                
 3284  4E 4F 50                 		db	 4Eh, 4Fh, 50h 
 3287  0020[                    		db	32 dup (0) 
            00                  
                         ]      
                                
 32A7  51                       		db	51h 
 32A8  0021[                    		db	33 dup (0) 
            00                  
                         ]      
                                
 32C9  52 53                    		db	 52h, 53h 
 32CB  0020[                    		db	32 dup (0) 
            00                  
                         ]      
                                
 32EB  54 55 56                 		db	 54h, 55h, 56h 
 32EE  001F[                    		db	31 dup (0) 
            00                  
                         ]      
                                
 330D  57 58 59 5A              		db	 57h, 58h, 59h, 5Ah 
 3311  001E[                    		db	30 dup (0) 
            00                  
                         ]      
                                
 332F  5B 5C 5D 5E              		db	 5Bh, 5Ch, 5Dh, 5Eh 
 3333  001E[                    		db	30 dup (0) 
            00                  
                         ]      
                                
 3351  5F 60 61 62              		db	 5Fh, 60h, 61h, 62h 
 3355  001E[                    		db	30 dup (0) 
            00                  
                         ]      
                                
 3373  63 64                    		db	 63h, 64h 
 3375  0020[                    		db	32 dup (0) 
            00                  
                         ]      
                                
Microsoft (R) Macro Assembler  Version 4.00                 3/29/26 15:11:43

                                                            Page     1-66
                                                            

 3395  65 66 67 68 69           		db	 65h, 66h, 67h, 68h, 69h 
 339A  001D[                    		db	29 dup (0) 
            00                  
                         ]      
                                
 33B7  6A 6B 6C 6D 6E 6F 70     		db	'jklmnopqrs' 
       71 72 73                 
 33C1  0018[                    		db	24 dup (0) 
            00                  
                         ]      
                                
 33D9  74 75 76 77 78 79 7A     		db	'tuvwxyz{|}' 
       7B 7C 7D                 
 33E3  0018[                    		db	24 dup (0) 
            00                  
                         ]      
                                
 33FB  7E 7F 80 81 82 83        		db	 7Eh, 7Fh, 80h, 81h, 82h, 83h 
 3401  84 85 86 87 88 89        		db	 84h, 85h, 86h, 87h, 88h, 89h 
 3407  00 00 00 00 0F 8A        		db	 00h, 00h, 00h, 00h, 0Fh, 8Ah 
 340D  8B 8C 00                 		db	 8Bh, 8Ch, 00h 
 3410  000D[                    		db	13 dup (0) 
            00                  
                         ]      
                                
 341D  2F 8D 8E 8F 90 91        		db	 2Fh, 8Dh, 8Eh, 8Fh, 90h, 91h 
 3423  92 93 94 95 96 97        		db	 92h, 93h, 94h, 95h, 96h, 97h 
 3429  00 00 00 98 99 9A        		db	 00h, 00h, 00h, 98h, 99h, 9Ah 
 342F  9B 9C 9D                 		db	 9Bh, 9Ch, 9Dh 
 3432  000E[                    		db	14 dup (0) 
            00                  
                         ]      
                                
 3440  9E 9F A0 A1 A2 A3        		db	 9Eh, 9Fh,0A0h,0A1h,0A2h,0A3h 
 3446  A4 A5 A6 A7 A8 A9        		db	0A4h,0A5h,0A6h,0A7h,0A8h,0A9h 
 344C  16 00 AA AB AC AD        		db	 16h, 00h,0AAh,0ABh,0ACh,0ADh 
 3452  AE AF                    		db	0AEh,0AFh 
 3454  000E[                    		db	14 dup (0) 
            00                  
                         ]      
                                
 3462  B0 B1 B2 B3 B4 B5        		db	0B0h,0B1h,0B2h,0B3h,0B4h,0B5h 
 3468  B6 B7 B8 26 26 B9        		db	0B6h,0B7h,0B8h, 26h, 26h,0B9h 
 346E  BA BB BC BD BE BF        		db	0BAh,0BBh,0BCh,0BDh,0BEh,0BFh 
 3474  C0 C1                    		db	0C0h,0C1h 
 3476  000D[                    		db	13 dup (0) 
            00                  
                         ]      
                                
 3483  02 02 03 01 00 00        		db	2, 2, 3, 1, 0, 0 
 3489  02 02 03 01 01 01        		db	2, 2, 3, 1, 1, 1 
 348F  02 02 00 01 02 01        		db	2, 2, 0, 1, 2, 1 
 3495  0007[                    		db	7 dup (1) 
            01                  
                         ]      
Microsoft (R) Macro Assembler  Version 4.00                 3/29/26 15:11:43

                                                            Page     1-67
                                                            

                                
 349C  03 02 01 01 02 01        		db	3, 2, 1, 1, 2, 1 
 34A2  0009[                    		db	9 dup (0) 
            00                  
                         ]      
                                
 34AB  02 00                    		db	2, 0 
 34AD  0009[                    		db	9 dup (0) 
            00                  
                         ]      
                                
 34B6  01 00 00 00 00 00        		db	1, 0, 0, 0, 0, 0 
 34BC  01 02 02 02 01 01        		db	1, 2, 2, 2, 1, 1 
 34C2  01 00 00 01 00 01        		db	1, 0, 0, 1, 0, 1 
 34C8  01 00 00 02 01 00        		db	1, 0, 0, 2, 1, 0 
 34CE  02 00 01 01 00 00        		db	2, 0, 1, 1, 0, 0 
 34D4  00 01 01 00 00 00        		db	0, 1, 1, 0, 0, 0 
 34DA  01 01 01 02 00 03        		db	1, 1, 1, 2, 0, 3 
 34E0  01 00 05 04 04 04        		db	1, 0, 5, 4, 4, 4 
 34E6  06 08 05 03 04 04        		db	6, 8, 5, 3, 4, 4 
 34EC  06 06 06 05 06 08        		db	6, 6, 6, 5, 6, 8 
 34F2  07 05 07 07 07 07        		db	7, 5, 7, 7, 7, 7 
 34F8  07 07 07 07 03 04        		db	7, 7, 7, 7, 3, 4 
 34FE  06 06 06 07              		db	6, 6, 6, 7 
 3502  0009[                    		db	9 dup (8) 
            08                  
                         ]      
                                
 350B  05 08 08                 		db	5, 8, 8 
 350E  0008[                    		db	8 dup (8) 
            08                  
                         ]      
                                
 3516  07 08 08 08 08 08        		db	 07h, 08h, 08h, 08h, 08h, 08h 
 351C  07 05 03 05 06 07        		db	 07h, 05h, 03h, 05h, 06h, 07h 
 3522  07 08 08 07 08 07        		db	 07h, 08h, 08h, 07h, 08h, 07h 
 3528  07 08 08 05 06 08        		db	 07h, 08h, 08h, 05h, 06h, 08h 
 352E  05 08 07 07 08 08        		db	 05h, 08h, 07h, 07h, 08h, 08h 
 3534  08 07 06 08 08 08        		db	 08h, 07h, 06h, 08h, 08h, 08h 
 353A  07 07 07 04 08 04        		db	 07h, 07h, 07h, 04h, 08h, 04h 
 3540  07 08 00 17 6E 65        		db	 07h, 08h, 00h, 17h, 6Eh, 65h 
 3546  63 2E 67 72 70 00        		db	 63h, 2Eh, 67h, 72h, 70h, 00h 
 354C  00 12 68 6F 75 2E        		db	 00h, 12h, 68h, 6Fh, 75h, 2Eh 
 3552  67 72 70 00 00 0F        		db	 67h, 72h, 70h, 00h, 00h, 0Fh 
 3558  64 6D 61 6F 75 2E 67     		db	'dmaou.grp' 
       72 70                    
 3561  00 00                    		db	0, 0 
 3563  28 7A 6F 70 6E 2E 6D     		db	'(zopn.msd' 
       73 64                    
 356C  00 00 1E                 		db	 00h, 00h, 1Eh 
 356F  74 74 6C 31 2E 67 72     		db	'ttl1.grp' 
       70                       
 3577  00 00 1F                 		db	 00h, 00h, 1Fh 
 357A  74 74 6C 32 2E 67 72     		db	'ttl2.grp' 
       70                       
Microsoft (R) Macro Assembler  Version 4.00                 3/29/26 15:11:43

                                                            Page     1-68
                                                            

 3582  00 00                    		db	0, 0 
 3584  20 74 74 6C 33 2E 67     		db	' ttl3.grp' 
       72 70                    
 358D  00 00                    		db	0, 0 
 358F  27 7A 65 6E 64 2E 6D     		db	27h, 'zend.msd' 
       73 64                    
 3598  00 00                    		db	0, 0 
 359A  21 77 61 6B 75 2E 67     		db	'!waku.grp' 
       72 70                    
 35A3  00 00 0E 61 6D 65        		db	 00h, 00h, 0Eh, 61h, 6Dh, 65h 
 35A9  2E 67 72 70 00 00        		db	 2Eh, 67h, 72h, 70h, 00h, 00h 
 35AF  10                       		db	 10h 
 35B0  68 69 6D 65 2E 67 72     		db	'hime.grp' 
       70                       
 35B8  00 00 13 69 73 69        		db	 00h, 00h, 13h, 69h, 73h, 69h 
 35BE  2E 67 72 70 00 00        		db	 2Eh, 67h, 72h, 70h, 00h, 00h 
 35C4  1A 6F 75 69 2E 67        		db	 1Ah, 6Fh, 75h, 69h, 2Eh, 67h 
 35CA  72 70 00 00 1C 73        		db	 72h, 70h, 00h, 00h, 1Ch, 73h 
 35D0  65 69 2E 67 72 70        		db	 65h, 69h, 2Eh, 67h, 72h, 70h 
 35D6  00 00                    		db	 00h, 00h 
 35D8  22 79 75 75 31 2E 67     		db	'"yuu1.grp' 
       72 70                    
 35E1  00 00                    		db	0, 0 
 35E3  23 79 75 75 32 2E 67     		db	'#yuu2.grp' 
       72 70                    
 35EC  00 00                    		db	0, 0 
 35EE  24                       		db	'$' 
 35EF  79 75 75 33 2E 67 72     		db	'yuu3.grp' 
       70                       
 35F7  00 00                    		db	0, 0 
 35F9  25 79 75 75 34 2E 67     		db	'%yuu4.grp' 
       72 70                    
 3602  00 00                    		db	0, 0 
 3604  26 79 75 75 70 2E 67     		db	'&yuup.grp' 
       72 70                    
 360D  00 00                    		db	0, 0 
 360F  1B 6F 75 70 2E 67 72     		db	1Bh, 'oup.grp' 
       70                       
 3617  00 00 14                 		db	 00h, 00h, 14h 
 361A  6D 61 6F 70 2E 67 72     		db	'maop.grp' 
       70                       
 3622  00 00 00                 		db	0, 0, 0 
 3625  67 61 6D 65 2E 62 69     		db	'game.bin' 
       6E                       
 362D  00                       		db	0 
                                sub_26		endp 
                                 
                                 
 362E                           seg_a		ends 
                                 
                                 
                                 
                                		end	start 

Microsoft (R) Macro Assembler  Version 4.00                 3/29/26 15:11:43

                                                            Symbols-1
                                                             

Macros:

		N a m e			Lines

CALLF  . . . . . . . . . . . . .  	   2
CALLFX . . . . . . . . . . . . .  	   3
JMPN . . . . . . . . . . . . . .  	   2
MOVSEG . . . . . . . . . . . . .  	  43
RETF . . . . . . . . . . . . . .  	   6
RETN . . . . . . . . . . . . . .  	   6

Segments and Groups:

                N a m e         	Size	Align	Combine Class

SEG_A  . . . . . . . . . . . . .  	362E	BYTE	PUBLIC	

Symbols:            

                N a m e         	Type	Value	Attr         

DATA_100 . . . . . . . . . . . .  	L WORD 	3019	SEG_A
DATA_101 . . . . . . . . . . . .  	L WORD 	301B	SEG_A
DATA_102 . . . . . . . . . . . .  	L WORD 	301D	SEG_A
DATA_103 . . . . . . . . . . . .  	L WORD 	301F	SEG_A
DATA_104 . . . . . . . . . . . .  	L WORD 	3021	SEG_A
DATA_105 . . . . . . . . . . . .  	L WORD 	3023	SEG_A
DATA_106 . . . . . . . . . . . .  	L WORD 	3025	SEG_A
DATA_107 . . . . . . . . . . . .  	L WORD 	3027	SEG_A
DATA_108 . . . . . . . . . . . .  	L WORD 	3031	SEG_A
DATA_10E . . . . . . . . . . . .  	Number	46D3	
DATA_11E . . . . . . . . . . . .  	Number	6000	
DATA_12E . . . . . . . . . . . .  	Number	9C40	
DATA_137E  . . . . . . . . . . .  	Number	4000	
DATA_138E  . . . . . . . . . . .  	Number	64EA	
DATA_139E  . . . . . . . . . . .  	Number	653D	
DATA_13E . . . . . . . . . . . .  	Number	A9C0	
DATA_140E  . . . . . . . . . . .  	Number	653F	
DATA_141E  . . . . . . . . . . .  	Number	6A73	
DATA_142E  . . . . . . . . . . .  	Number	6D56	
DATA_143E  . . . . . . . . . . .  	Number	6D58	
DATA_144E  . . . . . . . . . . .  	Number	6D5A	
DATA_145E  . . . . . . . . . . .  	Number	6D5B	
DATA_146E  . . . . . . . . . . .  	Number	6D5C	
DATA_147E  . . . . . . . . . . .  	Number	6D5D	
DATA_148E  . . . . . . . . . . .  	Number	75A0	
DATA_149E  . . . . . . . . . . .  	Number	8000	
DATA_14E . . . . . . . . . . . .  	Number	AB40	
DATA_150E  . . . . . . . . . . .  	Number	9000	
DATA_151E  . . . . . . . . . . .  	Number	9060	
DATA_152E  . . . . . . . . . . .  	Number	9096	
DATA_153E  . . . . . . . . . . .  	Number	911E	
DATA_154E  . . . . . . . . . . .  	Number	912B	
DATA_155E  . . . . . . . . . . .  	Number	947D	
DATA_156E  . . . . . . . . . . .  	Number	94DD	
Microsoft (R) Macro Assembler  Version 4.00                 3/29/26 15:11:43

                                                            Symbols-2
                                                             

DATA_157E  . . . . . . . . . . .  	Number	953D	
DATA_158E  . . . . . . . . . . .  	Number	9547	
DATA_159E  . . . . . . . . . . .  	Number	9551	
DATA_15E . . . . . . . . . . . .  	Number	D000	
DATA_160E  . . . . . . . . . . .  	Number	955D	
DATA_161E  . . . . . . . . . . .  	Number	9573	
DATA_162E  . . . . . . . . . . .  	Number	957E	
DATA_163E  . . . . . . . . . . .  	Number	959F	
DATA_164E  . . . . . . . . . . .  	Number	95B4	
DATA_165E  . . . . . . . . . . .  	Number	95FE	
DATA_166E  . . . . . . . . . . .  	Number	9609	
DATA_167E  . . . . . . . . . . .  	Number	97C0	
DATA_168E  . . . . . . . . . . .  	Number	A000	
DATA_169E  . . . . . . . . . . .  	Number	B000	
DATA_170E  . . . . . . . . . . .  	Number	B800	
DATA_171E  . . . . . . . . . . .  	Number	D000	
DATA_172E  . . . . . . . . . . .  	Number	FF1A	
DATA_173E  . . . . . . . . . . .  	Number	FF1D	
DATA_174E  . . . . . . . . . . .  	Number	FF24	
DATA_175E  . . . . . . . . . . .  	Number	FF26	
DATA_176E  . . . . . . . . . . .  	Number	FF29	
DATA_177E  . . . . . . . . . . .  	Number	FF2C	
DATA_178E  . . . . . . . . . . .  	Number	FF75	
DATA_179E  . . . . . . . . . . .  	Number	0000	
DATA_180E  . . . . . . . . . . .  	Number	0660	
DATA_181E  . . . . . . . . . . .  	Number	0CC0	
DATA_1E  . . . . . . . . . . . .  	Number	0660	
DATA_2E  . . . . . . . . . . . .  	Number	0819	
DATA_3E  . . . . . . . . . . . .  	Number	0D20	
DATA_47  . . . . . . . . . . . .  	L BYTE 	1F81	SEG_A
DATA_49  . . . . . . . . . . . .  	L BYTE 	201D	SEG_A
DATA_4E  . . . . . . . . . . . .  	Number	0EE0	
DATA_5E  . . . . . . . . . . . .  	Number	1A40	
DATA_6E  . . . . . . . . . . . .  	Number	1D40	
DATA_7E  . . . . . . . . . . . .  	Number	3000	
DATA_87  . . . . . . . . . . . .  	L BYTE 	2FCF	SEG_A
DATA_8E  . . . . . . . . . . . .  	Number	3A80	
DATA_93  . . . . . . . . . . . .  	L WORD 	300B	SEG_A
DATA_94  . . . . . . . . . . . .  	L WORD 	300D	SEG_A
DATA_95  . . . . . . . . . . . .  	L WORD 	300F	SEG_A
DATA_96  . . . . . . . . . . . .  	L WORD 	3011	SEG_A
DATA_97  . . . . . . . . . . . .  	L WORD 	3013	SEG_A
DATA_98  . . . . . . . . . . . .  	L WORD 	3015	SEG_A
DATA_99  . . . . . . . . . . . .  	L WORD 	3017	SEG_A
DATA_9E  . . . . . . . . . . . .  	Number	4000	

LOCLOOP_14 . . . . . . . . . . .  	L NEAR	0373	SEG_A
LOCLOOP_15 . . . . . . . . . . .  	L NEAR	0398	SEG_A
LOCLOOP_23 . . . . . . . . . . .  	L NEAR	04B2	SEG_A
LOCLOOP_24 . . . . . . . . . . .  	L NEAR	04D7	SEG_A
LOCLOOP_26 . . . . . . . . . . .  	L NEAR	08A5	SEG_A
LOCLOOP_27 . . . . . . . . . . .  	L NEAR	08FB	SEG_A
LOCLOOP_28 . . . . . . . . . . .  	L NEAR	0A00	SEG_A
LOCLOOP_3  . . . . . . . . . . .  	L NEAR	02A5	SEG_A
LOCLOOP_72 . . . . . . . . . . .  	L NEAR	0D1E	SEG_A
Microsoft (R) Macro Assembler  Version 4.00                 3/29/26 15:11:43

                                                            Symbols-3
                                                             

LOCLOOP_73 . . . . . . . . . . .  	L NEAR	0D43	SEG_A
LOCLOOP_74 . . . . . . . . . . .  	L NEAR	0D70	SEG_A
LOCLOOP_75 . . . . . . . . . . .  	L NEAR	0D76	SEG_A
LOCLOOP_79 . . . . . . . . . . .  	L NEAR	0D93	SEG_A
LOCLOOP_86 . . . . . . . . . . .  	L NEAR	0EB8	SEG_A
LOCLOOP_87 . . . . . . . . . . .  	L NEAR	0EBC	SEG_A
LOCLOOP_88 . . . . . . . . . . .  	L NEAR	0EED	SEG_A
LOCLOOP_89 . . . . . . . . . . .  	L NEAR	0EF2	SEG_A
LOCLOOP_90 . . . . . . . . . . .  	L NEAR	0F4D	SEG_A
LOCLOOP_91 . . . . . . . . . . .  	L NEAR	0F52	SEG_A
LOCLOOP_92 . . . . . . . . . . .  	L NEAR	0FB7	SEG_A
LOC_1  . . . . . . . . . . . . .  	L NEAR	0158	SEG_A
LOC_10 . . . . . . . . . . . . .  	L NEAR	0310	SEG_A
LOC_11 . . . . . . . . . . . . .  	L NEAR	0322	SEG_A
LOC_12 . . . . . . . . . . . . .  	L NEAR	0356	SEG_A
LOC_13 . . . . . . . . . . . . .  	L NEAR	036A	SEG_A
LOC_16 . . . . . . . . . . . . .  	L NEAR	03AF	SEG_A
LOC_17 . . . . . . . . . . . . .  	L NEAR	03E9	SEG_A
LOC_18 . . . . . . . . . . . . .  	L NEAR	03FB	SEG_A
LOC_19 . . . . . . . . . . . . .  	L NEAR	045A	SEG_A
LOC_2  . . . . . . . . . . . . .  	L NEAR	0175	SEG_A
LOC_20 . . . . . . . . . . . . .  	L NEAR	047B	SEG_A
LOC_21 . . . . . . . . . . . . .  	L NEAR	0485	SEG_A
LOC_22 . . . . . . . . . . . . .  	L NEAR	04A9	SEG_A
LOC_25 . . . . . . . . . . . . .  	L NEAR	0544	SEG_A
LOC_29 . . . . . . . . . . . . .  	L NEAR	0A0B	SEG_A
LOC_30 . . . . . . . . . . . . .  	L NEAR	0A45	SEG_A
LOC_31 . . . . . . . . . . . . .  	L NEAR	0A7F	SEG_A
LOC_32 . . . . . . . . . . . . .  	L NEAR	0A84	SEG_A
LOC_33 . . . . . . . . . . . . .  	L NEAR	0A96	SEG_A
LOC_34 . . . . . . . . . . . . .  	L NEAR	0AB2	SEG_A
LOC_35 . . . . . . . . . . . . .  	L NEAR	0B0C	SEG_A
LOC_36 . . . . . . . . . . . . .  	L NEAR	0B22	SEG_A
LOC_37 . . . . . . . . . . . . .  	L NEAR	0B25	SEG_A
LOC_38 . . . . . . . . . . . . .  	L NEAR	0B2A	SEG_A
LOC_39 . . . . . . . . . . . . .  	L NEAR	0B2F	SEG_A
LOC_4  . . . . . . . . . . . . .  	L NEAR	02C8	SEG_A
LOC_40 . . . . . . . . . . . . .  	L NEAR	0B3C	SEG_A
LOC_41 . . . . . . . . . . . . .  	L NEAR	0B44	SEG_A
LOC_42 . . . . . . . . . . . . .  	L NEAR	0B4E	SEG_A
LOC_43 . . . . . . . . . . . . .  	L NEAR	0B58	SEG_A
LOC_44 . . . . . . . . . . . . .  	L NEAR	0B66	SEG_A
LOC_45 . . . . . . . . . . . . .  	L NEAR	0B6D	SEG_A
LOC_46 . . . . . . . . . . . . .  	L NEAR	0B99	SEG_A
LOC_47 . . . . . . . . . . . . .  	L NEAR	0BA5	SEG_A
LOC_48 . . . . . . . . . . . . .  	L NEAR	0BB1	SEG_A
LOC_49 . . . . . . . . . . . . .  	L NEAR	0BBD	SEG_A
LOC_5  . . . . . . . . . . . . .  	L NEAR	02DA	SEG_A
LOC_50 . . . . . . . . . . . . .  	L NEAR	0BC9	SEG_A
LOC_51 . . . . . . . . . . . . .  	L NEAR	0BD5	SEG_A
LOC_52 . . . . . . . . . . . . .  	L NEAR	0BDC	SEG_A
LOC_53 . . . . . . . . . . . . .  	L NEAR	0BE7	SEG_A
LOC_54 . . . . . . . . . . . . .  	L NEAR	0BF4	SEG_A
LOC_55 . . . . . . . . . . . . .  	L NEAR	0C01	SEG_A
LOC_56 . . . . . . . . . . . . .  	L NEAR	0C12	SEG_A
Microsoft (R) Macro Assembler  Version 4.00                 3/29/26 15:11:43

                                                            Symbols-4
                                                             

LOC_57 . . . . . . . . . . . . .  	L NEAR	0C1A	SEG_A
LOC_58 . . . . . . . . . . . . .  	L NEAR	0C2C	SEG_A
LOC_59 . . . . . . . . . . . . .  	L NEAR	0C5A	SEG_A
LOC_6  . . . . . . . . . . . . .  	L NEAR	02DF	SEG_A
LOC_60 . . . . . . . . . . . . .  	L NEAR	0C7B	SEG_A
LOC_61 . . . . . . . . . . . . .  	L NEAR	0CA7	SEG_A
LOC_62 . . . . . . . . . . . . .  	L NEAR	0CCA	SEG_A
LOC_63 . . . . . . . . . . . . .  	L NEAR	0CD0	SEG_A
LOC_64 . . . . . . . . . . . . .  	L NEAR	0CD5	SEG_A
LOC_65 . . . . . . . . . . . . .  	L NEAR	0CDA	SEG_A
LOC_66 . . . . . . . . . . . . .  	L NEAR	0CDF	SEG_A
LOC_67 . . . . . . . . . . . . .  	L NEAR	0CE4	SEG_A
LOC_68 . . . . . . . . . . . . .  	L NEAR	0CE9	SEG_A
LOC_69 . . . . . . . . . . . . .  	L NEAR	0CEE	SEG_A
LOC_7  . . . . . . . . . . . . .  	L NEAR	02E5	SEG_A
LOC_70 . . . . . . . . . . . . .  	L NEAR	0CF3	SEG_A
LOC_71 . . . . . . . . . . . . .  	L NEAR	0D15	SEG_A
LOC_76 . . . . . . . . . . . . .  	L NEAR	0D81	SEG_A
LOC_77 . . . . . . . . . . . . .  	L NEAR	0D84	SEG_A
LOC_78 . . . . . . . . . . . . .  	L NEAR	0D91	SEG_A
LOC_8  . . . . . . . . . . . . .  	L NEAR	02F7	SEG_A
LOC_80 . . . . . . . . . . . . .  	L NEAR	0DE5	SEG_A
LOC_81 . . . . . . . . . . . . .  	L NEAR	0DF5	SEG_A
LOC_82 . . . . . . . . . . . . .  	L NEAR	0DFE	SEG_A
LOC_83 . . . . . . . . . . . . .  	L NEAR	0E03	SEG_A
LOC_84 . . . . . . . . . . . . .  	L NEAR	0E07	SEG_A
LOC_85 . . . . . . . . . . . . .  	L NEAR	0E80	SEG_A
LOC_9  . . . . . . . . . . . . .  	L NEAR	030B	SEG_A
LOC_93 . . . . . . . . . . . . .  	L NEAR	1C00	SEG_A

START  . . . . . . . . . . . . .  	L NEAR	0000	SEG_A
SUB_1  . . . . . . . . . . . . .  	N PROC	02D5	SEG_A	Length = 002C
SUB_10 . . . . . . . . . . . . .  	N PROC	0A79	SEG_A	Length = 024F
SUB_11 . . . . . . . . . . . . .  	N PROC	0CC8	SEG_A	Length = 0040
SUB_12 . . . . . . . . . . . . .  	N PROC	0D08	SEG_A	Length = 0052
SUB_13 . . . . . . . . . . . . .  	N PROC	0D62	SEG_A	Length = 0083
SUB_14 . . . . . . . . . . . . .  	L NEAR	0D67	SEG_A
SUB_15 . . . . . . . . . . . . .  	N PROC	0DE5	SEG_A	Length = 002F
SUB_16 . . . . . . . . . . . . .  	N PROC	0E14	SEG_A	Length = 0040
SUB_17 . . . . . . . . . . . . .  	N PROC	0E54	SEG_A	Length = 000F
SUB_18 . . . . . . . . . . . . .  	N PROC	0E63	SEG_A	Length = 000F
SUB_19 . . . . . . . . . . . . .  	N PROC	0E72	SEG_A	Length = 0022
SUB_2  . . . . . . . . . . . . .  	N PROC	0301	SEG_A	Length = 005B
SUB_20 . . . . . . . . . . . . .  	N PROC	0E94	SEG_A	Length = 0021
SUB_21 . . . . . . . . . . . . .  	N PROC	0EB5	SEG_A	Length = 0028
SUB_22 . . . . . . . . . . . . .  	N PROC	0EDD	SEG_A	Length = 0069
SUB_23 . . . . . . . . . . . . .  	N PROC	0F46	SEG_A	Length = 006B
SUB_24 . . . . . . . . . . . . .  	N PROC	0FB1	SEG_A	Length = 0044
SUB_26 . . . . . . . . . . . . .  	N PROC	2075	SEG_A	Length = 15B9
SUB_27 . . . . . . . . . . . . .  	L NEAR	2076	SEG_A
SUB_29 . . . . . . . . . . . . .  	L NEAR	276F	SEG_A
SUB_3  . . . . . . . . . . . . .  	N PROC	035C	SEG_A	Length = 0053
SUB_30 . . . . . . . . . . . . .  	L NEAR	2C66	SEG_A
SUB_31 . . . . . . . . . . . . .  	L NEAR	2E73	SEG_A
SUB_4  . . . . . . . . . . . . .  	N PROC	03AF	SEG_A	Length = 06C8
Microsoft (R) Macro Assembler  Version 4.00                 3/29/26 15:11:43

                                                            Symbols-5
                                                             

SUB_5  . . . . . . . . . . . . .  	L NEAR	03D0	SEG_A
SUB_6  . . . . . . . . . . . . .  	L NEAR	045A	SEG_A
SUB_7  . . . . . . . . . . . . .  	L NEAR	049B	SEG_A
SUB_8  . . . . . . . . . . . . .  	L NEAR	0A0B	SEG_A
SUB_9  . . . . . . . . . . . . .  	L NEAR	0A1C	SEG_A

TARGET . . . . . . . . . . . . .  	Number	4D34	

_100OPDMO  . . . . . . . . . . .  	F PROC	0000	SEG_A	Length = 02D5


   2731 Source  Lines
   2942 Total   Lines
    232 Symbols

  41674 Bytes symbol space free

      0 Warning Errors
     34 Severe  Errors
