Microsoft (R) Macro Assembler  Version 4.00                 3/29/26 15:12:02

                                                            Page     1-1
                                                            

                                 
                                PAGE  59,132 
                                 
                                ;€€€€€€€€€€€€€€€€€€€€€€€€€€€€€€€€€€€€€€€€€€€€€€€€€€€€€€€€€€€€€€€€€€€€€€€€€€ 
                                ;€€					                                 €€ 
                                ;€€				_102GDCGA                                €€ 
                                ;€€					                                 €€ 
                                ;€€      Created:   29-Mar-26		                                 €€ 
                                ;€€      Code type: zero start		                                 €€ 
                                ;€€      Passes:    9          Analysis	Options on: none                 €€ 
                                ;€€					                                 €€ 
                                ;€€€€€€€€€€€€€€€€€€€€€€€€€€€€€€€€€€€€€€€€€€€€€€€€€€€€€€€€€€€€€€€€€€€€€€€€€€ 
                                 
 = 4D34                         target		EQU   'M4'                      ; Target assembler: MASM-4.0 
                                 
                             C  include  srmacros.inc 
                             C   
                             C  ; Macros which may be required for proper re-assembly 
                             C   
                             C  IF (target EQ 'M4') 
                             C  ;----------------------------------------------------------------------------- 
                             C  ;  MASM 4.0 does not allow retf and retn, allowed by current assemblers. 
                             C  ;  These marcos, convert RETF and RETN into data bytes that are acceptable 
                             C  ;  to MASM 4.0. 
                             C   
                             C   
                             C  retf            macro   ret_count               ; Fixup for Assembler 
                             C                  if      ret_count+0 GT 1 
                             C                  db      0CAh 
                             C                  dw      ret_count 
                             C                  else 
                             C                  db      0CBh 
                             C                  endif 
                             C  endm 
                             C   
                             C  retn            macro  ret_count 
                             C                  if     ret_count+0 GT 1 
                             C                  db     0C2h 
                             C                  dw     ret_count 
                             C                  else 
                             C                  db     0C3h 
                             C                  endif 
                             C  endm 
                             C   
                             C  ENDIF 
                             C   
                             C   
                             C  IF (target EQ 'M4') OR (target EQ 'M5')  
                             C  ;----------------------------------------------------------------------------- 
                             C  ; Due to a bug in earlier MASM assemblers, the valid instruction type  
                             C  ; "mov segreg, reg"  cannot be used, if the register is not AX.   
                             C  ; For example:  mov  es, bx 
                             C   
                             C  movseg          macro reg16, unused, Imm16      ; Fixup for Assembler 
                             C                  ifidn  <reg16>, <bx>             
Microsoft (R) Macro Assembler  Version 4.00                 3/29/26 15:12:02

                                                            Page     1-2
                                                            

                             C                  db     0BBh                      
                             C                  endif                            
                             C                  ifidn  <reg16>, <cx>             
                             C                  db     0B9h                      
                             C                  endif 
                             C                  ifidn  <reg16>, <dx> 
                             C                  db     0BAh 
                             C                  endif 
                             C                  ifidn  <reg16>, <si> 
                             C                  db     0BEh 
                             C                  endif 
                             C                  ifidn  <reg16>, <di> 
                             C                  db     0BFh 
                             C                  endif 
                             C                  ifidn  <reg16>, <bp> 
                             C                  db     0BDh 
                             C                  endif 
                             C                  ifidn  <reg16>, <sp> 
                             C                  db     0BCh 
                             C                  endif 
                             C                  ifidn  <reg16>, <BX> 
                             C                  db     0BBH 
                             C                  endif 
                             C                  ifidn  <reg16>, <CX> 
                             C                  db     0B9H 
                             C                  endif 
                             C                  ifidn  <reg16>, <DX> 
                             C                  db     0BAH 
                             C                  endif 
                             C                  ifidn  <reg16>, <SI> 
                             C                  db     0BEH 
                             C                  endif 
                             C                  ifidn  <reg16>, <DI> 
                             C                  db     0BFH 
                             C                  endif 
                             C                  ifidn  <reg16>, <BP> 
                             C                  db     0BDH 
                             C                  endif 
                             C                  ifidn  <reg16>, <SP> 
                             C                  db     0BCH 
                             C                  endif 
                             C                  dw     seg Imm16 
                             C  endm 
                             C   
                             C  ENDIF 
                             C   
                             C   
                             C  ENDIF 
                             C   
                             C   
                             C   
                             C  IFE (target EQ 'NO') 
                             C  ;----------------------------------------------------------------------------- 
                             C  ;  Some compilers and some assemblers will code a call that goes to a far 
                             C  ;  subroutine in the same segment as: 
Microsoft (R) Macro Assembler  Version 4.00                 3/29/26 15:12:02

                                                            Page     1-3
                                                            

                             C  ; 
                             C  ;               PUSH    CS 
                             C  ;               CALL    near 
                             C  ; 
                             C  ;  This saves one byte, and is slightly faster.  If the assembler you are 
                             C  ;  using (i.e. MASM, Optasm) does not do this automatically, the following 
                             C  ;  macros are used to code the same information.  In other words, the binary 
                             C  ;  file has "PUSH CS, CALL near", and Sourcer ensures the same instructions 
                             C  ;  are used!  (macro CALLF) 
                             C  ; 
                             C   
                             C  callf           macro   location 
                             C                  push    cs 
                             C                  call    near ptr location 
                             C  endm 
                             C   
                             C  ;  Some compilers generate an unnecessary DS override on the call instruction 
                             C  ;  when compacting the CALLF type function.  Macro CALLFX handles this case. 
                             C   
                             C  callfx          macro   location 
                             C                  push    cs 
                             C                  db      3Eh 
                             C                  call    near ptr location 
                             C  endm 
                             C   
                             C   
                             C  ;----------------------------------------------------------------------------- 
                             C  ;  Some compilers and some assemblers will code a near call that is the 
                             C  ;  selected assembler will convert to a short jump to save a byte.  This 
                             C  ;  reconstructs a near jump for these cases. 
                             C   
                             C  jmpn            macro   location 
                             C                  db      0E9h 
                             C                  dw      offset location-$-2 
                             C  endm 
                             C   
                             C  ENDIF 
                             C   
                                 
                                 
                                 
                                ; The following equates show data references outside the range of the program. 
                                 
 = 0000                         data_1e		equ	0 
 = 0240                         data_2e		equ	240h 
 = 2022                         data_60e	equ	2022h			;* 
 = 2050                         data_61e	equ	2050h			;* 
 = 29DC                         data_62e	equ	29DCh			;* 
 = 2A80                         data_63e	equ	2A80h			;* 
 = 32C4                         data_64e	equ	32C4h			;* 
 = 32D4                         data_65e	equ	32D4h			;* 
 = 3635                         data_66e	equ	3635h			;* 
 = 3637                         data_67e	equ	3637h			;* 
 = 3A05                         data_68e	equ	3A05h			;* 
 = 3AC9                         data_69e	equ	3AC9h			;* 
Microsoft (R) Macro Assembler  Version 4.00                 3/29/26 15:12:02

                                                            Page     1-4
                                                            

 = 3AFC                         data_70e	equ	3AFCh			;* 
 = 4A97                         data_71e	equ	4A97h			;* 
 = 4AA0                         data_72e	equ	4AA0h			;* 
 = 4AA2                         data_73e	equ	4AA2h			;* 
 = 4AA4                         data_74e	equ	4AA4h			;* 
 = 4AA6                         data_75e	equ	4AA6h			;* 
 = 4AA8                         data_76e	equ	4AA8h			;* 
 = 4AAA                         data_77e	equ	4AAAh			;* 
 = 4AAB                         data_78e	equ	4AABh			;* 
 = 4AAC                         data_79e	equ	4AACh			;* 
 = 4AAD                         data_80e	equ	4AADh			;* 
 = 4AAE                         data_81e	equ	4AAEh			;* 
 = 4AB0                         data_83e	equ	4AB0h			;* 
 = 4AB2                         data_84e	equ	4AB2h			;* 
 = 4DD4                         data_85e	equ	4DD4h			;* 
 = 5500                         data_86e	equ	5500h			;* 
 = 9F36                         data_87e	equ	9F36h			;* 
 = A000                         data_88e	equ	0A000h			;* 
 = C050                         data_89e	equ	0C050h			;* 
 = F500                         data_90e	equ	0F500h			;* 
 = FF1A                         data_91e	equ	0FF1Ah			;* 
 = FF2C                         data_92e	equ	0FF2Ch			;* 
 = FF5F                         data_93e	equ	0FF5Fh			;* 
 = FF60                         data_94e	equ	0FF60h			;* 
 = FF61                         data_95e	equ	0FF61h			;* 
 = 0000                         data_96e	equ	0			;* 
 = 1A6E                         data_97e	equ	1A6Eh			;* 
 = 1A8E                         data_98e	equ	1A8Eh			;* 
 = 4000                         data_99e	equ	4000h			;* 
 = 4050                         data_100e	equ	4050h			;* 
 = 0000                         data_101e	equ	0			;* 
 = C050                         data_102e	equ	0C050h 
                                 
 0000                           seg_a		segment	byte public 
                                		assume	cs:seg_a, ds:seg_a 
                                 
                                 
 0000                           		org	0 
                                 
 0000                           _102GDCGA	proc	far 
                                 
 0000                           start: 
 0000  18 1E 0000               		sbb	byte ptr ds:[0],bl 
 0004  9F                       		lahf				; Load ah from flags 
 0005  4A                       		dec	dx 
 0006  32 30                    		xor	dh,[bx+si] 
 0008  78 30                    		js	loc_1			; Jump if sign=1 
                                		retn	0EF30h 
 000A  C2                     1                 db     0C2h
 000B  EF30                   1                 dw     0EF30h
                                			                        ;* No entry point to code 
 000D  40                       		inc	ax 
 000E  4D                       		dec	bp 
 000F  4A                       		dec	dx 
 0010  E4 32                    		in	al,32h			; port 32h ??I/O Non-standard 
Microsoft (R) Macro Assembler  Version 4.00                 3/29/26 15:12:02

                                                            Page     1-5
                                                            

 0012  3C 33                    		cmp	al,33h			; '3' 
                                ;*		sal	word ptr [bp+di],cl	; Shift w/zeros fill 
 0014  D3 33                    		db	0D3h, 33h		;  Fixup - byte match 
 0016  56                       		push	si 
 0017  34 55                    		xor	al,55h			; 'U' 
 0019  36: A1 9F36              		mov	ax,ss:data_87e 
 001D  4A                       		dec	dx 
 001E  E9 ED51 R                		jmp	$-12CDh 
102GDCGA.asm(93) : error 64: Near JMP/CALL to different CS 
                                			                        ;* No entry point to code 
 0021  36 6F 37 16 38 FF        		db	 36h, 6Fh, 37h, 16h, 38h,0FFh 
 0027  3A 40 3C 0D 3D 63 3D     		db	':@<', 0Dh, '=c=??$' 
       3F 3F 24                 
 0031  40                       		db	'@' 
 0032  BD 40 87 4A 50 53        		db	0BDh, 40h, 87h, 4Ah, 50h, 53h 
 0038  51 1E                    		db	 51h, 1Eh 
 003A                           loc_1: 
 003A  8A C5                    		mov	al,ch 
 003C  F6 E1                    		mul	cl			; ax = reg * al 
 003E  8B E8                    		mov	bp,ax 
 0040  06                       		push	es 
 0041  1F                       		pop	ds 
 0042  8B F7                    		mov	si,di 
 0044  8C C8                    		mov	ax,cs 
 0046  05 3000                  		add	ax,3000h 
 0049  8E C0                    		mov	es,ax 
 004B  BF 0000                  		mov	di,0 
 004E  2E: C7 06 4AA4 0000      		mov	word ptr cs:data_74e,0 
 0055  2E: C7 06 4AA6 0000      		mov	word ptr cs:data_75e,0 
 005C  8B CD                    		mov	cx,bp 
 005E  D1 E9                    		shr	cx,1			; Shift w/zeros fill 
                                 
 0060                           locloop_2: 
 0060  3E: 8B 02                		mov	ax,ds:[bp+si] 
 0063  2E: A3 4AA8              		mov	cs:data_76e,ax 
 0067  AD                       		lodsw				; String [si] to ax 
 0068  2E: A3 4AA2              		mov	cs:data_73e,ax 
 006C  E8 1A03 R                		call	sub_18 
 006F  AB                       		stosw				; Store ax to es:[di] 
 0070  E2 EE                    		loop	locloop_2		; Loop if cx > 0 
                                 
 0072  1F                       		pop	ds 
 0073  59                       		pop	cx 
 0074  5B                       		pop	bx 
 0075  58                       		pop	ax 
 0076  BF 0000                  		mov	di,0 
 0079  E9 016A R                		jmp	loc_6 
                                			                        ;* No entry point to code 
 007C  50                       		push	ax 
 007D  53                       		push	bx 
 007E  51                       		push	cx 
 007F  1E                       		push	ds 
 0080  8A C5                    		mov	al,ch 
 0082  F6 E1                    		mul	cl			; ax = reg * al 
 0084  8B E8                    		mov	bp,ax 
Microsoft (R) Macro Assembler  Version 4.00                 3/29/26 15:12:02

                                                            Page     1-6
                                                            

 0086  06                       		push	es 
 0087  1F                       		pop	ds 
 0088  8B F7                    		mov	si,di 
 008A  8C C8                    		mov	ax,cs 
 008C  05 3000                  		add	ax,3000h 
 008F  8E C0                    		mov	es,ax 
 0091  BF 0000                  		mov	di,0 
 0094  2E: C7 06 4AA8 0000      		mov	word ptr cs:data_76e,0 
 009B  8B CD                    		mov	cx,bp 
 009D  D1 E9                    		shr	cx,1			; Shift w/zeros fill 
                                 
 009F                           locloop_3: 
 009F  03 ED                    		add	bp,bp 
 00A1  3E: 8B 02                		mov	ax,ds:[bp+si] 
 00A4  2E: A3 4AA6              		mov	cs:data_75e,ax 
 00A8  D1 ED                    		shr	bp,1			; Shift w/zeros fill 
 00AA  3E: 8B 02                		mov	ax,ds:[bp+si] 
 00AD  2E: A3 4AA4              		mov	cs:data_74e,ax 
 00B1  AD                       		lodsw				; String [si] to ax 
 00B2  2E: A3 4AA2              		mov	cs:data_73e,ax 
 00B6  E8 1A03 R                		call	sub_18 
 00B9  AB                       		stosw				; Store ax to es:[di] 
 00BA  E2 E3                    		loop	locloop_3		; Loop if cx > 0 
                                 
 00BC  1F                       		pop	ds 
 00BD  59                       		pop	cx 
 00BE  5B                       		pop	bx 
 00BF  58                       		pop	ax 
 00C0  BF 0000                  		mov	di,0 
 00C3  E9 016A R                		jmp	loc_6 
                                			                        ;* No entry point to code 
 00C6  1E                       		push	ds 
 00C7  50                       		push	ax 
 00C8  06                       		push	es 
 00C9  57                       		push	di 
 00CA  D0 EB                    		shr	bl,1			; Shift w/zeros fill 
 00CC  1B FF                    		sbb	di,di 
 00CE  81 E7 2000               		and	di,2000h 
 00D2  B0 50                    		mov	al,50h			; 'P' 
 00D4  F6 E3                    		mul	bl			; ax = reg * al 
 00D6  03 F8                    		add	di,ax 
 00D8  8A DF                    		mov	bl,bh 
 00DA  32 FF                    		xor	bh,bh			; Zero register 
 00DC  03 FB                    		add	di,bx 
 00DE  5E                       		pop	si 
 00DF  1F                       		pop	ds 
 00E0  58                       		pop	ax 
 00E1  2E: C7 06 4AAE 32AF      		mov	word ptr cs:data_81e,32AFh 
 00E8  E8 01A4 R                		call	sub_1 
 00EB  1F                       		pop	ds 
                                		retn 
 00EC  C3                     1                 db     0C3h
                                			                        ;* No entry point to code 
 00ED  53                       		push	bx 
 00EE  51                       		push	cx 
Microsoft (R) Macro Assembler  Version 4.00                 3/29/26 15:12:02

                                                            Page     1-7
                                                            

 00EF  1E                       		push	ds 
 00F0  8A C5                    		mov	al,ch 
 00F2  F6 E1                    		mul	cl			; ax = reg * al 
 00F4  8B E8                    		mov	bp,ax 
 00F6  06                       		push	es 
 00F7  1F                       		pop	ds 
 00F8  8B F7                    		mov	si,di 
 00FA  8C C8                    		mov	ax,cs 
 00FC  05 3000                  		add	ax,3000h 
 00FF  8E C0                    		mov	es,ax 
 0101  BF 0000                  		mov	di,0 
 0104  2E: C7 06 4AA8 0000      		mov	word ptr cs:data_76e,0 
 010B  2E: C7 06 4AA2 0000      		mov	word ptr cs:data_73e,0 
 0112  8B CD                    		mov	cx,bp 
 0114  D1 E9                    		shr	cx,1			; Shift w/zeros fill 
                                 
 0116                           locloop_4: 
 0116  3E: 8B 02                		mov	ax,ds:[bp+si] 
 0119  2E: A3 4AA6              		mov	cs:data_75e,ax 
 011D  AD                       		lodsw				; String [si] to ax 
 011E  2E: A3 4AA4              		mov	cs:data_74e,ax 
 0122  E8 1A03 R                		call	sub_18 
 0125  AB                       		stosw				; Store ax to es:[di] 
 0126  E2 EE                    		loop	locloop_4		; Loop if cx > 0 
                                 
 0128  1F                       		pop	ds 
 0129  59                       		pop	cx 
 012A  5B                       		pop	bx 
 012B  33 C0                    		xor	ax,ax			; Zero register 
 012D  BF 0000                  		mov	di,0 
 0130  1E                       		push	ds 
 0131  50                       		push	ax 
 0132  06                       		push	es 
 0133  57                       		push	di 
 0134  D0 EB                    		shr	bl,1			; Shift w/zeros fill 
 0136  1B FF                    		sbb	di,di 
 0138  81 E7 2000               		and	di,2000h 
 013C  B0 50                    		mov	al,50h			; 'P' 
 013E  F6 E3                    		mul	bl			; ax = reg * al 
 0140  03 F8                    		add	di,ax 
 0142  8A DF                    		mov	bl,bh 
 0144  32 FF                    		xor	bh,bh			; Zero register 
 0146  03 FB                    		add	di,bx 
 0148  5E                       		pop	si 
 0149  1F                       		pop	ds 
 014A  58                       		pop	ax 
 014B  2E: C7 06 4AAE 3275      		mov	word ptr cs:data_81e,3275h 
 0152  2E: C6 06 4AAD 00        		mov	byte ptr cs:data_80e,0 
 0158  0A C0                    		or	al,al			; Zero ? 
 015A  75 03                    		jnz	loc_5			; Jump if not zero 
 015C  E8 01A4 R                		call	sub_1 
 015F                           loc_5: 
 015F  2E: C6 06 4AAD FF        		mov	byte ptr cs:data_80e,0FFh 
 0165  E8 01A4 R                		call	sub_1 
 0168  1F                       		pop	ds 
Microsoft (R) Macro Assembler  Version 4.00                 3/29/26 15:12:02

                                                            Page     1-8
                                                            

                                		retn 
 0169  C3                     1                 db     0C3h
 016A                           loc_6: 
 016A  1E                       		push	ds 
 016B  50                       		push	ax 
 016C  06                       		push	es 
 016D  57                       		push	di 
 016E  D0 EB                    		shr	bl,1			; Shift w/zeros fill 
 0170  1B FF                    		sbb	di,di 
 0172  81 E7 2000               		and	di,2000h 
 0176  B0 50                    		mov	al,50h			; 'P' 
 0178  F6 E3                    		mul	bl			; ax = reg * al 
 017A  03 F8                    		add	di,ax 
 017C  8A DF                    		mov	bl,bh 
 017E  32 FF                    		xor	bh,bh			; Zero register 
 0180  03 FB                    		add	di,bx 
 0182  5E                       		pop	si 
 0183  1F                       		pop	ds 
 0184  58                       		pop	ax 
 0185  2E: C7 06 4AAE 3238      		mov	word ptr cs:data_81e,3238h 
 018C  2E: C6 06 4AAD 00        		mov	byte ptr cs:data_80e,0 
 0192  0A C0                    		or	al,al			; Zero ? 
 0194  75 03                    		jnz	loc_7			; Jump if not zero 
 0196  E8 01A4 R                		call	sub_1 
 0199                           loc_7: 
 0199  2E: C6 06 4AAD FF        		mov	byte ptr cs:data_80e,0FFh 
 019F  E8 01A4 R                		call	sub_1 
 01A2  1F                       		pop	ds 
                                		retn 
 01A3  C3                     1                 db     0C3h
                                 
                                _102GDCGA	endp 
                                 
                                ;ﬂﬂﬂﬂﬂﬂﬂﬂﬂﬂﬂﬂﬂﬂﬂﬂﬂﬂﬂﬂﬂﬂﬂﬂﬂﬂﬂﬂﬂﬂﬂﬂﬂﬂﬂﬂﬂﬂﬂﬂﬂﬂﬂﬂﬂﬂﬂﬂﬂﬂﬂﬂﬂﬂﬂﬂﬂﬂﬂﬂﬂﬂﬂﬂﬂﬂﬂﬂﬂﬂﬂﬂﬂﬂ 
                                ;                              SUBROUTINE 
                                ;‹‹‹‹‹‹‹‹‹‹‹‹‹‹‹‹‹‹‹‹‹‹‹‹‹‹‹‹‹‹‹‹‹‹‹‹‹‹‹‹‹‹‹‹‹‹‹‹‹‹‹‹‹‹‹‹‹‹‹‹‹‹‹‹‹‹‹‹‹‹‹‹‹‹ 
                                 
 01A4                           sub_1		proc	near 
 01A4  2E: C6 06 4AAB 00        		mov	byte ptr cs:data_78e,0 
 01AA  B8 B800                  		mov	ax,0B800h 
 01AD  8E C0                    		mov	es,ax 
 01AF  BD 0008                  		mov	bp,8 
 01B2                           loc_8: 
 01B2  2E: A0 4AAB              		mov	al,cs:data_78e 
 01B6  2E: A2 4AAA              		mov	cs:data_77e,al 
 01BA  2E: C6 06 FF1A 00        		mov	byte ptr cs:data_91e,0 
 01C0  51                       		push	cx 
 01C1  56                       		push	si 
 01C2  57                       		push	di 
 01C3                           loc_9: 
 01C3  2E: 8A 1E 4AAA           		mov	bl,cs:data_77e 
 01C8  81 E3 0007               		and	bx,7 
 01CC  03 DB                    		add	bx,bx 
 01CE  2E: 8B 9F 32C4           		mov	bx,cs:data_64e[bx] 
 01D3  2E: FF 16 4AAE           		call	word ptr cs:data_81e 
Microsoft (R) Macro Assembler  Version 4.00                 3/29/26 15:12:02

                                                            Page     1-9
                                                            

 01D8  2E: FE 06 4AAA           		inc	byte ptr cs:data_77e 
 01DD  8A C5                    		mov	al,ch 
 01DF  32 E4                    		xor	ah,ah			; Zero register 
 01E1  03 F0                    		add	si,ax 
 01E3  81 C7 2000               		add	di,2000h 
 01E7  81 FF 4000               		cmp	di,4000h 
 01EB  72 04                    		jb	loc_10			; Jump if below 
 01ED  81 C7 C050               		add	di,0C050h 
 01F1                           loc_10: 
 01F1  FE C9                    		dec	cl 
 01F3  74 32                    		jz	loc_12			; Jump if zero 
 01F5  2E: 8A 1E 4AAA           		mov	bl,cs:data_77e 
 01FA  81 E3 0007               		and	bx,7 
 01FE  03 DB                    		add	bx,bx 
 0200  2E: 8B 9F 32D4           		mov	bx,cs:data_65e[bx] 
 0205  2E: FF 16 4AAE           		call	word ptr cs:data_81e 
 020A  2E: FE 06 4AAA           		inc	byte ptr cs:data_77e 
 020F  8A C5                    		mov	al,ch 
 0211  32 E4                    		xor	ah,ah			; Zero register 
 0213  03 F0                    		add	si,ax 
 0215  81 C7 2000               		add	di,2000h 
 0219  81 FF 4000               		cmp	di,4000h 
 021D  72 04                    		jb	loc_11			; Jump if below 
 021F  81 C7 C050               		add	di,0C050h 
 0223                           loc_11: 
 0223  FE C9                    		dec	cl 
 0225  75 9C                    		jnz	loc_9			; Jump if not zero 
 0227                           loc_12: 
 0227  5F                       		pop	di 
 0228  5E                       		pop	si 
 0229  59                       		pop	cx 
 022A  2E: FE 06 4AAB           		inc	byte ptr cs:data_78e 
 022F                           loc_13: 
 022F  2E: 80 3E FF1A 14        		cmp	byte ptr cs:data_91e,14h 
 0235  72 F8                    		jb	loc_13			; Jump if below 
 0237  4D                       		dec	bp 
 0238  74 03                    		jz	loc_ret_14		; Jump if zero 
 023A  E9 01B2 R                		jmp	loc_8 
                                 
 023D                           loc_ret_14: 
                                		retn 
 023D  C3                     1                 db     0C3h
                                sub_1		endp 
                                 
                                			                        ;* No entry point to code 
 023E  2E: F6 06 4AAD FF        		test	byte ptr cs:data_80e,0FFh 
 0244  74 1F                    		jz	loc_16			; Jump if zero 
 0246  56                       		push	si 
 0247  57                       		push	di 
 0248  51                       		push	cx 
 0249  8B D3                    		mov	dx,bx 
 024B  F7 D3                    		not	bx 
 024D  8A CD                    		mov	cl,ch 
 024F  32 ED                    		xor	ch,ch			; Zero register 
                                 
Microsoft (R) Macro Assembler  Version 4.00                 3/29/26 15:12:02

                                                            Page     1-10
                                                            

 0251                           locloop_15: 
 0251  26: 20 1D                		and	es:[di],bl 
 0254  AC                       		lodsb				; String [si] to al 
 0255  22 C2                    		and	al,dl 
 0257  26: 08 05                		or	es:[di],al 
 025A  47                       		inc	di 
 025B  86 F2                    		xchg	dh,dl 
 025D  86 FB                    		xchg	bh,bl 
 025F  E2 F0                    		loop	locloop_15		; Loop if cx > 0 
                                 
 0261  59                       		pop	cx 
 0262  5F                       		pop	di 
 0263  5E                       		pop	si 
                                		retn 
 0264  C3                     1                 db     0C3h
 0265                           loc_16: 
 0265  56                       		push	si 
 0266  57                       		push	di 
 0267  51                       		push	cx 
 0268  8A CD                    		mov	cl,ch 
 026A  32 ED                    		xor	ch,ch			; Zero register 
                                 
 026C                           locloop_17: 
 026C  AC                       		lodsb				; String [si] to al 
 026D  22 C3                    		and	al,bl 
 026F  26: 08 05                		or	es:[di],al 
 0272  47                       		inc	di 
 0273  86 FB                    		xchg	bh,bl 
 0275  E2 F5                    		loop	locloop_17		; Loop if cx > 0 
                                 
 0277  59                       		pop	cx 
 0278  5F                       		pop	di 
 0279  5E                       		pop	si 
                                		retn 
 027A  C3                     1                 db     0C3h
                                			                        ;* No entry point to code 
 027B  2E: F6 06 4AAD FF        		test	byte ptr cs:data_80e,0FFh 
 0281  74 E2                    		jz	loc_16			; Jump if zero 
 0283  56                       		push	si 
 0284  57                       		push	di 
 0285  51                       		push	cx 
 0286  8A CD                    		mov	cl,ch 
 0288  32 ED                    		xor	ch,ch			; Zero register 
                                 
 028A                           locloop_18: 
 028A  51                       		push	cx 
 028B  AC                       		lodsb				; String [si] to al 
 028C  8A E0                    		mov	ah,al 
 028E  B2 03                    		mov	dl,3 
 0290  B9 0004                  		mov	cx,4 
                                 
 0293                           locloop_19: 
 0293  84 E2                    		test	ah,dl 
 0295  74 02                    		jz	loc_20			; Jump if zero 
 0297  0A E2                    		or	ah,dl 
Microsoft (R) Macro Assembler  Version 4.00                 3/29/26 15:12:02

                                                            Page     1-11
                                                            

 0299                           loc_20: 
 0299  02 D2                    		add	dl,dl 
 029B  02 D2                    		add	dl,dl 
 029D  E2 F4                    		loop	locloop_19		; Loop if cx > 0 
                                 
 029F  22 E3                    		and	ah,bl 
 02A1  F6 D4                    		not	ah 
 02A3  26: 20 25                		and	es:[di],ah 
 02A6  22 C3                    		and	al,bl 
 02A8  26: 08 05                		or	es:[di],al 
 02AB  47                       		inc	di 
 02AC  86 FB                    		xchg	bh,bl 
 02AE  59                       		pop	cx 
 02AF  E2 D9                    		loop	locloop_18		; Loop if cx > 0 
                                 
 02B1  59                       		pop	cx 
 02B2  5F                       		pop	di 
 02B3  5E                       		pop	si 
                                		retn 
 02B4  C3                     1                 db     0C3h
                                			                        ;* No entry point to code 
 02B5  57                       		push	di 
 02B6  51                       		push	cx 
 02B7  F7 D3                    		not	bx 
 02B9  8A CD                    		mov	cl,ch 
 02BB  32 ED                    		xor	ch,ch			; Zero register 
                                 
 02BD                           locloop_21: 
 02BD  26: 20 1D                		and	es:[di],bl 
 02C0  47                       		inc	di 
 02C1  86 F2                    		xchg	dh,dl 
 02C3  86 FB                    		xchg	bh,bl 
 02C5  E2 F6                    		loop	locloop_21		; Loop if cx > 0 
                                 
 02C7  59                       		pop	cx 
 02C8  5F                       		pop	di 
                                		retn 
 02C9  C3                     1                 db     0C3h
 02CA  00 C0 00 0C C0 00        		db	 00h,0C0h, 00h, 0Ch,0C0h, 00h 
 02D0  0C 00 00 30 00 03        		db	 0Ch, 00h, 00h, 30h, 00h, 03h 
 02D6  30 00 03 00 03 00        		db	 30h, 00h, 03h, 00h, 03h, 00h 
 02DC  30 00 00 03 00 30        		db	 30h, 00h, 00h, 03h, 00h, 30h 
 02E2  0C 00 C0 00 00 0C        		db	 0Ch, 00h,0C0h, 00h, 00h, 0Ch 
 02E8  00 C0 0E 07 BF B4        		db	 00h,0C0h, 0Eh, 07h,0BFh,0B4h 
 02EE  4A 33 C0 B9 90 01        		db	 4Ah, 33h,0C0h,0B9h, 90h, 01h 
 02F4  F3 AB BF B4              		db	0F3h,0ABh,0BFh,0B4h 
 02F8  4A                       		db	4Ah 
 02F9                           loc_22: 
 02F9  AC                       		lodsb				; String [si] to al 
 02FA  3C FF                    		cmp	al,0FFh 
 02FC  75 01                    		jne	loc_23			; Jump if not equal 
                                		retn 
 02FE  C3                     1                 db     0C3h
 02FF                           loc_23: 
 02FF  2C 20                    		sub	al,20h			; ' ' 
Microsoft (R) Macro Assembler  Version 4.00                 3/29/26 15:12:02

                                                            Page     1-12
                                                            

 0301  73 01                    		jnc	loc_24			; Jump if carry=0 
                                		retn 
 0303  C3                     1                 db     0C3h
 0304                           loc_24: 
 0304  74 23                    		jz	loc_26			; Jump if zero 
 0306  56                       		push	si 
 0307  57                       		push	di 
 0308  32 E4                    		xor	ah,ah			; Zero register 
 030A  03 C0                    		add	ax,ax 
 030C  03 C0                    		add	ax,ax 
 030E  03 C0                    		add	ax,ax 
 0310  03 06 F500               		add	ax,ds:data_90e 
 0314  8B F0                    		mov	si,ax 
 0316  B9 0008                  		mov	cx,8 
                                 
 0319                           locloop_25: 
 0319  51                       		push	cx 
 031A  AC                       		lodsb				; String [si] to al 
 031B  E8 032E R                		call	sub_2 
 031E  26: 89 15                		mov	es:[di],dx 
 0321  83 C7 50                 		add	di,50h 
 0324  59                       		pop	cx 
 0325  E2 F2                    		loop	locloop_25		; Loop if cx > 0 
                                 
 0327  5F                       		pop	di 
 0328  5E                       		pop	si 
 0329                           loc_26: 
 0329  83 C7 02                 		add	di,2 
 032C  EB CB                    		jmp	short loc_22 
                                 
                                ;ﬂﬂﬂﬂﬂﬂﬂﬂﬂﬂﬂﬂﬂﬂﬂﬂﬂﬂﬂﬂﬂﬂﬂﬂﬂﬂﬂﬂﬂﬂﬂﬂﬂﬂﬂﬂﬂﬂﬂﬂﬂﬂﬂﬂﬂﬂﬂﬂﬂﬂﬂﬂﬂﬂﬂﬂﬂﬂﬂﬂﬂﬂﬂﬂﬂﬂﬂﬂﬂﬂﬂﬂﬂﬂ 
                                ;                              SUBROUTINE 
                                ;‹‹‹‹‹‹‹‹‹‹‹‹‹‹‹‹‹‹‹‹‹‹‹‹‹‹‹‹‹‹‹‹‹‹‹‹‹‹‹‹‹‹‹‹‹‹‹‹‹‹‹‹‹‹‹‹‹‹‹‹‹‹‹‹‹‹‹‹‹‹‹‹‹‹ 
                                 
 032E                           sub_2		proc	near 
 032E  B9 0008                  		mov	cx,8 
                                 
 0331                           locloop_27: 
 0331  02 C0                    		add	al,al 
 0333  13 DB                    		adc	bx,bx 
 0335  03 DB                    		add	bx,bx 
 0337  E2 F8                    		loop	locloop_27		; Loop if cx > 0 
                                 
 0339  8B D3                    		mov	dx,bx 
 033B  D1 EA                    		shr	dx,1			; Shift w/zeros fill 
 033D  0B D3                    		or	dx,bx 
 033F  86 F2                    		xchg	dh,dl 
                                		retn 
 0341  C3                     1                 db     0C3h
                                sub_2		endp 
                                 
                                			                        ;* No entry point to code 
 0342  1E                       		push	ds 
 0343  51                       		push	cx 
 0344  53                       		push	bx 
Microsoft (R) Macro Assembler  Version 4.00                 3/29/26 15:12:02

                                                            Page     1-13
                                                            

 0345  B2 50                    		mov	dl,50h			; 'P' 
 0347  F6 E2                    		mul	dl			; ax = reg * al 
 0349  05 4AB4                  		add	ax,4AB4h 
 034C  8B F0                    		mov	si,ax 
 034E  02 CB                    		add	cl,bl 
 0350  B0 50                    		mov	al,50h			; 'P' 
 0352  F6 E1                    		mul	cl			; ax = reg * al 
 0354  05 4000                  		add	ax,4000h 
 0357  50                       		push	ax 
 0358  56                       		push	si 
 0359  8C C8                    		mov	ax,cs 
 035B  05 2000                  		add	ax,2000h 
 035E  8E D8                    		mov	ds,ax 
 0360  1E                       		push	ds 
 0361  07                       		pop	es 
 0362  BF 4000                  		mov	di,data_99e 
 0365  BE 4050                  		mov	si,data_100e 
 0368  B9 1FD8                  		mov	cx,1FD8h 
 036B  F3/ A5                   		rep	movsw			; Rep when cx >0 Mov [si] to es:[di] 
 036D  5E                       		pop	si 
 036E  5F                       		pop	di 
 036F  0E                       		push	cs 
 0370  1F                       		pop	ds 
 0371  B9 0028                  		mov	cx,28h 
 0374  F3/ A5                   		rep	movsw			; Rep when cx >0 Mov [si] to es:[di] 
 0376  5B                       		pop	bx 
 0377  53                       		push	bx 
 0378  D0 EB                    		shr	bl,1			; Shift w/zeros fill 
 037A  1B FF                    		sbb	di,di 
 037C  81 E7 2000               		and	di,2000h 
 0380  B0 50                    		mov	al,50h			; 'P' 
 0382  F6 E3                    		mul	bl			; ax = reg * al 
 0384  03 F8                    		add	di,ax 
 0386  8A DF                    		mov	bl,bh 
 0388  32 FF                    		xor	bh,bh			; Zero register 
 038A  03 FB                    		add	di,bx 
 038C  5B                       		pop	bx 
 038D  B0 50                    		mov	al,50h			; 'P' 
 038F  F6 E3                    		mul	bl			; ax = reg * al 
 0391  8A DF                    		mov	bl,bh 
 0393  32 FF                    		xor	bh,bh			; Zero register 
 0395  03 C3                    		add	ax,bx 
 0397  8B F0                    		mov	si,ax 
 0399  83 C6 00                 		add	si,0 
 039C  8B E8                    		mov	bp,ax 
 039E  81 C5 4000               		add	bp,data_99e 
 03A2  8C C8                    		mov	ax,cs 
 03A4  05 2000                  		add	ax,2000h 
 03A7  8E D8                    		mov	ds,ax 
 03A9  B8 B800                  		mov	ax,0B800h 
 03AC  8E C0                    		mov	es,ax 
 03AE  59                       		pop	cx 
 03AF  33 DB                    		xor	bx,bx			; Zero register 
 03B1  8A DD                    		mov	bl,ch 
 03B3  32 ED                    		xor	ch,ch			; Zero register 
Microsoft (R) Macro Assembler  Version 4.00                 3/29/26 15:12:02

                                                            Page     1-14
                                                            

                                 
 03B5                           locloop_28: 
 03B5  51                       		push	cx 
 03B6  57                       		push	di 
 03B7  8B CB                    		mov	cx,bx 
 03B9  D1 E9                    		shr	cx,1			; Shift w/zeros fill 
                                 
 03BB                           locloop_29: 
 03BB  AD                       		lodsw				; String [si] to ax 
 03BC  3E: 0B 46 00             		or	ax,ds:[bp] 
 03C0  AB                       		stosw				; Store ax to es:[di] 
 03C1  45                       		inc	bp 
 03C2  45                       		inc	bp 
 03C3  E2 F6                    		loop	locloop_29		; Loop if cx > 0 
                                 
 03C5  5F                       		pop	di 
 03C6  81 C7 2000               		add	di,2000h 
 03CA  81 FF 4000               		cmp	di,4000h 
 03CE  72 04                    		jb	loc_30			; Jump if below 
 03D0  81 C7 C050               		add	di,0C050h 
 03D4                           loc_30: 
 03D4  59                       		pop	cx 
 03D5  E2 DE                    		loop	locloop_28		; Loop if cx > 0 
                                 
 03D7  1F                       		pop	ds 
                                		retn 
 03D8  C3                     1                 db     0C3h
 03D9                           loc_31: 
 03D9  1E                       		push	ds 
 03DA  50                       		push	ax 
 03DB  53                       		push	bx 
 03DC  51                       		push	cx 
 03DD  8A C5                    		mov	al,ch 
 03DF  F6 E1                    		mul	cl			; ax = reg * al 
 03E1  8B E8                    		mov	bp,ax 
 03E3  06                       		push	es 
 03E4  1F                       		pop	ds 
 03E5  8B F7                    		mov	si,di 
 03E7  8C C8                    		mov	ax,cs 
 03E9  05 3000                  		add	ax,3000h 
 03EC  8E C0                    		mov	es,ax 
 03EE  BF 0000                  		mov	di,0 
 03F1  2E: C7 06 4AA8 0000      		mov	word ptr cs:data_76e,0 
 03F8  8B CD                    		mov	cx,bp 
 03FA  D1 E9                    		shr	cx,1			; Shift w/zeros fill 
                                 
 03FC                           locloop_32: 
 03FC  03 ED                    		add	bp,bp 
 03FE  3E: 8B 02                		mov	ax,ds:[bp+si] 
 0401  2E: A3 4AA6              		mov	cs:data_75e,ax 
 0405  D1 ED                    		shr	bp,1			; Shift w/zeros fill 
 0407  3E: 8B 02                		mov	ax,ds:[bp+si] 
 040A  2E: A3 4AA4              		mov	cs:data_74e,ax 
 040E  AD                       		lodsw				; String [si] to ax 
 040F  2E: A3 4AA2              		mov	cs:data_73e,ax 
Microsoft (R) Macro Assembler  Version 4.00                 3/29/26 15:12:02

                                                            Page     1-15
                                                            

 0413  E8 1A03 R                		call	sub_18 
 0416  AB                       		stosw				; Store ax to es:[di] 
 0417  E2 E3                    		loop	locloop_32		; Loop if cx > 0 
                                 
 0419  59                       		pop	cx 
 041A  5B                       		pop	bx 
 041B  58                       		pop	ax 
 041C  1F                       		pop	ds 
 041D                           loc_33: 
 041D  1E                       		push	ds 
 041E  D0 EB                    		shr	bl,1			; Shift w/zeros fill 
 0420  1B FF                    		sbb	di,di 
 0422  81 E7 2000               		and	di,2000h 
 0426  B0 50                    		mov	al,50h			; 'P' 
 0428  F6 E3                    		mul	bl			; ax = reg * al 
 042A  03 F8                    		add	di,ax 
 042C  8A DF                    		mov	bl,bh 
 042E  32 FF                    		xor	bh,bh			; Zero register 
 0430  03 FB                    		add	di,bx 
 0432  BE 0000                  		mov	si,data_101e 
 0435  06                       		push	es 
 0436  1F                       		pop	ds 
 0437  B8 B800                  		mov	ax,0B800h 
 043A  8E C0                    		mov	es,ax 
 043C  33 DB                    		xor	bx,bx			; Zero register 
 043E  8A DD                    		mov	bl,ch 
 0440  32 ED                    		xor	ch,ch			; Zero register 
                                 
 0442                           locloop_34: 
 0442  51                       		push	cx 
 0443  57                       		push	di 
 0444  8B CB                    		mov	cx,bx 
 0446  F3/ A4                   		rep	movsb			; Rep when cx >0 Mov [si] to es:[di] 
 0448  5F                       		pop	di 
 0449  59                       		pop	cx 
 044A  81 C7 2000               		add	di,2000h 
 044E  81 FF 4000               		cmp	di,4000h 
 0452  72 04                    		jb	loc_35			; Jump if below 
 0454  81 C7 C050               		add	di,0C050h 
 0458                           loc_35: 
 0458  E2 E8                    		loop	locloop_34		; Loop if cx > 0 
                                 
 045A  1F                       		pop	ds 
                                		retn 
 045B  C3                     1                 db     0C3h
                                			                        ;* No entry point to code 
 045C  0E                       		push	cs 
 045D  07                       		pop	es 
 045E  BF A000                  		mov	di,data_88e 
 0461  33 D2                    		xor	dx,dx			; Zero register 
 0463  B9 0009                  		mov	cx,9 
                                 
 0466                           locloop_36: 
 0466  B0 01                    		mov	al,1 
 0468  AA                       		stosb				; Store al to es:[di] 
Microsoft (R) Macro Assembler  Version 4.00                 3/29/26 15:12:02

                                                            Page     1-16
                                                            

 0469  8B C2                    		mov	ax,dx 
 046B  AB                       		stosw				; Store ax to es:[di] 
 046C  A5                       		movsw				; Mov [si] to es:[di] 
 046D  AB                       		stosw				; Store ax to es:[di] 
 046E  B8 0101                  		mov	ax,101h 
 0471  AB                       		stosw				; Store ax to es:[di] 
 0472  A4                       		movsb				; Mov [si] to es:[di] 
 0473  A4                       		movsb				; Mov [si] to es:[di] 
 0474  32 C0                    		xor	al,al			; Zero register 
 0476  AA                       		stosb				; Store al to es:[di] 
 0477  AA                       		stosb				; Store al to es:[di] 
 0478  A4                       		movsb				; Mov [si] to es:[di] 
 0479  A4                       		movsb				; Mov [si] to es:[di] 
 047A  81 C2 00C0               		add	dx,0C0h 
 047E  E2 E6                    		loop	locloop_36		; Loop if cx > 0 
                                 
 0480  C6 06 FF1A 00            		mov	byte ptr ds:data_91e,0 
 0485                           loc_37: 
 0485  BE A000                  		mov	si,data_88e 
 0488  B9 0009                  		mov	cx,9 
 048B                           loc_38: 
 048B  51                       		push	cx 
 048C  F6 04 FF                 		test	byte ptr [si],0FFh 
 048F  74 79                    		jz	loc_40			; Jump if zero 
 0491  8A 44 0D                 		mov	al,[si+0Dh] 
 0494  3A 44 0E                 		cmp	al,[si+0Eh] 
 0497  74 0C                    		je	loc_39			; Jump if equal 
 0499  FE 44 0C                 		inc	byte ptr [si+0Ch] 
 049C  F6 44 0C 01              		test	byte ptr [si+0Ch],1 
 04A0  75 03                    		jnz	loc_39			; Jump if not zero 
 04A2  FE 44 0D                 		inc	byte ptr [si+0Dh] 
 04A5                           loc_39: 
 04A5  33 DB                    		xor	bx,bx			; Zero register 
 04A7  8A 5C 0D                 		mov	bl,[si+0Dh] 
 04AA  03 DB                    		add	bx,bx 
 04AC  03 DB                    		add	bx,bx 
 04AE  8B 8F 3637               		mov	cx,ds:data_67e[bx] 
 04B2  89 4C 07                 		mov	[si+7],cx 
 04B5  8A 44 04                 		mov	al,[si+4] 
 04B8  02 44 0A                 		add	al,[si+0Ah] 
 04BB  88 44 04                 		mov	[si+4],al 
 04BE  8A F0                    		mov	dh,al 
 04C0  8A 44 03                 		mov	al,[si+3] 
 04C3  02 44 09                 		add	al,[si+9] 
 04C6  88 44 03                 		mov	[si+3],al 
 04C9  8A D0                    		mov	dl,al 
 04CB  D0 E8                    		shr	al,1			; Shift w/zeros fill 
 04CD  1B FF                    		sbb	di,di 
 04CF  81 E7 2000               		and	di,2000h 
 04D3  32 E4                    		xor	ah,ah			; Zero register 
 04D5  03 C0                    		add	ax,ax 
 04D7  03 C0                    		add	ax,ax 
 04D9  03 C0                    		add	ax,ax 
 04DB  8B E8                    		mov	bp,ax 
 04DD  03 C0                    		add	ax,ax 
Microsoft (R) Macro Assembler  Version 4.00                 3/29/26 15:12:02

                                                            Page     1-17
                                                            

 04DF  03 C0                    		add	ax,ax 
 04E1  03 C5                    		add	ax,bp 
 04E3  03 C0                    		add	ax,ax 
 04E5  8A D6                    		mov	dl,dh 
 04E7  32 F6                    		xor	dh,dh			; Zero register 
 04E9  03 C2                    		add	ax,dx 
 04EB  89 44 05                 		mov	[si+5],ax 
 04EE  8B F8                    		mov	di,ax 
 04F0  8B 6C 01                 		mov	bp,[si+1] 
 04F3  1E                       		push	ds 
 04F4  56                       		push	si 
 04F5  B8 B800                  		mov	ax,0B800h 
 04F8  8E D8                    		mov	ds,ax 
 04FA  8C C8                    		mov	ax,cs 
 04FC  05 3000                  		add	ax,3000h 
 04FF  8E C0                    		mov	es,ax 
 0501  8B F7                    		mov	si,di 
 0503  8B FD                    		mov	di,bp 
 0505  E8 05AE R                		call	sub_3 
 0508  5E                       		pop	si 
 0509  1F                       		pop	ds 
 050A                           loc_40: 
 050A  59                       		pop	cx 
 050B  83 C6 0F                 		add	si,0Fh 
 050E  E2 02                    		loop	locloop_41		; Loop if cx > 0 
                                 
 0510  EB 03                    		jmp	short loc_42 
                                 
 0512                           locloop_41: 
 0512  E9 048B R                		jmp	loc_38 
 0515                           loc_42: 
 0515  BE A000                  		mov	si,data_88e 
 0518  B9 0009                  		mov	cx,9 
                                 
 051B                           locloop_43: 
 051B  51                       		push	cx 
 051C  2E: F6 04 FF             		test	byte ptr cs:[si],0FFh 
 0520  74 39                    		jz	loc_44			; Jump if zero 
 0522  33 DB                    		xor	bx,bx			; Zero register 
 0524  8A 5C 0D                 		mov	bl,[si+0Dh] 
 0527  03 DB                    		add	bx,bx 
 0529  03 DB                    		add	bx,bx 
 052B  8B AF 3635               		mov	bp,ds:data_66e[bx] 
 052F  8B 4C 07                 		mov	cx,[si+7] 
 0532  8A 14                    		mov	dl,[si] 
 0534  C6 04 00                 		mov	byte ptr [si],0 
 0537  8B 44 03                 		mov	ax,[si+3] 
 053A  80 FC 4B                 		cmp	ah,4Bh			; 'K' 
 053D  73 1C                    		jae	loc_44			; Jump if above or = 
 053F  3C A0                    		cmp	al,0A0h 
 0541  73 18                    		jae	loc_44			; Jump if above or = 
 0543  88 14                    		mov	[si],dl 
 0545  8B 7C 05                 		mov	di,[si+5] 
 0548  1E                       		push	ds 
 0549  56                       		push	si 
Microsoft (R) Macro Assembler  Version 4.00                 3/29/26 15:12:02

                                                            Page     1-18
                                                            

 054A  B8 B800                  		mov	ax,0B800h 
 054D  8E C0                    		mov	es,ax 
 054F  2E: 8E 1E FF2C           		mov	ds,cs:data_92e 
 0554  8B F5                    		mov	si,bp 
 0556  E8 05F0 R                		call	sub_5 
 0559  5E                       		pop	si 
 055A  1F                       		pop	ds 
 055B                           loc_44: 
 055B  59                       		pop	cx 
 055C  83 C6 0F                 		add	si,0Fh 
 055F  E2 BA                    		loop	locloop_43		; Loop if cx > 0 
                                 
 0561                           loc_45: 
 0561  2E: 80 3E FF1A 1E        		cmp	byte ptr cs:data_91e,1Eh 
 0567  72 F8                    		jb	loc_45			; Jump if below 
 0569  2E: C6 06 FF1A 00        		mov	byte ptr cs:data_91e,0 
 056F  BE A000                  		mov	si,data_88e 
 0572  B9 0009                  		mov	cx,9 
                                 
 0575                           locloop_46: 
 0575  51                       		push	cx 
 0576  8B 6C 01                 		mov	bp,[si+1] 
 0579  8B 7C 05                 		mov	di,[si+5] 
 057C  8B 4C 07                 		mov	cx,[si+7] 
 057F  1E                       		push	ds 
 0580  56                       		push	si 
 0581  B8 B800                  		mov	ax,0B800h 
 0584  8E C0                    		mov	es,ax 
 0586  8C C8                    		mov	ax,cs 
 0588  05 3000                  		add	ax,3000h 
 058B  8E D8                    		mov	ds,ax 
 058D  8B F5                    		mov	si,bp 
 058F  E8 05CF R                		call	sub_4 
 0592  5E                       		pop	si 
 0593  1F                       		pop	ds 
 0594  59                       		pop	cx 
 0595  83 C6 0F                 		add	si,0Fh 
 0598  E2 DB                    		loop	locloop_46		; Loop if cx > 0 
                                 
 059A  BE A000                  		mov	si,data_88e 
 059D  B9 0009                  		mov	cx,9 
                                 
 05A0                           locloop_47: 
 05A0  F6 04 FF                 		test	byte ptr [si],0FFh 
 05A3  74 03                    		jz	loc_48			; Jump if zero 
 05A5  E9 0485 R                		jmp	loc_37 
 05A8                           loc_48: 
 05A8  83 C6 0F                 		add	si,0Fh 
 05AB  E2 F3                    		loop	locloop_47		; Loop if cx > 0 
                                 
                                		retn 
 05AD  C3                     1                 db     0C3h
                                 
                                ;ﬂﬂﬂﬂﬂﬂﬂﬂﬂﬂﬂﬂﬂﬂﬂﬂﬂﬂﬂﬂﬂﬂﬂﬂﬂﬂﬂﬂﬂﬂﬂﬂﬂﬂﬂﬂﬂﬂﬂﬂﬂﬂﬂﬂﬂﬂﬂﬂﬂﬂﬂﬂﬂﬂﬂﬂﬂﬂﬂﬂﬂﬂﬂﬂﬂﬂﬂﬂﬂﬂﬂﬂﬂﬂ 
                                ;                              SUBROUTINE 
Microsoft (R) Macro Assembler  Version 4.00                 3/29/26 15:12:02

                                                            Page     1-19
                                                            

                                ;‹‹‹‹‹‹‹‹‹‹‹‹‹‹‹‹‹‹‹‹‹‹‹‹‹‹‹‹‹‹‹‹‹‹‹‹‹‹‹‹‹‹‹‹‹‹‹‹‹‹‹‹‹‹‹‹‹‹‹‹‹‹‹‹‹‹‹‹‹‹‹‹‹‹ 
                                 
 05AE                           sub_3		proc	near 
 05AE  56                       		push	si 
 05AF  51                       		push	cx 
 05B0                           loc_49: 
 05B0  56                       		push	si 
 05B1  51                       		push	cx 
 05B2  8A CD                    		mov	cl,ch 
 05B4  32 ED                    		xor	ch,ch			; Zero register 
 05B6  F3/ A4                   		rep	movsb			; Rep when cx >0 Mov [si] to es:[di] 
 05B8  59                       		pop	cx 
 05B9  5E                       		pop	si 
 05BA  81 C6 2000               		add	si,2000h 
 05BE  81 FE 4000               		cmp	si,4000h 
 05C2  72 04                    		jb	loc_50			; Jump if below 
 05C4  81 C6 C050               		add	si,0C050h 
 05C8                           loc_50: 
 05C8  FE C9                    		dec	cl 
 05CA  75 E4                    		jnz	loc_49			; Jump if not zero 
 05CC  59                       		pop	cx 
 05CD  5E                       		pop	si 
                                		retn 
 05CE  C3                     1                 db     0C3h
                                sub_3		endp 
                                 
                                 
                                ;ﬂﬂﬂﬂﬂﬂﬂﬂﬂﬂﬂﬂﬂﬂﬂﬂﬂﬂﬂﬂﬂﬂﬂﬂﬂﬂﬂﬂﬂﬂﬂﬂﬂﬂﬂﬂﬂﬂﬂﬂﬂﬂﬂﬂﬂﬂﬂﬂﬂﬂﬂﬂﬂﬂﬂﬂﬂﬂﬂﬂﬂﬂﬂﬂﬂﬂﬂﬂﬂﬂﬂﬂﬂﬂ 
                                ;                              SUBROUTINE 
                                ;‹‹‹‹‹‹‹‹‹‹‹‹‹‹‹‹‹‹‹‹‹‹‹‹‹‹‹‹‹‹‹‹‹‹‹‹‹‹‹‹‹‹‹‹‹‹‹‹‹‹‹‹‹‹‹‹‹‹‹‹‹‹‹‹‹‹‹‹‹‹‹‹‹‹ 
                                 
 05CF                           sub_4		proc	near 
 05CF  57                       		push	di 
 05D0  51                       		push	cx 
 05D1                           loc_51: 
 05D1  57                       		push	di 
 05D2  51                       		push	cx 
 05D3  8A CD                    		mov	cl,ch 
 05D5  32 ED                    		xor	ch,ch			; Zero register 
 05D7  F3/ A4                   		rep	movsb			; Rep when cx >0 Mov [si] to es:[di] 
 05D9  59                       		pop	cx 
 05DA  5F                       		pop	di 
 05DB  81 C7 2000               		add	di,2000h 
 05DF  81 FF 4000               		cmp	di,4000h 
 05E3  72 04                    		jb	loc_52			; Jump if below 
 05E5  81 C7 C050               		add	di,0C050h 
 05E9                           loc_52: 
 05E9  FE C9                    		dec	cl 
 05EB  75 E4                    		jnz	loc_51			; Jump if not zero 
 05ED  59                       		pop	cx 
 05EE  5F                       		pop	di 
                                		retn 
 05EF  C3                     1                 db     0C3h
                                sub_4		endp 
                                 
Microsoft (R) Macro Assembler  Version 4.00                 3/29/26 15:12:02

                                                            Page     1-20
                                                            

                                 
                                ;ﬂﬂﬂﬂﬂﬂﬂﬂﬂﬂﬂﬂﬂﬂﬂﬂﬂﬂﬂﬂﬂﬂﬂﬂﬂﬂﬂﬂﬂﬂﬂﬂﬂﬂﬂﬂﬂﬂﬂﬂﬂﬂﬂﬂﬂﬂﬂﬂﬂﬂﬂﬂﬂﬂﬂﬂﬂﬂﬂﬂﬂﬂﬂﬂﬂﬂﬂﬂﬂﬂﬂﬂﬂﬂ 
                                ;                              SUBROUTINE 
                                ;‹‹‹‹‹‹‹‹‹‹‹‹‹‹‹‹‹‹‹‹‹‹‹‹‹‹‹‹‹‹‹‹‹‹‹‹‹‹‹‹‹‹‹‹‹‹‹‹‹‹‹‹‹‹‹‹‹‹‹‹‹‹‹‹‹‹‹‹‹‹‹‹‹‹ 
                                 
 05F0                           sub_5		proc	near 
 05F0  57                       		push	di 
 05F1  51                       		push	cx 
 05F2  8A C5                    		mov	al,ch 
 05F4  F6 E1                    		mul	cl			; ax = reg * al 
 05F6  8B D8                    		mov	bx,ax 
 05F8  2E: C7 06 4AA8 0000      		mov	word ptr cs:data_76e,0 
 05FF  2E: C7 06 4AA6 0000      		mov	word ptr cs:data_75e,0 
 0606                           loc_53: 
 0606  57                       		push	di 
 0607  51                       		push	cx 
 0608  8A CD                    		mov	cl,ch 
 060A  32 ED                    		xor	ch,ch			; Zero register 
                                 
 060C                           locloop_54: 
 060C  32 E4                    		xor	ah,ah			; Zero register 
 060E  8A 00                    		mov	al,[bx+si] 
 0610  2E: A3 4AA4              		mov	cs:data_74e,ax 
 0614  AC                       		lodsb				; String [si] to al 
 0615  2E: A3 4AA2              		mov	cs:data_73e,ax 
 0619  53                       		push	bx 
 061A  E8 1A03 R                		call	sub_18 
 061D  5B                       		pop	bx 
 061E  26: 08 05                		or	es:[di],al 
 0621  47                       		inc	di 
 0622  E2 E8                    		loop	locloop_54		; Loop if cx > 0 
                                 
 0624  59                       		pop	cx 
 0625  5F                       		pop	di 
 0626  81 C7 2000               		add	di,2000h 
 062A  81 FF 4000               		cmp	di,4000h 
 062E  72 04                    		jb	loc_55			; Jump if below 
 0630  81 C7 C050               		add	di,0C050h 
 0634                           loc_55: 
 0634  FE C9                    		dec	cl 
 0636  75 CE                    		jnz	loc_53			; Jump if not zero 
 0638  59                       		pop	cx 
 0639  5F                       		pop	di 
                                		retn 
 063A  C3                     1                 db     0C3h
                                sub_5		endp 
                                 
 063B  00 90 20 06 80 91        		db	 00h, 90h, 20h, 06h, 80h, 91h 
 0641  20 06 00 93 20 06        		db	 20h, 06h, 00h, 93h, 20h, 06h 
 0647  80 94 20 06 00 96        		db	 80h, 94h, 20h, 06h, 00h, 96h 
 064D  18 04 C0 96 18 04        		db	 18h, 04h,0C0h, 96h, 18h, 04h 
 0653  80 97 18 04 40 98        		db	 80h, 97h, 18h, 04h, 40h, 98h 
 0659  18 04 1E 53 32 E4        		db	 18h, 04h, 1Eh, 53h, 32h,0E4h 
 065F  BA C0                    		db	0BAh,0C0h 
 0661  0C                       		db	0Ch 
Microsoft (R) Macro Assembler  Version 4.00                 3/29/26 15:12:02

                                                            Page     1-21
                                                            

 0662  E2F7                     data_8		dw	0E2F7h			; Data table (indexed access) 
 0664  05 40 AB 2E 8E 1E        		db	 05h, 40h,0ABh, 2Eh, 8Eh, 1Eh 
 066A  2C FF 8B F0 8C C8        		db	 2Ch,0FFh, 8Bh,0F0h, 8Ch,0C8h 
 0670  05 00 30 8E C0 BF        		db	 05h, 00h, 30h, 8Eh,0C0h,0BFh 
 0676  00 00 2E C7 06 A8        		db	 00h, 00h, 2Eh,0C7h, 06h,0A8h 
 067C  4A 00 00 2E C7 06        		db	 4Ah, 00h, 00h, 2Eh,0C7h, 06h 
 0682  A6 4A 00 00 B9 30        		db	0A6h, 4Ah, 00h, 00h,0B9h, 30h 
 0688  03                       		db	 03h 
                                 
 0689                           locloop_56: 
 0689  8B 84 0662 R             		mov	ax,data_8[si] 
 068D  2E: A3 4AA2              		mov	cs:data_73e,ax 
 0691  AD                       		lodsw				; String [si] to ax 
 0692  2E: A3 4AA4              		mov	cs:data_74e,ax 
 0696  E8 1A03 R                		call	sub_18 
 0699  AB                       		stosw				; Store ax to es:[di] 
 069A  E2 ED                    		loop	locloop_56		; Loop if cx > 0 
                                 
 069C  5B                       		pop	bx 
 069D  1F                       		pop	ds 
 069E  BF 0000                  		mov	di,0 
 06A1  B9 2230                  		mov	cx,2230h 
 06A4  E9 041D R                		jmp	loc_33 
                                			                        ;* No entry point to code 
 06A7  1E                       		push	ds 
 06A8  53                       		push	bx 
 06A9  32 E4                    		xor	ah,ah			; Zero register 
 06AB  BA 0480                  		mov	dx,480h 
 06AE  F7 E2                    		mul	dx			; dx:ax = reg * ax 
 06B0  05 97C0                  		add	ax,97C0h 
 06B3  2E: 8E 1E FF2C           		mov	ds,cs:data_92e 
 06B8  8B F0                    		mov	si,ax 
 06BA  8C C8                    		mov	ax,cs 
 06BC  05 3000                  		add	ax,3000h 
 06BF  8E C0                    		mov	es,ax 
 06C1  BF 0000                  		mov	di,0 
 06C4  2E: C7 06 4AA8 0000      		mov	word ptr cs:data_76e,0 
 06CB  2E: C7 06 4AA6 0000      		mov	word ptr cs:data_75e,0 
 06D2  B9 0120                  		mov	cx,120h 
                                 
 06D5                           locloop_57: 
 06D5  8B 84 0240               		mov	ax,ds:data_2e[si] 
 06D9  2E: A3 4AA4              		mov	cs:data_74e,ax 
 06DD  AD                       		lodsw				; String [si] to ax 
 06DE  2E: A3 4AA2              		mov	cs:data_73e,ax 
 06E2  E8 1A03 R                		call	sub_18 
 06E5  AB                       		stosw				; Store ax to es:[di] 
 06E6  E2 ED                    		loop	locloop_57		; Loop if cx > 0 
                                 
 06E8  5B                       		pop	bx 
 06E9  1F                       		pop	ds 
 06EA  BF 0000                  		mov	di,data_1e 
 06ED  B9 1220                  		mov	cx,1220h 
 06F0  E9 041D R                		jmp	loc_33 
 06F3  33 DB B9 19 00           		db	 33h,0DBh,0B9h, 19h, 00h 
Microsoft (R) Macro Assembler  Version 4.00                 3/29/26 15:12:02

                                                            Page     1-22
                                                            

                                 
 06F8                           locloop_58: 
 06F8  51                       		push	cx 
 06F9  B9 0022                  		mov	cx,22h 
                                 
 06FC                           locloop_59: 
 06FC  51                       		push	cx 
 06FD  AC                       		lodsb				; String [si] to al 
 06FE  53                       		push	bx 
 06FF  1E                       		push	ds 
 0700  56                       		push	si 
 0701  E8 0714 R                		call	sub_6 
 0704  5E                       		pop	si 
 0705  1F                       		pop	ds 
 0706  5B                       		pop	bx 
 0707  FE C7                    		inc	bh 
 0709  59                       		pop	cx 
 070A  E2 F0                    		loop	locloop_59		; Loop if cx > 0 
                                 
 070C  32 FF                    		xor	bh,bh			; Zero register 
 070E  FE C3                    		inc	bl 
 0710  59                       		pop	cx 
 0711  E2 E5                    		loop	locloop_58		; Loop if cx > 0 
                                 
                                		retn 
 0713  C3                     1                 db     0C3h
                                 
                                ;ﬂﬂﬂﬂﬂﬂﬂﬂﬂﬂﬂﬂﬂﬂﬂﬂﬂﬂﬂﬂﬂﬂﬂﬂﬂﬂﬂﬂﬂﬂﬂﬂﬂﬂﬂﬂﬂﬂﬂﬂﬂﬂﬂﬂﬂﬂﬂﬂﬂﬂﬂﬂﬂﬂﬂﬂﬂﬂﬂﬂﬂﬂﬂﬂﬂﬂﬂﬂﬂﬂﬂﬂﬂﬂ 
                                ;                              SUBROUTINE 
                                ;‹‹‹‹‹‹‹‹‹‹‹‹‹‹‹‹‹‹‹‹‹‹‹‹‹‹‹‹‹‹‹‹‹‹‹‹‹‹‹‹‹‹‹‹‹‹‹‹‹‹‹‹‹‹‹‹‹‹‹‹‹‹‹‹‹‹‹‹‹‹‹‹‹‹ 
                                 
 0714                           sub_6		proc	near 
 0714  2E: 8E 1E FF2C           		mov	ds,cs:data_92e 
 0719  8C CA                    		mov	dx,cs 
 071B  81 C2 2000               		add	dx,2000h 
 071F  8E C2                    		mov	es,dx 
 0721  32 E4                    		xor	ah,ah			; Zero register 
 0723                           loc_60: 
 0723  2C 28                    		sub	al,28h			; '(' 
 0725  72 04                    		jc	loc_61			; Jump if carry Set 
 0727  FE C4                    		inc	ah 
 0729  EB F8                    		jmp	short loc_60 
 072B                           loc_61: 
 072B  04 28                    		add	al,28h			; '(' 
 072D  8A C8                    		mov	cl,al 
 072F  8A C4                    		mov	al,ah 
 0731  32 E4                    		xor	ah,ah			; Zero register 
 0733  BA 0140                  		mov	dx,140h 
 0736  F7 E2                    		mul	dx			; dx:ax = reg * ax 
 0738  32 ED                    		xor	ch,ch			; Zero register 
 073A  03 C1                    		add	ax,cx 
 073C  05 4000                  		add	ax,4000h 
 073F  50                       		push	ax 
 0740  8B D3                    		mov	dx,bx 
 0742  32 F6                    		xor	dh,dh			; Zero register 
Microsoft (R) Macro Assembler  Version 4.00                 3/29/26 15:12:02

                                                            Page     1-23
                                                            

 0744  B8 0110                  		mov	ax,110h 
 0747  F7 E2                    		mul	dx			; dx:ax = reg * ax 
 0749  8A D7                    		mov	dl,bh 
 074B  32 F6                    		xor	dh,dh			; Zero register 
 074D  03 C2                    		add	ax,dx 
 074F  05 0000                  		add	ax,0 
 0752  8B F8                    		mov	di,ax 
 0754  5E                       		pop	si 
 0755  B9 0003                  		mov	cx,3 
                                 
 0758                           locloop_62: 
 0758  51                       		push	cx 
 0759  57                       		push	di 
 075A  56                       		push	si 
 075B  B9 0008                  		mov	cx,8 
                                 
 075E                           locloop_63: 
 075E  A4                       		movsb				; Mov [si] to es:[di] 
 075F  83 C7 21                 		add	di,21h 
 0762  83 C6 27                 		add	si,27h 
 0765  E2 F7                    		loop	locloop_63		; Loop if cx > 0 
                                 
 0767  5E                       		pop	si 
 0768  5F                       		pop	di 
 0769  81 C7 1A90               		add	di,1A90h 
 076D  81 C6 0640               		add	si,640h 
 0771  59                       		pop	cx 
 0772  E2 E4                    		loop	locloop_62		; Loop if cx > 0 
                                 
                                		retn 
 0774  C3                     1                 db     0C3h
                                sub_6		endp 
                                 
                                			                        ;* No entry point to code 
 0775  2E: C7 06 4AA8 0000      		mov	word ptr cs:data_76e,0 
 077C  1E                       		push	ds 
 077D  8C CA                    		mov	dx,cs 
 077F  8E C2                    		mov	es,dx 
 0781  81 C2 2000               		add	dx,2000h 
 0785  8E DA                    		mov	ds,dx 
 0787  50                       		push	ax 
 0788  B2 22                    		mov	dl,22h			; '"' 
 078A  F6 E2                    		mul	dl			; ax = reg * al 
 078C  05 0000                  		add	ax,0 
 078F  8B F0                    		mov	si,ax 
 0791  56                       		push	si 
 0792  BF 4DD4                  		mov	di,data_85e 
 0795  B9 0022                  		mov	cx,22h 
 0798  F3/ A4                   		rep	movsb			; Rep when cx >0 Mov [si] to es:[di] 
 079A  81 C6 1A6E               		add	si,data_97e 
 079E  B9 0022                  		mov	cx,22h 
 07A1  F3/ A4                   		rep	movsb			; Rep when cx >0 Mov [si] to es:[di] 
 07A3  BF 4DD4                  		mov	di,data_85e 
 07A6  B9 0044                  		mov	cx,44h 
                                 
Microsoft (R) Macro Assembler  Version 4.00                 3/29/26 15:12:02

                                                            Page     1-24
                                                            

 07A9                           locloop_64: 
 07A9  26: 8A 05                		mov	al,es:[di] 
 07AC  BA 0008                  		mov	dx,8 
 07AF                           loc_65: 
 07AF  D0 C8                    		ror	al,1			; Rotate 
 07B1  12 E4                    		adc	ah,ah 
 07B3  4A                       		dec	dx 
 07B4  75 F9                    		jnz	loc_65			; Jump if not zero 
 07B6  26: 88 25                		mov	es:[di],ah 
 07B9  47                       		inc	di 
 07BA  E2 ED                    		loop	locloop_64		; Loop if cx > 0 
                                 
 07BC  5E                       		pop	si 
 07BD  58                       		pop	ax 
 07BE  D0 E8                    		shr	al,1			; Shift w/zeros fill 
 07C0  1B FF                    		sbb	di,di 
 07C2  81 E7 2000               		and	di,2000h 
 07C6  B3 50                    		mov	bl,50h			; 'P' 
 07C8  F6 E3                    		mul	bl			; ax = reg * al 
 07CA  03 F8                    		add	di,ax 
 07CC  B8 B800                  		mov	ax,0B800h 
 07CF  8E C0                    		mov	es,ax 
 07D1  57                       		push	di 
 07D2  B9 0011                  		mov	cx,11h 
                                 
 07D5                           locloop_66: 
 07D5  AD                       		lodsw				; String [si] to ax 
 07D6  2E: A3 4AA4              		mov	cs:data_74e,ax 
 07DA  8B 84 1A8E               		mov	ax,ds:data_98e[si] 
 07DE  2E: A3 4AA6              		mov	cs:data_75e,ax 
 07E2  2E: A3 4AA2              		mov	cs:data_73e,ax 
 07E6  E8 1A03 R                		call	sub_18 
 07E9  26: 09 05                		or	es:[di],ax 
 07EC  47                       		inc	di 
 07ED  47                       		inc	di 
 07EE  E2 E5                    		loop	locloop_66		; Loop if cx > 0 
                                 
 07F0  5F                       		pop	di 
 07F1  83 C7 4E                 		add	di,4Eh 
 07F4  0E                       		push	cs 
 07F5  1F                       		pop	ds 
 07F6  BE 4DD4                  		mov	si,data_85e 
 07F9  B9 0011                  		mov	cx,11h 
                                 
 07FC                           locloop_67: 
 07FC  AD                       		lodsw				; String [si] to ax 
 07FD  86 E0                    		xchg	ah,al 
 07FF  2E: A3 4AA4              		mov	cs:data_74e,ax 
 0803  8B 44 20                 		mov	ax,[si+20h] 
 0806  86 E0                    		xchg	ah,al 
 0808  2E: A3 4AA6              		mov	cs:data_75e,ax 
 080C  2E: A3 4AA2              		mov	cs:data_73e,ax 
 0810  E8 1A03 R                		call	sub_18 
 0813  26: 09 05                		or	es:[di],ax 
 0816  4F                       		dec	di 
Microsoft (R) Macro Assembler  Version 4.00                 3/29/26 15:12:02

                                                            Page     1-25
                                                            

 0817  4F                       		dec	di 
 0818  E2 E2                    		loop	locloop_67		; Loop if cx > 0 
                                 
 081A  1F                       		pop	ds 
                                		retn 
 081B  C3                     1                 db     0C3h
                                			                        ;* No entry point to code 
 081C  8B D8                    		mov	bx,ax 
 081E  8A 87 3AFC               		mov	al,ds:data_70e[bx] 
 0822  A2 4AAB                  		mov	ds:data_78e,al 
 0825  B8 B800                  		mov	ax,0B800h 
 0828  8E C0                    		mov	es,ax 
 082A  BF 0284                  		mov	di,284h 
 082D  BE 3A05                  		mov	si,data_68e 
 0830                           loc_68: 
 0830  AC                       		lodsb				; String [si] to al 
 0831  0A C0                    		or	al,al			; Zero ? 
 0833  74 09                    		jz	loc_69			; Jump if zero 
 0835  E8 08E5 R                		call	sub_7 
 0838  81 C7 00A0               		add	di,0A0h 
 083C  EB F2                    		jmp	short loc_68 
 083E                           loc_69: 
 083E  81 C7 FF61               		add	di,data_95e 
 0842                           loc_70: 
 0842  AC                       		lodsb				; String [si] to al 
 0843  0A C0                    		or	al,al			; Zero ? 
 0845  74 06                    		jz	loc_71			; Jump if zero 
 0847  E8 08E5 R                		call	sub_7 
 084A  47                       		inc	di 
 084B  EB F5                    		jmp	short loc_70 
 084D                           loc_71: 
 084D  81 C7 FF5F               		add	di,data_93e 
 0851                           loc_72: 
 0851  AC                       		lodsb				; String [si] to al 
 0852  0A C0                    		or	al,al			; Zero ? 
 0854  74 09                    		jz	loc_73			; Jump if zero 
 0856  E8 08E5 R                		call	sub_7 
 0859  81 C7 FF60               		add	di,0FF60h 
 085D  EB F2                    		jmp	short loc_72 
 085F                           loc_73: 
 085F  81 C7 009F               		add	di,9Fh 
 0863                           loc_74: 
 0863  AC                       		lodsb				; String [si] to al 
 0864  0A C0                    		or	al,al			; Zero ? 
 0866  74 06                    		jz	loc_75			; Jump if zero 
 0868  E8 08E5 R                		call	sub_7 
 086B  4F                       		dec	di 
 086C  EB F5                    		jmp	short loc_74 
 086E                           loc_75: 
 086E  81 C7 00A1               		add	di,0A1h 
 0872  BE 3AC9                  		mov	si,data_69e 
 0875                           loc_76: 
 0875  2E: C6 06 FF1A 00        		mov	byte ptr cs:data_91e,0 
 087B  AC                       		lodsb				; String [si] to al 
 087C  0A C0                    		or	al,al			; Zero ? 
Microsoft (R) Macro Assembler  Version 4.00                 3/29/26 15:12:02

                                                            Page     1-26
                                                            

 087E  75 01                    		jnz	loc_77			; Jump if not zero 
                                		retn 
 0880  C3                     1                 db     0C3h
 0881                           loc_77: 
 0881  33 C9                    		xor	cx,cx			; Zero register 
 0883  8A C8                    		mov	cl,al 
                                 
 0885                           locloop_78: 
 0885  51                       		push	cx 
 0886  B0 18                    		mov	al,18h 
 0888  E8 08E5 R                		call	sub_7 
 088B  81 C7 00A0               		add	di,0A0h 
 088F  59                       		pop	cx 
 0890  E2 F3                    		loop	locloop_78		; Loop if cx > 0 
                                 
 0892  81 C7 FF60               		add	di,data_94e 
 0896  AC                       		lodsb				; String [si] to al 
 0897  0A C0                    		or	al,al			; Zero ? 
 0899  75 01                    		jnz	loc_79			; Jump if not zero 
                                		retn 
 089B  C3                     1                 db     0C3h
 089C                           loc_79: 
 089C  33 C9                    		xor	cx,cx			; Zero register 
 089E  8A C8                    		mov	cl,al 
                                 
 08A0                           locloop_80: 
 08A0  51                       		push	cx 
 08A1  B0 18                    		mov	al,18h 
 08A3  E8 08E5 R                		call	sub_7 
 08A6  47                       		inc	di 
 08A7  59                       		pop	cx 
 08A8  E2 F6                    		loop	locloop_80		; Loop if cx > 0 
                                 
 08AA  4F                       		dec	di 
 08AB  AC                       		lodsb				; String [si] to al 
 08AC  0A C0                    		or	al,al			; Zero ? 
 08AE  75 01                    		jnz	loc_81			; Jump if not zero 
                                		retn 
 08B0  C3                     1                 db     0C3h
 08B1                           loc_81: 
 08B1  33 C9                    		xor	cx,cx			; Zero register 
 08B3  8A C8                    		mov	cl,al 
                                 
 08B5                           locloop_82: 
 08B5  51                       		push	cx 
 08B6  B0 18                    		mov	al,18h 
 08B8  E8 08E5 R                		call	sub_7 
 08BB  81 C7 FF60               		add	di,0FF60h 
 08BF  59                       		pop	cx 
 08C0  E2 F3                    		loop	locloop_82		; Loop if cx > 0 
                                 
 08C2  81 C7 00A0               		add	di,0A0h 
 08C6  AC                       		lodsb				; String [si] to al 
 08C7  0A C0                    		or	al,al			; Zero ? 
 08C9  75 01                    		jnz	loc_83			; Jump if not zero 
Microsoft (R) Macro Assembler  Version 4.00                 3/29/26 15:12:02

                                                            Page     1-27
                                                            

                                		retn 
 08CB  C3                     1                 db     0C3h
 08CC                           loc_83: 
 08CC  33 C9                    		xor	cx,cx			; Zero register 
 08CE  8A C8                    		mov	cl,al 
                                 
 08D0                           locloop_84: 
 08D0  51                       		push	cx 
 08D1  B0 18                    		mov	al,18h 
 08D3  E8 08E5 R                		call	sub_7 
 08D6  4F                       		dec	di 
 08D7  59                       		pop	cx 
 08D8  E2 F6                    		loop	locloop_84		; Loop if cx > 0 
                                 
 08DA  47                       		inc	di 
 08DB                           loc_85: 
 08DB  2E: 80 3E FF1A 0C        		cmp	byte ptr cs:data_91e,0Ch 
 08E1  72 F8                    		jb	loc_85			; Jump if below 
 08E3  EB 90                    		jmp	short loc_76 
                                 
                                ;ﬂﬂﬂﬂﬂﬂﬂﬂﬂﬂﬂﬂﬂﬂﬂﬂﬂﬂﬂﬂﬂﬂﬂﬂﬂﬂﬂﬂﬂﬂﬂﬂﬂﬂﬂﬂﬂﬂﬂﬂﬂﬂﬂﬂﬂﬂﬂﬂﬂﬂﬂﬂﬂﬂﬂﬂﬂﬂﬂﬂﬂﬂﬂﬂﬂﬂﬂﬂﬂﬂﬂﬂﬂﬂ 
                                ;                              SUBROUTINE 
                                ;‹‹‹‹‹‹‹‹‹‹‹‹‹‹‹‹‹‹‹‹‹‹‹‹‹‹‹‹‹‹‹‹‹‹‹‹‹‹‹‹‹‹‹‹‹‹‹‹‹‹‹‹‹‹‹‹‹‹‹‹‹‹‹‹‹‹‹‹‹‹‹‹‹‹ 
                                 
 08E5                           sub_7		proc	near 
 08E5  56                       		push	si 
 08E6  57                       		push	di 
 08E7  FE C8                    		dec	al 
 08E9  32 E4                    		xor	ah,ah			; Zero register 
 08EB  03 C0                    		add	ax,ax 
 08ED  03 C0                    		add	ax,ax 
 08EF  03 C0                    		add	ax,ax 
 08F1  05 3945                  		add	ax,3945h 
 08F4  8B F0                    		mov	si,ax 
 08F6  AC                       		lodsb				; String [si] to al 
 08F7  2E: 22 06 4AAB           		and	al,cs:data_78e 
 08FC  0A 44 03                 		or	al,[si+3] 
 08FF  AA                       		stosb				; Store al to es:[di] 
 0900  81 C7 1FFF               		add	di,1FFFh 
 0904  81 FF 4000               		cmp	di,4000h 
 0908  72 04                    		jb	loc_86			; Jump if below 
 090A  81 C7 C050               		add	di,data_102e 
 090E                           loc_86: 
 090E  AC                       		lodsb				; String [si] to al 
 090F  2E: 22 06 4AAB           		and	al,cs:data_78e 
 0914  0A 44 03                 		or	al,[si+3] 
 0917  AA                       		stosb				; Store al to es:[di] 
 0918  81 C7 1FFF               		add	di,1FFFh 
 091C  81 FF 4000               		cmp	di,4000h 
 0920  72 04                    		jb	loc_87			; Jump if below 
 0922  81 C7 C050               		add	di,data_102e 
 0926                           loc_87: 
 0926  AC                       		lodsb				; String [si] to al 
 0927  2E: 22 06 4AAB           		and	al,cs:data_78e 
 092C  0A 44 03                 		or	al,[si+3] 
Microsoft (R) Macro Assembler  Version 4.00                 3/29/26 15:12:02

                                                            Page     1-28
                                                            

 092F  AA                       		stosb				; Store al to es:[di] 
 0930  81 C7 1FFF               		add	di,1FFFh 
 0934  81 FF 4000               		cmp	di,4000h 
 0938  72 04                    		jb	loc_88			; Jump if below 
 093A  81 C7 C050               		add	di,data_102e 
 093E                           loc_88: 
 093E  AC                       		lodsb				; String [si] to al 
 093F  2E: 22 06 4AAB           		and	al,cs:data_78e 
 0944  0A 44 03                 		or	al,[si+3] 
 0947  AA                       		stosb				; Store al to es:[di] 
 0948  5F                       		pop	di 
 0949  5E                       		pop	si 
                                		retn 
 094A  C3                     1                 db     0C3h
                                sub_7		endp 
                                 
 094B  00 00 00 03 80 80        		db	 00h, 00h, 00h, 03h, 80h, 80h 
 0951  8A 88 03 03 03 03        		db	 8Ah, 88h, 03h, 03h, 03h, 03h 
 0957  88 88 88 88 03 03        		db	 88h, 88h, 88h, 88h, 03h, 03h 
 095D  03 03 88 88 88 A8        		db	 03h, 03h, 88h, 88h, 88h,0A8h 
 0963  00 00 00 FF 00 00        		db	 00h, 00h, 00h,0FFh, 00h, 00h 
 0969  AA 00 00 00 00 FF        		db	0AAh, 00h, 00h, 00h, 00h,0FFh 
 096F  02 02 AA 00 00 00        		db	 02h, 02h,0AAh, 00h, 00h, 00h 
 0975  00 FF 80 80 AA 00        		db	 00h,0FFh, 80h, 80h,0AAh, 00h 
 097B  00 00 00 C0 02 02        		db	 00h, 00h, 00h,0C0h, 02h, 02h 
 0981  A2 22 C0 C0 C0 C0        		db	0A2h, 22h,0C0h,0C0h,0C0h,0C0h 
 0987  22 22 22 22 C0 C0        		db	 22h, 22h, 22h, 22h,0C0h,0C0h 
 098D  C0 C0 22 22 22 22        		db	0C0h,0C0h, 22h, 22h, 22h, 22h 
 0993  C0 C0 C0 C0 2A 02        		db	0C0h,0C0h,0C0h,0C0h, 2Ah, 02h 
 0999  02 02 03 03 03 03        		db	 02h, 02h, 03h, 03h, 03h, 03h 
 099F  A8 88 88 88 03 03        		db	0A8h, 88h, 88h, 88h, 03h, 03h 
 09A5  03 03 88 88 88 88        		db	 03h, 03h, 88h, 88h, 88h, 88h 
 09AB  03 00 00 00 88 8A        		db	 03h, 00h, 00h, 00h, 88h, 8Ah 
 09B1  80 80 FF 00 00 00        		db	 80h, 80h,0FFh, 00h, 00h, 00h 
 09B7  00 AA 00 00 FF 00        		db	 00h,0AAh, 00h, 00h,0FFh, 00h 
 09BD  00 00 00 AA 02 02        		db	 00h, 00h, 00h,0AAh, 02h, 02h 
 09C3  FF 00 00 00 00 AA        		db	0FFh, 00h, 00h, 00h, 00h,0AAh 
 09C9  80 80 C0 C0 C0 C0        		db	 80h, 80h,0C0h,0C0h,0C0h,0C0h 
 09CF  2A 22 22 22 C0 C0        		db	 2Ah, 22h, 22h, 22h,0C0h,0C0h 
 09D5  C0 C0 22 22 22 22        		db	0C0h,0C0h, 22h, 22h, 22h, 22h 
 09DB  C0 00 00 00 22 A2        		db	0C0h, 00h, 00h, 00h, 22h,0A2h 
 09E1  02 02 00 00 FF FF        		db	 02h, 02h, 00h, 00h,0FFh,0FFh 
 09E7  00 00 00 00 FF FF        		db	 00h, 00h, 00h, 00h,0FFh,0FFh 
 09ED  00 00 00 00 00 00        		db	 00h, 00h, 00h, 00h, 00h, 00h 
 09F3  03 03 03 03 80 80        		db	 03h, 03h, 03h, 03h, 80h, 80h 
 09F9  80 80 C0 C0 C0 C0        		db	 80h, 80h,0C0h,0C0h,0C0h,0C0h 
 09FF  02 02 02 02 FF FF        		db	 02h, 02h, 02h, 02h,0FFh,0FFh 
 0A05  FF FF 00 00 00 00        		db	0FFh,0FFh, 00h, 00h, 00h, 00h 
 0A0B  01 02 03                 		db	 01h, 02h, 03h 
 0A0E  0014[                    		db	20 dup (16h) 
            16                  
                         ]      
                                
 0A22  0B 0C 0D 00 0E 0F        		db	 0Bh, 0Ch, 0Dh, 00h, 0Eh, 0Fh 
 0A28  0042[                    		db	66 dup (15h) 
Microsoft (R) Macro Assembler  Version 4.00                 3/29/26 15:12:02

                                                            Page     1-29
                                                            

            15                  
                         ]      
                                
 0A6A  10 0E 13 00 12 11        		db	 10h, 0Eh, 13h, 00h, 12h, 11h 
 0A70  0013[                    		db	19 dup (17h) 
            17                  
                         ]      
                                
 0A83  0A 09 08 07 00 04        		db	 0Ah, 09h, 08h, 07h, 00h, 04h 
 0A89  06                       		db	 06h 
 0A8A  0042[                    		db	66 dup (14h) 
            14                  
                         ]      
                                
 0ACC  05 04 00 18 46 18        		db	 05h, 04h, 00h, 18h, 46h, 18h 
 0AD2  45 17 44 16 43 15        		db	 45h, 17h, 44h, 16h, 43h, 15h 
 0AD8  42 14 41 13 40 12        		db	 42h, 14h, 41h, 13h, 40h, 12h 
 0ADE  3F 11 3E 10 3D 0F        		db	 3Fh, 11h, 3Eh, 10h, 3Dh, 0Fh 
 0AE4  3C 0E 3B 0D 3A 0C        		db	 3Ch, 0Eh, 3Bh, 0Dh, 3Ah, 0Ch 
 0AEA  39 0B 38 0A 37 09        		db	 39h, 0Bh, 38h, 0Ah, 37h, 09h 
 0AF0  36 08 35 07 34 06        		db	 36h, 08h, 35h, 07h, 34h, 06h 
 0AF6  33 05 32 04 31 03        		db	 33h, 05h, 32h, 04h, 31h, 03h 
 0AFC  30 02 2F 01 2E 00        		db	 30h, 02h, 2Fh, 01h, 2Eh, 00h 
 0B02  00 AA 55 1E 2E A2        		db	 00h,0AAh, 55h, 1Eh, 2Eh,0A2h 
 0B08  AD 4A 53 51 8A C5        		db	0ADh, 4Ah, 53h, 51h, 8Ah,0C5h 
 0B0E  F6 E1 8B E8 06 1F        		db	0F6h,0E1h, 8Bh,0E8h, 06h, 1Fh 
 0B14  8B F7 8C C8 05 00        		db	 8Bh,0F7h, 8Ch,0C8h, 05h, 00h 
 0B1A  30 8E C0 BF 00 00        		db	 30h, 8Eh,0C0h,0BFh, 00h, 00h 
 0B20  2E C7 06 A8 4A 00        		db	 2Eh,0C7h, 06h,0A8h, 4Ah, 00h 
 0B26  00 2E C7 06 A2 4A        		db	 00h, 2Eh,0C7h, 06h,0A2h, 4Ah 
 0B2C  00 00 2E C7 06 A4        		db	 00h, 00h, 2Eh,0C7h, 06h,0A4h 
 0B32  4A 00 00 2E C7 06        		db	 4Ah, 00h, 00h, 2Eh,0C7h, 06h 
 0B38  A6 4A 00 00 8B CD        		db	0A6h, 4Ah, 00h, 00h, 8Bh,0CDh 
 0B3E  D1 E9                    		db	0D1h,0E9h 
                                 
 0B40                           locloop_89: 
 0B40  56                       		push	si 
 0B41  2E: F6 06 4AAD 01        		test	byte ptr cs:data_80e,1 
 0B47  74 08                    		jz	loc_90			; Jump if zero 
 0B49  8B 04                    		mov	ax,[si] 
 0B4B  2E: A3 4AA2              		mov	cs:data_73e,ax 
 0B4F  03 F5                    		add	si,bp 
 0B51                           loc_90: 
 0B51  2E: F6 06 4AAD 02        		test	byte ptr cs:data_80e,2 
 0B57  74 08                    		jz	loc_91			; Jump if zero 
 0B59  8B 04                    		mov	ax,[si] 
 0B5B  2E: A3 4AA4              		mov	cs:data_74e,ax 
 0B5F  03 F5                    		add	si,bp 
 0B61                           loc_91: 
 0B61  2E: F6 06 4AAD 04        		test	byte ptr cs:data_80e,4 
 0B67  74 06                    		jz	loc_92			; Jump if zero 
 0B69  8B 04                    		mov	ax,[si] 
 0B6B  2E: A3 4AA6              		mov	cs:data_75e,ax 
 0B6F                           loc_92: 
 0B6F  E8 1A03 R                		call	sub_18 
Microsoft (R) Macro Assembler  Version 4.00                 3/29/26 15:12:02

                                                            Page     1-30
                                                            

 0B72  AB                       		stosw				; Store ax to es:[di] 
 0B73  5E                       		pop	si 
 0B74  46                       		inc	si 
 0B75  46                       		inc	si 
 0B76  E2 C8                    		loop	locloop_89		; Loop if cx > 0 
                                 
 0B78  59                       		pop	cx 
 0B79  5B                       		pop	bx 
 0B7A  81 EB 0410               		sub	bx,410h 
 0B7E  2E: C6 06 4AAB 00        		mov	byte ptr cs:data_78e,0 
 0B84  2E: C6 06 4AAC 00        		mov	byte ptr cs:data_79e,0 
 0B8A  2E: 89 0E 4AAE           		mov	cs:data_81e,cx 
 0B8F  8C C8                    		mov	ax,cs 
 0B91  05 3000                  		add	ax,3000h 
 0B94  8E D8                    		mov	ds,ax 
 0B96  BE 0000                  		mov	si,data_101e 
 0B99  B8 B800                  		mov	ax,0B800h 
 0B9C  8E C0                    		mov	es,ax 
 0B9E  B9 0008                  		mov	cx,8 
                                 
 0BA1                           locloop_93: 
 0BA1  51                       		push	cx 
 0BA2  2E: A0 4AAC              		mov	al,cs:data_79e 
 0BA6  2E: A2 4AAB              		mov	cs:data_78e,al 
 0BAA  2E: C6 06 FF1A 00        		mov	byte ptr cs:data_91e,0 
 0BB0  B9 000D                  		mov	cx,0Dh 
                                 
 0BB3                           locloop_94: 
 0BB3  51                       		push	cx 
 0BB4  53                       		push	bx 
 0BB5  56                       		push	si 
 0BB6  E8 0BD6 R                		call	sub_8 
 0BB9  5E                       		pop	si 
 0BBA  5B                       		pop	bx 
 0BBB  59                       		pop	cx 
 0BBC  2E: 80 06 4AAB 08        		add	byte ptr cs:data_78e,8 
 0BC2  E2 EF                    		loop	locloop_94		; Loop if cx > 0 
                                 
 0BC4  59                       		pop	cx 
 0BC5                           loc_95: 
 0BC5  2E: 80 3E FF1A 14        		cmp	byte ptr cs:data_91e,14h 
 0BCB  72 F8                    		jb	loc_95			; Jump if below 
 0BCD  2E: FE 06 4AAC           		inc	byte ptr cs:data_79e 
 0BD2  E2 CD                    		loop	locloop_93		; Loop if cx > 0 
                                 
 0BD4  1F                       		pop	ds 
                                		retn 
 0BD5  C3                     1                 db     0C3h
                                 
                                ;ﬂﬂﬂﬂﬂﬂﬂﬂﬂﬂﬂﬂﬂﬂﬂﬂﬂﬂﬂﬂﬂﬂﬂﬂﬂﬂﬂﬂﬂﬂﬂﬂﬂﬂﬂﬂﬂﬂﬂﬂﬂﬂﬂﬂﬂﬂﬂﬂﬂﬂﬂﬂﬂﬂﬂﬂﬂﬂﬂﬂﬂﬂﬂﬂﬂﬂﬂﬂﬂﬂﬂﬂﬂﬂ 
                                ;                              SUBROUTINE 
                                ;‹‹‹‹‹‹‹‹‹‹‹‹‹‹‹‹‹‹‹‹‹‹‹‹‹‹‹‹‹‹‹‹‹‹‹‹‹‹‹‹‹‹‹‹‹‹‹‹‹‹‹‹‹‹‹‹‹‹‹‹‹‹‹‹‹‹‹‹‹‹‹‹‹‹ 
                                 
 0BD6                           sub_8		proc	near 
 0BD6  2E: A0 4AAB              		mov	al,cs:data_78e 
Microsoft (R) Macro Assembler  Version 4.00                 3/29/26 15:12:02

                                                            Page     1-31
                                                            

 0BDA  04 10                    		add	al,10h 
 0BDC  D0 E8                    		shr	al,1			; Shift w/zeros fill 
 0BDE  1B FF                    		sbb	di,di 
 0BE0  81 E7 2000               		and	di,2000h 
 0BE4  B2 50                    		mov	dl,50h			; 'P' 
 0BE6  F6 E2                    		mul	dl			; ax = reg * al 
 0BE8  05 0004                  		add	ax,4 
 0BEB  03 F8                    		add	di,ax 
 0BED  2E: 38 1E 4AAB           		cmp	cs:data_78e,bl 
 0BF2  72 4A                    		jb	loc_98			; Jump if below 
 0BF4  8A C3                    		mov	al,bl 
 0BF6  2E: 02 06 4AAE           		add	al,cs:data_81e 
 0BFB  2E: 38 06 4AAB           		cmp	cs:data_78e,al 
 0C00  73 3C                    		jae	loc_98			; Jump if above or = 
 0C02  2E: A0 4AAB              		mov	al,cs:data_78e 
 0C06  2A C3                    		sub	al,bl 
 0C08  2E: F6 26 4AAF           		mul	byte ptr cs:data_81e+1	; ax = data * al 
 0C0D  03 F0                    		add	si,ax 
 0C0F  2E: C6 06 4AAA 00        		mov	byte ptr cs:data_77e,0 
 0C15  B9 0048                  		mov	cx,48h 
                                 
 0C18                           locloop_96: 
 0C18  51                       		push	cx 
 0C19  26: C6 05 00             		mov	byte ptr es:[di],0 
 0C1D  2E: 38 3E 4AAA           		cmp	cs:data_77e,bh 
 0C22  72 10                    		jb	loc_97			; Jump if below 
 0C24  8A C7                    		mov	al,bh 
 0C26  2E: 02 06 4AAF           		add	al,byte ptr cs:data_81e+1 
 0C2B  2E: 38 06 4AAA           		cmp	cs:data_77e,al 
 0C30  73 02                    		jae	loc_97			; Jump if above or = 
 0C32  A4                       		movsb				; Mov [si] to es:[di] 
 0C33  4F                       		dec	di 
 0C34                           loc_97: 
 0C34  47                       		inc	di 
 0C35  2E: FE 06 4AAA           		inc	byte ptr cs:data_77e 
 0C3A  59                       		pop	cx 
 0C3B  E2 DB                    		loop	locloop_96		; Loop if cx > 0 
                                 
                                		retn 
 0C3D  C3                     1                 db     0C3h
 0C3E                           loc_98: 
 0C3E  B9 0024                  		mov	cx,24h 
 0C41  33 C0                    		xor	ax,ax			; Zero register 
 0C43  F3/ AB                   		rep	stosw			; Rep when cx >0 Store ax to es:[di] 
                                		retn 
 0C45  C3                     1                 db     0C3h
                                sub_8		endp 
                                 
                                			                        ;* No entry point to code 
 0C46  2E: 88 1E 4AAB           		mov	cs:data_78e,bl 
 0C4B  D0 EB                    		shr	bl,1			; Shift w/zeros fill 
 0C4D  1B FF                    		sbb	di,di 
 0C4F  81 E7 2000               		and	di,2000h 
 0C53  B0 50                    		mov	al,50h			; 'P' 
 0C55  F6 E3                    		mul	bl			; ax = reg * al 
Microsoft (R) Macro Assembler  Version 4.00                 3/29/26 15:12:02

                                                            Page     1-32
                                                            

 0C57  03 F8                    		add	di,ax 
 0C59  8A DF                    		mov	bl,bh 
 0C5B  32 FF                    		xor	bh,bh			; Zero register 
 0C5D  03 FB                    		add	di,bx 
 0C5F  B8 B800                  		mov	ax,0B800h 
 0C62  8E C0                    		mov	es,ax 
 0C64  8A DD                    		mov	bl,ch 
 0C66  32 FF                    		xor	bh,bh			; Zero register 
 0C68  32 ED                    		xor	ch,ch			; Zero register 
 0C6A  83 E9 05                 		sub	cx,5 
 0C6D  51                       		push	cx 
 0C6E  57                       		push	di 
 0C6F  E8 0CBF R                		call	sub_9 
 0C72  5F                       		pop	di 
 0C73  2E: FE 06 4AAB           		inc	byte ptr cs:data_78e 
 0C78  81 C7 2000               		add	di,2000h 
 0C7C  81 FF 4000               		cmp	di,4000h 
 0C80  72 04                    		jb	loc_99			; Jump if below 
 0C82  81 C7 C050               		add	di,data_89e 
 0C86                           loc_99: 
 0C86  B9 0002                  		mov	cx,2 
 0C89  E8 0CD5 R                		call	sub_10 
 0C8C  59                       		pop	cx 
                                 
 0C8D                           locloop_100: 
 0C8D  51                       		push	cx 
 0C8E  E8 0D0C R                		call	sub_11 
 0C91  26: 80 0D 30             		or	byte ptr es:[di],30h	; '0' 
 0C95  26: 80 25 F0             		and	byte ptr es:[di],0F0h 
 0C99  26: 80 49 FF 0C          		or	byte ptr es:[bx+di-1],0Ch 
 0C9E  26: 80 61 FF 0F          		and	byte ptr es:[bx+di-1],0Fh 
 0CA3  2E: FE 06 4AAB           		inc	byte ptr cs:data_78e 
 0CA8  81 C7 2000               		add	di,2000h 
 0CAC  81 FF 4000               		cmp	di,4000h 
 0CB0  72 04                    		jb	loc_101			; Jump if below 
 0CB2  81 C7 C050               		add	di,data_89e 
 0CB6                           loc_101: 
 0CB6  59                       		pop	cx 
 0CB7  E2 D4                    		loop	locloop_100		; Loop if cx > 0 
                                 
 0CB9  B9 0001                  		mov	cx,1 
 0CBC  E8 0CD5 R                		call	sub_10 
                                 
                                ;ﬂﬂﬂﬂﬂﬂﬂﬂﬂﬂﬂﬂﬂﬂﬂﬂﬂﬂﬂﬂﬂﬂﬂﬂﬂﬂﬂﬂﬂﬂﬂﬂﬂﬂﬂﬂﬂﬂﬂﬂﬂﬂﬂﬂﬂﬂﬂﬂﬂﬂﬂﬂﬂﬂﬂﬂﬂﬂﬂﬂﬂﬂﬂﬂﬂﬂﬂﬂﬂﬂﬂﬂﬂﬂ 
                                ;                              SUBROUTINE 
                                ;‹‹‹‹‹‹‹‹‹‹‹‹‹‹‹‹‹‹‹‹‹‹‹‹‹‹‹‹‹‹‹‹‹‹‹‹‹‹‹‹‹‹‹‹‹‹‹‹‹‹‹‹‹‹‹‹‹‹‹‹‹‹‹‹‹‹‹‹‹‹‹‹‹‹ 
                                 
 0CBF                           sub_9		proc	near 
 0CBF  E8 0D0C R                		call	sub_11 
 0CC2  26: 80 0D 3F             		or	byte ptr es:[di],3Fh	; '?' 
 0CC6  47                       		inc	di 
 0CC7  8B CB                    		mov	cx,bx 
 0CC9  83 E9 02                 		sub	cx,2 
 0CCC  B0 FF                    		mov	al,0FFh 
 0CCE  F3/ AA                   		rep	stosb			; Rep when cx >0 Store al to es:[di] 
Microsoft (R) Macro Assembler  Version 4.00                 3/29/26 15:12:02

                                                            Page     1-33
                                                            

 0CD0  26: 80 0D FC             		or	byte ptr es:[di],0FCh 
                                		retn 
 0CD4  C3                     1                 db     0C3h
                                sub_9		endp 
                                 
                                 
                                ;ﬂﬂﬂﬂﬂﬂﬂﬂﬂﬂﬂﬂﬂﬂﬂﬂﬂﬂﬂﬂﬂﬂﬂﬂﬂﬂﬂﬂﬂﬂﬂﬂﬂﬂﬂﬂﬂﬂﬂﬂﬂﬂﬂﬂﬂﬂﬂﬂﬂﬂﬂﬂﬂﬂﬂﬂﬂﬂﬂﬂﬂﬂﬂﬂﬂﬂﬂﬂﬂﬂﬂﬂﬂﬂ 
                                ;                              SUBROUTINE 
                                ;‹‹‹‹‹‹‹‹‹‹‹‹‹‹‹‹‹‹‹‹‹‹‹‹‹‹‹‹‹‹‹‹‹‹‹‹‹‹‹‹‹‹‹‹‹‹‹‹‹‹‹‹‹‹‹‹‹‹‹‹‹‹‹‹‹‹‹‹‹‹‹‹‹‹ 
                                 
 0CD5                           sub_10		proc	near 
                                 
 0CD5                           locloop_102: 
 0CD5  51                       		push	cx 
 0CD6  57                       		push	di 
 0CD7  E8 0D0C R                		call	sub_11 
 0CDA  26: 80 0D 30             		or	byte ptr es:[di],30h	; '0' 
 0CDE  26: 80 25 F0             		and	byte ptr es:[di],0F0h 
 0CE2  47                       		inc	di 
 0CE3  8B CB                    		mov	cx,bx 
 0CE5  83 E9 02                 		sub	cx,2 
 0CE8  32 C0                    		xor	al,al			; Zero register 
 0CEA  F3/ AA                   		rep	stosb			; Rep when cx >0 Store al to es:[di] 
 0CEC  26: 80 0D 0C             		or	byte ptr es:[di],0Ch 
 0CF0  26: 80 25 0F             		and	byte ptr es:[di],0Fh 
 0CF4  5F                       		pop	di 
 0CF5  2E: FE 06 4AAB           		inc	byte ptr cs:data_78e 
 0CFA  81 C7 2000               		add	di,2000h 
 0CFE  81 FF 4000               		cmp	di,4000h 
 0D02  72 04                    		jb	loc_103			; Jump if below 
 0D04  81 C7 C050               		add	di,0C050h 
 0D08                           loc_103: 
 0D08  59                       		pop	cx 
 0D09  E2 CA                    		loop	locloop_102		; Loop if cx > 0 
                                 
                                		retn 
 0D0B  C3                     1                 db     0C3h
                                sub_10		endp 
                                 
                                 
                                ;ﬂﬂﬂﬂﬂﬂﬂﬂﬂﬂﬂﬂﬂﬂﬂﬂﬂﬂﬂﬂﬂﬂﬂﬂﬂﬂﬂﬂﬂﬂﬂﬂﬂﬂﬂﬂﬂﬂﬂﬂﬂﬂﬂﬂﬂﬂﬂﬂﬂﬂﬂﬂﬂﬂﬂﬂﬂﬂﬂﬂﬂﬂﬂﬂﬂﬂﬂﬂﬂﬂﬂﬂﬂﬂ 
                                ;                              SUBROUTINE 
                                ;‹‹‹‹‹‹‹‹‹‹‹‹‹‹‹‹‹‹‹‹‹‹‹‹‹‹‹‹‹‹‹‹‹‹‹‹‹‹‹‹‹‹‹‹‹‹‹‹‹‹‹‹‹‹‹‹‹‹‹‹‹‹‹‹‹‹‹‹‹‹‹‹‹‹ 
                                 
 0D0C                           sub_11		proc	near 
 0D0C  26: C7 45 FF 0000        		mov	word ptr es:[di-1],0 
                                		retn 
 0D12  C3                     1                 db     0C3h
                                sub_11		endp 
                                 
                                			                        ;* No entry point to code 
 0D13  53                       		push	bx 
 0D14  06                       		push	es 
 0D15  57                       		push	di 
 0D16  B9 1028                  		mov	cx,1028h 
Microsoft (R) Macro Assembler  Version 4.00                 3/29/26 15:12:02

                                                            Page     1-34
                                                            

                                 
 0D19                           locloop_104: 
 0D19  26: 8A 05                		mov	al,es:[di] 
 0D1C  26: 22 85 102A R         		and	al,es:data_15[di] 
 0D21  26: 8A A5 2050           		mov	ah,es:data_61e[di] 
 0D26  F6 D4                    		not	ah 
 0D28  22 C4                    		and	al,ah 
 0D2A  F6 D0                    		not	al 
 0D2C  26: 20 05                		and	es:[di],al 
 0D2F  26: 20 85 102A R         		and	es:data_15[di],al 
 0D34  26: 20 85 2050           		and	es:data_61e[di],al 
 0D39  26: 8A 85 2050           		mov	al,es:data_61e[di] 
 0D3E  26: 8A 25                		mov	ah,es:[di] 
 0D41  F6 D4                    		not	ah 
 0D43  22 C4                    		and	al,ah 
 0D45  26: 8A A5 102A R         		mov	ah,es:data_15[di] 
 0D4A  F6 D4                    		not	ah 
 0D4C  22 C4                    		and	al,ah 
 0D4E  26: 08 05                		or	es:[di],al 
 0D51  26: 08 85 102A R         		or	es:data_15[di],al 
 0D56  F6 D0                    		not	al 
 0D58  26: 20 85 2050           		and	es:data_61e[di],al 
 0D5D  47                       		inc	di 
 0D5E  E2 B9                    		loop	locloop_104		; Loop if cx > 0 
                                 
 0D60  5F                       		pop	di 
 0D61  07                       		pop	es 
 0D62  5B                       		pop	bx 
 0D63  B9 2F58                  		mov	cx,2F58h 
 0D66  E9 03D9 R                		jmp	loc_31 
                                			                        ;* No entry point to code 
 0D69  1E                       		push	ds 
 0D6A  89 3E 4AB0               		mov	ds:data_83e,di 
 0D6E  8C 06 4AB2               		mov	ds:data_84e,es 
 0D72  BF 069A                  		mov	di,69Ah 
 0D75  03 3E 4AB0               		add	di,ds:data_83e 
 0D79  E8 0EB4 R                		call	sub_14 
 0D7C  BF 06BC                  		mov	di,6BCh 
 0D7F  03 3E 4AB0               		add	di,ds:data_83e 
 0D83  E8 0EB4 R                		call	sub_14 
 0D86  B8 B800                  		mov	ax,0B800h 
 0D89  8E C0                    		mov	es,ax 
 0D8B  2E: 8E 1E 4AB2           		mov	ds,cs:data_84e 
 0D90  B9 0044                  		mov	cx,44h 
 0D93                           loc_105: 
 0D93  51                       		push	cx 
 0D94  2E: C6 06 FF1A 00        		mov	byte ptr cs:data_91e,0 
 0D9A  B8 0044                  		mov	ax,44h 
 0D9D  2B C1                    		sub	ax,cx 
 0D9F  03 C0                    		add	ax,ax 
 0DA1  50                       		push	ax 
 0DA2  8A D8                    		mov	bl,al 
 0DA4  B0 50                    		mov	al,50h			; 'P' 
 0DA6  F6 E3                    		mul	bl			; ax = reg * al 
 0DA8  50                       		push	ax 
Microsoft (R) Macro Assembler  Version 4.00                 3/29/26 15:12:02

                                                            Page     1-35
                                                            

 0DA9  D0 EB                    		shr	bl,1			; Shift w/zeros fill 
 0DAB  1B FF                    		sbb	di,di 
 0DAD  81 E7 2000               		and	di,2000h 
 0DB1  B0 50                    		mov	al,50h			; 'P' 
 0DB3  F6 E3                    		mul	bl			; ax = reg * al 
 0DB5  03 F8                    		add	di,ax 
 0DB7  58                       		pop	ax 
 0DB8  2E: 03 06 4AB0           		add	ax,cs:data_83e 
 0DBD  8B F0                    		mov	si,ax 
 0DBF  58                       		pop	ax 
 0DC0  3D 0016                  		cmp	ax,16h 
 0DC3  72 0A                    		jb	loc_106			; Jump if below 
 0DC5  3D 0071                  		cmp	ax,71h 
 0DC8  73 05                    		jae	loc_106			; Jump if above or = 
 0DCA  E8 0E42 R                		call	sub_13 
 0DCD  EB 03                    		jmp	short loc_107 
 0DCF                           loc_106: 
 0DCF  E8 0E1C R                		call	sub_12 
 0DD2                           loc_107: 
 0DD2  59                       		pop	cx 
 0DD3  51                       		push	cx 
 0DD4  8B C1                    		mov	ax,cx 
 0DD6  03 C0                    		add	ax,ax 
 0DD8  48                       		dec	ax 
 0DD9  50                       		push	ax 
 0DDA  8A D8                    		mov	bl,al 
 0DDC  B0 50                    		mov	al,50h			; 'P' 
 0DDE  F6 E3                    		mul	bl			; ax = reg * al 
 0DE0  50                       		push	ax 
 0DE1  D0 EB                    		shr	bl,1			; Shift w/zeros fill 
 0DE3  1B FF                    		sbb	di,di 
 0DE5  81 E7 2000               		and	di,2000h 
 0DE9  B0 50                    		mov	al,50h			; 'P' 
 0DEB  F6 E3                    		mul	bl			; ax = reg * al 
 0DED  03 F8                    		add	di,ax 
 0DEF  58                       		pop	ax 
 0DF0  2E: 03 06 4AB0           		add	ax,cs:data_83e 
 0DF5  8B F0                    		mov	si,ax 
 0DF7  58                       		pop	ax 
 0DF8  3D 0016                  		cmp	ax,16h 
 0DFB  72 0A                    		jb	loc_108			; Jump if below 
 0DFD  3D 0071                  		cmp	ax,71h 
 0E00  73 05                    		jae	loc_108			; Jump if above or = 
 0E02  E8 0E42 R                		call	sub_13 
 0E05  EB 03                    		jmp	short loc_109 
 0E07                           loc_108: 
 0E07  E8 0E1C R                		call	sub_12 
 0E0A                           loc_109: 
 0E0A  2E: 80 3E FF1A 04        		cmp	byte ptr cs:data_91e,4 
 0E10  72 F8                    		jb	loc_109			; Jump if below 
 0E12  59                       		pop	cx 
 0E13  E2 02                    		loop	locloop_110		; Loop if cx > 0 
                                 
 0E15  EB 03                    		jmp	short loc_111 
                                 
Microsoft (R) Macro Assembler  Version 4.00                 3/29/26 15:12:02

                                                            Page     1-36
                                                            

 0E17                           locloop_110: 
 0E17  E9 0D93 R                		jmp	loc_105 
 0E1A                           loc_111: 
 0E1A  1F                       		pop	ds 
                                		retn 
 0E1B  C3                     1                 db     0C3h
                                 
                                ;ﬂﬂﬂﬂﬂﬂﬂﬂﬂﬂﬂﬂﬂﬂﬂﬂﬂﬂﬂﬂﬂﬂﬂﬂﬂﬂﬂﬂﬂﬂﬂﬂﬂﬂﬂﬂﬂﬂﬂﬂﬂﬂﬂﬂﬂﬂﬂﬂﬂﬂﬂﬂﬂﬂﬂﬂﬂﬂﬂﬂﬂﬂﬂﬂﬂﬂﬂﬂﬂﬂﬂﬂﬂﬂ 
                                ;                              SUBROUTINE 
                                ;‹‹‹‹‹‹‹‹‹‹‹‹‹‹‹‹‹‹‹‹‹‹‹‹‹‹‹‹‹‹‹‹‹‹‹‹‹‹‹‹‹‹‹‹‹‹‹‹‹‹‹‹‹‹‹‹‹‹‹‹‹‹‹‹‹‹‹‹‹‹‹‹‹‹ 
                                 
 0E1C                           sub_12		proc	near 
 0E1C  B9 0028                  		mov	cx,28h 
 0E1F  2E: C7 06 4AA8 0000      		mov	word ptr cs:data_76e,0 
                                 
 0E26                           locloop_112: 
 0E26  8B 84 5500               		mov	ax,ds:data_86e[si] 
 0E2A  2E: A3 4AA6              		mov	cs:data_75e,ax 
 0E2E  8B 84 2A80               		mov	ax,ds:data_63e[si] 
 0E32  2E: A3 4AA4              		mov	cs:data_74e,ax 
 0E36  AD                       		lodsw				; String [si] to ax 
 0E37  2E: A3 4AA2              		mov	cs:data_73e,ax 
 0E3B  E8 1A03 R                		call	sub_18 
 0E3E  AB                       		stosw				; Store ax to es:[di] 
 0E3F  E2 E5                    		loop	locloop_112		; Loop if cx > 0 
                                 
                                		retn 
 0E41  C3                     1                 db     0C3h
                                sub_12		endp 
                                 
                                 
                                ;ﬂﬂﬂﬂﬂﬂﬂﬂﬂﬂﬂﬂﬂﬂﬂﬂﬂﬂﬂﬂﬂﬂﬂﬂﬂﬂﬂﬂﬂﬂﬂﬂﬂﬂﬂﬂﬂﬂﬂﬂﬂﬂﬂﬂﬂﬂﬂﬂﬂﬂﬂﬂﬂﬂﬂﬂﬂﬂﬂﬂﬂﬂﬂﬂﬂﬂﬂﬂﬂﬂﬂﬂﬂﬂ 
                                ;                              SUBROUTINE 
                                ;‹‹‹‹‹‹‹‹‹‹‹‹‹‹‹‹‹‹‹‹‹‹‹‹‹‹‹‹‹‹‹‹‹‹‹‹‹‹‹‹‹‹‹‹‹‹‹‹‹‹‹‹‹‹‹‹‹‹‹‹‹‹‹‹‹‹‹‹‹‹‹‹‹‹ 
                                 
 0E42                           sub_13		proc	near 
 0E42  B9 000B                  		mov	cx,0Bh 
 0E45  2E: C7 06 4AA8 0000      		mov	word ptr cs:data_76e,0 
                                 
 0E4C                           locloop_113: 
 0E4C  32 E4                    		xor	ah,ah			; Zero register 
 0E4E  8A 84 5500               		mov	al,ds:data_86e[si] 
 0E52  2E: A3 4AA6              		mov	cs:data_75e,ax 
 0E56  8A 84 2A80               		mov	al,ds:data_63e[si] 
 0E5A  2E: A3 4AA4              		mov	cs:data_74e,ax 
 0E5E  AC                       		lodsb				; String [si] to al 
 0E5F  2E: A3 4AA2              		mov	cs:data_73e,ax 
 0E63  E8 1A03 R                		call	sub_18 
 0E66  AA                       		stosb				; Store al to es:[di] 
 0E67  E2 E3                    		loop	locloop_113		; Loop if cx > 0 
                                 
 0E69  83 C6 18                 		add	si,18h 
 0E6C  83 C7 18                 		add	di,18h 
 0E6F  B9 0005                  		mov	cx,5 
                                 
Microsoft (R) Macro Assembler  Version 4.00                 3/29/26 15:12:02

                                                            Page     1-37
                                                            

 0E72                           locloop_114: 
 0E72  8B 84 5500               		mov	ax,ds:data_86e[si] 
 0E76  2E: A3 4AA6              		mov	cs:data_75e,ax 
 0E7A  8B 84 2A80               		mov	ax,ds:data_63e[si] 
 0E7E  2E: A3 4AA4              		mov	cs:data_74e,ax 
 0E82  AD                       		lodsw				; String [si] to ax 
 0E83  2E: A3 4AA2              		mov	cs:data_73e,ax 
 0E87  E8 1A03 R                		call	sub_18 
 0E8A  AB                       		stosw				; Store ax to es:[di] 
 0E8B  E2 E5                    		loop	locloop_114		; Loop if cx > 0 
                                 
 0E8D  83 C6 18                 		add	si,18h 
 0E90  83 C7 18                 		add	di,18h 
 0E93  B9 000B                  		mov	cx,0Bh 
                                 
 0E96                           locloop_115: 
 0E96  32 E4                    		xor	ah,ah			; Zero register 
 0E98  8A 84 5500               		mov	al,ds:data_86e[si] 
 0E9C  2E: A3 4AA6              		mov	cs:data_75e,ax 
 0EA0  8A 84 2A80               		mov	al,ds:data_63e[si] 
 0EA4  2E: A3 4AA4              		mov	cs:data_74e,ax 
 0EA8  AC                       		lodsb				; String [si] to al 
 0EA9  2E: A3 4AA2              		mov	cs:data_73e,ax 
 0EAD  E8 1A03 R                		call	sub_18 
 0EB0  AA                       		stosb				; Store al to es:[di] 
 0EB1  E2 E3                    		loop	locloop_115		; Loop if cx > 0 
                                 
                                		retn 
 0EB3  C3                     1                 db     0C3h
                                sub_13		endp 
                                 
                                 
                                ;ﬂﬂﬂﬂﬂﬂﬂﬂﬂﬂﬂﬂﬂﬂﬂﬂﬂﬂﬂﬂﬂﬂﬂﬂﬂﬂﬂﬂﬂﬂﬂﬂﬂﬂﬂﬂﬂﬂﬂﬂﬂﬂﬂﬂﬂﬂﬂﬂﬂﬂﬂﬂﬂﬂﬂﬂﬂﬂﬂﬂﬂﬂﬂﬂﬂﬂﬂﬂﬂﬂﬂﬂﬂﬂ 
                                ;                              SUBROUTINE 
                                ;‹‹‹‹‹‹‹‹‹‹‹‹‹‹‹‹‹‹‹‹‹‹‹‹‹‹‹‹‹‹‹‹‹‹‹‹‹‹‹‹‹‹‹‹‹‹‹‹‹‹‹‹‹‹‹‹‹‹‹‹‹‹‹‹‹‹‹‹‹‹‹‹‹‹ 
                                 
 0EB4                           sub_14		proc	near 
 0EB4  57                       		push	di 
 0EB5  B8 FC3F                  		mov	ax,0FC3Fh 
 0EB8  E8 0F39 R                		call	sub_15 
 0EBB  83 C7 36                 		add	di,36h 
 0EBE  B9 005B                  		mov	cx,5Bh 
                                 
 0EC1                           locloop_116: 
 0EC1  26: C6 05 30             		mov	byte ptr es:[di],30h	; '0' 
 0EC5  26: C6 45 19 0C          		mov	byte ptr es:[di+19h],0Ch 
 0ECA  83 C7 50                 		add	di,50h 
 0ECD  E2 F2                    		loop	locloop_116		; Loop if cx > 0 
                                 
 0ECF  B8 FC3F                  		mov	ax,0FC3Fh 
 0ED2  E8 0F39 R                		call	sub_15 
 0ED5  5F                       		pop	di 
 0ED6  81 C7 2A80               		add	di,data_63e 
 0EDA  57                       		push	di 
 0EDB  B8 FD7F                  		mov	ax,0FD7Fh 
Microsoft (R) Macro Assembler  Version 4.00                 3/29/26 15:12:02

                                                            Page     1-38
                                                            

 0EDE  E8 0F39 R                		call	sub_15 
 0EE1  83 C7 36                 		add	di,36h 
 0EE4  B9 002D                  		mov	cx,2Dh 
                                 
 0EE7                           locloop_117: 
 0EE7  26: C6 05 B0             		mov	byte ptr es:[di],0B0h 
 0EEB  26: C6 45 19 0E          		mov	byte ptr es:[di+19h],0Eh 
 0EF0  83 C7 50                 		add	di,50h 
 0EF3  26: C6 05 70             		mov	byte ptr es:[di],70h	; 'p' 
 0EF7  26: C6 45 19 0D          		mov	byte ptr es:[di+19h],0Dh 
 0EFC  83 C7 50                 		add	di,50h 
 0EFF  E2 E6                    		loop	locloop_117		; Loop if cx > 0 
                                 
 0F01  26: C6 05 B0             		mov	byte ptr es:[di],0B0h 
 0F05  26: C6 45 19 0E          		mov	byte ptr es:[di+19h],0Eh 
 0F0A  83 C7 50                 		add	di,50h 
 0F0D  B8 FD7F                  		mov	ax,0FD7Fh 
 0F10  E8 0F39 R                		call	sub_15 
 0F13  5F                       		pop	di 
 0F14  81 C7 2A80               		add	di,data_63e 
 0F18  B8 FC3F                  		mov	ax,0FC3Fh 
 0F1B  E8 0F39 R                		call	sub_15 
 0F1E  83 C7 36                 		add	di,36h 
 0F21  B9 005B                  		mov	cx,5Bh 
                                 
 0F24                           locloop_118: 
 0F24  26: C6 05 30             		mov	byte ptr es:[di],30h	; '0' 
 0F28  26: C6 45 19 0C          		mov	byte ptr es:[di+19h],0Ch 
 0F2D  83 C7 50                 		add	di,50h 
 0F30  E2 F2                    		loop	locloop_118		; Loop if cx > 0 
                                 
 0F32  B8 FC3F                  		mov	ax,0FC3Fh 
 0F35  E8 0F39 R                		call	sub_15 
                                		retn 
 0F38  C3                     1                 db     0C3h
                                sub_14		endp 
                                 
                                 
                                ;ﬂﬂﬂﬂﬂﬂﬂﬂﬂﬂﬂﬂﬂﬂﬂﬂﬂﬂﬂﬂﬂﬂﬂﬂﬂﬂﬂﬂﬂﬂﬂﬂﬂﬂﬂﬂﬂﬂﬂﬂﬂﬂﬂﬂﬂﬂﬂﬂﬂﬂﬂﬂﬂﬂﬂﬂﬂﬂﬂﬂﬂﬂﬂﬂﬂﬂﬂﬂﬂﬂﬂﬂﬂﬂ 
                                ;                              SUBROUTINE 
                                ;‹‹‹‹‹‹‹‹‹‹‹‹‹‹‹‹‹‹‹‹‹‹‹‹‹‹‹‹‹‹‹‹‹‹‹‹‹‹‹‹‹‹‹‹‹‹‹‹‹‹‹‹‹‹‹‹‹‹‹‹‹‹‹‹‹‹‹‹‹‹‹‹‹‹ 
                                 
 0F39                           sub_15		proc	near 
 0F39  AA                       		stosb				; Store al to es:[di] 
 0F3A  B0 FF                    		mov	al,0FFh 
 0F3C  B9 0018                  		mov	cx,18h 
 0F3F  F3/ AA                   		rep	stosb			; Rep when cx >0 Store al to es:[di] 
 0F41  8A C4                    		mov	al,ah 
 0F43  AA                       		stosb				; Store al to es:[di] 
                                		retn 
 0F44  C3                     1                 db     0C3h
                                sub_15		endp 
                                 
                                			                        ;* No entry point to code 
 0F45  1E                       		push	ds 
Microsoft (R) Macro Assembler  Version 4.00                 3/29/26 15:12:02

                                                            Page     1-39
                                                            

 0F46  89 3E 4AB0               		mov	ds:data_83e,di 
 0F4A  8C 06 4AB2               		mov	ds:data_84e,es 
 0F4E  B8 B800                  		mov	ax,0B800h 
 0F51  8E C0                    		mov	es,ax 
 0F53  2E: 8E 1E 4AB2           		mov	ds,cs:data_84e 
 0F58  B9 0039                  		mov	cx,39h 
                                 
 0F5B                           locloop_119: 
 0F5B  2E: C6 06 FF1A 00        		mov	byte ptr cs:data_91e,0 
 0F61  51                       		push	cx 
 0F62  8B C1                    		mov	ax,cx 
 0F64  F7 D8                    		neg	ax 
 0F66  05 0039                  		add	ax,39h 
 0F69  03 C0                    		add	ax,ax 
 0F6B  E8 0F83 R                		call	sub_16 
 0F6E  58                       		pop	ax 
 0F6F  50                       		push	ax 
 0F70  03 C0                    		add	ax,ax 
 0F72  48                       		dec	ax 
 0F73  E8 0F83 R                		call	sub_16 
 0F76                           loc_120: 
 0F76  2E: 80 3E FF1A 04        		cmp	byte ptr cs:data_91e,4 
 0F7C  72 F8                    		jb	loc_120			; Jump if below 
 0F7E  59                       		pop	cx 
 0F7F  E2 DA                    		loop	locloop_119		; Loop if cx > 0 
                                 
 0F81  1F                       		pop	ds 
                                		retn 
 0F82  C3                     1                 db     0C3h
                                 
                                ;ﬂﬂﬂﬂﬂﬂﬂﬂﬂﬂﬂﬂﬂﬂﬂﬂﬂﬂﬂﬂﬂﬂﬂﬂﬂﬂﬂﬂﬂﬂﬂﬂﬂﬂﬂﬂﬂﬂﬂﬂﬂﬂﬂﬂﬂﬂﬂﬂﬂﬂﬂﬂﬂﬂﬂﬂﬂﬂﬂﬂﬂﬂﬂﬂﬂﬂﬂﬂﬂﬂﬂﬂﬂﬂ 
                                ;                              SUBROUTINE 
                                ;‹‹‹‹‹‹‹‹‹‹‹‹‹‹‹‹‹‹‹‹‹‹‹‹‹‹‹‹‹‹‹‹‹‹‹‹‹‹‹‹‹‹‹‹‹‹‹‹‹‹‹‹‹‹‹‹‹‹‹‹‹‹‹‹‹‹‹‹‹‹‹‹‹‹ 
                                 
 0F83                           sub_16		proc	near 
 0F83  50                       		push	ax 
 0F84  8A D8                    		mov	bl,al 
 0F86  B0 2F                    		mov	al,2Fh			; '/' 
 0F88  F6 E3                    		mul	bl			; ax = reg * al 
 0F8A  2E: 03 06 4AB0           		add	ax,cs:data_83e 
 0F8F  8B F0                    		mov	si,ax 
 0F91  D0 EB                    		shr	bl,1			; Shift w/zeros fill 
 0F93  1B FF                    		sbb	di,di 
 0F95  81 E7 2000               		and	di,2000h 
 0F99  B0 50                    		mov	al,50h			; 'P' 
 0F9B  F6 E3                    		mul	bl			; ax = reg * al 
 0F9D  03 F8                    		add	di,ax 
 0F9F  58                       		pop	ax 
 0FA0  3D 0014                  		cmp	ax,14h 
 0FA3  73 05                    		jae	loc_121			; Jump if above or = 
 0FA5  B9 002F                  		mov	cx,2Fh 
 0FA8  EB 10                    		jmp	short loc_122 
 0FAA                           loc_121: 
 0FAA  B9 0023                  		mov	cx,23h 
 0FAD  3D 0017                  		cmp	ax,17h 
Microsoft (R) Macro Assembler  Version 4.00                 3/29/26 15:12:02

                                                            Page     1-40
                                                            

 0FB0  72 08                    		jb	loc_122			; Jump if below 
 0FB2  3D 001C                  		cmp	ax,1Ch 
 0FB5  72 28                    		jb	loc_124			; Jump if below 
 0FB7  B9 0021                  		mov	cx,21h 
 0FBA                           loc_122: 
 0FBA  2E: C7 06 4AA8 0000      		mov	word ptr cs:data_76e,0 
                                 
 0FC1                           locloop_123: 
 0FC1  32 E4                    		xor	ah,ah			; Zero register 
 0FC3  8A 84 29DC               		mov	al,ds:data_62e[si] 
 0FC7  2E: A3 4AA6              		mov	cs:data_75e,ax 
 0FCB  8A 84 14F0 R             		mov	al,byte ptr data_53[si] 
 0FCF  2E: A3 4AA4              		mov	cs:data_74e,ax 
 0FD3  AC                       		lodsb				; String [si] to al 
 0FD4  2E: A3 4AA2              		mov	cs:data_73e,ax 
 0FD8  E8 1A03 R                		call	sub_18 
 0FDB  AA                       		stosb				; Store al to es:[di] 
 0FDC  E2 E3                    		loop	locloop_123		; Loop if cx > 0 
                                 
                                		retn 
 0FDE  C3                     1                 db     0C3h
 0FDF                           loc_124: 
 0FDF  B9 0021                  		mov	cx,21h 
 0FE2  2E: C7 06 4AA8 0000      		mov	word ptr cs:data_76e,0 
                                 
 0FE9                           locloop_125: 
 0FE9  32 E4                    		xor	ah,ah			; Zero register 
 0FEB  8A 84 29DC               		mov	al,ds:data_62e[si] 
 0FEF  2E: A3 4AA6              		mov	cs:data_75e,ax 
 0FF3  8A 84 14F0 R             		mov	al,byte ptr data_53[si] 
 0FF7  2E: A3 4AA4              		mov	cs:data_74e,ax 
 0FFB  AC                       		lodsb				; String [si] to al 
 0FFC  2E: A3 4AA2              		mov	cs:data_73e,ax 
 1000  E8 1A03 R                		call	sub_18 
 1003  AA                       		stosb				; Store al to es:[di] 
 1004  E2 E3                    		loop	locloop_125		; Loop if cx > 0 
                                 
 1006  32 E4                    		xor	ah,ah			; Zero register 
 1008  8A 84 29DC               		mov	al,ds:data_62e[si] 
 100C  2E: A3 4AA6              		mov	cs:data_75e,ax 
 1010  8A 84 14F0 R             		mov	al,byte ptr data_53[si] 
 1014  2E: A3 4AA4              		mov	cs:data_74e,ax 
 1018  AC                       		lodsb				; String [si] to al 
 1019  2E: A3 4AA2              		mov	cs:data_73e,ax 
 101D  E8 1A03 R                		call	sub_18 
 1020  24 FC                    		and	al,0FCh 
 1022  26: 80 25 03             		and	byte ptr es:[di],3 
 1026  26: 08 05                		or	es:[di],al 
                                		retn 
 1029  C3                     1                 db     0C3h
                                sub_16		endp 
                                 
 102A  1E                       data_15		db	1Eh			; Data table (indexed access) 
 102B  89 3E B0 4A 8C 06        		db	 89h, 3Eh,0B0h, 4Ah, 8Ch, 06h 
 1031  B2 4A B8 00 B8 8E        		db	0B2h, 4Ah,0B8h, 00h,0B8h, 8Eh 
Microsoft (R) Macro Assembler  Version 4.00                 3/29/26 15:12:02

                                                            Page     1-41
                                                            

 1037  C0 2E 8E 1E B2 4A        		db	0C0h, 2Eh, 8Eh, 1Eh,0B2h, 4Ah 
 103D  B9 39 00                 		db	0B9h, 39h, 00h 
                                 
 1040                           locloop_126: 
 1040  2E: C6 06 FF1A 00        		mov	byte ptr cs:data_91e,0 
 1046  51                       		push	cx 
 1047  8B C1                    		mov	ax,cx 
 1049  F7 D8                    		neg	ax 
 104B  05 0039                  		add	ax,39h 
 104E  03 C0                    		add	ax,ax 
 1050  E8 1068 R                		call	sub_17 
 1053  58                       		pop	ax 
 1054  50                       		push	ax 
 1055  03 C0                    		add	ax,ax 
 1057  48                       		dec	ax 
 1058  E8 1068 R                		call	sub_17 
 105B                           loc_127: 
 105B  2E: 80 3E FF1A 04        		cmp	byte ptr cs:data_91e,4 
 1061  72 F8                    		jb	loc_127			; Jump if below 
 1063  59                       		pop	cx 
 1064  E2 DA                    		loop	locloop_126		; Loop if cx > 0 
                                 
 1066  1F                       		pop	ds 
                                		retn 
 1067  C3                     1                 db     0C3h
                                 
                                ;ﬂﬂﬂﬂﬂﬂﬂﬂﬂﬂﬂﬂﬂﬂﬂﬂﬂﬂﬂﬂﬂﬂﬂﬂﬂﬂﬂﬂﬂﬂﬂﬂﬂﬂﬂﬂﬂﬂﬂﬂﬂﬂﬂﬂﬂﬂﬂﬂﬂﬂﬂﬂﬂﬂﬂﬂﬂﬂﬂﬂﬂﬂﬂﬂﬂﬂﬂﬂﬂﬂﬂﬂﬂﬂ 
                                ;                              SUBROUTINE 
                                ;‹‹‹‹‹‹‹‹‹‹‹‹‹‹‹‹‹‹‹‹‹‹‹‹‹‹‹‹‹‹‹‹‹‹‹‹‹‹‹‹‹‹‹‹‹‹‹‹‹‹‹‹‹‹‹‹‹‹‹‹‹‹‹‹‹‹‹‹‹‹‹‹‹‹ 
                                 
 1068                           sub_17		proc	near 
 1068  50                       		push	ax 
 1069  8A D8                    		mov	bl,al 
 106B  B0 2F                    		mov	al,2Fh			; '/' 
 106D  F6 E3                    		mul	bl			; ax = reg * al 
 106F  05 03CD                  		add	ax,3CDh 
 1072  2E: 03 06 4AB0           		add	ax,cs:data_83e 
 1077  8B F0                    		mov	si,ax 
 1079  80 C3 14                 		add	bl,14h 
 107C  D0 EB                    		shr	bl,1			; Shift w/zeros fill 
 107E  1B FF                    		sbb	di,di 
 1080  81 E7 2000               		and	di,2000h 
 1084  B0 50                    		mov	al,50h			; 'P' 
 1086  F6 E3                    		mul	bl			; ax = reg * al 
 1088  03 F8                    		add	di,ax 
 108A  83 C7 21                 		add	di,21h 
 108D  58                       		pop	ax 
 108E  3D 005E                  		cmp	ax,5Eh 
 1091  B9 002F                  		mov	cx,2Fh 
 1094  73 28                    		jnc	loc_129			; Jump if carry=0 
 1096  B9 0007                  		mov	cx,7 
 1099  2E: C7 06 4AA8 0000      		mov	word ptr cs:data_76e,0 
                                 
 10A0                           locloop_128: 
 10A0  8B 84 29DC               		mov	ax,ds:data_62e[si] 
Microsoft (R) Macro Assembler  Version 4.00                 3/29/26 15:12:02

                                                            Page     1-42
                                                            

 10A4  2E: A3 4AA6              		mov	cs:data_75e,ax 
 10A8  8B 84 14F0 R             		mov	ax,data_53[si] 
 10AC  2E: A3 4AA4              		mov	cs:data_74e,ax 
 10B0  AD                       		lodsw				; String [si] to ax 
 10B1  2E: A3 4AA2              		mov	cs:data_73e,ax 
 10B5  E8 1A03 R                		call	sub_18 
 10B8  AB                       		stosw				; Store ax to es:[di] 
 10B9  E2 E5                    		loop	locloop_128		; Loop if cx > 0 
                                 
 10BB  B9 0021                  		mov	cx,21h 
 10BE                           loc_129: 
 10BE  32 C0                    		xor	al,al			; Zero register 
 10C0  F3/ AA                   		rep	stosb			; Rep when cx >0 Store al to es:[di] 
                                		retn 
 10C2  C3                     1                 db     0C3h
                                sub_17		endp 
                                 
                                			                        ;* No entry point to code 
 10C3  50                       		push	ax 
 10C4  D0 EB                    		shr	bl,1			; Shift w/zeros fill 
 10C6  1B FF                    		sbb	di,di 
 10C8  81 E7 2000               		and	di,2000h 
 10CC  B0 50                    		mov	al,50h			; 'P' 
 10CE  F6 E3                    		mul	bl			; ax = reg * al 
 10D0  03 F8                    		add	di,ax 
 10D2  8A DF                    		mov	bl,bh 
 10D4  32 FF                    		xor	bh,bh			; Zero register 
 10D6  03 FB                    		add	di,bx 
 10D8  B8 B800                  		mov	ax,0B800h 
 10DB  8E C0                    		mov	es,ax 
 10DD  58                       		pop	ax 
 10DE  8A E0                    		mov	ah,al 
 10E0  B9 0008                  		mov	cx,8 
                                 
 10E3                           locloop_130: 
 10E3  AB                       		stosw				; Store ax to es:[di] 
 10E4  81 C7 1FFE               		add	di,1FFEh 
 10E8  81 FF 4000               		cmp	di,4000h 
 10EC  72 04                    		jb	loc_131			; Jump if below 
 10EE  81 C7 C050               		add	di,0C050h 
 10F2                           loc_131: 
 10F2  E2 EF                    		loop	locloop_130		; Loop if cx > 0 
                                 
                                		retn 
 10F4  C3                     1                 db     0C3h
                                			                        ;* No entry point to code 
 10F5  48                       		dec	ax 
 10F6  B9 0100                  		mov	cx,100h 
 10F9  F7 E1                    		mul	cx			; dx:ax = reg * ax 
 10FB  05 40FD                  		add	ax,40FDh 
 10FE  2E: A3 4AA0              		mov	cs:data_72e,ax 
                                		retn 
 1102  C3                     1                 db     0C3h
 1103  0011[                    		db	17 dup (0) 
            00                  
Microsoft (R) Macro Assembler  Version 4.00                 3/29/26 15:12:02

                                                            Page     1-43
                                                            

                         ]      
                                
 1114  02 00                    		db	2, 0 
 1116  000F[                    		db	15 dup (0) 
            00                  
                         ]      
                                
 1125  01 00 00 00 00 00        		db	1, 0, 0, 0, 0, 0 
 112B  00 00 01                 		db	0, 0, 1 
 112E  0008[                    		db	8 dup (0) 
            00                  
                         ]      
                                
 1136  01 00 00 00 00 00        		db	1, 0, 0, 0, 0, 0 
 113C  00 00 01                 		db	0, 0, 1 
 113F  0008[                    		db	8 dup (0) 
            00                  
                         ]      
                                
 1147  03 03 03 03 00 03        		db	3, 3, 3, 3, 0, 3 
 114D  00 00 03 03 03 03        		db	0, 0, 3, 3, 3, 3 
 1153  00 00 00 00 03 03        		db	0, 0, 0, 0, 3, 3 
 1159  03 03 00 03 00 00        		db	3, 3, 0, 3, 0, 0 
 115F  03 03 03 03 00 00        		db	3, 3, 3, 3, 0, 0 
 1165  00 00 03 03 03 03        		db	0, 0, 3, 3, 3, 3 
 116B  00 03 00 00 03 03        		db	0, 3, 0, 0, 3, 3 
 1171  03 03 00 00 00 00        		db	3, 3, 0, 0, 0, 0 
 1177  03 03 03 03 00 03        		db	3, 3, 3, 3, 0, 3 
 117D  00 00 03 03 03 03        		db	0, 0, 3, 3, 3, 3 
 1183  00                       		db	0 
 1184  0007[                    		db	7 dup (0) 
            00                  
                         ]      
                                
 118B  01 00                    		db	1, 0 
 118D  000A[                    		db	10 dup (0) 
            00                  
                         ]      
                                
 1197  03 03 03 03 00 01        		db	3, 3, 3, 3, 0, 1 
 119D  0008[                    		db	8 dup (0) 
            00                  
                         ]      
                                
 11A5  01 00 00 00 00 00        		db	1, 0, 0, 0, 0, 0 
 11AB  00 00 01                 		db	0, 0, 1 
 11AE  0008[                    		db	8 dup (0) 
            00                  
                         ]      
                                
 11B6  01 00 00 00 00 00        		db	1, 0, 0, 0, 0, 0 
 11BC  00 00 01                 		db	0, 0, 1 
 11BF  0008[                    		db	8 dup (0) 
            00                  
                         ]      
Microsoft (R) Macro Assembler  Version 4.00                 3/29/26 15:12:02

                                                            Page     1-44
                                                            

                                
 11C7  03 03 03 03 00 00        		db	3, 3, 3, 3, 0, 0 
 11CD  00 00 03 03 03 03        		db	0, 0, 3, 3, 3, 3 
 11D3  00 00 00 00 03 03        		db	0, 0, 0, 0, 3, 3 
 11D9  03 03 00 00 00 00        		db	3, 3, 0, 0, 0, 0 
 11DF  03 03 03 03 00 00        		db	3, 3, 3, 3, 0, 0 
 11E5  00 00 03 03 03 03        		db	0, 0, 3, 3, 3, 3 
 11EB  00 00 00 00 03 03        		db	0, 0, 0, 0, 3, 3 
 11F1  03 03 00 00 00 00        		db	3, 3, 0, 0, 0, 0 
 11F7  03 03 03 03 00 00        		db	3, 3, 3, 3, 0, 0 
 11FD  00 00 03 03 03 03        		db	0, 0, 3, 3, 3, 3 
 1203  00 00 00 00 00 01        		db	0, 0, 0, 0, 0, 1 
 1209  02 00                    		db	2, 0 
 120B  0009[                    		db	9 dup (0) 
            00                  
                         ]      
                                
 1214  01 01 02 00 01 02        		db	1, 1, 2, 0, 1, 2 
 121A  01 00                    		db	1, 0 
 121C  0008[                    		db	8 dup (0) 
            00                  
                         ]      
                                
 1224  01 02 00 00 02 02        		db	1, 2, 0, 0, 2, 2 
 122A  02 00                    		db	2, 0 
 122C  0008[                    		db	8 dup (0) 
            00                  
                         ]      
                                
 1234  02 00 02 00 01 02        		db	2, 0, 2, 0, 1, 2 
 123A  02 00                    		db	2, 0 
 123C  000C[                    		db	12 dup (0) 
            00                  
                         ]      
                                
 1248  01 02                    		db	1, 2 
 124A  0009[                    		db	9 dup (0) 
            00                  
                         ]      
                                
 1253  01 01 02 01 01 01        		db	1, 1, 2, 1, 1, 1 
 1259  01 03                    		db	1, 3 
 125B  0008[                    		db	8 dup (0) 
            00                  
                         ]      
                                
 1263  02 01 02 02 02 01        		db	2, 1, 2, 2, 2, 1 
 1269  03 03                    		db	3, 3 
 126B  0009[                    		db	9 dup (0) 
            00                  
                         ]      
                                
 1274  01 02 02 00 03 03        		db	1, 2, 2, 0, 3, 3 
 127A  03 00                    		db	3, 0 
 127C  0020[                    		db	32 dup (0) 
Microsoft (R) Macro Assembler  Version 4.00                 3/29/26 15:12:02

                                                            Page     1-45
                                                            

            00                  
                         ]      
                                
 129C  03 00                    		db	3, 0 
 129E  000F[                    		db	15 dup (0) 
            00                  
                         ]      
                                
 12AD  02 00                    		db	2, 0 
 12AF  000F[                    		db	15 dup (0) 
            00                  
                         ]      
                                
 12BE  02 00                    		db	2, 0 
 12C0  000F[                    		db	15 dup (0) 
            00                  
                         ]      
                                
 12CF  01 00                    		db	1, 0 
 12D1  000F[                    		db	15 dup (0) 
            00                  
                         ]      
                                
 12E0  01 00                    		db	1, 0 
 12E2  000F[                    		db	15 dup (0) 
            00                  
                         ]      
                                
 12F1  03 00                    		db	3, 0 
 12F3  000F[                    		db	15 dup (0) 
            00                  
                         ]      
                                
 1302  03 00 00 00 01 00        		db	3, 0, 0, 0, 1, 0 
 1308  01 00 01 00              		db	1, 0, 1, 0 
 130C  0008[                    		db	8 dup (0) 
            00                  
                         ]      
                                
 1314  02 01 02 01 02 00        		db	2, 1, 2, 1, 2, 0 
 131A  02 00                    		db	2, 0 
 131C  0008[                    		db	8 dup (0) 
            00                  
                         ]      
                                
 1324  01 01 03 01 03 00        		db	1, 1, 3, 1, 3, 0 
 132A  03 00                    		db	3, 0 
 132C  0007[                    		db	7 dup (0) 
            00                  
                         ]      
                                
 1333  01 02 03 03 03 03        		db	1, 2, 3, 3, 3, 3 
 1339  00 03                    		db	0, 3 
 133B  0009[                    		db	9 dup (0) 
            00                  
Microsoft (R) Macro Assembler  Version 4.00                 3/29/26 15:12:02

                                                            Page     1-46
                                                            

                         ]      
                                
 1344  01 01 03 01 03 00        		db	1, 1, 3, 1, 3, 0 
 134A  03 00                    		db	3, 0 
 134C  0007[                    		db	7 dup (0) 
            00                  
                         ]      
                                
 1353  01 02 03 03 03 03        		db	1, 2, 3, 3, 3, 3 
 1359  00 03                    		db	0, 3 
 135B  000F[                    		db	15 dup (0) 
            00                  
                         ]      
                                
 136A  01 00                    		db	1, 0 
 136C  0007[                    		db	7 dup (0) 
            00                  
                         ]      
                                
 1373  01 02 03 03 03 03        		db	1, 2, 3, 3, 3, 3 
 1379  01 03                    		db	1, 3 
 137B  0021[                    		db	33 dup (0) 
            00                  
                         ]      
                                
 139C  03 00                    		db	3, 0 
 139E  000F[                    		db	15 dup (0) 
            00                  
                         ]      
                                
 13AD  02 00                    		db	2, 0 
 13AF  000F[                    		db	15 dup (0) 
            00                  
                         ]      
                                
 13BE  02 00                    		db	2, 0 
 13C0  000F[                    		db	15 dup (0) 
            00                  
                         ]      
                                
 13CF  01 00                    		db	1, 0 
 13D1  000F[                    		db	15 dup (0) 
            00                  
                         ]      
                                
 13E0  01 00                    		db	1, 0 
 13E2  000F[                    		db	15 dup (0) 
            00                  
                         ]      
                                
 13F1  02 00                    		db	2, 0 
 13F3  000F[                    		db	15 dup (0) 
            00                  
                         ]      
                                
Microsoft (R) Macro Assembler  Version 4.00                 3/29/26 15:12:02

                                                            Page     1-47
                                                            

 1402  03 00 00 00 02 01        		db	3, 0, 0, 0, 2, 1 
 1408  01 02 03 00 01 02        		db	1, 2, 3, 0, 1, 2 
 140E  02 01 01 02 03 00        		db	2, 1, 1, 2, 3, 0 
 1414  01 02 02 01 01 01        		db	1, 2, 2, 1, 1, 1 
 141A  01 00 01 02 02 01        		db	1, 0, 1, 2, 2, 1 
 1420  01 01 01 00 02 02        		db	1, 1, 1, 0, 2, 2 
 1426  02 01 01 02 03 00        		db	2, 1, 1, 2, 3, 0 
 142C  02 02 02 01 01 02        		db	2, 2, 2, 1, 1, 2 
 1432  03 02 02 02 02 01        		db	3, 2, 2, 2, 2, 1 
 1438  01 02 02 00 02 02        		db	1, 2, 2, 0, 2, 2 
 143E  01 01 02 02 03 01        		db	1, 1, 2, 2, 3, 1 
 1444  01 01 01 01 01 03        		db	1, 1, 1, 1, 1, 3 
 144A  03 01 01 01 01 01        		db	3, 1, 1, 1, 1, 1 
 1450  01 03 03 01 01 01        		db	1, 3, 3, 1, 1, 1 
 1456  01 01 01 03 03 01        		db	1, 1, 1, 3, 3, 1 
 145C  01 01 01 01 01 03        		db	1, 1, 1, 1, 1, 3 
 1462  03 02 01 02 02 03        		db	3, 2, 1, 2, 2, 3 
 1468  03 03 03 02 02 02        		db	3, 3, 3, 2, 2, 2 
 146E  02 03 03 03 03 03        		db	2, 3, 3, 3, 3, 3 
 1474  01 03 02 03 03 03        		db	1, 3, 2, 3, 3, 3 
 147A  03 03 01 02 02 03        		db	3, 3, 1, 2, 2, 3 
 1480  03 03 03 00 00 00        		db	3, 3, 3, 0, 0, 0 
 1486  00 01 01 02 03 00        		db	0, 1, 1, 2, 3, 0 
 148C  00 00 02 01 01 02        		db	0, 0, 2, 1, 1, 2 
 1492  03 01 01 02 02 01        		db	3, 1, 1, 2, 2, 1 
 1498  01 02 01 00 01 02        		db	1, 2, 1, 0, 1, 2 
 149E  02 01 01 01 01 02        		db	2, 1, 1, 1, 1, 2 
 14A4  02 02 02 01 01 02        		db	2, 2, 2, 1, 1, 2 
 14AA  02 00 02 02 02 01        		db	2, 0, 2, 2, 2, 1 
 14B0  01 02 03 02 02 02        		db	1, 2, 3, 2, 2, 2 
 14B6  01 01 01 02 02 02        		db	1, 1, 1, 2, 2, 2 
 14BC  02 02 02 01 01 02        		db	2, 2, 2, 1, 1, 2 
 14C2  02 01 01 01 01 01        		db	2, 1, 1, 1, 1, 1 
 14C8  01 03 03 01 01 01        		db	1, 3, 3, 1, 1, 1 
 14CE  01 01 01 03 03 01        		db	1, 1, 1, 3, 3, 1 
 14D4  01 01 02 01 01 03        		db	1, 1, 2, 1, 1, 3 
 14DA  03 01 01 01 01 01        		db	3, 1, 1, 1, 1, 1 
 14E0  01 03 03 02 01 02        		db	1, 3, 3, 2, 1, 2 
 14E6  02 03 03 03 03 02        		db	2, 3, 3, 3, 3, 2 
 14EC  01 02 02 03              		db	1, 2, 2, 3 
 14F0  0303                     data_53		dw	303h			; Data table (indexed access) 
 14F2  03 03 01                 		db	3, 3, 1 
 14F5  0007[                    		db	7 dup (3) 
            03                  
                         ]      
                                
 14FC  01 03 02 03 03 03        		db	1, 3, 2, 3, 3, 3 
 1502  03 00 00 00 01 01        		db	3, 0, 0, 0, 1, 1 
 1508  01 02 03 00 01 02        		db	1, 2, 3, 0, 1, 2 
 150E  02 01 01 02 03 00        		db	2, 1, 1, 2, 3, 0 
 1514  01 02 03 01 01 01        		db	1, 2, 3, 1, 1, 1 
 151A  01 00 01 02 02 01        		db	1, 0, 1, 2, 2, 1 
 1520  01 01 01 00 02 02        		db	1, 1, 1, 0, 2, 2 
 1526  03 01 01 02 03 00        		db	3, 1, 1, 2, 3, 0 
 152C  02 02 02 01 01 02        		db	2, 2, 2, 1, 1, 2 
Microsoft (R) Macro Assembler  Version 4.00                 3/29/26 15:12:02

                                                            Page     1-48
                                                            

 1532  03 01                    		db	3, 1 
 1534  0007[                    		db	7 dup (3) 
            03                  
                         ]      
                                
 153B  00 03 03 03 03 03        		db	0, 3, 3, 3, 3, 3 
 1541  03 03 01 01 01 03        		db	3, 3, 1, 1, 1, 3 
 1547  01 01 03 03 01 01        		db	1, 1, 3, 3, 1, 1 
 154D  01 01 01 01 03 03        		db	1, 1, 1, 1, 3, 3 
 1553  01 01 01 03 01 01        		db	1, 1, 1, 3, 1, 1 
 1559  03 03 01 01 01 01        		db	3, 3, 1, 1, 1, 1 
 155F  01 01 03 03 02 01        		db	1, 1, 3, 3, 2, 1 
 1565  02 03 03 03 03 03        		db	2, 3, 3, 3, 3, 3 
 156B  02 02 02 02 03 03        		db	2, 2, 2, 2, 3, 3 
 1571  03 03 03 01              		db	3, 3, 3, 1 
 1575  0007[                    		db	7 dup (3) 
            03                  
                         ]      
                                
 157C  01 02 02 03 03 03        		db	1, 2, 2, 3, 3, 3 
 1582  03 00 00 00 00 01        		db	3, 0, 0, 0, 0, 1 
 1588  01 02 03 00 00 00        		db	1, 2, 3, 0, 0, 0 
 158E  02 01 01 02 03 01        		db	2, 1, 1, 2, 3, 1 
 1594  01 02 03 01 01 02        		db	1, 2, 3, 1, 1, 2 
 159A  01 00 01 02 02 01        		db	1, 0, 1, 2, 2, 1 
 15A0  01 01 01 02 02 02        		db	1, 1, 1, 2, 2, 2 
 15A6  03 01 01 02 02 00        		db	3, 1, 1, 2, 2, 0 
 15AC  02 02 02 01 01 02        		db	2, 2, 2, 1, 1, 2 
 15B2  03 02 02 02 03 01        		db	3, 2, 2, 2, 3, 1 
 15B8  01 02 02 02 02 02        		db	1, 2, 2, 2, 2, 2 
 15BE  02 01 01 02 02 01        		db	2, 1, 1, 2, 2, 1 
 15C4  01 01 03 01 01 03        		db	1, 1, 3, 1, 1, 3 
 15CA  03 01 01 01 01 01        		db	3, 1, 1, 1, 1, 1 
 15D0  01 03 03 01 01 01        		db	1, 3, 3, 1, 1, 1 
 15D6  03 01 01 03 03 01        		db	3, 1, 1, 3, 3, 1 
 15DC  01 01 01 01 01 03        		db	1, 1, 1, 1, 1, 3 
 15E2  03 02 01 02 03 03        		db	3, 2, 1, 2, 3, 3 
 15E8  03 03 03 02 01 02        		db	3, 3, 3, 2, 1, 2 
 15EE  02 03 03 03 03 03        		db	2, 3, 3, 3, 3, 3 
 15F4  01 03 03 03 03 03        		db	1, 3, 3, 3, 3, 3 
 15FA  03 03 01 03 02 03        		db	3, 3, 1, 3, 2, 3 
 1600  03 03 03 00 00 00        		db	3, 3, 3, 0, 0, 0 
 1606  00 00 01 02 03 00        		db	0, 0, 1, 2, 3, 0 
 160C  01 02 02 01 01 02        		db	1, 2, 2, 1, 1, 2 
 1612  03 00 01 02 02 00        		db	3, 0, 1, 2, 2, 0 
 1618  01 01 01 00 01 02        		db	1, 1, 1, 0, 1, 2 
 161E  02 01 01 01 01 00        		db	2, 1, 1, 1, 1, 0 
 1624  02 02 02 00 02 02        		db	2, 2, 2, 0, 2, 2 
 162A  03 00 02 02 02 01        		db	3, 0, 2, 2, 2, 1 
 1630  01 02 03 00 02 02        		db	1, 2, 3, 0, 2, 2 
 1636  02 00 02 03 03 00        		db	2, 0, 2, 3, 3, 0 
 163C  03 03 03 03 03 03        		db	3, 3, 3, 3, 3, 3 
 1642  03 00 00 00 00 00        		db	3, 0, 0, 0, 0, 0 
 1648  00 02 00 01 01 01        		db	0, 2, 0, 1, 1, 1 
 164E  01 01 01 03 03 01        		db	1, 1, 1, 3, 3, 1 
Microsoft (R) Macro Assembler  Version 4.00                 3/29/26 15:12:02

                                                            Page     1-49
                                                            

 1654  01 02 02 00 03 03        		db	1, 2, 2, 0, 3, 3 
 165A  03 01 01 01 01 01        		db	3, 1, 1, 1, 1, 1 
 1660  01 03 03 02 01 02        		db	1, 3, 3, 2, 1, 2 
 1666  03 02 03 03 03 02        		db	3, 2, 3, 3, 3, 2 
 166C  02 02 02 03 03 03        		db	2, 2, 2, 3, 3, 3 
 1672  03 03 01 03 03 00        		db	3, 3, 1, 3, 3, 0 
 1678  03 03 03 03 01 02        		db	3, 3, 3, 3, 1, 2 
 167E  02 03 03 03 03 00        		db	2, 3, 3, 3, 3, 0 
 1684  00 00 00 01 01 02        		db	0, 0, 0, 1, 1, 2 
 168A  03 00 00 00 02 01        		db	3, 0, 0, 0, 2, 1 
 1690  01 02 03 01 01 02        		db	1, 2, 3, 1, 1, 2 
 1696  03 01 01 02 01 00        		db	3, 1, 1, 2, 1, 0 
 169C  01 02 02 01 01 01        		db	1, 2, 2, 1, 1, 1 
 16A2  01 02 02 02 03 01        		db	1, 2, 2, 2, 3, 1 
 16A8  01 02 02 00 02 02        		db	1, 2, 2, 0, 2, 2 
 16AE  02 01 01 02 03 02        		db	2, 1, 1, 2, 3, 2 
 16B4  02 02 03 01 01 02        		db	2, 2, 3, 1, 1, 2 
 16BA  02 02 02 02 02 01        		db	2, 2, 2, 2, 2, 1 
 16C0  01 02 02 01 01 01        		db	1, 2, 2, 1, 1, 1 
 16C6  03 01 01 03 03 01        		db	3, 1, 1, 3, 3, 1 
 16CC  01 01 01 01 01 03        		db	1, 1, 1, 1, 1, 3 
 16D2  03 01 01 01 03 01        		db	3, 1, 1, 1, 3, 1 
 16D8  01 03 03 01 01 01        		db	1, 3, 3, 1, 1, 1 
 16DE  01 01 01 03 03 02        		db	1, 1, 1, 3, 3, 2 
 16E4  01 02 03 03 03 03        		db	1, 2, 3, 3, 3, 3 
 16EA  03 02 01 02 02 03        		db	3, 2, 1, 2, 2, 3 
 16F0  03 03 03 03 01 03        		db	3, 3, 3, 3, 1, 3 
 16F6  03 03 03 03 03 03        		db	3, 3, 3, 3, 3, 3 
 16FC  01 03 02 03 03 03        		db	1, 3, 2, 3, 3, 3 
 1702  03 00 01 00 00 01        		db	3, 0, 1, 0, 0, 1 
 1708  01 02 01 00 01 02        		db	1, 2, 1, 0, 1, 2 
 170E  02 01 01 02 03 01        		db	2, 1, 1, 2, 3, 1 
 1714  01 02 02 01 01 01        		db	1, 2, 2, 1, 1, 1 
 171A  01 00 01 02 02 01        		db	1, 0, 1, 2, 2, 1 
 1720  01 01 01 00              		db	1, 1, 1, 0 
 1724  0007[                    		db	7 dup (2) 
            02                  
                         ]      
                                
 172B  00 02 02 02 01 01        		db	0, 2, 2, 2, 1, 1 
 1731  02 03 00 02 02 02        		db	2, 3, 0, 2, 2, 2 
 1737  02 02 03 02 00 03        		db	2, 2, 3, 2, 0, 3 
 173D  03 03 03 03 03 03        		db	3, 3, 3, 3, 3, 3 
 1743  01 01 02 02 01 01        		db	1, 1, 2, 2, 1, 1 
 1749  02 03 01 01 01 01        		db	2, 3, 1, 1, 1, 1 
 174F  01 01 03 03 01 01        		db	1, 1, 3, 3, 1, 1 
 1755  02 02 01 03 03 01        		db	2, 2, 1, 3, 3, 1 
 175B  01 01 01 01 01 01        		db	1, 1, 1, 1, 1, 1 
 1761  03 03 02 01 02 03        		db	3, 3, 2, 1, 2, 3 
 1767  02 03 03 03 02 02        		db	2, 3, 3, 3, 2, 2 
 176D  02 02 03 03 03 03        		db	2, 2, 3, 3, 3, 3 
 1773  01 01 02 02 03 01        		db	1, 1, 2, 2, 3, 1 
 1779  03 03 03 01 02 02        		db	3, 3, 3, 1, 2, 2 
 177F  03 03 03 03 00 00        		db	3, 3, 3, 3, 0, 0 
 1785  00 00 01 01 02 03        		db	0, 0, 1, 1, 2, 3 
Microsoft (R) Macro Assembler  Version 4.00                 3/29/26 15:12:02

                                                            Page     1-50
                                                            

 178B  00 00 00 02 01 01        		db	0, 0, 0, 2, 1, 1 
 1791  02 03 01 01 02 03        		db	2, 3, 1, 1, 2, 3 
 1797  01 01 02 01 00 01        		db	1, 1, 2, 1, 0, 1 
 179D  02 02 01 01 01 01        		db	2, 2, 1, 1, 1, 1 
 17A3  02 02 02 03 01 01        		db	2, 2, 2, 3, 1, 1 
 17A9  02 02 00 02 02 02        		db	2, 2, 0, 2, 2, 2 
 17AF  01 01 02 03 02 02        		db	1, 1, 2, 3, 2, 2 
 17B5  02 03 01 01 02 02        		db	2, 3, 1, 1, 2, 2 
 17BB  02 02 02 02 01 01        		db	2, 2, 2, 2, 1, 1 
 17C1  02 02 01 01 01 03        		db	2, 2, 1, 1, 1, 3 
 17C7  01 01 03 03 01 01        		db	1, 1, 3, 3, 1, 1 
 17CD  01 01 01 01 03 03        		db	1, 1, 1, 1, 3, 3 
 17D3  01 01 01 03 01 01        		db	1, 1, 1, 3, 1, 1 
 17D9  03 03 01 01 01 01        		db	3, 3, 1, 1, 1, 1 
 17DF  01 01 03 03 02 01        		db	1, 1, 3, 3, 2, 1 
 17E5  02 03 03 03 03 03        		db	2, 3, 3, 3, 3, 3 
 17EB  02 01 02 02 03 03        		db	2, 1, 2, 2, 3, 3 
 17F1  03 03 03 01 03 03        		db	3, 3, 3, 1, 3, 3 
 17F7  03 03 03 03 03 01        		db	3, 3, 3, 3, 3, 1 
 17FD  03 02 03 03 03 03        		db	3, 2, 3, 3, 3, 3 
 1803  00 00 00 00 00 01        		db	0, 0, 0, 0, 0, 1 
 1809  02 03 00 01 02 02        		db	2, 3, 0, 1, 2, 2 
 180F  01 01 02 03 00 01        		db	1, 1, 2, 3, 0, 1 
 1815  02 01 00 01 01 01        		db	2, 1, 0, 1, 1, 1 
 181B  00 01 02 02 01 01        		db	0, 1, 2, 2, 1, 1 
 1821  01 01 00 02 02 01        		db	1, 1, 0, 2, 2, 1 
 1827  00 02 02 03 00 02        		db	0, 2, 2, 3, 0, 2 
 182D  02 02 01 01 02 03        		db	2, 2, 1, 1, 2, 3 
 1833  00 01 01 01 00 01        		db	0, 1, 1, 1, 0, 1 
 1839  02 03 00 03 03 03        		db	2, 3, 0, 3, 3, 3 
 183F  03 03 03 03 00 00        		db	3, 3, 3, 3, 0, 0 
 1845  00 00 00 00 02 00        		db	0, 0, 0, 0, 2, 0 
 184B  01 01 01 01 01 01        		db	1, 1, 1, 1, 1, 1 
 1851  03 03 01 01 02 01        		db	3, 3, 1, 1, 2, 1 
 1857  00 03 03 03 01 01        		db	0, 3, 3, 3, 1, 1 
 185D  01 01 01 01 03 03        		db	1, 1, 1, 1, 3, 3 
 1863  02 01 02 02 02 03        		db	2, 1, 2, 2, 2, 3 
 1869  03 03 02 02 02 02        		db	3, 3, 2, 2, 2, 2 
 186F  03 03 03 03 03 01        		db	3, 3, 3, 3, 3, 1 
 1875  03 03 00 03 03 03        		db	3, 3, 0, 3, 3, 3 
 187B  03 01 02 02 03 03        		db	3, 1, 2, 2, 3, 3 
 1881  03 03 00 00 00 00        		db	3, 3, 0, 0, 0, 0 
 1887  01 01 02 03 00 00        		db	1, 1, 2, 3, 0, 0 
 188D  00 02 01 01 02 03        		db	0, 2, 1, 1, 2, 3 
 1893  01 01 02 03 01 01        		db	1, 1, 2, 3, 1, 1 
 1899  02 01 00 01 02 02        		db	2, 1, 0, 1, 2, 2 
 189F  01 01 01 01 02 02        		db	1, 1, 1, 1, 2, 2 
 18A5  02 03 01 01 02 02        		db	2, 3, 1, 1, 2, 2 
 18AB  00 02 02 02 01 01        		db	0, 2, 2, 2, 1, 1 
 18B1  02 03 02 02 02 03        		db	2, 3, 2, 2, 2, 3 
 18B7  01 01 02 02 02 02        		db	1, 1, 2, 2, 2, 2 
 18BD  02 02 01 01 02 02        		db	2, 2, 1, 1, 2, 2 
 18C3  01 01 01 03 01 01        		db	1, 1, 1, 3, 1, 1 
 18C9  03 03 01 01 01 01        		db	3, 3, 1, 1, 1, 1 
 18CF  01 01 03 03 01 01        		db	1, 1, 3, 3, 1, 1 
Microsoft (R) Macro Assembler  Version 4.00                 3/29/26 15:12:02

                                                            Page     1-51
                                                            

 18D5  01 03 01 01 03 03        		db	1, 3, 1, 1, 3, 3 
 18DB  01 01 01 01 01 01        		db	1, 1, 1, 1, 1, 1 
 18E1  03 03 02 01 02 03        		db	3, 3, 2, 1, 2, 3 
 18E7  03 03 03 03 02 01        		db	3, 3, 3, 3, 2, 1 
 18ED  02 02 03 03 03 03        		db	2, 2, 3, 3, 3, 3 
 18F3  03 01 03 03 03 03        		db	3, 1, 3, 3, 3, 3 
 18F9  03 03 03 01 03 02        		db	3, 3, 3, 1, 3, 2 
 18FF  03 03 03 03 00 00        		db	3, 3, 3, 3, 0, 0 
 1905  00 01 01 01 02 03        		db	0, 1, 1, 1, 2, 3 
 190B  00 01 02 02 01 01        		db	0, 1, 2, 2, 1, 1 
 1911  02 03 00 01 02 02        		db	2, 3, 0, 1, 2, 2 
 1917  01 01 01 01 00 01        		db	1, 1, 1, 1, 0, 1 
 191D  02 02 01 01 01 01        		db	2, 2, 1, 1, 1, 1 
 1923  00 02 02 02 01 01        		db	0, 2, 2, 2, 1, 1 
 1929  02 03 00 02 02 02        		db	2, 3, 0, 2, 2, 2 
 192F  01 01 02 03 01           		db	1, 1, 2, 3, 1 
 1934  0007[                    		db	7 dup (2) 
            02                  
                         ]      
                                
 193B  00 02 02 02 02 02        		db	0, 2, 2, 2, 2, 2 
 1941  02 02 01 01 01 02        		db	2, 2, 1, 1, 1, 2 
 1947  01 01 03 03 01 01        		db	1, 1, 3, 3, 1, 1 
 194D  01 01 01 01 03 03        		db	1, 1, 1, 1, 3, 3 
 1953  01 01 01 02 01 01        		db	1, 1, 1, 2, 1, 1 
 1959  02 02 01 01 01 01        		db	2, 2, 1, 1, 1, 1 
 195F  01 01 02 02 02 01        		db	1, 1, 2, 2, 2, 1 
 1965  02 02 03 02 03 03        		db	2, 2, 3, 2, 3, 3 
 196B  02 02 02 02 03 03        		db	2, 2, 2, 2, 3, 3 
 1971  03 03 03 01 03 02        		db	3, 3, 3, 1, 3, 2 
 1977  03 02 03 03 03 01        		db	3, 2, 3, 3, 3, 1 
 197D  02 02 03 03 03 03        		db	2, 2, 3, 3, 3, 3 
 1983  00 00 00 00 01 01        		db	0, 0, 0, 0, 1, 1 
 1989  02 03 00 00 00 02        		db	2, 3, 0, 0, 0, 2 
 198F  01 01 02 03 01 01        		db	1, 1, 2, 3, 1, 1 
 1995  02 03 01 01 02 01        		db	2, 3, 1, 1, 2, 1 
 199B  00 01 02 02 01 01        		db	0, 1, 2, 2, 1, 1 
 19A1  01 01 02 02 02 03        		db	1, 1, 2, 2, 2, 3 
 19A7  01 01 02 02 00 02        		db	1, 1, 2, 2, 0, 2 
 19AD  02 02 01 01 02 03        		db	2, 2, 1, 1, 2, 3 
 19B3  02 02 02 03 01 01        		db	2, 2, 2, 3, 1, 1 
 19B9  02 02 02 02 02 02        		db	2, 2, 2, 2, 2, 2 
 19BF  01 01 02 02 01 01        		db	1, 1, 2, 2, 1, 1 
 19C5  01 03 01 01 03 03        		db	1, 3, 1, 1, 3, 3 
 19CB  01 01 01 01 01 01        		db	1, 1, 1, 1, 1, 1 
 19D1  03 03 01 01 01 03        		db	3, 3, 1, 1, 1, 3 
 19D7  01 01 03 03 01 01        		db	1, 1, 3, 3, 1, 1 
 19DD  01 01 01 01 03 03        		db	1, 1, 1, 1, 3, 3 
 19E3  02 01 02 03 03 02        		db	2, 1, 2, 3, 3, 2 
 19E9  03 03 02 01 02 02        		db	3, 3, 2, 1, 2, 2 
 19EF  03 03 03 03 03 01        		db	3, 3, 3, 3, 3, 1 
 19F5  03 03 03 02 03 03        		db	3, 3, 3, 2, 3, 3 
 19FB  03 01 03 02 03 03        		db	3, 1, 3, 2, 3, 3 
 1A01  03 03                    		db	3, 3 
                                 
Microsoft (R) Macro Assembler  Version 4.00                 3/29/26 15:12:02

                                                            Page     1-52
                                                            

                                ;ﬂﬂﬂﬂﬂﬂﬂﬂﬂﬂﬂﬂﬂﬂﬂﬂﬂﬂﬂﬂﬂﬂﬂﬂﬂﬂﬂﬂﬂﬂﬂﬂﬂﬂﬂﬂﬂﬂﬂﬂﬂﬂﬂﬂﬂﬂﬂﬂﬂﬂﬂﬂﬂﬂﬂﬂﬂﬂﬂﬂﬂﬂﬂﬂﬂﬂﬂﬂﬂﬂﬂﬂﬂﬂ 
                                ;                              SUBROUTINE 
                                ;‹‹‹‹‹‹‹‹‹‹‹‹‹‹‹‹‹‹‹‹‹‹‹‹‹‹‹‹‹‹‹‹‹‹‹‹‹‹‹‹‹‹‹‹‹‹‹‹‹‹‹‹‹‹‹‹‹‹‹‹‹‹‹‹‹‹‹‹‹‹‹‹‹‹ 
                                 
 1A03                           sub_18		proc	near 
 1A03  51                       		push	cx 
 1A04  56                       		push	si 
 1A05  2E: 8B 36 4AA0           		mov	si,cs:data_72e 
 1A0A  B9 0008                  		mov	cx,8 
                                 
 1A0D                           locloop_132: 
 1A0D  33 DB                    		xor	bx,bx			; Zero register 
 1A0F  2E: D1 06 4AA8           		rol	word ptr cs:data_76e,1	; Rotate 
 1A14  13 DB                    		adc	bx,bx 
 1A16  2E: D1 06 4AA6           		rol	word ptr cs:data_75e,1	; Rotate 
 1A1B  13 DB                    		adc	bx,bx 
 1A1D  2E: D1 06 4AA4           		rol	word ptr cs:data_74e,1	; Rotate 
 1A22  13 DB                    		adc	bx,bx 
 1A24  2E: D1 06 4AA2           		rol	word ptr cs:data_73e,1	; Rotate 
 1A29  13 DB                    		adc	bx,bx 
 1A2B  2E: D1 06 4AA8           		rol	word ptr cs:data_76e,1	; Rotate 
 1A30  13 DB                    		adc	bx,bx 
 1A32  2E: D1 06 4AA6           		rol	word ptr cs:data_75e,1	; Rotate 
 1A37  13 DB                    		adc	bx,bx 
 1A39  2E: D1 06 4AA4           		rol	word ptr cs:data_74e,1	; Rotate 
 1A3E  13 DB                    		adc	bx,bx 
 1A40  2E: D1 06 4AA2           		rol	word ptr cs:data_73e,1	; Rotate 
 1A45  13 DB                    		adc	bx,bx 
 1A47  03 C0                    		add	ax,ax 
 1A49  03 C0                    		add	ax,ax 
 1A4B  2E: 0A 00                		or	al,cs:[bx+si] 
 1A4E  E2 BD                    		loop	locloop_132		; Loop if cx > 0 
                                 
 1A50  5E                       		pop	si 
 1A51  59                       		pop	cx 
                                		retn 
 1A52  C3                     1                 db     0C3h
                                sub_18		endp 
                                 
                                			                        ;* No entry point to code 
 1A53  1E                       		push	ds 
 1A54  B8 B800                  		mov	ax,0B800h 
 1A57  8E D8                    		mov	ds,ax 
 1A59  33 F6                    		xor	si,si			; Zero register 
 1A5B  8C C8                    		mov	ax,cs 
 1A5D  05 2000                  		add	ax,2000h 
 1A60  8E C0                    		mov	es,ax 
 1A62  BF 0000                  		mov	di,data_96e 
 1A65  B9 00C8                  		mov	cx,0C8h 
                                 
 1A68                           locloop_133: 
 1A68  51                       		push	cx 
 1A69  56                       		push	si 
 1A6A  B9 0028                  		mov	cx,28h 
 1A6D  F3/ A5                   		rep	movsw			; Rep when cx >0 Mov [si] to es:[di] 
Microsoft (R) Macro Assembler  Version 4.00                 3/29/26 15:12:02

                                                            Page     1-53
                                                            

 1A6F  5E                       		pop	si 
 1A70  81 C6 2000               		add	si,2000h 
 1A74  81 FE 4000               		cmp	si,4000h 
 1A78  72 04                    		jb	loc_134			; Jump if below 
 1A7A  81 C6 C050               		add	si,0C050h 
 1A7E                           loc_134: 
 1A7E  59                       		pop	cx 
 1A7F  E2 E7                    		loop	locloop_133		; Loop if cx > 0 
                                 
 1A81  1F                       		pop	ds 
 1A82  33 C0                    		xor	ax,ax			; Zero register 
 1A84  BF 4000                  		mov	di,data_99e 
 1A87  B9 2000                  		mov	cx,2000h 
 1A8A  F3/ AB                   		rep	stosw			; Rep when cx >0 Store ax to es:[di] 
                                		retn 
 1A8C  C3                     1                 db     0C3h
                                			                        ;* No entry point to code 
 1A8D  53                       		push	bx 
 1A8E  8A DC                    		mov	bl,ah 
 1A90  32 FF                    		xor	bh,bh			; Zero register 
 1A92  2E: 8A A7 4A97           		mov	ah,cs:data_71e[bx] 
 1A97  5B                       		pop	bx 
 1A98  2E: FF 26 2022           		jmp	word ptr cs:data_60e 
 1A9D  00 05 02 07 03 04        		db	 00h, 05h, 02h, 07h, 03h, 04h 
 1AA3  06 01 C3                 		db	 06h, 01h,0C3h 
 1AA6  0378[                    		db	888 dup (0) 
            00                  
                         ]      
                                
                                 
 1E1E                           seg_a		ends 
                                 
                                 
                                 
                                		end	start 

Microsoft (R) Macro Assembler  Version 4.00                 3/29/26 15:12:02

                                                            Symbols-1
                                                             

Macros:

		N a m e			Lines

CALLF  . . . . . . . . . . . . .  	   2
CALLFX . . . . . . . . . . . . .  	   3
JMPN . . . . . . . . . . . . . .  	   2
MOVSEG . . . . . . . . . . . . .  	  43
RETF . . . . . . . . . . . . . .  	   6
RETN . . . . . . . . . . . . . .  	   6

Segments and Groups:

                N a m e         	Size	Align	Combine Class

SEG_A  . . . . . . . . . . . . .  	1E1E	BYTE	PUBLIC	

Symbols:            

                N a m e         	Type	Value	Attr         

DATA_100E  . . . . . . . . . . .  	Number	4050	
DATA_101E  . . . . . . . . . . .  	Number	0000	
DATA_102E  . . . . . . . . . . .  	Number	C050	
DATA_15  . . . . . . . . . . . .  	L BYTE 	102A	SEG_A
DATA_1E  . . . . . . . . . . . .  	Number	0000	
DATA_2E  . . . . . . . . . . . .  	Number	0240	
DATA_53  . . . . . . . . . . . .  	L WORD 	14F0	SEG_A
DATA_60E . . . . . . . . . . . .  	Number	2022	
DATA_61E . . . . . . . . . . . .  	Number	2050	
DATA_62E . . . . . . . . . . . .  	Number	29DC	
DATA_63E . . . . . . . . . . . .  	Number	2A80	
DATA_64E . . . . . . . . . . . .  	Number	32C4	
DATA_65E . . . . . . . . . . . .  	Number	32D4	
DATA_66E . . . . . . . . . . . .  	Number	3635	
DATA_67E . . . . . . . . . . . .  	Number	3637	
DATA_68E . . . . . . . . . . . .  	Number	3A05	
DATA_69E . . . . . . . . . . . .  	Number	3AC9	
DATA_70E . . . . . . . . . . . .  	Number	3AFC	
DATA_71E . . . . . . . . . . . .  	Number	4A97	
DATA_72E . . . . . . . . . . . .  	Number	4AA0	
DATA_73E . . . . . . . . . . . .  	Number	4AA2	
DATA_74E . . . . . . . . . . . .  	Number	4AA4	
DATA_75E . . . . . . . . . . . .  	Number	4AA6	
DATA_76E . . . . . . . . . . . .  	Number	4AA8	
DATA_77E . . . . . . . . . . . .  	Number	4AAA	
DATA_78E . . . . . . . . . . . .  	Number	4AAB	
DATA_79E . . . . . . . . . . . .  	Number	4AAC	
DATA_8 . . . . . . . . . . . . .  	L WORD 	0662	SEG_A
DATA_80E . . . . . . . . . . . .  	Number	4AAD	
DATA_81E . . . . . . . . . . . .  	Number	4AAE	
DATA_83E . . . . . . . . . . . .  	Number	4AB0	
DATA_84E . . . . . . . . . . . .  	Number	4AB2	
DATA_85E . . . . . . . . . . . .  	Number	4DD4	
DATA_86E . . . . . . . . . . . .  	Number	5500	
Microsoft (R) Macro Assembler  Version 4.00                 3/29/26 15:12:02

                                                            Symbols-2
                                                             

DATA_87E . . . . . . . . . . . .  	Number	9F36	
DATA_88E . . . . . . . . . . . .  	Number	A000	
DATA_89E . . . . . . . . . . . .  	Number	C050	
DATA_90E . . . . . . . . . . . .  	Number	F500	
DATA_91E . . . . . . . . . . . .  	Number	FF1A	
DATA_92E . . . . . . . . . . . .  	Number	FF2C	
DATA_93E . . . . . . . . . . . .  	Number	FF5F	
DATA_94E . . . . . . . . . . . .  	Number	FF60	
DATA_95E . . . . . . . . . . . .  	Number	FF61	
DATA_96E . . . . . . . . . . . .  	Number	0000	
DATA_97E . . . . . . . . . . . .  	Number	1A6E	
DATA_98E . . . . . . . . . . . .  	Number	1A8E	
DATA_99E . . . . . . . . . . . .  	Number	4000	

LOCLOOP_100  . . . . . . . . . .  	L NEAR	0C8D	SEG_A
LOCLOOP_102  . . . . . . . . . .  	L NEAR	0CD5	SEG_A
LOCLOOP_104  . . . . . . . . . .  	L NEAR	0D19	SEG_A
LOCLOOP_110  . . . . . . . . . .  	L NEAR	0E17	SEG_A
LOCLOOP_112  . . . . . . . . . .  	L NEAR	0E26	SEG_A
LOCLOOP_113  . . . . . . . . . .  	L NEAR	0E4C	SEG_A
LOCLOOP_114  . . . . . . . . . .  	L NEAR	0E72	SEG_A
LOCLOOP_115  . . . . . . . . . .  	L NEAR	0E96	SEG_A
LOCLOOP_116  . . . . . . . . . .  	L NEAR	0EC1	SEG_A
LOCLOOP_117  . . . . . . . . . .  	L NEAR	0EE7	SEG_A
LOCLOOP_118  . . . . . . . . . .  	L NEAR	0F24	SEG_A
LOCLOOP_119  . . . . . . . . . .  	L NEAR	0F5B	SEG_A
LOCLOOP_123  . . . . . . . . . .  	L NEAR	0FC1	SEG_A
LOCLOOP_125  . . . . . . . . . .  	L NEAR	0FE9	SEG_A
LOCLOOP_126  . . . . . . . . . .  	L NEAR	1040	SEG_A
LOCLOOP_128  . . . . . . . . . .  	L NEAR	10A0	SEG_A
LOCLOOP_130  . . . . . . . . . .  	L NEAR	10E3	SEG_A
LOCLOOP_132  . . . . . . . . . .  	L NEAR	1A0D	SEG_A
LOCLOOP_133  . . . . . . . . . .  	L NEAR	1A68	SEG_A
LOCLOOP_15 . . . . . . . . . . .  	L NEAR	0251	SEG_A
LOCLOOP_17 . . . . . . . . . . .  	L NEAR	026C	SEG_A
LOCLOOP_18 . . . . . . . . . . .  	L NEAR	028A	SEG_A
LOCLOOP_19 . . . . . . . . . . .  	L NEAR	0293	SEG_A
LOCLOOP_2  . . . . . . . . . . .  	L NEAR	0060	SEG_A
LOCLOOP_21 . . . . . . . . . . .  	L NEAR	02BD	SEG_A
LOCLOOP_25 . . . . . . . . . . .  	L NEAR	0319	SEG_A
LOCLOOP_27 . . . . . . . . . . .  	L NEAR	0331	SEG_A
LOCLOOP_28 . . . . . . . . . . .  	L NEAR	03B5	SEG_A
LOCLOOP_29 . . . . . . . . . . .  	L NEAR	03BB	SEG_A
LOCLOOP_3  . . . . . . . . . . .  	L NEAR	009F	SEG_A
LOCLOOP_32 . . . . . . . . . . .  	L NEAR	03FC	SEG_A
LOCLOOP_34 . . . . . . . . . . .  	L NEAR	0442	SEG_A
LOCLOOP_36 . . . . . . . . . . .  	L NEAR	0466	SEG_A
LOCLOOP_4  . . . . . . . . . . .  	L NEAR	0116	SEG_A
LOCLOOP_41 . . . . . . . . . . .  	L NEAR	0512	SEG_A
LOCLOOP_43 . . . . . . . . . . .  	L NEAR	051B	SEG_A
LOCLOOP_46 . . . . . . . . . . .  	L NEAR	0575	SEG_A
LOCLOOP_47 . . . . . . . . . . .  	L NEAR	05A0	SEG_A
LOCLOOP_54 . . . . . . . . . . .  	L NEAR	060C	SEG_A
LOCLOOP_56 . . . . . . . . . . .  	L NEAR	0689	SEG_A
LOCLOOP_57 . . . . . . . . . . .  	L NEAR	06D5	SEG_A
Microsoft (R) Macro Assembler  Version 4.00                 3/29/26 15:12:02

                                                            Symbols-3
                                                             

LOCLOOP_58 . . . . . . . . . . .  	L NEAR	06F8	SEG_A
LOCLOOP_59 . . . . . . . . . . .  	L NEAR	06FC	SEG_A
LOCLOOP_62 . . . . . . . . . . .  	L NEAR	0758	SEG_A
LOCLOOP_63 . . . . . . . . . . .  	L NEAR	075E	SEG_A
LOCLOOP_64 . . . . . . . . . . .  	L NEAR	07A9	SEG_A
LOCLOOP_66 . . . . . . . . . . .  	L NEAR	07D5	SEG_A
LOCLOOP_67 . . . . . . . . . . .  	L NEAR	07FC	SEG_A
LOCLOOP_78 . . . . . . . . . . .  	L NEAR	0885	SEG_A
LOCLOOP_80 . . . . . . . . . . .  	L NEAR	08A0	SEG_A
LOCLOOP_82 . . . . . . . . . . .  	L NEAR	08B5	SEG_A
LOCLOOP_84 . . . . . . . . . . .  	L NEAR	08D0	SEG_A
LOCLOOP_89 . . . . . . . . . . .  	L NEAR	0B40	SEG_A
LOCLOOP_93 . . . . . . . . . . .  	L NEAR	0BA1	SEG_A
LOCLOOP_94 . . . . . . . . . . .  	L NEAR	0BB3	SEG_A
LOCLOOP_96 . . . . . . . . . . .  	L NEAR	0C18	SEG_A
LOC_1  . . . . . . . . . . . . .  	L NEAR	003A	SEG_A
LOC_10 . . . . . . . . . . . . .  	L NEAR	01F1	SEG_A
LOC_101  . . . . . . . . . . . .  	L NEAR	0CB6	SEG_A
LOC_103  . . . . . . . . . . . .  	L NEAR	0D08	SEG_A
LOC_105  . . . . . . . . . . . .  	L NEAR	0D93	SEG_A
LOC_106  . . . . . . . . . . . .  	L NEAR	0DCF	SEG_A
LOC_107  . . . . . . . . . . . .  	L NEAR	0DD2	SEG_A
LOC_108  . . . . . . . . . . . .  	L NEAR	0E07	SEG_A
LOC_109  . . . . . . . . . . . .  	L NEAR	0E0A	SEG_A
LOC_11 . . . . . . . . . . . . .  	L NEAR	0223	SEG_A
LOC_111  . . . . . . . . . . . .  	L NEAR	0E1A	SEG_A
LOC_12 . . . . . . . . . . . . .  	L NEAR	0227	SEG_A
LOC_120  . . . . . . . . . . . .  	L NEAR	0F76	SEG_A
LOC_121  . . . . . . . . . . . .  	L NEAR	0FAA	SEG_A
LOC_122  . . . . . . . . . . . .  	L NEAR	0FBA	SEG_A
LOC_124  . . . . . . . . . . . .  	L NEAR	0FDF	SEG_A
LOC_127  . . . . . . . . . . . .  	L NEAR	105B	SEG_A
LOC_129  . . . . . . . . . . . .  	L NEAR	10BE	SEG_A
LOC_13 . . . . . . . . . . . . .  	L NEAR	022F	SEG_A
LOC_131  . . . . . . . . . . . .  	L NEAR	10F2	SEG_A
LOC_134  . . . . . . . . . . . .  	L NEAR	1A7E	SEG_A
LOC_16 . . . . . . . . . . . . .  	L NEAR	0265	SEG_A
LOC_20 . . . . . . . . . . . . .  	L NEAR	0299	SEG_A
LOC_22 . . . . . . . . . . . . .  	L NEAR	02F9	SEG_A
LOC_23 . . . . . . . . . . . . .  	L NEAR	02FF	SEG_A
LOC_24 . . . . . . . . . . . . .  	L NEAR	0304	SEG_A
LOC_26 . . . . . . . . . . . . .  	L NEAR	0329	SEG_A
LOC_30 . . . . . . . . . . . . .  	L NEAR	03D4	SEG_A
LOC_31 . . . . . . . . . . . . .  	L NEAR	03D9	SEG_A
LOC_33 . . . . . . . . . . . . .  	L NEAR	041D	SEG_A
LOC_35 . . . . . . . . . . . . .  	L NEAR	0458	SEG_A
LOC_37 . . . . . . . . . . . . .  	L NEAR	0485	SEG_A
LOC_38 . . . . . . . . . . . . .  	L NEAR	048B	SEG_A
LOC_39 . . . . . . . . . . . . .  	L NEAR	04A5	SEG_A
LOC_40 . . . . . . . . . . . . .  	L NEAR	050A	SEG_A
LOC_42 . . . . . . . . . . . . .  	L NEAR	0515	SEG_A
LOC_44 . . . . . . . . . . . . .  	L NEAR	055B	SEG_A
LOC_45 . . . . . . . . . . . . .  	L NEAR	0561	SEG_A
LOC_48 . . . . . . . . . . . . .  	L NEAR	05A8	SEG_A
LOC_49 . . . . . . . . . . . . .  	L NEAR	05B0	SEG_A
Microsoft (R) Macro Assembler  Version 4.00                 3/29/26 15:12:02

                                                            Symbols-4
                                                             

LOC_5  . . . . . . . . . . . . .  	L NEAR	015F	SEG_A
LOC_50 . . . . . . . . . . . . .  	L NEAR	05C8	SEG_A
LOC_51 . . . . . . . . . . . . .  	L NEAR	05D1	SEG_A
LOC_52 . . . . . . . . . . . . .  	L NEAR	05E9	SEG_A
LOC_53 . . . . . . . . . . . . .  	L NEAR	0606	SEG_A
LOC_55 . . . . . . . . . . . . .  	L NEAR	0634	SEG_A
LOC_6  . . . . . . . . . . . . .  	L NEAR	016A	SEG_A
LOC_60 . . . . . . . . . . . . .  	L NEAR	0723	SEG_A
LOC_61 . . . . . . . . . . . . .  	L NEAR	072B	SEG_A
LOC_65 . . . . . . . . . . . . .  	L NEAR	07AF	SEG_A
LOC_68 . . . . . . . . . . . . .  	L NEAR	0830	SEG_A
LOC_69 . . . . . . . . . . . . .  	L NEAR	083E	SEG_A
LOC_7  . . . . . . . . . . . . .  	L NEAR	0199	SEG_A
LOC_70 . . . . . . . . . . . . .  	L NEAR	0842	SEG_A
LOC_71 . . . . . . . . . . . . .  	L NEAR	084D	SEG_A
LOC_72 . . . . . . . . . . . . .  	L NEAR	0851	SEG_A
LOC_73 . . . . . . . . . . . . .  	L NEAR	085F	SEG_A
LOC_74 . . . . . . . . . . . . .  	L NEAR	0863	SEG_A
LOC_75 . . . . . . . . . . . . .  	L NEAR	086E	SEG_A
LOC_76 . . . . . . . . . . . . .  	L NEAR	0875	SEG_A
LOC_77 . . . . . . . . . . . . .  	L NEAR	0881	SEG_A
LOC_79 . . . . . . . . . . . . .  	L NEAR	089C	SEG_A
LOC_8  . . . . . . . . . . . . .  	L NEAR	01B2	SEG_A
LOC_81 . . . . . . . . . . . . .  	L NEAR	08B1	SEG_A
LOC_83 . . . . . . . . . . . . .  	L NEAR	08CC	SEG_A
LOC_85 . . . . . . . . . . . . .  	L NEAR	08DB	SEG_A
LOC_86 . . . . . . . . . . . . .  	L NEAR	090E	SEG_A
LOC_87 . . . . . . . . . . . . .  	L NEAR	0926	SEG_A
LOC_88 . . . . . . . . . . . . .  	L NEAR	093E	SEG_A
LOC_9  . . . . . . . . . . . . .  	L NEAR	01C3	SEG_A
LOC_90 . . . . . . . . . . . . .  	L NEAR	0B51	SEG_A
LOC_91 . . . . . . . . . . . . .  	L NEAR	0B61	SEG_A
LOC_92 . . . . . . . . . . . . .  	L NEAR	0B6F	SEG_A
LOC_95 . . . . . . . . . . . . .  	L NEAR	0BC5	SEG_A
LOC_97 . . . . . . . . . . . . .  	L NEAR	0C34	SEG_A
LOC_98 . . . . . . . . . . . . .  	L NEAR	0C3E	SEG_A
LOC_99 . . . . . . . . . . . . .  	L NEAR	0C86	SEG_A
LOC_RET_14 . . . . . . . . . . .  	L NEAR	023D	SEG_A

START  . . . . . . . . . . . . .  	L NEAR	0000	SEG_A
SUB_1  . . . . . . . . . . . . .  	N PROC	01A4	SEG_A	Length = 009A
SUB_10 . . . . . . . . . . . . .  	N PROC	0CD5	SEG_A	Length = 0037
SUB_11 . . . . . . . . . . . . .  	N PROC	0D0C	SEG_A	Length = 0007
SUB_12 . . . . . . . . . . . . .  	N PROC	0E1C	SEG_A	Length = 0026
SUB_13 . . . . . . . . . . . . .  	N PROC	0E42	SEG_A	Length = 0072
SUB_14 . . . . . . . . . . . . .  	N PROC	0EB4	SEG_A	Length = 0085
SUB_15 . . . . . . . . . . . . .  	N PROC	0F39	SEG_A	Length = 000C
SUB_16 . . . . . . . . . . . . .  	N PROC	0F83	SEG_A	Length = 00A7
SUB_17 . . . . . . . . . . . . .  	N PROC	1068	SEG_A	Length = 005B
SUB_18 . . . . . . . . . . . . .  	N PROC	1A03	SEG_A	Length = 0050
SUB_2  . . . . . . . . . . . . .  	N PROC	032E	SEG_A	Length = 0014
SUB_3  . . . . . . . . . . . . .  	N PROC	05AE	SEG_A	Length = 0021
SUB_4  . . . . . . . . . . . . .  	N PROC	05CF	SEG_A	Length = 0021
SUB_5  . . . . . . . . . . . . .  	N PROC	05F0	SEG_A	Length = 004B
SUB_6  . . . . . . . . . . . . .  	N PROC	0714	SEG_A	Length = 0061
Microsoft (R) Macro Assembler  Version 4.00                 3/29/26 15:12:02

                                                            Symbols-5
                                                             

SUB_7  . . . . . . . . . . . . .  	N PROC	08E5	SEG_A	Length = 0066
SUB_8  . . . . . . . . . . . . .  	N PROC	0BD6	SEG_A	Length = 0070
SUB_9  . . . . . . . . . . . . .  	N PROC	0CBF	SEG_A	Length = 0016

TARGET . . . . . . . . . . . . .  	Number	4D34	

_102GDCGA  . . . . . . . . . . .  	F PROC	0000	SEG_A	Length = 01A4


   2720 Source  Lines
   2997 Total   Lines
    230 Symbols

  40154 Bytes symbol space free

      0 Warning Errors
      1 Severe  Errors
