Microsoft (R) Macro Assembler  Version 4.00                 3/29/26 15:12:12

                                                            Page     1-1
                                                            

                                 
                                PAGE  59,132 
                                 
                                ;€€€€€€€€€€€€€€€€€€€€€€€€€€€€€€€€€€€€€€€€€€€€€€€€€€€€€€€€€€€€€€€€€€€€€€€€€€ 
                                ;€€					                                 €€ 
                                ;€€				_103GDHGC                                €€ 
                                ;€€					                                 €€ 
                                ;€€      Created:   29-Mar-26		                                 €€ 
                                ;€€      Code type: zero start		                                 €€ 
                                ;€€      Passes:    9          Analysis	Options on: none                 €€ 
                                ;€€					                                 €€ 
                                ;€€€€€€€€€€€€€€€€€€€€€€€€€€€€€€€€€€€€€€€€€€€€€€€€€€€€€€€€€€€€€€€€€€€€€€€€€€ 
                                 
 = 4D34                         target		EQU   'M4'                      ; Target assembler: MASM-4.0 
                                 
                             C  include  srmacros.inc 
                             C   
                             C  ; Macros which may be required for proper re-assembly 
                             C   
                             C  IF (target EQ 'M4') 
                             C  ;----------------------------------------------------------------------------- 
                             C  ;  MASM 4.0 does not allow retf and retn, allowed by current assemblers. 
                             C  ;  These marcos, convert RETF and RETN into data bytes that are acceptable 
                             C  ;  to MASM 4.0. 
                             C   
                             C   
                             C  retf            macro   ret_count               ; Fixup for Assembler 
                             C                  if      ret_count+0 GT 1 
                             C                  db      0CAh 
                             C                  dw      ret_count 
                             C                  else 
                             C                  db      0CBh 
                             C                  endif 
                             C  endm 
                             C   
                             C  retn            macro  ret_count 
                             C                  if     ret_count+0 GT 1 
                             C                  db     0C2h 
                             C                  dw     ret_count 
                             C                  else 
                             C                  db     0C3h 
                             C                  endif 
                             C  endm 
                             C   
                             C  ENDIF 
                             C   
                             C   
                             C  IF (target EQ 'M4') OR (target EQ 'M5')  
                             C  ;----------------------------------------------------------------------------- 
                             C  ; Due to a bug in earlier MASM assemblers, the valid instruction type  
                             C  ; "mov segreg, reg"  cannot be used, if the register is not AX.   
                             C  ; For example:  mov  es, bx 
                             C   
                             C  movseg          macro reg16, unused, Imm16      ; Fixup for Assembler 
                             C                  ifidn  <reg16>, <bx>             
Microsoft (R) Macro Assembler  Version 4.00                 3/29/26 15:12:12

                                                            Page     1-2
                                                            

                             C                  db     0BBh                      
                             C                  endif                            
                             C                  ifidn  <reg16>, <cx>             
                             C                  db     0B9h                      
                             C                  endif 
                             C                  ifidn  <reg16>, <dx> 
                             C                  db     0BAh 
                             C                  endif 
                             C                  ifidn  <reg16>, <si> 
                             C                  db     0BEh 
                             C                  endif 
                             C                  ifidn  <reg16>, <di> 
                             C                  db     0BFh 
                             C                  endif 
                             C                  ifidn  <reg16>, <bp> 
                             C                  db     0BDh 
                             C                  endif 
                             C                  ifidn  <reg16>, <sp> 
                             C                  db     0BCh 
                             C                  endif 
                             C                  ifidn  <reg16>, <BX> 
                             C                  db     0BBH 
                             C                  endif 
                             C                  ifidn  <reg16>, <CX> 
                             C                  db     0B9H 
                             C                  endif 
                             C                  ifidn  <reg16>, <DX> 
                             C                  db     0BAH 
                             C                  endif 
                             C                  ifidn  <reg16>, <SI> 
                             C                  db     0BEH 
                             C                  endif 
                             C                  ifidn  <reg16>, <DI> 
                             C                  db     0BFH 
                             C                  endif 
                             C                  ifidn  <reg16>, <BP> 
                             C                  db     0BDH 
                             C                  endif 
                             C                  ifidn  <reg16>, <SP> 
                             C                  db     0BCH 
                             C                  endif 
                             C                  dw     seg Imm16 
                             C  endm 
                             C   
                             C  ENDIF 
                             C   
                             C   
                             C  ENDIF 
                             C   
                             C   
                             C   
                             C  IFE (target EQ 'NO') 
                             C  ;----------------------------------------------------------------------------- 
                             C  ;  Some compilers and some assemblers will code a call that goes to a far 
                             C  ;  subroutine in the same segment as: 
Microsoft (R) Macro Assembler  Version 4.00                 3/29/26 15:12:12

                                                            Page     1-3
                                                            

                             C  ; 
                             C  ;               PUSH    CS 
                             C  ;               CALL    near 
                             C  ; 
                             C  ;  This saves one byte, and is slightly faster.  If the assembler you are 
                             C  ;  using (i.e. MASM, Optasm) does not do this automatically, the following 
                             C  ;  macros are used to code the same information.  In other words, the binary 
                             C  ;  file has "PUSH CS, CALL near", and Sourcer ensures the same instructions 
                             C  ;  are used!  (macro CALLF) 
                             C  ; 
                             C   
                             C  callf           macro   location 
                             C                  push    cs 
                             C                  call    near ptr location 
                             C  endm 
                             C   
                             C  ;  Some compilers generate an unnecessary DS override on the call instruction 
                             C  ;  when compacting the CALLF type function.  Macro CALLFX handles this case. 
                             C   
                             C  callfx          macro   location 
                             C                  push    cs 
                             C                  db      3Eh 
                             C                  call    near ptr location 
                             C  endm 
                             C   
                             C   
                             C  ;----------------------------------------------------------------------------- 
                             C  ;  Some compilers and some assemblers will code a near call that is the 
                             C  ;  selected assembler will convert to a short jump to save a byte.  This 
                             C  ;  reconstructs a near jump for these cases. 
                             C   
                             C  jmpn            macro   location 
                             C                  db      0E9h 
                             C                  dw      offset location-$-2 
                             C  endm 
                             C   
                             C  ENDIF 
                             C   
                                 
                                 
                                 
                                ; The following equates show data references outside the range of the program. 
                                 
 = 0000                         data_1e		equ	0 
 = 0240                         data_2e		equ	240h 
 = 2022                         data_54e	equ	2022h			;* 
 = 2050                         data_55e	equ	2050h			;* 
 = 29DC                         data_56e	equ	29DCh			;* 
 = 2A80                         data_57e	equ	2A80h			;* 
 = 32BB                         data_58e	equ	32BBh			;* 
 = 32CB                         data_59e	equ	32CBh			;* 
 = 3645                         data_60e	equ	3645h			;* 
 = 3647                         data_61e	equ	3647h			;* 
 = 3ACB                         data_62e	equ	3ACBh			;* 
 = 3B8F                         data_63e	equ	3B8Fh			;* 
Microsoft (R) Macro Assembler  Version 4.00                 3/29/26 15:12:12

                                                            Page     1-4
                                                            

 = 3BC2                         data_64e	equ	3BC2h			;* 
 = 44F5                         data_65e	equ	44F5h			;* 
 = 4C23                         data_66e	equ	4C23h			;* 
 = 4C52                         data_67e	equ	4C52h			;* 
 = 4C54                         data_68e	equ	4C54h			;* 
 = 4C56                         data_69e	equ	4C56h			;* 
 = 4C58                         data_70e	equ	4C58h			;* 
 = 4C5A                         data_71e	equ	4C5Ah			;* 
 = 4C5C                         data_72e	equ	4C5Ch			;* 
 = 4C5D                         data_73e	equ	4C5Dh			;* 
 = 4C5E                         data_74e	equ	4C5Eh			;* 
 = 4C5F                         data_75e	equ	4C5Fh			;* 
 = 4C60                         data_76e	equ	4C60h			;* 
 = 4C62                         data_78e	equ	4C62h			;* 
 = 4C64                         data_79e	equ	4C64h			;* 
 = 4F86                         data_80e	equ	4F86h			;* 
 = 5500                         data_81e	equ	5500h			;* 
 = 5FA6                         data_82e	equ	5FA6h			;* 
 = A000                         data_83e	equ	0A000h			;* 
 = A05A                         data_84e	equ	0A05Ah			;* 
 = F500                         data_85e	equ	0F500h			;* 
 = FF1A                         data_86e	equ	0FF1Ah			;* 
 = FF2C                         data_87e	equ	0FF2Ch			;* 
 = 0000                         data_88e	equ	0			;* 
 = 1A6E                         data_89e	equ	1A6Eh			;* 
 = 1A8E                         data_90e	equ	1A8Eh			;* 
 = 4000                         data_91e	equ	4000h			;* 
 = 4050                         data_92e	equ	4050h			;* 
 = 0000                         data_93e	equ	0			;* 
 = 232F                         data_94e	equ	232Fh 
 = 6000                         data_95e	equ	6000h 
 = A059                         data_96e	equ	0A059h 
 = A05A                         data_97e	equ	0A05Ah 
                                 
 0000                           seg_a		segment	byte public 
                                		assume	cs:seg_a, ds:seg_a 
                                 
                                 
 0000                           		org	0 
                                 
 0000                           _103GDHGC	proc	far 
                                 
 0000                           start: 
                                		retf	1Fh			; Return far 
 0000  CA                     1                 db      0CAh
 0001  001F                   1                 dw      1Fh
 0003  00 2B 4C 32 30 78        		db	 00h, 2Bh, 4Ch, 32h, 30h, 78h 
 0009  30 C2 30 7A 42 D8        		db	 30h,0C2h, 30h, 7Ah, 42h,0D8h 
 000F  4B DB 32 33 33 CA        		db	 4Bh,0DBh, 32h, 33h, 33h,0CAh 
 0015  33 4A 34 65 36 B1        		db	 33h, 4Ah, 34h, 65h, 36h,0B1h 
 001B  36 2B 4C DA 30 FD        		db	 36h, 2Bh, 4Ch,0DAh, 30h,0FDh 
 0021  36 7F 37 7D 38 C5        		db	 36h, 7Fh, 37h, 7Dh, 38h,0C5h 
 0027  3B 30 3D 49 3E 9F        		db	 3Bh, 30h, 3Dh, 49h, 3Eh, 9Fh 
 002D  3E 9C 40 A6 41 56        		db	 3Eh, 9Ch, 40h,0A6h, 41h, 56h 
 0033  42 13 4C 50 53 51        		db	 42h, 13h, 4Ch, 50h, 53h, 51h 
Microsoft (R) Macro Assembler  Version 4.00                 3/29/26 15:12:12

                                                            Page     1-5
                                                            

 0039  1E 8A C5 F6 E1 8B        		db	 1Eh, 8Ah,0C5h,0F6h,0E1h, 8Bh 
 003F  E8 06 1F 8B F7 8C        		db	0E8h, 06h, 1Fh, 8Bh,0F7h, 8Ch 
 0045  C8 05 00 30 8E C0        		db	0C8h, 05h, 00h, 30h, 8Eh,0C0h 
 004B  BF 00 00 2E C7 06        		db	0BFh, 00h, 00h, 2Eh,0C7h, 06h 
 0051  56 4C 00 00 2E C7        		db	 56h, 4Ch, 00h, 00h, 2Eh,0C7h 
 0057  06 58 4C 00 00 8B        		db	 06h, 58h, 4Ch, 00h, 00h, 8Bh 
 005D  CD D1 E9                 		db	0CDh,0D1h,0E9h 
                                 
 0060                           locloop_1: 
 0060  3E: 8B 02                		mov	ax,ds:[bp+si] 
 0063  2E: A3 4C5A              		mov	cs:data_71e,ax 
 0067  AD                       		lodsw				; String [si] to ax 
 0068  2E: A3 4C54              		mov	cs:data_68e,ax 
 006C  E8 1B8E R                		call	sub_20 
 006F  AB                       		stosw				; Store ax to es:[di] 
 0070  E2 EE                    		loop	locloop_1		; Loop if cx > 0 
                                 
 0072  1F                       		pop	ds 
 0073  59                       		pop	cx 
 0074  5B                       		pop	bx 
 0075  58                       		pop	ax 
 0076  BF 0000                  		mov	di,0 
 0079  E9 014C R                		jmp	loc_5 
                                			                        ;* No entry point to code 
 007C  50                       		push	ax 
 007D  53                       		push	bx 
 007E  51                       		push	cx 
 007F  1E                       		push	ds 
 0080  8A C5                    		mov	al,ch 
 0082  F6 E1                    		mul	cl			; ax = reg * al 
 0084  8B E8                    		mov	bp,ax 
 0086  06                       		push	es 
 0087  1F                       		pop	ds 
 0088  8B F7                    		mov	si,di 
 008A  8C C8                    		mov	ax,cs 
 008C  05 3000                  		add	ax,3000h 
 008F  8E C0                    		mov	es,ax 
 0091  BF 0000                  		mov	di,0 
 0094  2E: C7 06 4C5A 0000      		mov	word ptr cs:data_71e,0 
 009B  8B CD                    		mov	cx,bp 
 009D  D1 E9                    		shr	cx,1			; Shift w/zeros fill 
                                 
 009F                           locloop_2: 
 009F  03 ED                    		add	bp,bp 
 00A1  3E: 8B 02                		mov	ax,ds:[bp+si] 
 00A4  2E: A3 4C58              		mov	cs:data_70e,ax 
 00A8  D1 ED                    		shr	bp,1			; Shift w/zeros fill 
 00AA  3E: 8B 02                		mov	ax,ds:[bp+si] 
 00AD  2E: A3 4C56              		mov	cs:data_69e,ax 
 00B1  AD                       		lodsw				; String [si] to ax 
 00B2  2E: A3 4C54              		mov	cs:data_68e,ax 
 00B6  E8 1B8E R                		call	sub_20 
 00B9  AB                       		stosw				; Store ax to es:[di] 
 00BA  E2 E3                    		loop	locloop_2		; Loop if cx > 0 
                                 
Microsoft (R) Macro Assembler  Version 4.00                 3/29/26 15:12:12

                                                            Page     1-6
                                                            

 00BC  1F                       		pop	ds 
 00BD  59                       		pop	cx 
 00BE  5B                       		pop	bx 
 00BF  58                       		pop	ax 
 00C0  BF 0000                  		mov	di,0 
 00C3  E9 014C R                		jmp	loc_5 
                                			                        ;* No entry point to code 
 00C6  1E                       		push	ds 
 00C7  50                       		push	ax 
 00C8  06                       		push	es 
 00C9  57                       		push	di 
 00CA  E8 1C32 R                		call	sub_21 
 00CD  8B F8                    		mov	di,ax 
 00CF  5E                       		pop	si 
 00D0  1F                       		pop	ds 
 00D1  58                       		pop	ax 
 00D2  2E: C7 06 4C60 32A6      		mov	word ptr cs:data_76e,32A6h 
 00D9  E8 0177 R                		call	sub_1 
 00DC  1F                       		pop	ds 
                                		retn 
 00DD  C3                     1                 db     0C3h
                                			                        ;* No entry point to code 
 00DE  53                       		push	bx 
 00DF  51                       		push	cx 
 00E0  1E                       		push	ds 
 00E1  8A C5                    		mov	al,ch 
 00E3  F6 E1                    		mul	cl			; ax = reg * al 
 00E5  8B E8                    		mov	bp,ax 
 00E7  06                       		push	es 
 00E8  1F                       		pop	ds 
 00E9  8B F7                    		mov	si,di 
 00EB  8C C8                    		mov	ax,cs 
 00ED  05 3000                  		add	ax,3000h 
 00F0  8E C0                    		mov	es,ax 
 00F2  BF 0000                  		mov	di,0 
 00F5  2E: C7 06 4C5A 0000      		mov	word ptr cs:data_71e,0 
 00FC  2E: C7 06 4C54 0000      		mov	word ptr cs:data_68e,0 
 0103  8B CD                    		mov	cx,bp 
 0105  D1 E9                    		shr	cx,1			; Shift w/zeros fill 
                                 
 0107                           locloop_3: 
 0107  3E: 8B 02                		mov	ax,ds:[bp+si] 
 010A  2E: A3 4C58              		mov	cs:data_70e,ax 
 010E  AD                       		lodsw				; String [si] to ax 
 010F  2E: A3 4C56              		mov	cs:data_69e,ax 
 0113  E8 1B8E R                		call	sub_20 
 0116  AB                       		stosw				; Store ax to es:[di] 
 0117  E2 EE                    		loop	locloop_3		; Loop if cx > 0 
                                 
 0119  1F                       		pop	ds 
 011A  59                       		pop	cx 
 011B  5B                       		pop	bx 
 011C  33 C0                    		xor	ax,ax			; Zero register 
 011E  BF 0000                  		mov	di,0 
 0121  1E                       		push	ds 
Microsoft (R) Macro Assembler  Version 4.00                 3/29/26 15:12:12

                                                            Page     1-7
                                                            

 0122  50                       		push	ax 
 0123  06                       		push	es 
 0124  57                       		push	di 
 0125  E8 1C32 R                		call	sub_21 
 0128  8B F8                    		mov	di,ax 
 012A  5E                       		pop	si 
 012B  1F                       		pop	ds 
 012C  58                       		pop	ax 
 012D  2E: C7 06 4C60 3256      		mov	word ptr cs:data_76e,3256h 
 0134  2E: C6 06 4C5F 00        		mov	byte ptr cs:data_75e,0 
 013A  0A C0                    		or	al,al			; Zero ? 
 013C  75 03                    		jnz	loc_4			; Jump if not zero 
 013E  E8 0177 R                		call	sub_1 
 0141                           loc_4: 
 0141  2E: C6 06 4C5F FF        		mov	byte ptr cs:data_75e,0FFh 
 0147  E8 0177 R                		call	sub_1 
 014A  1F                       		pop	ds 
                                		retn 
 014B  C3                     1                 db     0C3h
 014C                           loc_5: 
 014C  1E                       		push	ds 
 014D  50                       		push	ax 
 014E  06                       		push	es 
 014F  57                       		push	di 
 0150  E8 1C32 R                		call	sub_21 
 0153  03 F8                    		add	di,ax 
 0155  5E                       		pop	si 
 0156  1F                       		pop	ds 
 0157  58                       		pop	ax 
 0158  2E: C7 06 4C60 3219      		mov	word ptr cs:data_76e,3219h 
 015F  2E: C6 06 4C5F 00        		mov	byte ptr cs:data_75e,0 
 0165  0A C0                    		or	al,al			; Zero ? 
 0167  75 03                    		jnz	loc_6			; Jump if not zero 
 0169  E8 0177 R                		call	sub_1 
 016C                           loc_6: 
 016C  2E: C6 06 4C5F FF        		mov	byte ptr cs:data_75e,0FFh 
 0172  E8 0177 R                		call	sub_1 
 0175  1F                       		pop	ds 
                                		retn 
 0176  C3                     1                 db     0C3h
                                 
                                _103GDHGC	endp 
                                 
                                ;ﬂﬂﬂﬂﬂﬂﬂﬂﬂﬂﬂﬂﬂﬂﬂﬂﬂﬂﬂﬂﬂﬂﬂﬂﬂﬂﬂﬂﬂﬂﬂﬂﬂﬂﬂﬂﬂﬂﬂﬂﬂﬂﬂﬂﬂﬂﬂﬂﬂﬂﬂﬂﬂﬂﬂﬂﬂﬂﬂﬂﬂﬂﬂﬂﬂﬂﬂﬂﬂﬂﬂﬂﬂﬂ 
                                ;                              SUBROUTINE 
                                ;‹‹‹‹‹‹‹‹‹‹‹‹‹‹‹‹‹‹‹‹‹‹‹‹‹‹‹‹‹‹‹‹‹‹‹‹‹‹‹‹‹‹‹‹‹‹‹‹‹‹‹‹‹‹‹‹‹‹‹‹‹‹‹‹‹‹‹‹‹‹‹‹‹‹ 
                                 
 0177                           sub_1		proc	near 
 0177  2E: C6 06 4C5D 00        		mov	byte ptr cs:data_73e,0 
 017D  B8 B000                  		mov	ax,0B000h 
 0180  8E C0                    		mov	es,ax 
 0182  BD 0008                  		mov	bp,8 
 0185                           loc_7: 
 0185  2E: A0 4C5D              		mov	al,cs:data_73e 
 0189  2E: A2 4C5C              		mov	cs:data_72e,al 
Microsoft (R) Macro Assembler  Version 4.00                 3/29/26 15:12:12

                                                            Page     1-8
                                                            

 018D  2E: C6 06 FF1A 00        		mov	byte ptr cs:data_86e,0 
 0193  51                       		push	cx 
 0194  56                       		push	si 
 0195  57                       		push	di 
 0196                           loc_8: 
 0196  2E: 8A 1E 4C5C           		mov	bl,cs:data_72e 
 019B  81 E3 0007               		and	bx,7 
 019F  03 DB                    		add	bx,bx 
 01A1  2E: 8B 9F 32BB           		mov	bx,cs:data_58e[bx] 
 01A6  53                       		push	bx 
 01A7  2E: FF 16 4C60           		call	word ptr cs:data_76e 
 01AC  5B                       		pop	bx 
 01AD  2E: FE 06 4C5C           		inc	byte ptr cs:data_72e 
 01B2  81 C7 2000               		add	di,2000h 
 01B6  81 FF 6000               		cmp	di,6000h 
 01BA  72 09                    		jb	loc_9			; Jump if below 
 01BC  2E: FF 16 4C60           		call	word ptr cs:data_76e 
 01C1  81 C7 A05A               		add	di,0A05Ah 
 01C5                           loc_9: 
 01C5  8A C5                    		mov	al,ch 
 01C7  32 E4                    		xor	ah,ah			; Zero register 
 01C9  03 F0                    		add	si,ax 
 01CB  FE C9                    		dec	cl 
 01CD  74 39                    		jz	loc_11			; Jump if zero 
 01CF  2E: 8A 1E 4C5C           		mov	bl,cs:data_72e 
 01D4  81 E3 0007               		and	bx,7 
 01D8  03 DB                    		add	bx,bx 
 01DA  2E: 8B 9F 32CB           		mov	bx,cs:data_59e[bx] 
 01DF  53                       		push	bx 
 01E0  2E: FF 16 4C60           		call	word ptr cs:data_76e 
 01E5  5B                       		pop	bx 
 01E6  2E: FE 06 4C5C           		inc	byte ptr cs:data_72e 
 01EB  81 C7 2000               		add	di,2000h 
 01EF  81 FF 6000               		cmp	di,6000h 
 01F3  72 09                    		jb	loc_10			; Jump if below 
 01F5  2E: FF 16 4C60           		call	word ptr cs:data_76e 
 01FA  81 C7 A05A               		add	di,0A05Ah 
 01FE                           loc_10: 
 01FE  8A C5                    		mov	al,ch 
 0200  32 E4                    		xor	ah,ah			; Zero register 
 0202  03 F0                    		add	si,ax 
 0204  FE C9                    		dec	cl 
 0206  75 8E                    		jnz	loc_8			; Jump if not zero 
 0208                           loc_11: 
 0208  5F                       		pop	di 
 0209  5E                       		pop	si 
 020A  59                       		pop	cx 
 020B  2E: FE 06 4C5D           		inc	byte ptr cs:data_73e 
 0210                           loc_12: 
 0210  2E: 80 3E FF1A 14        		cmp	byte ptr cs:data_86e,14h 
 0216  72 F8                    		jb	loc_12			; Jump if below 
 0218  4D                       		dec	bp 
 0219  74 03                    		jz	loc_ret_13		; Jump if zero 
 021B  E9 0185 R                		jmp	loc_7 
                                 
Microsoft (R) Macro Assembler  Version 4.00                 3/29/26 15:12:12

                                                            Page     1-9
                                                            

 021E                           loc_ret_13: 
                                		retn 
 021E  C3                     1                 db     0C3h
                                sub_1		endp 
                                 
                                			                        ;* No entry point to code 
 021F  2E: F6 06 4C5F FF        		test	byte ptr cs:data_75e,0FFh 
 0225  74 1F                    		jz	loc_15			; Jump if zero 
 0227  56                       		push	si 
 0228  57                       		push	di 
 0229  51                       		push	cx 
 022A  8B D3                    		mov	dx,bx 
 022C  F7 D3                    		not	bx 
 022E  8A CD                    		mov	cl,ch 
 0230  32 ED                    		xor	ch,ch			; Zero register 
                                 
 0232                           locloop_14: 
 0232  26: 20 1D                		and	es:[di],bl 
 0235  AC                       		lodsb				; String [si] to al 
 0236  22 C2                    		and	al,dl 
 0238  26: 08 05                		or	es:[di],al 
 023B  47                       		inc	di 
 023C  86 F2                    		xchg	dh,dl 
 023E  86 FB                    		xchg	bh,bl 
 0240  E2 F0                    		loop	locloop_14		; Loop if cx > 0 
                                 
 0242  59                       		pop	cx 
 0243  5F                       		pop	di 
 0244  5E                       		pop	si 
                                		retn 
 0245  C3                     1                 db     0C3h
 0246                           loc_15: 
 0246  56                       		push	si 
 0247  57                       		push	di 
 0248  51                       		push	cx 
 0249  8A CD                    		mov	cl,ch 
 024B  32 ED                    		xor	ch,ch			; Zero register 
                                 
 024D                           locloop_16: 
 024D  AC                       		lodsb				; String [si] to al 
 024E  22 C3                    		and	al,bl 
 0250  26: 08 05                		or	es:[di],al 
 0253  47                       		inc	di 
 0254  86 FB                    		xchg	bh,bl 
 0256  E2 F5                    		loop	locloop_16		; Loop if cx > 0 
                                 
 0258  59                       		pop	cx 
 0259  5F                       		pop	di 
 025A  5E                       		pop	si 
                                		retn 
 025B  C3                     1                 db     0C3h
                                			                        ;* No entry point to code 
 025C  2E: F6 06 4C5F FF        		test	byte ptr cs:data_75e,0FFh 
 0262  74 32                    		jz	loc_20			; Jump if zero 
 0264  56                       		push	si 
Microsoft (R) Macro Assembler  Version 4.00                 3/29/26 15:12:12

                                                            Page     1-10
                                                            

 0265  57                       		push	di 
 0266  51                       		push	cx 
 0267  8A CD                    		mov	cl,ch 
 0269  32 ED                    		xor	ch,ch			; Zero register 
                                 
 026B                           locloop_17: 
 026B  51                       		push	cx 
 026C  AC                       		lodsb				; String [si] to al 
 026D  8A E0                    		mov	ah,al 
 026F  B2 03                    		mov	dl,3 
 0271  B9 0004                  		mov	cx,4 
                                 
 0274                           locloop_18: 
 0274  84 E2                    		test	ah,dl 
 0276  74 02                    		jz	loc_19			; Jump if zero 
 0278  0A E2                    		or	ah,dl 
 027A                           loc_19: 
 027A  02 D2                    		add	dl,dl 
 027C  02 D2                    		add	dl,dl 
 027E  E2 F4                    		loop	locloop_18		; Loop if cx > 0 
                                 
 0280  22 E3                    		and	ah,bl 
 0282  F6 D4                    		not	ah 
 0284  26: 20 25                		and	es:[di],ah 
 0287  22 C3                    		and	al,bl 
 0289  26: 08 05                		or	es:[di],al 
 028C  47                       		inc	di 
 028D  86 FB                    		xchg	bh,bl 
 028F  59                       		pop	cx 
 0290  E2 D9                    		loop	locloop_17		; Loop if cx > 0 
                                 
 0292  59                       		pop	cx 
 0293  5F                       		pop	di 
 0294  5E                       		pop	si 
                                		retn 
 0295  C3                     1                 db     0C3h
 0296                           loc_20: 
 0296  56                       		push	si 
 0297  57                       		push	di 
 0298  51                       		push	cx 
 0299  8A CD                    		mov	cl,ch 
 029B  32 ED                    		xor	ch,ch			; Zero register 
                                 
 029D                           locloop_21: 
 029D  AC                       		lodsb				; String [si] to al 
 029E  22 C3                    		and	al,bl 
 02A0  26: 08 05                		or	es:[di],al 
 02A3  47                       		inc	di 
 02A4  86 FB                    		xchg	bh,bl 
 02A6  E2 F5                    		loop	locloop_21		; Loop if cx > 0 
                                 
 02A8  59                       		pop	cx 
 02A9  5F                       		pop	di 
 02AA  5E                       		pop	si 
                                		retn 
Microsoft (R) Macro Assembler  Version 4.00                 3/29/26 15:12:12

                                                            Page     1-11
                                                            

 02AB  C3                     1                 db     0C3h
                                			                        ;* No entry point to code 
 02AC  57                       		push	di 
 02AD  51                       		push	cx 
 02AE  F7 D3                    		not	bx 
 02B0  8A CD                    		mov	cl,ch 
 02B2  32 ED                    		xor	ch,ch			; Zero register 
                                 
 02B4                           locloop_22: 
 02B4  26: 20 1D                		and	es:[di],bl 
 02B7  47                       		inc	di 
 02B8  86 F2                    		xchg	dh,dl 
 02BA  86 FB                    		xchg	bh,bl 
 02BC  E2 F6                    		loop	locloop_22		; Loop if cx > 0 
                                 
 02BE  59                       		pop	cx 
 02BF  5F                       		pop	di 
                                		retn 
 02C0  C3                     1                 db     0C3h
 02C1  00 C0 00 0C C0 00        		db	 00h,0C0h, 00h, 0Ch,0C0h, 00h 
 02C7  0C 00 00 30 00 03        		db	 0Ch, 00h, 00h, 30h, 00h, 03h 
 02CD  30 00 03 00 03 00        		db	 30h, 00h, 03h, 00h, 03h, 00h 
 02D3  30 00 00 03 00 30        		db	 30h, 00h, 00h, 03h, 00h, 30h 
 02D9  0C 00 C0 00 00 0C        		db	 0Ch, 00h,0C0h, 00h, 00h, 0Ch 
 02DF  00 C0 0E 07 BF 66        		db	 00h,0C0h, 0Eh, 07h,0BFh, 66h 
 02E5  4C 33 C0 B9 90 01        		db	 4Ch, 33h,0C0h,0B9h, 90h, 01h 
 02EB  F3 AB BF                 		db	0F3h,0ABh,0BFh 
 02EE  66 4C                    		db	 66h, 4Ch 
 02F0                           loc_23: 
 02F0  AC                       		lodsb				; String [si] to al 
 02F1  3C FF                    		cmp	al,0FFh 
 02F3  75 01                    		jne	loc_24			; Jump if not equal 
                                		retn 
 02F5  C3                     1                 db     0C3h
 02F6                           loc_24: 
 02F6  2C 20                    		sub	al,20h			; ' ' 
 02F8  73 01                    		jnc	loc_25			; Jump if carry=0 
                                		retn 
 02FA  C3                     1                 db     0C3h
 02FB                           loc_25: 
 02FB  74 23                    		jz	loc_27			; Jump if zero 
 02FD  56                       		push	si 
 02FE  57                       		push	di 
 02FF  32 E4                    		xor	ah,ah			; Zero register 
 0301  03 C0                    		add	ax,ax 
 0303  03 C0                    		add	ax,ax 
 0305  03 C0                    		add	ax,ax 
 0307  03 06 F500               		add	ax,ds:data_85e 
 030B  8B F0                    		mov	si,ax 
 030D  B9 0008                  		mov	cx,8 
                                 
 0310                           locloop_26: 
 0310  51                       		push	cx 
 0311  AC                       		lodsb				; String [si] to al 
 0312  E8 0325 R                		call	sub_2 
Microsoft (R) Macro Assembler  Version 4.00                 3/29/26 15:12:12

                                                            Page     1-12
                                                            

 0315  26: 89 15                		mov	es:[di],dx 
 0318  83 C7 50                 		add	di,50h 
 031B  59                       		pop	cx 
 031C  E2 F2                    		loop	locloop_26		; Loop if cx > 0 
                                 
 031E  5F                       		pop	di 
 031F  5E                       		pop	si 
 0320                           loc_27: 
 0320  83 C7 02                 		add	di,2 
 0323  EB CB                    		jmp	short loc_23 
                                 
                                ;ﬂﬂﬂﬂﬂﬂﬂﬂﬂﬂﬂﬂﬂﬂﬂﬂﬂﬂﬂﬂﬂﬂﬂﬂﬂﬂﬂﬂﬂﬂﬂﬂﬂﬂﬂﬂﬂﬂﬂﬂﬂﬂﬂﬂﬂﬂﬂﬂﬂﬂﬂﬂﬂﬂﬂﬂﬂﬂﬂﬂﬂﬂﬂﬂﬂﬂﬂﬂﬂﬂﬂﬂﬂﬂ 
                                ;                              SUBROUTINE 
                                ;‹‹‹‹‹‹‹‹‹‹‹‹‹‹‹‹‹‹‹‹‹‹‹‹‹‹‹‹‹‹‹‹‹‹‹‹‹‹‹‹‹‹‹‹‹‹‹‹‹‹‹‹‹‹‹‹‹‹‹‹‹‹‹‹‹‹‹‹‹‹‹‹‹‹ 
                                 
 0325                           sub_2		proc	near 
 0325  B9 0008                  		mov	cx,8 
                                 
 0328                           locloop_28: 
 0328  02 C0                    		add	al,al 
 032A  13 DB                    		adc	bx,bx 
 032C  03 DB                    		add	bx,bx 
 032E  E2 F8                    		loop	locloop_28		; Loop if cx > 0 
                                 
 0330  8B D3                    		mov	dx,bx 
 0332  D1 EA                    		shr	dx,1			; Shift w/zeros fill 
 0334  0B D3                    		or	dx,bx 
 0336  86 F2                    		xchg	dh,dl 
                                		retn 
 0338  C3                     1                 db     0C3h
                                sub_2		endp 
                                 
                                			                        ;* No entry point to code 
 0339  1E                       		push	ds 
 033A  51                       		push	cx 
 033B  53                       		push	bx 
 033C  B2 50                    		mov	dl,50h			; 'P' 
 033E  F6 E2                    		mul	dl			; ax = reg * al 
 0340  05 4C66                  		add	ax,4C66h 
 0343  8B F0                    		mov	si,ax 
 0345  02 CB                    		add	cl,bl 
 0347  B0 50                    		mov	al,50h			; 'P' 
 0349  F6 E1                    		mul	cl			; ax = reg * al 
 034B  05 4000                  		add	ax,4000h 
 034E  50                       		push	ax 
 034F  56                       		push	si 
 0350  8C C8                    		mov	ax,cs 
 0352  05 2000                  		add	ax,2000h 
 0355  8E D8                    		mov	ds,ax 
 0357  1E                       		push	ds 
 0358  07                       		pop	es 
 0359  BF 4000                  		mov	di,data_91e 
 035C  BE 4050                  		mov	si,data_92e 
 035F  B9 1FD8                  		mov	cx,1FD8h 
 0362  F3/ A5                   		rep	movsw			; Rep when cx >0 Mov [si] to es:[di] 
Microsoft (R) Macro Assembler  Version 4.00                 3/29/26 15:12:12

                                                            Page     1-13
                                                            

 0364  5E                       		pop	si 
 0365  5F                       		pop	di 
 0366  0E                       		push	cs 
 0367  1F                       		pop	ds 
 0368  B9 0028                  		mov	cx,28h 
 036B  F3/ A5                   		rep	movsw			; Rep when cx >0 Mov [si] to es:[di] 
 036D  5B                       		pop	bx 
 036E  53                       		push	bx 
 036F  E8 1C32 R                		call	sub_21 
 0372  8B F8                    		mov	di,ax 
 0374  5B                       		pop	bx 
 0375  B0 50                    		mov	al,50h			; 'P' 
 0377  F6 E3                    		mul	bl			; ax = reg * al 
 0379  8A DF                    		mov	bl,bh 
 037B  32 FF                    		xor	bh,bh			; Zero register 
 037D  03 C3                    		add	ax,bx 
 037F  8B F0                    		mov	si,ax 
 0381  83 C6 00                 		add	si,0 
 0384  8B E8                    		mov	bp,ax 
 0386  81 C5 4000               		add	bp,data_91e 
 038A  8C C8                    		mov	ax,cs 
 038C  05 2000                  		add	ax,2000h 
 038F  8E D8                    		mov	ds,ax 
 0391  B8 B000                  		mov	ax,0B000h 
 0394  8E C0                    		mov	es,ax 
 0396  59                       		pop	cx 
 0397  33 DB                    		xor	bx,bx			; Zero register 
 0399  8A DD                    		mov	bl,ch 
 039B  32 ED                    		xor	ch,ch			; Zero register 
                                 
 039D                           locloop_29: 
 039D  51                       		push	cx 
 039E  E8 03BB R                		call	sub_3 
 03A1  81 C7 2000               		add	di,2000h 
 03A5  81 FF 6000               		cmp	di,6000h 
 03A9  72 07                    		jb	loc_30			; Jump if below 
 03AB  E8 03BB R                		call	sub_3 
 03AE  81 C7 A05A               		add	di,data_97e 
 03B2                           loc_30: 
 03B2  03 EB                    		add	bp,bx 
 03B4  03 F3                    		add	si,bx 
 03B6  59                       		pop	cx 
 03B7  E2 E4                    		loop	locloop_29		; Loop if cx > 0 
                                 
 03B9  1F                       		pop	ds 
                                		retn 
 03BA  C3                     1                 db     0C3h
                                 
                                ;ﬂﬂﬂﬂﬂﬂﬂﬂﬂﬂﬂﬂﬂﬂﬂﬂﬂﬂﬂﬂﬂﬂﬂﬂﬂﬂﬂﬂﬂﬂﬂﬂﬂﬂﬂﬂﬂﬂﬂﬂﬂﬂﬂﬂﬂﬂﬂﬂﬂﬂﬂﬂﬂﬂﬂﬂﬂﬂﬂﬂﬂﬂﬂﬂﬂﬂﬂﬂﬂﬂﬂﬂﬂﬂ 
                                ;                              SUBROUTINE 
                                ;‹‹‹‹‹‹‹‹‹‹‹‹‹‹‹‹‹‹‹‹‹‹‹‹‹‹‹‹‹‹‹‹‹‹‹‹‹‹‹‹‹‹‹‹‹‹‹‹‹‹‹‹‹‹‹‹‹‹‹‹‹‹‹‹‹‹‹‹‹‹‹‹‹‹ 
                                 
 03BB                           sub_3		proc	near 
 03BB  57                       		push	di 
 03BC  56                       		push	si 
Microsoft (R) Macro Assembler  Version 4.00                 3/29/26 15:12:12

                                                            Page     1-14
                                                            

 03BD  55                       		push	bp 
 03BE  8B CB                    		mov	cx,bx 
 03C0  D1 E9                    		shr	cx,1			; Shift w/zeros fill 
                                 
 03C2                           locloop_31: 
 03C2  AD                       		lodsw				; String [si] to ax 
 03C3  3E: 0B 46 00             		or	ax,ds:[bp] 
 03C7  AB                       		stosw				; Store ax to es:[di] 
 03C8  45                       		inc	bp 
 03C9  45                       		inc	bp 
 03CA  E2 F6                    		loop	locloop_31		; Loop if cx > 0 
                                 
 03CC  5D                       		pop	bp 
 03CD  5E                       		pop	si 
 03CE  5F                       		pop	di 
                                		retn 
 03CF  C3                     1                 db     0C3h
                                sub_3		endp 
                                 
 03D0                           loc_32: 
 03D0  1E                       		push	ds 
 03D1  50                       		push	ax 
 03D2  53                       		push	bx 
 03D3  51                       		push	cx 
 03D4  8A C5                    		mov	al,ch 
 03D6  F6 E1                    		mul	cl			; ax = reg * al 
 03D8  8B E8                    		mov	bp,ax 
 03DA  06                       		push	es 
 03DB  1F                       		pop	ds 
 03DC  8B F7                    		mov	si,di 
 03DE  8C C8                    		mov	ax,cs 
 03E0  05 3000                  		add	ax,3000h 
 03E3  8E C0                    		mov	es,ax 
 03E5  BF 0000                  		mov	di,0 
 03E8  2E: C7 06 4C5A 0000      		mov	word ptr cs:data_71e,0 
 03EF  8B CD                    		mov	cx,bp 
 03F1  D1 E9                    		shr	cx,1			; Shift w/zeros fill 
                                 
 03F3                           locloop_33: 
 03F3  03 ED                    		add	bp,bp 
 03F5  3E: 8B 02                		mov	ax,ds:[bp+si] 
 03F8  2E: A3 4C58              		mov	cs:data_70e,ax 
 03FC  D1 ED                    		shr	bp,1			; Shift w/zeros fill 
 03FE  3E: 8B 02                		mov	ax,ds:[bp+si] 
 0401  2E: A3 4C56              		mov	cs:data_69e,ax 
 0405  AD                       		lodsw				; String [si] to ax 
 0406  2E: A3 4C54              		mov	cs:data_68e,ax 
 040A  E8 1B8E R                		call	sub_20 
 040D  AB                       		stosw				; Store ax to es:[di] 
 040E  E2 E3                    		loop	locloop_33		; Loop if cx > 0 
                                 
 0410  59                       		pop	cx 
 0411  5B                       		pop	bx 
 0412  58                       		pop	ax 
 0413  1F                       		pop	ds 
Microsoft (R) Macro Assembler  Version 4.00                 3/29/26 15:12:12

                                                            Page     1-15
                                                            

 0414                           loc_34: 
 0414  1E                       		push	ds 
 0415  E8 1C32 R                		call	sub_21 
 0418  8B F8                    		mov	di,ax 
 041A  BE 0000                  		mov	si,data_93e 
 041D  06                       		push	es 
 041E  1F                       		pop	ds 
 041F  B8 B000                  		mov	ax,0B000h 
 0422  8E C0                    		mov	es,ax 
 0424  33 DB                    		xor	bx,bx			; Zero register 
 0426  8A DD                    		mov	bl,ch 
 0428  32 ED                    		xor	ch,ch			; Zero register 
                                 
 042A                           locloop_35: 
 042A  51                       		push	cx 
 042B  56                       		push	si 
 042C  57                       		push	di 
 042D  8B CB                    		mov	cx,bx 
 042F  F3/ A4                   		rep	movsb			; Rep when cx >0 Mov [si] to es:[di] 
 0431  5F                       		pop	di 
 0432  5E                       		pop	si 
 0433  81 C7 2000               		add	di,2000h 
 0437  81 FF 6000               		cmp	di,data_95e 
 043B  72 0C                    		jb	loc_36			; Jump if below 
 043D  56                       		push	si 
 043E  57                       		push	di 
 043F  8B CB                    		mov	cx,bx 
 0441  F3/ A4                   		rep	movsb			; Rep when cx >0 Mov [si] to es:[di] 
 0443  5F                       		pop	di 
 0444  5E                       		pop	si 
 0445  81 C7 A05A               		add	di,0A05Ah 
 0449                           loc_36: 
 0449  03 F3                    		add	si,bx 
 044B  59                       		pop	cx 
 044C  E2 DC                    		loop	locloop_35		; Loop if cx > 0 
                                 
 044E  1F                       		pop	ds 
                                		retn 
 044F  C3                     1                 db     0C3h
                                			                        ;* No entry point to code 
 0450  0E                       		push	cs 
 0451  07                       		pop	es 
 0452  BF A000                  		mov	di,data_83e 
 0455  33 D2                    		xor	dx,dx			; Zero register 
 0457  B9 0009                  		mov	cx,9 
                                 
 045A                           locloop_37: 
 045A  B0 01                    		mov	al,1 
 045C  AA                       		stosb				; Store al to es:[di] 
 045D  8B C2                    		mov	ax,dx 
 045F  AB                       		stosw				; Store ax to es:[di] 
 0460  A5                       		movsw				; Mov [si] to es:[di] 
 0461  AB                       		stosw				; Store ax to es:[di] 
 0462  B8 0101                  		mov	ax,101h 
 0465  AB                       		stosw				; Store ax to es:[di] 
Microsoft (R) Macro Assembler  Version 4.00                 3/29/26 15:12:12

                                                            Page     1-16
                                                            

 0466  A4                       		movsb				; Mov [si] to es:[di] 
 0467  A4                       		movsb				; Mov [si] to es:[di] 
 0468  32 C0                    		xor	al,al			; Zero register 
 046A  AA                       		stosb				; Store al to es:[di] 
 046B  AA                       		stosb				; Store al to es:[di] 
 046C  A4                       		movsb				; Mov [si] to es:[di] 
 046D  A4                       		movsb				; Mov [si] to es:[di] 
 046E  81 C2 00C0               		add	dx,0C0h 
 0472  E2 E6                    		loop	locloop_37		; Loop if cx > 0 
                                 
 0474  C6 06 FF1A 00            		mov	byte ptr ds:data_86e,0 
 0479                           loc_38: 
 0479  BE A000                  		mov	si,data_83e 
 047C  B9 0009                  		mov	cx,9 
 047F                           loc_39: 
 047F  51                       		push	cx 
 0480  F6 04 FF                 		test	byte ptr [si],0FFh 
 0483  74 7A                    		jz	loc_41			; Jump if zero 
 0485  8A 44 0D                 		mov	al,[si+0Dh] 
 0488  3A 44 0E                 		cmp	al,[si+0Eh] 
 048B  74 0C                    		je	loc_40			; Jump if equal 
 048D  FE 44 0C                 		inc	byte ptr [si+0Ch] 
 0490  F6 44 0C 01              		test	byte ptr [si+0Ch],1 
 0494  75 03                    		jnz	loc_40			; Jump if not zero 
 0496  FE 44 0D                 		inc	byte ptr [si+0Dh] 
 0499                           loc_40: 
 0499  33 DB                    		xor	bx,bx			; Zero register 
 049B  8A 5C 0D                 		mov	bl,[si+0Dh] 
 049E  03 DB                    		add	bx,bx 
 04A0  03 DB                    		add	bx,bx 
 04A2  8B 8F 3647               		mov	cx,ds:data_61e[bx] 
 04A6  89 4C 07                 		mov	[si+7],cx 
 04A9  8A 44 04                 		mov	al,[si+4] 
 04AC  02 44 0A                 		add	al,[si+0Ah] 
 04AF  88 44 04                 		mov	[si+4],al 
 04B2  8A D0                    		mov	dl,al 
 04B4  8A 44 03                 		mov	al,[si+3] 
 04B7  02 44 09                 		add	al,[si+9] 
 04BA  88 44 03                 		mov	[si+3],al 
 04BD  32 F6                    		xor	dh,dh			; Zero register 
 04BF  83 C2 05                 		add	dx,5 
 04C2  52                       		push	dx 
 04C3  32 E4                    		xor	ah,ah			; Zero register 
 04C5  05 001C                  		add	ax,1Ch 
 04C8  B3 03                    		mov	bl,3 
 04CA  F6 F3                    		div	bl			; al, ah rem = ax/reg 
 04CC  8A DC                    		mov	bl,ah 
 04CE  D0 CB                    		ror	bl,1			; Rotate 
 04D0  D0 CB                    		ror	bl,1			; Rotate 
 04D2  D0 CB                    		ror	bl,1			; Rotate 
 04D4  80 E3 60                 		and	bl,60h			; '`' 
 04D7  B4 5A                    		mov	ah,5Ah			; 'Z' 
 04D9  F6 E4                    		mul	ah			; ax = reg * al 
 04DB  02 E3                    		add	ah,bl 
 04DD  5A                       		pop	dx 
Microsoft (R) Macro Assembler  Version 4.00                 3/29/26 15:12:12

                                                            Page     1-17
                                                            

 04DE  03 C2                    		add	ax,dx 
 04E0  89 44 05                 		mov	[si+5],ax 
 04E3  8B F8                    		mov	di,ax 
 04E5  8B 6C 01                 		mov	bp,[si+1] 
 04E8  1E                       		push	ds 
 04E9  56                       		push	si 
 04EA  B8 B000                  		mov	ax,0B000h 
 04ED  8E D8                    		mov	ds,ax 
 04EF  8C C8                    		mov	ax,cs 
 04F1  05 3000                  		add	ax,3000h 
 04F4  8E C0                    		mov	es,ax 
 04F6  8B F7                    		mov	si,di 
 04F8  8B FD                    		mov	di,bp 
 04FA  E8 05A3 R                		call	sub_4 
 04FD  5E                       		pop	si 
 04FE  1F                       		pop	ds 
 04FF                           loc_41: 
 04FF  59                       		pop	cx 
 0500  83 C6 0F                 		add	si,0Fh 
 0503  E2 02                    		loop	locloop_42		; Loop if cx > 0 
                                 
 0505  EB 03                    		jmp	short loc_43 
                                 
 0507                           locloop_42: 
 0507  E9 047F R                		jmp	loc_39 
 050A                           loc_43: 
 050A  BE A000                  		mov	si,data_83e 
 050D  B9 0009                  		mov	cx,9 
                                 
 0510                           locloop_44: 
 0510  51                       		push	cx 
 0511  2E: F6 04 FF             		test	byte ptr cs:[si],0FFh 
 0515  74 39                    		jz	loc_45			; Jump if zero 
 0517  33 DB                    		xor	bx,bx			; Zero register 
 0519  8A 5C 0D                 		mov	bl,[si+0Dh] 
 051C  03 DB                    		add	bx,bx 
 051E  03 DB                    		add	bx,bx 
 0520  8B AF 3645               		mov	bp,ds:data_60e[bx] 
 0524  8B 4C 07                 		mov	cx,[si+7] 
 0527  8A 14                    		mov	dl,[si] 
 0529  C6 04 00                 		mov	byte ptr [si],0 
 052C  8B 44 03                 		mov	ax,[si+3] 
 052F  80 FC 4B                 		cmp	ah,4Bh			; 'K' 
 0532  73 1C                    		jae	loc_45			; Jump if above or = 
 0534  3C A0                    		cmp	al,0A0h 
 0536  73 18                    		jae	loc_45			; Jump if above or = 
 0538  88 14                    		mov	[si],dl 
 053A  8B 7C 05                 		mov	di,[si+5] 
 053D  1E                       		push	ds 
 053E  56                       		push	si 
 053F  B8 B000                  		mov	ax,0B000h 
 0542  8E C0                    		mov	es,ax 
 0544  2E: 8E 1E FF2C           		mov	ds,cs:data_87e 
 0549  8B F5                    		mov	si,bp 
 054B  E8 05F3 R                		call	sub_6 
Microsoft (R) Macro Assembler  Version 4.00                 3/29/26 15:12:12

                                                            Page     1-18
                                                            

 054E  5E                       		pop	si 
 054F  1F                       		pop	ds 
 0550                           loc_45: 
 0550  59                       		pop	cx 
 0551  83 C6 0F                 		add	si,0Fh 
 0554  E2 BA                    		loop	locloop_44		; Loop if cx > 0 
                                 
 0556                           loc_46: 
 0556  2E: 80 3E FF1A 1E        		cmp	byte ptr cs:data_86e,1Eh 
 055C  72 F8                    		jb	loc_46			; Jump if below 
 055E  2E: C6 06 FF1A 00        		mov	byte ptr cs:data_86e,0 
 0564  BE A000                  		mov	si,data_83e 
 0567  B9 0009                  		mov	cx,9 
                                 
 056A                           locloop_47: 
 056A  51                       		push	cx 
 056B  8B 6C 01                 		mov	bp,[si+1] 
 056E  8B 7C 05                 		mov	di,[si+5] 
 0571  8B 4C 07                 		mov	cx,[si+7] 
 0574  1E                       		push	ds 
 0575  56                       		push	si 
 0576  B8 B000                  		mov	ax,0B000h 
 0579  8E C0                    		mov	es,ax 
 057B  8C C8                    		mov	ax,cs 
 057D  05 3000                  		add	ax,3000h 
 0580  8E D8                    		mov	ds,ax 
 0582  8B F5                    		mov	si,bp 
 0584  E8 05C4 R                		call	sub_5 
 0587  5E                       		pop	si 
 0588  1F                       		pop	ds 
 0589  59                       		pop	cx 
 058A  83 C6 0F                 		add	si,0Fh 
 058D  E2 DB                    		loop	locloop_47		; Loop if cx > 0 
                                 
 058F  BE A000                  		mov	si,data_83e 
 0592  B9 0009                  		mov	cx,9 
                                 
 0595                           locloop_48: 
 0595  F6 04 FF                 		test	byte ptr [si],0FFh 
 0598  74 03                    		jz	loc_49			; Jump if zero 
 059A  E9 0479 R                		jmp	loc_38 
 059D                           loc_49: 
 059D  83 C6 0F                 		add	si,0Fh 
 05A0  E2 F3                    		loop	locloop_48		; Loop if cx > 0 
                                 
                                		retn 
 05A2  C3                     1                 db     0C3h
                                 
                                ;ﬂﬂﬂﬂﬂﬂﬂﬂﬂﬂﬂﬂﬂﬂﬂﬂﬂﬂﬂﬂﬂﬂﬂﬂﬂﬂﬂﬂﬂﬂﬂﬂﬂﬂﬂﬂﬂﬂﬂﬂﬂﬂﬂﬂﬂﬂﬂﬂﬂﬂﬂﬂﬂﬂﬂﬂﬂﬂﬂﬂﬂﬂﬂﬂﬂﬂﬂﬂﬂﬂﬂﬂﬂﬂ 
                                ;                              SUBROUTINE 
                                ;‹‹‹‹‹‹‹‹‹‹‹‹‹‹‹‹‹‹‹‹‹‹‹‹‹‹‹‹‹‹‹‹‹‹‹‹‹‹‹‹‹‹‹‹‹‹‹‹‹‹‹‹‹‹‹‹‹‹‹‹‹‹‹‹‹‹‹‹‹‹‹‹‹‹ 
                                 
 05A3                           sub_4		proc	near 
 05A3  56                       		push	si 
 05A4  51                       		push	cx 
Microsoft (R) Macro Assembler  Version 4.00                 3/29/26 15:12:12

                                                            Page     1-19
                                                            

 05A5                           loc_50: 
 05A5  56                       		push	si 
 05A6  51                       		push	cx 
 05A7  8A CD                    		mov	cl,ch 
 05A9  32 ED                    		xor	ch,ch			; Zero register 
 05AB  F3/ A4                   		rep	movsb			; Rep when cx >0 Mov [si] to es:[di] 
 05AD  59                       		pop	cx 
 05AE  5E                       		pop	si 
 05AF  81 C6 2000               		add	si,2000h 
 05B3  81 FE 6000               		cmp	si,6000h 
 05B7  72 04                    		jb	loc_51			; Jump if below 
 05B9  81 C6 A05A               		add	si,0A05Ah 
 05BD                           loc_51: 
 05BD  FE C9                    		dec	cl 
 05BF  75 E4                    		jnz	loc_50			; Jump if not zero 
 05C1  59                       		pop	cx 
 05C2  5E                       		pop	si 
                                		retn 
 05C3  C3                     1                 db     0C3h
                                sub_4		endp 
                                 
                                 
                                ;ﬂﬂﬂﬂﬂﬂﬂﬂﬂﬂﬂﬂﬂﬂﬂﬂﬂﬂﬂﬂﬂﬂﬂﬂﬂﬂﬂﬂﬂﬂﬂﬂﬂﬂﬂﬂﬂﬂﬂﬂﬂﬂﬂﬂﬂﬂﬂﬂﬂﬂﬂﬂﬂﬂﬂﬂﬂﬂﬂﬂﬂﬂﬂﬂﬂﬂﬂﬂﬂﬂﬂﬂﬂﬂ 
                                ;                              SUBROUTINE 
                                ;‹‹‹‹‹‹‹‹‹‹‹‹‹‹‹‹‹‹‹‹‹‹‹‹‹‹‹‹‹‹‹‹‹‹‹‹‹‹‹‹‹‹‹‹‹‹‹‹‹‹‹‹‹‹‹‹‹‹‹‹‹‹‹‹‹‹‹‹‹‹‹‹‹‹ 
                                 
 05C4                           sub_5		proc	near 
 05C4  57                       		push	di 
 05C5  51                       		push	cx 
 05C6                           loc_52: 
 05C6  51                       		push	cx 
 05C7  8A CD                    		mov	cl,ch 
 05C9  32 ED                    		xor	ch,ch			; Zero register 
 05CB  56                       		push	si 
 05CC  57                       		push	di 
 05CD  51                       		push	cx 
 05CE  F3/ A4                   		rep	movsb			; Rep when cx >0 Mov [si] to es:[di] 
 05D0  59                       		pop	cx 
 05D1  5F                       		pop	di 
 05D2  5E                       		pop	si 
 05D3  81 C7 2000               		add	di,2000h 
 05D7  81 FF 6000               		cmp	di,data_95e 
 05DB  72 0C                    		jb	loc_53			; Jump if below 
 05DD  56                       		push	si 
 05DE  57                       		push	di 
 05DF  51                       		push	cx 
 05E0  F3/ A4                   		rep	movsb			; Rep when cx >0 Mov [si] to es:[di] 
 05E2  59                       		pop	cx 
 05E3  5F                       		pop	di 
 05E4  5E                       		pop	si 
 05E5  81 C7 A05A               		add	di,0A05Ah 
 05E9                           loc_53: 
 05E9  03 F1                    		add	si,cx 
 05EB  59                       		pop	cx 
 05EC  FE C9                    		dec	cl 
Microsoft (R) Macro Assembler  Version 4.00                 3/29/26 15:12:12

                                                            Page     1-20
                                                            

 05EE  75 D6                    		jnz	loc_52			; Jump if not zero 
 05F0  59                       		pop	cx 
 05F1  5F                       		pop	di 
                                		retn 
 05F2  C3                     1                 db     0C3h
                                sub_5		endp 
                                 
                                 
                                ;ﬂﬂﬂﬂﬂﬂﬂﬂﬂﬂﬂﬂﬂﬂﬂﬂﬂﬂﬂﬂﬂﬂﬂﬂﬂﬂﬂﬂﬂﬂﬂﬂﬂﬂﬂﬂﬂﬂﬂﬂﬂﬂﬂﬂﬂﬂﬂﬂﬂﬂﬂﬂﬂﬂﬂﬂﬂﬂﬂﬂﬂﬂﬂﬂﬂﬂﬂﬂﬂﬂﬂﬂﬂﬂ 
                                ;                              SUBROUTINE 
                                ;‹‹‹‹‹‹‹‹‹‹‹‹‹‹‹‹‹‹‹‹‹‹‹‹‹‹‹‹‹‹‹‹‹‹‹‹‹‹‹‹‹‹‹‹‹‹‹‹‹‹‹‹‹‹‹‹‹‹‹‹‹‹‹‹‹‹‹‹‹‹‹‹‹‹ 
                                 
 05F3                           sub_6		proc	near 
 05F3  57                       		push	di 
 05F4  51                       		push	cx 
 05F5  8A C5                    		mov	al,ch 
 05F7  F6 E1                    		mul	cl			; ax = reg * al 
 05F9  8B D8                    		mov	bx,ax 
 05FB  2E: C7 06 4C5A 0000      		mov	word ptr cs:data_71e,0 
 0602  2E: C7 06 4C58 0000      		mov	word ptr cs:data_70e,0 
 0609                           loc_54: 
 0609  51                       		push	cx 
 060A  8A CD                    		mov	cl,ch 
 060C  32 ED                    		xor	ch,ch			; Zero register 
 060E  E8 062C R                		call	sub_7 
 0611  81 C7 2000               		add	di,2000h 
 0615  81 FF 6000               		cmp	di,6000h 
 0619  72 07                    		jb	loc_55			; Jump if below 
 061B  E8 062C R                		call	sub_7 
 061E  81 C7 A05A               		add	di,0A05Ah 
 0622                           loc_55: 
 0622  03 F1                    		add	si,cx 
 0624  59                       		pop	cx 
 0625  FE C9                    		dec	cl 
 0627  75 E0                    		jnz	loc_54			; Jump if not zero 
 0629  59                       		pop	cx 
 062A  5F                       		pop	di 
                                		retn 
 062B  C3                     1                 db     0C3h
                                sub_6		endp 
                                 
                                 
                                ;ﬂﬂﬂﬂﬂﬂﬂﬂﬂﬂﬂﬂﬂﬂﬂﬂﬂﬂﬂﬂﬂﬂﬂﬂﬂﬂﬂﬂﬂﬂﬂﬂﬂﬂﬂﬂﬂﬂﬂﬂﬂﬂﬂﬂﬂﬂﬂﬂﬂﬂﬂﬂﬂﬂﬂﬂﬂﬂﬂﬂﬂﬂﬂﬂﬂﬂﬂﬂﬂﬂﬂﬂﬂﬂ 
                                ;                              SUBROUTINE 
                                ;‹‹‹‹‹‹‹‹‹‹‹‹‹‹‹‹‹‹‹‹‹‹‹‹‹‹‹‹‹‹‹‹‹‹‹‹‹‹‹‹‹‹‹‹‹‹‹‹‹‹‹‹‹‹‹‹‹‹‹‹‹‹‹‹‹‹‹‹‹‹‹‹‹‹ 
                                 
 062C                           sub_7		proc	near 
 062C  57                       		push	di 
 062D  56                       		push	si 
 062E  51                       		push	cx 
                                 
 062F                           locloop_56: 
 062F  32 E4                    		xor	ah,ah			; Zero register 
 0631  8A 00                    		mov	al,[bx+si] 
 0633  2E: A3 4C56              		mov	cs:data_69e,ax 
Microsoft (R) Macro Assembler  Version 4.00                 3/29/26 15:12:12

                                                            Page     1-21
                                                            

 0637  AC                       		lodsb				; String [si] to al 
 0638  2E: A3 4C54              		mov	cs:data_68e,ax 
 063C  53                       		push	bx 
 063D  E8 1B8E R                		call	sub_20 
 0640  5B                       		pop	bx 
 0641  26: 08 05                		or	es:[di],al 
 0644  47                       		inc	di 
 0645  E2 E8                    		loop	locloop_56		; Loop if cx > 0 
                                 
 0647  59                       		pop	cx 
 0648  5E                       		pop	si 
 0649  5F                       		pop	di 
                                		retn 
 064A  C3                     1                 db     0C3h
                                sub_7		endp 
                                 
 064B  00 90 20 06 80 91        		db	 00h, 90h, 20h, 06h, 80h, 91h 
 0651  20 06 00 93 20 06        		db	 20h, 06h, 00h, 93h, 20h, 06h 
 0657  80 94 20 06 00 96        		db	 80h, 94h, 20h, 06h, 00h, 96h 
 065D  18 04 C0 96 18           		db	 18h, 04h,0C0h, 96h, 18h 
 0662  8004                     data_3		dw	8004h			; Data table (indexed access) 
 0664  97 18 04 40 98 18        		db	 97h, 18h, 04h, 40h, 98h, 18h 
 066A  04 1E 53 32 E4 BA        		db	 04h, 1Eh, 53h, 32h,0E4h,0BAh 
 0670  C0 0C F7 E2 05 40        		db	0C0h, 0Ch,0F7h,0E2h, 05h, 40h 
 0676  AB 2E 8E 1E 2C FF        		db	0ABh, 2Eh, 8Eh, 1Eh, 2Ch,0FFh 
 067C  8B F0 8C C8 05 00        		db	 8Bh,0F0h, 8Ch,0C8h, 05h, 00h 
 0682  30 8E C0 BF 00 00        		db	 30h, 8Eh,0C0h,0BFh, 00h, 00h 
 0688  2E C7 06 5A 4C 00        		db	 2Eh,0C7h, 06h, 5Ah, 4Ch, 00h 
 068E  00 2E C7 06 58 4C        		db	 00h, 2Eh,0C7h, 06h, 58h, 4Ch 
 0694  00 00 B9 30 03           		db	 00h, 00h,0B9h, 30h, 03h 
                                 
 0699                           locloop_57: 
 0699  8B 84 0662 R             		mov	ax,data_3[si] 
 069D  2E: A3 4C54              		mov	cs:data_68e,ax 
 06A1  AD                       		lodsw				; String [si] to ax 
 06A2  2E: A3 4C56              		mov	cs:data_69e,ax 
 06A6  E8 1B8E R                		call	sub_20 
 06A9  AB                       		stosw				; Store ax to es:[di] 
 06AA  E2 ED                    		loop	locloop_57		; Loop if cx > 0 
                                 
 06AC  5B                       		pop	bx 
 06AD  1F                       		pop	ds 
 06AE  BF 0000                  		mov	di,0 
 06B1  B9 2230                  		mov	cx,2230h 
 06B4  E9 0414 R                		jmp	loc_34 
                                			                        ;* No entry point to code 
 06B7  1E                       		push	ds 
 06B8  53                       		push	bx 
 06B9  32 E4                    		xor	ah,ah			; Zero register 
 06BB  BA 0480                  		mov	dx,480h 
 06BE  F7 E2                    		mul	dx			; dx:ax = reg * ax 
 06C0  05 97C0                  		add	ax,97C0h 
 06C3  2E: 8E 1E FF2C           		mov	ds,cs:data_87e 
 06C8  8B F0                    		mov	si,ax 
 06CA  8C C8                    		mov	ax,cs 
Microsoft (R) Macro Assembler  Version 4.00                 3/29/26 15:12:12

                                                            Page     1-22
                                                            

 06CC  05 3000                  		add	ax,3000h 
 06CF  8E C0                    		mov	es,ax 
 06D1  BF 0000                  		mov	di,0 
 06D4  2E: C7 06 4C5A 0000      		mov	word ptr cs:data_71e,0 
 06DB  2E: C7 06 4C58 0000      		mov	word ptr cs:data_70e,0 
 06E2  B9 0120                  		mov	cx,120h 
                                 
 06E5                           locloop_58: 
 06E5  8B 84 0240               		mov	ax,ds:data_2e[si] 
 06E9  2E: A3 4C56              		mov	cs:data_69e,ax 
 06ED  AD                       		lodsw				; String [si] to ax 
 06EE  2E: A3 4C54              		mov	cs:data_68e,ax 
 06F2  E8 1B8E R                		call	sub_20 
 06F5  AB                       		stosw				; Store ax to es:[di] 
 06F6  E2 ED                    		loop	locloop_58		; Loop if cx > 0 
                                 
 06F8  5B                       		pop	bx 
 06F9  1F                       		pop	ds 
 06FA  BF 0000                  		mov	di,data_1e 
 06FD  B9 1220                  		mov	cx,1220h 
 0700  E9 0414 R                		jmp	loc_34 
 0703  33 DB B9 19 00           		db	 33h,0DBh,0B9h, 19h, 00h 
                                 
 0708                           locloop_59: 
 0708  51                       		push	cx 
 0709  B9 0022                  		mov	cx,22h 
                                 
 070C                           locloop_60: 
 070C  51                       		push	cx 
 070D  AC                       		lodsb				; String [si] to al 
 070E  53                       		push	bx 
 070F  1E                       		push	ds 
 0710  56                       		push	si 
 0711  E8 0724 R                		call	sub_8 
 0714  5E                       		pop	si 
 0715  1F                       		pop	ds 
 0716  5B                       		pop	bx 
 0717  FE C7                    		inc	bh 
 0719  59                       		pop	cx 
 071A  E2 F0                    		loop	locloop_60		; Loop if cx > 0 
                                 
 071C  32 FF                    		xor	bh,bh			; Zero register 
 071E  FE C3                    		inc	bl 
 0720  59                       		pop	cx 
 0721  E2 E5                    		loop	locloop_59		; Loop if cx > 0 
                                 
                                		retn 
 0723  C3                     1                 db     0C3h
                                 
                                ;ﬂﬂﬂﬂﬂﬂﬂﬂﬂﬂﬂﬂﬂﬂﬂﬂﬂﬂﬂﬂﬂﬂﬂﬂﬂﬂﬂﬂﬂﬂﬂﬂﬂﬂﬂﬂﬂﬂﬂﬂﬂﬂﬂﬂﬂﬂﬂﬂﬂﬂﬂﬂﬂﬂﬂﬂﬂﬂﬂﬂﬂﬂﬂﬂﬂﬂﬂﬂﬂﬂﬂﬂﬂﬂ 
                                ;                              SUBROUTINE 
                                ;‹‹‹‹‹‹‹‹‹‹‹‹‹‹‹‹‹‹‹‹‹‹‹‹‹‹‹‹‹‹‹‹‹‹‹‹‹‹‹‹‹‹‹‹‹‹‹‹‹‹‹‹‹‹‹‹‹‹‹‹‹‹‹‹‹‹‹‹‹‹‹‹‹‹ 
                                 
 0724                           sub_8		proc	near 
 0724  2E: 8E 1E FF2C           		mov	ds,cs:data_87e 
Microsoft (R) Macro Assembler  Version 4.00                 3/29/26 15:12:12

                                                            Page     1-23
                                                            

 0729  8C CA                    		mov	dx,cs 
 072B  81 C2 2000               		add	dx,2000h 
 072F  8E C2                    		mov	es,dx 
 0731  32 E4                    		xor	ah,ah			; Zero register 
 0733                           loc_61: 
 0733  2C 28                    		sub	al,28h			; '(' 
 0735  72 04                    		jc	loc_62			; Jump if carry Set 
 0737  FE C4                    		inc	ah 
 0739  EB F8                    		jmp	short loc_61 
 073B                           loc_62: 
 073B  04 28                    		add	al,28h			; '(' 
 073D  8A C8                    		mov	cl,al 
 073F  8A C4                    		mov	al,ah 
 0741  32 E4                    		xor	ah,ah			; Zero register 
 0743  BA 0140                  		mov	dx,140h 
 0746  F7 E2                    		mul	dx			; dx:ax = reg * ax 
 0748  32 ED                    		xor	ch,ch			; Zero register 
 074A  03 C1                    		add	ax,cx 
 074C  05 4000                  		add	ax,4000h 
 074F  50                       		push	ax 
 0750  8B D3                    		mov	dx,bx 
 0752  32 F6                    		xor	dh,dh			; Zero register 
 0754  B8 0110                  		mov	ax,110h 
 0757  F7 E2                    		mul	dx			; dx:ax = reg * ax 
 0759  8A D7                    		mov	dl,bh 
 075B  32 F6                    		xor	dh,dh			; Zero register 
 075D  03 C2                    		add	ax,dx 
 075F  05 0000                  		add	ax,0 
 0762  8B F8                    		mov	di,ax 
 0764  5E                       		pop	si 
 0765  B9 0003                  		mov	cx,3 
                                 
 0768                           locloop_63: 
 0768  51                       		push	cx 
 0769  57                       		push	di 
 076A  56                       		push	si 
 076B  B9 0008                  		mov	cx,8 
                                 
 076E                           locloop_64: 
 076E  A4                       		movsb				; Mov [si] to es:[di] 
 076F  83 C7 21                 		add	di,21h 
 0772  83 C6 27                 		add	si,27h 
 0775  E2 F7                    		loop	locloop_64		; Loop if cx > 0 
                                 
 0777  5E                       		pop	si 
 0778  5F                       		pop	di 
 0779  81 C7 1A90               		add	di,1A90h 
 077D  81 C6 0640               		add	si,640h 
 0781  59                       		pop	cx 
 0782  E2 E4                    		loop	locloop_63		; Loop if cx > 0 
                                 
                                		retn 
 0784  C3                     1                 db     0C3h
                                sub_8		endp 
                                 
Microsoft (R) Macro Assembler  Version 4.00                 3/29/26 15:12:12

                                                            Page     1-24
                                                            

                                			                        ;* No entry point to code 
 0785  2E: C7 06 4C5A 0000      		mov	word ptr cs:data_71e,0 
 078C  1E                       		push	ds 
 078D  8C CA                    		mov	dx,cs 
 078F  8E C2                    		mov	es,dx 
 0791  81 C2 2000               		add	dx,2000h 
 0795  8E DA                    		mov	ds,dx 
 0797  50                       		push	ax 
 0798  B2 22                    		mov	dl,22h			; '"' 
 079A  F6 E2                    		mul	dl			; ax = reg * al 
 079C  05 0000                  		add	ax,0 
 079F  8B F0                    		mov	si,ax 
 07A1  56                       		push	si 
 07A2  BF 4F86                  		mov	di,data_80e 
 07A5  B9 0022                  		mov	cx,22h 
 07A8  F3/ A4                   		rep	movsb			; Rep when cx >0 Mov [si] to es:[di] 
 07AA  81 C6 1A6E               		add	si,data_89e 
 07AE  B9 0022                  		mov	cx,22h 
 07B1  F3/ A4                   		rep	movsb			; Rep when cx >0 Mov [si] to es:[di] 
 07B3  BF 4F86                  		mov	di,data_80e 
 07B6  B9 0044                  		mov	cx,44h 
                                 
 07B9                           locloop_65: 
 07B9  26: 8A 05                		mov	al,es:[di] 
 07BC  BA 0008                  		mov	dx,8 
 07BF                           loc_66: 
 07BF  D0 C8                    		ror	al,1			; Rotate 
 07C1  12 E4                    		adc	ah,ah 
 07C3  4A                       		dec	dx 
 07C4  75 F9                    		jnz	loc_66			; Jump if not zero 
 07C6  26: 88 25                		mov	es:[di],ah 
 07C9  47                       		inc	di 
 07CA  E2 ED                    		loop	locloop_65		; Loop if cx > 0 
                                 
 07CC  5E                       		pop	si 
 07CD  58                       		pop	ax 
 07CE  8A D8                    		mov	bl,al 
 07D0  32 FF                    		xor	bh,bh			; Zero register 
 07D2  E8 1C32 R                		call	sub_21 
 07D5  8B F8                    		mov	di,ax 
 07D7  B8 B000                  		mov	ax,0B000h 
 07DA  8E C0                    		mov	es,ax 
 07DC  57                       		push	di 
 07DD  57                       		push	di 
 07DE  56                       		push	si 
 07DF  B9 0011                  		mov	cx,11h 
                                 
 07E2                           locloop_67: 
 07E2  AD                       		lodsw				; String [si] to ax 
 07E3  2E: A3 4C56              		mov	cs:data_69e,ax 
 07E7  8B 84 1A8E               		mov	ax,ds:data_90e[si] 
 07EB  2E: A3 4C58              		mov	cs:data_70e,ax 
 07EF  2E: A3 4C54              		mov	cs:data_68e,ax 
 07F3  E8 1B8E R                		call	sub_20 
 07F6  26: 09 05                		or	es:[di],ax 
Microsoft (R) Macro Assembler  Version 4.00                 3/29/26 15:12:12

                                                            Page     1-25
                                                            

 07F9  47                       		inc	di 
 07FA  47                       		inc	di 
 07FB  E2 E5                    		loop	locloop_67		; Loop if cx > 0 
                                 
 07FD  5E                       		pop	si 
 07FE  5F                       		pop	di 
 07FF  81 C7 2000               		add	di,2000h 
 0803  81 FF 6000               		cmp	di,6000h 
 0807  72 1E                    		jb	loc_69			; Jump if below 
 0809  B9 0011                  		mov	cx,11h 
                                 
 080C                           locloop_68: 
 080C  AD                       		lodsw				; String [si] to ax 
 080D  2E: A3 4C56              		mov	cs:data_69e,ax 
 0811  8B 84 1A8E               		mov	ax,ds:data_90e[si] 
 0815  2E: A3 4C58              		mov	cs:data_70e,ax 
 0819  2E: A3 4C54              		mov	cs:data_68e,ax 
 081D  E8 1B8E R                		call	sub_20 
 0820  26: 09 05                		or	es:[di],ax 
 0823  47                       		inc	di 
 0824  47                       		inc	di 
 0825  E2 E5                    		loop	locloop_68		; Loop if cx > 0 
                                 
 0827                           loc_69: 
 0827  5F                       		pop	di 
 0828  83 C7 4E                 		add	di,4Eh 
 082B  0E                       		push	cs 
 082C  1F                       		pop	ds 
 082D  57                       		push	di 
 082E  BE 4F86                  		mov	si,data_80e 
 0831  B9 0011                  		mov	cx,11h 
                                 
 0834                           locloop_70: 
 0834  AD                       		lodsw				; String [si] to ax 
 0835  86 E0                    		xchg	ah,al 
 0837  2E: A3 4C56              		mov	cs:data_69e,ax 
 083B  8B 44 20                 		mov	ax,[si+20h] 
 083E  86 E0                    		xchg	ah,al 
 0840  2E: A3 4C58              		mov	cs:data_70e,ax 
 0844  2E: A3 4C54              		mov	cs:data_68e,ax 
 0848  E8 1B8E R                		call	sub_20 
 084B  26: 09 05                		or	es:[di],ax 
 084E  4F                       		dec	di 
 084F  4F                       		dec	di 
 0850  E2 E2                    		loop	locloop_70		; Loop if cx > 0 
                                 
 0852  5F                       		pop	di 
 0853  81 C7 2000               		add	di,2000h 
 0857  81 FF 6000               		cmp	di,6000h 
 085B  72 24                    		jb	loc_72			; Jump if below 
 085D  BE 4F86                  		mov	si,data_80e 
 0860  B9 0011                  		mov	cx,11h 
                                 
 0863                           locloop_71: 
 0863  AD                       		lodsw				; String [si] to ax 
Microsoft (R) Macro Assembler  Version 4.00                 3/29/26 15:12:12

                                                            Page     1-26
                                                            

 0864  86 E0                    		xchg	ah,al 
 0866  2E: A3 4C56              		mov	cs:data_69e,ax 
 086A  8B 44 20                 		mov	ax,[si+20h] 
 086D  86 E0                    		xchg	ah,al 
 086F  2E: A3 4C58              		mov	cs:data_70e,ax 
 0873  2E: A3 4C54              		mov	cs:data_68e,ax 
 0877  E8 1B8E R                		call	sub_20 
 087A  26: 09 05                		or	es:[di],ax 
 087D  4F                       		dec	di 
 087E  4F                       		dec	di 
 087F  E2 E2                    		loop	locloop_71		; Loop if cx > 0 
                                 
 0881                           loc_72: 
 0881  1F                       		pop	ds 
                                		retn 
 0882  C3                     1                 db     0C3h
                                			                        ;* No entry point to code 
 0883  8B D8                    		mov	bx,ax 
 0885  8A 87 3BC2               		mov	al,ds:data_64e[bx] 
 0889  A2 4C5D                  		mov	ds:data_73e,al 
 088C  B8 B000                  		mov	ax,0B000h 
 088F  8E C0                    		mov	es,ax 
 0891  BF 44F5                  		mov	di,data_65e 
 0894  BE 3ACB                  		mov	si,data_62e 
 0897                           loc_73: 
 0897  AC                       		lodsb				; String [si] to al 
 0898  0A C0                    		or	al,al			; Zero ? 
 089A  74 13                    		jz	loc_75			; Jump if zero 
 089C  E8 099D R                		call	sub_9 
 089F  81 C7 205A               		add	di,205Ah 
 08A3  81 FF 6000               		cmp	di,6000h 
 08A7  72 04                    		jb	loc_74			; Jump if below 
 08A9  81 C7 A05A               		add	di,0A05Ah 
 08AD                           loc_74: 
 08AD  EB E8                    		jmp	short loc_73 
 08AF                           loc_75: 
 08AF  81 EF 2059               		sub	di,2059h 
 08B3  73 04                    		jnc	loc_76			; Jump if carry=0 
 08B5  81 C7 5FA6               		add	di,data_82e 
 08B9                           loc_76: 
 08B9  AC                       		lodsb				; String [si] to al 
 08BA  0A C0                    		or	al,al			; Zero ? 
 08BC  74 06                    		jz	loc_77			; Jump if zero 
 08BE  E8 099D R                		call	sub_9 
 08C1  47                       		inc	di 
 08C2  EB F5                    		jmp	short loc_76 
 08C4                           loc_77: 
 08C4  81 EF 205B               		sub	di,205Bh 
 08C8  73 04                    		jnc	loc_78			; Jump if carry=0 
 08CA  81 C7 5FA6               		add	di,data_82e 
 08CE                           loc_78: 
 08CE  AC                       		lodsb				; String [si] to al 
 08CF  0A C0                    		or	al,al			; Zero ? 
 08D1  74 0F                    		jz	loc_80			; Jump if zero 
 08D3  E8 099D R                		call	sub_9 
Microsoft (R) Macro Assembler  Version 4.00                 3/29/26 15:12:12

                                                            Page     1-27
                                                            

 08D6  81 EF 205A               		sub	di,205Ah 
 08DA  73 04                    		jnc	loc_79			; Jump if carry=0 
 08DC  81 C7 5FA6               		add	di,5FA6h 
 08E0                           loc_79: 
 08E0  EB EC                    		jmp	short loc_78 
 08E2                           loc_80: 
 08E2  81 C7 2059               		add	di,2059h 
 08E6  81 FF 6000               		cmp	di,6000h 
 08EA  72 04                    		jb	loc_81			; Jump if below 
 08EC  81 C7 A05A               		add	di,data_84e 
 08F0                           loc_81: 
 08F0  AC                       		lodsb				; String [si] to al 
 08F1  0A C0                    		or	al,al			; Zero ? 
 08F3  74 06                    		jz	loc_82			; Jump if zero 
 08F5  E8 099D R                		call	sub_9 
 08F8  4F                       		dec	di 
 08F9  EB F5                    		jmp	short loc_81 
 08FB                           loc_82: 
 08FB  81 C7 205B               		add	di,205Bh 
 08FF  81 FF 6000               		cmp	di,6000h 
 0903  72 04                    		jb	loc_83			; Jump if below 
 0905  81 C7 A05A               		add	di,data_84e 
 0909                           loc_83: 
 0909  BE 3B8F                  		mov	si,data_63e 
 090C                           loc_84: 
 090C  2E: C6 06 FF1A 00        		mov	byte ptr cs:data_86e,0 
 0912  AC                       		lodsb				; String [si] to al 
 0913  0A C0                    		or	al,al			; Zero ? 
 0915  75 01                    		jnz	loc_85			; Jump if not zero 
                                		retn 
 0917  C3                     1                 db     0C3h
 0918                           loc_85: 
 0918  33 C9                    		xor	cx,cx			; Zero register 
 091A  8A C8                    		mov	cl,al 
                                 
 091C                           locloop_86: 
 091C  51                       		push	cx 
 091D  B0 18                    		mov	al,18h 
 091F  E8 099D R                		call	sub_9 
 0922  81 C7 205A               		add	di,205Ah 
 0926  81 FF 6000               		cmp	di,6000h 
 092A  72 04                    		jb	loc_87			; Jump if below 
 092C  81 C7 A05A               		add	di,0A05Ah 
 0930                           loc_87: 
 0930  59                       		pop	cx 
 0931  E2 E9                    		loop	locloop_86		; Loop if cx > 0 
                                 
 0933  81 EF 205A               		sub	di,205Ah 
 0937  73 04                    		jnc	loc_88			; Jump if carry=0 
 0939  81 C7 5FA6               		add	di,data_82e 
 093D                           loc_88: 
 093D  AC                       		lodsb				; String [si] to al 
 093E  0A C0                    		or	al,al			; Zero ? 
 0940  75 01                    		jnz	loc_89			; Jump if not zero 
                                		retn 
Microsoft (R) Macro Assembler  Version 4.00                 3/29/26 15:12:12

                                                            Page     1-28
                                                            

 0942  C3                     1                 db     0C3h
 0943                           loc_89: 
 0943  33 C9                    		xor	cx,cx			; Zero register 
 0945  8A C8                    		mov	cl,al 
                                 
 0947                           locloop_90: 
 0947  51                       		push	cx 
 0948  B0 18                    		mov	al,18h 
 094A  E8 099D R                		call	sub_9 
 094D  47                       		inc	di 
 094E  59                       		pop	cx 
 094F  E2 F6                    		loop	locloop_90		; Loop if cx > 0 
                                 
 0951  4F                       		dec	di 
 0952  AC                       		lodsb				; String [si] to al 
 0953  0A C0                    		or	al,al			; Zero ? 
 0955  75 01                    		jnz	loc_91			; Jump if not zero 
                                		retn 
 0957  C3                     1                 db     0C3h
 0958                           loc_91: 
 0958  33 C9                    		xor	cx,cx			; Zero register 
 095A  8A C8                    		mov	cl,al 
                                 
 095C                           locloop_92: 
 095C  51                       		push	cx 
 095D  B0 18                    		mov	al,18h 
 095F  E8 099D R                		call	sub_9 
 0962  81 EF 205A               		sub	di,205Ah 
 0966  73 04                    		jnc	loc_93			; Jump if carry=0 
 0968  81 C7 5FA6               		add	di,5FA6h 
 096C                           loc_93: 
 096C  59                       		pop	cx 
 096D  E2 ED                    		loop	locloop_92		; Loop if cx > 0 
                                 
 096F  81 C7 205A               		add	di,205Ah 
 0973  81 FF 6000               		cmp	di,6000h 
 0977  72 04                    		jb	loc_94			; Jump if below 
 0979  81 C7 A05A               		add	di,data_84e 
 097D                           loc_94: 
 097D  AC                       		lodsb				; String [si] to al 
 097E  0A C0                    		or	al,al			; Zero ? 
 0980  75 01                    		jnz	loc_95			; Jump if not zero 
                                		retn 
 0982  C3                     1                 db     0C3h
 0983                           loc_95: 
 0983  33 C9                    		xor	cx,cx			; Zero register 
 0985  8A C8                    		mov	cl,al 
                                 
 0987                           locloop_96: 
 0987  51                       		push	cx 
 0988  B0 18                    		mov	al,18h 
 098A  E8 099D R                		call	sub_9 
 098D  4F                       		dec	di 
 098E  59                       		pop	cx 
 098F  E2 F6                    		loop	locloop_96		; Loop if cx > 0 
Microsoft (R) Macro Assembler  Version 4.00                 3/29/26 15:12:12

                                                            Page     1-29
                                                            

                                 
 0991  47                       		inc	di 
 0992                           loc_97: 
 0992  2E: 80 3E FF1A 0C        		cmp	byte ptr cs:data_86e,0Ch 
 0998  72 F8                    		jb	loc_97			; Jump if below 
 099A  E9 090C R                		jmp	loc_84 
                                 
                                ;ﬂﬂﬂﬂﬂﬂﬂﬂﬂﬂﬂﬂﬂﬂﬂﬂﬂﬂﬂﬂﬂﬂﬂﬂﬂﬂﬂﬂﬂﬂﬂﬂﬂﬂﬂﬂﬂﬂﬂﬂﬂﬂﬂﬂﬂﬂﬂﬂﬂﬂﬂﬂﬂﬂﬂﬂﬂﬂﬂﬂﬂﬂﬂﬂﬂﬂﬂﬂﬂﬂﬂﬂﬂﬂ 
                                ;                              SUBROUTINE 
                                ;‹‹‹‹‹‹‹‹‹‹‹‹‹‹‹‹‹‹‹‹‹‹‹‹‹‹‹‹‹‹‹‹‹‹‹‹‹‹‹‹‹‹‹‹‹‹‹‹‹‹‹‹‹‹‹‹‹‹‹‹‹‹‹‹‹‹‹‹‹‹‹‹‹‹ 
                                 
 099D                           sub_9		proc	near 
 099D  56                       		push	si 
 099E  57                       		push	di 
 099F  FE C8                    		dec	al 
 09A1  32 E4                    		xor	ah,ah			; Zero register 
 09A3  03 C0                    		add	ax,ax 
 09A5  03 C0                    		add	ax,ax 
 09A7  03 C0                    		add	ax,ax 
 09A9  05 3A0B                  		add	ax,3A0Bh 
 09AC  8B F0                    		mov	si,ax 
 09AE  AC                       		lodsb				; String [si] to al 
 09AF  2E: 22 06 4C5D           		and	al,cs:data_73e 
 09B4  0A 44 03                 		or	al,[si+3] 
 09B7  AA                       		stosb				; Store al to es:[di] 
 09B8  81 C7 1FFF               		add	di,1FFFh 
 09BC  81 FF 6000               		cmp	di,data_95e 
 09C0  72 05                    		jb	loc_98			; Jump if below 
 09C2  AA                       		stosb				; Store al to es:[di] 
 09C3  81 C7 A059               		add	di,data_96e 
 09C7                           loc_98: 
 09C7  AC                       		lodsb				; String [si] to al 
 09C8  2E: 22 06 4C5D           		and	al,cs:data_73e 
 09CD  0A 44 03                 		or	al,[si+3] 
 09D0  AA                       		stosb				; Store al to es:[di] 
 09D1  81 C7 1FFF               		add	di,1FFFh 
 09D5  81 FF 6000               		cmp	di,data_95e 
 09D9  72 05                    		jb	loc_99			; Jump if below 
 09DB  AA                       		stosb				; Store al to es:[di] 
 09DC  81 C7 A059               		add	di,data_96e 
 09E0                           loc_99: 
 09E0  AC                       		lodsb				; String [si] to al 
 09E1  2E: 22 06 4C5D           		and	al,cs:data_73e 
 09E6  0A 44 03                 		or	al,[si+3] 
 09E9  AA                       		stosb				; Store al to es:[di] 
 09EA  81 C7 1FFF               		add	di,1FFFh 
 09EE  81 FF 6000               		cmp	di,data_95e 
 09F2  72 05                    		jb	loc_100			; Jump if below 
 09F4  AA                       		stosb				; Store al to es:[di] 
 09F5  81 C7 A059               		add	di,data_96e 
 09F9                           loc_100: 
 09F9  AC                       		lodsb				; String [si] to al 
 09FA  2E: 22 06 4C5D           		and	al,cs:data_73e 
 09FF  0A 44 03                 		or	al,[si+3] 
 0A02  AA                       		stosb				; Store al to es:[di] 
Microsoft (R) Macro Assembler  Version 4.00                 3/29/26 15:12:12

                                                            Page     1-30
                                                            

 0A03  81 C7 1FFF               		add	di,1FFFh 
 0A07  81 FF 6000               		cmp	di,data_95e 
 0A0B  72 01                    		jb	loc_101			; Jump if below 
 0A0D  AA                       		stosb				; Store al to es:[di] 
 0A0E                           loc_101: 
 0A0E  5F                       		pop	di 
 0A0F  5E                       		pop	si 
                                		retn 
 0A10  C3                     1                 db     0C3h
                                sub_9		endp 
                                 
 0A11  00 00 00 03 80 80        		db	 00h, 00h, 00h, 03h, 80h, 80h 
 0A17  8A 88 03 03 03 03        		db	 8Ah, 88h, 03h, 03h, 03h, 03h 
 0A1D  88 88 88 88 03 03        		db	 88h, 88h, 88h, 88h, 03h, 03h 
 0A23  03 03 88 88 88 A8        		db	 03h, 03h, 88h, 88h, 88h,0A8h 
 0A29  00 00 00 FF 00 00        		db	 00h, 00h, 00h,0FFh, 00h, 00h 
 0A2F  AA 00 00 00 00 FF        		db	0AAh, 00h, 00h, 00h, 00h,0FFh 
 0A35  02 02 AA 00 00 00        		db	 02h, 02h,0AAh, 00h, 00h, 00h 
 0A3B  00 FF 80 80 AA 00        		db	 00h,0FFh, 80h, 80h,0AAh, 00h 
 0A41  00 00 00 C0 02 02        		db	 00h, 00h, 00h,0C0h, 02h, 02h 
 0A47  A2 22 C0 C0 C0 C0        		db	0A2h, 22h,0C0h,0C0h,0C0h,0C0h 
 0A4D  22 22 22 22 C0 C0        		db	 22h, 22h, 22h, 22h,0C0h,0C0h 
 0A53  C0 C0 22 22 22 22        		db	0C0h,0C0h, 22h, 22h, 22h, 22h 
 0A59  C0 C0 C0 C0 2A 02        		db	0C0h,0C0h,0C0h,0C0h, 2Ah, 02h 
 0A5F  02 02 03 03 03 03        		db	 02h, 02h, 03h, 03h, 03h, 03h 
 0A65  A8 88 88 88 03 03        		db	0A8h, 88h, 88h, 88h, 03h, 03h 
 0A6B  03 03 88 88 88 88        		db	 03h, 03h, 88h, 88h, 88h, 88h 
 0A71  03 00 00 00 88 8A        		db	 03h, 00h, 00h, 00h, 88h, 8Ah 
 0A77  80 80 FF 00 00 00        		db	 80h, 80h,0FFh, 00h, 00h, 00h 
 0A7D  00 AA 00 00 FF 00        		db	 00h,0AAh, 00h, 00h,0FFh, 00h 
 0A83  00 00 00 AA 02 02        		db	 00h, 00h, 00h,0AAh, 02h, 02h 
 0A89  FF 00 00 00 00 AA        		db	0FFh, 00h, 00h, 00h, 00h,0AAh 
 0A8F  80 80 C0 C0 C0 C0        		db	 80h, 80h,0C0h,0C0h,0C0h,0C0h 
 0A95  2A 22 22 22 C0 C0        		db	 2Ah, 22h, 22h, 22h,0C0h,0C0h 
 0A9B  C0 C0 22 22 22 22        		db	0C0h,0C0h, 22h, 22h, 22h, 22h 
 0AA1  C0 00 00 00 22 A2        		db	0C0h, 00h, 00h, 00h, 22h,0A2h 
 0AA7  02 02 00 00 FF FF        		db	 02h, 02h, 00h, 00h,0FFh,0FFh 
 0AAD  00 00 00 00 FF FF        		db	 00h, 00h, 00h, 00h,0FFh,0FFh 
 0AB3  00 00 00 00 00 00        		db	 00h, 00h, 00h, 00h, 00h, 00h 
 0AB9  03 03 03 03 80 80        		db	 03h, 03h, 03h, 03h, 80h, 80h 
 0ABF  80 80 C0 C0 C0 C0        		db	 80h, 80h,0C0h,0C0h,0C0h,0C0h 
 0AC5  02 02 02 02 FF FF        		db	 02h, 02h, 02h, 02h,0FFh,0FFh 
 0ACB  FF FF 00 00 00 00        		db	0FFh,0FFh, 00h, 00h, 00h, 00h 
 0AD1  01 02 03                 		db	 01h, 02h, 03h 
 0AD4  0014[                    		db	20 dup (16h) 
            16                  
                         ]      
                                
 0AE8  0B 0C 0D 00 0E 0F        		db	 0Bh, 0Ch, 0Dh, 00h, 0Eh, 0Fh 
 0AEE  0042[                    		db	66 dup (15h) 
            15                  
                         ]      
                                
 0B30  10 0E 13 00 12 11        		db	 10h, 0Eh, 13h, 00h, 12h, 11h 
 0B36  0013[                    		db	19 dup (17h) 
Microsoft (R) Macro Assembler  Version 4.00                 3/29/26 15:12:12

                                                            Page     1-31
                                                            

            17                  
                         ]      
                                
 0B49  0A 09 08 07 00 04        		db	 0Ah, 09h, 08h, 07h, 00h, 04h 
 0B4F  06                       		db	 06h 
 0B50  0042[                    		db	66 dup (14h) 
            14                  
                         ]      
                                
 0B92  05 04 00 18 46 18        		db	 05h, 04h, 00h, 18h, 46h, 18h 
 0B98  45 17 44 16 43 15        		db	 45h, 17h, 44h, 16h, 43h, 15h 
 0B9E  42 14 41 13 40 12        		db	 42h, 14h, 41h, 13h, 40h, 12h 
 0BA4  3F 11 3E 10 3D 0F        		db	 3Fh, 11h, 3Eh, 10h, 3Dh, 0Fh 
 0BAA  3C 0E 3B 0D 3A 0C        		db	 3Ch, 0Eh, 3Bh, 0Dh, 3Ah, 0Ch 
 0BB0  39 0B 38 0A 37 09        		db	 39h, 0Bh, 38h, 0Ah, 37h, 09h 
 0BB6  36 08 35 07 34 06        		db	 36h, 08h, 35h, 07h, 34h, 06h 
 0BBC  33 05 32 04 31 03        		db	 33h, 05h, 32h, 04h, 31h, 03h 
 0BC2  30 02 2F 01 2E 00        		db	 30h, 02h, 2Fh, 01h, 2Eh, 00h 
 0BC8  00 AA 55 1E 2E A2        		db	 00h,0AAh, 55h, 1Eh, 2Eh,0A2h 
 0BCE  5F 4C 53 51 8A C5        		db	 5Fh, 4Ch, 53h, 51h, 8Ah,0C5h 
 0BD4  F6 E1 8B E8 06 1F        		db	0F6h,0E1h, 8Bh,0E8h, 06h, 1Fh 
 0BDA  8B F7 8C C8 05 00        		db	 8Bh,0F7h, 8Ch,0C8h, 05h, 00h 
 0BE0  30 8E C0 BF 00 00        		db	 30h, 8Eh,0C0h,0BFh, 00h, 00h 
 0BE6  2E C7 06 5A 4C 00        		db	 2Eh,0C7h, 06h, 5Ah, 4Ch, 00h 
 0BEC  00 2E C7 06 54 4C        		db	 00h, 2Eh,0C7h, 06h, 54h, 4Ch 
 0BF2  00 00 2E C7 06 56        		db	 00h, 00h, 2Eh,0C7h, 06h, 56h 
 0BF8  4C 00 00 2E C7 06        		db	 4Ch, 00h, 00h, 2Eh,0C7h, 06h 
 0BFE  58 4C 00 00 8B CD        		db	 58h, 4Ch, 00h, 00h, 8Bh,0CDh 
 0C04  D1 E9                    		db	0D1h,0E9h 
                                 
 0C06                           locloop_102: 
 0C06  56                       		push	si 
 0C07  2E: F6 06 4C5F 01        		test	byte ptr cs:data_75e,1 
 0C0D  74 08                    		jz	loc_103			; Jump if zero 
 0C0F  8B 04                    		mov	ax,[si] 
 0C11  2E: A3 4C54              		mov	cs:data_68e,ax 
 0C15  03 F5                    		add	si,bp 
 0C17                           loc_103: 
 0C17  2E: F6 06 4C5F 02        		test	byte ptr cs:data_75e,2 
 0C1D  74 08                    		jz	loc_104			; Jump if zero 
 0C1F  8B 04                    		mov	ax,[si] 
 0C21  2E: A3 4C56              		mov	cs:data_69e,ax 
 0C25  03 F5                    		add	si,bp 
 0C27                           loc_104: 
 0C27  2E: F6 06 4C5F 04        		test	byte ptr cs:data_75e,4 
 0C2D  74 06                    		jz	loc_105			; Jump if zero 
 0C2F  8B 04                    		mov	ax,[si] 
 0C31  2E: A3 4C58              		mov	cs:data_70e,ax 
 0C35                           loc_105: 
 0C35  E8 1B8E R                		call	sub_20 
 0C38  AB                       		stosw				; Store ax to es:[di] 
 0C39  5E                       		pop	si 
 0C3A  46                       		inc	si 
 0C3B  46                       		inc	si 
 0C3C  E2 C8                    		loop	locloop_102		; Loop if cx > 0 
Microsoft (R) Macro Assembler  Version 4.00                 3/29/26 15:12:12

                                                            Page     1-32
                                                            

                                 
 0C3E  59                       		pop	cx 
 0C3F  5B                       		pop	bx 
 0C40  81 EB 0410               		sub	bx,410h 
 0C44  2E: C6 06 4C5D 00        		mov	byte ptr cs:data_73e,0 
 0C4A  2E: C6 06 4C5E 00        		mov	byte ptr cs:data_74e,0 
 0C50  2E: 89 0E 4C60           		mov	cs:data_76e,cx 
 0C55  8C C8                    		mov	ax,cs 
 0C57  05 3000                  		add	ax,3000h 
 0C5A  8E D8                    		mov	ds,ax 
 0C5C  BE 0000                  		mov	si,0 
 0C5F  B8 B000                  		mov	ax,0B000h 
 0C62  8E C0                    		mov	es,ax 
 0C64  B9 0008                  		mov	cx,8 
                                 
 0C67                           locloop_106: 
 0C67  51                       		push	cx 
 0C68  2E: A0 4C5E              		mov	al,cs:data_74e 
 0C6C  2E: A2 4C5D              		mov	cs:data_73e,al 
 0C70  2E: C6 06 FF1A 00        		mov	byte ptr cs:data_86e,0 
 0C76  B9 000D                  		mov	cx,0Dh 
                                 
 0C79                           locloop_107: 
 0C79  51                       		push	cx 
 0C7A  53                       		push	bx 
 0C7B  56                       		push	si 
 0C7C  E8 0C9C R                		call	sub_10 
 0C7F  5E                       		pop	si 
 0C80  5B                       		pop	bx 
 0C81  59                       		pop	cx 
 0C82  2E: 80 06 4C5D 08        		add	byte ptr cs:data_73e,8 
 0C88  E2 EF                    		loop	locloop_107		; Loop if cx > 0 
                                 
 0C8A  59                       		pop	cx 
 0C8B                           loc_108: 
 0C8B  2E: 80 3E FF1A 14        		cmp	byte ptr cs:data_86e,14h 
 0C91  72 F8                    		jb	loc_108			; Jump if below 
 0C93  2E: FE 06 4C5E           		inc	byte ptr cs:data_74e 
 0C98  E2 CD                    		loop	locloop_106		; Loop if cx > 0 
                                 
 0C9A  1F                       		pop	ds 
                                		retn 
 0C9B  C3                     1                 db     0C3h
                                 
                                ;ﬂﬂﬂﬂﬂﬂﬂﬂﬂﬂﬂﬂﬂﬂﬂﬂﬂﬂﬂﬂﬂﬂﬂﬂﬂﬂﬂﬂﬂﬂﬂﬂﬂﬂﬂﬂﬂﬂﬂﬂﬂﬂﬂﬂﬂﬂﬂﬂﬂﬂﬂﬂﬂﬂﬂﬂﬂﬂﬂﬂﬂﬂﬂﬂﬂﬂﬂﬂﬂﬂﬂﬂﬂﬂ 
                                ;                              SUBROUTINE 
                                ;‹‹‹‹‹‹‹‹‹‹‹‹‹‹‹‹‹‹‹‹‹‹‹‹‹‹‹‹‹‹‹‹‹‹‹‹‹‹‹‹‹‹‹‹‹‹‹‹‹‹‹‹‹‹‹‹‹‹‹‹‹‹‹‹‹‹‹‹‹‹‹‹‹‹ 
                                 
 0C9C                           sub_10		proc	near 
 0C9C  53                       		push	bx 
 0C9D  2E: 8A 1E 4C5D           		mov	bl,cs:data_73e 
 0CA2  80 C3 10                 		add	bl,10h 
 0CA5  B7 04                    		mov	bh,4 
 0CA7  E8 1C32 R                		call	sub_21 
 0CAA  8B F8                    		mov	di,ax 
Microsoft (R) Macro Assembler  Version 4.00                 3/29/26 15:12:12

                                                            Page     1-33
                                                            

 0CAC  5B                       		pop	bx 
 0CAD  2E: 38 1E 4C5D           		cmp	cs:data_73e,bl 
 0CB2  72 66                    		jb	loc_112			; Jump if below 
 0CB4  8A C3                    		mov	al,bl 
 0CB6  2E: 02 06 4C60           		add	al,cs:data_76e 
 0CBB  2E: 38 06 4C5D           		cmp	cs:data_73e,al 
 0CC0  73 58                    		jae	loc_112			; Jump if above or = 
 0CC2  2E: A0 4C5D              		mov	al,cs:data_73e 
 0CC6  2A C3                    		sub	al,bl 
 0CC8  2E: F6 26 4C61           		mul	byte ptr cs:data_76e+1	; ax = data * al 
 0CCD  03 F0                    		add	si,ax 
 0CCF  57                       		push	di 
 0CD0  2E: C6 06 4C5C 00        		mov	byte ptr cs:data_72e,0 
 0CD6  B9 0048                  		mov	cx,48h 
                                 
 0CD9                           locloop_109: 
 0CD9  51                       		push	cx 
 0CDA  26: C6 05 00             		mov	byte ptr es:[di],0 
 0CDE  2E: 38 3E 4C5C           		cmp	cs:data_72e,bh 
 0CE3  72 10                    		jb	loc_110			; Jump if below 
 0CE5  8A C7                    		mov	al,bh 
 0CE7  2E: 02 06 4C61           		add	al,byte ptr cs:data_76e+1 
 0CEC  2E: 38 06 4C5C           		cmp	cs:data_72e,al 
 0CF1  73 02                    		jae	loc_110			; Jump if above or = 
 0CF3  A4                       		movsb				; Mov [si] to es:[di] 
 0CF4  4F                       		dec	di 
 0CF5                           loc_110: 
 0CF5  47                       		inc	di 
 0CF6  2E: FE 06 4C5C           		inc	byte ptr cs:data_72e 
 0CFB  59                       		pop	cx 
 0CFC  E2 DB                    		loop	locloop_109		; Loop if cx > 0 
                                 
 0CFE  5F                       		pop	di 
 0CFF  81 C7 2000               		add	di,2000h 
 0D03  81 FF 6000               		cmp	di,data_95e 
 0D07  73 01                    		jae	loc_111			; Jump if above or = 
                                		retn 
 0D09  C3                     1                 db     0C3h
 0D0A                           loc_111: 
 0D0A  1E                       		push	ds 
 0D0B  06                       		push	es 
 0D0C  1F                       		pop	ds 
 0D0D  8B F7                    		mov	si,di 
 0D0F  81 EE 2000               		sub	si,2000h 
 0D13  B9 0048                  		mov	cx,48h 
 0D16  F3/ A4                   		rep	movsb			; Rep when cx >0 Mov [si] to es:[di] 
 0D18  1F                       		pop	ds 
                                		retn 
 0D19  C3                     1                 db     0C3h
 0D1A                           loc_112: 
 0D1A  57                       		push	di 
 0D1B  B9 0024                  		mov	cx,24h 
 0D1E  33 C0                    		xor	ax,ax			; Zero register 
 0D20  F3/ AB                   		rep	stosw			; Rep when cx >0 Store ax to es:[di] 
 0D22  5F                       		pop	di 
Microsoft (R) Macro Assembler  Version 4.00                 3/29/26 15:12:12

                                                            Page     1-34
                                                            

 0D23  81 C7 2000               		add	di,2000h 
 0D27  81 FF 6000               		cmp	di,data_95e 
 0D2B  73 01                    		jae	loc_113			; Jump if above or = 
                                		retn 
 0D2D  C3                     1                 db     0C3h
 0D2E                           loc_113: 
 0D2E  B9 0024                  		mov	cx,24h 
 0D31  33 C0                    		xor	ax,ax			; Zero register 
 0D33  F3/ AB                   		rep	stosw			; Rep when cx >0 Store ax to es:[di] 
                                		retn 
 0D35  C3                     1                 db     0C3h
                                sub_10		endp 
                                 
                                			                        ;* No entry point to code 
 0D36  2E: 88 1E 4C5D           		mov	cs:data_73e,bl 
 0D3B  E8 1C32 R                		call	sub_21 
 0D3E  8B F8                    		mov	di,ax 
 0D40  B8 B000                  		mov	ax,0B000h 
 0D43  8E C0                    		mov	es,ax 
 0D45  8A DD                    		mov	bl,ch 
 0D47  32 FF                    		xor	bh,bh			; Zero register 
 0D49  32 ED                    		xor	ch,ch			; Zero register 
 0D4B  83 E9 05                 		sub	cx,5 
 0D4E  51                       		push	cx 
 0D4F  57                       		push	di 
 0D50  E8 0DBA R                		call	sub_11 
 0D53  5F                       		pop	di 
 0D54  2E: FE 06 4C5D           		inc	byte ptr cs:data_73e 
 0D59  81 C7 2000               		add	di,2000h 
 0D5D  81 FF 6000               		cmp	di,6000h 
 0D61  72 04                    		jb	loc_114			; Jump if below 
 0D63  81 C7 A05A               		add	di,data_84e 
 0D67                           loc_114: 
 0D67  B9 0002                  		mov	cx,2 
 0D6A  E8 0DF2 R                		call	sub_12 
 0D6D  59                       		pop	cx 
                                 
 0D6E                           locloop_115: 
 0D6E  51                       		push	cx 
 0D6F  E8 0E48 R                		call	sub_13 
 0D72  26: 80 0D 30             		or	byte ptr es:[di],30h	; '0' 
 0D76  26: 80 25 F0             		and	byte ptr es:[di],0F0h 
 0D7A  26: 80 49 FF 0C          		or	byte ptr es:[bx+di-1],0Ch 
 0D7F  26: 80 61 FF 0F          		and	byte ptr es:[bx+di-1],0Fh 
 0D84  2E: FE 06 4C5D           		inc	byte ptr cs:data_73e 
 0D89  81 C7 2000               		add	di,2000h 
 0D8D  81 FF 6000               		cmp	di,data_95e 
 0D91  72 1E                    		jb	loc_116			; Jump if below 
 0D93  E8 0E48 R                		call	sub_13 
 0D96  26: 80 0D 30             		or	byte ptr es:[di],30h	; '0' 
 0D9A  26: 80 25 F0             		and	byte ptr es:[di],0F0h 
 0D9E  26: 80 49 FF 0C          		or	byte ptr es:[bx+di-1],0Ch 
 0DA3  26: 80 61 FF 0F          		and	byte ptr es:[bx+di-1],0Fh 
 0DA8  2E: FE 06 4C5D           		inc	byte ptr cs:data_73e 
 0DAD  81 C7 A05A               		add	di,data_84e 
Microsoft (R) Macro Assembler  Version 4.00                 3/29/26 15:12:12

                                                            Page     1-35
                                                            

 0DB1                           loc_116: 
 0DB1  59                       		pop	cx 
 0DB2  E2 BA                    		loop	locloop_115		; Loop if cx > 0 
                                 
 0DB4  B9 0001                  		mov	cx,1 
 0DB7  E8 0DF2 R                		call	sub_12 
                                 
                                ;ﬂﬂﬂﬂﬂﬂﬂﬂﬂﬂﬂﬂﬂﬂﬂﬂﬂﬂﬂﬂﬂﬂﬂﬂﬂﬂﬂﬂﬂﬂﬂﬂﬂﬂﬂﬂﬂﬂﬂﬂﬂﬂﬂﬂﬂﬂﬂﬂﬂﬂﬂﬂﬂﬂﬂﬂﬂﬂﬂﬂﬂﬂﬂﬂﬂﬂﬂﬂﬂﬂﬂﬂﬂﬂ 
                                ;                              SUBROUTINE 
                                ;‹‹‹‹‹‹‹‹‹‹‹‹‹‹‹‹‹‹‹‹‹‹‹‹‹‹‹‹‹‹‹‹‹‹‹‹‹‹‹‹‹‹‹‹‹‹‹‹‹‹‹‹‹‹‹‹‹‹‹‹‹‹‹‹‹‹‹‹‹‹‹‹‹‹ 
                                 
 0DBA                           sub_11		proc	near 
 0DBA  57                       		push	di 
 0DBB  E8 0E48 R                		call	sub_13 
 0DBE  26: 80 0D 3F             		or	byte ptr es:[di],3Fh	; '?' 
 0DC2  47                       		inc	di 
 0DC3  8B CB                    		mov	cx,bx 
 0DC5  83 E9 02                 		sub	cx,2 
 0DC8  B0 FF                    		mov	al,0FFh 
 0DCA  F3/ AA                   		rep	stosb			; Rep when cx >0 Store al to es:[di] 
 0DCC  26: 80 0D FC             		or	byte ptr es:[di],0FCh 
 0DD0  5F                       		pop	di 
 0DD1  81 C7 2000               		add	di,2000h 
 0DD5  81 FF 6000               		cmp	di,data_95e 
 0DD9  73 01                    		jae	loc_117			; Jump if above or = 
                                		retn 
 0DDB  C3                     1                 db     0C3h
 0DDC                           loc_117: 
 0DDC  E8 0E48 R                		call	sub_13 
 0DDF  26: 80 0D 3F             		or	byte ptr es:[di],3Fh	; '?' 
 0DE3  47                       		inc	di 
 0DE4  8B CB                    		mov	cx,bx 
 0DE6  83 E9 02                 		sub	cx,2 
 0DE9  B0 FF                    		mov	al,0FFh 
 0DEB  F3/ AA                   		rep	stosb			; Rep when cx >0 Store al to es:[di] 
 0DED  26: 80 0D FC             		or	byte ptr es:[di],0FCh 
                                		retn 
 0DF1  C3                     1                 db     0C3h
                                sub_11		endp 
                                 
                                 
                                ;ﬂﬂﬂﬂﬂﬂﬂﬂﬂﬂﬂﬂﬂﬂﬂﬂﬂﬂﬂﬂﬂﬂﬂﬂﬂﬂﬂﬂﬂﬂﬂﬂﬂﬂﬂﬂﬂﬂﬂﬂﬂﬂﬂﬂﬂﬂﬂﬂﬂﬂﬂﬂﬂﬂﬂﬂﬂﬂﬂﬂﬂﬂﬂﬂﬂﬂﬂﬂﬂﬂﬂﬂﬂﬂ 
                                ;                              SUBROUTINE 
                                ;‹‹‹‹‹‹‹‹‹‹‹‹‹‹‹‹‹‹‹‹‹‹‹‹‹‹‹‹‹‹‹‹‹‹‹‹‹‹‹‹‹‹‹‹‹‹‹‹‹‹‹‹‹‹‹‹‹‹‹‹‹‹‹‹‹‹‹‹‹‹‹‹‹‹ 
                                 
 0DF2                           sub_12		proc	near 
                                 
 0DF2                           locloop_118: 
 0DF2  51                       		push	cx 
 0DF3  57                       		push	di 
 0DF4  E8 0E48 R                		call	sub_13 
 0DF7  26: 80 0D 30             		or	byte ptr es:[di],30h	; '0' 
 0DFB  26: 80 25 F0             		and	byte ptr es:[di],0F0h 
 0DFF  47                       		inc	di 
 0E00  8B CB                    		mov	cx,bx 
Microsoft (R) Macro Assembler  Version 4.00                 3/29/26 15:12:12

                                                            Page     1-36
                                                            

 0E02  83 E9 02                 		sub	cx,2 
 0E05  32 C0                    		xor	al,al			; Zero register 
 0E07  F3/ AA                   		rep	stosb			; Rep when cx >0 Store al to es:[di] 
 0E09  26: 80 0D 0C             		or	byte ptr es:[di],0Ch 
 0E0D  26: 80 25 0F             		and	byte ptr es:[di],0Fh 
 0E11  5F                       		pop	di 
 0E12  2E: FE 06 4C5D           		inc	byte ptr cs:data_73e 
 0E17  81 C7 2000               		add	di,2000h 
 0E1B  81 FF 6000               		cmp	di,data_95e 
 0E1F  72 23                    		jb	loc_119			; Jump if below 
 0E21  57                       		push	di 
 0E22  E8 0E48 R                		call	sub_13 
 0E25  26: 80 0D 30             		or	byte ptr es:[di],30h	; '0' 
 0E29  26: 80 25 F0             		and	byte ptr es:[di],0F0h 
 0E2D  47                       		inc	di 
 0E2E  8B CB                    		mov	cx,bx 
 0E30  83 E9 02                 		sub	cx,2 
 0E33  32 C0                    		xor	al,al			; Zero register 
 0E35  F3/ AA                   		rep	stosb			; Rep when cx >0 Store al to es:[di] 
 0E37  26: 80 0D 0C             		or	byte ptr es:[di],0Ch 
 0E3B  26: 80 25 0F             		and	byte ptr es:[di],0Fh 
 0E3F  5F                       		pop	di 
 0E40  81 C7 A05A               		add	di,0A05Ah 
 0E44                           loc_119: 
 0E44  59                       		pop	cx 
 0E45  E2 AB                    		loop	locloop_118		; Loop if cx > 0 
                                 
                                		retn 
 0E47  C3                     1                 db     0C3h
                                sub_12		endp 
                                 
                                 
                                ;ﬂﬂﬂﬂﬂﬂﬂﬂﬂﬂﬂﬂﬂﬂﬂﬂﬂﬂﬂﬂﬂﬂﬂﬂﬂﬂﬂﬂﬂﬂﬂﬂﬂﬂﬂﬂﬂﬂﬂﬂﬂﬂﬂﬂﬂﬂﬂﬂﬂﬂﬂﬂﬂﬂﬂﬂﬂﬂﬂﬂﬂﬂﬂﬂﬂﬂﬂﬂﬂﬂﬂﬂﬂﬂ 
                                ;                              SUBROUTINE 
                                ;‹‹‹‹‹‹‹‹‹‹‹‹‹‹‹‹‹‹‹‹‹‹‹‹‹‹‹‹‹‹‹‹‹‹‹‹‹‹‹‹‹‹‹‹‹‹‹‹‹‹‹‹‹‹‹‹‹‹‹‹‹‹‹‹‹‹‹‹‹‹‹‹‹‹ 
                                 
 0E48                           sub_13		proc	near 
 0E48  26: C7 45 FF 0000        		mov	word ptr es:[di-1],0 
                                		retn 
 0E4E  C3                     1                 db     0C3h
                                sub_13		endp 
                                 
                                			                        ;* No entry point to code 
 0E4F  53                       		push	bx 
 0E50  06                       		push	es 
 0E51  57                       		push	di 
 0E52  B9 1028                  		mov	cx,1028h 
                                 
 0E55                           locloop_120: 
 0E55  26: 8A 05                		mov	al,es:[di] 
 0E58  26: 22 85 1028           		and	al,byte ptr es:[1028h][di] 
 0E5D  26: 8A A5 2050           		mov	ah,es:data_55e[di] 
 0E62  F6 D4                    		not	ah 
 0E64  22 C4                    		and	al,ah 
 0E66  F6 D0                    		not	al 
Microsoft (R) Macro Assembler  Version 4.00                 3/29/26 15:12:12

                                                            Page     1-37
                                                            

 0E68  26: 20 05                		and	es:[di],al 
 0E6B  26: 20 85 1028           		and	byte ptr es:[1028h][di],al 
 0E70  26: 20 85 2050           		and	es:data_55e[di],al 
 0E75  26: 8A 85 2050           		mov	al,es:data_55e[di] 
 0E7A  26: 8A 25                		mov	ah,es:[di] 
 0E7D  F6 D4                    		not	ah 
 0E7F  22 C4                    		and	al,ah 
 0E81  26: 8A A5 1028           		mov	ah,byte ptr es:[1028h][di] 
 0E86  F6 D4                    		not	ah 
 0E88  22 C4                    		and	al,ah 
 0E8A  26: 08 05                		or	es:[di],al 
 0E8D  26: 08 85 1028           		or	byte ptr es:[1028h][di],al 
 0E92  F6 D0                    		not	al 
 0E94  26: 20 85 2050           		and	es:data_55e[di],al 
 0E99  47                       		inc	di 
 0E9A  E2 B9                    		loop	locloop_120		; Loop if cx > 0 
                                 
 0E9C  5F                       		pop	di 
 0E9D  07                       		pop	es 
 0E9E  5B                       		pop	bx 
 0E9F  B9 2F58                  		mov	cx,2F58h 
 0EA2  E9 03D0 R                		jmp	loc_32 
                                			                        ;* No entry point to code 
 0EA5  1E                       		push	ds 
 0EA6  89 3E 4C62               		mov	ds:data_78e,di 
 0EAA  8C 06 4C64               		mov	ds:data_79e,es 
 0EAE  BF 069A                  		mov	di,69Ah 
 0EB1  03 3E 4C62               		add	di,ds:data_78e 
 0EB5  E8 1011 R                		call	sub_16 
 0EB8  BF 06BC                  		mov	di,6BCh 
 0EBB  03 3E 4C62               		add	di,ds:data_78e 
 0EBF  E8 1011 R                		call	sub_16 
 0EC2  B8 B000                  		mov	ax,0B000h 
 0EC5  8E C0                    		mov	es,ax 
 0EC7  2E: 8E 1E 4C64           		mov	ds,cs:data_79e 
 0ECC  B9 0044                  		mov	cx,44h 
                                 
 0ECF                           locloop_121: 
 0ECF  51                       		push	cx 
 0ED0  2E: C6 06 FF1A 00        		mov	byte ptr cs:data_86e,0 
 0ED6  B8 0044                  		mov	ax,44h 
 0ED9  2B C1                    		sub	ax,cx 
 0EDB  03 C0                    		add	ax,ax 
 0EDD  50                       		push	ax 
 0EDE  8A D8                    		mov	bl,al 
 0EE0  B0 50                    		mov	al,50h			; 'P' 
 0EE2  F6 E3                    		mul	bl			; ax = reg * al 
 0EE4  50                       		push	ax 
 0EE5  32 FF                    		xor	bh,bh			; Zero register 
 0EE7  E8 1C32 R                		call	sub_21 
 0EEA  8B F8                    		mov	di,ax 
 0EEC  58                       		pop	ax 
 0EED  2E: 03 06 4C62           		add	ax,cs:data_78e 
 0EF2  8B F0                    		mov	si,ax 
 0EF4  58                       		pop	ax 
Microsoft (R) Macro Assembler  Version 4.00                 3/29/26 15:12:12

                                                            Page     1-38
                                                            

 0EF5  3D 0016                  		cmp	ax,16h 
 0EF8  72 0A                    		jb	loc_122			; Jump if below 
 0EFA  3D 0071                  		cmp	ax,71h 
 0EFD  73 05                    		jae	loc_122			; Jump if above or = 
 0EFF  E8 0F78 R                		call	sub_15 
 0F02  EB 03                    		jmp	short loc_123 
 0F04                           loc_122: 
 0F04  E8 0F45 R                		call	sub_14 
 0F07                           loc_123: 
 0F07  59                       		pop	cx 
 0F08  51                       		push	cx 
 0F09  8B C1                    		mov	ax,cx 
 0F0B  03 C0                    		add	ax,ax 
 0F0D  48                       		dec	ax 
 0F0E  50                       		push	ax 
 0F0F  8A D8                    		mov	bl,al 
 0F11  B0 50                    		mov	al,50h			; 'P' 
 0F13  F6 E3                    		mul	bl			; ax = reg * al 
 0F15  50                       		push	ax 
 0F16  32 FF                    		xor	bh,bh			; Zero register 
 0F18  E8 1C32 R                		call	sub_21 
 0F1B  8B F8                    		mov	di,ax 
 0F1D  58                       		pop	ax 
 0F1E  2E: 03 06 4C62           		add	ax,cs:data_78e 
 0F23  8B F0                    		mov	si,ax 
 0F25  58                       		pop	ax 
 0F26  3D 0016                  		cmp	ax,16h 
 0F29  72 0A                    		jb	loc_124			; Jump if below 
 0F2B  3D 0071                  		cmp	ax,71h 
 0F2E  73 05                    		jae	loc_124			; Jump if above or = 
 0F30  E8 0F78 R                		call	sub_15 
 0F33  EB 03                    		jmp	short loc_125 
 0F35                           loc_124: 
 0F35  E8 0F45 R                		call	sub_14 
 0F38                           loc_125: 
 0F38  2E: 80 3E FF1A 04        		cmp	byte ptr cs:data_86e,4 
 0F3E  72 F8                    		jb	loc_125			; Jump if below 
 0F40  59                       		pop	cx 
 0F41  E2 8C                    		loop	locloop_121		; Loop if cx > 0 
                                 
 0F43  1F                       		pop	ds 
                                		retn 
 0F44  C3                     1                 db     0C3h
                                 
                                ;ﬂﬂﬂﬂﬂﬂﬂﬂﬂﬂﬂﬂﬂﬂﬂﬂﬂﬂﬂﬂﬂﬂﬂﬂﬂﬂﬂﬂﬂﬂﬂﬂﬂﬂﬂﬂﬂﬂﬂﬂﬂﬂﬂﬂﬂﬂﬂﬂﬂﬂﬂﬂﬂﬂﬂﬂﬂﬂﬂﬂﬂﬂﬂﬂﬂﬂﬂﬂﬂﬂﬂﬂﬂﬂ 
                                ;                              SUBROUTINE 
                                ;‹‹‹‹‹‹‹‹‹‹‹‹‹‹‹‹‹‹‹‹‹‹‹‹‹‹‹‹‹‹‹‹‹‹‹‹‹‹‹‹‹‹‹‹‹‹‹‹‹‹‹‹‹‹‹‹‹‹‹‹‹‹‹‹‹‹‹‹‹‹‹‹‹‹ 
                                 
 0F45                           sub_14		proc	near 
 0F45  B9 0028                  		mov	cx,28h 
 0F48  2E: C7 06 4C5A 0000      		mov	word ptr cs:data_71e,0 
                                 
 0F4F                           locloop_126: 
 0F4F  8B 84 5500               		mov	ax,ds:data_81e[si] 
 0F53  2E: A3 4C58              		mov	cs:data_70e,ax 
Microsoft (R) Macro Assembler  Version 4.00                 3/29/26 15:12:12

                                                            Page     1-39
                                                            

 0F57  8B 84 2A80               		mov	ax,ds:data_57e[si] 
 0F5B  2E: A3 4C56              		mov	cs:data_69e,ax 
 0F5F  AD                       		lodsw				; String [si] to ax 
 0F60  2E: A3 4C54              		mov	cs:data_68e,ax 
 0F64  E8 1B8E R                		call	sub_20 
 0F67  AB                       		stosw				; Store ax to es:[di] 
 0F68  57                       		push	di 
 0F69  81 C7 1FFE               		add	di,1FFEh 
 0F6D  81 FF 6000               		cmp	di,data_95e 
 0F71  72 01                    		jb	loc_127			; Jump if below 
 0F73  AB                       		stosw				; Store ax to es:[di] 
 0F74                           loc_127: 
 0F74  5F                       		pop	di 
 0F75  E2 D8                    		loop	locloop_126		; Loop if cx > 0 
                                 
                                		retn 
 0F77  C3                     1                 db     0C3h
                                sub_14		endp 
                                 
                                 
                                ;ﬂﬂﬂﬂﬂﬂﬂﬂﬂﬂﬂﬂﬂﬂﬂﬂﬂﬂﬂﬂﬂﬂﬂﬂﬂﬂﬂﬂﬂﬂﬂﬂﬂﬂﬂﬂﬂﬂﬂﬂﬂﬂﬂﬂﬂﬂﬂﬂﬂﬂﬂﬂﬂﬂﬂﬂﬂﬂﬂﬂﬂﬂﬂﬂﬂﬂﬂﬂﬂﬂﬂﬂﬂﬂ 
                                ;                              SUBROUTINE 
                                ;‹‹‹‹‹‹‹‹‹‹‹‹‹‹‹‹‹‹‹‹‹‹‹‹‹‹‹‹‹‹‹‹‹‹‹‹‹‹‹‹‹‹‹‹‹‹‹‹‹‹‹‹‹‹‹‹‹‹‹‹‹‹‹‹‹‹‹‹‹‹‹‹‹‹ 
                                 
 0F78                           sub_15		proc	near 
 0F78  B9 000B                  		mov	cx,0Bh 
 0F7B  2E: C7 06 4C5A 0000      		mov	word ptr cs:data_71e,0 
                                 
 0F82                           locloop_128: 
 0F82  32 E4                    		xor	ah,ah			; Zero register 
 0F84  8A 84 5500               		mov	al,ds:data_81e[si] 
 0F88  2E: A3 4C58              		mov	cs:data_70e,ax 
 0F8C  8A 84 2A80               		mov	al,ds:data_57e[si] 
 0F90  2E: A3 4C56              		mov	cs:data_69e,ax 
 0F94  AC                       		lodsb				; String [si] to al 
 0F95  2E: A3 4C54              		mov	cs:data_68e,ax 
 0F99  E8 1B8E R                		call	sub_20 
 0F9C  AA                       		stosb				; Store al to es:[di] 
 0F9D  57                       		push	di 
 0F9E  81 C7 1FFF               		add	di,1FFFh 
 0FA2  81 FF 6000               		cmp	di,data_95e 
 0FA6  72 01                    		jb	loc_129			; Jump if below 
 0FA8  AA                       		stosb				; Store al to es:[di] 
 0FA9                           loc_129: 
 0FA9  5F                       		pop	di 
 0FAA  E2 D6                    		loop	locloop_128		; Loop if cx > 0 
                                 
 0FAC  83 C6 18                 		add	si,18h 
 0FAF  83 C7 18                 		add	di,18h 
 0FB2  B9 0005                  		mov	cx,5 
                                 
 0FB5                           locloop_130: 
 0FB5  8B 84 5500               		mov	ax,ds:data_81e[si] 
 0FB9  2E: A3 4C58              		mov	cs:data_70e,ax 
 0FBD  8B 84 2A80               		mov	ax,ds:data_57e[si] 
Microsoft (R) Macro Assembler  Version 4.00                 3/29/26 15:12:12

                                                            Page     1-40
                                                            

 0FC1  2E: A3 4C56              		mov	cs:data_69e,ax 
 0FC5  AD                       		lodsw				; String [si] to ax 
 0FC6  2E: A3 4C54              		mov	cs:data_68e,ax 
 0FCA  E8 1B8E R                		call	sub_20 
 0FCD  AB                       		stosw				; Store ax to es:[di] 
 0FCE  57                       		push	di 
 0FCF  81 C7 1FFE               		add	di,1FFEh 
 0FD3  81 FF 6000               		cmp	di,data_95e 
 0FD7  72 01                    		jb	loc_131			; Jump if below 
 0FD9  AB                       		stosw				; Store ax to es:[di] 
 0FDA                           loc_131: 
 0FDA  5F                       		pop	di 
 0FDB  E2 D8                    		loop	locloop_130		; Loop if cx > 0 
                                 
 0FDD  83 C6 18                 		add	si,18h 
 0FE0  83 C7 18                 		add	di,18h 
 0FE3  B9 000B                  		mov	cx,0Bh 
                                 
 0FE6                           locloop_132: 
 0FE6  32 E4                    		xor	ah,ah			; Zero register 
 0FE8  8A 84 5500               		mov	al,ds:data_81e[si] 
 0FEC  2E: A3 4C58              		mov	cs:data_70e,ax 
 0FF0  8A 84 2A80               		mov	al,ds:data_57e[si] 
 0FF4  2E: A3 4C56              		mov	cs:data_69e,ax 
 0FF8  AC                       		lodsb				; String [si] to al 
 0FF9  2E: A3 4C54              		mov	cs:data_68e,ax 
 0FFD  E8 1B8E R                		call	sub_20 
 1000  AA                       		stosb				; Store al to es:[di] 
 1001  57                       		push	di 
 1002  81 C7 1FFF               		add	di,1FFFh 
 1006  81 FF 6000               		cmp	di,data_95e 
 100A  72 01                    		jb	loc_133			; Jump if below 
 100C  AA                       		stosb				; Store al to es:[di] 
 100D                           loc_133: 
 100D  5F                       		pop	di 
 100E  E2 D6                    		loop	locloop_132		; Loop if cx > 0 
                                 
                                		retn 
 1010  C3                     1                 db     0C3h
                                sub_15		endp 
                                 
                                 
                                ;ﬂﬂﬂﬂﬂﬂﬂﬂﬂﬂﬂﬂﬂﬂﬂﬂﬂﬂﬂﬂﬂﬂﬂﬂﬂﬂﬂﬂﬂﬂﬂﬂﬂﬂﬂﬂﬂﬂﬂﬂﬂﬂﬂﬂﬂﬂﬂﬂﬂﬂﬂﬂﬂﬂﬂﬂﬂﬂﬂﬂﬂﬂﬂﬂﬂﬂﬂﬂﬂﬂﬂﬂﬂﬂ 
                                ;                              SUBROUTINE 
                                ;‹‹‹‹‹‹‹‹‹‹‹‹‹‹‹‹‹‹‹‹‹‹‹‹‹‹‹‹‹‹‹‹‹‹‹‹‹‹‹‹‹‹‹‹‹‹‹‹‹‹‹‹‹‹‹‹‹‹‹‹‹‹‹‹‹‹‹‹‹‹‹‹‹‹ 
                                 
 1011                           sub_16		proc	near 
 1011  57                       		push	di 
 1012  B8 FC3F                  		mov	ax,0FC3Fh 
 1015  E8 1096 R                		call	sub_17 
 1018  83 C7 36                 		add	di,36h 
 101B  B9 005B                  		mov	cx,5Bh 
                                 
 101E                           locloop_134: 
 101E  26: C6 05 30             		mov	byte ptr es:[di],30h	; '0' 
Microsoft (R) Macro Assembler  Version 4.00                 3/29/26 15:12:12

                                                            Page     1-41
                                                            

 1022  26: C6 45 19 0C          		mov	byte ptr es:[di+19h],0Ch 
 1027  83 C7 50                 		add	di,50h 
 102A  E2 F2                    		loop	locloop_134		; Loop if cx > 0 
                                 
 102C  B8 FC3F                  		mov	ax,0FC3Fh 
 102F  E8 1096 R                		call	sub_17 
 1032  5F                       		pop	di 
 1033  81 C7 2A80               		add	di,data_57e 
 1037  57                       		push	di 
 1038  B8 FD7F                  		mov	ax,0FD7Fh 
 103B  E8 1096 R                		call	sub_17 
 103E  83 C7 36                 		add	di,36h 
 1041  B9 002D                  		mov	cx,2Dh 
                                 
 1044                           locloop_135: 
 1044  26: C6 05 B0             		mov	byte ptr es:[di],0B0h 
 1048  26: C6 45 19 0E          		mov	byte ptr es:[di+19h],0Eh 
 104D  83 C7 50                 		add	di,50h 
 1050  26: C6 05 70             		mov	byte ptr es:[di],70h	; 'p' 
 1054  26: C6 45 19 0D          		mov	byte ptr es:[di+19h],0Dh 
 1059  83 C7 50                 		add	di,50h 
 105C  E2 E6                    		loop	locloop_135		; Loop if cx > 0 
                                 
 105E  26: C6 05 B0             		mov	byte ptr es:[di],0B0h 
 1062  26: C6 45 19 0E          		mov	byte ptr es:[di+19h],0Eh 
 1067  83 C7 50                 		add	di,50h 
 106A  B8 FD7F                  		mov	ax,0FD7Fh 
 106D  E8 1096 R                		call	sub_17 
 1070  5F                       		pop	di 
 1071  81 C7 2A80               		add	di,data_57e 
 1075  B8 FC3F                  		mov	ax,0FC3Fh 
 1078  E8 1096 R                		call	sub_17 
 107B  83 C7 36                 		add	di,36h 
 107E  B9 005B                  		mov	cx,5Bh 
                                 
 1081                           locloop_136: 
 1081  26: C6 05 30             		mov	byte ptr es:[di],30h	; '0' 
 1085  26: C6 45 19 0C          		mov	byte ptr es:[di+19h],0Ch 
 108A  83 C7 50                 		add	di,50h 
 108D  E2 F2                    		loop	locloop_136		; Loop if cx > 0 
                                 
 108F  B8 FC3F                  		mov	ax,0FC3Fh 
 1092  E8 1096 R                		call	sub_17 
                                		retn 
 1095  C3                     1                 db     0C3h
                                sub_16		endp 
                                 
                                 
                                ;ﬂﬂﬂﬂﬂﬂﬂﬂﬂﬂﬂﬂﬂﬂﬂﬂﬂﬂﬂﬂﬂﬂﬂﬂﬂﬂﬂﬂﬂﬂﬂﬂﬂﬂﬂﬂﬂﬂﬂﬂﬂﬂﬂﬂﬂﬂﬂﬂﬂﬂﬂﬂﬂﬂﬂﬂﬂﬂﬂﬂﬂﬂﬂﬂﬂﬂﬂﬂﬂﬂﬂﬂﬂﬂ 
                                ;                              SUBROUTINE 
                                ;‹‹‹‹‹‹‹‹‹‹‹‹‹‹‹‹‹‹‹‹‹‹‹‹‹‹‹‹‹‹‹‹‹‹‹‹‹‹‹‹‹‹‹‹‹‹‹‹‹‹‹‹‹‹‹‹‹‹‹‹‹‹‹‹‹‹‹‹‹‹‹‹‹‹ 
                                 
 1096                           sub_17		proc	near 
 1096  AA                       		stosb				; Store al to es:[di] 
 1097  B0 FF                    		mov	al,0FFh 
Microsoft (R) Macro Assembler  Version 4.00                 3/29/26 15:12:12

                                                            Page     1-42
                                                            

 1099  B9 0018                  		mov	cx,18h 
 109C  F3/ AA                   		rep	stosb			; Rep when cx >0 Store al to es:[di] 
 109E  8A C4                    		mov	al,ah 
 10A0  AA                       		stosb				; Store al to es:[di] 
                                		retn 
 10A1  C3                     1                 db     0C3h
                                sub_17		endp 
                                 
                                			                        ;* No entry point to code 
 10A2  1E                       		push	ds 
 10A3  89 3E 4C62               		mov	ds:data_78e,di 
 10A7  8C 06 4C64               		mov	ds:data_79e,es 
 10AB  B8 B000                  		mov	ax,0B000h 
 10AE  8E C0                    		mov	es,ax 
 10B0  2E: 8E 1E 4C64           		mov	ds,cs:data_79e 
 10B5  B9 0039                  		mov	cx,39h 
                                 
 10B8                           locloop_137: 
 10B8  2E: C6 06 FF1A 00        		mov	byte ptr cs:data_86e,0 
 10BE  51                       		push	cx 
 10BF  8B C1                    		mov	ax,cx 
 10C1  F7 D8                    		neg	ax 
 10C3  05 0039                  		add	ax,39h 
 10C6  03 C0                    		add	ax,ax 
 10C8  E8 10E0 R                		call	sub_18 
 10CB  58                       		pop	ax 
 10CC  50                       		push	ax 
 10CD  03 C0                    		add	ax,ax 
 10CF  48                       		dec	ax 
 10D0  E8 10E0 R                		call	sub_18 
 10D3                           loc_138: 
 10D3  2E: 80 3E FF1A 04        		cmp	byte ptr cs:data_86e,4 
 10D9  72 F8                    		jb	loc_138			; Jump if below 
 10DB  59                       		pop	cx 
 10DC  E2 DA                    		loop	locloop_137		; Loop if cx > 0 
                                 
 10DE  1F                       		pop	ds 
                                		retn 
 10DF  C3                     1                 db     0C3h
                                 
                                ;ﬂﬂﬂﬂﬂﬂﬂﬂﬂﬂﬂﬂﬂﬂﬂﬂﬂﬂﬂﬂﬂﬂﬂﬂﬂﬂﬂﬂﬂﬂﬂﬂﬂﬂﬂﬂﬂﬂﬂﬂﬂﬂﬂﬂﬂﬂﬂﬂﬂﬂﬂﬂﬂﬂﬂﬂﬂﬂﬂﬂﬂﬂﬂﬂﬂﬂﬂﬂﬂﬂﬂﬂﬂﬂ 
                                ;                              SUBROUTINE 
                                ;‹‹‹‹‹‹‹‹‹‹‹‹‹‹‹‹‹‹‹‹‹‹‹‹‹‹‹‹‹‹‹‹‹‹‹‹‹‹‹‹‹‹‹‹‹‹‹‹‹‹‹‹‹‹‹‹‹‹‹‹‹‹‹‹‹‹‹‹‹‹‹‹‹‹ 
                                 
 10E0                           sub_18		proc	near 
 10E0  50                       		push	ax 
 10E1  8A D8                    		mov	bl,al 
 10E3  B0 2F                    		mov	al,2Fh			; '/' 
 10E5  F6 E3                    		mul	bl			; ax = reg * al 
 10E7  2E: 03 06 4C62           		add	ax,cs:data_78e 
 10EC  8B F0                    		mov	si,ax 
 10EE  32 FF                    		xor	bh,bh			; Zero register 
 10F0  E8 1C32 R                		call	sub_21 
 10F3  8B F8                    		mov	di,ax 
 10F5  58                       		pop	ax 
Microsoft (R) Macro Assembler  Version 4.00                 3/29/26 15:12:12

                                                            Page     1-43
                                                            

 10F6  3D 0014                  		cmp	ax,14h 
 10F9  73 05                    		jae	loc_139			; Jump if above or = 
 10FB  B9 002F                  		mov	cx,2Fh 
 10FE  EB 10                    		jmp	short loc_140 
 1100                           loc_139: 
 1100  B9 0023                  		mov	cx,23h 
 1103  3D 0017                  		cmp	ax,17h 
 1106  72 08                    		jb	loc_140			; Jump if below 
 1108  3D 001C                  		cmp	ax,1Ch 
 110B  72 35                    		jb	loc_143			; Jump if below 
 110D  B9 0021                  		mov	cx,21h 
 1110                           loc_140: 
 1110  2E: C7 06 4C5A 0000      		mov	word ptr cs:data_71e,0 
                                 
 1117                           locloop_141: 
 1117  32 E4                    		xor	ah,ah			; Zero register 
 1119  8A 84 29DC               		mov	al,ds:data_56e[si] 
 111D  2E: A3 4C58              		mov	cs:data_70e,ax 
 1121  8A 84 14F0 R             		mov	al,byte ptr data_40[si] 
 1125  2E: A3 4C56              		mov	cs:data_69e,ax 
 1129  AC                       		lodsb				; String [si] to al 
 112A  2E: A3 4C54              		mov	cs:data_68e,ax 
 112E  E8 1B8E R                		call	sub_20 
 1131  AA                       		stosb				; Store al to es:[di] 
 1132  57                       		push	di 
 1133  81 C7 1FFF               		add	di,1FFFh 
 1137  81 FF 6000               		cmp	di,data_95e 
 113B  72 01                    		jb	loc_142			; Jump if below 
 113D  AA                       		stosb				; Store al to es:[di] 
 113E                           loc_142: 
 113E  5F                       		pop	di 
 113F  E2 D6                    		loop	locloop_141		; Loop if cx > 0 
                                 
                                		retn 
 1141  C3                     1                 db     0C3h
 1142                           loc_143: 
 1142  B9 0021                  		mov	cx,21h 
 1145  2E: C7 06 4C5A 0000      		mov	word ptr cs:data_71e,0 
                                 
 114C                           locloop_144: 
 114C  32 E4                    		xor	ah,ah			; Zero register 
 114E  8A 84 29DC               		mov	al,ds:data_56e[si] 
 1152  2E: A3 4C58              		mov	cs:data_70e,ax 
 1156  8A 84 14F0 R             		mov	al,byte ptr data_40[si] 
 115A  2E: A3 4C56              		mov	cs:data_69e,ax 
 115E  AC                       		lodsb				; String [si] to al 
 115F  2E: A3 4C54              		mov	cs:data_68e,ax 
 1163  E8 1B8E R                		call	sub_20 
 1166  AA                       		stosb				; Store al to es:[di] 
 1167  57                       		push	di 
 1168  81 C7 1FFF               		add	di,1FFFh 
 116C  81 FF 6000               		cmp	di,data_95e 
 1170  72 01                    		jb	loc_145			; Jump if below 
 1172  AA                       		stosb				; Store al to es:[di] 
 1173                           loc_145: 
Microsoft (R) Macro Assembler  Version 4.00                 3/29/26 15:12:12

                                                            Page     1-44
                                                            

 1173  5F                       		pop	di 
 1174  E2 D6                    		loop	locloop_144		; Loop if cx > 0 
                                 
 1176  32 E4                    		xor	ah,ah			; Zero register 
 1178  8A 84 29DC               		mov	al,ds:data_56e[si] 
 117C  2E: A3 4C58              		mov	cs:data_70e,ax 
 1180  8A 84 14F0 R             		mov	al,byte ptr data_40[si] 
 1184  2E: A3 4C56              		mov	cs:data_69e,ax 
 1188  AC                       		lodsb				; String [si] to al 
 1189  2E: A3 4C54              		mov	cs:data_68e,ax 
 118D  E8 1B8E R                		call	sub_20 
 1190  24 FC                    		and	al,0FCh 
 1192  26: 80 25 03             		and	byte ptr es:[di],3 
 1196  26: 08 05                		or	es:[di],al 
 1199  81 C7 1FFF               		add	di,1FFFh 
 119D  81 FF 6000               		cmp	di,data_95e 
 11A1  73 01                    		jae	loc_146			; Jump if above or = 
                                		retn 
 11A3  C3                     1                 db     0C3h
 11A4                           loc_146: 
 11A4  26: 80 25 03             		and	byte ptr es:[di],3 
 11A8  26: 08 05                		or	es:[di],al 
                                		retn 
 11AB  C3                     1                 db     0C3h
                                sub_18		endp 
                                 
                                			                        ;* No entry point to code 
 11AC  1E                       		push	ds 
 11AD  89 3E 4C62               		mov	ds:data_78e,di 
 11B1  8C 06 4C64               		mov	ds:data_79e,es 
 11B5  B8 B000                  		mov	ax,0B000h 
 11B8  8E C0                    		mov	es,ax 
 11BA  2E: 8E 1E 4C64           		mov	ds,cs:data_79e 
 11BF  B9 0039                  		mov	cx,39h 
                                 
 11C2                           locloop_147: 
 11C2  2E: C6 06 FF1A 00        		mov	byte ptr cs:data_86e,0 
 11C8  51                       		push	cx 
 11C9  8B C1                    		mov	ax,cx 
 11CB  F7 D8                    		neg	ax 
 11CD  05 0039                  		add	ax,39h 
 11D0  03 C0                    		add	ax,ax 
 11D2  E8 11EA R                		call	sub_19 
 11D5  58                       		pop	ax 
 11D6  50                       		push	ax 
 11D7  03 C0                    		add	ax,ax 
 11D9  48                       		dec	ax 
 11DA  E8 11EA R                		call	sub_19 
 11DD                           loc_148: 
 11DD  2E: 80 3E FF1A 04        		cmp	byte ptr cs:data_86e,4 
 11E3  72 F8                    		jb	loc_148			; Jump if below 
 11E5  59                       		pop	cx 
 11E6  E2 DA                    		loop	locloop_147		; Loop if cx > 0 
                                 
 11E8  1F                       		pop	ds 
Microsoft (R) Macro Assembler  Version 4.00                 3/29/26 15:12:12

                                                            Page     1-45
                                                            

                                		retn 
 11E9  C3                     1                 db     0C3h
                                 
                                ;ﬂﬂﬂﬂﬂﬂﬂﬂﬂﬂﬂﬂﬂﬂﬂﬂﬂﬂﬂﬂﬂﬂﬂﬂﬂﬂﬂﬂﬂﬂﬂﬂﬂﬂﬂﬂﬂﬂﬂﬂﬂﬂﬂﬂﬂﬂﬂﬂﬂﬂﬂﬂﬂﬂﬂﬂﬂﬂﬂﬂﬂﬂﬂﬂﬂﬂﬂﬂﬂﬂﬂﬂﬂﬂ 
                                ;                              SUBROUTINE 
                                ;‹‹‹‹‹‹‹‹‹‹‹‹‹‹‹‹‹‹‹‹‹‹‹‹‹‹‹‹‹‹‹‹‹‹‹‹‹‹‹‹‹‹‹‹‹‹‹‹‹‹‹‹‹‹‹‹‹‹‹‹‹‹‹‹‹‹‹‹‹‹‹‹‹‹ 
                                 
 11EA                           sub_19		proc	near 
 11EA  50                       		push	ax 
 11EB  8A D8                    		mov	bl,al 
 11ED  B0 2F                    		mov	al,2Fh			; '/' 
 11EF  F6 E3                    		mul	bl			; ax = reg * al 
 11F1  05 03CD                  		add	ax,3CDh 
 11F4  2E: 03 06 4C62           		add	ax,cs:data_78e 
 11F9  8B F0                    		mov	si,ax 
 11FB  80 C3 14                 		add	bl,14h 
 11FE  32 FF                    		xor	bh,bh			; Zero register 
 1200  E8 1C32 R                		call	sub_21 
 1203  8B F8                    		mov	di,ax 
 1205  83 C7 21                 		add	di,21h 
 1208  58                       		pop	ax 
 1209  3D 005E                  		cmp	ax,5Eh 
 120C  B9 002F                  		mov	cx,2Fh 
 120F  73 35                    		jnc	loc_151			; Jump if carry=0 
 1211  B9 0007                  		mov	cx,7 
 1214  2E: C7 06 4C5A 0000      		mov	word ptr cs:data_71e,0 
                                 
 121B                           locloop_149: 
 121B  8B 84 29DC               		mov	ax,ds:data_56e[si] 
 121F  2E: A3 4C58              		mov	cs:data_70e,ax 
 1223  8B 84 14F0 R             		mov	ax,data_40[si] 
 1227  2E: A3 4C56              		mov	cs:data_69e,ax 
 122B  AD                       		lodsw				; String [si] to ax 
 122C  2E: A3 4C54              		mov	cs:data_68e,ax 
 1230  E8 1B8E R                		call	sub_20 
 1233  AB                       		stosw				; Store ax to es:[di] 
 1234  57                       		push	di 
 1235  81 C7 1FFE               		add	di,1FFEh 
 1239  81 FF 6000               		cmp	di,data_95e 
 123D  72 01                    		jb	loc_150			; Jump if below 
 123F  AB                       		stosw				; Store ax to es:[di] 
 1240                           loc_150: 
 1240  5F                       		pop	di 
 1241  E2 D8                    		loop	locloop_149		; Loop if cx > 0 
                                 
 1243  B9 0021                  		mov	cx,21h 
 1246                           loc_151: 
 1246  32 C0                    		xor	al,al			; Zero register 
 1248  51                       		push	cx 
 1249  57                       		push	di 
 124A  F3/ AA                   		rep	stosb			; Rep when cx >0 Store al to es:[di] 
 124C  5F                       		pop	di 
 124D  59                       		pop	cx 
 124E  81 C7 2000               		add	di,2000h 
 1252  81 FF 6000               		cmp	di,data_95e 
Microsoft (R) Macro Assembler  Version 4.00                 3/29/26 15:12:12

                                                            Page     1-46
                                                            

 1256  73 01                    		jae	loc_152			; Jump if above or = 
                                		retn 
 1258  C3                     1                 db     0C3h
 1259                           loc_152: 
 1259  F3/ AA                   		rep	stosb			; Rep when cx >0 Store al to es:[di] 
                                		retn 
 125B  C3                     1                 db     0C3h
                                sub_19		endp 
                                 
                                			                        ;* No entry point to code 
 125C  50                       		push	ax 
 125D  E8 1C32 R                		call	sub_21 
 1260  8B F8                    		mov	di,ax 
 1262  B8 B000                  		mov	ax,0B000h 
 1265  8E C0                    		mov	es,ax 
 1267  58                       		pop	ax 
 1268  8A E0                    		mov	ah,al 
 126A  B9 0008                  		mov	cx,8 
                                 
 126D                           locloop_153: 
 126D  AB                       		stosw				; Store ax to es:[di] 
 126E  81 C7 1FFE               		add	di,1FFEh 
 1272  81 FF 6000               		cmp	di,data_95e 
 1276  72 05                    		jb	loc_154			; Jump if below 
 1278  AB                       		stosw				; Store ax to es:[di] 
 1279  81 C7 A058               		add	di,0A058h 
 127D                           loc_154: 
 127D  E2 EE                    		loop	locloop_153		; Loop if cx > 0 
                                 
                                		retn 
 127F  C3                     1                 db     0C3h
                                			                        ;* No entry point to code 
 1280  48                       		dec	ax 
 1281  B9 0100                  		mov	cx,100h 
 1284  F7 E1                    		mul	cx			; dx:ax = reg * ax 
 1286  05 4288                  		add	ax,4288h 
 1289  2E: A3 4C52              		mov	cs:data_67e,ax 
                                		retn 
 128D  C3                     1                 db     0C3h
 128E  0011[                    		db	17 dup (0) 
            00                  
                         ]      
                                
 129F  02 00                    		db	2, 0 
 12A1  000F[                    		db	15 dup (0) 
            00                  
                         ]      
                                
 12B0  01 00 00 00 00 00        		db	1, 0, 0, 0, 0, 0 
 12B6  00 00 01                 		db	0, 0, 1 
 12B9  0008[                    		db	8 dup (0) 
            00                  
                         ]      
                                
 12C1  01 00 00 00 00 00        		db	1, 0, 0, 0, 0, 0 
Microsoft (R) Macro Assembler  Version 4.00                 3/29/26 15:12:12

                                                            Page     1-47
                                                            

 12C7  00 00 01                 		db	0, 0, 1 
 12CA  0008[                    		db	8 dup (0) 
            00                  
                         ]      
                                
 12D2  03 03 03 03 00 03        		db	3, 3, 3, 3, 0, 3 
 12D8  00 00 03 03 03 03        		db	0, 0, 3, 3, 3, 3 
 12DE  00 00 00 00 03 03        		db	0, 0, 0, 0, 3, 3 
 12E4  03 03 00 03 00 00        		db	3, 3, 0, 3, 0, 0 
 12EA  03 03 03 03 00 00        		db	3, 3, 3, 3, 0, 0 
 12F0  00 00 03 03 03 03        		db	0, 0, 3, 3, 3, 3 
 12F6  00 03 00 00 03 03        		db	0, 3, 0, 0, 3, 3 
 12FC  03 03 00 00 00 00        		db	3, 3, 0, 0, 0, 0 
 1302  03 03 03 03 00 03        		db	3, 3, 3, 3, 0, 3 
 1308  00 00 03 03 03 03        		db	0, 0, 3, 3, 3, 3 
 130E  00                       		db	0 
 130F  0007[                    		db	7 dup (0) 
            00                  
                         ]      
                                
 1316  01 00                    		db	1, 0 
 1318  000A[                    		db	10 dup (0) 
            00                  
                         ]      
                                
 1322  03 03 03 03 00 01        		db	3, 3, 3, 3, 0, 1 
 1328  0008[                    		db	8 dup (0) 
            00                  
                         ]      
                                
 1330  01 00 00 00 00 00        		db	1, 0, 0, 0, 0, 0 
 1336  00 00 01                 		db	0, 0, 1 
 1339  0008[                    		db	8 dup (0) 
            00                  
                         ]      
                                
 1341  01 00 00 00 00 00        		db	1, 0, 0, 0, 0, 0 
 1347  00 00 01                 		db	0, 0, 1 
 134A  0008[                    		db	8 dup (0) 
            00                  
                         ]      
                                
 1352  03 03 03 03 00 00        		db	3, 3, 3, 3, 0, 0 
 1358  00 00 03 03 03 03        		db	0, 0, 3, 3, 3, 3 
 135E  00 00 00 00 03 03        		db	0, 0, 0, 0, 3, 3 
 1364  03 03 00 00 00 00        		db	3, 3, 0, 0, 0, 0 
 136A  03 03 03 03 00 00        		db	3, 3, 3, 3, 0, 0 
 1370  00 00 03 03 03 03        		db	0, 0, 3, 3, 3, 3 
 1376  00 00 00 00 03 03        		db	0, 0, 0, 0, 3, 3 
 137C  03 03 00 00 00 00        		db	3, 3, 0, 0, 0, 0 
 1382  03 03 03 03 00 00        		db	3, 3, 3, 3, 0, 0 
 1388  00 00 03 03 03 03        		db	0, 0, 3, 3, 3, 3 
 138E  00 00 00 00 00 01        		db	0, 0, 0, 0, 0, 1 
 1394  02 00                    		db	2, 0 
 1396  0009[                    		db	9 dup (0) 
Microsoft (R) Macro Assembler  Version 4.00                 3/29/26 15:12:12

                                                            Page     1-48
                                                            

            00                  
                         ]      
                                
 139F  01 01 02 00 01 02        		db	1, 1, 2, 0, 1, 2 
 13A5  01 00                    		db	1, 0 
 13A7  0008[                    		db	8 dup (0) 
            00                  
                         ]      
                                
 13AF  01 02 00 00 02 02        		db	1, 2, 0, 0, 2, 2 
 13B5  02 00                    		db	2, 0 
 13B7  0008[                    		db	8 dup (0) 
            00                  
                         ]      
                                
 13BF  02 00 02 00 01 02        		db	2, 0, 2, 0, 1, 2 
 13C5  02 00                    		db	2, 0 
 13C7  000C[                    		db	12 dup (0) 
            00                  
                         ]      
                                
 13D3  01 02                    		db	1, 2 
 13D5  0009[                    		db	9 dup (0) 
            00                  
                         ]      
                                
 13DE  01 01 02 01 01 01        		db	1, 1, 2, 1, 1, 1 
 13E4  01 03                    		db	1, 3 
 13E6  0008[                    		db	8 dup (0) 
            00                  
                         ]      
                                
 13EE  02 01 02 02 02 01        		db	2, 1, 2, 2, 2, 1 
 13F4  03 03                    		db	3, 3 
 13F6  0009[                    		db	9 dup (0) 
            00                  
                         ]      
                                
 13FF  01 02 02 00 03 03        		db	1, 2, 2, 0, 3, 3 
 1405  03 00                    		db	3, 0 
 1407  0020[                    		db	32 dup (0) 
            00                  
                         ]      
                                
 1427  03 00                    		db	3, 0 
 1429  000F[                    		db	15 dup (0) 
            00                  
                         ]      
                                
 1438  02 00                    		db	2, 0 
 143A  000F[                    		db	15 dup (0) 
            00                  
                         ]      
                                
 1449  02 00                    		db	2, 0 
Microsoft (R) Macro Assembler  Version 4.00                 3/29/26 15:12:12

                                                            Page     1-49
                                                            

 144B  000F[                    		db	15 dup (0) 
            00                  
                         ]      
                                
 145A  01 00                    		db	1, 0 
 145C  000F[                    		db	15 dup (0) 
            00                  
                         ]      
                                
 146B  01 00                    		db	1, 0 
 146D  000F[                    		db	15 dup (0) 
            00                  
                         ]      
                                
 147C  03 00                    		db	3, 0 
 147E  000F[                    		db	15 dup (0) 
            00                  
                         ]      
                                
 148D  03 00 00 00 01 00        		db	3, 0, 0, 0, 1, 0 
 1493  01 00 01 00              		db	1, 0, 1, 0 
 1497  0008[                    		db	8 dup (0) 
            00                  
                         ]      
                                
 149F  02 01 02 01 02 00        		db	2, 1, 2, 1, 2, 0 
 14A5  02 00                    		db	2, 0 
 14A7  0008[                    		db	8 dup (0) 
            00                  
                         ]      
                                
 14AF  01 01 03 01 03 00        		db	1, 1, 3, 1, 3, 0 
 14B5  03 00                    		db	3, 0 
 14B7  0007[                    		db	7 dup (0) 
            00                  
                         ]      
                                
 14BE  01 02 03 03 03 03        		db	1, 2, 3, 3, 3, 3 
 14C4  00 03                    		db	0, 3 
 14C6  0009[                    		db	9 dup (0) 
            00                  
                         ]      
                                
 14CF  01 01 03 01 03 00        		db	1, 1, 3, 1, 3, 0 
 14D5  03 00                    		db	3, 0 
 14D7  0007[                    		db	7 dup (0) 
            00                  
                         ]      
                                
 14DE  01 02 03 03 03 03        		db	1, 2, 3, 3, 3, 3 
 14E4  00 03                    		db	0, 3 
 14E6  000A[                    		db	10 dup (0) 
            00                  
                         ]      
                                
Microsoft (R) Macro Assembler  Version 4.00                 3/29/26 15:12:12

                                                            Page     1-50
                                                            

 14F0  0000                     data_40		dw	0			; Data table (indexed access) 
 14F2  00 00 00 01 00           		db	0, 0, 0, 1, 0 
 14F7  0007[                    		db	7 dup (0) 
            00                  
                         ]      
                                
 14FE  01 02 03 03 03 03        		db	1, 2, 3, 3, 3, 3 
 1504  01 03                    		db	1, 3 
 1506  0021[                    		db	33 dup (0) 
            00                  
                         ]      
                                
 1527  03 00                    		db	3, 0 
 1529  000F[                    		db	15 dup (0) 
            00                  
                         ]      
                                
 1538  02 00                    		db	2, 0 
 153A  000F[                    		db	15 dup (0) 
            00                  
                         ]      
                                
 1549  02 00                    		db	2, 0 
 154B  000F[                    		db	15 dup (0) 
            00                  
                         ]      
                                
 155A  01 00                    		db	1, 0 
 155C  000F[                    		db	15 dup (0) 
            00                  
                         ]      
                                
 156B  01 00                    		db	1, 0 
 156D  000F[                    		db	15 dup (0) 
            00                  
                         ]      
                                
 157C  02 00                    		db	2, 0 
 157E  000F[                    		db	15 dup (0) 
            00                  
                         ]      
                                
 158D  03 00 00 00 02 01        		db	3, 0, 0, 0, 2, 1 
 1593  01 02 03 00 01 02        		db	1, 2, 3, 0, 1, 2 
 1599  02 01 01 02 03 00        		db	2, 1, 1, 2, 3, 0 
 159F  01 02 02 01 01 01        		db	1, 2, 2, 1, 1, 1 
 15A5  01 00 01 02 02 01        		db	1, 0, 1, 2, 2, 1 
 15AB  01 01 01 00 02 02        		db	1, 1, 1, 0, 2, 2 
 15B1  02 01 01 02 03 00        		db	2, 1, 1, 2, 3, 0 
 15B7  02 02 02 01 01 02        		db	2, 2, 2, 1, 1, 2 
 15BD  03 02 02 02 02 01        		db	3, 2, 2, 2, 2, 1 
 15C3  01 02 02 00 02 02        		db	1, 2, 2, 0, 2, 2 
 15C9  01 01 02 02 03 01        		db	1, 1, 2, 2, 3, 1 
 15CF  01 01 01 01 01 03        		db	1, 1, 1, 1, 1, 3 
 15D5  03 01 01 01 01 01        		db	3, 1, 1, 1, 1, 1 
Microsoft (R) Macro Assembler  Version 4.00                 3/29/26 15:12:12

                                                            Page     1-51
                                                            

 15DB  01 03 03 01 01 01        		db	1, 3, 3, 1, 1, 1 
 15E1  01 01 01 03 03 01        		db	1, 1, 1, 3, 3, 1 
 15E7  01 01 01 01 01 03        		db	1, 1, 1, 1, 1, 3 
 15ED  03 02 01 02 02 03        		db	3, 2, 1, 2, 2, 3 
 15F3  03 03 03 02 02 02        		db	3, 3, 3, 2, 2, 2 
 15F9  02 03 03 03 03 03        		db	2, 3, 3, 3, 3, 3 
 15FF  01 03 02 03 03 03        		db	1, 3, 2, 3, 3, 3 
 1605  03 03 01 02 02 03        		db	3, 3, 1, 2, 2, 3 
 160B  03 03 03 00 00 00        		db	3, 3, 3, 0, 0, 0 
 1611  00 01 01 02 03 00        		db	0, 1, 1, 2, 3, 0 
 1617  00 00 02 01 01 02        		db	0, 0, 2, 1, 1, 2 
 161D  03 01 01 02 02 01        		db	3, 1, 1, 2, 2, 1 
 1623  01 02 01 00 01 02        		db	1, 2, 1, 0, 1, 2 
 1629  02 01 01 01 01 02        		db	2, 1, 1, 1, 1, 2 
 162F  02 02 02 01 01 02        		db	2, 2, 2, 1, 1, 2 
 1635  02 00 02 02 02 01        		db	2, 0, 2, 2, 2, 1 
 163B  01 02 03 02 02 02        		db	1, 2, 3, 2, 2, 2 
 1641  01 01 01 02 02 02        		db	1, 1, 1, 2, 2, 2 
 1647  02 02 02 01 01 02        		db	2, 2, 2, 1, 1, 2 
 164D  02 01 01 01 01 01        		db	2, 1, 1, 1, 1, 1 
 1653  01 03 03 01 01 01        		db	1, 3, 3, 1, 1, 1 
 1659  01 01 01 03 03 01        		db	1, 1, 1, 3, 3, 1 
 165F  01 01 02 01 01 03        		db	1, 1, 2, 1, 1, 3 
 1665  03 01 01 01 01 01        		db	3, 1, 1, 1, 1, 1 
 166B  01 03 03 02 01 02        		db	1, 3, 3, 2, 1, 2 
 1671  02 03 03 03 03 02        		db	2, 3, 3, 3, 3, 2 
 1677  01 02 02 03 03 03        		db	1, 2, 2, 3, 3, 3 
 167D  03 03 01 03 03 03        		db	3, 3, 1, 3, 3, 3 
 1683  03 03 03 03 01 03        		db	3, 3, 3, 3, 1, 3 
 1689  02 03 03 03 03 00        		db	2, 3, 3, 3, 3, 0 
 168F  00 00 01 01 01 02        		db	0, 0, 1, 1, 1, 2 
 1695  03 00 01 02 02 01        		db	3, 0, 1, 2, 2, 1 
 169B  01 02 03 00 01 02        		db	1, 2, 3, 0, 1, 2 
 16A1  03 01 01 01 01 00        		db	3, 1, 1, 1, 1, 0 
 16A7  01 02 02 01 01 01        		db	1, 2, 2, 1, 1, 1 
 16AD  01 00 02 02 03 01        		db	1, 0, 2, 2, 3, 1 
 16B3  01 02 03 00 02 02        		db	1, 2, 3, 0, 2, 2 
 16B9  02 01 01 02 03 01        		db	2, 1, 1, 2, 3, 1 
 16BF  0007[                    		db	7 dup (3) 
            03                  
                         ]      
                                
 16C6  00 03 03 03 03 03        		db	0, 3, 3, 3, 3, 3 
 16CC  03 03 01 01 01 03        		db	3, 3, 1, 1, 1, 3 
 16D2  01 01 03 03 01 01        		db	1, 1, 3, 3, 1, 1 
 16D8  01 01 01 01 03 03        		db	1, 1, 1, 1, 3, 3 
 16DE  01 01 01 03 01 01        		db	1, 1, 1, 3, 1, 1 
 16E4  03 03 01 01 01 01        		db	3, 3, 1, 1, 1, 1 
 16EA  01 01 03 03 02 01        		db	1, 1, 3, 3, 2, 1 
 16F0  02 03 03 03 03 03        		db	2, 3, 3, 3, 3, 3 
 16F6  02 02 02 02 03 03        		db	2, 2, 2, 2, 3, 3 
 16FC  03 03 03 01              		db	3, 3, 3, 1 
 1700  0007[                    		db	7 dup (3) 
            03                  
                         ]      
Microsoft (R) Macro Assembler  Version 4.00                 3/29/26 15:12:12

                                                            Page     1-52
                                                            

                                
 1707  01 02 02 03 03 03        		db	1, 2, 2, 3, 3, 3 
 170D  03 00 00 00 00 01        		db	3, 0, 0, 0, 0, 1 
 1713  01 02 03 00 00 00        		db	1, 2, 3, 0, 0, 0 
 1719  02 01 01 02 03 01        		db	2, 1, 1, 2, 3, 1 
 171F  01 02 03 01 01 02        		db	1, 2, 3, 1, 1, 2 
 1725  01 00 01 02 02 01        		db	1, 0, 1, 2, 2, 1 
 172B  01 01 01 02 02 02        		db	1, 1, 1, 2, 2, 2 
 1731  03 01 01 02 02 00        		db	3, 1, 1, 2, 2, 0 
 1737  02 02 02 01 01 02        		db	2, 2, 2, 1, 1, 2 
 173D  03 02 02 02 03 01        		db	3, 2, 2, 2, 3, 1 
 1743  01 02 02 02 02 02        		db	1, 2, 2, 2, 2, 2 
 1749  02 01 01 02 02 01        		db	2, 1, 1, 2, 2, 1 
 174F  01 01 03 01 01 03        		db	1, 1, 3, 1, 1, 3 
 1755  03 01 01 01 01 01        		db	3, 1, 1, 1, 1, 1 
 175B  01 03 03 01 01 01        		db	1, 3, 3, 1, 1, 1 
 1761  03 01 01 03 03 01        		db	3, 1, 1, 3, 3, 1 
 1767  01 01 01 01 01 03        		db	1, 1, 1, 1, 1, 3 
 176D  03 02 01 02 03 03        		db	3, 2, 1, 2, 3, 3 
 1773  03 03 03 02 01 02        		db	3, 3, 3, 2, 1, 2 
 1779  02 03 03 03 03 03        		db	2, 3, 3, 3, 3, 3 
 177F  01 03 03 03 03 03        		db	1, 3, 3, 3, 3, 3 
 1785  03 03 01 03 02 03        		db	3, 3, 1, 3, 2, 3 
 178B  03 03 03 00 00 00        		db	3, 3, 3, 0, 0, 0 
 1791  00 00 01 02 03 00        		db	0, 0, 1, 2, 3, 0 
 1797  01 02 02 01 01 02        		db	1, 2, 2, 1, 1, 2 
 179D  03 00 01 02 02 00        		db	3, 0, 1, 2, 2, 0 
 17A3  01 01 01 00 01 02        		db	1, 1, 1, 0, 1, 2 
 17A9  02 01 01 01 01 00        		db	2, 1, 1, 1, 1, 0 
 17AF  02 02 02 00 02 02        		db	2, 2, 2, 0, 2, 2 
 17B5  03 00 02 02 02 01        		db	3, 0, 2, 2, 2, 1 
 17BB  01 02 03 00 02 02        		db	1, 2, 3, 0, 2, 2 
 17C1  02 00 02 03 03 00        		db	2, 0, 2, 3, 3, 0 
 17C7  03 03 03 03 03 03        		db	3, 3, 3, 3, 3, 3 
 17CD  03 00 00 00 00 00        		db	3, 0, 0, 0, 0, 0 
 17D3  00 02 00 01 01 01        		db	0, 2, 0, 1, 1, 1 
 17D9  01 01 01 03 03 01        		db	1, 1, 1, 3, 3, 1 
 17DF  01 02 02 00 03 03        		db	1, 2, 2, 0, 3, 3 
 17E5  03 01 01 01 01 01        		db	3, 1, 1, 1, 1, 1 
 17EB  01 03 03 02 01 02        		db	1, 3, 3, 2, 1, 2 
 17F1  03 02 03 03 03 02        		db	3, 2, 3, 3, 3, 2 
 17F7  02 02 02 03 03 03        		db	2, 2, 2, 3, 3, 3 
 17FD  03 03 01 03 03 00        		db	3, 3, 1, 3, 3, 0 
 1803  03 03 03 03 01 02        		db	3, 3, 3, 3, 1, 2 
 1809  02 03 03 03 03 00        		db	2, 3, 3, 3, 3, 0 
 180F  00 00 00 01 01 02        		db	0, 0, 0, 1, 1, 2 
 1815  03 00 00 00 02 01        		db	3, 0, 0, 0, 2, 1 
 181B  01 02 03 01 01 02        		db	1, 2, 3, 1, 1, 2 
 1821  03 01 01 02 01 00        		db	3, 1, 1, 2, 1, 0 
 1827  01 02 02 01 01 01        		db	1, 2, 2, 1, 1, 1 
 182D  01 02 02 02 03 01        		db	1, 2, 2, 2, 3, 1 
 1833  01 02 02 00 02 02        		db	1, 2, 2, 0, 2, 2 
 1839  02 01 01 02 03 02        		db	2, 1, 1, 2, 3, 2 
 183F  02 02 03 01 01 02        		db	2, 2, 3, 1, 1, 2 
 1845  02 02 02 02 02 01        		db	2, 2, 2, 2, 2, 1 
Microsoft (R) Macro Assembler  Version 4.00                 3/29/26 15:12:12

                                                            Page     1-53
                                                            

 184B  01 02 02 01 01 01        		db	1, 2, 2, 1, 1, 1 
 1851  03 01 01 03 03 01        		db	3, 1, 1, 3, 3, 1 
 1857  01 01 01 01 01 03        		db	1, 1, 1, 1, 1, 3 
 185D  03 01 01 01 03 01        		db	3, 1, 1, 1, 3, 1 
 1863  01 03 03 01 01 01        		db	1, 3, 3, 1, 1, 1 
 1869  01 01 01 03 03 02        		db	1, 1, 1, 3, 3, 2 
 186F  01 02 03 03 03 03        		db	1, 2, 3, 3, 3, 3 
 1875  03 02 01 02 02 03        		db	3, 2, 1, 2, 2, 3 
 187B  03 03 03 03 01 03        		db	3, 3, 3, 3, 1, 3 
 1881  03 03 03 03 03 03        		db	3, 3, 3, 3, 3, 3 
 1887  01 03 02 03 03 03        		db	1, 3, 2, 3, 3, 3 
 188D  03 00 01 00 00 01        		db	3, 0, 1, 0, 0, 1 
 1893  01 02 01 00 01 02        		db	1, 2, 1, 0, 1, 2 
 1899  02 01 01 02 03 01        		db	2, 1, 1, 2, 3, 1 
 189F  01 02 02 01 01 01        		db	1, 2, 2, 1, 1, 1 
 18A5  01 00 01 02 02 01        		db	1, 0, 1, 2, 2, 1 
 18AB  01 01 01 00              		db	1, 1, 1, 0 
 18AF  0007[                    		db	7 dup (2) 
            02                  
                         ]      
                                
 18B6  00 02 02 02 01 01        		db	0, 2, 2, 2, 1, 1 
 18BC  02 03 00 02 02 02        		db	2, 3, 0, 2, 2, 2 
 18C2  02 02 03 02 00 03        		db	2, 2, 3, 2, 0, 3 
 18C8  03 03 03 03 03 03        		db	3, 3, 3, 3, 3, 3 
 18CE  01 01 02 02 01 01        		db	1, 1, 2, 2, 1, 1 
 18D4  02 03 01 01 01 01        		db	2, 3, 1, 1, 1, 1 
 18DA  01 01 03 03 01 01        		db	1, 1, 3, 3, 1, 1 
 18E0  02 02 01 03 03 01        		db	2, 2, 1, 3, 3, 1 
 18E6  01 01 01 01 01 01        		db	1, 1, 1, 1, 1, 1 
 18EC  03 03 02 01 02 03        		db	3, 3, 2, 1, 2, 3 
 18F2  02 03 03 03 02 02        		db	2, 3, 3, 3, 2, 2 
 18F8  02 02 03 03 03 03        		db	2, 2, 3, 3, 3, 3 
 18FE  01 01 02 02 03 01        		db	1, 1, 2, 2, 3, 1 
 1904  03 03 03 01 02 02        		db	3, 3, 3, 1, 2, 2 
 190A  03 03 03 03 00 00        		db	3, 3, 3, 3, 0, 0 
 1910  00 00 01 01 02 03        		db	0, 0, 1, 1, 2, 3 
 1916  00 00 00 02 01 01        		db	0, 0, 0, 2, 1, 1 
 191C  02 03 01 01 02 03        		db	2, 3, 1, 1, 2, 3 
 1922  01 01 02 01 00 01        		db	1, 1, 2, 1, 0, 1 
 1928  02 02 01 01 01 01        		db	2, 2, 1, 1, 1, 1 
 192E  02 02 02 03 01 01        		db	2, 2, 2, 3, 1, 1 
 1934  02 02 00 02 02 02        		db	2, 2, 0, 2, 2, 2 
 193A  01 01 02 03 02 02        		db	1, 1, 2, 3, 2, 2 
 1940  02 03 01 01 02 02        		db	2, 3, 1, 1, 2, 2 
 1946  02 02 02 02 01 01        		db	2, 2, 2, 2, 1, 1 
 194C  02 02 01 01 01 03        		db	2, 2, 1, 1, 1, 3 
 1952  01 01 03 03 01 01        		db	1, 1, 3, 3, 1, 1 
 1958  01 01 01 01 03 03        		db	1, 1, 1, 1, 3, 3 
 195E  01 01 01 03 01 01        		db	1, 1, 1, 3, 1, 1 
 1964  03 03 01 01 01 01        		db	3, 3, 1, 1, 1, 1 
 196A  01 01 03 03 02 01        		db	1, 1, 3, 3, 2, 1 
 1970  02 03 03 03 03 03        		db	2, 3, 3, 3, 3, 3 
 1976  02 01 02 02 03 03        		db	2, 1, 2, 2, 3, 3 
 197C  03 03 03 01 03 03        		db	3, 3, 3, 1, 3, 3 
Microsoft (R) Macro Assembler  Version 4.00                 3/29/26 15:12:12

                                                            Page     1-54
                                                            

 1982  03 03 03 03 03 01        		db	3, 3, 3, 3, 3, 1 
 1988  03 02 03 03 03 03        		db	3, 2, 3, 3, 3, 3 
 198E  00 00 00 00 00 01        		db	0, 0, 0, 0, 0, 1 
 1994  02 03 00 01 02 02        		db	2, 3, 0, 1, 2, 2 
 199A  01 01 02 03 00 01        		db	1, 1, 2, 3, 0, 1 
 19A0  02 01 00 01 01 01        		db	2, 1, 0, 1, 1, 1 
 19A6  00 01 02 02 01 01        		db	0, 1, 2, 2, 1, 1 
 19AC  01 01 00 02 02 01        		db	1, 1, 0, 2, 2, 1 
 19B2  00 02 02 03 00 02        		db	0, 2, 2, 3, 0, 2 
 19B8  02 02 01 01 02 03        		db	2, 2, 1, 1, 2, 3 
 19BE  00 01 01 01 00 01        		db	0, 1, 1, 1, 0, 1 
 19C4  02 03 00 03 03 03        		db	2, 3, 0, 3, 3, 3 
 19CA  03 03 03 03 00 00        		db	3, 3, 3, 3, 0, 0 
 19D0  00 00 00 00 02 00        		db	0, 0, 0, 0, 2, 0 
 19D6  01 01 01 01 01 01        		db	1, 1, 1, 1, 1, 1 
 19DC  03 03 01 01 02 01        		db	3, 3, 1, 1, 2, 1 
 19E2  00 03 03 03 01 01        		db	0, 3, 3, 3, 1, 1 
 19E8  01 01 01 01 03 03        		db	1, 1, 1, 1, 3, 3 
 19EE  02 01 02 02 02 03        		db	2, 1, 2, 2, 2, 3 
 19F4  03 03 02 02 02 02        		db	3, 3, 2, 2, 2, 2 
 19FA  03 03 03 03 03 01        		db	3, 3, 3, 3, 3, 1 
 1A00  03 03 00 03 03 03        		db	3, 3, 0, 3, 3, 3 
 1A06  03 01 02 02 03 03        		db	3, 1, 2, 2, 3, 3 
 1A0C  03 03 00 00 00 00        		db	3, 3, 0, 0, 0, 0 
 1A12  01 01 02 03 00 00        		db	1, 1, 2, 3, 0, 0 
 1A18  00 02 01 01 02 03        		db	0, 2, 1, 1, 2, 3 
 1A1E  01 01 02 03 01 01        		db	1, 1, 2, 3, 1, 1 
 1A24  02 01 00 01 02 02        		db	2, 1, 0, 1, 2, 2 
 1A2A  01 01 01 01 02 02        		db	1, 1, 1, 1, 2, 2 
 1A30  02 03 01 01 02 02        		db	2, 3, 1, 1, 2, 2 
 1A36  00 02 02 02 01 01        		db	0, 2, 2, 2, 1, 1 
 1A3C  02 03 02 02 02 03        		db	2, 3, 2, 2, 2, 3 
 1A42  01 01 02 02 02 02        		db	1, 1, 2, 2, 2, 2 
 1A48  02 02 01 01 02 02        		db	2, 2, 1, 1, 2, 2 
 1A4E  01 01 01 03 01 01        		db	1, 1, 1, 3, 1, 1 
 1A54  03 03 01 01 01 01        		db	3, 3, 1, 1, 1, 1 
 1A5A  01 01 03 03 01 01        		db	1, 1, 3, 3, 1, 1 
 1A60  01 03 01 01 03 03        		db	1, 3, 1, 1, 3, 3 
 1A66  01 01 01 01 01 01        		db	1, 1, 1, 1, 1, 1 
 1A6C  03 03 02 01 02 03        		db	3, 3, 2, 1, 2, 3 
 1A72  03 03 03 03 02 01        		db	3, 3, 3, 3, 2, 1 
 1A78  02 02 03 03 03 03        		db	2, 2, 3, 3, 3, 3 
 1A7E  03 01 03 03 03 03        		db	3, 1, 3, 3, 3, 3 
 1A84  03 03 03 01 03 02        		db	3, 3, 3, 1, 3, 2 
 1A8A  03 03 03 03 00 00        		db	3, 3, 3, 3, 0, 0 
 1A90  00 01 01 01 02 03        		db	0, 1, 1, 1, 2, 3 
 1A96  00 01 02 02 01 01        		db	0, 1, 2, 2, 1, 1 
 1A9C  02 03 00 01 02 02        		db	2, 3, 0, 1, 2, 2 
 1AA2  01 01 01 01 00 01        		db	1, 1, 1, 1, 0, 1 
 1AA8  02 02 01 01 01 01        		db	2, 2, 1, 1, 1, 1 
 1AAE  00 02 02 02 01 01        		db	0, 2, 2, 2, 1, 1 
 1AB4  02 03 00 02 02 02        		db	2, 3, 0, 2, 2, 2 
 1ABA  01 01 02 03 01           		db	1, 1, 2, 3, 1 
 1ABF  0007[                    		db	7 dup (2) 
            02                  
Microsoft (R) Macro Assembler  Version 4.00                 3/29/26 15:12:12

                                                            Page     1-55
                                                            

                         ]      
                                
 1AC6  00 02 02 02 02 02        		db	0, 2, 2, 2, 2, 2 
 1ACC  02 02 01 01 01 02        		db	2, 2, 1, 1, 1, 2 
 1AD2  01 01 03 03 01 01        		db	1, 1, 3, 3, 1, 1 
 1AD8  01 01 01 01 03 03        		db	1, 1, 1, 1, 3, 3 
 1ADE  01 01 01 02 01 01        		db	1, 1, 1, 2, 1, 1 
 1AE4  02 02 01 01 01 01        		db	2, 2, 1, 1, 1, 1 
 1AEA  01 01 02 02 02 01        		db	1, 1, 2, 2, 2, 1 
 1AF0  02 02 03 02 03 03        		db	2, 2, 3, 2, 3, 3 
 1AF6  02 02 02 02 03 03        		db	2, 2, 2, 2, 3, 3 
 1AFC  03 03 03 01 03 02        		db	3, 3, 3, 1, 3, 2 
 1B02  03 02 03 03 03 01        		db	3, 2, 3, 3, 3, 1 
 1B08  02 02 03 03 03 03        		db	2, 2, 3, 3, 3, 3 
 1B0E  00 00 00 00 01 01        		db	0, 0, 0, 0, 1, 1 
 1B14  02 03 00 00 00 02        		db	2, 3, 0, 0, 0, 2 
 1B1A  01 01 02 03 01 01        		db	1, 1, 2, 3, 1, 1 
 1B20  02 03 01 01 02 01        		db	2, 3, 1, 1, 2, 1 
 1B26  00 01 02 02 01 01        		db	0, 1, 2, 2, 1, 1 
 1B2C  01 01 02 02 02 03        		db	1, 1, 2, 2, 2, 3 
 1B32  01 01 02 02 00 02        		db	1, 1, 2, 2, 0, 2 
 1B38  02 02 01 01 02 03        		db	2, 2, 1, 1, 2, 3 
 1B3E  02 02 02 03 01 01        		db	2, 2, 2, 3, 1, 1 
 1B44  02 02 02 02 02 02        		db	2, 2, 2, 2, 2, 2 
 1B4A  01 01 02 02 01 01        		db	1, 1, 2, 2, 1, 1 
 1B50  01 03 01 01 03 03        		db	1, 3, 1, 1, 3, 3 
 1B56  01 01 01 01 01 01        		db	1, 1, 1, 1, 1, 1 
 1B5C  03 03 01 01 01 03        		db	3, 3, 1, 1, 1, 3 
 1B62  01 01 03 03 01 01        		db	1, 1, 3, 3, 1, 1 
 1B68  01 01 01 01 03 03        		db	1, 1, 1, 1, 3, 3 
 1B6E  02 01 02 03 03 02        		db	2, 1, 2, 3, 3, 2 
 1B74  03 03 02 01 02 02        		db	3, 3, 2, 1, 2, 2 
 1B7A  03 03 03 03 03 01        		db	3, 3, 3, 3, 3, 1 
 1B80  03 03 03 02 03 03        		db	3, 3, 3, 2, 3, 3 
 1B86  03 01 03 02 03 03        		db	3, 1, 3, 2, 3, 3 
 1B8C  03 03                    		db	3, 3 
                                 
                                ;ﬂﬂﬂﬂﬂﬂﬂﬂﬂﬂﬂﬂﬂﬂﬂﬂﬂﬂﬂﬂﬂﬂﬂﬂﬂﬂﬂﬂﬂﬂﬂﬂﬂﬂﬂﬂﬂﬂﬂﬂﬂﬂﬂﬂﬂﬂﬂﬂﬂﬂﬂﬂﬂﬂﬂﬂﬂﬂﬂﬂﬂﬂﬂﬂﬂﬂﬂﬂﬂﬂﬂﬂﬂﬂ 
                                ;                              SUBROUTINE 
                                ;‹‹‹‹‹‹‹‹‹‹‹‹‹‹‹‹‹‹‹‹‹‹‹‹‹‹‹‹‹‹‹‹‹‹‹‹‹‹‹‹‹‹‹‹‹‹‹‹‹‹‹‹‹‹‹‹‹‹‹‹‹‹‹‹‹‹‹‹‹‹‹‹‹‹ 
                                 
 1B8E                           sub_20		proc	near 
 1B8E  51                       		push	cx 
 1B8F  56                       		push	si 
 1B90  2E: 8B 36 4C52           		mov	si,cs:data_67e 
 1B95  B9 0008                  		mov	cx,8 
                                 
 1B98                           locloop_155: 
 1B98  33 DB                    		xor	bx,bx			; Zero register 
 1B9A  2E: D1 06 4C5A           		rol	word ptr cs:data_71e,1	; Rotate 
 1B9F  13 DB                    		adc	bx,bx 
 1BA1  2E: D1 06 4C58           		rol	word ptr cs:data_70e,1	; Rotate 
 1BA6  13 DB                    		adc	bx,bx 
 1BA8  2E: D1 06 4C56           		rol	word ptr cs:data_69e,1	; Rotate 
 1BAD  13 DB                    		adc	bx,bx 
Microsoft (R) Macro Assembler  Version 4.00                 3/29/26 15:12:12

                                                            Page     1-56
                                                            

 1BAF  2E: D1 06 4C54           		rol	word ptr cs:data_68e,1	; Rotate 
 1BB4  13 DB                    		adc	bx,bx 
 1BB6  2E: D1 06 4C5A           		rol	word ptr cs:data_71e,1	; Rotate 
 1BBB  13 DB                    		adc	bx,bx 
 1BBD  2E: D1 06 4C58           		rol	word ptr cs:data_70e,1	; Rotate 
 1BC2  13 DB                    		adc	bx,bx 
 1BC4  2E: D1 06 4C56           		rol	word ptr cs:data_69e,1	; Rotate 
 1BC9  13 DB                    		adc	bx,bx 
 1BCB  2E: D1 06 4C54           		rol	word ptr cs:data_68e,1	; Rotate 
 1BD0  13 DB                    		adc	bx,bx 
 1BD2  03 C0                    		add	ax,ax 
 1BD4  03 C0                    		add	ax,ax 
 1BD6  2E: 0A 00                		or	al,cs:[bx+si] 
 1BD9  E2 BD                    		loop	locloop_155		; Loop if cx > 0 
                                 
 1BDB  5E                       		pop	si 
 1BDC  59                       		pop	cx 
                                		retn 
 1BDD  C3                     1                 db     0C3h
                                sub_20		endp 
                                 
                                			                        ;* No entry point to code 
 1BDE  1E                       		push	ds 
 1BDF  B8 B000                  		mov	ax,0B000h 
 1BE2  8E D8                    		mov	ds,ax 
 1BE4  BE 232F                  		mov	si,data_94e 
 1BE7  8C C8                    		mov	ax,cs 
 1BE9  05 2000                  		add	ax,2000h 
 1BEC  8E C0                    		mov	es,ax 
 1BEE  BF 0000                  		mov	di,data_88e 
 1BF1  B9 00C8                  		mov	cx,0C8h 
                                 
 1BF4                           locloop_156: 
 1BF4  51                       		push	cx 
 1BF5  56                       		push	si 
 1BF6  B9 0028                  		mov	cx,28h 
 1BF9  F3/ A5                   		rep	movsw			; Rep when cx >0 Mov [si] to es:[di] 
 1BFB  5E                       		pop	si 
 1BFC  81 C6 2000               		add	si,2000h 
 1C00  81 FE 6000               		cmp	si,6000h 
 1C04  72 04                    		jb	loc_157			; Jump if below 
 1C06  81 C6 A05A               		add	si,0A05Ah 
 1C0A                           loc_157: 
 1C0A  59                       		pop	cx 
 1C0B  E2 E7                    		loop	locloop_156		; Loop if cx > 0 
                                 
 1C0D  1F                       		pop	ds 
 1C0E  33 C0                    		xor	ax,ax			; Zero register 
 1C10  BF 4000                  		mov	di,data_91e 
 1C13  B9 2000                  		mov	cx,2000h 
 1C16  F3/ AB                   		rep	stosw			; Rep when cx >0 Store ax to es:[di] 
                                		retn 
 1C18  C3                     1                 db     0C3h
                                			                        ;* No entry point to code 
 1C19  53                       		push	bx 
Microsoft (R) Macro Assembler  Version 4.00                 3/29/26 15:12:12

                                                            Page     1-57
                                                            

 1C1A  8A DC                    		mov	bl,ah 
 1C1C  32 FF                    		xor	bh,bh			; Zero register 
 1C1E  2E: 8A A7 4C23           		mov	ah,cs:data_66e[bx] 
 1C23  5B                       		pop	bx 
 1C24  2E: FF 26 2022           		jmp	word ptr cs:data_54e 
 1C29  00 05 02 07 03 04        		db	 00h, 05h, 02h, 07h, 03h, 04h 
 1C2F  06 01 C3                 		db	 06h, 01h,0C3h 
                                 
                                ;ﬂﬂﬂﬂﬂﬂﬂﬂﬂﬂﬂﬂﬂﬂﬂﬂﬂﬂﬂﬂﬂﬂﬂﬂﬂﬂﬂﬂﬂﬂﬂﬂﬂﬂﬂﬂﬂﬂﬂﬂﬂﬂﬂﬂﬂﬂﬂﬂﬂﬂﬂﬂﬂﬂﬂﬂﬂﬂﬂﬂﬂﬂﬂﬂﬂﬂﬂﬂﬂﬂﬂﬂﬂﬂ 
                                ;                              SUBROUTINE 
                                ;‹‹‹‹‹‹‹‹‹‹‹‹‹‹‹‹‹‹‹‹‹‹‹‹‹‹‹‹‹‹‹‹‹‹‹‹‹‹‹‹‹‹‹‹‹‹‹‹‹‹‹‹‹‹‹‹‹‹‹‹‹‹‹‹‹‹‹‹‹‹‹‹‹‹ 
                                 
 1C32                           sub_21		proc	near 
 1C32  33 C0                    		xor	ax,ax			; Zero register 
 1C34  8A C3                    		mov	al,bl 
 1C36  05 001C                  		add	ax,1Ch 
 1C39  B3 03                    		mov	bl,3 
 1C3B  F6 F3                    		div	bl			; al, ah rem = ax/reg 
 1C3D  8A DC                    		mov	bl,ah 
 1C3F  D0 CB                    		ror	bl,1			; Rotate 
 1C41  D0 CB                    		ror	bl,1			; Rotate 
 1C43  D0 CB                    		ror	bl,1			; Rotate 
 1C45  80 E3 60                 		and	bl,60h			; '`' 
 1C48  B4 5A                    		mov	ah,5Ah			; 'Z' 
 1C4A  F6 E4                    		mul	ah			; ax = reg * al 
 1C4C  02 E3                    		add	ah,bl 
 1C4E  80 C7 05                 		add	bh,5 
 1C51  8A DF                    		mov	bl,bh 
 1C53  32 FF                    		xor	bh,bh			; Zero register 
 1C55  03 C3                    		add	ax,bx 
                                		retn 
 1C57  C3                     1                 db     0C3h
                                sub_21		endp 
                                 
 1C58  0378[                    		db	888 dup (0) 
            00                  
                         ]      
                                
                                 
 1FD0                           seg_a		ends 
                                 
                                 
                                 
                                		end	start 

Microsoft (R) Macro Assembler  Version 4.00                 3/29/26 15:12:12

                                                            Symbols-1
                                                             

Macros:

		N a m e			Lines

CALLF  . . . . . . . . . . . . .  	   2
CALLFX . . . . . . . . . . . . .  	   3
JMPN . . . . . . . . . . . . . .  	   2
MOVSEG . . . . . . . . . . . . .  	  43
RETF . . . . . . . . . . . . . .  	   6
RETN . . . . . . . . . . . . . .  	   6

Segments and Groups:

                N a m e         	Size	Align	Combine Class

SEG_A  . . . . . . . . . . . . .  	1FD0	BYTE	PUBLIC	

Symbols:            

                N a m e         	Type	Value	Attr         

DATA_1E  . . . . . . . . . . . .  	Number	0000	
DATA_2E  . . . . . . . . . . . .  	Number	0240	
DATA_3 . . . . . . . . . . . . .  	L WORD 	0662	SEG_A
DATA_40  . . . . . . . . . . . .  	L WORD 	14F0	SEG_A
DATA_54E . . . . . . . . . . . .  	Number	2022	
DATA_55E . . . . . . . . . . . .  	Number	2050	
DATA_56E . . . . . . . . . . . .  	Number	29DC	
DATA_57E . . . . . . . . . . . .  	Number	2A80	
DATA_58E . . . . . . . . . . . .  	Number	32BB	
DATA_59E . . . . . . . . . . . .  	Number	32CB	
DATA_60E . . . . . . . . . . . .  	Number	3645	
DATA_61E . . . . . . . . . . . .  	Number	3647	
DATA_62E . . . . . . . . . . . .  	Number	3ACB	
DATA_63E . . . . . . . . . . . .  	Number	3B8F	
DATA_64E . . . . . . . . . . . .  	Number	3BC2	
DATA_65E . . . . . . . . . . . .  	Number	44F5	
DATA_66E . . . . . . . . . . . .  	Number	4C23	
DATA_67E . . . . . . . . . . . .  	Number	4C52	
DATA_68E . . . . . . . . . . . .  	Number	4C54	
DATA_69E . . . . . . . . . . . .  	Number	4C56	
DATA_70E . . . . . . . . . . . .  	Number	4C58	
DATA_71E . . . . . . . . . . . .  	Number	4C5A	
DATA_72E . . . . . . . . . . . .  	Number	4C5C	
DATA_73E . . . . . . . . . . . .  	Number	4C5D	
DATA_74E . . . . . . . . . . . .  	Number	4C5E	
DATA_75E . . . . . . . . . . . .  	Number	4C5F	
DATA_76E . . . . . . . . . . . .  	Number	4C60	
DATA_78E . . . . . . . . . . . .  	Number	4C62	
DATA_79E . . . . . . . . . . . .  	Number	4C64	
DATA_80E . . . . . . . . . . . .  	Number	4F86	
DATA_81E . . . . . . . . . . . .  	Number	5500	
DATA_82E . . . . . . . . . . . .  	Number	5FA6	
DATA_83E . . . . . . . . . . . .  	Number	A000	
DATA_84E . . . . . . . . . . . .  	Number	A05A	
Microsoft (R) Macro Assembler  Version 4.00                 3/29/26 15:12:12

                                                            Symbols-2
                                                             

DATA_85E . . . . . . . . . . . .  	Number	F500	
DATA_86E . . . . . . . . . . . .  	Number	FF1A	
DATA_87E . . . . . . . . . . . .  	Number	FF2C	
DATA_88E . . . . . . . . . . . .  	Number	0000	
DATA_89E . . . . . . . . . . . .  	Number	1A6E	
DATA_90E . . . . . . . . . . . .  	Number	1A8E	
DATA_91E . . . . . . . . . . . .  	Number	4000	
DATA_92E . . . . . . . . . . . .  	Number	4050	
DATA_93E . . . . . . . . . . . .  	Number	0000	
DATA_94E . . . . . . . . . . . .  	Number	232F	
DATA_95E . . . . . . . . . . . .  	Number	6000	
DATA_96E . . . . . . . . . . . .  	Number	A059	
DATA_97E . . . . . . . . . . . .  	Number	A05A	

LOCLOOP_1  . . . . . . . . . . .  	L NEAR	0060	SEG_A
LOCLOOP_102  . . . . . . . . . .  	L NEAR	0C06	SEG_A
LOCLOOP_106  . . . . . . . . . .  	L NEAR	0C67	SEG_A
LOCLOOP_107  . . . . . . . . . .  	L NEAR	0C79	SEG_A
LOCLOOP_109  . . . . . . . . . .  	L NEAR	0CD9	SEG_A
LOCLOOP_115  . . . . . . . . . .  	L NEAR	0D6E	SEG_A
LOCLOOP_118  . . . . . . . . . .  	L NEAR	0DF2	SEG_A
LOCLOOP_120  . . . . . . . . . .  	L NEAR	0E55	SEG_A
LOCLOOP_121  . . . . . . . . . .  	L NEAR	0ECF	SEG_A
LOCLOOP_126  . . . . . . . . . .  	L NEAR	0F4F	SEG_A
LOCLOOP_128  . . . . . . . . . .  	L NEAR	0F82	SEG_A
LOCLOOP_130  . . . . . . . . . .  	L NEAR	0FB5	SEG_A
LOCLOOP_132  . . . . . . . . . .  	L NEAR	0FE6	SEG_A
LOCLOOP_134  . . . . . . . . . .  	L NEAR	101E	SEG_A
LOCLOOP_135  . . . . . . . . . .  	L NEAR	1044	SEG_A
LOCLOOP_136  . . . . . . . . . .  	L NEAR	1081	SEG_A
LOCLOOP_137  . . . . . . . . . .  	L NEAR	10B8	SEG_A
LOCLOOP_14 . . . . . . . . . . .  	L NEAR	0232	SEG_A
LOCLOOP_141  . . . . . . . . . .  	L NEAR	1117	SEG_A
LOCLOOP_144  . . . . . . . . . .  	L NEAR	114C	SEG_A
LOCLOOP_147  . . . . . . . . . .  	L NEAR	11C2	SEG_A
LOCLOOP_149  . . . . . . . . . .  	L NEAR	121B	SEG_A
LOCLOOP_153  . . . . . . . . . .  	L NEAR	126D	SEG_A
LOCLOOP_155  . . . . . . . . . .  	L NEAR	1B98	SEG_A
LOCLOOP_156  . . . . . . . . . .  	L NEAR	1BF4	SEG_A
LOCLOOP_16 . . . . . . . . . . .  	L NEAR	024D	SEG_A
LOCLOOP_17 . . . . . . . . . . .  	L NEAR	026B	SEG_A
LOCLOOP_18 . . . . . . . . . . .  	L NEAR	0274	SEG_A
LOCLOOP_2  . . . . . . . . . . .  	L NEAR	009F	SEG_A
LOCLOOP_21 . . . . . . . . . . .  	L NEAR	029D	SEG_A
LOCLOOP_22 . . . . . . . . . . .  	L NEAR	02B4	SEG_A
LOCLOOP_26 . . . . . . . . . . .  	L NEAR	0310	SEG_A
LOCLOOP_28 . . . . . . . . . . .  	L NEAR	0328	SEG_A
LOCLOOP_29 . . . . . . . . . . .  	L NEAR	039D	SEG_A
LOCLOOP_3  . . . . . . . . . . .  	L NEAR	0107	SEG_A
LOCLOOP_31 . . . . . . . . . . .  	L NEAR	03C2	SEG_A
LOCLOOP_33 . . . . . . . . . . .  	L NEAR	03F3	SEG_A
LOCLOOP_35 . . . . . . . . . . .  	L NEAR	042A	SEG_A
LOCLOOP_37 . . . . . . . . . . .  	L NEAR	045A	SEG_A
LOCLOOP_42 . . . . . . . . . . .  	L NEAR	0507	SEG_A
LOCLOOP_44 . . . . . . . . . . .  	L NEAR	0510	SEG_A
Microsoft (R) Macro Assembler  Version 4.00                 3/29/26 15:12:12

                                                            Symbols-3
                                                             

LOCLOOP_47 . . . . . . . . . . .  	L NEAR	056A	SEG_A
LOCLOOP_48 . . . . . . . . . . .  	L NEAR	0595	SEG_A
LOCLOOP_56 . . . . . . . . . . .  	L NEAR	062F	SEG_A
LOCLOOP_57 . . . . . . . . . . .  	L NEAR	0699	SEG_A
LOCLOOP_58 . . . . . . . . . . .  	L NEAR	06E5	SEG_A
LOCLOOP_59 . . . . . . . . . . .  	L NEAR	0708	SEG_A
LOCLOOP_60 . . . . . . . . . . .  	L NEAR	070C	SEG_A
LOCLOOP_63 . . . . . . . . . . .  	L NEAR	0768	SEG_A
LOCLOOP_64 . . . . . . . . . . .  	L NEAR	076E	SEG_A
LOCLOOP_65 . . . . . . . . . . .  	L NEAR	07B9	SEG_A
LOCLOOP_67 . . . . . . . . . . .  	L NEAR	07E2	SEG_A
LOCLOOP_68 . . . . . . . . . . .  	L NEAR	080C	SEG_A
LOCLOOP_70 . . . . . . . . . . .  	L NEAR	0834	SEG_A
LOCLOOP_71 . . . . . . . . . . .  	L NEAR	0863	SEG_A
LOCLOOP_86 . . . . . . . . . . .  	L NEAR	091C	SEG_A
LOCLOOP_90 . . . . . . . . . . .  	L NEAR	0947	SEG_A
LOCLOOP_92 . . . . . . . . . . .  	L NEAR	095C	SEG_A
LOCLOOP_96 . . . . . . . . . . .  	L NEAR	0987	SEG_A
LOC_10 . . . . . . . . . . . . .  	L NEAR	01FE	SEG_A
LOC_100  . . . . . . . . . . . .  	L NEAR	09F9	SEG_A
LOC_101  . . . . . . . . . . . .  	L NEAR	0A0E	SEG_A
LOC_103  . . . . . . . . . . . .  	L NEAR	0C17	SEG_A
LOC_104  . . . . . . . . . . . .  	L NEAR	0C27	SEG_A
LOC_105  . . . . . . . . . . . .  	L NEAR	0C35	SEG_A
LOC_108  . . . . . . . . . . . .  	L NEAR	0C8B	SEG_A
LOC_11 . . . . . . . . . . . . .  	L NEAR	0208	SEG_A
LOC_110  . . . . . . . . . . . .  	L NEAR	0CF5	SEG_A
LOC_111  . . . . . . . . . . . .  	L NEAR	0D0A	SEG_A
LOC_112  . . . . . . . . . . . .  	L NEAR	0D1A	SEG_A
LOC_113  . . . . . . . . . . . .  	L NEAR	0D2E	SEG_A
LOC_114  . . . . . . . . . . . .  	L NEAR	0D67	SEG_A
LOC_116  . . . . . . . . . . . .  	L NEAR	0DB1	SEG_A
LOC_117  . . . . . . . . . . . .  	L NEAR	0DDC	SEG_A
LOC_119  . . . . . . . . . . . .  	L NEAR	0E44	SEG_A
LOC_12 . . . . . . . . . . . . .  	L NEAR	0210	SEG_A
LOC_122  . . . . . . . . . . . .  	L NEAR	0F04	SEG_A
LOC_123  . . . . . . . . . . . .  	L NEAR	0F07	SEG_A
LOC_124  . . . . . . . . . . . .  	L NEAR	0F35	SEG_A
LOC_125  . . . . . . . . . . . .  	L NEAR	0F38	SEG_A
LOC_127  . . . . . . . . . . . .  	L NEAR	0F74	SEG_A
LOC_129  . . . . . . . . . . . .  	L NEAR	0FA9	SEG_A
LOC_131  . . . . . . . . . . . .  	L NEAR	0FDA	SEG_A
LOC_133  . . . . . . . . . . . .  	L NEAR	100D	SEG_A
LOC_138  . . . . . . . . . . . .  	L NEAR	10D3	SEG_A
LOC_139  . . . . . . . . . . . .  	L NEAR	1100	SEG_A
LOC_140  . . . . . . . . . . . .  	L NEAR	1110	SEG_A
LOC_142  . . . . . . . . . . . .  	L NEAR	113E	SEG_A
LOC_143  . . . . . . . . . . . .  	L NEAR	1142	SEG_A
LOC_145  . . . . . . . . . . . .  	L NEAR	1173	SEG_A
LOC_146  . . . . . . . . . . . .  	L NEAR	11A4	SEG_A
LOC_148  . . . . . . . . . . . .  	L NEAR	11DD	SEG_A
LOC_15 . . . . . . . . . . . . .  	L NEAR	0246	SEG_A
LOC_150  . . . . . . . . . . . .  	L NEAR	1240	SEG_A
LOC_151  . . . . . . . . . . . .  	L NEAR	1246	SEG_A
LOC_152  . . . . . . . . . . . .  	L NEAR	1259	SEG_A
Microsoft (R) Macro Assembler  Version 4.00                 3/29/26 15:12:12

                                                            Symbols-4
                                                             

LOC_154  . . . . . . . . . . . .  	L NEAR	127D	SEG_A
LOC_157  . . . . . . . . . . . .  	L NEAR	1C0A	SEG_A
LOC_19 . . . . . . . . . . . . .  	L NEAR	027A	SEG_A
LOC_20 . . . . . . . . . . . . .  	L NEAR	0296	SEG_A
LOC_23 . . . . . . . . . . . . .  	L NEAR	02F0	SEG_A
LOC_24 . . . . . . . . . . . . .  	L NEAR	02F6	SEG_A
LOC_25 . . . . . . . . . . . . .  	L NEAR	02FB	SEG_A
LOC_27 . . . . . . . . . . . . .  	L NEAR	0320	SEG_A
LOC_30 . . . . . . . . . . . . .  	L NEAR	03B2	SEG_A
LOC_32 . . . . . . . . . . . . .  	L NEAR	03D0	SEG_A
LOC_34 . . . . . . . . . . . . .  	L NEAR	0414	SEG_A
LOC_36 . . . . . . . . . . . . .  	L NEAR	0449	SEG_A
LOC_38 . . . . . . . . . . . . .  	L NEAR	0479	SEG_A
LOC_39 . . . . . . . . . . . . .  	L NEAR	047F	SEG_A
LOC_4  . . . . . . . . . . . . .  	L NEAR	0141	SEG_A
LOC_40 . . . . . . . . . . . . .  	L NEAR	0499	SEG_A
LOC_41 . . . . . . . . . . . . .  	L NEAR	04FF	SEG_A
LOC_43 . . . . . . . . . . . . .  	L NEAR	050A	SEG_A
LOC_45 . . . . . . . . . . . . .  	L NEAR	0550	SEG_A
LOC_46 . . . . . . . . . . . . .  	L NEAR	0556	SEG_A
LOC_49 . . . . . . . . . . . . .  	L NEAR	059D	SEG_A
LOC_5  . . . . . . . . . . . . .  	L NEAR	014C	SEG_A
LOC_50 . . . . . . . . . . . . .  	L NEAR	05A5	SEG_A
LOC_51 . . . . . . . . . . . . .  	L NEAR	05BD	SEG_A
LOC_52 . . . . . . . . . . . . .  	L NEAR	05C6	SEG_A
LOC_53 . . . . . . . . . . . . .  	L NEAR	05E9	SEG_A
LOC_54 . . . . . . . . . . . . .  	L NEAR	0609	SEG_A
LOC_55 . . . . . . . . . . . . .  	L NEAR	0622	SEG_A
LOC_6  . . . . . . . . . . . . .  	L NEAR	016C	SEG_A
LOC_61 . . . . . . . . . . . . .  	L NEAR	0733	SEG_A
LOC_62 . . . . . . . . . . . . .  	L NEAR	073B	SEG_A
LOC_66 . . . . . . . . . . . . .  	L NEAR	07BF	SEG_A
LOC_69 . . . . . . . . . . . . .  	L NEAR	0827	SEG_A
LOC_7  . . . . . . . . . . . . .  	L NEAR	0185	SEG_A
LOC_72 . . . . . . . . . . . . .  	L NEAR	0881	SEG_A
LOC_73 . . . . . . . . . . . . .  	L NEAR	0897	SEG_A
LOC_74 . . . . . . . . . . . . .  	L NEAR	08AD	SEG_A
LOC_75 . . . . . . . . . . . . .  	L NEAR	08AF	SEG_A
LOC_76 . . . . . . . . . . . . .  	L NEAR	08B9	SEG_A
LOC_77 . . . . . . . . . . . . .  	L NEAR	08C4	SEG_A
LOC_78 . . . . . . . . . . . . .  	L NEAR	08CE	SEG_A
LOC_79 . . . . . . . . . . . . .  	L NEAR	08E0	SEG_A
LOC_8  . . . . . . . . . . . . .  	L NEAR	0196	SEG_A
LOC_80 . . . . . . . . . . . . .  	L NEAR	08E2	SEG_A
LOC_81 . . . . . . . . . . . . .  	L NEAR	08F0	SEG_A
LOC_82 . . . . . . . . . . . . .  	L NEAR	08FB	SEG_A
LOC_83 . . . . . . . . . . . . .  	L NEAR	0909	SEG_A
LOC_84 . . . . . . . . . . . . .  	L NEAR	090C	SEG_A
LOC_85 . . . . . . . . . . . . .  	L NEAR	0918	SEG_A
LOC_87 . . . . . . . . . . . . .  	L NEAR	0930	SEG_A
LOC_88 . . . . . . . . . . . . .  	L NEAR	093D	SEG_A
LOC_89 . . . . . . . . . . . . .  	L NEAR	0943	SEG_A
LOC_9  . . . . . . . . . . . . .  	L NEAR	01C5	SEG_A
LOC_91 . . . . . . . . . . . . .  	L NEAR	0958	SEG_A
LOC_93 . . . . . . . . . . . . .  	L NEAR	096C	SEG_A
Microsoft (R) Macro Assembler  Version 4.00                 3/29/26 15:12:12

                                                            Symbols-5
                                                             

LOC_94 . . . . . . . . . . . . .  	L NEAR	097D	SEG_A
LOC_95 . . . . . . . . . . . . .  	L NEAR	0983	SEG_A
LOC_97 . . . . . . . . . . . . .  	L NEAR	0992	SEG_A
LOC_98 . . . . . . . . . . . . .  	L NEAR	09C7	SEG_A
LOC_99 . . . . . . . . . . . . .  	L NEAR	09E0	SEG_A
LOC_RET_13 . . . . . . . . . . .  	L NEAR	021E	SEG_A

START  . . . . . . . . . . . . .  	L NEAR	0000	SEG_A
SUB_1  . . . . . . . . . . . . .  	N PROC	0177	SEG_A	Length = 00A8
SUB_10 . . . . . . . . . . . . .  	N PROC	0C9C	SEG_A	Length = 009A
SUB_11 . . . . . . . . . . . . .  	N PROC	0DBA	SEG_A	Length = 0038
SUB_12 . . . . . . . . . . . . .  	N PROC	0DF2	SEG_A	Length = 0056
SUB_13 . . . . . . . . . . . . .  	N PROC	0E48	SEG_A	Length = 0007
SUB_14 . . . . . . . . . . . . .  	N PROC	0F45	SEG_A	Length = 0033
SUB_15 . . . . . . . . . . . . .  	N PROC	0F78	SEG_A	Length = 0099
SUB_16 . . . . . . . . . . . . .  	N PROC	1011	SEG_A	Length = 0085
SUB_17 . . . . . . . . . . . . .  	N PROC	1096	SEG_A	Length = 000C
SUB_18 . . . . . . . . . . . . .  	N PROC	10E0	SEG_A	Length = 00CC
SUB_19 . . . . . . . . . . . . .  	N PROC	11EA	SEG_A	Length = 0072
SUB_2  . . . . . . . . . . . . .  	N PROC	0325	SEG_A	Length = 0014
SUB_20 . . . . . . . . . . . . .  	N PROC	1B8E	SEG_A	Length = 0050
SUB_21 . . . . . . . . . . . . .  	N PROC	1C32	SEG_A	Length = 0026
SUB_3  . . . . . . . . . . . . .  	N PROC	03BB	SEG_A	Length = 0015
SUB_4  . . . . . . . . . . . . .  	N PROC	05A3	SEG_A	Length = 0021
SUB_5  . . . . . . . . . . . . .  	N PROC	05C4	SEG_A	Length = 002F
SUB_6  . . . . . . . . . . . . .  	N PROC	05F3	SEG_A	Length = 0039
SUB_7  . . . . . . . . . . . . .  	N PROC	062C	SEG_A	Length = 001F
SUB_8  . . . . . . . . . . . . .  	N PROC	0724	SEG_A	Length = 0061
SUB_9  . . . . . . . . . . . . .  	N PROC	099D	SEG_A	Length = 0074

TARGET . . . . . . . . . . . . .  	Number	4D34	

_103GDHGC  . . . . . . . . . . .  	F PROC	0000	SEG_A	Length = 0177


   2945 Source  Lines
   3276 Total   Lines
    256 Symbols

  39202 Bytes symbol space free

      0 Warning Errors
      0 Severe  Errors
