Microsoft (R) Macro Assembler  Version 4.00                 3/29/26 15:12:34

                                                            Page     1-1
                                                            

                                 
                                PAGE  59,132 
                                 
                                ;€€€€€€€€€€€€€€€€€€€€€€€€€€€€€€€€€€€€€€€€€€€€€€€€€€€€€€€€€€€€€€€€€€€€€€€€€€ 
                                ;€€					                                 €€ 
                                ;€€				_105GDMCA                                €€ 
                                ;€€					                                 €€ 
                                ;€€      Created:   29-Mar-26		                                 €€ 
                                ;€€      Code type: zero start		                                 €€ 
                                ;€€      Passes:    9          Analysis	Options on: none                 €€ 
                                ;€€					                                 €€ 
                                ;€€€€€€€€€€€€€€€€€€€€€€€€€€€€€€€€€€€€€€€€€€€€€€€€€€€€€€€€€€€€€€€€€€€€€€€€€€ 
                                 
 = 4D34                         target		EQU   'M4'                      ; Target assembler: MASM-4.0 
                                 
                             C  include  srmacros.inc 
                             C   
                             C  ; Macros which may be required for proper re-assembly 
                             C   
                             C  IF (target EQ 'M4') 
                             C  ;----------------------------------------------------------------------------- 
                             C  ;  MASM 4.0 does not allow retf and retn, allowed by current assemblers. 
                             C  ;  These marcos, convert RETF and RETN into data bytes that are acceptable 
                             C  ;  to MASM 4.0. 
                             C   
                             C   
                             C  retf            macro   ret_count               ; Fixup for Assembler 
                             C                  if      ret_count+0 GT 1 
                             C                  db      0CAh 
                             C                  dw      ret_count 
                             C                  else 
                             C                  db      0CBh 
                             C                  endif 
                             C  endm 
                             C   
                             C  retn            macro  ret_count 
                             C                  if     ret_count+0 GT 1 
                             C                  db     0C2h 
                             C                  dw     ret_count 
                             C                  else 
                             C                  db     0C3h 
                             C                  endif 
                             C  endm 
                             C   
                             C  ENDIF 
                             C   
                             C   
                             C  IF (target EQ 'M4') OR (target EQ 'M5')  
                             C  ;----------------------------------------------------------------------------- 
                             C  ; Due to a bug in earlier MASM assemblers, the valid instruction type  
                             C  ; "mov segreg, reg"  cannot be used, if the register is not AX.   
                             C  ; For example:  mov  es, bx 
                             C   
                             C  movseg          macro reg16, unused, Imm16      ; Fixup for Assembler 
                             C                  ifidn  <reg16>, <bx>             
Microsoft (R) Macro Assembler  Version 4.00                 3/29/26 15:12:34

                                                            Page     1-2
                                                            

                             C                  db     0BBh                      
                             C                  endif                            
                             C                  ifidn  <reg16>, <cx>             
                             C                  db     0B9h                      
                             C                  endif 
                             C                  ifidn  <reg16>, <dx> 
                             C                  db     0BAh 
                             C                  endif 
                             C                  ifidn  <reg16>, <si> 
                             C                  db     0BEh 
                             C                  endif 
                             C                  ifidn  <reg16>, <di> 
                             C                  db     0BFh 
                             C                  endif 
                             C                  ifidn  <reg16>, <bp> 
                             C                  db     0BDh 
                             C                  endif 
                             C                  ifidn  <reg16>, <sp> 
                             C                  db     0BCh 
                             C                  endif 
                             C                  ifidn  <reg16>, <BX> 
                             C                  db     0BBH 
                             C                  endif 
                             C                  ifidn  <reg16>, <CX> 
                             C                  db     0B9H 
                             C                  endif 
                             C                  ifidn  <reg16>, <DX> 
                             C                  db     0BAH 
                             C                  endif 
                             C                  ifidn  <reg16>, <SI> 
                             C                  db     0BEH 
                             C                  endif 
                             C                  ifidn  <reg16>, <DI> 
                             C                  db     0BFH 
                             C                  endif 
                             C                  ifidn  <reg16>, <BP> 
                             C                  db     0BDH 
                             C                  endif 
                             C                  ifidn  <reg16>, <SP> 
                             C                  db     0BCH 
                             C                  endif 
                             C                  dw     seg Imm16 
                             C  endm 
                             C   
                             C  ENDIF 
                             C   
                             C   
                             C  ENDIF 
                             C   
                             C   
                             C   
                             C  IFE (target EQ 'NO') 
                             C  ;----------------------------------------------------------------------------- 
                             C  ;  Some compilers and some assemblers will code a call that goes to a far 
                             C  ;  subroutine in the same segment as: 
Microsoft (R) Macro Assembler  Version 4.00                 3/29/26 15:12:34

                                                            Page     1-3
                                                            

                             C  ; 
                             C  ;               PUSH    CS 
                             C  ;               CALL    near 
                             C  ; 
                             C  ;  This saves one byte, and is slightly faster.  If the assembler you are 
                             C  ;  using (i.e. MASM, Optasm) does not do this automatically, the following 
                             C  ;  macros are used to code the same information.  In other words, the binary 
                             C  ;  file has "PUSH CS, CALL near", and Sourcer ensures the same instructions 
                             C  ;  are used!  (macro CALLF) 
                             C  ; 
                             C   
                             C  callf           macro   location 
                             C                  push    cs 
                             C                  call    near ptr location 
                             C  endm 
                             C   
                             C  ;  Some compilers generate an unnecessary DS override on the call instruction 
                             C  ;  when compacting the CALLF type function.  Macro CALLFX handles this case. 
                             C   
                             C  callfx          macro   location 
                             C                  push    cs 
                             C                  db      3Eh 
                             C                  call    near ptr location 
                             C  endm 
                             C   
                             C   
                             C  ;----------------------------------------------------------------------------- 
                             C  ;  Some compilers and some assemblers will code a near call that is the 
                             C  ;  selected assembler will convert to a short jump to save a byte.  This 
                             C  ;  reconstructs a near jump for these cases. 
                             C   
                             C  jmpn            macro   location 
                             C                  db      0E9h 
                             C                  dw      offset location-$-2 
                             C  endm 
                             C   
                             C  ENDIF 
                             C   
                                 
                                 
                                 
                                ; The following equates show data references outside the range of the program. 
                                 
 = 0240                         data_1e		equ	240h 
 = 0063                         data_2e		equ	63h 
 = 29DC                         data_18e	equ	29DCh			;* 
 = 2A80                         data_19e	equ	2A80h			;* 
 = 32B9                         data_20e	equ	32B9h			;* 
 = 32C1                         data_21e	equ	32C1h			;* 
 = 3617                         data_22e	equ	3617h			;* 
 = 3619                         data_23e	equ	3619h			;* 
 = 3B1F                         data_24e	equ	3B1Fh			;* 
 = 3BE3                         data_25e	equ	3BE3h			;* 
 = 3C16                         data_26e	equ	3C16h			;* 
 = 3C17                         data_27e	equ	3C17h			;* 
Microsoft (R) Macro Assembler  Version 4.00                 3/29/26 15:12:34

                                                            Page     1-4
                                                            

 = 4289                         data_28e	equ	4289h			;* 
 = 428A                         data_29e	equ	428Ah			;* 
 = 428B                         data_30e	equ	428Bh			;* 
 = 44F8                         data_31e	equ	44F8h			;* 
 = 44FA                         data_32e	equ	44FAh			;* 
 = 44FB                         data_33e	equ	44FBh			;* 
 = 44FD                         data_34e	equ	44FDh			;* 
 = 44FF                         data_35e	equ	44FFh			;* 
 = 4501                         data_36e	equ	4501h			;* 
 = 4503                         data_37e	equ	4503h			;* 
 = 4505                         data_38e	equ	4505h			;* 
 = 4506                         data_39e	equ	4506h			;* 
 = 4507                         data_40e	equ	4507h			;* 
 = 4508                         data_41e	equ	4508h			;* 
 = 450B                         data_42e	equ	450Bh			;* 
 = 450D                         data_44e	equ	450Dh			;* 
 = 450F                         data_45e	equ	450Fh			;* 
 = 5191                         data_46e	equ	5191h			;* 
 = 5500                         data_47e	equ	5500h			;* 
 = 6666                         data_48e	equ	6666h			;* 
 = A000                         data_49e	equ	0A000h			;* 
 = BF07                         data_50e	equ	0BF07h			;* 
 = F500                         data_51e	equ	0F500h			;* 
 = FF1A                         data_52e	equ	0FF1Ah			;* 
 = FF2C                         data_53e	equ	0FF2Ch			;* 
 = 0000                         data_54e	equ	0			;* 
 = 0140                         data_55e	equ	140h			;* 
 = 1A6E                         data_56e	equ	1A6Eh			;* 
 = 1A8E                         data_57e	equ	1A8Eh			;* 
 = 0000                         data_58e	equ	0			;* 
 = 0000                         data_59e	equ	0 
 = 0140                         data_60e	equ	140h 
                                 
 0000                           seg_a		segment	byte public 
                                		assume	cs:seg_a, ds:seg_a 
                                 
                                 
 0000                           		org	0 
                                 
 0000                           _105GDMCA	proc	far 
                                 
 0000                           start: 
                                ;*		aad	21h			; '!' undocumented inst 
 0000  D5 21                    		db	0D5h, 21h		;  Fixup - byte match 
 0002  00 00                    		add	[bx+si],al 
 0004  F7 44 32 8830            		test	word ptr [si+32h],8830h 
                                ;*		xor	ah,ah			; Zero register 
 0009  30 E4                    		db	 30h,0E4h		;  Fixup - byte match 
 000B  30 21                    		xor	[bx+di],ah 
 000D  42                       		inc	dx 
 000E  CC                       		int	3			; Debug breakpoint 
 000F  44                       		inc	sp 
 0010  C9 32 2C 33 B7 33        		db	0C9h, 32h, 2Ch, 33h,0B7h, 33h 
 0016  37 34 4F 36 AB 36        		db	 37h, 34h, 4Fh, 36h,0ABh, 36h 
 001C  07 37 FC 30 32 37        		db	 07h, 37h,0FCh, 30h, 32h, 37h 
Microsoft (R) Macro Assembler  Version 4.00                 3/29/26 15:12:34

                                                            Page     1-5
                                                            

 0022  B4 37 E6 38 1C 3C        		db	0B4h, 37h,0E6h, 38h, 1Ch, 3Ch 
 0028  79 3D 35 3E 8B 3E        		db	 79h, 3Dh, 35h, 3Eh, 8Bh, 3Eh 
 002E  80 40 62 41 05 42        		db	 80h, 40h, 62h, 41h, 05h, 42h 
 0034  DE 44 50 53 51 1E        		db	0DEh, 44h, 50h, 53h, 51h, 1Eh 
 003A  8A C5 F6 E1 8B E8        		db	 8Ah,0C5h,0F6h,0E1h, 8Bh,0E8h 
 0040  06 1F 8B F7 8C C8        		db	 06h, 1Fh, 8Bh,0F7h, 8Ch,0C8h 
 0046  05 00 30 8E C0 BF        		db	 05h, 00h, 30h, 8Eh,0C0h,0BFh 
 004C  00 00 2E C7 06 FD        		db	 00h, 00h, 2Eh,0C7h, 06h,0FDh 
 0052  44 00 00 2E C7 06        		db	 44h, 00h, 00h, 2Eh,0C7h, 06h 
 0058  FF 44 00 00 8B CD        		db	0FFh, 44h, 00h, 00h, 8Bh,0CDh 
 005E  D1 E9                    		db	0D1h,0E9h 
                                 
 0060                           locloop_1: 
 0060  3E: 8B 02                		mov	ax,ds:[bp+si] 
 0063  86 E0                    		xchg	ah,al 
 0065  2E: A3 4501              		mov	cs:data_36e,ax 
 0069  AD                       		lodsw				; String [si] to ax 
 006A  86 E0                    		xchg	ah,al 
 006C  2E: A3 44FB              		mov	cs:data_33e,ax 
 0070  E8 146F R                		call	sub_20 
 0073  AB                       		stosw				; Store ax to es:[di] 
 0074  E8 146F R                		call	sub_20 
 0077  AB                       		stosw				; Store ax to es:[di] 
 0078  E8 146F R                		call	sub_20 
 007B  AB                       		stosw				; Store ax to es:[di] 
 007C  E8 146F R                		call	sub_20 
 007F  AB                       		stosw				; Store ax to es:[di] 
 0080  E2 DE                    		loop	locloop_1		; Loop if cx > 0 
                                 
 0082  1F                       		pop	ds 
 0083  59                       		pop	cx 
 0084  5B                       		pop	bx 
 0085  58                       		pop	ax 
 0086  BF 0000                  		mov	di,0 
 0089  E9 018D R                		jmp	loc_5 
                                			                        ;* No entry point to code 
 008C  50                       		push	ax 
 008D  53                       		push	bx 
 008E  51                       		push	cx 
 008F  1E                       		push	ds 
 0090  8A C5                    		mov	al,ch 
 0092  F6 E1                    		mul	cl			; ax = reg * al 
 0094  8B E8                    		mov	bp,ax 
 0096  06                       		push	es 
 0097  1F                       		pop	ds 
 0098  8B F7                    		mov	si,di 
 009A  8C C8                    		mov	ax,cs 
 009C  05 3000                  		add	ax,3000h 
 009F  8E C0                    		mov	es,ax 
 00A1  BF 0000                  		mov	di,0 
 00A4  2E: C7 06 4501 0000      		mov	word ptr cs:data_36e,0 
 00AB  8B CD                    		mov	cx,bp 
 00AD  D1 E9                    		shr	cx,1			; Shift w/zeros fill 
                                 
 00AF                           locloop_2: 
Microsoft (R) Macro Assembler  Version 4.00                 3/29/26 15:12:34

                                                            Page     1-6
                                                            

 00AF  03 ED                    		add	bp,bp 
 00B1  3E: 8B 02                		mov	ax,ds:[bp+si] 
 00B4  86 C4                    		xchg	al,ah 
 00B6  2E: A3 44FF              		mov	cs:data_35e,ax 
 00BA  D1 ED                    		shr	bp,1			; Shift w/zeros fill 
 00BC  3E: 8B 02                		mov	ax,ds:[bp+si] 
 00BF  86 C4                    		xchg	al,ah 
 00C1  2E: A3 44FD              		mov	cs:data_34e,ax 
 00C5  AD                       		lodsw				; String [si] to ax 
 00C6  86 C4                    		xchg	al,ah 
 00C8  2E: A3 44FB              		mov	cs:data_33e,ax 
 00CC  E8 146F R                		call	sub_20 
 00CF  AB                       		stosw				; Store ax to es:[di] 
 00D0  E8 146F R                		call	sub_20 
 00D3  AB                       		stosw				; Store ax to es:[di] 
 00D4  E8 146F R                		call	sub_20 
 00D7  AB                       		stosw				; Store ax to es:[di] 
 00D8  E8 146F R                		call	sub_20 
 00DB  AB                       		stosw				; Store ax to es:[di] 
 00DC  E2 D1                    		loop	locloop_2		; Loop if cx > 0 
                                 
 00DE  1F                       		pop	ds 
 00DF  59                       		pop	cx 
 00E0  5B                       		pop	bx 
 00E1  58                       		pop	ax 
 00E2  BF 0000                  		mov	di,0 
 00E5  E9 018D R                		jmp	loc_5 
                                			                        ;* No entry point to code 
 00E8  1E                       		push	ds 
 00E9  50                       		push	ax 
 00EA  06                       		push	es 
 00EB  57                       		push	di 
 00EC  E8 14E9 R                		call	sub_22 
 00EF  8B F8                    		mov	di,ax 
 00F1  5E                       		pop	si 
 00F2  1F                       		pop	ds 
 00F3  58                       		pop	ax 
 00F4  2E: C7 06 450B 329D      		mov	word ptr cs:data_42e,329Dh 
 00FB  E8 01B8 R                		call	sub_1 
 00FE  1F                       		pop	ds 
                                		retn 
 00FF  C3                     1                 db     0C3h
                                			                        ;* No entry point to code 
 0100  53                       		push	bx 
 0101  51                       		push	cx 
 0102  1E                       		push	ds 
 0103  8A C5                    		mov	al,ch 
 0105  F6 E1                    		mul	cl			; ax = reg * al 
 0107  8B E8                    		mov	bp,ax 
 0109  06                       		push	es 
 010A  1F                       		pop	ds 
 010B  8B F7                    		mov	si,di 
 010D  8C C8                    		mov	ax,cs 
 010F  05 3000                  		add	ax,3000h 
 0112  8E C0                    		mov	es,ax 
Microsoft (R) Macro Assembler  Version 4.00                 3/29/26 15:12:34

                                                            Page     1-7
                                                            

 0114  BF 0000                  		mov	di,0 
 0117  2E: C7 06 44FB 0000      		mov	word ptr cs:data_33e,0 
 011E  8B CD                    		mov	cx,bp 
 0120  D1 E9                    		shr	cx,1			; Shift w/zeros fill 
                                 
 0122                           locloop_3: 
 0122  51                       		push	cx 
 0123  3E: 8B 1A                		mov	bx,ds:[bp+si] 
 0126  86 FB                    		xchg	bh,bl 
 0128  AD                       		lodsw				; String [si] to ax 
 0129  86 E0                    		xchg	ah,al 
 012B  8B D3                    		mov	dx,bx 
 012D  23 D0                    		and	dx,ax 
 012F  8B CB                    		mov	cx,bx 
 0131  0B C8                    		or	cx,ax 
 0133  F7 D2                    		not	dx 
 0135  23 C2                    		and	ax,dx 
 0137  23 DA                    		and	bx,dx 
 0139  2E: 89 1E 44FF           		mov	cs:data_35e,bx 
 013E  2E: A3 44FD              		mov	cs:data_34e,ax 
 0142  2E: 89 0E 4501           		mov	cs:data_36e,cx 
 0147  E8 146F R                		call	sub_20 
 014A  AB                       		stosw				; Store ax to es:[di] 
 014B  E8 146F R                		call	sub_20 
 014E  AB                       		stosw				; Store ax to es:[di] 
 014F  E8 146F R                		call	sub_20 
 0152  AB                       		stosw				; Store ax to es:[di] 
 0153  E8 146F R                		call	sub_20 
 0156  AB                       		stosw				; Store ax to es:[di] 
 0157  59                       		pop	cx 
 0158  E2 C8                    		loop	locloop_3		; Loop if cx > 0 
                                 
 015A  1F                       		pop	ds 
 015B  59                       		pop	cx 
 015C  5B                       		pop	bx 
 015D  33 C0                    		xor	ax,ax			; Zero register 
 015F  BF 0000                  		mov	di,0 
 0162  1E                       		push	ds 
 0163  50                       		push	ax 
 0164  06                       		push	es 
 0165  57                       		push	di 
 0166  E8 14E9 R                		call	sub_22 
 0169  8B F8                    		mov	di,ax 
 016B  5E                       		pop	si 
 016C  1F                       		pop	ds 
 016D  58                       		pop	ax 
 016E  2E: C7 06 450B 3277      		mov	word ptr cs:data_42e,3277h 
 0175  2E: C6 06 4508 00        		mov	byte ptr cs:data_41e,0 
 017B  0A C0                    		or	al,al			; Zero ? 
 017D  75 03                    		jnz	loc_4			; Jump if not zero 
 017F  E8 01B8 R                		call	sub_1 
 0182                           loc_4: 
 0182  2E: C6 06 4508 FF        		mov	byte ptr cs:data_41e,0FFh 
 0188  E8 01B8 R                		call	sub_1 
 018B  1F                       		pop	ds 
Microsoft (R) Macro Assembler  Version 4.00                 3/29/26 15:12:34

                                                            Page     1-8
                                                            

                                		retn 
 018C  C3                     1                 db     0C3h
 018D                           loc_5: 
 018D  1E                       		push	ds 
 018E  50                       		push	ax 
 018F  06                       		push	es 
 0190  57                       		push	di 
 0191  E8 14E9 R                		call	sub_22 
 0194  8B F8                    		mov	di,ax 
 0196  5E                       		pop	si 
 0197  1F                       		pop	ds 
 0198  58                       		pop	ax 
 0199  2E: C7 06 450B 3239      		mov	word ptr cs:data_42e,3239h 
 01A0  2E: C6 06 4508 00        		mov	byte ptr cs:data_41e,0 
 01A6  0A C0                    		or	al,al			; Zero ? 
 01A8  75 03                    		jnz	loc_6			; Jump if not zero 
 01AA  E8 01B8 R                		call	sub_1 
 01AD                           loc_6: 
 01AD  2E: C6 06 4508 FF        		mov	byte ptr cs:data_41e,0FFh 
 01B3  E8 01B8 R                		call	sub_1 
 01B6  1F                       		pop	ds 
                                		retn 
 01B7  C3                     1                 db     0C3h
                                 
                                _105GDMCA	endp 
                                 
                                ;ﬂﬂﬂﬂﬂﬂﬂﬂﬂﬂﬂﬂﬂﬂﬂﬂﬂﬂﬂﬂﬂﬂﬂﬂﬂﬂﬂﬂﬂﬂﬂﬂﬂﬂﬂﬂﬂﬂﬂﬂﬂﬂﬂﬂﬂﬂﬂﬂﬂﬂﬂﬂﬂﬂﬂﬂﬂﬂﬂﬂﬂﬂﬂﬂﬂﬂﬂﬂﬂﬂﬂﬂﬂﬂ 
                                ;                              SUBROUTINE 
                                ;‹‹‹‹‹‹‹‹‹‹‹‹‹‹‹‹‹‹‹‹‹‹‹‹‹‹‹‹‹‹‹‹‹‹‹‹‹‹‹‹‹‹‹‹‹‹‹‹‹‹‹‹‹‹‹‹‹‹‹‹‹‹‹‹‹‹‹‹‹‹‹‹‹‹ 
                                 
 01B8                           sub_1		proc	near 
 01B8  2E: C6 06 4506 00        		mov	byte ptr cs:data_39e,0 
 01BE  B8 A000                  		mov	ax,0A000h 
 01C1  8E C0                    		mov	es,ax 
 01C3  BD 0008                  		mov	bp,8 
 01C6                           loc_7: 
 01C6  2E: A0 4506              		mov	al,cs:data_39e 
 01CA  2E: A2 4505              		mov	cs:data_38e,al 
 01CE  2E: C6 06 FF1A 00        		mov	byte ptr cs:data_52e,0 
 01D4  51                       		push	cx 
 01D5  56                       		push	si 
 01D6  57                       		push	di 
 01D7                           loc_8: 
 01D7  2E: 8A 1E 4505           		mov	bl,cs:data_38e 
 01DC  81 E3 0007               		and	bx,7 
 01E0  2E: 8A 9F 32B9           		mov	bl,cs:data_20e[bx] 
 01E5  2E: FF 16 450B           		call	word ptr cs:data_42e 
 01EA  2E: FE 06 4505           		inc	byte ptr cs:data_38e 
 01EF  8A C5                    		mov	al,ch 
 01F1  32 E4                    		xor	ah,ah			; Zero register 
 01F3  03 C0                    		add	ax,ax 
 01F5  03 C0                    		add	ax,ax 
 01F7  03 F0                    		add	si,ax 
 01F9  81 C7 0140               		add	di,140h 
 01FD  FE C9                    		dec	cl 
Microsoft (R) Macro Assembler  Version 4.00                 3/29/26 15:12:34

                                                            Page     1-9
                                                            

 01FF  74 2A                    		jz	loc_9			; Jump if zero 
 0201  2E: 8A 1E 4505           		mov	bl,cs:data_38e 
 0206  81 E3 0007               		and	bx,7 
 020A  2E: 8A 9F 32C1           		mov	bl,cs:data_21e[bx] 
 020F  2E: FF 16 450B           		call	word ptr cs:data_42e 
 0214  2E: FE 06 4505           		inc	byte ptr cs:data_38e 
 0219  8A C5                    		mov	al,ch 
 021B  32 E4                    		xor	ah,ah			; Zero register 
 021D  03 C0                    		add	ax,ax 
 021F  03 C0                    		add	ax,ax 
 0221  03 F0                    		add	si,ax 
 0223  81 C7 0140               		add	di,140h 
 0227  FE C9                    		dec	cl 
 0229  75 AC                    		jnz	loc_8			; Jump if not zero 
 022B                           loc_9: 
 022B  5F                       		pop	di 
 022C  5E                       		pop	si 
 022D  59                       		pop	cx 
 022E  2E: FE 06 4506           		inc	byte ptr cs:data_39e 
 0233                           loc_10: 
 0233  2E: 80 3E FF1A 14        		cmp	byte ptr cs:data_52e,14h 
 0239  72 F8                    		jb	loc_10			; Jump if below 
 023B  4D                       		dec	bp 
 023C  75 88                    		jnz	loc_7			; Jump if not zero 
                                		retn 
 023E  C3                     1                 db     0C3h
                                sub_1		endp 
                                 
                                			                        ;* No entry point to code 
 023F  2E: F6 06 4508 FF        		test	byte ptr cs:data_41e,0FFh 
 0245  74 1A                    		jz	loc_13			; Jump if zero 
 0247  56                       		push	si 
 0248  57                       		push	di 
 0249  51                       		push	cx 
 024A  8A CD                    		mov	cl,ch 
 024C  32 ED                    		xor	ch,ch			; Zero register 
 024E  03 C9                    		add	cx,cx 
 0250  03 C9                    		add	cx,cx 
                                 
 0252                           locloop_11: 
 0252  AC                       		lodsb				; String [si] to al 
 0253  D0 C3                    		rol	bl,1			; Rotate 
 0255  73 03                    		jnc	loc_12			; Jump if carry=0 
 0257  26: 88 05                		mov	es:[di],al 
 025A                           loc_12: 
 025A  47                       		inc	di 
 025B  E2 F5                    		loop	locloop_11		; Loop if cx > 0 
                                 
 025D  59                       		pop	cx 
 025E  5F                       		pop	di 
 025F  5E                       		pop	si 
                                		retn 
 0260  C3                     1                 db     0C3h
 0261                           loc_13: 
 0261  56                       		push	si 
Microsoft (R) Macro Assembler  Version 4.00                 3/29/26 15:12:34

                                                            Page     1-10
                                                            

 0262  57                       		push	di 
 0263  51                       		push	cx 
 0264  8A CD                    		mov	cl,ch 
 0266  32 ED                    		xor	ch,ch			; Zero register 
 0268  03 C9                    		add	cx,cx 
 026A  03 C9                    		add	cx,cx 
                                 
 026C                           locloop_14: 
 026C  AC                       		lodsb				; String [si] to al 
 026D  D0 C3                    		rol	bl,1			; Rotate 
 026F  1A E4                    		sbb	ah,ah 
 0271  22 C4                    		and	al,ah 
 0273  26: 08 05                		or	es:[di],al 
 0276  47                       		inc	di 
 0277  E2 F3                    		loop	locloop_14		; Loop if cx > 0 
                                 
 0279  59                       		pop	cx 
 027A  5F                       		pop	di 
 027B  5E                       		pop	si 
                                		retn 
 027C  C3                     1                 db     0C3h
                                			                        ;* No entry point to code 
 027D  2E: F6 06 4508 FF        		test	byte ptr cs:data_41e,0FFh 
 0283  74 DC                    		jz	loc_13			; Jump if zero 
 0285  56                       		push	si 
 0286  57                       		push	di 
 0287  51                       		push	cx 
 0288  8A CD                    		mov	cl,ch 
 028A  32 ED                    		xor	ch,ch			; Zero register 
 028C  03 C9                    		add	cx,cx 
 028E  03 C9                    		add	cx,cx 
                                 
 0290                           locloop_15: 
 0290  AC                       		lodsb				; String [si] to al 
 0291  D0 C3                    		rol	bl,1			; Rotate 
 0293  73 07                    		jnc	loc_16			; Jump if carry=0 
 0295  0A C0                    		or	al,al			; Zero ? 
 0297  74 03                    		jz	loc_16			; Jump if zero 
 0299  26: 88 05                		mov	es:[di],al 
 029C                           loc_16: 
 029C  47                       		inc	di 
 029D  E2 F1                    		loop	locloop_15		; Loop if cx > 0 
                                 
 029F  59                       		pop	cx 
 02A0  5F                       		pop	di 
 02A1  5E                       		pop	si 
                                		retn 
 02A2  C3                     1                 db     0C3h
                                			                        ;* No entry point to code 
 02A3  57                       		push	di 
 02A4  51                       		push	cx 
 02A5  F6 D3                    		not	bl 
 02A7  8A CD                    		mov	cl,ch 
 02A9  32 ED                    		xor	ch,ch			; Zero register 
 02AB  03 C9                    		add	cx,cx 
Microsoft (R) Macro Assembler  Version 4.00                 3/29/26 15:12:34

                                                            Page     1-11
                                                            

                                 
 02AD                           locloop_17: 
 02AD  D0 C3                    		rol	bl,1			; Rotate 
 02AF  1A C0                    		sbb	al,al 
 02B1  D0 C3                    		rol	bl,1			; Rotate 
 02B3  1A E4                    		sbb	ah,ah 
 02B5  26: 21 05                		and	es:[di],ax 
 02B8  47                       		inc	di 
 02B9  47                       		inc	di 
 02BA  E2 F1                    		loop	locloop_17		; Loop if cx > 0 
                                 
 02BC  59                       		pop	cx 
 02BD  5F                       		pop	di 
                                		retn 
 02BE  C3                     1                 db     0C3h
                                			                        ;* No entry point to code 
 02BF  80 20 08                 		and	byte ptr [bx+si],8 
 02C2  02 40 10                 		add	al,[bx+si+10h] 
 02C5  04 01                    		add	al,1 
 02C7  01 04                    		add	[si],ax 
 02C9  10 40 02                 		adc	[bx+si+2],al 
 02CC  08 20                    		or	[bx+si],ah 
 02CE  80 0E BF07 11            		or	byte ptr ds:data_50e,11h 
 02D3  45                       		inc	bp 
 02D4  33 C0                    		xor	ax,ax			; Zero register 
 02D6  B9 0640                  		mov	cx,640h 
 02D9  F3/ AB                   		rep	stosw			; Rep when cx >0 Store ax to es:[di] 
 02DB  BF 4511                  		mov	di,4511h 
 02DE                           loc_18: 
 02DE  AC                       		lodsb				; String [si] to al 
 02DF  3C FF                    		cmp	al,0FFh 
 02E1  75 01                    		jne	loc_19			; Jump if not equal 
                                		retn 
 02E3  C3                     1                 db     0C3h
 02E4                           loc_19: 
 02E4  2C 20                    		sub	al,20h			; ' ' 
 02E6  73 01                    		jnc	loc_20			; Jump if carry=0 
                                		retn 
 02E8  C3                     1                 db     0C3h
 02E9                           loc_20: 
 02E9  74 39                    		jz	loc_22			; Jump if zero 
 02EB  56                       		push	si 
 02EC  57                       		push	di 
 02ED  32 E4                    		xor	ah,ah			; Zero register 
 02EF  03 C0                    		add	ax,ax 
 02F1  03 C0                    		add	ax,ax 
 02F3  03 C0                    		add	ax,ax 
 02F5  03 06 F500               		add	ax,ds:data_51e 
 02F9  8B F0                    		mov	si,ax 
 02FB  B9 0008                  		mov	cx,8 
                                 
 02FE                           locloop_21: 
 02FE  51                       		push	cx 
 02FF  AC                       		lodsb				; String [si] to al 
 0300  E8 0329 R                		call	sub_2 
Microsoft (R) Macro Assembler  Version 4.00                 3/29/26 15:12:34

                                                            Page     1-12
                                                            

 0303  26: 89 15                		mov	es:[di],dx 
 0306  E8 0329 R                		call	sub_2 
 0309  26: 89 55 02             		mov	es:[di+2],dx 
 030D  E8 0329 R                		call	sub_2 
 0310  26: 89 55 04             		mov	es:[di+4],dx 
 0314  E8 0329 R                		call	sub_2 
 0317  26: 89 55 06             		mov	es:[di+6],dx 
 031B  81 C7 0140               		add	di,140h 
 031F  59                       		pop	cx 
 0320  E2 DC                    		loop	locloop_21		; Loop if cx > 0 
                                 
 0322  5F                       		pop	di 
 0323  5E                       		pop	si 
 0324                           loc_22: 
 0324  83 C7 08                 		add	di,8 
 0327  EB B5                    		jmp	short loc_18 
                                 
                                ;ﬂﬂﬂﬂﬂﬂﬂﬂﬂﬂﬂﬂﬂﬂﬂﬂﬂﬂﬂﬂﬂﬂﬂﬂﬂﬂﬂﬂﬂﬂﬂﬂﬂﬂﬂﬂﬂﬂﬂﬂﬂﬂﬂﬂﬂﬂﬂﬂﬂﬂﬂﬂﬂﬂﬂﬂﬂﬂﬂﬂﬂﬂﬂﬂﬂﬂﬂﬂﬂﬂﬂﬂﬂﬂ 
                                ;                              SUBROUTINE 
                                ;‹‹‹‹‹‹‹‹‹‹‹‹‹‹‹‹‹‹‹‹‹‹‹‹‹‹‹‹‹‹‹‹‹‹‹‹‹‹‹‹‹‹‹‹‹‹‹‹‹‹‹‹‹‹‹‹‹‹‹‹‹‹‹‹‹‹‹‹‹‹‹‹‹‹ 
                                 
 0329                           sub_2		proc	near 
 0329  02 C0                    		add	al,al 
 032B  1A D2                    		sbb	dl,dl 
 032D  02 C0                    		add	al,al 
 032F  1A F6                    		sbb	dh,dh 
                                		retn 
 0331  C3                     1                 db     0C3h
                                sub_2		endp 
                                 
                                			                        ;* No entry point to code 
 0332  1E                       		push	ds 
 0333  51                       		push	cx 
 0334  53                       		push	bx 
 0335  B2 A0                    		mov	dl,0A0h 
 0337  F6 E2                    		mul	dl			; ax = reg * al 
 0339  03 C0                    		add	ax,ax 
 033B  05 4511                  		add	ax,4511h 
 033E  8B F0                    		mov	si,ax 
 0340  02 CB                    		add	cl,bl 
 0342  B0 A0                    		mov	al,0A0h 
 0344  F6 E1                    		mul	cl			; ax = reg * al 
 0346  03 C0                    		add	ax,ax 
 0348  05 0000                  		add	ax,0 
 034B  50                       		push	ax 
 034C  56                       		push	si 
 034D  8C C8                    		mov	ax,cs 
 034F  05 2000                  		add	ax,2000h 
 0352  8E D8                    		mov	ds,ax 
 0354  1E                       		push	ds 
 0355  07                       		pop	es 
 0356  BF 0000                  		mov	di,data_54e 
 0359  BE 0140                  		mov	si,data_55e 
 035C  B9 7F60                  		mov	cx,7F60h 
 035F  F3/ A5                   		rep	movsw			; Rep when cx >0 Mov [si] to es:[di] 
Microsoft (R) Macro Assembler  Version 4.00                 3/29/26 15:12:34

                                                            Page     1-13
                                                            

 0361  5E                       		pop	si 
 0362  5F                       		pop	di 
 0363  0E                       		push	cs 
 0364  1F                       		pop	ds 
 0365  B9 00A0                  		mov	cx,0A0h 
 0368  F3/ A5                   		rep	movsw			; Rep when cx >0 Mov [si] to es:[di] 
 036A  5B                       		pop	bx 
 036B  53                       		push	bx 
 036C  E8 14E9 R                		call	sub_22 
 036F  8B F8                    		mov	di,ax 
 0371  5B                       		pop	bx 
 0372  B0 A0                    		mov	al,0A0h 
 0374  F6 E3                    		mul	bl			; ax = reg * al 
 0376  03 C0                    		add	ax,ax 
 0378  8A DF                    		mov	bl,bh 
 037A  32 FF                    		xor	bh,bh			; Zero register 
 037C  03 DB                    		add	bx,bx 
 037E  03 DB                    		add	bx,bx 
 0380  03 C3                    		add	ax,bx 
 0382  8B F0                    		mov	si,ax 
 0384  83 C6 00                 		add	si,0 
 0387  8C C8                    		mov	ax,cs 
 0389  05 2000                  		add	ax,2000h 
 038C  8E D8                    		mov	ds,ax 
 038E  B8 A000                  		mov	ax,0A000h 
 0391  8E C0                    		mov	es,ax 
 0393  59                       		pop	cx 
 0394  BA 9999                  		mov	dx,9999h 
 0397  BD 6666                  		mov	bp,data_48e 
 039A  33 DB                    		xor	bx,bx			; Zero register 
 039C  8A DD                    		mov	bl,ch 
 039E  03 DB                    		add	bx,bx 
 03A0  32 ED                    		xor	ch,ch			; Zero register 
                                 
 03A2                           locloop_23: 
 03A2  51                       		push	cx 
 03A3  57                       		push	di 
 03A4  8B CB                    		mov	cx,bx 
                                 
 03A6                           locloop_24: 
 03A6  26: 21 15                		and	es:[di],dx 
 03A9  AD                       		lodsw				; String [si] to ax 
 03AA  23 C5                    		and	ax,bp 
 03AC  26: 09 05                		or	es:[di],ax 
 03AF  47                       		inc	di 
 03B0  47                       		inc	di 
 03B1  E2 F3                    		loop	locloop_24		; Loop if cx > 0 
                                 
 03B3  5F                       		pop	di 
 03B4  81 C7 0140               		add	di,140h 
 03B8  59                       		pop	cx 
 03B9  E2 E7                    		loop	locloop_23		; Loop if cx > 0 
                                 
 03BB  1F                       		pop	ds 
                                		retn 
Microsoft (R) Macro Assembler  Version 4.00                 3/29/26 15:12:34

                                                            Page     1-14
                                                            

 03BC  C3                     1                 db     0C3h
 03BD                           loc_25: 
 03BD  1E                       		push	ds 
 03BE  50                       		push	ax 
 03BF  53                       		push	bx 
 03C0  51                       		push	cx 
 03C1  8A C5                    		mov	al,ch 
 03C3  F6 E1                    		mul	cl			; ax = reg * al 
 03C5  8B E8                    		mov	bp,ax 
 03C7  06                       		push	es 
 03C8  1F                       		pop	ds 
 03C9  8B F7                    		mov	si,di 
 03CB  8C C8                    		mov	ax,cs 
 03CD  05 3000                  		add	ax,3000h 
 03D0  8E C0                    		mov	es,ax 
 03D2  BF 0000                  		mov	di,0 
 03D5  2E: C7 06 4501 0000      		mov	word ptr cs:data_36e,0 
 03DC  8B CD                    		mov	cx,bp 
 03DE  D1 E9                    		shr	cx,1			; Shift w/zeros fill 
                                 
 03E0                           locloop_26: 
 03E0  03 ED                    		add	bp,bp 
 03E2  3E: 8B 02                		mov	ax,ds:[bp+si] 
 03E5  86 E0                    		xchg	ah,al 
 03E7  2E: A3 44FF              		mov	cs:data_35e,ax 
 03EB  D1 ED                    		shr	bp,1			; Shift w/zeros fill 
 03ED  3E: 8B 02                		mov	ax,ds:[bp+si] 
 03F0  86 E0                    		xchg	ah,al 
 03F2  2E: A3 44FD              		mov	cs:data_34e,ax 
 03F6  AD                       		lodsw				; String [si] to ax 
 03F7  86 E0                    		xchg	ah,al 
 03F9  2E: A3 44FB              		mov	cs:data_33e,ax 
 03FD  E8 146F R                		call	sub_20 
 0400  AB                       		stosw				; Store ax to es:[di] 
 0401  E8 146F R                		call	sub_20 
 0404  AB                       		stosw				; Store ax to es:[di] 
 0405  E8 146F R                		call	sub_20 
 0408  AB                       		stosw				; Store ax to es:[di] 
 0409  E8 146F R                		call	sub_20 
 040C  AB                       		stosw				; Store ax to es:[di] 
 040D  E2 D1                    		loop	locloop_26		; Loop if cx > 0 
                                 
 040F  59                       		pop	cx 
 0410  5B                       		pop	bx 
 0411  58                       		pop	ax 
 0412  1F                       		pop	ds 
 0413                           loc_27: 
 0413  1E                       		push	ds 
 0414  E8 14E9 R                		call	sub_22 
 0417  8B F8                    		mov	di,ax 
 0419  BE 0000                  		mov	si,data_58e 
 041C  06                       		push	es 
 041D  1F                       		pop	ds 
 041E  B8 A000                  		mov	ax,0A000h 
 0421  8E C0                    		mov	es,ax 
Microsoft (R) Macro Assembler  Version 4.00                 3/29/26 15:12:34

                                                            Page     1-15
                                                            

 0423  33 DB                    		xor	bx,bx			; Zero register 
 0425  8A DD                    		mov	bl,ch 
 0427  03 DB                    		add	bx,bx 
 0429  03 DB                    		add	bx,bx 
 042B  32 ED                    		xor	ch,ch			; Zero register 
                                 
 042D                           locloop_28: 
 042D  51                       		push	cx 
 042E  57                       		push	di 
 042F  8B CB                    		mov	cx,bx 
 0431  F3/ A4                   		rep	movsb			; Rep when cx >0 Mov [si] to es:[di] 
 0433  5F                       		pop	di 
 0434  59                       		pop	cx 
 0435  81 C7 0140               		add	di,140h 
 0439  E2 F2                    		loop	locloop_28		; Loop if cx > 0 
                                 
 043B  1F                       		pop	ds 
                                		retn 
 043C  C3                     1                 db     0C3h
                                			                        ;* No entry point to code 
 043D  0E                       		push	cs 
 043E  07                       		pop	es 
 043F  BF A000                  		mov	di,data_49e 
 0442  33 D2                    		xor	dx,dx			; Zero register 
 0444  B9 0009                  		mov	cx,9 
                                 
 0447                           locloop_29: 
 0447  B0 01                    		mov	al,1 
 0449  AA                       		stosb				; Store al to es:[di] 
 044A  8B C2                    		mov	ax,dx 
 044C  AB                       		stosw				; Store ax to es:[di] 
 044D  A5                       		movsw				; Mov [si] to es:[di] 
 044E  AB                       		stosw				; Store ax to es:[di] 
 044F  B8 0101                  		mov	ax,101h 
 0452  AB                       		stosw				; Store ax to es:[di] 
 0453  A4                       		movsb				; Mov [si] to es:[di] 
 0454  A4                       		movsb				; Mov [si] to es:[di] 
 0455  32 C0                    		xor	al,al			; Zero register 
 0457  AA                       		stosb				; Store al to es:[di] 
 0458  AA                       		stosb				; Store al to es:[di] 
 0459  A4                       		movsb				; Mov [si] to es:[di] 
 045A  A4                       		movsb				; Mov [si] to es:[di] 
 045B  81 C2 0300               		add	dx,300h 
 045F  E2 E6                    		loop	locloop_29		; Loop if cx > 0 
                                 
 0461  C6 06 4505 00            		mov	byte ptr ds:data_38e,0 
 0466  C6 06 FF1A 00            		mov	byte ptr ds:data_52e,0 
 046B                           loc_30: 
 046B  BE A000                  		mov	si,data_49e 
 046E  B9 0009                  		mov	cx,9 
                                 
 0471                           locloop_31: 
 0471  51                       		push	cx 
 0472  F6 04 FF                 		test	byte ptr [si],0FFh 
 0475  74 5C                    		jz	loc_33			; Jump if zero 
Microsoft (R) Macro Assembler  Version 4.00                 3/29/26 15:12:34

                                                            Page     1-16
                                                            

 0477  8A 44 0D                 		mov	al,[si+0Dh] 
 047A  3A 44 0E                 		cmp	al,[si+0Eh] 
 047D  74 0C                    		je	loc_32			; Jump if equal 
 047F  FE 44 0C                 		inc	byte ptr [si+0Ch] 
 0482  F6 44 0C 01              		test	byte ptr [si+0Ch],1 
 0486  75 03                    		jnz	loc_32			; Jump if not zero 
 0488  FE 44 0D                 		inc	byte ptr [si+0Dh] 
 048B                           loc_32: 
 048B  33 DB                    		xor	bx,bx			; Zero register 
 048D  8A 5C 0D                 		mov	bl,[si+0Dh] 
 0490  03 DB                    		add	bx,bx 
 0492  03 DB                    		add	bx,bx 
 0494  8B 8F 3619               		mov	cx,ds:data_23e[bx] 
 0498  89 4C 07                 		mov	[si+7],cx 
 049B  8A 44 04                 		mov	al,[si+4] 
 049E  02 44 0A                 		add	al,[si+0Ah] 
 04A1  88 44 04                 		mov	[si+4],al 
 04A4  8A F8                    		mov	bh,al 
 04A6  8A 44 03                 		mov	al,[si+3] 
 04A9  02 44 09                 		add	al,[si+9] 
 04AC  88 44 03                 		mov	[si+3],al 
 04AF  8A D8                    		mov	bl,al 
 04B1  E8 14E9 R                		call	sub_22 
 04B4  89 44 05                 		mov	[si+5],ax 
 04B7  8B F8                    		mov	di,ax 
 04B9  8B 6C 01                 		mov	bp,[si+1] 
 04BC  1E                       		push	ds 
 04BD  56                       		push	si 
 04BE  B8 A000                  		mov	ax,0A000h 
 04C1  8E D8                    		mov	ds,ax 
 04C3  8C C8                    		mov	ax,cs 
 04C5  05 3000                  		add	ax,3000h 
 04C8  8E C0                    		mov	es,ax 
 04CA  8B F7                    		mov	si,di 
 04CC  8B FD                    		mov	di,bp 
 04CE  E8 059C R                		call	sub_3 
 04D1  5E                       		pop	si 
 04D2  1F                       		pop	ds 
 04D3                           loc_33: 
 04D3  59                       		pop	cx 
 04D4  83 C6 0F                 		add	si,0Fh 
 04D7  E2 98                    		loop	locloop_31		; Loop if cx > 0 
                                 
 04D9  BE A000                  		mov	si,data_49e 
 04DC  B9 0009                  		mov	cx,9 
                                 
 04DF                           locloop_34: 
 04DF  51                       		push	cx 
 04E0  56                       		push	si 
 04E1  A0 4505                  		mov	al,ds:data_38e 
 04E4  24 07                    		and	al,7 
 04E6  B4 03                    		mov	ah,3 
 04E8  F6 E4                    		mul	ah			; ax = reg * al 
 04EA  05 3637                  		add	ax,3637h 
 04ED  8B F0                    		mov	si,ax 
Microsoft (R) Macro Assembler  Version 4.00                 3/29/26 15:12:34

                                                            Page     1-17
                                                            

 04EF  AC                       		lodsb				; String [si] to al 
 04F0  A2 4289                  		mov	ds:data_28e,al 
 04F3  AC                       		lodsb				; String [si] to al 
 04F4  A2 428A                  		mov	ds:data_29e,al 
 04F7  AC                       		lodsb				; String [si] to al 
 04F8  A2 428B                  		mov	ds:data_30e,al 
 04FB  FE 06 4505               		inc	byte ptr ds:data_38e 
 04FF  33 C0                    		xor	ax,ax			; Zero register 
 0501  E8 1227 R                		call	sub_19 
 0504  5E                       		pop	si 
 0505  2E: F6 04 FF             		test	byte ptr cs:[si],0FFh 
 0509  74 39                    		jz	loc_35			; Jump if zero 
 050B  33 DB                    		xor	bx,bx			; Zero register 
 050D  8A 5C 0D                 		mov	bl,[si+0Dh] 
 0510  03 DB                    		add	bx,bx 
 0512  03 DB                    		add	bx,bx 
 0514  8B AF 3617               		mov	bp,ds:data_22e[bx] 
 0518  8B 4C 07                 		mov	cx,[si+7] 
 051B  8A 14                    		mov	dl,[si] 
 051D  C6 04 00                 		mov	byte ptr [si],0 
 0520  8B 44 03                 		mov	ax,[si+3] 
 0523  80 FC 4B                 		cmp	ah,4Bh			; 'K' 
 0526  73 1C                    		jae	loc_35			; Jump if above or = 
 0528  3C A0                    		cmp	al,0A0h 
 052A  73 18                    		jae	loc_35			; Jump if above or = 
 052C  88 14                    		mov	[si],dl 
 052E  8B 7C 05                 		mov	di,[si+5] 
 0531  1E                       		push	ds 
 0532  56                       		push	si 
 0533  B8 A000                  		mov	ax,0A000h 
 0536  8E C0                    		mov	es,ax 
 0538  2E: 8E 1E FF2C           		mov	ds,cs:data_53e 
 053D  8B F5                    		mov	si,bp 
 053F  E8 05D2 R                		call	sub_5 
 0542  5E                       		pop	si 
 0543  1F                       		pop	ds 
 0544                           loc_35: 
 0544  59                       		pop	cx 
 0545  83 C6 0F                 		add	si,0Fh 
 0548  E2 95                    		loop	locloop_34		; Loop if cx > 0 
                                 
 054A                           loc_36: 
 054A  2E: 80 3E FF1A 1E        		cmp	byte ptr cs:data_52e,1Eh 
 0550  72 F8                    		jb	loc_36			; Jump if below 
 0552  2E: C6 06 FF1A 00        		mov	byte ptr cs:data_52e,0 
 0558  BE A000                  		mov	si,data_49e 
 055B  B9 0009                  		mov	cx,9 
                                 
 055E                           locloop_37: 
 055E  51                       		push	cx 
 055F  8B 6C 01                 		mov	bp,[si+1] 
 0562  8B 7C 05                 		mov	di,[si+5] 
 0565  8B 4C 07                 		mov	cx,[si+7] 
 0568  1E                       		push	ds 
 0569  56                       		push	si 
Microsoft (R) Macro Assembler  Version 4.00                 3/29/26 15:12:34

                                                            Page     1-18
                                                            

 056A  B8 A000                  		mov	ax,0A000h 
 056D  8E C0                    		mov	es,ax 
 056F  8C C8                    		mov	ax,cs 
 0571  05 3000                  		add	ax,3000h 
 0574  8E D8                    		mov	ds,ax 
 0576  8B F5                    		mov	si,bp 
 0578  E8 05B7 R                		call	sub_4 
 057B  5E                       		pop	si 
 057C  1F                       		pop	ds 
 057D  59                       		pop	cx 
 057E  83 C6 0F                 		add	si,0Fh 
 0581  E2 DB                    		loop	locloop_37		; Loop if cx > 0 
                                 
 0583  BE A000                  		mov	si,data_49e 
 0586  B9 0009                  		mov	cx,9 
                                 
 0589                           locloop_38: 
 0589  F6 04 FF                 		test	byte ptr [si],0FFh 
 058C  74 03                    		jz	loc_39			; Jump if zero 
 058E  E9 046B R                		jmp	loc_30 
 0591                           loc_39: 
 0591  83 C6 0F                 		add	si,0Fh 
 0594  E2 F3                    		loop	locloop_38		; Loop if cx > 0 
                                 
 0596  B8 0002                  		mov	ax,2 
 0599  E9 1227 R                		jmp	loc_115 
                                 
                                ;ﬂﬂﬂﬂﬂﬂﬂﬂﬂﬂﬂﬂﬂﬂﬂﬂﬂﬂﬂﬂﬂﬂﬂﬂﬂﬂﬂﬂﬂﬂﬂﬂﬂﬂﬂﬂﬂﬂﬂﬂﬂﬂﬂﬂﬂﬂﬂﬂﬂﬂﬂﬂﬂﬂﬂﬂﬂﬂﬂﬂﬂﬂﬂﬂﬂﬂﬂﬂﬂﬂﬂﬂﬂﬂ 
                                ;                              SUBROUTINE 
                                ;‹‹‹‹‹‹‹‹‹‹‹‹‹‹‹‹‹‹‹‹‹‹‹‹‹‹‹‹‹‹‹‹‹‹‹‹‹‹‹‹‹‹‹‹‹‹‹‹‹‹‹‹‹‹‹‹‹‹‹‹‹‹‹‹‹‹‹‹‹‹‹‹‹‹ 
                                 
 059C                           sub_3		proc	near 
 059C  56                       		push	si 
 059D  51                       		push	cx 
 059E                           loc_40: 
 059E  56                       		push	si 
 059F  51                       		push	cx 
 05A0  8A CD                    		mov	cl,ch 
 05A2  32 ED                    		xor	ch,ch			; Zero register 
 05A4  03 C9                    		add	cx,cx 
 05A6  03 C9                    		add	cx,cx 
 05A8  F3/ A4                   		rep	movsb			; Rep when cx >0 Mov [si] to es:[di] 
 05AA  59                       		pop	cx 
 05AB  5E                       		pop	si 
 05AC  81 C6 0140               		add	si,140h 
 05B0  FE C9                    		dec	cl 
 05B2  75 EA                    		jnz	loc_40			; Jump if not zero 
 05B4  59                       		pop	cx 
 05B5  5E                       		pop	si 
                                		retn 
 05B6  C3                     1                 db     0C3h
                                sub_3		endp 
                                 
                                 
                                ;ﬂﬂﬂﬂﬂﬂﬂﬂﬂﬂﬂﬂﬂﬂﬂﬂﬂﬂﬂﬂﬂﬂﬂﬂﬂﬂﬂﬂﬂﬂﬂﬂﬂﬂﬂﬂﬂﬂﬂﬂﬂﬂﬂﬂﬂﬂﬂﬂﬂﬂﬂﬂﬂﬂﬂﬂﬂﬂﬂﬂﬂﬂﬂﬂﬂﬂﬂﬂﬂﬂﬂﬂﬂﬂ 
Microsoft (R) Macro Assembler  Version 4.00                 3/29/26 15:12:34

                                                            Page     1-19
                                                            

                                ;                              SUBROUTINE 
                                ;‹‹‹‹‹‹‹‹‹‹‹‹‹‹‹‹‹‹‹‹‹‹‹‹‹‹‹‹‹‹‹‹‹‹‹‹‹‹‹‹‹‹‹‹‹‹‹‹‹‹‹‹‹‹‹‹‹‹‹‹‹‹‹‹‹‹‹‹‹‹‹‹‹‹ 
                                 
 05B7                           sub_4		proc	near 
 05B7  57                       		push	di 
 05B8  51                       		push	cx 
 05B9                           loc_41: 
 05B9  57                       		push	di 
 05BA  51                       		push	cx 
 05BB  8A CD                    		mov	cl,ch 
 05BD  32 ED                    		xor	ch,ch			; Zero register 
 05BF  03 C9                    		add	cx,cx 
 05C1  03 C9                    		add	cx,cx 
 05C3  F3/ A4                   		rep	movsb			; Rep when cx >0 Mov [si] to es:[di] 
 05C5  59                       		pop	cx 
 05C6  5F                       		pop	di 
 05C7  81 C7 0140               		add	di,140h 
 05CB  FE C9                    		dec	cl 
 05CD  75 EA                    		jnz	loc_41			; Jump if not zero 
 05CF  59                       		pop	cx 
 05D0  5F                       		pop	di 
                                		retn 
 05D1  C3                     1                 db     0C3h
                                sub_4		endp 
                                 
                                 
                                ;ﬂﬂﬂﬂﬂﬂﬂﬂﬂﬂﬂﬂﬂﬂﬂﬂﬂﬂﬂﬂﬂﬂﬂﬂﬂﬂﬂﬂﬂﬂﬂﬂﬂﬂﬂﬂﬂﬂﬂﬂﬂﬂﬂﬂﬂﬂﬂﬂﬂﬂﬂﬂﬂﬂﬂﬂﬂﬂﬂﬂﬂﬂﬂﬂﬂﬂﬂﬂﬂﬂﬂﬂﬂﬂ 
                                ;                              SUBROUTINE 
                                ;‹‹‹‹‹‹‹‹‹‹‹‹‹‹‹‹‹‹‹‹‹‹‹‹‹‹‹‹‹‹‹‹‹‹‹‹‹‹‹‹‹‹‹‹‹‹‹‹‹‹‹‹‹‹‹‹‹‹‹‹‹‹‹‹‹‹‹‹‹‹‹‹‹‹ 
                                 
 05D2                           sub_5		proc	near 
 05D2  57                       		push	di 
 05D3  51                       		push	cx 
 05D4  8A C5                    		mov	al,ch 
 05D6  F6 E1                    		mul	cl			; ax = reg * al 
 05D8  8B D8                    		mov	bx,ax 
 05DA  2E: C7 06 4501 0000      		mov	word ptr cs:data_36e,0 
 05E1                           loc_42: 
 05E1  57                       		push	di 
 05E2  51                       		push	cx 
 05E3  8A CD                    		mov	cl,ch 
 05E5  32 ED                    		xor	ch,ch			; Zero register 
                                 
 05E7                           locloop_43: 
 05E7  32 C0                    		xor	al,al			; Zero register 
 05E9  8A 20                    		mov	ah,[bx+si] 
 05EB  2E: A3 44FD              		mov	cs:data_34e,ax 
 05EF  8A 24                    		mov	ah,[si] 
 05F1  2E: A3 44FB              		mov	cs:data_33e,ax 
 05F5  2E: A3 44FF              		mov	cs:data_35e,ax 
 05F9  46                       		inc	si 
 05FA  53                       		push	bx 
 05FB  E8 146F R                		call	sub_20 
 05FE  5B                       		pop	bx 
 05FF  26: 09 05                		or	es:[di],ax 
Microsoft (R) Macro Assembler  Version 4.00                 3/29/26 15:12:34

                                                            Page     1-20
                                                            

 0602  53                       		push	bx 
 0603  E8 146F R                		call	sub_20 
 0606  5B                       		pop	bx 
 0607  26: 09 45 02             		or	es:[di+2],ax 
 060B  83 C7 04                 		add	di,4 
 060E  E2 D7                    		loop	locloop_43		; Loop if cx > 0 
                                 
 0610  59                       		pop	cx 
 0611  5F                       		pop	di 
 0612  81 C7 0140               		add	di,140h 
 0616  FE C9                    		dec	cl 
 0618  75 C7                    		jnz	loc_42			; Jump if not zero 
 061A  59                       		pop	cx 
 061B  5F                       		pop	di 
                                		retn 
 061C  C3                     1                 db     0C3h
                                sub_5		endp 
                                 
 061D  00 90 20 06 80 91        		db	 00h, 90h, 20h, 06h, 80h, 91h 
 0623  20 06 00 93 20 06        		db	 20h, 06h, 00h, 93h, 20h, 06h 
 0629  80 94 20 06 00 96        		db	 80h, 94h, 20h, 06h, 00h, 96h 
 062F  18 04 C0 96 18 04        		db	 18h, 04h,0C0h, 96h, 18h, 04h 
 0635  80 97 18 04 40 98        		db	 80h, 97h, 18h, 04h, 40h, 98h 
 063B  18 04 1F 1F 00 0F        		db	 18h, 04h, 1Fh, 1Fh, 00h, 0Fh 
 0641  0F 00 1F 1F 1F 0F        		db	 0Fh, 00h, 1Fh, 1Fh, 1Fh, 0Fh 
 0647  0F 0F 1F 00 1F 0F        		db	 0Fh, 0Fh, 1Fh, 00h, 1Fh, 0Fh 
 064D  00 0F 1F 00 00 0F        		db	 00h, 0Fh, 1Fh, 00h, 00h, 0Fh 
 0653  00 00 1E 53 32 E4        		db	 00h, 00h, 1Eh, 53h, 32h,0E4h 
 0659  BA C0 0C F7 E2 05        		db	0BAh,0C0h, 0Ch,0F7h,0E2h, 05h 
 065F  40 AB                    		db	 40h,0ABh 
 0661  2E                       		db	2Eh 
 0662  1E8E                     data_4		dw	1E8Eh			; Data table (indexed access) 
 0664  2C FF 8B F0 8C C8        		db	 2Ch,0FFh, 8Bh,0F0h, 8Ch,0C8h 
 066A  05 00 30 8E C0 BF        		db	 05h, 00h, 30h, 8Eh,0C0h,0BFh 
 0670  00 00 2E C7 06 01        		db	 00h, 00h, 2Eh,0C7h, 06h, 01h 
 0676  45 00 00 2E C7 06        		db	 45h, 00h, 00h, 2Eh,0C7h, 06h 
 067C  FF 44 00 00 B9 30        		db	0FFh, 44h, 00h, 00h,0B9h, 30h 
 0682  03                       		db	 03h 
                                 
 0683                           locloop_44: 
 0683  8B 84 0662 R             		mov	ax,data_4[si] 
 0687  86 E0                    		xchg	ah,al 
 0689  2E: A3 44FB              		mov	cs:data_33e,ax 
 068D  AD                       		lodsw				; String [si] to ax 
 068E  86 E0                    		xchg	ah,al 
 0690  2E: A3 44FD              		mov	cs:data_34e,ax 
 0694  E8 146F R                		call	sub_20 
 0697  AB                       		stosw				; Store ax to es:[di] 
 0698  E8 146F R                		call	sub_20 
 069B  AB                       		stosw				; Store ax to es:[di] 
 069C  E8 146F R                		call	sub_20 
 069F  AB                       		stosw				; Store ax to es:[di] 
 06A0  E8 146F R                		call	sub_20 
 06A3  AB                       		stosw				; Store ax to es:[di] 
 06A4  E2 DD                    		loop	locloop_44		; Loop if cx > 0 
Microsoft (R) Macro Assembler  Version 4.00                 3/29/26 15:12:34

                                                            Page     1-21
                                                            

                                 
 06A6  5B                       		pop	bx 
 06A7  1F                       		pop	ds 
 06A8  BF 0000                  		mov	di,0 
 06AB  B9 2230                  		mov	cx,2230h 
 06AE  E9 0413 R                		jmp	loc_27 
                                			                        ;* No entry point to code 
 06B1  1E                       		push	ds 
 06B2  53                       		push	bx 
 06B3  32 E4                    		xor	ah,ah			; Zero register 
 06B5  BA 0480                  		mov	dx,480h 
 06B8  F7 E2                    		mul	dx			; dx:ax = reg * ax 
 06BA  05 97C0                  		add	ax,97C0h 
 06BD  2E: 8E 1E FF2C           		mov	ds,cs:data_53e 
 06C2  8B F0                    		mov	si,ax 
 06C4  8C C8                    		mov	ax,cs 
 06C6  05 3000                  		add	ax,3000h 
 06C9  8E C0                    		mov	es,ax 
 06CB  BF 0000                  		mov	di,0 
 06CE  2E: C7 06 4501 0000      		mov	word ptr cs:data_36e,0 
 06D5  2E: C7 06 44FF 0000      		mov	word ptr cs:data_35e,0 
 06DC  B9 0120                  		mov	cx,120h 
                                 
 06DF                           locloop_45: 
 06DF  8B 84 0240               		mov	ax,ds:data_1e[si] 
 06E3  86 E0                    		xchg	ah,al 
 06E5  2E: A3 44FD              		mov	cs:data_34e,ax 
 06E9  AD                       		lodsw				; String [si] to ax 
 06EA  86 E0                    		xchg	ah,al 
 06EC  2E: A3 44FB              		mov	cs:data_33e,ax 
 06F0  E8 146F R                		call	sub_20 
 06F3  AB                       		stosw				; Store ax to es:[di] 
 06F4  E8 146F R                		call	sub_20 
 06F7  AB                       		stosw				; Store ax to es:[di] 
 06F8  E8 146F R                		call	sub_20 
 06FB  AB                       		stosw				; Store ax to es:[di] 
 06FC  E8 146F R                		call	sub_20 
 06FF  AB                       		stosw				; Store ax to es:[di] 
 0700  E2 DD                    		loop	locloop_45		; Loop if cx > 0 
                                 
 0702  5B                       		pop	bx 
 0703  1F                       		pop	ds 
 0704  BF 0000                  		mov	di,data_59e 
 0707  B9 1220                  		mov	cx,1220h 
 070A  E9 0413 R                		jmp	loc_27 
                                			                        ;* No entry point to code 
 070D  B8 A000                  		mov	ax,0A000h 
 0710  8E C0                    		mov	es,ax 
 0712  33 FF                    		xor	di,di			; Zero register 
 0714  B9 0064                  		mov	cx,64h 
                                 
 0717                           locloop_46: 
 0717  51                       		push	cx 
 0718  57                       		push	di 
 0719  B8 1000                  		mov	ax,1000h 
Microsoft (R) Macro Assembler  Version 4.00                 3/29/26 15:12:34

                                                            Page     1-22
                                                            

 071C  B9 00A0                  		mov	cx,0A0h 
 071F  F3/ AB                   		rep	stosw			; Rep when cx >0 Store ax to es:[di] 
 0721  5F                       		pop	di 
 0722  81 C7 0140               		add	di,data_60e 
 0726  57                       		push	di 
 0727  B8 0010                  		mov	ax,10h 
 072A  B9 00A0                  		mov	cx,0A0h 
 072D  F3/ AB                   		rep	stosw			; Rep when cx >0 Store ax to es:[di] 
 072F  5F                       		pop	di 
 0730  81 C7 0140               		add	di,140h 
 0734  59                       		pop	cx 
 0735  E2 E0                    		loop	locloop_46		; Loop if cx > 0 
                                 
                                		retn 
 0737  C3                     1                 db     0C3h
 0738  33 DB B9 19 00           		db	 33h,0DBh,0B9h, 19h, 00h 
                                 
 073D                           locloop_47: 
 073D  51                       		push	cx 
 073E  B9 0022                  		mov	cx,22h 
                                 
 0741                           locloop_48: 
 0741  51                       		push	cx 
 0742  AC                       		lodsb				; String [si] to al 
 0743  53                       		push	bx 
 0744  1E                       		push	ds 
 0745  56                       		push	si 
 0746  E8 0759 R                		call	sub_6 
 0749  5E                       		pop	si 
 074A  1F                       		pop	ds 
 074B  5B                       		pop	bx 
 074C  FE C7                    		inc	bh 
 074E  59                       		pop	cx 
 074F  E2 F0                    		loop	locloop_48		; Loop if cx > 0 
                                 
 0751  32 FF                    		xor	bh,bh			; Zero register 
 0753  FE C3                    		inc	bl 
 0755  59                       		pop	cx 
 0756  E2 E5                    		loop	locloop_47		; Loop if cx > 0 
                                 
                                		retn 
 0758  C3                     1                 db     0C3h
                                 
                                ;ﬂﬂﬂﬂﬂﬂﬂﬂﬂﬂﬂﬂﬂﬂﬂﬂﬂﬂﬂﬂﬂﬂﬂﬂﬂﬂﬂﬂﬂﬂﬂﬂﬂﬂﬂﬂﬂﬂﬂﬂﬂﬂﬂﬂﬂﬂﬂﬂﬂﬂﬂﬂﬂﬂﬂﬂﬂﬂﬂﬂﬂﬂﬂﬂﬂﬂﬂﬂﬂﬂﬂﬂﬂﬂ 
                                ;                              SUBROUTINE 
                                ;‹‹‹‹‹‹‹‹‹‹‹‹‹‹‹‹‹‹‹‹‹‹‹‹‹‹‹‹‹‹‹‹‹‹‹‹‹‹‹‹‹‹‹‹‹‹‹‹‹‹‹‹‹‹‹‹‹‹‹‹‹‹‹‹‹‹‹‹‹‹‹‹‹‹ 
                                 
 0759                           sub_6		proc	near 
 0759  2E: 8E 1E FF2C           		mov	ds,cs:data_53e 
 075E  8C CA                    		mov	dx,cs 
 0760  81 C2 2000               		add	dx,2000h 
 0764  8E C2                    		mov	es,dx 
 0766  32 E4                    		xor	ah,ah			; Zero register 
 0768                           loc_49: 
 0768  2C 28                    		sub	al,28h			; '(' 
Microsoft (R) Macro Assembler  Version 4.00                 3/29/26 15:12:34

                                                            Page     1-23
                                                            

 076A  72 04                    		jc	loc_50			; Jump if carry Set 
 076C  FE C4                    		inc	ah 
 076E  EB F8                    		jmp	short loc_49 
 0770                           loc_50: 
 0770  04 28                    		add	al,28h			; '(' 
 0772  8A C8                    		mov	cl,al 
 0774  8A C4                    		mov	al,ah 
 0776  32 E4                    		xor	ah,ah			; Zero register 
 0778  BA 0140                  		mov	dx,140h 
 077B  F7 E2                    		mul	dx			; dx:ax = reg * ax 
 077D  32 ED                    		xor	ch,ch			; Zero register 
 077F  03 C1                    		add	ax,cx 
 0781  05 4000                  		add	ax,4000h 
 0784  50                       		push	ax 
 0785  8B D3                    		mov	dx,bx 
 0787  32 F6                    		xor	dh,dh			; Zero register 
 0789  B8 0110                  		mov	ax,110h 
 078C  F7 E2                    		mul	dx			; dx:ax = reg * ax 
 078E  8A D7                    		mov	dl,bh 
 0790  32 F6                    		xor	dh,dh			; Zero register 
 0792  03 C2                    		add	ax,dx 
 0794  05 0000                  		add	ax,0 
 0797  8B F8                    		mov	di,ax 
 0799  5E                       		pop	si 
 079A  B9 0003                  		mov	cx,3 
                                 
 079D                           locloop_51: 
 079D  51                       		push	cx 
 079E  57                       		push	di 
 079F  56                       		push	si 
 07A0  B9 0008                  		mov	cx,8 
                                 
 07A3                           locloop_52: 
 07A3  A4                       		movsb				; Mov [si] to es:[di] 
 07A4  83 C7 21                 		add	di,21h 
 07A7  83 C6 27                 		add	si,27h 
 07AA  E2 F7                    		loop	locloop_52		; Loop if cx > 0 
                                 
 07AC  5E                       		pop	si 
 07AD  5F                       		pop	di 
 07AE  81 C7 1A90               		add	di,1A90h 
 07B2  81 C6 0640               		add	si,640h 
 07B6  59                       		pop	cx 
 07B7  E2 E4                    		loop	locloop_51		; Loop if cx > 0 
                                 
                                		retn 
 07B9  C3                     1                 db     0C3h
                                sub_6		endp 
                                 
                                			                        ;* No entry point to code 
 07BA  1E                       		push	ds 
 07BB  8C CA                    		mov	dx,cs 
 07BD  8E C2                    		mov	es,dx 
 07BF  81 C2 2000               		add	dx,2000h 
 07C3  8E DA                    		mov	ds,dx 
Microsoft (R) Macro Assembler  Version 4.00                 3/29/26 15:12:34

                                                            Page     1-24
                                                            

 07C5  50                       		push	ax 
 07C6  B2 22                    		mov	dl,22h			; '"' 
 07C8  F6 E2                    		mul	dl			; ax = reg * al 
 07CA  05 0000                  		add	ax,0 
 07CD  8B F0                    		mov	si,ax 
 07CF  56                       		push	si 
 07D0  BF 5191                  		mov	di,data_46e 
 07D3  B9 0022                  		mov	cx,22h 
 07D6  F3/ A4                   		rep	movsb			; Rep when cx >0 Mov [si] to es:[di] 
 07D8  81 C6 1A6E               		add	si,data_56e 
 07DC  B9 0022                  		mov	cx,22h 
 07DF  F3/ A4                   		rep	movsb			; Rep when cx >0 Mov [si] to es:[di] 
 07E1  BF 5191                  		mov	di,data_46e 
 07E4  B9 0044                  		mov	cx,44h 
                                 
 07E7                           locloop_53: 
 07E7  26: 8A 05                		mov	al,es:[di] 
 07EA  BA 0008                  		mov	dx,8 
 07ED                           loc_54: 
 07ED  D0 C8                    		ror	al,1			; Rotate 
 07EF  12 E4                    		adc	ah,ah 
 07F1  4A                       		dec	dx 
 07F2  75 F9                    		jnz	loc_54			; Jump if not zero 
 07F4  26: 88 25                		mov	es:[di],ah 
 07F7  47                       		inc	di 
 07F8  E2 ED                    		loop	locloop_53		; Loop if cx > 0 
                                 
 07FA  5E                       		pop	si 
 07FB  58                       		pop	ax 
 07FC  8A D8                    		mov	bl,al 
 07FE  32 FF                    		xor	bh,bh			; Zero register 
 0800  E8 14E9 R                		call	sub_22 
 0803  8B F8                    		mov	di,ax 
 0805  B8 A000                  		mov	ax,0A000h 
 0808  8E C0                    		mov	es,ax 
 080A  57                       		push	di 
 080B  B9 0011                  		mov	cx,11h 
                                 
 080E                           locloop_55: 
 080E  51                       		push	cx 
 080F  AD                       		lodsw				; String [si] to ax 
 0810  86 E0                    		xchg	ah,al 
 0812  8B 9C 1A8E               		mov	bx,ds:data_57e[si] 
 0816  86 FB                    		xchg	bh,bl 
 0818  8B D0                    		mov	dx,ax 
 081A  23 D3                    		and	dx,bx 
 081C  2E: 89 16 44FB           		mov	cs:data_33e,dx 
 0821  0B D3                    		or	dx,bx 
 0823  2E: 89 16 44FD           		mov	cs:data_34e,dx 
 0828  2E: 89 16 44FF           		mov	cs:data_35e,dx 
 082D  2E: 89 16 4501           		mov	cs:data_36e,dx 
 0832  0B C3                    		or	ax,bx 
 0834  F7 D0                    		not	ax 
 0836  2E: A3 4503              		mov	cs:data_37e,ax 
 083A  E8 14B1 R                		call	sub_21 
Microsoft (R) Macro Assembler  Version 4.00                 3/29/26 15:12:34

                                                            Page     1-25
                                                            

 083D  26: 21 05                		and	es:[di],ax 
 0840  E8 146F R                		call	sub_20 
 0843  26: 09 05                		or	es:[di],ax 
 0846  E8 14B1 R                		call	sub_21 
 0849  26: 21 45 02             		and	es:[di+2],ax 
 084D  E8 146F R                		call	sub_20 
 0850  26: 09 45 02             		or	es:[di+2],ax 
 0854  E8 14B1 R                		call	sub_21 
 0857  26: 21 45 04             		and	es:[di+4],ax 
 085B  E8 146F R                		call	sub_20 
 085E  26: 09 45 04             		or	es:[di+4],ax 
 0862  E8 14B1 R                		call	sub_21 
 0865  26: 21 45 06             		and	es:[di+6],ax 
 0869  E8 146F R                		call	sub_20 
 086C  26: 09 45 06             		or	es:[di+6],ax 
 0870  83 C7 08                 		add	di,8 
 0873  59                       		pop	cx 
 0874  E2 98                    		loop	locloop_55		; Loop if cx > 0 
                                 
 0876  5F                       		pop	di 
 0877  81 C7 0138               		add	di,138h 
 087B  0E                       		push	cs 
 087C  1F                       		pop	ds 
 087D  BE 5191                  		mov	si,data_46e 
 0880  B9 0011                  		mov	cx,11h 
                                 
 0883                           locloop_56: 
 0883  51                       		push	cx 
 0884  AD                       		lodsw				; String [si] to ax 
 0885  86 E0                    		xchg	ah,al 
 0887  8B 5C 20                 		mov	bx,[si+20h] 
 088A  86 FB                    		xchg	bh,bl 
 088C  8B D0                    		mov	dx,ax 
 088E  23 D3                    		and	dx,bx 
 0890  2E: 89 16 44FB           		mov	cs:data_33e,dx 
 0895  0B D3                    		or	dx,bx 
 0897  2E: 89 16 44FD           		mov	cs:data_34e,dx 
 089C  2E: 89 16 44FF           		mov	cs:data_35e,dx 
 08A1  2E: 89 16 4501           		mov	cs:data_36e,dx 
 08A6  0B C3                    		or	ax,bx 
 08A8  F7 D0                    		not	ax 
 08AA  2E: A3 4503              		mov	cs:data_37e,ax 
 08AE  E8 14B1 R                		call	sub_21 
 08B1  26: 21 45 04             		and	es:[di+4],ax 
 08B5  E8 146F R                		call	sub_20 
 08B8  26: 09 45 04             		or	es:[di+4],ax 
 08BC  E8 14B1 R                		call	sub_21 
 08BF  26: 21 45 06             		and	es:[di+6],ax 
 08C3  E8 146F R                		call	sub_20 
 08C6  26: 09 45 06             		or	es:[di+6],ax 
 08CA  E8 14B1 R                		call	sub_21 
 08CD  26: 21 05                		and	es:[di],ax 
 08D0  E8 146F R                		call	sub_20 
 08D3  26: 09 05                		or	es:[di],ax 
 08D6  E8 14B1 R                		call	sub_21 
Microsoft (R) Macro Assembler  Version 4.00                 3/29/26 15:12:34

                                                            Page     1-26
                                                            

 08D9  26: 21 45 02             		and	es:[di+2],ax 
 08DD  E8 146F R                		call	sub_20 
 08E0  26: 09 45 02             		or	es:[di+2],ax 
 08E4  83 EF 08                 		sub	di,8 
 08E7  59                       		pop	cx 
 08E8  E2 99                    		loop	locloop_56		; Loop if cx > 0 
                                 
 08EA  1F                       		pop	ds 
                                		retn 
 08EB  C3                     1                 db     0C3h
                                			                        ;* No entry point to code 
 08EC  8B D8                    		mov	bx,ax 
 08EE  03 DB                    		add	bx,bx 
 08F0  8A 87 3C16               		mov	al,ds:data_26e[bx] 
 08F4  A2 4506                  		mov	ds:data_39e,al 
 08F7  8A 87 3C17               		mov	al,ds:data_27e[bx] 
 08FB  A2 4505                  		mov	ds:data_38e,al 
 08FE  B8 A000                  		mov	ax,0A000h 
 0901  8E C0                    		mov	es,ax 
 0903  BF 1410                  		mov	di,1410h 
 0906  BE 3B1F                  		mov	si,data_24e 
 0909                           loc_57: 
 0909  AC                       		lodsb				; String [si] to al 
 090A  0A C0                    		or	al,al			; Zero ? 
 090C  74 09                    		jz	loc_58			; Jump if zero 
 090E  E8 09CA R                		call	sub_7 
 0911  81 C7 0500               		add	di,500h 
 0915  EB F2                    		jmp	short loc_57 
 0917                           loc_58: 
 0917  81 C7 FB04               		add	di,0FB04h 
 091B                           loc_59: 
 091B  AC                       		lodsb				; String [si] to al 
 091C  0A C0                    		or	al,al			; Zero ? 
 091E  74 08                    		jz	loc_60			; Jump if zero 
 0920  E8 09CA R                		call	sub_7 
 0923  83 C7 04                 		add	di,4 
 0926  EB F3                    		jmp	short loc_59 
 0928                           loc_60: 
 0928  81 C7 FAFC               		add	di,0FAFCh 
 092C                           loc_61: 
 092C  AC                       		lodsb				; String [si] to al 
 092D  0A C0                    		or	al,al			; Zero ? 
 092F  74 09                    		jz	loc_62			; Jump if zero 
 0931  E8 09CA R                		call	sub_7 
 0934  81 C7 FB00               		add	di,0FB00h 
 0938  EB F2                    		jmp	short loc_61 
 093A                           loc_62: 
 093A  81 C7 04FC               		add	di,4FCh 
 093E                           loc_63: 
 093E  AC                       		lodsb				; String [si] to al 
 093F  0A C0                    		or	al,al			; Zero ? 
 0941  74 08                    		jz	loc_64			; Jump if zero 
 0943  E8 09CA R                		call	sub_7 
 0946  83 EF 04                 		sub	di,4 
 0949  EB F3                    		jmp	short loc_63 
Microsoft (R) Macro Assembler  Version 4.00                 3/29/26 15:12:34

                                                            Page     1-27
                                                            

 094B                           loc_64: 
 094B  81 C7 0504               		add	di,504h 
 094F  BE 3BE3                  		mov	si,data_25e 
 0952                           loc_65: 
 0952  2E: C6 06 FF1A 00        		mov	byte ptr cs:data_52e,0 
 0958  AC                       		lodsb				; String [si] to al 
 0959  0A C0                    		or	al,al			; Zero ? 
 095B  75 01                    		jnz	loc_66			; Jump if not zero 
                                		retn 
 095D  C3                     1                 db     0C3h
 095E                           loc_66: 
 095E  33 C9                    		xor	cx,cx			; Zero register 
 0960  8A C8                    		mov	cl,al 
                                 
 0962                           locloop_67: 
 0962  51                       		push	cx 
 0963  B0 18                    		mov	al,18h 
 0965  E8 09CA R                		call	sub_7 
 0968  81 C7 0500               		add	di,500h 
 096C  59                       		pop	cx 
 096D  E2 F3                    		loop	locloop_67		; Loop if cx > 0 
                                 
 096F  81 C7 FB00               		add	di,0FB00h 
 0973  AC                       		lodsb				; String [si] to al 
 0974  0A C0                    		or	al,al			; Zero ? 
 0976  75 01                    		jnz	loc_68			; Jump if not zero 
                                		retn 
 0978  C3                     1                 db     0C3h
 0979                           loc_68: 
 0979  33 C9                    		xor	cx,cx			; Zero register 
 097B  8A C8                    		mov	cl,al 
                                 
 097D                           locloop_69: 
 097D  51                       		push	cx 
 097E  B0 18                    		mov	al,18h 
 0980  E8 09CA R                		call	sub_7 
 0983  83 C7 04                 		add	di,4 
 0986  59                       		pop	cx 
 0987  E2 F4                    		loop	locloop_69		; Loop if cx > 0 
                                 
 0989  83 EF 04                 		sub	di,4 
 098C  AC                       		lodsb				; String [si] to al 
 098D  0A C0                    		or	al,al			; Zero ? 
 098F  75 01                    		jnz	loc_70			; Jump if not zero 
                                		retn 
 0991  C3                     1                 db     0C3h
 0992                           loc_70: 
 0992  33 C9                    		xor	cx,cx			; Zero register 
 0994  8A C8                    		mov	cl,al 
                                 
 0996                           locloop_71: 
 0996  51                       		push	cx 
 0997  B0 18                    		mov	al,18h 
 0999  E8 09CA R                		call	sub_7 
 099C  81 C7 FB00               		add	di,0FB00h 
Microsoft (R) Macro Assembler  Version 4.00                 3/29/26 15:12:34

                                                            Page     1-28
                                                            

 09A0  59                       		pop	cx 
 09A1  E2 F3                    		loop	locloop_71		; Loop if cx > 0 
                                 
 09A3  81 C7 0500               		add	di,500h 
 09A7  AC                       		lodsb				; String [si] to al 
 09A8  0A C0                    		or	al,al			; Zero ? 
 09AA  75 01                    		jnz	loc_72			; Jump if not zero 
                                		retn 
 09AC  C3                     1                 db     0C3h
 09AD                           loc_72: 
 09AD  33 C9                    		xor	cx,cx			; Zero register 
 09AF  8A C8                    		mov	cl,al 
                                 
 09B1                           locloop_73: 
 09B1  51                       		push	cx 
 09B2  B0 18                    		mov	al,18h 
 09B4  E8 09CA R                		call	sub_7 
 09B7  83 EF 04                 		sub	di,4 
 09BA  59                       		pop	cx 
 09BB  E2 F4                    		loop	locloop_73		; Loop if cx > 0 
                                 
 09BD  83 C7 04                 		add	di,4 
 09C0                           loc_74: 
 09C0  2E: 80 3E FF1A 0C        		cmp	byte ptr cs:data_52e,0Ch 
 09C6  72 F8                    		jb	loc_74			; Jump if below 
 09C8  EB 88                    		jmp	short loc_65 
                                 
                                ;ﬂﬂﬂﬂﬂﬂﬂﬂﬂﬂﬂﬂﬂﬂﬂﬂﬂﬂﬂﬂﬂﬂﬂﬂﬂﬂﬂﬂﬂﬂﬂﬂﬂﬂﬂﬂﬂﬂﬂﬂﬂﬂﬂﬂﬂﬂﬂﬂﬂﬂﬂﬂﬂﬂﬂﬂﬂﬂﬂﬂﬂﬂﬂﬂﬂﬂﬂﬂﬂﬂﬂﬂﬂﬂ 
                                ;                              SUBROUTINE 
                                ;‹‹‹‹‹‹‹‹‹‹‹‹‹‹‹‹‹‹‹‹‹‹‹‹‹‹‹‹‹‹‹‹‹‹‹‹‹‹‹‹‹‹‹‹‹‹‹‹‹‹‹‹‹‹‹‹‹‹‹‹‹‹‹‹‹‹‹‹‹‹‹‹‹‹ 
                                 
 09CA                           sub_7		proc	near 
 09CA  56                       		push	si 
 09CB  FE C8                    		dec	al 
 09CD  32 E4                    		xor	ah,ah			; Zero register 
 09CF  03 C0                    		add	ax,ax 
 09D1  03 C0                    		add	ax,ax 
 09D3  03 C0                    		add	ax,ax 
 09D5  05 3A5F                  		add	ax,3A5Fh 
 09D8  8B F0                    		mov	si,ax 
 09DA  57                       		push	di 
 09DB  2E: 8A 3E 4505           		mov	bh,cs:data_38e 
 09E0  E8 0A2E R                		call	sub_8 
 09E3  E8 146F R                		call	sub_20 
 09E6  AB                       		stosw				; Store ax to es:[di] 
 09E7  E8 146F R                		call	sub_20 
 09EA  AB                       		stosw				; Store ax to es:[di] 
 09EB  81 C7 013C               		add	di,13Ch 
 09EF  2E: 8A 3E 4505           		mov	bh,cs:data_38e 
 09F4  D0 CF                    		ror	bh,1			; Rotate 
 09F6  E8 0A2E R                		call	sub_8 
 09F9  E8 146F R                		call	sub_20 
 09FC  AB                       		stosw				; Store ax to es:[di] 
 09FD  E8 146F R                		call	sub_20 
 0A00  AB                       		stosw				; Store ax to es:[di] 
Microsoft (R) Macro Assembler  Version 4.00                 3/29/26 15:12:34

                                                            Page     1-29
                                                            

 0A01  81 C7 013C               		add	di,13Ch 
 0A05  2E: 8A 3E 4505           		mov	bh,cs:data_38e 
 0A0A  E8 0A2E R                		call	sub_8 
 0A0D  E8 146F R                		call	sub_20 
 0A10  AB                       		stosw				; Store ax to es:[di] 
 0A11  E8 146F R                		call	sub_20 
 0A14  AB                       		stosw				; Store ax to es:[di] 
 0A15  81 C7 013C               		add	di,13Ch 
 0A19  2E: 8A 3E 4505           		mov	bh,cs:data_38e 
 0A1E  D0 CF                    		ror	bh,1			; Rotate 
 0A20  E8 0A2E R                		call	sub_8 
 0A23  E8 146F R                		call	sub_20 
 0A26  AB                       		stosw				; Store ax to es:[di] 
 0A27  E8 146F R                		call	sub_20 
 0A2A  AB                       		stosw				; Store ax to es:[di] 
 0A2B  5F                       		pop	di 
 0A2C  5E                       		pop	si 
                                		retn 
 0A2D  C3                     1                 db     0C3h
                                sub_7		endp 
                                 
                                 
                                ;ﬂﬂﬂﬂﬂﬂﬂﬂﬂﬂﬂﬂﬂﬂﬂﬂﬂﬂﬂﬂﬂﬂﬂﬂﬂﬂﬂﬂﬂﬂﬂﬂﬂﬂﬂﬂﬂﬂﬂﬂﬂﬂﬂﬂﬂﬂﬂﬂﬂﬂﬂﬂﬂﬂﬂﬂﬂﬂﬂﬂﬂﬂﬂﬂﬂﬂﬂﬂﬂﬂﬂﬂﬂﬂ 
                                ;                              SUBROUTINE 
                                ;‹‹‹‹‹‹‹‹‹‹‹‹‹‹‹‹‹‹‹‹‹‹‹‹‹‹‹‹‹‹‹‹‹‹‹‹‹‹‹‹‹‹‹‹‹‹‹‹‹‹‹‹‹‹‹‹‹‹‹‹‹‹‹‹‹‹‹‹‹‹‹‹‹‹ 
                                 
 0A2E                           sub_8		proc	near 
 0A2E  C7 06 44FB 0000          		mov	word ptr ds:data_33e,0 
 0A34  C7 06 4501 0000          		mov	word ptr ds:data_36e,0 
 0A3A  8A 64 04                 		mov	ah,[si+4] 
 0A3D  A3 44FF                  		mov	ds:data_35e,ax 
 0A40  A3 44FD                  		mov	ds:data_34e,ax 
 0A43  AC                       		lodsb				; String [si] to al 
 0A44  22 C7                    		and	al,bh 
 0A46  8A E0                    		mov	ah,al 
 0A48  A0 4506                  		mov	al,ds:data_39e 
 0A4B  D0 E8                    		shr	al,1			; Shift w/zeros fill 
 0A4D  73 04                    		jnc	loc_75			; Jump if carry=0 
 0A4F  09 06 44FB               		or	ds:data_33e,ax 
 0A53                           loc_75: 
 0A53  D0 E8                    		shr	al,1			; Shift w/zeros fill 
 0A55  73 04                    		jnc	loc_76			; Jump if carry=0 
 0A57  09 06 44FD               		or	ds:data_34e,ax 
 0A5B                           loc_76: 
 0A5B  D0 E8                    		shr	al,1			; Shift w/zeros fill 
 0A5D  72 01                    		jc	loc_77			; Jump if carry Set 
                                		retn 
 0A5F  C3                     1                 db     0C3h
 0A60                           loc_77: 
 0A60  09 06 44FF               		or	ds:data_35e,ax 
                                		retn 
 0A64  C3                     1                 db     0C3h
                                sub_8		endp 
                                 
 0A65  00 00 00 03 80 80        		db	 00h, 00h, 00h, 03h, 80h, 80h 
Microsoft (R) Macro Assembler  Version 4.00                 3/29/26 15:12:34

                                                            Page     1-30
                                                            

 0A6B  85 84 03 03 03 03        		db	 85h, 84h, 03h, 03h, 03h, 03h 
 0A71  84 84 84 84 03 03        		db	 84h, 84h, 84h, 84h, 03h, 03h 
 0A77  03 03 84 84 84 D4        		db	 03h, 03h, 84h, 84h, 84h,0D4h 
 0A7D  00 00 00 FF 00 00        		db	 00h, 00h, 00h,0FFh, 00h, 00h 
 0A83  55 00 00 00 01 FF        		db	 55h, 00h, 00h, 00h, 01h,0FFh 
 0A89  02 02 56 00 00 00        		db	 02h, 02h, 56h, 00h, 00h, 00h 
 0A8F  00 FF 40 40 55 00        		db	 00h,0FFh, 40h, 40h, 55h, 00h 
 0A95  00 00 00 C0 01 01        		db	 00h, 00h, 00h,0C0h, 01h, 01h 
 0A9B  61 21 C0 C0 C0 C0        		db	 61h, 21h,0C0h,0C0h,0C0h,0C0h 
 0AA1  21 21 21 21 C0 C0        		db	 21h, 21h, 21h, 21h,0C0h,0C0h 
 0AA7  C0 C0 21 21 21 21        		db	0C0h,0C0h, 21h, 21h, 21h, 21h 
 0AAD  C0 E0 E0 E0 2B 01        		db	0C0h,0E0h,0E0h,0E0h, 2Bh, 01h 
 0AB3  01 01 03 03 03 03        		db	 01h, 01h, 03h, 03h, 03h, 03h 
 0AB9  D4 84 84 84 03 03        		db	0D4h, 84h, 84h, 84h, 03h, 03h 
 0ABF  03 03 84 84 84 84        		db	 03h, 03h, 84h, 84h, 84h, 84h 
 0AC5  03 02 00 00 84 85        		db	 03h, 02h, 00h, 00h, 84h, 85h 
 0ACB  80 80 FF AA 00 00        		db	 80h, 80h,0FFh,0AAh, 00h, 00h 
 0AD1  00 55 00 00 FF A8        		db	 00h, 55h, 00h, 00h,0FFh,0A8h 
 0AD7  00 00 00 56 02 02        		db	 00h, 00h, 00h, 56h, 02h, 02h 
 0ADD  FF FF 00 00 00 55        		db	0FFh,0FFh, 00h, 00h, 00h, 55h 
 0AE3  40 40 C0 C0 C0 C0        		db	 40h, 40h,0C0h,0C0h,0C0h,0C0h 
 0AE9  2B 21 21 21 C0 C0        		db	 2Bh, 21h, 21h, 21h,0C0h,0C0h 
 0AEF  C0 C0 21 21 21 21        		db	0C0h,0C0h, 21h, 21h, 21h, 21h 
 0AF5  C0 80 00 00 21 61        		db	0C0h, 80h, 00h, 00h, 21h, 61h 
 0AFB  01 01 00 00 FF FF        		db	 01h, 01h, 00h, 00h,0FFh,0FFh 
 0B01  00 00 00 00 FF FF        		db	 00h, 00h, 00h, 00h,0FFh,0FFh 
 0B07  00 00 00 00 00 00        		db	 00h, 00h, 00h, 00h, 00h, 00h 
 0B0D  07 07 07 07 80 80        		db	 07h, 07h, 07h, 07h, 80h, 80h 
 0B13  80 80 E0 E0 E0 E0        		db	 80h, 80h,0E0h,0E0h,0E0h,0E0h 
 0B19  01 01 01 01 FF FF        		db	 01h, 01h, 01h, 01h,0FFh,0FFh 
 0B1F  FF FF 00 00 00 00        		db	0FFh,0FFh, 00h, 00h, 00h, 00h 
 0B25  01 02 03                 		db	 01h, 02h, 03h 
 0B28  0014[                    		db	20 dup (16h) 
            16                  
                         ]      
                                
 0B3C  0B 0C 0D 00 0E 0F        		db	 0Bh, 0Ch, 0Dh, 00h, 0Eh, 0Fh 
 0B42  0042[                    		db	66 dup (15h) 
            15                  
                         ]      
                                
 0B84  10 0E 13 00 12 11        		db	 10h, 0Eh, 13h, 00h, 12h, 11h 
 0B8A  0013[                    		db	19 dup (17h) 
            17                  
                         ]      
                                
 0B9D  0A 09 08 07 00 04        		db	 0Ah, 09h, 08h, 07h, 00h, 04h 
 0BA3  06                       		db	 06h 
 0BA4  0042[                    		db	66 dup (14h) 
            14                  
                         ]      
                                
 0BE6  05 04 00 18 46 18        		db	 05h, 04h, 00h, 18h, 46h, 18h 
 0BEC  45 17 44 16 43 15        		db	 45h, 17h, 44h, 16h, 43h, 15h 
 0BF2  42 14 41 13 40 12        		db	 42h, 14h, 41h, 13h, 40h, 12h 
Microsoft (R) Macro Assembler  Version 4.00                 3/29/26 15:12:34

                                                            Page     1-31
                                                            

 0BF8  3F 11 3E 10 3D 0F        		db	 3Fh, 11h, 3Eh, 10h, 3Dh, 0Fh 
 0BFE  3C 0E 3B 0D 3A 0C        		db	 3Ch, 0Eh, 3Bh, 0Dh, 3Ah, 0Ch 
 0C04  39 0B 38 0A 37 09        		db	 39h, 0Bh, 38h, 0Ah, 37h, 09h 
 0C0A  36 08 35 07 34 06        		db	 36h, 08h, 35h, 07h, 34h, 06h 
 0C10  33 05 32 04 31 03        		db	 33h, 05h, 32h, 04h, 31h, 03h 
 0C16  30 02 2F 01 2E 00        		db	 30h, 02h, 2Fh, 01h, 2Eh, 00h 
 0C1C  02 55 03 FF 01 55        		db	 02h, 55h, 03h,0FFh, 01h, 55h 
 0C22  1E 2E A2 08 45 53        		db	 1Eh, 2Eh,0A2h, 08h, 45h, 53h 
 0C28  51 8A C5 F6 E1 8B        		db	 51h, 8Ah,0C5h,0F6h,0E1h, 8Bh 
 0C2E  E8 06 1F 8B F7 8C        		db	0E8h, 06h, 1Fh, 8Bh,0F7h, 8Ch 
 0C34  C8 05 00 30 8E C0        		db	0C8h, 05h, 00h, 30h, 8Eh,0C0h 
 0C3A  BF 00 00 2E C7 06        		db	0BFh, 00h, 00h, 2Eh,0C7h, 06h 
 0C40  01 45 00 00 2E C7        		db	 01h, 45h, 00h, 00h, 2Eh,0C7h 
 0C46  06 FB 44 00 00 2E        		db	 06h,0FBh, 44h, 00h, 00h, 2Eh 
 0C4C  C7 06 FD 44 00 00        		db	0C7h, 06h,0FDh, 44h, 00h, 00h 
 0C52  2E C7 06 FF 44 00        		db	 2Eh,0C7h, 06h,0FFh, 44h, 00h 
 0C58  00 8B CD D1 E9           		db	 00h, 8Bh,0CDh,0D1h,0E9h 
                                 
 0C5D                           locloop_78: 
 0C5D  56                       		push	si 
 0C5E  2E: F6 06 4508 01        		test	byte ptr cs:data_41e,1 
 0C64  74 0A                    		jz	loc_79			; Jump if zero 
 0C66  8B 04                    		mov	ax,[si] 
 0C68  86 E0                    		xchg	ah,al 
 0C6A  2E: A3 44FB              		mov	cs:data_33e,ax 
 0C6E  03 F5                    		add	si,bp 
 0C70                           loc_79: 
 0C70  2E: F6 06 4508 02        		test	byte ptr cs:data_41e,2 
 0C76  74 0A                    		jz	loc_80			; Jump if zero 
 0C78  8B 04                    		mov	ax,[si] 
 0C7A  86 E0                    		xchg	ah,al 
 0C7C  2E: A3 44FD              		mov	cs:data_34e,ax 
 0C80  03 F5                    		add	si,bp 
 0C82                           loc_80: 
 0C82  2E: F6 06 4508 04        		test	byte ptr cs:data_41e,4 
 0C88  74 08                    		jz	loc_81			; Jump if zero 
 0C8A  8B 04                    		mov	ax,[si] 
 0C8C  86 E0                    		xchg	ah,al 
 0C8E  2E: A3 44FF              		mov	cs:data_35e,ax 
 0C92                           loc_81: 
 0C92  E8 146F R                		call	sub_20 
 0C95  AB                       		stosw				; Store ax to es:[di] 
 0C96  E8 146F R                		call	sub_20 
 0C99  AB                       		stosw				; Store ax to es:[di] 
 0C9A  E8 146F R                		call	sub_20 
 0C9D  AB                       		stosw				; Store ax to es:[di] 
 0C9E  E8 146F R                		call	sub_20 
 0CA1  AB                       		stosw				; Store ax to es:[di] 
 0CA2  5E                       		pop	si 
 0CA3  46                       		inc	si 
 0CA4  46                       		inc	si 
 0CA5  E2 B6                    		loop	locloop_78		; Loop if cx > 0 
                                 
 0CA7  59                       		pop	cx 
 0CA8  5B                       		pop	bx 
Microsoft (R) Macro Assembler  Version 4.00                 3/29/26 15:12:34

                                                            Page     1-32
                                                            

 0CA9  81 EB 0410               		sub	bx,410h 
 0CAD  2E: C6 06 4506 00        		mov	byte ptr cs:data_39e,0 
 0CB3  2E: C6 06 4507 00        		mov	byte ptr cs:data_40e,0 
 0CB9  2E: 89 0E 450B           		mov	cs:data_42e,cx 
 0CBE  8C C8                    		mov	ax,cs 
 0CC0  05 3000                  		add	ax,3000h 
 0CC3  8E D8                    		mov	ds,ax 
 0CC5  BE 0000                  		mov	si,0 
 0CC8  B8 A000                  		mov	ax,0A000h 
 0CCB  8E C0                    		mov	es,ax 
 0CCD  B9 0008                  		mov	cx,8 
                                 
 0CD0                           locloop_82: 
 0CD0  51                       		push	cx 
 0CD1  2E: A0 4507              		mov	al,cs:data_40e 
 0CD5  2E: A2 4506              		mov	cs:data_39e,al 
 0CD9  2E: C6 06 FF1A 00        		mov	byte ptr cs:data_52e,0 
 0CDF  B9 000D                  		mov	cx,0Dh 
                                 
 0CE2                           locloop_83: 
 0CE2  51                       		push	cx 
 0CE3  53                       		push	bx 
 0CE4  56                       		push	si 
 0CE5  E8 0D05 R                		call	sub_9 
 0CE8  5E                       		pop	si 
 0CE9  5B                       		pop	bx 
 0CEA  59                       		pop	cx 
 0CEB  2E: 80 06 4506 08        		add	byte ptr cs:data_39e,8 
 0CF1  E2 EF                    		loop	locloop_83		; Loop if cx > 0 
                                 
 0CF3  59                       		pop	cx 
 0CF4                           loc_84: 
 0CF4  2E: 80 3E FF1A 14        		cmp	byte ptr cs:data_52e,14h 
 0CFA  72 F8                    		jb	loc_84			; Jump if below 
 0CFC  2E: FE 06 4507           		inc	byte ptr cs:data_40e 
 0D01  E2 CD                    		loop	locloop_82		; Loop if cx > 0 
                                 
 0D03  1F                       		pop	ds 
                                		retn 
 0D04  C3                     1                 db     0C3h
                                 
                                ;ﬂﬂﬂﬂﬂﬂﬂﬂﬂﬂﬂﬂﬂﬂﬂﬂﬂﬂﬂﬂﬂﬂﬂﬂﬂﬂﬂﬂﬂﬂﬂﬂﬂﬂﬂﬂﬂﬂﬂﬂﬂﬂﬂﬂﬂﬂﬂﬂﬂﬂﬂﬂﬂﬂﬂﬂﬂﬂﬂﬂﬂﬂﬂﬂﬂﬂﬂﬂﬂﬂﬂﬂﬂﬂ 
                                ;                              SUBROUTINE 
                                ;‹‹‹‹‹‹‹‹‹‹‹‹‹‹‹‹‹‹‹‹‹‹‹‹‹‹‹‹‹‹‹‹‹‹‹‹‹‹‹‹‹‹‹‹‹‹‹‹‹‹‹‹‹‹‹‹‹‹‹‹‹‹‹‹‹‹‹‹‹‹‹‹‹‹ 
                                 
 0D05                           sub_9		proc	near 
 0D05  53                       		push	bx 
 0D06  2E: 8A 1E 4506           		mov	bl,cs:data_39e 
 0D0B  80 C3 10                 		add	bl,10h 
 0D0E  B7 04                    		mov	bh,4 
 0D10  E8 14E9 R                		call	sub_22 
 0D13  8B F8                    		mov	di,ax 
 0D15  5B                       		pop	bx 
 0D16  2E: 38 1E 4506           		cmp	cs:data_39e,bl 
 0D1B  72 5A                    		jb	loc_87			; Jump if below 
Microsoft (R) Macro Assembler  Version 4.00                 3/29/26 15:12:34

                                                            Page     1-33
                                                            

 0D1D  8A C3                    		mov	al,bl 
 0D1F  2E: 02 06 450B           		add	al,cs:data_42e 
 0D24  2E: 38 06 4506           		cmp	cs:data_39e,al 
 0D29  73 4C                    		jae	loc_87			; Jump if above or = 
 0D2B  2E: A0 4506              		mov	al,cs:data_39e 
 0D2F  2A C3                    		sub	al,bl 
 0D31  2E: F6 26 450C           		mul	byte ptr cs:data_42e+1	; ax = data * al 
 0D36  03 C0                    		add	ax,ax 
 0D38  03 C0                    		add	ax,ax 
 0D3A  03 F0                    		add	si,ax 
 0D3C  2E: C6 06 4505 00        		mov	byte ptr cs:data_38e,0 
 0D42  B9 0048                  		mov	cx,48h 
                                 
 0D45                           locloop_85: 
 0D45  51                       		push	cx 
 0D46  26: C7 05 0000           		mov	word ptr es:[di],0 
 0D4B  26: C7 45 02 0000        		mov	word ptr es:[di+2],0 
 0D51  2E: 38 3E 4505           		cmp	cs:data_38e,bh 
 0D56  72 13                    		jb	loc_86			; Jump if below 
 0D58  8A C7                    		mov	al,bh 
 0D5A  2E: 02 06 450C           		add	al,byte ptr cs:data_42e+1 
 0D5F  2E: 38 06 4505           		cmp	cs:data_38e,al 
 0D64  73 05                    		jae	loc_86			; Jump if above or = 
 0D66  A5                       		movsw				; Mov [si] to es:[di] 
 0D67  A5                       		movsw				; Mov [si] to es:[di] 
 0D68  83 EF 04                 		sub	di,4 
 0D6B                           loc_86: 
 0D6B  83 C7 04                 		add	di,4 
 0D6E  2E: FE 06 4505           		inc	byte ptr cs:data_38e 
 0D73  59                       		pop	cx 
 0D74  E2 CF                    		loop	locloop_85		; Loop if cx > 0 
                                 
                                		retn 
 0D76  C3                     1                 db     0C3h
 0D77                           loc_87: 
 0D77  B9 0090                  		mov	cx,90h 
 0D7A  33 C0                    		xor	ax,ax			; Zero register 
 0D7C  F3/ AB                   		rep	stosw			; Rep when cx >0 Store ax to es:[di] 
                                		retn 
 0D7E  C3                     1                 db     0C3h
                                sub_9		endp 
                                 
                                			                        ;* No entry point to code 
 0D7F  2E: 88 1E 4506           		mov	cs:data_39e,bl 
 0D84  E8 14E9 R                		call	sub_22 
 0D87  8B F8                    		mov	di,ax 
 0D89  B8 A000                  		mov	ax,0A000h 
 0D8C  8E C0                    		mov	es,ax 
 0D8E  8A DD                    		mov	bl,ch 
 0D90  32 FF                    		xor	bh,bh			; Zero register 
 0D92  03 DB                    		add	bx,bx 
 0D94  03 DB                    		add	bx,bx 
 0D96  83 EB 04                 		sub	bx,4 
 0D99  32 ED                    		xor	ch,ch			; Zero register 
 0D9B  83 E9 05                 		sub	cx,5 
Microsoft (R) Macro Assembler  Version 4.00                 3/29/26 15:12:34

                                                            Page     1-34
                                                            

 0D9E  51                       		push	cx 
 0D9F  57                       		push	di 
 0DA0  E8 0DF0 R                		call	sub_10 
 0DA3  5F                       		pop	di 
 0DA4  2E: FE 06 4506           		inc	byte ptr cs:data_39e 
 0DA9  81 C7 0140               		add	di,140h 
 0DAD  B9 0002                  		mov	cx,2 
 0DB0  E8 0DFD R                		call	sub_11 
 0DB3  59                       		pop	cx 
                                 
 0DB4                           locloop_88: 
 0DB4  51                       		push	cx 
 0DB5  E8 0E22 R                		call	sub_12 
 0DB8  26: C6 05 FF             		mov	byte ptr es:[di],0FFh 
 0DBC  26: C6 45 01 00          		mov	byte ptr es:[di+1],0 
 0DC1  26: C6 45 02 00          		mov	byte ptr es:[di+2],0 
 0DC6  26: C6 45 03 00          		mov	byte ptr es:[di+3],0 
 0DCB  26: 80 49 03 FF          		or	byte ptr es:[bx+di+3],0FFh 
 0DD0  26: C6 41 02 00          		mov	byte ptr es:[bx+di+2],0 
 0DD5  26: C6 41 01 00          		mov	byte ptr es:[bx+di+1],0 
 0DDA  26: C6 01 00             		mov	byte ptr es:[bx+di],0 
 0DDE  2E: FE 06 4506           		inc	byte ptr cs:data_39e 
 0DE3  81 C7 0140               		add	di,140h 
 0DE7  59                       		pop	cx 
 0DE8  E2 CA                    		loop	locloop_88		; Loop if cx > 0 
                                 
 0DEA  B9 0001                  		mov	cx,1 
 0DED  E8 0DFD R                		call	sub_11 
                                 
                                ;ﬂﬂﬂﬂﬂﬂﬂﬂﬂﬂﬂﬂﬂﬂﬂﬂﬂﬂﬂﬂﬂﬂﬂﬂﬂﬂﬂﬂﬂﬂﬂﬂﬂﬂﬂﬂﬂﬂﬂﬂﬂﬂﬂﬂﬂﬂﬂﬂﬂﬂﬂﬂﬂﬂﬂﬂﬂﬂﬂﬂﬂﬂﬂﬂﬂﬂﬂﬂﬂﬂﬂﬂﬂﬂ 
                                ;                              SUBROUTINE 
                                ;‹‹‹‹‹‹‹‹‹‹‹‹‹‹‹‹‹‹‹‹‹‹‹‹‹‹‹‹‹‹‹‹‹‹‹‹‹‹‹‹‹‹‹‹‹‹‹‹‹‹‹‹‹‹‹‹‹‹‹‹‹‹‹‹‹‹‹‹‹‹‹‹‹‹ 
                                 
 0DF0                           sub_10		proc	near 
 0DF0  E8 0E22 R                		call	sub_12 
 0DF3  8B CB                    		mov	cx,bx 
 0DF5  83 C1 04                 		add	cx,4 
 0DF8  B0 FF                    		mov	al,0FFh 
 0DFA  F3/ AA                   		rep	stosb			; Rep when cx >0 Store al to es:[di] 
                                		retn 
 0DFC  C3                     1                 db     0C3h
                                sub_10		endp 
                                 
                                 
                                ;ﬂﬂﬂﬂﬂﬂﬂﬂﬂﬂﬂﬂﬂﬂﬂﬂﬂﬂﬂﬂﬂﬂﬂﬂﬂﬂﬂﬂﬂﬂﬂﬂﬂﬂﬂﬂﬂﬂﬂﬂﬂﬂﬂﬂﬂﬂﬂﬂﬂﬂﬂﬂﬂﬂﬂﬂﬂﬂﬂﬂﬂﬂﬂﬂﬂﬂﬂﬂﬂﬂﬂﬂﬂﬂ 
                                ;                              SUBROUTINE 
                                ;‹‹‹‹‹‹‹‹‹‹‹‹‹‹‹‹‹‹‹‹‹‹‹‹‹‹‹‹‹‹‹‹‹‹‹‹‹‹‹‹‹‹‹‹‹‹‹‹‹‹‹‹‹‹‹‹‹‹‹‹‹‹‹‹‹‹‹‹‹‹‹‹‹‹ 
                                 
 0DFD                           sub_11		proc	near 
                                 
 0DFD                           locloop_89: 
 0DFD  51                       		push	cx 
 0DFE  57                       		push	di 
 0DFF  E8 0E22 R                		call	sub_12 
 0E02  26: C6 05 FF             		mov	byte ptr es:[di],0FFh 
Microsoft (R) Macro Assembler  Version 4.00                 3/29/26 15:12:34

                                                            Page     1-35
                                                            

 0E06  47                       		inc	di 
 0E07  8B CB                    		mov	cx,bx 
 0E09  83 C1 02                 		add	cx,2 
 0E0C  32 C0                    		xor	al,al			; Zero register 
 0E0E  F3/ AA                   		rep	stosb			; Rep when cx >0 Store al to es:[di] 
 0E10  26: C6 05 FF             		mov	byte ptr es:[di],0FFh 
 0E14  5F                       		pop	di 
 0E15  2E: FE 06 4506           		inc	byte ptr cs:data_39e 
 0E1A  81 C7 0140               		add	di,140h 
 0E1E  59                       		pop	cx 
 0E1F  E2 DC                    		loop	locloop_89		; Loop if cx > 0 
                                 
                                		retn 
 0E21  C3                     1                 db     0C3h
                                sub_11		endp 
                                 
                                 
                                ;ﬂﬂﬂﬂﬂﬂﬂﬂﬂﬂﬂﬂﬂﬂﬂﬂﬂﬂﬂﬂﬂﬂﬂﬂﬂﬂﬂﬂﬂﬂﬂﬂﬂﬂﬂﬂﬂﬂﬂﬂﬂﬂﬂﬂﬂﬂﬂﬂﬂﬂﬂﬂﬂﬂﬂﬂﬂﬂﬂﬂﬂﬂﬂﬂﬂﬂﬂﬂﬂﬂﬂﬂﬂﬂ 
                                ;                              SUBROUTINE 
                                ;‹‹‹‹‹‹‹‹‹‹‹‹‹‹‹‹‹‹‹‹‹‹‹‹‹‹‹‹‹‹‹‹‹‹‹‹‹‹‹‹‹‹‹‹‹‹‹‹‹‹‹‹‹‹‹‹‹‹‹‹‹‹‹‹‹‹‹‹‹‹‹‹‹‹ 
                                 
 0E22                           sub_12		proc	near 
 0E22  26: C7 45 F9 0202        		mov	word ptr es:[di-7],202h 
 0E28  26: C7 45 FB 0202        		mov	word ptr es:[di-5],202h 
 0E2E  26: C7 45 FD 0202        		mov	word ptr es:[di-3],202h 
 0E34  26: C7 45 FF 0202        		mov	word ptr es:[di-1],202h 
                                		retn 
 0E3A  C3                     1                 db     0C3h
                                sub_12		endp 
                                 
                                			                        ;* No entry point to code 
 0E3B  53                       		push	bx 
 0E3C  06                       		push	es 
 0E3D  57                       		push	di 
 0E3E  B9 1028                  		mov	cx,1028h 
                                 
 0E41                           locloop_90: 
 0E41  26: 8A 05                		mov	al,es:[di] 
 0E44  26: 22 85 1028           		and	al,byte ptr es:[1028h][di] 
 0E49  26: 8A A5 2052 R         		mov	ah,es:data_17[di] 
 0E4E  F6 D4                    		not	ah 
 0E50  22 C4                    		and	al,ah 
 0E52  F6 D0                    		not	al 
 0E54  26: 20 05                		and	es:[di],al 
 0E57  26: 20 85 1028           		and	byte ptr es:[1028h][di],al 
 0E5C  26: 20 85 2052 R         		and	es:data_17[di],al 
 0E61  26: 8A 85 2052 R         		mov	al,es:data_17[di] 
 0E66  26: 8A 25                		mov	ah,es:[di] 
 0E69  F6 D4                    		not	ah 
 0E6B  22 C4                    		and	al,ah 
 0E6D  26: 8A A5 1028           		mov	ah,byte ptr es:[1028h][di] 
 0E72  F6 D4                    		not	ah 
 0E74  22 C4                    		and	al,ah 
 0E76  26: 08 05                		or	es:[di],al 
 0E79  26: 08 85 1028           		or	byte ptr es:[1028h][di],al 
Microsoft (R) Macro Assembler  Version 4.00                 3/29/26 15:12:34

                                                            Page     1-36
                                                            

 0E7E  F6 D0                    		not	al 
 0E80  26: 20 85 2052 R         		and	es:data_17[di],al 
 0E85  47                       		inc	di 
 0E86  E2 B9                    		loop	locloop_90		; Loop if cx > 0 
                                 
 0E88  5F                       		pop	di 
 0E89  07                       		pop	es 
 0E8A  5B                       		pop	bx 
 0E8B  B9 2F58                  		mov	cx,2F58h 
 0E8E  E9 03BD R                		jmp	loc_25 
                                			                        ;* No entry point to code 
 0E91  1E                       		push	ds 
 0E92  89 3E 450D               		mov	ds:data_44e,di 
 0E96  8C 06 450F               		mov	ds:data_45e,es 
 0E9A  BF 069A                  		mov	di,69Ah 
 0E9D  03 3E 450D               		add	di,ds:data_44e 
 0EA1  E8 0FF5 R                		call	sub_15 
 0EA4  BF 06BC                  		mov	di,6BCh 
 0EA7  03 3E 450D               		add	di,ds:data_44e 
 0EAB  E8 0FF5 R                		call	sub_15 
 0EAE  B8 A000                  		mov	ax,0A000h 
 0EB1  8E C0                    		mov	es,ax 
 0EB3  2E: 8E 1E 450F           		mov	ds,cs:data_45e 
 0EB8  B9 0044                  		mov	cx,44h 
                                 
 0EBB                           locloop_91: 
 0EBB  51                       		push	cx 
 0EBC  2E: C6 06 FF1A 00        		mov	byte ptr cs:data_52e,0 
 0EC2  B8 0044                  		mov	ax,44h 
 0EC5  2B C1                    		sub	ax,cx 
 0EC7  03 C0                    		add	ax,ax 
 0EC9  50                       		push	ax 
 0ECA  8A D8                    		mov	bl,al 
 0ECC  B0 50                    		mov	al,50h			; 'P' 
 0ECE  F6 E3                    		mul	bl			; ax = reg * al 
 0ED0  50                       		push	ax 
 0ED1  B7 00                    		mov	bh,0 
 0ED3  E8 14E9 R                		call	sub_22 
 0ED6  8B F8                    		mov	di,ax 
 0ED8  58                       		pop	ax 
 0ED9  2E: 03 06 450D           		add	ax,cs:data_44e 
 0EDE  8B F0                    		mov	si,ax 
 0EE0  58                       		pop	ax 
 0EE1  3D 0016                  		cmp	ax,16h 
 0EE4  72 0A                    		jb	loc_92			; Jump if below 
 0EE6  3D 0071                  		cmp	ax,71h 
 0EE9  73 05                    		jae	loc_92			; Jump if above or = 
 0EEB  E8 0F69 R                		call	sub_14 
 0EEE  EB 03                    		jmp	short loc_93 
 0EF0                           loc_92: 
 0EF0  E8 0F31 R                		call	sub_13 
 0EF3                           loc_93: 
 0EF3  59                       		pop	cx 
 0EF4  51                       		push	cx 
 0EF5  8B C1                    		mov	ax,cx 
Microsoft (R) Macro Assembler  Version 4.00                 3/29/26 15:12:34

                                                            Page     1-37
                                                            

 0EF7  03 C0                    		add	ax,ax 
 0EF9  48                       		dec	ax 
 0EFA  50                       		push	ax 
 0EFB  8A D8                    		mov	bl,al 
 0EFD  B0 50                    		mov	al,50h			; 'P' 
 0EFF  F6 E3                    		mul	bl			; ax = reg * al 
 0F01  50                       		push	ax 
 0F02  B7 00                    		mov	bh,0 
 0F04  E8 14E9 R                		call	sub_22 
 0F07  8B F8                    		mov	di,ax 
 0F09  58                       		pop	ax 
 0F0A  2E: 03 06 450D           		add	ax,cs:data_44e 
 0F0F  8B F0                    		mov	si,ax 
 0F11  58                       		pop	ax 
 0F12  3D 0016                  		cmp	ax,16h 
 0F15  72 0A                    		jb	loc_94			; Jump if below 
 0F17  3D 0071                  		cmp	ax,71h 
 0F1A  73 05                    		jae	loc_94			; Jump if above or = 
 0F1C  E8 0F69 R                		call	sub_14 
 0F1F  EB 03                    		jmp	short loc_95 
 0F21                           loc_94: 
 0F21  E8 0F31 R                		call	sub_13 
 0F24                           loc_95: 
 0F24  2E: 80 3E FF1A 04        		cmp	byte ptr cs:data_52e,4 
 0F2A  72 F8                    		jb	loc_95			; Jump if below 
 0F2C  59                       		pop	cx 
 0F2D  E2 8C                    		loop	locloop_91		; Loop if cx > 0 
                                 
 0F2F  1F                       		pop	ds 
                                		retn 
 0F30  C3                     1                 db     0C3h
                                 
                                ;ﬂﬂﬂﬂﬂﬂﬂﬂﬂﬂﬂﬂﬂﬂﬂﬂﬂﬂﬂﬂﬂﬂﬂﬂﬂﬂﬂﬂﬂﬂﬂﬂﬂﬂﬂﬂﬂﬂﬂﬂﬂﬂﬂﬂﬂﬂﬂﬂﬂﬂﬂﬂﬂﬂﬂﬂﬂﬂﬂﬂﬂﬂﬂﬂﬂﬂﬂﬂﬂﬂﬂﬂﬂﬂ 
                                ;                              SUBROUTINE 
                                ;‹‹‹‹‹‹‹‹‹‹‹‹‹‹‹‹‹‹‹‹‹‹‹‹‹‹‹‹‹‹‹‹‹‹‹‹‹‹‹‹‹‹‹‹‹‹‹‹‹‹‹‹‹‹‹‹‹‹‹‹‹‹‹‹‹‹‹‹‹‹‹‹‹‹ 
                                 
 0F31                           sub_13		proc	near 
 0F31  B9 0028                  		mov	cx,28h 
 0F34  2E: C7 06 4501 0000      		mov	word ptr cs:data_36e,0 
                                 
 0F3B                           locloop_96: 
 0F3B  8B 84 5500               		mov	ax,ds:data_47e[si] 
 0F3F  86 E0                    		xchg	ah,al 
 0F41  2E: A3 44FF              		mov	cs:data_35e,ax 
 0F45  8B 84 2A80               		mov	ax,ds:data_19e[si] 
 0F49  86 E0                    		xchg	ah,al 
 0F4B  2E: A3 44FD              		mov	cs:data_34e,ax 
 0F4F  AD                       		lodsw				; String [si] to ax 
 0F50  86 E0                    		xchg	ah,al 
 0F52  2E: A3 44FB              		mov	cs:data_33e,ax 
 0F56  E8 146F R                		call	sub_20 
 0F59  AB                       		stosw				; Store ax to es:[di] 
 0F5A  E8 146F R                		call	sub_20 
 0F5D  AB                       		stosw				; Store ax to es:[di] 
 0F5E  E8 146F R                		call	sub_20 
Microsoft (R) Macro Assembler  Version 4.00                 3/29/26 15:12:34

                                                            Page     1-38
                                                            

 0F61  AB                       		stosw				; Store ax to es:[di] 
 0F62  E8 146F R                		call	sub_20 
 0F65  AB                       		stosw				; Store ax to es:[di] 
 0F66  E2 D3                    		loop	locloop_96		; Loop if cx > 0 
                                 
                                		retn 
 0F68  C3                     1                 db     0C3h
                                sub_13		endp 
                                 
                                 
                                ;ﬂﬂﬂﬂﬂﬂﬂﬂﬂﬂﬂﬂﬂﬂﬂﬂﬂﬂﬂﬂﬂﬂﬂﬂﬂﬂﬂﬂﬂﬂﬂﬂﬂﬂﬂﬂﬂﬂﬂﬂﬂﬂﬂﬂﬂﬂﬂﬂﬂﬂﬂﬂﬂﬂﬂﬂﬂﬂﬂﬂﬂﬂﬂﬂﬂﬂﬂﬂﬂﬂﬂﬂﬂﬂ 
                                ;                              SUBROUTINE 
                                ;‹‹‹‹‹‹‹‹‹‹‹‹‹‹‹‹‹‹‹‹‹‹‹‹‹‹‹‹‹‹‹‹‹‹‹‹‹‹‹‹‹‹‹‹‹‹‹‹‹‹‹‹‹‹‹‹‹‹‹‹‹‹‹‹‹‹‹‹‹‹‹‹‹‹ 
                                 
 0F69                           sub_14		proc	near 
 0F69  B9 000B                  		mov	cx,0Bh 
 0F6C  2E: C7 06 4501 0000      		mov	word ptr cs:data_36e,0 
                                 
 0F73                           locloop_97: 
 0F73  8A A4 5500               		mov	ah,ds:data_47e[si] 
 0F77  2E: A3 44FF              		mov	cs:data_35e,ax 
 0F7B  8A A4 2A80               		mov	ah,ds:data_19e[si] 
 0F7F  2E: A3 44FD              		mov	cs:data_34e,ax 
 0F83  AC                       		lodsb				; String [si] to al 
 0F84  86 E0                    		xchg	ah,al 
 0F86  2E: A3 44FB              		mov	cs:data_33e,ax 
 0F8A  E8 146F R                		call	sub_20 
 0F8D  AB                       		stosw				; Store ax to es:[di] 
 0F8E  E8 146F R                		call	sub_20 
 0F91  AB                       		stosw				; Store ax to es:[di] 
 0F92  E2 DF                    		loop	locloop_97		; Loop if cx > 0 
                                 
 0F94  83 C6 18                 		add	si,18h 
 0F97  83 C7 60                 		add	di,60h 
 0F9A  B9 0005                  		mov	cx,5 
                                 
 0F9D                           locloop_98: 
 0F9D  8B 84 5500               		mov	ax,ds:data_47e[si] 
 0FA1  86 E0                    		xchg	ah,al 
 0FA3  2E: A3 44FF              		mov	cs:data_35e,ax 
 0FA7  8B 84 2A80               		mov	ax,ds:data_19e[si] 
 0FAB  86 E0                    		xchg	ah,al 
 0FAD  2E: A3 44FD              		mov	cs:data_34e,ax 
 0FB1  AD                       		lodsw				; String [si] to ax 
 0FB2  86 E0                    		xchg	ah,al 
 0FB4  2E: A3 44FB              		mov	cs:data_33e,ax 
 0FB8  E8 146F R                		call	sub_20 
 0FBB  AB                       		stosw				; Store ax to es:[di] 
 0FBC  E8 146F R                		call	sub_20 
 0FBF  AB                       		stosw				; Store ax to es:[di] 
 0FC0  E8 146F R                		call	sub_20 
 0FC3  AB                       		stosw				; Store ax to es:[di] 
 0FC4  E8 146F R                		call	sub_20 
 0FC7  AB                       		stosw				; Store ax to es:[di] 
 0FC8  E2 D3                    		loop	locloop_98		; Loop if cx > 0 
Microsoft (R) Macro Assembler  Version 4.00                 3/29/26 15:12:34

                                                            Page     1-39
                                                            

                                 
 0FCA  83 C6 18                 		add	si,18h 
 0FCD  83 C7 60                 		add	di,60h 
 0FD0  B9 000B                  		mov	cx,0Bh 
                                 
 0FD3                           locloop_99: 
 0FD3  8A A4 5500               		mov	ah,ds:data_47e[si] 
 0FD7  2E: A3 44FF              		mov	cs:data_35e,ax 
 0FDB  8A A4 2A80               		mov	ah,ds:data_19e[si] 
 0FDF  2E: A3 44FD              		mov	cs:data_34e,ax 
 0FE3  AC                       		lodsb				; String [si] to al 
 0FE4  86 E0                    		xchg	ah,al 
 0FE6  2E: A3 44FB              		mov	cs:data_33e,ax 
 0FEA  E8 146F R                		call	sub_20 
 0FED  AB                       		stosw				; Store ax to es:[di] 
 0FEE  E8 146F R                		call	sub_20 
 0FF1  AB                       		stosw				; Store ax to es:[di] 
 0FF2  E2 DF                    		loop	locloop_99		; Loop if cx > 0 
                                 
                                		retn 
 0FF4  C3                     1                 db     0C3h
                                sub_14		endp 
                                 
                                 
                                ;ﬂﬂﬂﬂﬂﬂﬂﬂﬂﬂﬂﬂﬂﬂﬂﬂﬂﬂﬂﬂﬂﬂﬂﬂﬂﬂﬂﬂﬂﬂﬂﬂﬂﬂﬂﬂﬂﬂﬂﬂﬂﬂﬂﬂﬂﬂﬂﬂﬂﬂﬂﬂﬂﬂﬂﬂﬂﬂﬂﬂﬂﬂﬂﬂﬂﬂﬂﬂﬂﬂﬂﬂﬂﬂ 
                                ;                              SUBROUTINE 
                                ;‹‹‹‹‹‹‹‹‹‹‹‹‹‹‹‹‹‹‹‹‹‹‹‹‹‹‹‹‹‹‹‹‹‹‹‹‹‹‹‹‹‹‹‹‹‹‹‹‹‹‹‹‹‹‹‹‹‹‹‹‹‹‹‹‹‹‹‹‹‹‹‹‹‹ 
                                 
 0FF5                           sub_15		proc	near 
 0FF5  57                       		push	di 
 0FF6  B8 FC3F                  		mov	ax,0FC3Fh 
 0FF9  E8 107A R                		call	sub_16 
 0FFC  83 C7 36                 		add	di,36h 
 0FFF  B9 005B                  		mov	cx,5Bh 
                                 
 1002                           locloop_100: 
 1002  26: C6 05 30             		mov	byte ptr es:[di],30h	; '0' 
 1006  26: C6 45 19 0C          		mov	byte ptr es:[di+19h],0Ch 
 100B  83 C7 50                 		add	di,50h 
 100E  E2 F2                    		loop	locloop_100		; Loop if cx > 0 
                                 
 1010  B8 FC3F                  		mov	ax,0FC3Fh 
 1013  E8 107A R                		call	sub_16 
 1016  5F                       		pop	di 
 1017  81 C7 2A80               		add	di,data_19e 
 101B  57                       		push	di 
 101C  B8 FD7F                  		mov	ax,0FD7Fh 
 101F  E8 107A R                		call	sub_16 
 1022  83 C7 36                 		add	di,36h 
 1025  B9 002D                  		mov	cx,2Dh 
                                 
 1028                           locloop_101: 
 1028  26: C6 05 B0             		mov	byte ptr es:[di],0B0h 
 102C  26: C6 45 19 0E          		mov	byte ptr es:[di+19h],0Eh 
 1031  83 C7 50                 		add	di,50h 
Microsoft (R) Macro Assembler  Version 4.00                 3/29/26 15:12:34

                                                            Page     1-40
                                                            

 1034  26: C6 05 70             		mov	byte ptr es:[di],70h	; 'p' 
 1038  26: C6 45 19 0D          		mov	byte ptr es:[di+19h],0Dh 
 103D  83 C7 50                 		add	di,50h 
 1040  E2 E6                    		loop	locloop_101		; Loop if cx > 0 
                                 
 1042  26: C6 05 B0             		mov	byte ptr es:[di],0B0h 
 1046  26: C6 45 19 0E          		mov	byte ptr es:[di+19h],0Eh 
 104B  83 C7 50                 		add	di,50h 
 104E  B8 FD7F                  		mov	ax,0FD7Fh 
 1051  E8 107A R                		call	sub_16 
 1054  5F                       		pop	di 
 1055  81 C7 2A80               		add	di,data_19e 
 1059  B8 FC3F                  		mov	ax,0FC3Fh 
 105C  E8 107A R                		call	sub_16 
 105F  83 C7 36                 		add	di,36h 
 1062  B9 005B                  		mov	cx,5Bh 
                                 
 1065                           locloop_102: 
 1065  26: C6 05 30             		mov	byte ptr es:[di],30h	; '0' 
 1069  26: C6 45 19 0C          		mov	byte ptr es:[di+19h],0Ch 
 106E  83 C7 50                 		add	di,50h 
 1071  E2 F2                    		loop	locloop_102		; Loop if cx > 0 
                                 
 1073  B8 FC3F                  		mov	ax,0FC3Fh 
 1076  E8 107A R                		call	sub_16 
                                		retn 
 1079  C3                     1                 db     0C3h
                                sub_15		endp 
                                 
                                 
                                ;ﬂﬂﬂﬂﬂﬂﬂﬂﬂﬂﬂﬂﬂﬂﬂﬂﬂﬂﬂﬂﬂﬂﬂﬂﬂﬂﬂﬂﬂﬂﬂﬂﬂﬂﬂﬂﬂﬂﬂﬂﬂﬂﬂﬂﬂﬂﬂﬂﬂﬂﬂﬂﬂﬂﬂﬂﬂﬂﬂﬂﬂﬂﬂﬂﬂﬂﬂﬂﬂﬂﬂﬂﬂﬂ 
                                ;                              SUBROUTINE 
                                ;‹‹‹‹‹‹‹‹‹‹‹‹‹‹‹‹‹‹‹‹‹‹‹‹‹‹‹‹‹‹‹‹‹‹‹‹‹‹‹‹‹‹‹‹‹‹‹‹‹‹‹‹‹‹‹‹‹‹‹‹‹‹‹‹‹‹‹‹‹‹‹‹‹‹ 
                                 
 107A                           sub_16		proc	near 
 107A  AA                       		stosb				; Store al to es:[di] 
 107B  B0 FF                    		mov	al,0FFh 
 107D  B9 0018                  		mov	cx,18h 
 1080  F3/ AA                   		rep	stosb			; Rep when cx >0 Store al to es:[di] 
 1082  8A C4                    		mov	al,ah 
 1084  AA                       		stosb				; Store al to es:[di] 
                                		retn 
 1085  C3                     1                 db     0C3h
                                sub_16		endp 
                                 
                                			                        ;* No entry point to code 
 1086  1E                       		push	ds 
 1087  89 3E 450D               		mov	ds:data_44e,di 
 108B  8C 06 450F               		mov	ds:data_45e,es 
 108F  B8 A000                  		mov	ax,0A000h 
 1092  8E C0                    		mov	es,ax 
 1094  2E: 8E 1E 450F           		mov	ds,cs:data_45e 
 1099  B9 0039                  		mov	cx,39h 
                                 
 109C                           locloop_103: 
Microsoft (R) Macro Assembler  Version 4.00                 3/29/26 15:12:34

                                                            Page     1-41
                                                            

 109C  2E: C6 06 FF1A 00        		mov	byte ptr cs:data_52e,0 
 10A2  51                       		push	cx 
 10A3  8B C1                    		mov	ax,cx 
 10A5  F7 D8                    		neg	ax 
 10A7  05 0039                  		add	ax,39h 
 10AA  03 C0                    		add	ax,ax 
 10AC  E8 10C4 R                		call	sub_17 
 10AF  58                       		pop	ax 
 10B0  50                       		push	ax 
 10B1  03 C0                    		add	ax,ax 
 10B3  48                       		dec	ax 
 10B4  E8 10C4 R                		call	sub_17 
 10B7                           loc_104: 
 10B7  2E: 80 3E FF1A 04        		cmp	byte ptr cs:data_52e,4 
 10BD  72 F8                    		jb	loc_104			; Jump if below 
 10BF  59                       		pop	cx 
 10C0  E2 DA                    		loop	locloop_103		; Loop if cx > 0 
                                 
 10C2  1F                       		pop	ds 
                                		retn 
 10C3  C3                     1                 db     0C3h
                                 
                                ;ﬂﬂﬂﬂﬂﬂﬂﬂﬂﬂﬂﬂﬂﬂﬂﬂﬂﬂﬂﬂﬂﬂﬂﬂﬂﬂﬂﬂﬂﬂﬂﬂﬂﬂﬂﬂﬂﬂﬂﬂﬂﬂﬂﬂﬂﬂﬂﬂﬂﬂﬂﬂﬂﬂﬂﬂﬂﬂﬂﬂﬂﬂﬂﬂﬂﬂﬂﬂﬂﬂﬂﬂﬂﬂ 
                                ;                              SUBROUTINE 
                                ;‹‹‹‹‹‹‹‹‹‹‹‹‹‹‹‹‹‹‹‹‹‹‹‹‹‹‹‹‹‹‹‹‹‹‹‹‹‹‹‹‹‹‹‹‹‹‹‹‹‹‹‹‹‹‹‹‹‹‹‹‹‹‹‹‹‹‹‹‹‹‹‹‹‹ 
                                 
 10C4                           sub_17		proc	near 
 10C4  50                       		push	ax 
 10C5  8A D8                    		mov	bl,al 
 10C7  B0 2F                    		mov	al,2Fh			; '/' 
 10C9  F6 E3                    		mul	bl			; ax = reg * al 
 10CB  2E: 03 06 450D           		add	ax,cs:data_44e 
 10D0  8B F0                    		mov	si,ax 
 10D2  32 FF                    		xor	bh,bh			; Zero register 
 10D4  E8 14E9 R                		call	sub_22 
 10D7  8B F8                    		mov	di,ax 
 10D9  58                       		pop	ax 
 10DA  3D 0014                  		cmp	ax,14h 
 10DD  73 05                    		jae	loc_105			; Jump if above or = 
 10DF  B9 002F                  		mov	cx,2Fh 
 10E2  EB 10                    		jmp	short loc_106 
 10E4                           loc_105: 
 10E4  B9 0023                  		mov	cx,23h 
 10E7  3D 0017                  		cmp	ax,17h 
 10EA  72 08                    		jb	loc_106			; Jump if below 
 10EC  3D 001C                  		cmp	ax,1Ch 
 10EF  72 2C                    		jb	loc_108			; Jump if below 
 10F1  B9 0021                  		mov	cx,21h 
 10F4                           loc_106: 
 10F4  2E: C7 06 4501 0000      		mov	word ptr cs:data_36e,0 
                                 
 10FB                           locloop_107: 
 10FB  8A A4 29DC               		mov	ah,ds:data_18e[si] 
 10FF  2E: A3 44FF              		mov	cs:data_35e,ax 
 1103  8A A4 14EE               		mov	ah,byte ptr ds:[14EEh][si] 
Microsoft (R) Macro Assembler  Version 4.00                 3/29/26 15:12:34

                                                            Page     1-42
                                                            

 1107  2E: A3 44FD              		mov	cs:data_34e,ax 
 110B  AC                       		lodsb				; String [si] to al 
 110C  86 E0                    		xchg	ah,al 
 110E  2E: A3 44FB              		mov	cs:data_33e,ax 
 1112  E8 146F R                		call	sub_20 
 1115  AB                       		stosw				; Store ax to es:[di] 
 1116  E8 146F R                		call	sub_20 
 1119  AB                       		stosw				; Store ax to es:[di] 
 111A  E2 DF                    		loop	locloop_107		; Loop if cx > 0 
                                 
                                		retn 
 111C  C3                     1                 db     0C3h
 111D                           loc_108: 
 111D  B9 0021                  		mov	cx,21h 
 1120  2E: C7 06 4501 0000      		mov	word ptr cs:data_36e,0 
                                 
 1127                           locloop_109: 
 1127  8A A4 29DC               		mov	ah,ds:data_18e[si] 
 112B  2E: A3 44FF              		mov	cs:data_35e,ax 
 112F  8A A4 14EE               		mov	ah,byte ptr ds:[14EEh][si] 
 1133  2E: A3 44FD              		mov	cs:data_34e,ax 
 1137  AC                       		lodsb				; String [si] to al 
 1138  86 E0                    		xchg	ah,al 
 113A  2E: A3 44FB              		mov	cs:data_33e,ax 
 113E  E8 146F R                		call	sub_20 
 1141  AB                       		stosw				; Store ax to es:[di] 
 1142  E8 146F R                		call	sub_20 
 1145  AB                       		stosw				; Store ax to es:[di] 
 1146  E2 DF                    		loop	locloop_109		; Loop if cx > 0 
                                 
 1148  8A A4 29DC               		mov	ah,ds:data_18e[si] 
 114C  2E: A3 44FF              		mov	cs:data_35e,ax 
 1150  8A A4 14EE               		mov	ah,byte ptr ds:[14EEh][si] 
 1154  2E: A3 44FD              		mov	cs:data_34e,ax 
 1158  AC                       		lodsb				; String [si] to al 
 1159  86 E0                    		xchg	ah,al 
 115B  2E: A3 44FB              		mov	cs:data_33e,ax 
 115F  E8 146F R                		call	sub_20 
 1162  AB                       		stosw				; Store ax to es:[di] 
 1163  E8 146F R                		call	sub_20 
 1166  AA                       		stosb				; Store al to es:[di] 
                                		retn 
 1167  C3                     1                 db     0C3h
                                sub_17		endp 
                                 
                                			                        ;* No entry point to code 
 1168  1E                       		push	ds 
 1169  89 3E 450D               		mov	ds:data_44e,di 
 116D  8C 06 450F               		mov	ds:data_45e,es 
 1171  B8 A000                  		mov	ax,0A000h 
 1174  8E C0                    		mov	es,ax 
 1176  2E: 8E 1E 450F           		mov	ds,cs:data_45e 
 117B  B9 0039                  		mov	cx,39h 
                                 
 117E                           locloop_110: 
Microsoft (R) Macro Assembler  Version 4.00                 3/29/26 15:12:34

                                                            Page     1-43
                                                            

 117E  2E: C6 06 FF1A 00        		mov	byte ptr cs:data_52e,0 
 1184  51                       		push	cx 
 1185  8B C1                    		mov	ax,cx 
 1187  F7 D8                    		neg	ax 
 1189  05 0039                  		add	ax,39h 
 118C  03 C0                    		add	ax,ax 
 118E  E8 11A6 R                		call	sub_18 
 1191  58                       		pop	ax 
 1192  50                       		push	ax 
 1193  03 C0                    		add	ax,ax 
 1195  48                       		dec	ax 
 1196  E8 11A6 R                		call	sub_18 
 1199                           loc_111: 
 1199  2E: 80 3E FF1A 04        		cmp	byte ptr cs:data_52e,4 
 119F  72 F8                    		jb	loc_111			; Jump if below 
 11A1  59                       		pop	cx 
 11A2  E2 DA                    		loop	locloop_110		; Loop if cx > 0 
                                 
 11A4  1F                       		pop	ds 
                                		retn 
 11A5  C3                     1                 db     0C3h
                                 
                                ;ﬂﬂﬂﬂﬂﬂﬂﬂﬂﬂﬂﬂﬂﬂﬂﬂﬂﬂﬂﬂﬂﬂﬂﬂﬂﬂﬂﬂﬂﬂﬂﬂﬂﬂﬂﬂﬂﬂﬂﬂﬂﬂﬂﬂﬂﬂﬂﬂﬂﬂﬂﬂﬂﬂﬂﬂﬂﬂﬂﬂﬂﬂﬂﬂﬂﬂﬂﬂﬂﬂﬂﬂﬂﬂ 
                                ;                              SUBROUTINE 
                                ;‹‹‹‹‹‹‹‹‹‹‹‹‹‹‹‹‹‹‹‹‹‹‹‹‹‹‹‹‹‹‹‹‹‹‹‹‹‹‹‹‹‹‹‹‹‹‹‹‹‹‹‹‹‹‹‹‹‹‹‹‹‹‹‹‹‹‹‹‹‹‹‹‹‹ 
                                 
 11A6                           sub_18		proc	near 
 11A6  50                       		push	ax 
 11A7  8A D8                    		mov	bl,al 
 11A9  B0 2F                    		mov	al,2Fh			; '/' 
 11AB  F6 E3                    		mul	bl			; ax = reg * al 
 11AD  05 03CD                  		add	ax,3CDh 
 11B0  2E: 03 06 450D           		add	ax,cs:data_44e 
 11B5  8B F0                    		mov	si,ax 
 11B7  80 C3 14                 		add	bl,14h 
 11BA  B7 21                    		mov	bh,21h			; '!' 
 11BC  E8 14E9 R                		call	sub_22 
 11BF  8B F8                    		mov	di,ax 
 11C1  58                       		pop	ax 
 11C2  3D 005E                  		cmp	ax,5Eh 
 11C5  B9 002F                  		mov	cx,2Fh 
 11C8  73 3A                    		jnc	loc_113			; Jump if carry=0 
 11CA  B9 0007                  		mov	cx,7 
 11CD  2E: C7 06 4501 0000      		mov	word ptr cs:data_36e,0 
                                 
 11D4                           locloop_112: 
 11D4  8B 84 29DC               		mov	ax,ds:data_18e[si] 
 11D8  86 E0                    		xchg	ah,al 
 11DA  2E: A3 44FF              		mov	cs:data_35e,ax 
 11DE  8B 84 14EE               		mov	ax,word ptr ds:[14EEh][si] 
 11E2  86 E0                    		xchg	ah,al 
 11E4  2E: A3 44FD              		mov	cs:data_34e,ax 
 11E8  AD                       		lodsw				; String [si] to ax 
 11E9  86 E0                    		xchg	ah,al 
 11EB  2E: A3 44FB              		mov	cs:data_33e,ax 
Microsoft (R) Macro Assembler  Version 4.00                 3/29/26 15:12:34

                                                            Page     1-44
                                                            

 11EF  E8 146F R                		call	sub_20 
 11F2  AB                       		stosw				; Store ax to es:[di] 
 11F3  E8 146F R                		call	sub_20 
 11F6  AB                       		stosw				; Store ax to es:[di] 
 11F7  E8 146F R                		call	sub_20 
 11FA  AB                       		stosw				; Store ax to es:[di] 
 11FB  E8 146F R                		call	sub_20 
 11FE  AB                       		stosw				; Store ax to es:[di] 
 11FF  E2 D3                    		loop	locloop_112		; Loop if cx > 0 
                                 
 1201  B9 0021                  		mov	cx,21h 
 1204                           loc_113: 
 1204  03 C9                    		add	cx,cx 
 1206  33 C0                    		xor	ax,ax			; Zero register 
 1208  F3/ AB                   		rep	stosw			; Rep when cx >0 Store ax to es:[di] 
                                		retn 
 120A  C3                     1                 db     0C3h
                                sub_18		endp 
                                 
                                			                        ;* No entry point to code 
 120B  50                       		push	ax 
 120C  E8 14E9 R                		call	sub_22 
 120F  8B F8                    		mov	di,ax 
 1211  B8 A000                  		mov	ax,0A000h 
 1214  8E C0                    		mov	es,ax 
 1216  58                       		pop	ax 
 1217  8A E0                    		mov	ah,al 
 1219  B9 0008                  		mov	cx,8 
                                 
 121C                           locloop_114: 
 121C  AB                       		stosw				; Store ax to es:[di] 
 121D  AB                       		stosw				; Store ax to es:[di] 
 121E  AB                       		stosw				; Store ax to es:[di] 
 121F  AB                       		stosw				; Store ax to es:[di] 
 1220  81 C7 0138               		add	di,138h 
 1224  E2 F6                    		loop	locloop_114		; Loop if cx > 0 
                                 
                                		retn 
 1226  C3                     1                 db     0C3h
                                 
                                ;ﬂﬂﬂﬂﬂﬂﬂﬂﬂﬂﬂﬂﬂﬂﬂﬂﬂﬂﬂﬂﬂﬂﬂﬂﬂﬂﬂﬂﬂﬂﬂﬂﬂﬂﬂﬂﬂﬂﬂﬂﬂﬂﬂﬂﬂﬂﬂﬂﬂﬂﬂﬂﬂﬂﬂﬂﬂﬂﬂﬂﬂﬂﬂﬂﬂﬂﬂﬂﬂﬂﬂﬂﬂﬂ 
                                ;                              SUBROUTINE 
                                ;‹‹‹‹‹‹‹‹‹‹‹‹‹‹‹‹‹‹‹‹‹‹‹‹‹‹‹‹‹‹‹‹‹‹‹‹‹‹‹‹‹‹‹‹‹‹‹‹‹‹‹‹‹‹‹‹‹‹‹‹‹‹‹‹‹‹‹‹‹‹‹‹‹‹ 
                                 
 1227                           sub_19		proc	near 
 1227                           loc_115: 
 1227  BA 0030                  		mov	dx,30h 
 122A  F7 E2                    		mul	dx			; dx:ax = reg * ax 
 122C  05 4289                  		add	ax,4289h 
 122F  8B F0                    		mov	si,ax 
 1231  89 36 44F8               		mov	ds:data_31e,si 
 1235  9C                       		pushf				; Push flags 
 1236  FA                       		cli				; Disable interrupts 
 1237  8B 36 44F8               		mov	si,ds:data_31e 
 123B  B8 0040                  		mov	ax,40h 
Microsoft (R) Macro Assembler  Version 4.00                 3/29/26 15:12:34

                                                            Page     1-45
                                                            

 123E  8E C0                    		mov	es,ax 
 1240  26: 8B 16 0063           		mov	dx,es:data_2e 
 1245  83 C2 06                 		add	dx,6 
 1248  52                       		push	dx 
 1249  EC                       		in	al,dx			; port 3DAh, CGA/EGA vid status 
 124A  C6 06 44FA 00            		mov	byte ptr ds:data_32e,0 
 124F  B9 0010                  		mov	cx,10h 
                                 
 1252                           locloop_116: 
 1252  51                       		push	cx 
 1253  AC                       		lodsb				; String [si] to al 
 1254  8A F8                    		mov	bh,al 
 1256  AC                       		lodsb				; String [si] to al 
 1257  8A D8                    		mov	bl,al 
 1259  AC                       		lodsb				; String [si] to al 
 125A  8A E0                    		mov	ah,al 
 125C  56                       		push	si 
 125D  8B 36 44F8               		mov	si,ds:data_31e 
 1261  B9 0010                  		mov	cx,10h 
                                 
 1264                           locloop_117: 
 1264  BA 03C8                  		mov	dx,3C8h 
 1267  A0 44FA                  		mov	al,ds:data_32e 
 126A  EE                       		out	dx,al			; port 3C8h, VGA pel address 
 126B  EB 00                    		jmp	short $+2		; delay for I/O 
 126D  B2 C9                    		mov	dl,0C9h 
 126F  AC                       		lodsb				; String [si] to al 
 1270  02 C7                    		add	al,bh 
 1272  EE                       		out	dx,al			; port 3C9h, VGA pel data reg 
 1273  EB 00                    		jmp	short $+2		; delay for I/O 
 1275  AC                       		lodsb				; String [si] to al 
 1276  02 C3                    		add	al,bl 
 1278  EE                       		out	dx,al			; port 3C9h, VGA pel data reg 
 1279  EB 00                    		jmp	short $+2		; delay for I/O 
 127B  AC                       		lodsb				; String [si] to al 
 127C  02 C4                    		add	al,ah 
 127E  EE                       		out	dx,al			; port 3C9h, VGA pel data reg 
 127F  EB 00                    		jmp	short $+2		; delay for I/O 
 1281  FE 06 44FA               		inc	byte ptr ds:data_32e 
 1285  E2 DD                    		loop	locloop_117		; Loop if cx > 0 
                                 
 1287  5E                       		pop	si 
 1288  59                       		pop	cx 
 1289  E2 C7                    		loop	locloop_116		; Loop if cx > 0 
                                 
 128B  5A                       		pop	dx 
 128C  EC                       		in	al,dx			; port 3DAh, CGA/EGA vid status 
 128D  9D                       		popf				; Pop flags 
                                		retn 
 128E  C3                     1                 db     0C3h
                                sub_19		endp 
                                 
 128F  00 00 00 00 0F 0F        		db	 00h, 00h, 00h, 00h, 0Fh, 0Fh 
 1295  00 00 1F 1F 1F 1F        		db	 00h, 00h, 1Fh, 1Fh, 1Fh, 1Fh 
 129B  00 00 00 00 1F 1F        		db	 00h, 00h, 00h, 00h, 1Fh, 1Fh 
Microsoft (R) Macro Assembler  Version 4.00                 3/29/26 15:12:34

                                                            Page     1-46
                                                            

 12A1  1F 1F 00 1F 1F 1F        		db	 1Fh, 1Fh, 00h, 1Fh, 1Fh, 1Fh 
 12A7  07 07 07 0F 0F 0F        		db	 07h, 07h, 07h, 0Fh, 0Fh, 0Fh 
 12AD  1F 00 00 1F 00 1F        		db	 1Fh, 00h, 00h, 1Fh, 00h, 1Fh 
 12B3  00 1F 00 00 1F 1F        		db	 00h, 1Fh, 00h, 00h, 1Fh, 1Fh 
 12B9  0F 0F 00 0F 0F 0F        		db	 0Fh, 0Fh, 00h, 0Fh, 0Fh, 0Fh 
 12BF  00 00 00 00 00 1F        		db	 00h, 00h, 00h, 00h, 00h, 1Fh 
 12C5  1F 00 00 1F 00 1F        		db	 1Fh, 00h, 00h, 1Fh, 00h, 1Fh 
 12CB  000C[                    		db	12 dup (1Fh) 
            1F                  
                         ]      
                                
 12D7  07 07 07 0F 0F 0F        		db	 07h, 07h, 07h, 0Fh, 0Fh, 0Fh 
 12DD  1F 00 00 1F 00 1F        		db	 1Fh, 00h, 00h, 1Fh, 00h, 1Fh 
 12E3  000C[                    		db	12 dup (1Fh) 
            1F                  
                         ]      
                                
 12EF  00 00 00 00 00 1F        		db	 00h, 00h, 00h, 00h, 00h, 1Fh 
 12F5  1F 00 00 1F 00 1F        		db	 1Fh, 00h, 00h, 1Fh, 00h, 1Fh 
 12FB  00 00 00 00 1F 1F        		db	 00h, 00h, 00h, 00h, 1Fh, 1Fh 
 1301  1F 1F 00 1F 1F 1F        		db	 1Fh, 1Fh, 00h, 1Fh, 1Fh, 1Fh 
 1307  07 07 07 0F 0F 0F        		db	 07h, 07h, 07h, 0Fh, 0Fh, 0Fh 
 130D  1F 00 00 1F 00 1F        		db	 1Fh, 00h, 00h, 1Fh, 00h, 1Fh 
 1313  00 1F 00 00 1F 1F        		db	 00h, 1Fh, 00h, 00h, 1Fh, 1Fh 
 1319  0F 0F 00 0F 0F 0F        		db	 0Fh, 0Fh, 00h, 0Fh, 0Fh, 0Fh 
 131F  00 00 00 1F 00 00        		db	 00h, 00h, 00h, 1Fh, 00h, 00h 
 1325  00 00 1F 1F 1F 1F        		db	 00h, 00h, 1Fh, 1Fh, 1Fh, 1Fh 
 132B  00 00 1F 1F 1F 1F        		db	 00h, 00h, 1Fh, 1Fh, 1Fh, 1Fh 
 1331  00 00 00 1F 1F 1F        		db	 00h, 00h, 00h, 1Fh, 1Fh, 1Fh 
 1337  07 07 07 1F 1F 1F        		db	 07h, 07h, 07h, 1Fh, 1Fh, 1Fh 
 133D  1F 00 00 1F 00 1F        		db	 1Fh, 00h, 00h, 1Fh, 00h, 1Fh 
 1343  00 1F 00 00 1F 1F        		db	 00h, 1Fh, 00h, 00h, 1Fh, 1Fh 
 1349  1F 1F 00 0F 0F 0F        		db	 1Fh, 1Fh, 00h, 0Fh, 0Fh, 0Fh 
 134F  00 00 00 00 00 0F        		db	 00h, 00h, 00h, 00h, 00h, 0Fh 
 1355  0F 00 00 0F 00 0F        		db	 0Fh, 00h, 00h, 0Fh, 00h, 0Fh 
 135B  00 0F 0F 00 0F 0F        		db	 00h, 0Fh, 0Fh, 00h, 0Fh, 0Fh 
 1361  1F 1F 00 1F 1F 1F        		db	 1Fh, 1Fh, 00h, 1Fh, 1Fh, 1Fh 
 1367  07 07 07 00 00 1F        		db	 07h, 07h, 07h, 00h, 00h, 1Fh 
 136D  1F 00 00 1F 00 1F        		db	 1Fh, 00h, 00h, 1Fh, 00h, 1Fh 
 1373  00 1F 1F 00 1F 1F        		db	 00h, 1Fh, 1Fh, 00h, 1Fh, 1Fh 
 1379  0F 0F 00 1F 1F 1F        		db	 0Fh, 0Fh, 00h, 1Fh, 1Fh, 1Fh 
 137F  00 00 00 00 00 1F        		db	 00h, 00h, 00h, 00h, 00h, 1Fh 
 1385  1F 00 00 00 0F 0F        		db	 1Fh, 00h, 00h, 00h, 0Fh, 0Fh 
 138B  00 1F 00 00 1F 1F        		db	 00h, 1Fh, 00h, 00h, 1Fh, 1Fh 
 1391  1F 1F 00 1F 1F 1F        		db	 1Fh, 1Fh, 00h, 1Fh, 1Fh, 1Fh 
 1397  07 07 07 00 00 1F        		db	 07h, 07h, 07h, 00h, 00h, 1Fh 
 139D  1F 00 00 1F 00 1F        		db	 1Fh, 00h, 00h, 1Fh, 00h, 1Fh 
 13A3  00 1F 1F 00 1F 1F        		db	 00h, 1Fh, 1Fh, 00h, 1Fh, 1Fh 
 13A9  1F 1F 00 1F 1F 1F        		db	 1Fh, 1Fh, 00h, 1Fh, 1Fh, 1Fh 
 13AF  00 00 00 00 00 1F        		db	 00h, 00h, 00h, 00h, 00h, 1Fh 
 13B5  1F 00 00 1F 00 1F        		db	 1Fh, 00h, 00h, 1Fh, 00h, 1Fh 
 13BB  00 00 00 00 1F 1F        		db	 00h, 00h, 00h, 00h, 1Fh, 1Fh 
 13C1  1F 1F 00 1F 1F 1F        		db	 1Fh, 1Fh, 00h, 1Fh, 1Fh, 1Fh 
 13C7  07 07 07 00 00 1F        		db	 07h, 07h, 07h, 00h, 00h, 1Fh 
 13CD  1F 00 00 1F 00 1F        		db	 1Fh, 00h, 00h, 1Fh, 00h, 1Fh 
Microsoft (R) Macro Assembler  Version 4.00                 3/29/26 15:12:34

                                                            Page     1-47
                                                            

 13D3  00 1F 1F 00 1F 1F        		db	 00h, 1Fh, 1Fh, 00h, 1Fh, 1Fh 
 13D9  1F 1F 00 1F 1F 1F        		db	 1Fh, 1Fh, 00h, 1Fh, 1Fh, 1Fh 
 13DF  00 00 00 00 00 1F        		db	 00h, 00h, 00h, 00h, 00h, 1Fh 
 13E5  1F 00 00 1F 00 1F        		db	 1Fh, 00h, 00h, 1Fh, 00h, 1Fh 
 13EB  00 1F 00 00 1F 1F        		db	 00h, 1Fh, 00h, 00h, 1Fh, 1Fh 
 13F1  1F 1F 00 1F 1F 1F        		db	 1Fh, 1Fh, 00h, 1Fh, 1Fh, 1Fh 
 13F7  07 07 07 0F 0F 0F        		db	 07h, 07h, 07h, 0Fh, 0Fh, 0Fh 
 13FD  1F 00 00 1F 00 1F        		db	 1Fh, 00h, 00h, 1Fh, 00h, 1Fh 
 1403  000C[                    		db	12 dup (1Fh) 
            1F                  
                         ]      
                                
 140F  00 00 00 00 00 1F        		db	 00h, 00h, 00h, 00h, 00h, 1Fh 
 1415  1F 00 00 00 1F 00        		db	 1Fh, 00h, 00h, 00h, 1Fh, 00h 
 141B  00 00 00 00 1F 1F        		db	 00h, 00h, 00h, 00h, 1Fh, 1Fh 
 1421  1F 1F 00 1F 1F 1F        		db	 1Fh, 1Fh, 00h, 1Fh, 1Fh, 1Fh 
 1427  07 07 07 00 00 1F        		db	 07h, 07h, 07h, 00h, 00h, 1Fh 
 142D  1F 00 00 1F 00 1F        		db	 1Fh, 00h, 00h, 1Fh, 00h, 1Fh 
 1433  00 1F 1F 00 1F 1F        		db	 00h, 1Fh, 1Fh, 00h, 1Fh, 1Fh 
 1439  1F 1F 00 1F 1F 1F        		db	 1Fh, 1Fh, 00h, 1Fh, 1Fh, 1Fh 
 143F  00 00 00 00 00 1F        		db	 00h, 00h, 00h, 00h, 00h, 1Fh 
 1445  1F 00 00 0F 00 00        		db	 1Fh, 00h, 00h, 0Fh, 00h, 00h 
 144B  00 1F 00 1F 00 00        		db	 00h, 1Fh, 00h, 1Fh, 00h, 00h 
 1451  1F 1F 00 1F 1F 1F        		db	 1Fh, 1Fh, 00h, 1Fh, 1Fh, 1Fh 
 1457  07 07 07 00 00 1F        		db	 07h, 07h, 07h, 00h, 00h, 1Fh 
 145D  1F 00 00 1F 00 1F        		db	 1Fh, 00h, 00h, 1Fh, 00h, 1Fh 
 1463  00 1F 1F 00 1F 1F        		db	 00h, 1Fh, 1Fh, 00h, 1Fh, 1Fh 
 1469  1F 1F 00 1F 1F 1F        		db	 1Fh, 1Fh, 00h, 1Fh, 1Fh, 1Fh 
                                 
                                ;ﬂﬂﬂﬂﬂﬂﬂﬂﬂﬂﬂﬂﬂﬂﬂﬂﬂﬂﬂﬂﬂﬂﬂﬂﬂﬂﬂﬂﬂﬂﬂﬂﬂﬂﬂﬂﬂﬂﬂﬂﬂﬂﬂﬂﬂﬂﬂﬂﬂﬂﬂﬂﬂﬂﬂﬂﬂﬂﬂﬂﬂﬂﬂﬂﬂﬂﬂﬂﬂﬂﬂﬂﬂﬂ 
                                ;                              SUBROUTINE 
                                ;‹‹‹‹‹‹‹‹‹‹‹‹‹‹‹‹‹‹‹‹‹‹‹‹‹‹‹‹‹‹‹‹‹‹‹‹‹‹‹‹‹‹‹‹‹‹‹‹‹‹‹‹‹‹‹‹‹‹‹‹‹‹‹‹‹‹‹‹‹‹‹‹‹‹ 
                                 
 146F                           sub_20		proc	near 
 146F  51                       		push	cx 
 1470  B9 0002                  		mov	cx,2 
                                 
 1473                           locloop_118: 
 1473  2E: D1 06 4501           		rol	word ptr cs:data_36e,1	; Rotate 
 1478  13 C0                    		adc	ax,ax 
 147A  2E: D1 06 44FF           		rol	word ptr cs:data_35e,1	; Rotate 
 147F  13 C0                    		adc	ax,ax 
 1481  2E: D1 06 44FD           		rol	word ptr cs:data_34e,1	; Rotate 
 1486  13 C0                    		adc	ax,ax 
 1488  2E: D1 06 44FB           		rol	word ptr cs:data_33e,1	; Rotate 
 148D  13 C0                    		adc	ax,ax 
 148F  2E: D1 06 4501           		rol	word ptr cs:data_36e,1	; Rotate 
 1494  13 C0                    		adc	ax,ax 
 1496  2E: D1 06 44FF           		rol	word ptr cs:data_35e,1	; Rotate 
 149B  13 C0                    		adc	ax,ax 
 149D  2E: D1 06 44FD           		rol	word ptr cs:data_34e,1	; Rotate 
 14A2  13 C0                    		adc	ax,ax 
 14A4  2E: D1 06 44FB           		rol	word ptr cs:data_33e,1	; Rotate 
 14A9  13 C0                    		adc	ax,ax 
 14AB  E2 C6                    		loop	locloop_118		; Loop if cx > 0 
Microsoft (R) Macro Assembler  Version 4.00                 3/29/26 15:12:34

                                                            Page     1-48
                                                            

                                 
 14AD  86 E0                    		xchg	ah,al 
 14AF  59                       		pop	cx 
                                		retn 
 14B0  C3                     1                 db     0C3h
                                sub_20		endp 
                                 
                                 
                                ;ﬂﬂﬂﬂﬂﬂﬂﬂﬂﬂﬂﬂﬂﬂﬂﬂﬂﬂﬂﬂﬂﬂﬂﬂﬂﬂﬂﬂﬂﬂﬂﬂﬂﬂﬂﬂﬂﬂﬂﬂﬂﬂﬂﬂﬂﬂﬂﬂﬂﬂﬂﬂﬂﬂﬂﬂﬂﬂﬂﬂﬂﬂﬂﬂﬂﬂﬂﬂﬂﬂﬂﬂﬂﬂ 
                                ;                              SUBROUTINE 
                                ;‹‹‹‹‹‹‹‹‹‹‹‹‹‹‹‹‹‹‹‹‹‹‹‹‹‹‹‹‹‹‹‹‹‹‹‹‹‹‹‹‹‹‹‹‹‹‹‹‹‹‹‹‹‹‹‹‹‹‹‹‹‹‹‹‹‹‹‹‹‹‹‹‹‹ 
                                 
 14B1                           sub_21		proc	near 
 14B1  2E: D1 06 4503           		rol	word ptr cs:data_37e,1	; Rotate 
 14B6  1A C0                    		sbb	al,al 
 14B8  2E: D1 06 4503           		rol	word ptr cs:data_37e,1	; Rotate 
 14BD  1A E4                    		sbb	ah,ah 
 14BF  0A C4                    		or	al,ah 
 14C1  2E: D1 06 4503           		rol	word ptr cs:data_37e,1	; Rotate 
 14C6  1A D2                    		sbb	dl,dl 
 14C8  2E: D1 06 4503           		rol	word ptr cs:data_37e,1	; Rotate 
 14CD  1A E4                    		sbb	ah,ah 
 14CF  0A E2                    		or	ah,dl 
                                		retn 
 14D1  C3                     1                 db     0C3h
                                sub_21		endp 
                                 
                                			                        ;* No entry point to code 
 14D2  8C C8                    		mov	ax,cs 
 14D4  05 2000                  		add	ax,2000h 
 14D7  8E C0                    		mov	es,ax 
 14D9  33 C0                    		xor	ax,ax			; Zero register 
 14DB  BF 0000                  		mov	di,data_54e 
 14DE  B9 8000                  		mov	cx,8000h 
 14E1  F3/ AB                   		rep	stosw			; Rep when cx >0 Store ax to es:[di] 
                                		retn 
 14E3  C3                     1                 db     0C3h
 14E4  2E FF 26 22 20           		db	 2Eh,0FFh, 26h, 22h, 20h 
                                 
                                ;ﬂﬂﬂﬂﬂﬂﬂﬂﬂﬂﬂﬂﬂﬂﬂﬂﬂﬂﬂﬂﬂﬂﬂﬂﬂﬂﬂﬂﬂﬂﬂﬂﬂﬂﬂﬂﬂﬂﬂﬂﬂﬂﬂﬂﬂﬂﬂﬂﬂﬂﬂﬂﬂﬂﬂﬂﬂﬂﬂﬂﬂﬂﬂﬂﬂﬂﬂﬂﬂﬂﬂﬂﬂﬂ 
                                ;                              SUBROUTINE 
                                ;‹‹‹‹‹‹‹‹‹‹‹‹‹‹‹‹‹‹‹‹‹‹‹‹‹‹‹‹‹‹‹‹‹‹‹‹‹‹‹‹‹‹‹‹‹‹‹‹‹‹‹‹‹‹‹‹‹‹‹‹‹‹‹‹‹‹‹‹‹‹‹‹‹‹ 
                                 
 14E9                           sub_22		proc	near 
 14E9  8A D3                    		mov	dl,bl 
 14EB  8A DF                    		mov	bl,bh 
 14ED  32 FF                    		xor	bh,bh			; Zero register 
 14EF  8A F7                    		mov	dh,bh 
 14F1  03 DB                    		add	bx,bx 
 14F3  03 DB                    		add	bx,bx 
 14F5  B8 0140                  		mov	ax,140h 
 14F8  F7 E2                    		mul	dx			; dx:ax = reg * ax 
 14FA  03 C3                    		add	ax,bx 
                                		retn 
 14FC  C3                     1                 db     0C3h
Microsoft (R) Macro Assembler  Version 4.00                 3/29/26 15:12:34

                                                            Page     1-49
                                                            

                                sub_22		endp 
                                 
 14FD  C3                       		db	0C3h 
 14FE  0B54[                    		db	2900 dup (0) 
            00                  
                         ]      
                                
 2052  00                       data_17		db	0			; Data table (indexed access) 
 2053  0188[                    		db	392 dup (0) 
            00                  
                         ]      
                                
                                 
 21DB                           seg_a		ends 
                                 
                                 
                                 
                                		end	start 

Microsoft (R) Macro Assembler  Version 4.00                 3/29/26 15:12:34

                                                            Symbols-1
                                                             

Macros:

		N a m e			Lines

CALLF  . . . . . . . . . . . . .  	   2
CALLFX . . . . . . . . . . . . .  	   3
JMPN . . . . . . . . . . . . . .  	   2
MOVSEG . . . . . . . . . . . . .  	  43
RETF . . . . . . . . . . . . . .  	   6
RETN . . . . . . . . . . . . . .  	   6

Segments and Groups:

                N a m e         	Size	Align	Combine Class

SEG_A  . . . . . . . . . . . . .  	21DB	BYTE	PUBLIC	

Symbols:            

                N a m e         	Type	Value	Attr         

DATA_17  . . . . . . . . . . . .  	L BYTE 	2052	SEG_A
DATA_18E . . . . . . . . . . . .  	Number	29DC	
DATA_19E . . . . . . . . . . . .  	Number	2A80	
DATA_1E  . . . . . . . . . . . .  	Number	0240	
DATA_20E . . . . . . . . . . . .  	Number	32B9	
DATA_21E . . . . . . . . . . . .  	Number	32C1	
DATA_22E . . . . . . . . . . . .  	Number	3617	
DATA_23E . . . . . . . . . . . .  	Number	3619	
DATA_24E . . . . . . . . . . . .  	Number	3B1F	
DATA_25E . . . . . . . . . . . .  	Number	3BE3	
DATA_26E . . . . . . . . . . . .  	Number	3C16	
DATA_27E . . . . . . . . . . . .  	Number	3C17	
DATA_28E . . . . . . . . . . . .  	Number	4289	
DATA_29E . . . . . . . . . . . .  	Number	428A	
DATA_2E  . . . . . . . . . . . .  	Number	0063	
DATA_30E . . . . . . . . . . . .  	Number	428B	
DATA_31E . . . . . . . . . . . .  	Number	44F8	
DATA_32E . . . . . . . . . . . .  	Number	44FA	
DATA_33E . . . . . . . . . . . .  	Number	44FB	
DATA_34E . . . . . . . . . . . .  	Number	44FD	
DATA_35E . . . . . . . . . . . .  	Number	44FF	
DATA_36E . . . . . . . . . . . .  	Number	4501	
DATA_37E . . . . . . . . . . . .  	Number	4503	
DATA_38E . . . . . . . . . . . .  	Number	4505	
DATA_39E . . . . . . . . . . . .  	Number	4506	
DATA_4 . . . . . . . . . . . . .  	L WORD 	0662	SEG_A
DATA_40E . . . . . . . . . . . .  	Number	4507	
DATA_41E . . . . . . . . . . . .  	Number	4508	
DATA_42E . . . . . . . . . . . .  	Number	450B	
DATA_44E . . . . . . . . . . . .  	Number	450D	
DATA_45E . . . . . . . . . . . .  	Number	450F	
DATA_46E . . . . . . . . . . . .  	Number	5191	
DATA_47E . . . . . . . . . . . .  	Number	5500	
DATA_48E . . . . . . . . . . . .  	Number	6666	
Microsoft (R) Macro Assembler  Version 4.00                 3/29/26 15:12:34

                                                            Symbols-2
                                                             

DATA_49E . . . . . . . . . . . .  	Number	A000	
DATA_50E . . . . . . . . . . . .  	Number	BF07	
DATA_51E . . . . . . . . . . . .  	Number	F500	
DATA_52E . . . . . . . . . . . .  	Number	FF1A	
DATA_53E . . . . . . . . . . . .  	Number	FF2C	
DATA_54E . . . . . . . . . . . .  	Number	0000	
DATA_55E . . . . . . . . . . . .  	Number	0140	
DATA_56E . . . . . . . . . . . .  	Number	1A6E	
DATA_57E . . . . . . . . . . . .  	Number	1A8E	
DATA_58E . . . . . . . . . . . .  	Number	0000	
DATA_59E . . . . . . . . . . . .  	Number	0000	
DATA_60E . . . . . . . . . . . .  	Number	0140	

LOCLOOP_1  . . . . . . . . . . .  	L NEAR	0060	SEG_A
LOCLOOP_100  . . . . . . . . . .  	L NEAR	1002	SEG_A
LOCLOOP_101  . . . . . . . . . .  	L NEAR	1028	SEG_A
LOCLOOP_102  . . . . . . . . . .  	L NEAR	1065	SEG_A
LOCLOOP_103  . . . . . . . . . .  	L NEAR	109C	SEG_A
LOCLOOP_107  . . . . . . . . . .  	L NEAR	10FB	SEG_A
LOCLOOP_109  . . . . . . . . . .  	L NEAR	1127	SEG_A
LOCLOOP_11 . . . . . . . . . . .  	L NEAR	0252	SEG_A
LOCLOOP_110  . . . . . . . . . .  	L NEAR	117E	SEG_A
LOCLOOP_112  . . . . . . . . . .  	L NEAR	11D4	SEG_A
LOCLOOP_114  . . . . . . . . . .  	L NEAR	121C	SEG_A
LOCLOOP_116  . . . . . . . . . .  	L NEAR	1252	SEG_A
LOCLOOP_117  . . . . . . . . . .  	L NEAR	1264	SEG_A
LOCLOOP_118  . . . . . . . . . .  	L NEAR	1473	SEG_A
LOCLOOP_14 . . . . . . . . . . .  	L NEAR	026C	SEG_A
LOCLOOP_15 . . . . . . . . . . .  	L NEAR	0290	SEG_A
LOCLOOP_17 . . . . . . . . . . .  	L NEAR	02AD	SEG_A
LOCLOOP_2  . . . . . . . . . . .  	L NEAR	00AF	SEG_A
LOCLOOP_21 . . . . . . . . . . .  	L NEAR	02FE	SEG_A
LOCLOOP_23 . . . . . . . . . . .  	L NEAR	03A2	SEG_A
LOCLOOP_24 . . . . . . . . . . .  	L NEAR	03A6	SEG_A
LOCLOOP_26 . . . . . . . . . . .  	L NEAR	03E0	SEG_A
LOCLOOP_28 . . . . . . . . . . .  	L NEAR	042D	SEG_A
LOCLOOP_29 . . . . . . . . . . .  	L NEAR	0447	SEG_A
LOCLOOP_3  . . . . . . . . . . .  	L NEAR	0122	SEG_A
LOCLOOP_31 . . . . . . . . . . .  	L NEAR	0471	SEG_A
LOCLOOP_34 . . . . . . . . . . .  	L NEAR	04DF	SEG_A
LOCLOOP_37 . . . . . . . . . . .  	L NEAR	055E	SEG_A
LOCLOOP_38 . . . . . . . . . . .  	L NEAR	0589	SEG_A
LOCLOOP_43 . . . . . . . . . . .  	L NEAR	05E7	SEG_A
LOCLOOP_44 . . . . . . . . . . .  	L NEAR	0683	SEG_A
LOCLOOP_45 . . . . . . . . . . .  	L NEAR	06DF	SEG_A
LOCLOOP_46 . . . . . . . . . . .  	L NEAR	0717	SEG_A
LOCLOOP_47 . . . . . . . . . . .  	L NEAR	073D	SEG_A
LOCLOOP_48 . . . . . . . . . . .  	L NEAR	0741	SEG_A
LOCLOOP_51 . . . . . . . . . . .  	L NEAR	079D	SEG_A
LOCLOOP_52 . . . . . . . . . . .  	L NEAR	07A3	SEG_A
LOCLOOP_53 . . . . . . . . . . .  	L NEAR	07E7	SEG_A
LOCLOOP_55 . . . . . . . . . . .  	L NEAR	080E	SEG_A
LOCLOOP_56 . . . . . . . . . . .  	L NEAR	0883	SEG_A
LOCLOOP_67 . . . . . . . . . . .  	L NEAR	0962	SEG_A
LOCLOOP_69 . . . . . . . . . . .  	L NEAR	097D	SEG_A
Microsoft (R) Macro Assembler  Version 4.00                 3/29/26 15:12:34

                                                            Symbols-3
                                                             

LOCLOOP_71 . . . . . . . . . . .  	L NEAR	0996	SEG_A
LOCLOOP_73 . . . . . . . . . . .  	L NEAR	09B1	SEG_A
LOCLOOP_78 . . . . . . . . . . .  	L NEAR	0C5D	SEG_A
LOCLOOP_82 . . . . . . . . . . .  	L NEAR	0CD0	SEG_A
LOCLOOP_83 . . . . . . . . . . .  	L NEAR	0CE2	SEG_A
LOCLOOP_85 . . . . . . . . . . .  	L NEAR	0D45	SEG_A
LOCLOOP_88 . . . . . . . . . . .  	L NEAR	0DB4	SEG_A
LOCLOOP_89 . . . . . . . . . . .  	L NEAR	0DFD	SEG_A
LOCLOOP_90 . . . . . . . . . . .  	L NEAR	0E41	SEG_A
LOCLOOP_91 . . . . . . . . . . .  	L NEAR	0EBB	SEG_A
LOCLOOP_96 . . . . . . . . . . .  	L NEAR	0F3B	SEG_A
LOCLOOP_97 . . . . . . . . . . .  	L NEAR	0F73	SEG_A
LOCLOOP_98 . . . . . . . . . . .  	L NEAR	0F9D	SEG_A
LOCLOOP_99 . . . . . . . . . . .  	L NEAR	0FD3	SEG_A
LOC_10 . . . . . . . . . . . . .  	L NEAR	0233	SEG_A
LOC_104  . . . . . . . . . . . .  	L NEAR	10B7	SEG_A
LOC_105  . . . . . . . . . . . .  	L NEAR	10E4	SEG_A
LOC_106  . . . . . . . . . . . .  	L NEAR	10F4	SEG_A
LOC_108  . . . . . . . . . . . .  	L NEAR	111D	SEG_A
LOC_111  . . . . . . . . . . . .  	L NEAR	1199	SEG_A
LOC_113  . . . . . . . . . . . .  	L NEAR	1204	SEG_A
LOC_115  . . . . . . . . . . . .  	L NEAR	1227	SEG_A
LOC_12 . . . . . . . . . . . . .  	L NEAR	025A	SEG_A
LOC_13 . . . . . . . . . . . . .  	L NEAR	0261	SEG_A
LOC_16 . . . . . . . . . . . . .  	L NEAR	029C	SEG_A
LOC_18 . . . . . . . . . . . . .  	L NEAR	02DE	SEG_A
LOC_19 . . . . . . . . . . . . .  	L NEAR	02E4	SEG_A
LOC_20 . . . . . . . . . . . . .  	L NEAR	02E9	SEG_A
LOC_22 . . . . . . . . . . . . .  	L NEAR	0324	SEG_A
LOC_25 . . . . . . . . . . . . .  	L NEAR	03BD	SEG_A
LOC_27 . . . . . . . . . . . . .  	L NEAR	0413	SEG_A
LOC_30 . . . . . . . . . . . . .  	L NEAR	046B	SEG_A
LOC_32 . . . . . . . . . . . . .  	L NEAR	048B	SEG_A
LOC_33 . . . . . . . . . . . . .  	L NEAR	04D3	SEG_A
LOC_35 . . . . . . . . . . . . .  	L NEAR	0544	SEG_A
LOC_36 . . . . . . . . . . . . .  	L NEAR	054A	SEG_A
LOC_39 . . . . . . . . . . . . .  	L NEAR	0591	SEG_A
LOC_4  . . . . . . . . . . . . .  	L NEAR	0182	SEG_A
LOC_40 . . . . . . . . . . . . .  	L NEAR	059E	SEG_A
LOC_41 . . . . . . . . . . . . .  	L NEAR	05B9	SEG_A
LOC_42 . . . . . . . . . . . . .  	L NEAR	05E1	SEG_A
LOC_49 . . . . . . . . . . . . .  	L NEAR	0768	SEG_A
LOC_5  . . . . . . . . . . . . .  	L NEAR	018D	SEG_A
LOC_50 . . . . . . . . . . . . .  	L NEAR	0770	SEG_A
LOC_54 . . . . . . . . . . . . .  	L NEAR	07ED	SEG_A
LOC_57 . . . . . . . . . . . . .  	L NEAR	0909	SEG_A
LOC_58 . . . . . . . . . . . . .  	L NEAR	0917	SEG_A
LOC_59 . . . . . . . . . . . . .  	L NEAR	091B	SEG_A
LOC_6  . . . . . . . . . . . . .  	L NEAR	01AD	SEG_A
LOC_60 . . . . . . . . . . . . .  	L NEAR	0928	SEG_A
LOC_61 . . . . . . . . . . . . .  	L NEAR	092C	SEG_A
LOC_62 . . . . . . . . . . . . .  	L NEAR	093A	SEG_A
LOC_63 . . . . . . . . . . . . .  	L NEAR	093E	SEG_A
LOC_64 . . . . . . . . . . . . .  	L NEAR	094B	SEG_A
LOC_65 . . . . . . . . . . . . .  	L NEAR	0952	SEG_A
Microsoft (R) Macro Assembler  Version 4.00                 3/29/26 15:12:34

                                                            Symbols-4
                                                             

LOC_66 . . . . . . . . . . . . .  	L NEAR	095E	SEG_A
LOC_68 . . . . . . . . . . . . .  	L NEAR	0979	SEG_A
LOC_7  . . . . . . . . . . . . .  	L NEAR	01C6	SEG_A
LOC_70 . . . . . . . . . . . . .  	L NEAR	0992	SEG_A
LOC_72 . . . . . . . . . . . . .  	L NEAR	09AD	SEG_A
LOC_74 . . . . . . . . . . . . .  	L NEAR	09C0	SEG_A
LOC_75 . . . . . . . . . . . . .  	L NEAR	0A53	SEG_A
LOC_76 . . . . . . . . . . . . .  	L NEAR	0A5B	SEG_A
LOC_77 . . . . . . . . . . . . .  	L NEAR	0A60	SEG_A
LOC_79 . . . . . . . . . . . . .  	L NEAR	0C70	SEG_A
LOC_8  . . . . . . . . . . . . .  	L NEAR	01D7	SEG_A
LOC_80 . . . . . . . . . . . . .  	L NEAR	0C82	SEG_A
LOC_81 . . . . . . . . . . . . .  	L NEAR	0C92	SEG_A
LOC_84 . . . . . . . . . . . . .  	L NEAR	0CF4	SEG_A
LOC_86 . . . . . . . . . . . . .  	L NEAR	0D6B	SEG_A
LOC_87 . . . . . . . . . . . . .  	L NEAR	0D77	SEG_A
LOC_9  . . . . . . . . . . . . .  	L NEAR	022B	SEG_A
LOC_92 . . . . . . . . . . . . .  	L NEAR	0EF0	SEG_A
LOC_93 . . . . . . . . . . . . .  	L NEAR	0EF3	SEG_A
LOC_94 . . . . . . . . . . . . .  	L NEAR	0F21	SEG_A
LOC_95 . . . . . . . . . . . . .  	L NEAR	0F24	SEG_A

START  . . . . . . . . . . . . .  	L NEAR	0000	SEG_A
SUB_1  . . . . . . . . . . . . .  	N PROC	01B8	SEG_A	Length = 0087
SUB_10 . . . . . . . . . . . . .  	N PROC	0DF0	SEG_A	Length = 000D
SUB_11 . . . . . . . . . . . . .  	N PROC	0DFD	SEG_A	Length = 0025
SUB_12 . . . . . . . . . . . . .  	N PROC	0E22	SEG_A	Length = 0019
SUB_13 . . . . . . . . . . . . .  	N PROC	0F31	SEG_A	Length = 0038
SUB_14 . . . . . . . . . . . . .  	N PROC	0F69	SEG_A	Length = 008C
SUB_15 . . . . . . . . . . . . .  	N PROC	0FF5	SEG_A	Length = 0085
SUB_16 . . . . . . . . . . . . .  	N PROC	107A	SEG_A	Length = 000C
SUB_17 . . . . . . . . . . . . .  	N PROC	10C4	SEG_A	Length = 00A4
SUB_18 . . . . . . . . . . . . .  	N PROC	11A6	SEG_A	Length = 0065
SUB_19 . . . . . . . . . . . . .  	N PROC	1227	SEG_A	Length = 0068
SUB_2  . . . . . . . . . . . . .  	N PROC	0329	SEG_A	Length = 0009
SUB_20 . . . . . . . . . . . . .  	N PROC	146F	SEG_A	Length = 0042
SUB_21 . . . . . . . . . . . . .  	N PROC	14B1	SEG_A	Length = 0021
SUB_22 . . . . . . . . . . . . .  	N PROC	14E9	SEG_A	Length = 0014
SUB_3  . . . . . . . . . . . . .  	N PROC	059C	SEG_A	Length = 001B
SUB_4  . . . . . . . . . . . . .  	N PROC	05B7	SEG_A	Length = 001B
SUB_5  . . . . . . . . . . . . .  	N PROC	05D2	SEG_A	Length = 004B
SUB_6  . . . . . . . . . . . . .  	N PROC	0759	SEG_A	Length = 0061
SUB_7  . . . . . . . . . . . . .  	N PROC	09CA	SEG_A	Length = 0064
SUB_8  . . . . . . . . . . . . .  	N PROC	0A2E	SEG_A	Length = 0037
SUB_9  . . . . . . . . . . . . .  	N PROC	0D05	SEG_A	Length = 007A

TARGET . . . . . . . . . . . . .  	Number	4D34	

_105GDMCA  . . . . . . . . . . .  	F PROC	0000	SEG_A	Length = 01B8


   2597 Source  Lines
   2892 Total   Lines
    217 Symbols

  42760 Bytes symbol space free

      0 Warning Errors
      0 Severe  Errors
