Microsoft (R) Macro Assembler  Version 4.00                 3/29/26 15:12:57

                                                            Page     1-1
                                                            

                                 
                                PAGE  59,132 
                                 
                                ;€€€€€€€€€€€€€€€€€€€€€€€€€€€€€€€€€€€€€€€€€€€€€€€€€€€€€€€€€€€€€€€€€€€€€€€€€€ 
                                ;€€					                                 €€ 
                                ;€€				_107GTEGA                                €€ 
                                ;€€					                                 €€ 
                                ;€€      Created:   29-Mar-26		                                 €€ 
                                ;€€      Code type: zero start		                                 €€ 
                                ;€€      Passes:    9          Analysis	Options on: none                 €€ 
                                ;€€					                                 €€ 
                                ;€€€€€€€€€€€€€€€€€€€€€€€€€€€€€€€€€€€€€€€€€€€€€€€€€€€€€€€€€€€€€€€€€€€€€€€€€€ 
                                 
 = 4D34                         target		EQU   'M4'                      ; Target assembler: MASM-4.0 
                                 
                             C  include  srmacros.inc 
                             C   
                             C  ; Macros which may be required for proper re-assembly 
                             C   
                             C  IF (target EQ 'M4') 
                             C  ;----------------------------------------------------------------------------- 
                             C  ;  MASM 4.0 does not allow retf and retn, allowed by current assemblers. 
                             C  ;  These marcos, convert RETF and RETN into data bytes that are acceptable 
                             C  ;  to MASM 4.0. 
                             C   
                             C   
                             C  retf            macro   ret_count               ; Fixup for Assembler 
                             C                  if      ret_count+0 GT 1 
                             C                  db      0CAh 
                             C                  dw      ret_count 
                             C                  else 
                             C                  db      0CBh 
                             C                  endif 
                             C  endm 
                             C   
                             C  retn            macro  ret_count 
                             C                  if     ret_count+0 GT 1 
                             C                  db     0C2h 
                             C                  dw     ret_count 
                             C                  else 
                             C                  db     0C3h 
                             C                  endif 
                             C  endm 
                             C   
                             C  ENDIF 
                             C   
                             C   
                             C  IF (target EQ 'M4') OR (target EQ 'M5')  
                             C  ;----------------------------------------------------------------------------- 
                             C  ; Due to a bug in earlier MASM assemblers, the valid instruction type  
                             C  ; "mov segreg, reg"  cannot be used, if the register is not AX.   
                             C  ; For example:  mov  es, bx 
                             C   
                             C  movseg          macro reg16, unused, Imm16      ; Fixup for Assembler 
                             C                  ifidn  <reg16>, <bx>             
Microsoft (R) Macro Assembler  Version 4.00                 3/29/26 15:12:57

                                                            Page     1-2
                                                            

                             C                  db     0BBh                      
                             C                  endif                            
                             C                  ifidn  <reg16>, <cx>             
                             C                  db     0B9h                      
                             C                  endif 
                             C                  ifidn  <reg16>, <dx> 
                             C                  db     0BAh 
                             C                  endif 
                             C                  ifidn  <reg16>, <si> 
                             C                  db     0BEh 
                             C                  endif 
                             C                  ifidn  <reg16>, <di> 
                             C                  db     0BFh 
                             C                  endif 
                             C                  ifidn  <reg16>, <bp> 
                             C                  db     0BDh 
                             C                  endif 
                             C                  ifidn  <reg16>, <sp> 
                             C                  db     0BCh 
                             C                  endif 
                             C                  ifidn  <reg16>, <BX> 
                             C                  db     0BBH 
                             C                  endif 
                             C                  ifidn  <reg16>, <CX> 
                             C                  db     0B9H 
                             C                  endif 
                             C                  ifidn  <reg16>, <DX> 
                             C                  db     0BAH 
                             C                  endif 
                             C                  ifidn  <reg16>, <SI> 
                             C                  db     0BEH 
                             C                  endif 
                             C                  ifidn  <reg16>, <DI> 
                             C                  db     0BFH 
                             C                  endif 
                             C                  ifidn  <reg16>, <BP> 
                             C                  db     0BDH 
                             C                  endif 
                             C                  ifidn  <reg16>, <SP> 
                             C                  db     0BCH 
                             C                  endif 
                             C                  dw     seg Imm16 
                             C  endm 
                             C   
                             C  ENDIF 
                             C   
                             C   
                             C  ENDIF 
                             C   
                             C   
                             C   
                             C  IFE (target EQ 'NO') 
                             C  ;----------------------------------------------------------------------------- 
                             C  ;  Some compilers and some assemblers will code a call that goes to a far 
                             C  ;  subroutine in the same segment as: 
Microsoft (R) Macro Assembler  Version 4.00                 3/29/26 15:12:57

                                                            Page     1-3
                                                            

                             C  ; 
                             C  ;               PUSH    CS 
                             C  ;               CALL    near 
                             C  ; 
                             C  ;  This saves one byte, and is slightly faster.  If the assembler you are 
                             C  ;  using (i.e. MASM, Optasm) does not do this automatically, the following 
                             C  ;  macros are used to code the same information.  In other words, the binary 
                             C  ;  file has "PUSH CS, CALL near", and Sourcer ensures the same instructions 
                             C  ;  are used!  (macro CALLF) 
                             C  ; 
                             C   
                             C  callf           macro   location 
                             C                  push    cs 
                             C                  call    near ptr location 
                             C  endm 
                             C   
                             C  ;  Some compilers generate an unnecessary DS override on the call instruction 
                             C  ;  when compacting the CALLF type function.  Macro CALLFX handles this case. 
                             C   
                             C  callfx          macro   location 
                             C                  push    cs 
                             C                  db      3Eh 
                             C                  call    near ptr location 
                             C  endm 
                             C   
                             C   
                             C  ;----------------------------------------------------------------------------- 
                             C  ;  Some compilers and some assemblers will code a near call that is the 
                             C  ;  selected assembler will convert to a short jump to save a byte.  This 
                             C  ;  reconstructs a near jump for these cases. 
                             C   
                             C  jmpn            macro   location 
                             C                  db      0E9h 
                             C                  dw      offset location-$-2 
                             C  endm 
                             C   
                             C  ENDIF 
                             C   
                                 
                                 
                                 
                                ; The following equates show data references outside the range of the program. 
                                 
 = 004E                         data_1e		equ	4Eh 
 = 8000                         data_2e		equ	8000h			;* 
 = 8004                         data_3e		equ	8004h			;* 
 = 8100                         data_4e		equ	8100h			;* 
 = 32EB                         data_10e	equ	32EBh			;* 
 = 35BE                         data_11e	equ	35BEh			;* 
 = 361A                         data_12e	equ	361Ah			;* 
 = 3628                         data_13e	equ	3628h			;* 
 = 38B9                         data_14e	equ	38B9h			;* 
 = 3A32                         data_15e	equ	3A32h			;* 
 = 3BB1                         data_16e	equ	3BB1h			;* 
 = 3BB3                         data_17e	equ	3BB3h			;* 
Microsoft (R) Macro Assembler  Version 4.00                 3/29/26 15:12:57

                                                            Page     1-4
                                                            

 = 3BB4                         data_18e	equ	3BB4h			;* 
 = 3BB7                         data_19e	equ	3BB7h			;* 
 = 3BBA                         data_20e	equ	3BBAh			;* 
 = 3BBC                         data_21e	equ	3BBCh			;* 
 = 3BE4                         data_22e	equ	3BE4h			;* 
 = 3D4C                         data_23e	equ	3D4Ch			;* 
 = 3E80                         data_24e	equ	3E80h			;* 
 = C00F                         data_25e	equ	0C00Fh			;* 
 = C583                         data_26e	equ	0C583h			;* 
 = E005                         data_27e	equ	0E005h			;* 
 = F502                         data_28e	equ	0F502h			;* 
 = F504                         data_29e	equ	0F504h			;* 
 = FF2A                         data_30e	equ	0FF2Ah			;* 
 = FF2C                         data_31e	equ	0FF2Ch			;* 
 = FF57                         data_32e	equ	0FF57h			;* 
 = FF68                         data_33e	equ	0FF68h			;* 
 = FF6A                         data_34e	equ	0FF6Ah			;* 
 = 046C                         data_35e	equ	46Ch 
 = 04A3                         data_36e	equ	4A3h 
 = 0C80                         data_37e	equ	0C80h 
 = 24EC                         data_38e	equ	24ECh 
 = 2C6C                         data_39e	equ	2C6Ch 
 = 2CA3                         data_40e	equ	2CA3h 
 = 2EEC                         data_41e	equ	2EECh 
 = 2F23                         data_42e	equ	2F23h 
 = 3BB5                         data_43e	equ	3BB5h 
 = 3E80                         data_44e	equ	3E80h 
 = 3EB0                         data_45e	equ	3EB0h 
 = 3EE0                         data_46e	equ	3EE0h 
 = 3F10                         data_47e	equ	3F10h 
                                 
 0000                           seg_a		segment	byte public 
                                		assume	cs:seg_a, ds:seg_a 
                                 
                                 
 0000                           		org	0 
                                 
 0000                           _107GTEGA	proc	far 
                                 
 0000                           start: 
 0000  4C                       		dec	sp 
                                ;*		pop	cs			; Dangerous-8088 only 
 0001  0F                       		db	0Fh			;  Fixup - byte match 
 0002  00 00                    		add	[bx+si],al 
 0004  66 3B 28 30 5C 30 26     		db	'f;(0\0&7' 
       37                       
 000C  7F 37 B7 37 0E 38        		db	 7Fh, 37h,0B7h, 37h, 0Eh, 38h 
 0012  B6 33 0C 36 69 36        		db	0B6h, 33h, 0Ch, 36h, 69h, 36h 
 0018  D2 35 44 38 8C 38        		db	0D2h, 35h, 44h, 38h, 8Ch, 38h 
 001E  FE 38 CB 38 A1 3A        		db	0FEh, 38h,0CBh, 38h,0A1h, 3Ah 
 0024  09 3B 8E 39 B0 3B        		db	 09h, 3Bh, 8Eh, 39h,0B0h, 3Bh 
 002A  B0 3B 1E BE 6C 18        		db	0B0h, 3Bh, 1Eh,0BEh, 6Ch, 18h 
 0030  BF 00 A0 0E 07 B8        		db	0BFh, 00h,0A0h, 0Eh, 07h,0B8h 
 0036  00 A0 8E D8 BA CE        		db	 00h,0A0h, 8Eh,0D8h,0BAh,0CEh 
 003C  03 B0 04 EE 42 B9        		db	 03h,0B0h, 04h,0EEh, 42h,0B9h 
Microsoft (R) Macro Assembler  Version 4.00                 3/29/26 15:12:57

                                                            Page     1-5
                                                            

 0042  1C 00                    		db	 1Ch, 00h 
                                 
 0044                           locloop_1: 
 0044  51                       		push	cx 
 0045  56                       		push	si 
 0046  B9 0018                  		mov	cx,18h 
                                 
 0049                           locloop_2: 
 0049  B0 00                    		mov	al,0 
 004B  EE                       		out	dx,al			; port 0, DMA-1 bas&add ch 0 
 004C  A5                       		movsw				; Mov [si] to es:[di] 
 004D  4E                       		dec	si 
 004E  4E                       		dec	si 
 004F  B0 02                    		mov	al,2 
 0051  EE                       		out	dx,al			; port 0, DMA-1 bas&add ch 0 
 0052  A5                       		movsw				; Mov [si] to es:[di] 
 0053  83 C6 4E                 		add	si,4Eh 
 0056  E2 F1                    		loop	locloop_2		; Loop if cx > 0 
                                 
 0058  5E                       		pop	si 
 0059  59                       		pop	cx 
 005A  46                       		inc	si 
 005B  46                       		inc	si 
 005C  E2 E6                    		loop	locloop_1		; Loop if cx > 0 
                                 
 005E  1F                       		pop	ds 
                                		retn 
 005F  C3                     1                 db     0C3h
                                			                        ;* No entry point to code 
 0060  0E                       		push	cs 
 0061  07                       		pop	es 
 0062  BF 3D4C                  		mov	di,data_23e 
 0065  33 C0                    		xor	ax,ax			; Zero register 
 0067  B9 0100                  		mov	cx,100h 
 006A  F3/ AB                   		rep	stosw			; Rep when cx >0 Store ax to es:[di] 
 006C  8B 36 FF2A               		mov	si,ds:data_30e 
 0070  80 7C 1D FD              		cmp	byte ptr [si+1Dh],0FDh 
 0074  75 03                    		jne	loc_3			; Jump if not equal 
 0076  E8 04D1 R                		call	sub_7 
 0079                           loc_3: 
 0079  C7 06 3BB1 186C          		mov	word ptr ds:data_16e,186Ch 
 007F  8B 36 FF2A               		mov	si,ds:data_30e 
 0083  83 C6 20                 		add	si,20h 
 0086  0E                       		push	cs 
 0087  07                       		pop	es 
 0088  BF E000                  		mov	di,0E000h 
 008B  C6 06 3BB3 00            		mov	byte ptr ds:data_17e,0 
 0090                           loc_4: 
 0090  E8 00E4 R                		call	sub_1 
 0093  32 DB                    		xor	bl,bl			; Zero register 
 0095  A6                       		cmpsb				; Cmp [si] to es:[di] 
 0096  74 03                    		jz	loc_5			; Jump if zero 
 0098  E8 021C R                		call	sub_4 
 009B                           loc_5: 
 009B  FE C3                    		inc	bl 
Microsoft (R) Macro Assembler  Version 4.00                 3/29/26 15:12:57

                                                            Page     1-6
                                                            

 009D  A6                       		cmpsb				; Cmp [si] to es:[di] 
 009E  74 03                    		jz	loc_6			; Jump if zero 
 00A0  E8 021C R                		call	sub_4 
 00A3                           loc_6: 
 00A3  FE C3                    		inc	bl 
 00A5  A6                       		cmpsb				; Cmp [si] to es:[di] 
 00A6  74 03                    		jz	loc_7			; Jump if zero 
 00A8  E8 021C R                		call	sub_4 
 00AB                           loc_7: 
 00AB  FE C3                    		inc	bl 
 00AD  A6                       		cmpsb				; Cmp [si] to es:[di] 
 00AE  74 03                    		jz	loc_8			; Jump if zero 
 00B0  E8 013F R                		call	sub_3 
 00B3                           loc_8: 
 00B3  FE C3                    		inc	bl 
 00B5  A6                       		cmpsb				; Cmp [si] to es:[di] 
 00B6  74 03                    		jz	loc_9			; Jump if zero 
 00B8  E8 013F R                		call	sub_3 
 00BB                           loc_9: 
 00BB  FE C3                    		inc	bl 
 00BD  A6                       		cmpsb				; Cmp [si] to es:[di] 
 00BE  74 03                    		jz	loc_10			; Jump if zero 
 00C0  E8 0136 R                		call	sub_2 
 00C3                           loc_10: 
 00C3  FE C3                    		inc	bl 
 00C5  A6                       		cmpsb				; Cmp [si] to es:[di] 
 00C6  74 03                    		jz	loc_11			; Jump if zero 
 00C8  E8 013F R                		call	sub_3 
 00CB                           loc_11: 
 00CB  FE C3                    		inc	bl 
 00CD  A6                       		cmpsb				; Cmp [si] to es:[di] 
 00CE  74 03                    		jz	loc_12			; Jump if zero 
 00D0  E8 013F R                		call	sub_3 
 00D3                           loc_12: 
 00D3  83 06 3BB1 02            		add	word ptr ds:data_16e,2 
 00D8  FE 06 3BB3               		inc	byte ptr ds:data_17e 
 00DC  80 3E 3BB3 1C            		cmp	byte ptr ds:data_17e,1Ch 
 00E1  75 AD                    		jne	loc_4			; Jump if not equal 
                                		retn 
 00E3  C3                     1                 db     0C3h
                                 
                                _107GTEGA	endp 
                                 
                                ;ﬂﬂﬂﬂﬂﬂﬂﬂﬂﬂﬂﬂﬂﬂﬂﬂﬂﬂﬂﬂﬂﬂﬂﬂﬂﬂﬂﬂﬂﬂﬂﬂﬂﬂﬂﬂﬂﬂﬂﬂﬂﬂﬂﬂﬂﬂﬂﬂﬂﬂﬂﬂﬂﬂﬂﬂﬂﬂﬂﬂﬂﬂﬂﬂﬂﬂﬂﬂﬂﬂﬂﬂﬂﬂ 
                                ;                              SUBROUTINE 
                                ;‹‹‹‹‹‹‹‹‹‹‹‹‹‹‹‹‹‹‹‹‹‹‹‹‹‹‹‹‹‹‹‹‹‹‹‹‹‹‹‹‹‹‹‹‹‹‹‹‹‹‹‹‹‹‹‹‹‹‹‹‹‹‹‹‹‹‹‹‹‹‹‹‹‹ 
                                 
 00E4                           sub_1		proc	near 
 00E4  80 3E 3BB3 1B            		cmp	byte ptr ds:data_17e,1Bh 
 00E9  75 01                    		jne	loc_13			; Jump if not equal 
                                		retn 
 00EB  C3                     1                 db     0C3h
 00EC                           loc_13: 
 00EC  A0 0083                  		mov	al,byte ptr ds:[83h] 
 00EF  38 06 3BB3               		cmp	ds:data_17e,al 
Microsoft (R) Macro Assembler  Version 4.00                 3/29/26 15:12:57

                                                            Page     1-7
                                                            

 00F3  74 01                    		je	loc_14			; Jump if equal 
                                		retn 
 00F5  C3                     1                 db     0C3h
 00F6                           loc_14: 
 00F6  57                       		push	di 
 00F7  06                       		push	es 
 00F8  56                       		push	si 
 00F9  1E                       		push	ds 
 00FA  A0 0083                  		mov	al,byte ptr ds:[83h] 
 00FD  02 C0                    		add	al,al 
 00FF  32 E4                    		xor	ah,ah			; Zero register 
 0101  8B F8                    		mov	di,ax 
 0103  81 C7 24EC               		add	di,data_38e 
 0107  B8 A000                  		mov	ax,0A000h 
 010A  8E C0                    		mov	es,ax 
 010C  8E D8                    		mov	ds,ax 
 010E  BE 3E80                  		mov	si,data_44e 
 0111  BA 03C4                  		mov	dx,3C4h 
 0114  B8 0702                  		mov	ax,702h 
 0117  EF                       		out	dx,ax			; port 3C4h, EGA sequencr index 
                                						;  al = 2, map mask register 
 0118  BA 03CE                  		mov	dx,3CEh 
 011B  B8 0105                  		mov	ax,105h 
 011E  EF                       		out	dx,ax			; port 3CEh, EGA graphic index 
                                						;  al = 5, mode 
 011F  B9 0002                  		mov	cx,2 
                                 
 0122                           locloop_15: 
 0122  51                       		push	cx 
 0123  E8 058B R                		call	sub_11 
 0126  81 C7 F882               		add	di,0F882h 
 012A  59                       		pop	cx 
 012B  E2 F5                    		loop	locloop_15		; Loop if cx > 0 
                                 
 012D  B8 0005                  		mov	ax,5 
 0130  EF                       		out	dx,ax			; port 3CEh, EGA graphic index 
                                						;  al = 5, mode 
 0131  1F                       		pop	ds 
 0132  5E                       		pop	si 
 0133  07                       		pop	es 
 0134  5F                       		pop	di 
                                		retn 
 0135  C3                     1                 db     0C3h
                                sub_1		endp 
                                 
                                 
                                ;ﬂﬂﬂﬂﬂﬂﬂﬂﬂﬂﬂﬂﬂﬂﬂﬂﬂﬂﬂﬂﬂﬂﬂﬂﬂﬂﬂﬂﬂﬂﬂﬂﬂﬂﬂﬂﬂﬂﬂﬂﬂﬂﬂﬂﬂﬂﬂﬂﬂﬂﬂﬂﬂﬂﬂﬂﬂﬂﬂﬂﬂﬂﬂﬂﬂﬂﬂﬂﬂﬂﬂﬂﬂﬂ 
                                ;                              SUBROUTINE 
                                ;‹‹‹‹‹‹‹‹‹‹‹‹‹‹‹‹‹‹‹‹‹‹‹‹‹‹‹‹‹‹‹‹‹‹‹‹‹‹‹‹‹‹‹‹‹‹‹‹‹‹‹‹‹‹‹‹‹‹‹‹‹‹‹‹‹‹‹‹‹‹‹‹‹‹ 
                                 
 0136                           sub_2		proc	near 
 0136  80 7C FF FD              		cmp	byte ptr [si-1],0FDh 
 013A  75 03                    		jne	loc_16			; Jump if not equal 
 013C  E9 03FC R                		jmp	loc_33 
                                 
Microsoft (R) Macro Assembler  Version 4.00                 3/29/26 15:12:57

                                                            Page     1-8
                                                            

                                ;ﬂﬂﬂﬂ External Entry into Subroutine ﬂﬂﬂﬂﬂﬂﬂﬂﬂﬂﬂﬂﬂﬂﬂﬂﬂﬂﬂﬂﬂﬂﬂﬂﬂﬂﬂﬂﬂﬂﬂﬂﬂﬂﬂﬂﬂﬂ 
                                 
 013F                           sub_3: 
 013F                           loc_16: 
 013F  8A 45 FF                 		mov	al,[di-1] 
 0142  C6 45 FF FE              		mov	byte ptr [di-1],0FEh 
 0146  FE C0                    		inc	al 
 0148  75 01                    		jnz	loc_17			; Jump if not zero 
                                		retn 
 014A  C3                     1                 db     0C3h
 014B                           loc_17: 
 014B  4F                       		dec	di 
 014C  4E                       		dec	si 
 014D  8A 14                    		mov	dl,[si] 
 014F  A4                       		movsb				; Mov [si] to es:[di] 
 0150  06                       		push	es 
 0151  1E                       		push	ds 
 0152  57                       		push	di 
 0153  56                       		push	si 
 0154  53                       		push	bx 
 0155  B8 0050                  		mov	ax,50h 
 0158  F6 E3                    		mul	bl			; ax = reg * al 
 015A  D1 E0                    		shl	ax,1			; Shift w/zeros fill 
 015C  D1 E0                    		shl	ax,1			; Shift w/zeros fill 
 015E  D1 E0                    		shl	ax,1			; Shift w/zeros fill 
 0160  03 06 3BB1               		add	ax,ds:data_16e 
 0164  8B F8                    		mov	di,ax 
 0166  8A DA                    		mov	bl,dl 
 0168  32 FF                    		xor	bh,bh			; Zero register 
 016A  03 DB                    		add	bx,bx 
 016C  F7 87 3D4C FFFF          		test	word ptr ds:data_23e[bx],0FFFFh 
 0172  75 56                    		jnz	loc_19			; Jump if not zero 
 0174  89 BF 3D4C               		mov	ds:data_23e[bx],di 
 0178  B8 0030                  		mov	ax,30h 
 017B  F6 E2                    		mul	dl			; ax = reg * al 
 017D  8B F0                    		mov	si,ax 
 017F  81 C6 8100               		add	si,data_4e 
 0183  BA 03C4                  		mov	dx,3C4h 
 0186  B0 02                    		mov	al,2 
 0188  EE                       		out	dx,al			; port 3C4h, EGA sequencr index 
                                						;  al = 2, map mask register 
 0189  42                       		inc	dx 
 018A  2E: 8E 1E FF2C           		mov	ds,cs:data_31e 
 018F  B8 A000                  		mov	ax,0A000h 
 0192  8E C0                    		mov	es,ax 
 0194  BB 004E                  		mov	bx,4Eh 
 0197  B9 0004                  		mov	cx,4 
                                 
 019A                           locloop_18: 
 019A  B0 01                    		mov	al,1 
 019C  EE                       		out	dx,al			; port 3C5h, EGA sequencr func 
 019D  A5                       		movsw				; Mov [si] to es:[di] 
 019E  B0 02                    		mov	al,2 
 01A0  EE                       		out	dx,al			; port 3C5h, EGA sequencr func 
 01A1  AD                       		lodsw				; String [si] to ax 
Microsoft (R) Macro Assembler  Version 4.00                 3/29/26 15:12:57

                                                            Page     1-9
                                                            

 01A2  26: 89 45 FE             		mov	es:[di-2],ax 
 01A6  4F                       		dec	di 
 01A7  4F                       		dec	di 
 01A8  B0 04                    		mov	al,4 
 01AA  EE                       		out	dx,al			; port 3C5h, EGA sequencr func 
 01AB  A5                       		movsw				; Mov [si] to es:[di] 
 01AC  03 FB                    		add	di,bx 
 01AE  B0 01                    		mov	al,1 
 01B0  EE                       		out	dx,al			; port 3C5h, EGA sequencr func 
 01B1  A5                       		movsw				; Mov [si] to es:[di] 
 01B2  B0 02                    		mov	al,2 
 01B4  EE                       		out	dx,al			; port 3C5h, EGA sequencr func 
 01B5  AD                       		lodsw				; String [si] to ax 
 01B6  26: 89 45 FE             		mov	es:[di-2],ax 
 01BA  4F                       		dec	di 
 01BB  4F                       		dec	di 
 01BC  B0 04                    		mov	al,4 
 01BE  EE                       		out	dx,al			; port 3C5h, EGA sequencr func 
 01BF  A5                       		movsw				; Mov [si] to es:[di] 
 01C0  03 FB                    		add	di,bx 
 01C2  E2 D6                    		loop	locloop_18		; Loop if cx > 0 
                                 
 01C4  5B                       		pop	bx 
 01C5  5E                       		pop	si 
 01C6  5F                       		pop	di 
 01C7  1F                       		pop	ds 
 01C8  07                       		pop	es 
                                		retn 
 01C9  C3                     1                 db     0C3h
 01CA                           loc_19: 
 01CA  8B B7 3D4C               		mov	si,ds:data_23e[bx] 
 01CE  BA 03C4                  		mov	dx,3C4h 
 01D1  B8 0702                  		mov	ax,702h 
 01D4  EF                       		out	dx,ax			; port 3C4h, EGA sequencr index 
                                						;  al = 2, map mask register 
 01D5  BA 03CE                  		mov	dx,3CEh 
 01D8  B8 0105                  		mov	ax,105h 
 01DB  EF                       		out	dx,ax			; port 3CEh, EGA graphic index 
                                						;  al = 5, mode 
 01DC  B8 A000                  		mov	ax,0A000h 
 01DF  8E C0                    		mov	es,ax 
 01E1  8E D8                    		mov	ds,ax 
 01E3  BB 004E                  		mov	bx,data_1e 
 01E6  A4                       		movsb				; Mov [si] to es:[di] 
 01E7  A4                       		movsb				; Mov [si] to es:[di] 
 01E8  03 FB                    		add	di,bx 
 01EA  03 F3                    		add	si,bx 
 01EC  A4                       		movsb				; Mov [si] to es:[di] 
 01ED  A4                       		movsb				; Mov [si] to es:[di] 
 01EE  03 FB                    		add	di,bx 
 01F0  03 F3                    		add	si,bx 
 01F2  A4                       		movsb				; Mov [si] to es:[di] 
 01F3  A4                       		movsb				; Mov [si] to es:[di] 
 01F4  03 FB                    		add	di,bx 
 01F6  03 F3                    		add	si,bx 
Microsoft (R) Macro Assembler  Version 4.00                 3/29/26 15:12:57

                                                            Page     1-10
                                                            

 01F8  A4                       		movsb				; Mov [si] to es:[di] 
 01F9  A4                       		movsb				; Mov [si] to es:[di] 
 01FA  03 FB                    		add	di,bx 
 01FC  03 F3                    		add	si,bx 
 01FE  A4                       		movsb				; Mov [si] to es:[di] 
 01FF  A4                       		movsb				; Mov [si] to es:[di] 
 0200  03 FB                    		add	di,bx 
 0202  03 F3                    		add	si,bx 
 0204  A4                       		movsb				; Mov [si] to es:[di] 
 0205  A4                       		movsb				; Mov [si] to es:[di] 
 0206  03 FB                    		add	di,bx 
 0208  03 F3                    		add	si,bx 
 020A  A4                       		movsb				; Mov [si] to es:[di] 
 020B  A4                       		movsb				; Mov [si] to es:[di] 
 020C  03 FB                    		add	di,bx 
 020E  03 F3                    		add	si,bx 
 0210  A4                       		movsb				; Mov [si] to es:[di] 
 0211  A4                       		movsb				; Mov [si] to es:[di] 
 0212  B8 0005                  		mov	ax,5 
 0215  EF                       		out	dx,ax			; port 3CEh, EGA graphic index 
                                						;  al = 5, mode 
 0216  5B                       		pop	bx 
 0217  5E                       		pop	si 
 0218  5F                       		pop	di 
 0219  1F                       		pop	ds 
 021A  07                       		pop	es 
                                		retn 
 021B  C3                     1                 db     0C3h
                                 
                                ;ﬂﬂﬂﬂ External Entry into Subroutine ﬂﬂﬂﬂﬂﬂﬂﬂﬂﬂﬂﬂﬂﬂﬂﬂﬂﬂﬂﬂﬂﬂﬂﬂﬂﬂﬂﬂﬂﬂﬂﬂﬂﬂﬂﬂﬂﬂ 
                                 
 021C                           sub_4: 
 021C  8A 45 FF                 		mov	al,[di-1] 
 021F  C6 45 FF FE              		mov	byte ptr [di-1],0FEh 
 0223  FE C0                    		inc	al 
 0225  75 01                    		jnz	loc_20			; Jump if not zero 
                                		retn 
 0227  C3                     1                 db     0C3h
 0228                           loc_20: 
 0228  53                       		push	bx 
 0229  06                       		push	es 
 022A  8A 54 FF                 		mov	dl,[si-1] 
 022D  8A DA                    		mov	bl,dl 
 022F  32 FF                    		xor	bh,bh			; Zero register 
 0231  2E: 8E 06 FF2C           		mov	es,cs:data_31e 
 0236  26: 03 1E 8000           		add	bx,es:data_2e 
 023B  26: 8A 37                		mov	dh,es:[bx] 
 023E  07                       		pop	es 
 023F  5B                       		pop	bx 
 0240  0A F6                    		or	dh,dh			; Zero ? 
 0242  75 03                    		jnz	loc_21			; Jump if not zero 
 0244  E9 013F R                		jmp	loc_16 
 0247                           loc_21: 
 0247  4F                       		dec	di 
 0248  4E                       		dec	si 
Microsoft (R) Macro Assembler  Version 4.00                 3/29/26 15:12:57

                                                            Page     1-11
                                                            

 0249  A4                       		movsb				; Mov [si] to es:[di] 
 024A  06                       		push	es 
 024B  1E                       		push	ds 
 024C  57                       		push	di 
 024D  56                       		push	si 
 024E  53                       		push	bx 
 024F  32 E4                    		xor	ah,ah			; Zero register 
 0251  8A C6                    		mov	al,dh 
 0253  FE C8                    		dec	al 
 0255  24 03                    		and	al,3 
 0257  02 C0                    		add	al,al 
 0259  8B F8                    		mov	di,ax 
 025B  8B 85 32EB               		mov	ax,ds:data_10e[di] 
 025F  50                       		push	ax 
 0260  B8 0050                  		mov	ax,50h 
 0263  F6 E3                    		mul	bl			; ax = reg * al 
 0265  D1 E0                    		shl	ax,1			; Shift w/zeros fill 
 0267  D1 E0                    		shl	ax,1			; Shift w/zeros fill 
 0269  D1 E0                    		shl	ax,1			; Shift w/zeros fill 
 026B  03 06 3BB1               		add	ax,ds:data_16e 
 026F  8B F8                    		mov	di,ax 
 0271  B8 0030                  		mov	ax,30h 
 0274  F6 E2                    		mul	dl			; ax = reg * al 
 0276  8B F0                    		mov	si,ax 
 0278  81 C6 8100               		add	si,8100h 
 027C  B8 0060                  		mov	ax,60h 
 027F  F6 26 3BB3               		mul	byte ptr ds:data_17e	; ax = data * al 
 0283  D0 E3                    		shl	bl,1			; Shift w/zeros fill 
 0285  D0 E3                    		shl	bl,1			; Shift w/zeros fill 
 0287  D0 E3                    		shl	bl,1			; Shift w/zeros fill 
 0289  D0 E3                    		shl	bl,1			; Shift w/zeros fill 
 028B  D0 E3                    		shl	bl,1			; Shift w/zeros fill 
 028D  32 FF                    		xor	bh,bh			; Zero register 
 028F  03 D8                    		add	bx,ax 
 0291  81 C3 A000               		add	bx,0A000h 
 0295  8B EB                    		mov	bp,bx 
 0297  BA 03C4                  		mov	dx,3C4h 
 029A  B0 02                    		mov	al,2 
 029C  EE                       		out	dx,al			; port 3C4h, EGA sequencr index 
                                						;  al = 2, map mask register 
 029D  42                       		inc	dx 
 029E  2E: 8E 1E FF2C           		mov	ds,cs:data_31e 
                                ;*		mov	ax,offset sub_25	;* 
 02A3  B8 00 A0                 		db	0B8h, 00h,0A0h		;  Fixup - byte match 
 02A6  8E C0                    		mov	es,ax 
 02A8  58                       		pop	ax 
 02A9  FF D0                    		call	ax			;* 
 02AB  5B                       		pop	bx 
 02AC  5E                       		pop	si 
 02AD  5F                       		pop	di 
 02AE  1F                       		pop	ds 
 02AF  07                       		pop	es 
 02B0  8A 65 FF                 		mov	ah,[di-1] 
 02B3  0A E4                    		or	ah,ah			; Zero ? 
 02B5  75 01                    		jnz	loc_22			; Jump if not zero 
Microsoft (R) Macro Assembler  Version 4.00                 3/29/26 15:12:57

                                                            Page     1-12
                                                            

                                		retn 
 02B7  C3                     1                 db     0C3h
 02B8                           loc_22: 
 02B8  80 FC 19                 		cmp	ah,19h 
 02BB  72 01                    		jb	loc_23			; Jump if below 
                                		retn 
 02BD  C3                     1                 db     0C3h
 02BE                           loc_23: 
 02BE  57                       		push	di 
 02BF  06                       		push	es 
 02C0  2E: 8E 06 FF2C           		mov	es,cs:data_31e 
 02C5  26: 8B 3E 8004           		mov	di,es:data_3e 
 02CA  26: 8A 0D                		mov	cl,es:[di] 
 02CD  0A C9                    		or	cl,cl			; Zero ? 
 02CF  74 1B                    		jz	loc_26			; Jump if zero 
 02D1  47                       		inc	di 
 02D2                           loc_24: 
 02D2  26: 8A 05                		mov	al,es:[di] 
 02D5  3C FF                    		cmp	al,0FFh 
 02D7  74 13                    		je	loc_26			; Jump if equal 
 02D9  3A E0                    		cmp	ah,al 
 02DB  75 09                    		jne	loc_25			; Jump if not equal 
 02DD  26: 8A 45 01             		mov	al,es:[di+1] 
 02E1  88 44 FF                 		mov	[si-1],al 
 02E4  EB 06                    		jmp	short loc_26 
 02E6                           loc_25: 
 02E6  47                       		inc	di 
 02E7  47                       		inc	di 
 02E8  FE C9                    		dec	cl 
 02EA  75 E6                    		jnz	loc_24			; Jump if not zero 
 02EC                           loc_26: 
 02EC  07                       		pop	es 
 02ED  5F                       		pop	di 
                                		retn 
 02EE  C3                     1                 db     0C3h
                                			                        ;* No entry point to code 
 02EF  F3 32 27 33 62 33        		db	0F3h, 32h, 27h, 33h, 62h, 33h 
 02F5  94 33 B9 08 00           		db	 94h, 33h,0B9h, 08h, 00h 
                                 
 02FA                           locloop_27: 
 02FA  51                       		push	cx 
 02FB  B0 02                    		mov	al,2 
 02FD  EE                       		out	dx,al			; port 3C5h, EGA sequencr func 
 02FE  AD                       		lodsw				; String [si] to ax 
 02FF  8B D8                    		mov	bx,ax 
 0301  A5                       		movsw				; Mov [si] to es:[di] 
 0302  B0 04                    		mov	al,4 
 0304  EE                       		out	dx,al			; port 3C5h, EGA sequencr func 
 0305  AD                       		lodsw				; String [si] to ax 
 0306  8B C8                    		mov	cx,ax 
 0308  2E: 8B 46 02             		mov	ax,cs:[bp+2] 
 030C  23 C1                    		and	ax,cx 
 030E  26: 89 45 FE             		mov	es:[di-2],ax 
 0312  B0 01                    		mov	al,1 
 0314  EE                       		out	dx,al			; port 3C5h, EGA sequencr func 
Microsoft (R) Macro Assembler  Version 4.00                 3/29/26 15:12:57

                                                            Page     1-13
                                                            

 0315  2E: 8B 46 00             		mov	ax,cs:[bp] 
 0319  23 C1                    		and	ax,cx 
 031B  0B C3                    		or	ax,bx 
 031D  26: 89 45 FE             		mov	es:[di-2],ax 
 0321  83 C7 4E                 		add	di,4Eh 
 0324  83 C5 04                 		add	bp,4 
 0327  59                       		pop	cx 
 0328  E2 D0                    		loop	locloop_27		; Loop if cx > 0 
                                 
                                		retn 
 032A  C3                     1                 db     0C3h
 032B  B9 08 00                 		db	0B9h, 08h, 00h 
                                 
 032E                           locloop_28: 
 032E  51                       		push	cx 
 032F  AD                       		lodsw				; String [si] to ax 
 0330  8B D8                    		mov	bx,ax 
 0332  AD                       		lodsw				; String [si] to ax 
 0333  8B C8                    		mov	cx,ax 
 0335  B0 01                    		mov	al,1 
 0337  EE                       		out	dx,al			; port 3C5h, EGA sequencr func 
 0338  2E: 8B 46 00             		mov	ax,cs:[bp] 
 033C  23 C1                    		and	ax,cx 
 033E  0B C3                    		or	ax,bx 
 0340  AB                       		stosw				; Store ax to es:[di] 
 0341  B0 04                    		mov	al,4 
 0343  EE                       		out	dx,al			; port 3C5h, EGA sequencr func 
 0344  AD                       		lodsw				; String [si] to ax 
 0345  8B D8                    		mov	bx,ax 
 0347  2E: 8B 46 02             		mov	ax,cs:[bp+2] 
 034B  23 C1                    		and	ax,cx 
 034D  0B C3                    		or	ax,bx 
 034F  26: 89 45 FE             		mov	es:[di-2],ax 
 0353  B0 02                    		mov	al,2 
 0355  EE                       		out	dx,al			; port 3C5h, EGA sequencr func 
 0356  26: C7 45 FE 0000        		mov	word ptr es:[di-2],0 
 035C  83 C7 4E                 		add	di,4Eh 
 035F  83 C5 04                 		add	bp,4 
 0362  59                       		pop	cx 
 0363  E2 C9                    		loop	locloop_28		; Loop if cx > 0 
                                 
                                		retn 
 0365  C3                     1                 db     0C3h
 0366  B9 08 00                 		db	0B9h, 08h, 00h 
                                 
 0369                           locloop_29: 
 0369  51                       		push	cx 
 036A  AD                       		lodsw				; String [si] to ax 
 036B  8B D8                    		mov	bx,ax 
 036D  B0 02                    		mov	al,2 
 036F  EE                       		out	dx,al			; port 3C5h, EGA sequencr func 
 0370  A5                       		movsw				; Mov [si] to es:[di] 
 0371  B0 01                    		mov	al,1 
 0373  EE                       		out	dx,al			; port 3C5h, EGA sequencr func 
 0374  2E: 8B 46 00             		mov	ax,cs:[bp] 
Microsoft (R) Macro Assembler  Version 4.00                 3/29/26 15:12:57

                                                            Page     1-14
                                                            

 0378  23 C3                    		and	ax,bx 
 037A  26: 89 45 FE             		mov	es:[di-2],ax 
 037E  B0 04                    		mov	al,4 
 0380  EE                       		out	dx,al			; port 3C5h, EGA sequencr func 
 0381  AD                       		lodsw				; String [si] to ax 
 0382  2E: 8B 4E 02             		mov	cx,cs:[bp+2] 
 0386  23 CB                    		and	cx,bx 
 0388  0B C8                    		or	cx,ax 
 038A  26: 89 4D FE             		mov	es:[di-2],cx 
 038E  83 C7 4E                 		add	di,4Eh 
 0391  83 C5 04                 		add	bp,4 
 0394  59                       		pop	cx 
 0395  E2 D2                    		loop	locloop_29		; Loop if cx > 0 
                                 
                                		retn 
 0397  C3                     1                 db     0C3h
                                			                        ;* No entry point to code 
 0398  1E                       		push	ds 
 0399  0E                       		push	cs 
 039A  1F                       		pop	ds 
 039B  8B F5                    		mov	si,bp 
 039D  B9 0008                  		mov	cx,8 
                                 
 03A0                           locloop_30: 
 03A0  B0 01                    		mov	al,1 
 03A2  EE                       		out	dx,al			; port 3C5h, EGA sequencr func 
 03A3  A5                       		movsw				; Mov [si] to es:[di] 
 03A4  B0 02                    		mov	al,2 
 03A6  EE                       		out	dx,al			; port 3C5h, EGA sequencr func 
 03A7  26: C7 45 FE 0000        		mov	word ptr es:[di-2],0 
 03AD  4F                       		dec	di 
 03AE  4F                       		dec	di 
 03AF  B0 04                    		mov	al,4 
 03B1  EE                       		out	dx,al			; port 3C5h, EGA sequencr func 
 03B2  A5                       		movsw				; Mov [si] to es:[di] 
 03B3  83 C7 4E                 		add	di,4Eh 
 03B6  E2 E8                    		loop	locloop_30		; Loop if cx > 0 
                                 
 03B8  1F                       		pop	ds 
                                		retn 
 03B9  C3                     1                 db     0C3h
 03BA  BF 80 3E                 		db	0BFh, 80h, 3Eh 
                                 
                                ;ﬂﬂﬂﬂ External Entry into Subroutine ﬂﬂﬂﬂﬂﬂﬂﬂﬂﬂﬂﬂﬂﬂﬂﬂﬂﬂﬂﬂﬂﬂﬂﬂﬂﬂﬂﬂﬂﬂﬂﬂﬂﬂﬂﬂﬂﬂ 
                                 
 03BD                           sub_5: 
 03BD  B9 0006                  		mov	cx,6 
                                 
                                ;ﬂﬂﬂﬂ External Entry into Subroutine ﬂﬂﬂﬂﬂﬂﬂﬂﬂﬂﬂﬂﬂﬂﬂﬂﬂﬂﬂﬂﬂﬂﬂﬂﬂﬂﬂﬂﬂﬂﬂﬂﬂﬂﬂﬂﬂﬂ 
                                 
 03C0                           sub_6: 
 03C0  B8 A000                  		mov	ax,0A000h 
 03C3  8E C0                    		mov	es,ax 
                                 
 03C5                           locloop_31: 
Microsoft (R) Macro Assembler  Version 4.00                 3/29/26 15:12:57

                                                            Page     1-15
                                                            

 03C5  51                       		push	cx 
 03C6  AC                       		lodsb				; String [si] to al 
 03C7  1E                       		push	ds 
 03C8  56                       		push	si 
 03C9  B1 30                    		mov	cl,30h			; '0' 
 03CB  F6 E1                    		mul	cl			; ax = reg * al 
 03CD  8B F0                    		mov	si,ax 
 03CF  81 C6 8100               		add	si,data_4e 
 03D3  2E: 8E 1E FF2C           		mov	ds,cs:data_31e 
 03D8  BA 03C4                  		mov	dx,3C4h 
 03DB  B0 02                    		mov	al,2 
 03DD  EE                       		out	dx,al			; port 3C4h, EGA sequencr index 
                                						;  al = 2, map mask register 
 03DE  42                       		inc	dx 
 03DF  B9 0008                  		mov	cx,8 
                                 
 03E2                           locloop_32: 
 03E2  B0 01                    		mov	al,1 
 03E4  EE                       		out	dx,al			; port 3C5h, EGA sequencr func 
 03E5  A5                       		movsw				; Mov [si] to es:[di] 
 03E6  B0 02                    		mov	al,2 
 03E8  EE                       		out	dx,al			; port 3C5h, EGA sequencr func 
 03E9  AD                       		lodsw				; String [si] to ax 
 03EA  26: 89 45 FE             		mov	es:[di-2],ax 
 03EE  4F                       		dec	di 
 03EF  4F                       		dec	di 
 03F0  B0 04                    		mov	al,4 
 03F2  EE                       		out	dx,al			; port 3C5h, EGA sequencr func 
 03F3  A5                       		movsw				; Mov [si] to es:[di] 
 03F4  E2 EC                    		loop	locloop_32		; Loop if cx > 0 
                                 
 03F6  5E                       		pop	si 
 03F7  1F                       		pop	ds 
 03F8  59                       		pop	cx 
 03F9  E2 CA                    		loop	locloop_31		; Loop if cx > 0 
                                 
                                		retn 
 03FB  C3                     1                 db     0C3h
 03FC                           loc_33: 
 03FC  1E                       		push	ds 
 03FD  56                       		push	si 
 03FE  06                       		push	es 
 03FF  57                       		push	di 
 0400  BF 3BB5                  		mov	di,data_43e 
 0403  A5                       		movsw				; Mov [si] to es:[di] 
 0404  83 C6 05                 		add	si,5 
 0407  A5                       		movsw				; Mov [si] to es:[di] 
 0408  A4                       		movsb				; Mov [si] to es:[di] 
 0409  2E: 8A 16 3BB3           		mov	dl,cs:data_17e 
 040E  80 C2 04                 		add	dl,4 
 0411  32 F6                    		xor	dh,dh			; Zero register 
 0413  2E: 03 16 0080           		add	dx,word ptr cs:[80h] 
 0418  89 16 3BBA               		mov	ds:data_20e,dx 
 041C  E8 0564 R                		call	sub_8 
 041F  26: A2 3BB4              		mov	es:data_18e,al 
Microsoft (R) Macro Assembler  Version 4.00                 3/29/26 15:12:57

                                                            Page     1-16
                                                            

 0423  26: 80 3E 3BB7 FD        		cmp	byte ptr es:data_19e,0FDh 
 0429  75 08                    		jne	loc_34			; Jump if not equal 
 042B  42                       		inc	dx 
 042C  E8 0564 R                		call	sub_8 
 042F  26: A2 3BB7              		mov	es:data_19e,al 
 0433                           loc_34: 
 0433  BE 3BB4                  		mov	si,3BB4h 
 0436  BF 3EE0                  		mov	di,3EE0h 
 0439  E8 03BD R                		call	sub_5 
 043C  2E: 8B 36 C00F           		mov	si,cs:data_25e 
 0441                           loc_35: 
 0441  E8 05FC R                		call	sub_14 
 0444  0A DB                    		or	bl,bl			; Zero ? 
 0446  74 12                    		jz	loc_36			; Jump if zero 
 0448  56                       		push	si 
 0449  53                       		push	bx 
 044A  E8 05D6 R                		call	sub_13 
 044D  5B                       		pop	bx 
 044E  2E: 8E 06 FF2C           		mov	es,cs:data_31e 
 0453  BE 3BB4                  		mov	si,data_18e 
 0456  E8 05B4 R                		call	sub_12 
 0459  5E                       		pop	si 
 045A                           loc_36: 
 045A  83 C6 08                 		add	si,8 
 045D  83 3C FF                 		cmp	word ptr [si],0FFFFh 
 0460  75 DF                    		jne	loc_35			; Jump if not equal 
 0462  5F                       		pop	di 
 0463  07                       		pop	es 
 0464  26: 8A 6D FF             		mov	ch,es:[di-1] 
 0468  26: 8A 4D 07             		mov	cl,es:[di+7] 
 046C  06                       		push	es 
 046D  57                       		push	di 
 046E  51                       		push	cx 
 046F  2E: 8B 3E 3BB1           		mov	di,cs:data_16e 
 0474  81 C7 0C80               		add	di,data_37e 
 0478  57                       		push	di 
 0479  BE 3EE0                  		mov	si,data_46e 
 047C  B8 A000                  		mov	ax,0A000h 
 047F  8E C0                    		mov	es,ax 
 0481  8E D8                    		mov	ds,ax 
 0483  BA 03C4                  		mov	dx,3C4h 
 0486  B8 0702                  		mov	ax,702h 
 0489  EF                       		out	dx,ax			; port 3C4h, EGA sequencr index 
                                						;  al = 2, map mask register 
 048A  BA 03CE                  		mov	dx,3CEh 
 048D  B8 0105                  		mov	ax,105h 
 0490  EF                       		out	dx,ax			; port 3CEh, EGA graphic index 
                                						;  al = 5, mode 
 0491  FE C5                    		inc	ch 
 0493  74 03                    		jz	loc_37			; Jump if zero 
 0495  E8 058B R                		call	sub_11 
 0498                           loc_37: 
 0498  5F                       		pop	di 
 0499  59                       		pop	cx 
 049A  2E: 80 3E 3BB3 1B        		cmp	byte ptr cs:data_17e,1Bh 
Microsoft (R) Macro Assembler  Version 4.00                 3/29/26 15:12:57

                                                            Page     1-17
                                                            

 04A0  74 0C                    		je	loc_38			; Jump if equal 
 04A2  BE 3F10                  		mov	si,data_47e 
 04A5  47                       		inc	di 
 04A6  47                       		inc	di 
 04A7  FE C1                    		inc	cl 
 04A9  74 03                    		jz	loc_38			; Jump if zero 
 04AB  E8 058B R                		call	sub_11 
 04AE                           loc_38: 
 04AE  B8 0005                  		mov	ax,5 
 04B1  EF                       		out	dx,ax			; port 3CEh, EGA graphic index 
                                						;  al = 5, mode 
 04B2  5F                       		pop	di 
 04B3  07                       		pop	es 
 04B4  B0 FF                    		mov	al,0FFh 
 04B6  26: C6 45 FF FE          		mov	byte ptr es:[di-1],0FEh 
 04BB  26: 88 05                		mov	es:[di],al 
 04BE  26: 88 45 01             		mov	es:[di+1],al 
 04C2  26: 88 45 07             		mov	es:[di+7],al 
 04C6  26: 88 45 08             		mov	es:[di+8],al 
 04CA  26: 88 45 09             		mov	es:[di+9],al 
 04CE  5E                       		pop	si 
 04CF  1F                       		pop	ds 
                                		retn 
 04D0  C3                     1                 db     0C3h
                                sub_2		endp 
                                 
                                 
                                ;ﬂﬂﬂﬂﬂﬂﬂﬂﬂﬂﬂﬂﬂﬂﬂﬂﬂﬂﬂﬂﬂﬂﬂﬂﬂﬂﬂﬂﬂﬂﬂﬂﬂﬂﬂﬂﬂﬂﬂﬂﬂﬂﬂﬂﬂﬂﬂﬂﬂﬂﬂﬂﬂﬂﬂﬂﬂﬂﬂﬂﬂﬂﬂﬂﬂﬂﬂﬂﬂﬂﬂﬂﬂﬂ 
                                ;                              SUBROUTINE 
                                ;‹‹‹‹‹‹‹‹‹‹‹‹‹‹‹‹‹‹‹‹‹‹‹‹‹‹‹‹‹‹‹‹‹‹‹‹‹‹‹‹‹‹‹‹‹‹‹‹‹‹‹‹‹‹‹‹‹‹‹‹‹‹‹‹‹‹‹‹‹‹‹‹‹‹ 
                                 
 04D1                           sub_7		proc	near 
 04D1  06                       		push	es 
 04D2  1E                       		push	ds 
 04D3  8B 36 FF2A               		mov	si,ds:data_30e 
 04D7  83 C6 25                 		add	si,25h 
 04DA  BF 3BB4                  		mov	di,data_18e 
 04DD  A5                       		movsw				; Mov [si] to es:[di] 
 04DE  A4                       		movsb				; Mov [si] to es:[di] 
 04DF  8B 16 0080               		mov	dx,word ptr ds:[80h] 
 04E3  83 C2 03                 		add	dx,3 
 04E6  89 16 3BBA               		mov	ds:data_20e,dx 
 04EA  80 3E 3BB4 FD            		cmp	byte ptr ds:data_18e,0FDh 
 04EF  75 07                    		jne	loc_39			; Jump if not equal 
 04F1  42                       		inc	dx 
 04F2  E8 0564 R                		call	sub_8 
 04F5  A2 3BB4                  		mov	ds:data_18e,al 
 04F8                           loc_39: 
 04F8  BE 3BB4                  		mov	si,data_18e 
 04FB  BF 3EE0                  		mov	di,3EE0h 
 04FE  B9 0003                  		mov	cx,3 
 0501  E8 03C0 R                		call	sub_6 
 0504  2E: 8B 36 C00F           		mov	si,cs:data_25e 
 0509                           loc_40: 
 0509  E8 05FC R                		call	sub_14 
Microsoft (R) Macro Assembler  Version 4.00                 3/29/26 15:12:57

                                                            Page     1-18
                                                            

 050C  0A DB                    		or	bl,bl			; Zero ? 
 050E  74 1F                    		jz	loc_41			; Jump if zero 
 0510  56                       		push	si 
 0511  FE CB                    		dec	bl 
 0513  B0 03                    		mov	al,3 
 0515  F6 E3                    		mul	bl			; ax = reg * al 
 0517  50                       		push	ax 
 0518  E8 05D6 R                		call	sub_13 
 051B  58                       		pop	ax 
 051C  03 F8                    		add	di,ax 
 051E  8B EF                    		mov	bp,di 
 0520  2E: 8E 06 FF2C           		mov	es,cs:data_31e 
 0525  BE 3BB4                  		mov	si,data_18e 
 0528  BF 3EE0                  		mov	di,3EE0h 
 052B  E8 063C R                		call	sub_15 
 052E  5E                       		pop	si 
 052F                           loc_41: 
 052F  83 C6 08                 		add	si,8 
 0532  83 3C FF                 		cmp	word ptr [si],0FFFFh 
 0535  75 D2                    		jne	loc_40			; Jump if not equal 
 0537  BF 24EC                  		mov	di,data_38e 
 053A  BE 3EE0                  		mov	si,data_46e 
 053D  B8 A000                  		mov	ax,0A000h 
 0540  8E C0                    		mov	es,ax 
 0542  8E D8                    		mov	ds,ax 
 0544  BA 03C4                  		mov	dx,3C4h 
 0547  B8 0702                  		mov	ax,702h 
 054A  EF                       		out	dx,ax			; port 3C4h, EGA sequencr index 
                                						;  al = 2, map mask register 
 054B  BA 03CE                  		mov	dx,3CEh 
 054E  B8 0105                  		mov	ax,105h 
 0551  EF                       		out	dx,ax			; port 3CEh, EGA graphic index 
                                						;  al = 5, mode 
 0552  E8 058B R                		call	sub_11 
 0555  B8 0005                  		mov	ax,5 
 0558  EF                       		out	dx,ax			; port 3CEh, EGA graphic index 
                                						;  al = 5, mode 
 0559  1F                       		pop	ds 
 055A  07                       		pop	es 
 055B  BF E005                  		mov	di,data_27e 
 055E  B0 FF                    		mov	al,0FFh 
 0560  AA                       		stosb				; Store al to es:[di] 
 0561  AA                       		stosb				; Store al to es:[di] 
 0562  AA                       		stosb				; Store al to es:[di] 
                                		retn 
 0563  C3                     1                 db     0C3h
                                sub_7		endp 
                                 
                                 
                                ;ﬂﬂﬂﬂﬂﬂﬂﬂﬂﬂﬂﬂﬂﬂﬂﬂﬂﬂﬂﬂﬂﬂﬂﬂﬂﬂﬂﬂﬂﬂﬂﬂﬂﬂﬂﬂﬂﬂﬂﬂﬂﬂﬂﬂﬂﬂﬂﬂﬂﬂﬂﬂﬂﬂﬂﬂﬂﬂﬂﬂﬂﬂﬂﬂﬂﬂﬂﬂﬂﬂﬂﬂﬂﬂ 
                                ;                              SUBROUTINE 
                                ;‹‹‹‹‹‹‹‹‹‹‹‹‹‹‹‹‹‹‹‹‹‹‹‹‹‹‹‹‹‹‹‹‹‹‹‹‹‹‹‹‹‹‹‹‹‹‹‹‹‹‹‹‹‹‹‹‹‹‹‹‹‹‹‹‹‹‹‹‹‹‹‹‹‹ 
                                 
 0564                           sub_8		proc	near 
 0564  E8 057D R                		call	sub_9 
Microsoft (R) Macro Assembler  Version 4.00                 3/29/26 15:12:57

                                                            Page     1-19
                                                            

 0567  8A 44 03                 		mov	al,[si+3] 
 056A  3C FD                    		cmp	al,0FDh 
 056C  74 01                    		je	loc_42			; Jump if equal 
                                		retn 
 056E  C3                     1                 db     0C3h
 056F                           loc_42: 
 056F  83 C6 08                 		add	si,8 
 0572  E8 0581 R                		call	sub_10 
 0575  8A 44 03                 		mov	al,[si+3] 
 0578  3C FD                    		cmp	al,0FDh 
 057A  74 F3                    		je	loc_42			; Jump if equal 
                                		retn 
 057C  C3                     1                 db     0C3h
                                sub_8		endp 
                                 
                                 
                                ;ﬂﬂﬂﬂﬂﬂﬂﬂﬂﬂﬂﬂﬂﬂﬂﬂﬂﬂﬂﬂﬂﬂﬂﬂﬂﬂﬂﬂﬂﬂﬂﬂﬂﬂﬂﬂﬂﬂﬂﬂﬂﬂﬂﬂﬂﬂﬂﬂﬂﬂﬂﬂﬂﬂﬂﬂﬂﬂﬂﬂﬂﬂﬂﬂﬂﬂﬂﬂﬂﬂﬂﬂﬂﬂ 
                                ;                              SUBROUTINE 
                                ;‹‹‹‹‹‹‹‹‹‹‹‹‹‹‹‹‹‹‹‹‹‹‹‹‹‹‹‹‹‹‹‹‹‹‹‹‹‹‹‹‹‹‹‹‹‹‹‹‹‹‹‹‹‹‹‹‹‹‹‹‹‹‹‹‹‹‹‹‹‹‹‹‹‹ 
                                 
 057D                           sub_9		proc	near 
 057D  8B 36 C00F               		mov	si,ds:data_25e 
                                 
                                ;ﬂﬂﬂﬂ External Entry into Subroutine ﬂﬂﬂﬂﬂﬂﬂﬂﬂﬂﬂﬂﬂﬂﬂﬂﬂﬂﬂﬂﬂﬂﬂﬂﬂﬂﬂﬂﬂﬂﬂﬂﬂﬂﬂﬂﬂﬂ 
                                 
 0581                           sub_10: 
 0581                           loc_43: 
 0581  3B 14                    		cmp	dx,[si] 
 0583  75 01                    		jne	loc_44			; Jump if not equal 
                                		retn 
 0585  C3                     1                 db     0C3h
 0586                           loc_44: 
 0586  83 C6 08                 		add	si,8 
 0589  EB F6                    		jmp	short loc_43 
                                sub_9		endp 
                                 
                                 
                                ;ﬂﬂﬂﬂﬂﬂﬂﬂﬂﬂﬂﬂﬂﬂﬂﬂﬂﬂﬂﬂﬂﬂﬂﬂﬂﬂﬂﬂﬂﬂﬂﬂﬂﬂﬂﬂﬂﬂﬂﬂﬂﬂﬂﬂﬂﬂﬂﬂﬂﬂﬂﬂﬂﬂﬂﬂﬂﬂﬂﬂﬂﬂﬂﬂﬂﬂﬂﬂﬂﬂﬂﬂﬂﬂ 
                                ;                              SUBROUTINE 
                                ;‹‹‹‹‹‹‹‹‹‹‹‹‹‹‹‹‹‹‹‹‹‹‹‹‹‹‹‹‹‹‹‹‹‹‹‹‹‹‹‹‹‹‹‹‹‹‹‹‹‹‹‹‹‹‹‹‹‹‹‹‹‹‹‹‹‹‹‹‹‹‹‹‹‹ 
                                 
 058B                           sub_11		proc	near 
 058B  BB 004E                  		mov	bx,4Eh 
 058E  B9 0003                  		mov	cx,3 
                                 
 0591                           locloop_45: 
 0591  A4                       		movsb				; Mov [si] to es:[di] 
 0592  A4                       		movsb				; Mov [si] to es:[di] 
 0593  03 FB                    		add	di,bx 
 0595  A4                       		movsb				; Mov [si] to es:[di] 
 0596  A4                       		movsb				; Mov [si] to es:[di] 
 0597  03 FB                    		add	di,bx 
 0599  A4                       		movsb				; Mov [si] to es:[di] 
 059A  A4                       		movsb				; Mov [si] to es:[di] 
 059B  03 FB                    		add	di,bx 
Microsoft (R) Macro Assembler  Version 4.00                 3/29/26 15:12:57

                                                            Page     1-20
                                                            

 059D  A4                       		movsb				; Mov [si] to es:[di] 
 059E  A4                       		movsb				; Mov [si] to es:[di] 
 059F  03 FB                    		add	di,bx 
 05A1  A4                       		movsb				; Mov [si] to es:[di] 
 05A2  A4                       		movsb				; Mov [si] to es:[di] 
 05A3  03 FB                    		add	di,bx 
 05A5  A4                       		movsb				; Mov [si] to es:[di] 
 05A6  A4                       		movsb				; Mov [si] to es:[di] 
 05A7  03 FB                    		add	di,bx 
 05A9  A4                       		movsb				; Mov [si] to es:[di] 
 05AA  A4                       		movsb				; Mov [si] to es:[di] 
 05AB  03 FB                    		add	di,bx 
 05AD  A4                       		movsb				; Mov [si] to es:[di] 
 05AE  A4                       		movsb				; Mov [si] to es:[di] 
 05AF  03 FB                    		add	di,bx 
 05B1  E2 DE                    		loop	locloop_45		; Loop if cx > 0 
                                 
                                		retn 
 05B3  C3                     1                 db     0C3h
                                sub_11		endp 
                                 
                                 
                                ;ﬂﬂﬂﬂﬂﬂﬂﬂﬂﬂﬂﬂﬂﬂﬂﬂﬂﬂﬂﬂﬂﬂﬂﬂﬂﬂﬂﬂﬂﬂﬂﬂﬂﬂﬂﬂﬂﬂﬂﬂﬂﬂﬂﬂﬂﬂﬂﬂﬂﬂﬂﬂﬂﬂﬂﬂﬂﬂﬂﬂﬂﬂﬂﬂﬂﬂﬂﬂﬂﬂﬂﬂﬂﬂ 
                                ;                              SUBROUTINE 
                                ;‹‹‹‹‹‹‹‹‹‹‹‹‹‹‹‹‹‹‹‹‹‹‹‹‹‹‹‹‹‹‹‹‹‹‹‹‹‹‹‹‹‹‹‹‹‹‹‹‹‹‹‹‹‹‹‹‹‹‹‹‹‹‹‹‹‹‹‹‹‹‹‹‹‹ 
                                 
 05B4                           sub_12		proc	near 
 05B4  8B EF                    		mov	bp,di 
 05B6  FE CB                    		dec	bl 
 05B8  32 FF                    		xor	bh,bh			; Zero register 
 05BA  03 DB                    		add	bx,bx 
 05BC  2E: FF 97 35BE           		call	word ptr cs:data_11e[bx]	;* 
                                		retn 
 05C1  C3                     1                 db     0C3h
                                sub_12		endp 
                                 
                                			                        ;* No entry point to code 
                                		retf	0C235h 
 05C2  CA                     1                 db      0CAh
 05C3  C235                   1                 dw      0C235h
                                			                        ;* No entry point to code 
 05C5  35 E0BF                  		xor	ax,0E0BFh 
 05C8  3E E8 70 00 EB 6E        		db	 3Eh,0E8h, 70h, 00h,0EBh, 6Eh 
 05CE  83 C6 03 BF 10 3F        		db	 83h,0C6h, 03h,0BFh, 10h, 3Fh 
 05D4  EB                       		db	0EBh 
 05D5  66                       		db	66h 
                                 
                                ;ﬂﬂﬂﬂﬂﬂﬂﬂﬂﬂﬂﬂﬂﬂﬂﬂﬂﬂﬂﬂﬂﬂﬂﬂﬂﬂﬂﬂﬂﬂﬂﬂﬂﬂﬂﬂﬂﬂﬂﬂﬂﬂﬂﬂﬂﬂﬂﬂﬂﬂﬂﬂﬂﬂﬂﬂﬂﬂﬂﬂﬂﬂﬂﬂﬂﬂﬂﬂﬂﬂﬂﬂﬂﬂ 
                                ;                              SUBROUTINE 
                                ;‹‹‹‹‹‹‹‹‹‹‹‹‹‹‹‹‹‹‹‹‹‹‹‹‹‹‹‹‹‹‹‹‹‹‹‹‹‹‹‹‹‹‹‹‹‹‹‹‹‹‹‹‹‹‹‹‹‹‹‹‹‹‹‹‹‹‹‹‹‹‹‹‹‹ 
                                 
 05D6                           sub_13		proc	near 
 05D6  8A 44 02                 		mov	al,[si+2] 
 05D9  8A E8                    		mov	ch,al 
 05DB  24 7F                    		and	al,7Fh 
Microsoft (R) Macro Assembler  Version 4.00                 3/29/26 15:12:57

                                                            Page     1-21
                                                            

 05DD  B1 30                    		mov	cl,30h			; '0' 
 05DF  F6 E1                    		mul	cl			; ax = reg * al 
 05E1  05 4000                  		add	ax,4000h 
 05E4  8B F8                    		mov	di,ax 
 05E6  32 D2                    		xor	dl,dl			; Zero register 
 05E8  0A ED                    		or	ch,ch			; Zero ? 
 05EA  78 02                    		js	loc_46			; Jump if sign=1 
 05EC  B2 04                    		mov	dl,4 
 05EE                           loc_46: 
 05EE  8A 44 04                 		mov	al,[si+4] 
 05F1  24 03                    		and	al,3 
 05F3  02 C2                    		add	al,dl 
 05F5  B1 06                    		mov	cl,6 
 05F7  F6 E1                    		mul	cl			; ax = reg * al 
 05F9  03 F8                    		add	di,ax 
                                		retn 
 05FB  C3                     1                 db     0C3h
                                sub_13		endp 
                                 
                                 
                                ;ﬂﬂﬂﬂﬂﬂﬂﬂﬂﬂﬂﬂﬂﬂﬂﬂﬂﬂﬂﬂﬂﬂﬂﬂﬂﬂﬂﬂﬂﬂﬂﬂﬂﬂﬂﬂﬂﬂﬂﬂﬂﬂﬂﬂﬂﬂﬂﬂﬂﬂﬂﬂﬂﬂﬂﬂﬂﬂﬂﬂﬂﬂﬂﬂﬂﬂﬂﬂﬂﬂﬂﬂﬂﬂ 
                                ;                              SUBROUTINE 
                                ;‹‹‹‹‹‹‹‹‹‹‹‹‹‹‹‹‹‹‹‹‹‹‹‹‹‹‹‹‹‹‹‹‹‹‹‹‹‹‹‹‹‹‹‹‹‹‹‹‹‹‹‹‹‹‹‹‹‹‹‹‹‹‹‹‹‹‹‹‹‹‹‹‹‹ 
                                 
 05FC                           sub_14		proc	near 
 05FC  B9 0002                  		mov	cx,2 
 05FF  8B 16 3BBA               		mov	dx,ds:data_20e 
                                 
 0603                           locloop_47: 
 0603  8A D9                    		mov	bl,cl 
 0605  39 14                    		cmp	[si],dx 
 0607  75 01                    		jne	loc_48			; Jump if not equal 
                                		retn 
 0609  C3                     1                 db     0C3h
 060A                           loc_48: 
 060A  42                       		inc	dx 
 060B  E2 F6                    		loop	locloop_47		; Loop if cx > 0 
                                 
 060D  8A D9                    		mov	bl,cl 
                                		retn 
 060F  C3                     1                 db     0C3h
                                sub_14		endp 
                                 
                                			                        ;* No entry point to code 
 0610  8B EF                    		mov	bp,di 
 0612  FE CB                    		dec	bl 
 0614  32 FF                    		xor	bh,bh			; Zero register 
 0616  03 DB                    		add	bx,bx 
 0618  2E: FF 97 361A           		call	word ptr cs:data_12e[bx]	;* 
                                		retn 
 061D  C3                     1                 db     0C3h
                                			                        ;* No entry point to code 
 061E  30 36 3628               		xor	ds:data_13e,dh 
 0622  20 36 C583               		and	ds:data_26e,dh 
 0626  03 BF 3E80               		add	di,ds:data_24e[bx] 
Microsoft (R) Macro Assembler  Version 4.00                 3/29/26 15:12:57

                                                            Page     1-22
                                                            

 062A  EB 10                    		jmp	short loc_49 
                                			                        ;* No entry point to code 
 062C  BF 3E80                  		mov	di,3E80h 
 062F  E8 063C R                		call	sub_15 
 0632  EB 08                    		jmp	short loc_49 
                                			                        ;* No entry point to code 
 0634  BF 3EB0                  		mov	di,data_45e 
 0637  83 C6 03                 		add	si,3 
 063A  EB 00                    		jmp	short loc_49 
                                 
                                ;ﬂﬂﬂﬂﬂﬂﬂﬂﬂﬂﬂﬂﬂﬂﬂﬂﬂﬂﬂﬂﬂﬂﬂﬂﬂﬂﬂﬂﬂﬂﬂﬂﬂﬂﬂﬂﬂﬂﬂﬂﬂﬂﬂﬂﬂﬂﬂﬂﬂﬂﬂﬂﬂﬂﬂﬂﬂﬂﬂﬂﬂﬂﬂﬂﬂﬂﬂﬂﬂﬂﬂﬂﬂﬂ 
                                ;                              SUBROUTINE 
                                ;‹‹‹‹‹‹‹‹‹‹‹‹‹‹‹‹‹‹‹‹‹‹‹‹‹‹‹‹‹‹‹‹‹‹‹‹‹‹‹‹‹‹‹‹‹‹‹‹‹‹‹‹‹‹‹‹‹‹‹‹‹‹‹‹‹‹‹‹‹‹‹‹‹‹ 
                                 
 063C                           sub_15		proc	near 
 063C                           loc_49: 
 063C  B9 0003                  		mov	cx,3 
                                 
 063F                           locloop_50: 
 063F  51                       		push	cx 
 0640  C6 04 FF                 		mov	byte ptr [si],0FFh 
 0643  46                       		inc	si 
 0644  1E                       		push	ds 
 0645  56                       		push	si 
 0646  26: 8A 46 00             		mov	al,es:[bp] 
 064A  45                       		inc	bp 
 064B  06                       		push	es 
 064C  55                       		push	bp 
 064D  FE C8                    		dec	al 
 064F  B1 30                    		mov	cl,30h			; '0' 
 0651  F6 E1                    		mul	cl			; ax = reg * al 
 0653  05 4100                  		add	ax,4100h 
 0656  8B F0                    		mov	si,ax 
 0658  2E: 8E 1E FF2C           		mov	ds,cs:data_31e 
 065D  B8 A000                  		mov	ax,0A000h 
 0660  8E C0                    		mov	es,ax 
 0662  E8 0693 R                		call	sub_16 
 0665  5D                       		pop	bp 
 0666  07                       		pop	es 
 0667  5E                       		pop	si 
 0668  1F                       		pop	ds 
 0669  59                       		pop	cx 
 066A  E2 D3                    		loop	locloop_50		; Loop if cx > 0 
                                 
                                		retn 
 066C  C3                     1                 db     0C3h
                                sub_15		endp 
                                 
                                			                        ;* No entry point to code 
 066D  BF 3E80                  		mov	di,data_44e 
 0670  B9 0006                  		mov	cx,6 
                                 
 0673                           locloop_51: 
 0673  51                       		push	cx 
 0674  AC                       		lodsb				; String [si] to al 
Microsoft (R) Macro Assembler  Version 4.00                 3/29/26 15:12:57

                                                            Page     1-23
                                                            

 0675  1E                       		push	ds 
 0676  56                       		push	si 
 0677  B1 30                    		mov	cl,30h			; '0' 
 0679  F6 E1                    		mul	cl			; ax = reg * al 
 067B  05 6000                  		add	ax,6000h 
 067E  8B F0                    		mov	si,ax 
 0680  2E: 8E 1E FF2C           		mov	ds,cs:data_31e 
 0685  B8 A000                  		mov	ax,0A000h 
 0688  8E C0                    		mov	es,ax 
 068A  E8 0693 R                		call	sub_16 
 068D  5E                       		pop	si 
 068E  1F                       		pop	ds 
 068F  59                       		pop	cx 
 0690  E2 E1                    		loop	locloop_51		; Loop if cx > 0 
                                 
                                		retn 
 0692  C3                     1                 db     0C3h
                                 
                                ;ﬂﬂﬂﬂﬂﬂﬂﬂﬂﬂﬂﬂﬂﬂﬂﬂﬂﬂﬂﬂﬂﬂﬂﬂﬂﬂﬂﬂﬂﬂﬂﬂﬂﬂﬂﬂﬂﬂﬂﬂﬂﬂﬂﬂﬂﬂﬂﬂﬂﬂﬂﬂﬂﬂﬂﬂﬂﬂﬂﬂﬂﬂﬂﬂﬂﬂﬂﬂﬂﬂﬂﬂﬂﬂ 
                                ;                              SUBROUTINE 
                                ;‹‹‹‹‹‹‹‹‹‹‹‹‹‹‹‹‹‹‹‹‹‹‹‹‹‹‹‹‹‹‹‹‹‹‹‹‹‹‹‹‹‹‹‹‹‹‹‹‹‹‹‹‹‹‹‹‹‹‹‹‹‹‹‹‹‹‹‹‹‹‹‹‹‹ 
                                 
 0693                           sub_16		proc	near 
 0693  BA 03C4                  		mov	dx,3C4h 
 0696  B8 0702                  		mov	ax,702h 
 0699  EF                       		out	dx,ax			; port 3C4h, EGA sequencr index 
                                						;  al = 2, map mask register 
 069A  BA 03CE                  		mov	dx,3CEh 
 069D  B8 0205                  		mov	ax,205h 
 06A0  EF                       		out	dx,ax			; port 3CEh, EGA graphic index 
                                						;  al = 5, mode 
 06A1  B9 0008                  		mov	cx,8 
                                 
 06A4                           locloop_52: 
 06A4  51                       		push	cx 
 06A5  B8 0003                  		mov	ax,3 
 06A8  EF                       		out	dx,ax			; port 3CEh, EGA graphic index 
                                						;  al = 3, data rotate 
 06A9  B0 08                    		mov	al,8 
 06AB  EE                       		out	dx,al			; port 3CEh, EGA graphic index 
                                						;  al = 8, data bit mask 
 06AC  42                       		inc	dx 
 06AD  AD                       		lodsw				; String [si] to ax 
 06AE  8B C8                    		mov	cx,ax 
 06B0  AD                       		lodsw				; String [si] to ax 
 06B1  8B D8                    		mov	bx,ax 
 06B3  AD                       		lodsw				; String [si] to ax 
 06B4  8B E8                    		mov	bp,ax 
 06B6  0B C3                    		or	ax,bx 
 06B8  0B C1                    		or	ax,cx 
 06BA  EE                       		out	dx,al			; port 3CFh, EGA graphic func 
 06BB  32 C0                    		xor	al,al			; Zero register 
 06BD  26: 86 05                		xchg	es:[di],al 
 06C0  8A C4                    		mov	al,ah 
 06C2  EE                       		out	dx,al			; port 3CFh, EGA graphic func 
Microsoft (R) Macro Assembler  Version 4.00                 3/29/26 15:12:57

                                                            Page     1-24
                                                            

 06C3  32 C0                    		xor	al,al			; Zero register 
 06C5  26: 86 45 01             		xchg	es:[di+1],al 
 06C9  8B C5                    		mov	ax,bp 
 06CB  23 C3                    		and	ax,bx 
 06CD  23 C1                    		and	ax,cx 
 06CF  91                       		xchg	cx,ax 
 06D0  50                       		push	ax 
 06D1  4A                       		dec	dx 
 06D2  B8 1003                  		mov	ax,1003h 
 06D5  EF                       		out	dx,ax			; port 3CEh, EGA graphic index 
                                						;  al = 3, data rotate 
 06D6  B0 08                    		mov	al,8 
 06D8  EE                       		out	dx,al			; port 3CEh, EGA graphic index 
                                						;  al = 8, data bit mask 
 06D9  42                       		inc	dx 
 06DA  58                       		pop	ax 
 06DB  32 C1                    		xor	al,cl 
 06DD  EE                       		out	dx,al			; port 3CFh, EGA graphic func 
 06DE  B0 01                    		mov	al,1 
 06E0  26: 86 05                		xchg	es:[di],al 
 06E3  32 E5                    		xor	ah,ch 
 06E5  8A C4                    		mov	al,ah 
 06E7  EE                       		out	dx,al			; port 3CFh, EGA graphic func 
 06E8  B0 01                    		mov	al,1 
 06EA  26: 86 45 01             		xchg	es:[di+1],al 
 06EE  8B C3                    		mov	ax,bx 
 06F0  32 C1                    		xor	al,cl 
 06F2  EE                       		out	dx,al			; port 3CFh, EGA graphic func 
 06F3  B0 02                    		mov	al,2 
 06F5  26: 86 05                		xchg	es:[di],al 
 06F8  32 E5                    		xor	ah,ch 
 06FA  8A C4                    		mov	al,ah 
 06FC  EE                       		out	dx,al			; port 3CFh, EGA graphic func 
 06FD  B0 02                    		mov	al,2 
 06FF  26: 86 45 01             		xchg	es:[di+1],al 
 0703  8B C5                    		mov	ax,bp 
 0705  32 C1                    		xor	al,cl 
 0707  EE                       		out	dx,al			; port 3CFh, EGA graphic func 
 0708  B0 04                    		mov	al,4 
 070A  26: 86 05                		xchg	es:[di],al 
 070D  32 E5                    		xor	ah,ch 
 070F  8A C4                    		mov	al,ah 
 0711  EE                       		out	dx,al			; port 3CFh, EGA graphic func 
 0712  B0 04                    		mov	al,4 
 0714  26: 86 45 01             		xchg	es:[di+1],al 
 0718  4A                       		dec	dx 
 0719  47                       		inc	di 
 071A  47                       		inc	di 
 071B  59                       		pop	cx 
 071C  E2 86                    		loop	locloop_52		; Loop if cx > 0 
                                 
 071E  B8 0003                  		mov	ax,3 
 0721  EF                       		out	dx,ax			; port 3CEh, EGA graphic index 
                                						;  al = 3, data rotate 
 0722  B0 05                    		mov	al,5 
Microsoft (R) Macro Assembler  Version 4.00                 3/29/26 15:12:57

                                                            Page     1-25
                                                            

 0724  EF                       		out	dx,ax			; port 3CEh, EGA graphic index 
                                						;  al = 5, mode 
 0725  B8 FF08                  		mov	ax,0FF08h 
 0728  EF                       		out	dx,ax			; port 3CEh, EGA graphic index 
                                						;  al = 8, data bit mask 
                                		retn 
 0729  C3                     1                 db     0C3h
                                sub_16		endp 
                                 
                                			                        ;* No entry point to code 
 072A  1E                       		push	ds 
 072B  BA 03C4                  		mov	dx,3C4h 
 072E  B8 0702                  		mov	ax,702h 
 0731  EF                       		out	dx,ax			; port 3C4h, EGA sequencr index 
                                						;  al = 2, map mask register 
 0732  BA 03CE                  		mov	dx,3CEh 
 0735  B8 0105                  		mov	ax,105h 
 0738  EF                       		out	dx,ax			; port 3CEh, EGA graphic index 
                                						;  al = 5, mode 
 0739  B8 A000                  		mov	ax,0A000h 
 073C  8E C0                    		mov	es,ax 
 073E  8E D8                    		mov	ds,ax 
 0740  FD                       		std				; Set direction flag 
 0741  BE 2CA3                  		mov	si,data_40e 
 0744  B0 08                    		mov	al,8 
 0746                           loc_53: 
 0746  56                       		push	si 
 0747  8B FE                    		mov	di,si 
 0749  4E                       		dec	si 
 074A  4E                       		dec	si 
 074B  B9 0036                  		mov	cx,36h 
 074E  F3/ A4                   		rep	movsb			; Rep when cx >0 Mov [si] to es:[di] 
 0750  83 C6 1E                 		add	si,1Eh 
 0753  A4                       		movsb				; Mov [si] to es:[di] 
 0754  A4                       		movsb				; Mov [si] to es:[di] 
 0755  5E                       		pop	si 
 0756  83 C6 50                 		add	si,50h 
 0759  FE C8                    		dec	al 
 075B  75 E9                    		jnz	loc_53			; Jump if not zero 
 075D  BE 2F23                  		mov	si,data_42e 
 0760  B0 08                    		mov	al,8 
 0762                           loc_54: 
 0762  56                       		push	si 
 0763  8B FE                    		mov	di,si 
 0765  83 EE 04                 		sub	si,4 
 0768  B9 0034                  		mov	cx,34h 
 076B  F3/ A4                   		rep	movsb			; Rep when cx >0 Mov [si] to es:[di] 
 076D  83 C6 20                 		add	si,20h 
 0770  A4                       		movsb				; Mov [si] to es:[di] 
 0771  A4                       		movsb				; Mov [si] to es:[di] 
 0772  A4                       		movsb				; Mov [si] to es:[di] 
 0773  A4                       		movsb				; Mov [si] to es:[di] 
 0774  5E                       		pop	si 
 0775  83 C6 50                 		add	si,50h 
 0778  FE C8                    		dec	al 
Microsoft (R) Macro Assembler  Version 4.00                 3/29/26 15:12:57

                                                            Page     1-26
                                                            

 077A  75 E6                    		jnz	loc_54			; Jump if not zero 
 077C  B8 0005                  		mov	ax,5 
 077F  EF                       		out	dx,ax			; port 3CEh, EGA graphic index 
                                						;  al = 5, mode 
 0780  1F                       		pop	ds 
 0781  FC                       		cld				; Clear direction 
                                		retn 
 0782  C3                     1                 db     0C3h
                                			                        ;* No entry point to code 
 0783  1E                       		push	ds 
 0784  BA 03C4                  		mov	dx,3C4h 
 0787  B8 0702                  		mov	ax,702h 
 078A  EF                       		out	dx,ax			; port 3C4h, EGA sequencr index 
                                						;  al = 2, map mask register 
 078B  BA 03CE                  		mov	dx,3CEh 
 078E  B8 0105                  		mov	ax,105h 
 0791  EF                       		out	dx,ax			; port 3CEh, EGA graphic index 
                                						;  al = 5, mode 
 0792  B8 A000                  		mov	ax,0A000h 
 0795  8E C0                    		mov	es,ax 
 0797  8E D8                    		mov	ds,ax 
 0799  FD                       		std				; Set direction flag 
 079A  BE 04A3                  		mov	si,data_36e 
 079D  B0 10                    		mov	al,10h 
 079F                           loc_55: 
 079F  56                       		push	si 
 07A0  8B FE                    		mov	di,si 
 07A2  4E                       		dec	si 
 07A3  B9 0037                  		mov	cx,37h 
 07A6  F3/ A4                   		rep	movsb			; Rep when cx >0 Mov [si] to es:[di] 
 07A8  83 C6 1D                 		add	si,1Dh 
 07AB  A4                       		movsb				; Mov [si] to es:[di] 
 07AC  5E                       		pop	si 
 07AD  83 C6 50                 		add	si,50h 
 07B0  FE C8                    		dec	al 
 07B2  75 EB                    		jnz	loc_55			; Jump if not zero 
 07B4  B8 0005                  		mov	ax,5 
 07B7  EF                       		out	dx,ax			; port 3CEh, EGA graphic index 
                                						;  al = 5, mode 
 07B8  1F                       		pop	ds 
 07B9  FC                       		cld				; Clear direction 
                                		retn 
 07BA  C3                     1                 db     0C3h
                                			                        ;* No entry point to code 
 07BB  1E                       		push	ds 
 07BC  BA 03C4                  		mov	dx,3C4h 
 07BF  B8 0702                  		mov	ax,702h 
 07C2  EF                       		out	dx,ax			; port 3C4h, EGA sequencr index 
                                						;  al = 2, map mask register 
 07C3  BA 03CE                  		mov	dx,3CEh 
 07C6  B8 0105                  		mov	ax,105h 
 07C9  EF                       		out	dx,ax			; port 3CEh, EGA graphic index 
                                						;  al = 5, mode 
 07CA  B8 A000                  		mov	ax,0A000h 
 07CD  8E C0                    		mov	es,ax 
Microsoft (R) Macro Assembler  Version 4.00                 3/29/26 15:12:57

                                                            Page     1-27
                                                            

 07CF  8E D8                    		mov	ds,ax 
 07D1  BE 2C6C                  		mov	si,data_39e 
 07D4  B0 08                    		mov	al,8 
 07D6                           loc_56: 
 07D6  56                       		push	si 
 07D7  8B FE                    		mov	di,si 
 07D9  46                       		inc	si 
 07DA  46                       		inc	si 
 07DB  B9 0036                  		mov	cx,36h 
 07DE  F3/ A4                   		rep	movsb			; Rep when cx >0 Mov [si] to es:[di] 
 07E0  83 EE 1E                 		sub	si,1Eh 
 07E3  A4                       		movsb				; Mov [si] to es:[di] 
 07E4  A4                       		movsb				; Mov [si] to es:[di] 
 07E5  5E                       		pop	si 
 07E6  83 C6 50                 		add	si,50h 
 07E9  FE C8                    		dec	al 
 07EB  75 E9                    		jnz	loc_56			; Jump if not zero 
 07ED  BE 2EEC                  		mov	si,data_41e 
 07F0  B0 08                    		mov	al,8 
 07F2                           loc_57: 
 07F2  56                       		push	si 
 07F3  8B FE                    		mov	di,si 
 07F5  83 C6 04                 		add	si,4 
 07F8  B9 0034                  		mov	cx,34h 
 07FB  F3/ A4                   		rep	movsb			; Rep when cx >0 Mov [si] to es:[di] 
 07FD  83 EE 20                 		sub	si,20h 
 0800  A4                       		movsb				; Mov [si] to es:[di] 
 0801  A4                       		movsb				; Mov [si] to es:[di] 
 0802  A4                       		movsb				; Mov [si] to es:[di] 
 0803  A4                       		movsb				; Mov [si] to es:[di] 
 0804  5E                       		pop	si 
 0805  83 C6 50                 		add	si,50h 
 0808  FE C8                    		dec	al 
 080A  75 E6                    		jnz	loc_57			; Jump if not zero 
 080C  B8 0005                  		mov	ax,5 
 080F  EF                       		out	dx,ax			; port 3CEh, EGA graphic index 
                                						;  al = 5, mode 
 0810  1F                       		pop	ds 
                                		retn 
 0811  C3                     1                 db     0C3h
                                			                        ;* No entry point to code 
 0812  1E                       		push	ds 
 0813  BA 03C4                  		mov	dx,3C4h 
 0816  B8 0702                  		mov	ax,702h 
 0819  EF                       		out	dx,ax			; port 3C4h, EGA sequencr index 
                                						;  al = 2, map mask register 
 081A  BA 03CE                  		mov	dx,3CEh 
 081D  B8 0105                  		mov	ax,105h 
 0820  EF                       		out	dx,ax			; port 3CEh, EGA graphic index 
                                						;  al = 5, mode 
 0821  B8 A000                  		mov	ax,0A000h 
 0824  8E C0                    		mov	es,ax 
 0826  8E D8                    		mov	ds,ax 
 0828  BE 046C                  		mov	si,data_35e 
 082B  B0 10                    		mov	al,10h 
Microsoft (R) Macro Assembler  Version 4.00                 3/29/26 15:12:57

                                                            Page     1-28
                                                            

 082D                           loc_58: 
 082D  56                       		push	si 
 082E  8B FE                    		mov	di,si 
 0830  46                       		inc	si 
 0831  B9 0037                  		mov	cx,37h 
 0834  F3/ A4                   		rep	movsb			; Rep when cx >0 Mov [si] to es:[di] 
 0836  83 EE 1D                 		sub	si,1Dh 
 0839  A4                       		movsb				; Mov [si] to es:[di] 
 083A  5E                       		pop	si 
 083B  83 C6 50                 		add	si,50h 
 083E  FE C8                    		dec	al 
 0840  75 EB                    		jnz	loc_58			; Jump if not zero 
 0842  B8 0005                  		mov	ax,5 
 0845  EF                       		out	dx,ax			; port 3CEh, EGA graphic index 
                                						;  al = 5, mode 
 0846  1F                       		pop	ds 
                                		retn 
 0847  C3                     1                 db     0C3h
                                			                        ;* No entry point to code 
 0848  1E                       		push	ds 
 0849  56                       		push	si 
 084A  B2 30                    		mov	dl,30h			; '0' 
 084C  F6 E2                    		mul	dl			; ax = reg * al 
 084E  8B F0                    		mov	si,ax 
 0850  81 C6 8000               		add	si,data_2e 
 0854  B0 50                    		mov	al,50h			; 'P' 
 0856  F6 E3                    		mul	bl			; ax = reg * al 
 0858  8A DF                    		mov	bl,bh 
 085A  32 FF                    		xor	bh,bh			; Zero register 
 085C  03 DB                    		add	bx,bx 
 085E  03 C3                    		add	ax,bx 
 0860  8B F8                    		mov	di,ax 
 0862  BA 03C4                  		mov	dx,3C4h 
 0865  B0 02                    		mov	al,2 
 0867  EE                       		out	dx,al			; port 3C4h, EGA sequencr index 
                                						;  al = 2, map mask register 
 0868  42                       		inc	dx 
 0869  2E: 8E 1E FF2C           		mov	ds,cs:data_31e 
 086E  B8 A000                  		mov	ax,0A000h 
 0871  8E C0                    		mov	es,ax 
 0873  B9 0008                  		mov	cx,8 
                                 
 0876                           locloop_59: 
 0876  B0 01                    		mov	al,1 
 0878  EE                       		out	dx,al			; port 3C5h, EGA sequencr func 
 0879  A5                       		movsw				; Mov [si] to es:[di] 
 087A  B0 02                    		mov	al,2 
 087C  EE                       		out	dx,al			; port 3C5h, EGA sequencr func 
 087D  AD                       		lodsw				; String [si] to ax 
 087E  26: 89 45 FE             		mov	es:[di-2],ax 
 0882  4F                       		dec	di 
 0883  4F                       		dec	di 
 0884  B0 04                    		mov	al,4 
 0886  EE                       		out	dx,al			; port 3C5h, EGA sequencr func 
 0887  A5                       		movsw				; Mov [si] to es:[di] 
Microsoft (R) Macro Assembler  Version 4.00                 3/29/26 15:12:57

                                                            Page     1-29
                                                            

 0888  83 C7 4E                 		add	di,4Eh 
 088B  E2 E9                    		loop	locloop_59		; Loop if cx > 0 
                                 
 088D  5E                       		pop	si 
 088E  1F                       		pop	ds 
                                		retn 
 088F  C3                     1                 db     0C3h
                                			                        ;* No entry point to code 
 0890  1E                       		push	ds 
 0891  56                       		push	si 
 0892  57                       		push	di 
 0893  0E                       		push	cs 
 0894  1F                       		pop	ds 
 0895  B0 50                    		mov	al,50h			; 'P' 
 0897  F6 E3                    		mul	bl			; ax = reg * al 
 0899  8A DF                    		mov	bl,bh 
 089B  32 FF                    		xor	bh,bh			; Zero register 
 089D  03 C3                    		add	ax,bx 
 089F  8B F8                    		mov	di,ax 
 08A1  BA 03C4                  		mov	dx,3C4h 
 08A4  B8 0202                  		mov	ax,202h 
 08A7  EF                       		out	dx,ax			; port 3C4h, EGA sequencr index 
                                						;  al = 2, map mask register 
 08A8  B8 A000                  		mov	ax,0A000h 
 08AB  8E C0                    		mov	es,ax 
 08AD  BE 38B9                  		mov	si,data_14e 
 08B0  B9 0009                  		mov	cx,9 
                                 
 08B3                           locloop_62: 
 08B3  A5                       		movsw				; Mov [si] to es:[di] 
 08B4  83 C7 4E                 		add	di,4Eh 
 08B7  E2 FA                    		loop	locloop_62		; Loop if cx > 0 
                                 
 08B9  5F                       		pop	di 
 08BA  5E                       		pop	si 
 08BB  1F                       		pop	ds 
                                		retn 
 08BC  C3                     1                 db     0C3h
 08BD  00 00                    		db	0, 0 
 08BF                           loc_63: 
 08BF  70 00                    		jo	$+2			; delay for I/O 
 08C1  7E 00                    		jle	$+2			; delay for I/O 
                                ;*		jg	loc_60			;*Jump if > 
 08C3  7F C0                    		db	 7Fh,0C0h		;  Fixup - byte match 
 08C5  7F F8                    		jg	loc_63			; Jump if > 
                                ;*		jg	loc_61			;*Jump if > 
 08C7  7F C0                    		db	 7Fh,0C0h		;  Fixup - byte match 
 08C9  7E 00                    		jle	$+2			; delay for I/O 
 08CB  70 00                    		jo	$+2			; delay for I/O 
 08CD  00 00                    		add	[bx+si],al 
 08CF  B0 50                    		mov	al,50h			; 'P' 
 08D1  F6 E3                    		mul	bl			; ax = reg * al 
 08D3  8B F8                    		mov	di,ax 
 08D5  8A DF                    		mov	bl,bh 
 08D7  32 FF                    		xor	bh,bh			; Zero register 
Microsoft (R) Macro Assembler  Version 4.00                 3/29/26 15:12:57

                                                            Page     1-30
                                                            

 08D9  03 FB                    		add	di,bx 
 08DB  BE 3BBC                  		mov	si,data_21e 
 08DE  B8 A000                  		mov	ax,0A000h 
 08E1  8E C0                    		mov	es,ax 
 08E3  BA 03C4                  		mov	dx,3C4h 
 08E6  B8 0102                  		mov	ax,102h 
 08E9  EF                       		out	dx,ax			; port 3C4h, EGA sequencr index 
                                						;  al = 2, map mask register 
 08EA  B9 0009                  		mov	cx,9 
                                 
 08ED                           locloop_64: 
 08ED  51                       		push	cx 
 08EE  57                       		push	di 
 08EF  56                       		push	si 
 08F0  8B 0E FF6A               		mov	cx,ds:data_34e 
 08F4  F3/ A4                   		rep	movsb			; Rep when cx >0 Mov [si] to es:[di] 
 08F6  5E                       		pop	si 
 08F7  83 C6 28                 		add	si,28h 
 08FA  5F                       		pop	di 
 08FB  83 C7 50                 		add	di,50h 
 08FE  59                       		pop	cx 
 08FF  E2 EC                    		loop	locloop_64		; Loop if cx > 0 
                                 
                                		retn 
 0901  C3                     1                 db     0C3h
                                			                        ;* No entry point to code 
 0902  56                       		push	si 
 0903  57                       		push	di 
 0904  57                       		push	di 
 0905  32 E4                    		xor	ah,ah			; Zero register 
 0907  50                       		push	ax 
 0908  0E                       		push	cs 
 0909  07                       		pop	es 
 090A  BF 3BBC                  		mov	di,data_21e 
 090D  33 C0                    		xor	ax,ax			; Zero register 
 090F  B9 00C8                  		mov	cx,0C8h 
 0912  F3/ AB                   		rep	stosw			; Rep when cx >0 Store ax to es:[di] 
 0914  58                       		pop	ax 
 0915  50                       		push	ax 
 0916  03 C0                    		add	ax,ax 
 0918  03 F0                    		add	si,ax 
 091A  8B 34                    		mov	si,[si] 
 091C  E8 093B R                		call	sub_17 
 091F  58                       		pop	ax 
 0920  5F                       		pop	di 
 0921  F6 06 FF57 FF            		test	byte ptr ds:data_32e,0FFh 
 0926  74 10                    		jz	loc_65			; Jump if zero 
 0928  8B D8                    		mov	bx,ax 
 092A  03 C0                    		add	ax,ax 
 092C  03 C3                    		add	ax,bx 
 092E  03 F8                    		add	di,ax 
 0930  8A 15                    		mov	dl,[di] 
 0932  8B 45 01                 		mov	ax,[di+1] 
 0935  E8 09B8 R                		call	sub_19 
 0938                           loc_65: 
Microsoft (R) Macro Assembler  Version 4.00                 3/29/26 15:12:57

                                                            Page     1-31
                                                            

 0938  5F                       		pop	di 
 0939  5E                       		pop	si 
                                		retn 
 093A  C3                     1                 db     0C3h
                                 
                                ;ﬂﬂﬂﬂﬂﬂﬂﬂﬂﬂﬂﬂﬂﬂﬂﬂﬂﬂﬂﬂﬂﬂﬂﬂﬂﬂﬂﬂﬂﬂﬂﬂﬂﬂﬂﬂﬂﬂﬂﬂﬂﬂﬂﬂﬂﬂﬂﬂﬂﬂﬂﬂﬂﬂﬂﬂﬂﬂﬂﬂﬂﬂﬂﬂﬂﬂﬂﬂﬂﬂﬂﬂﬂﬂ 
                                ;                              SUBROUTINE 
                                ;‹‹‹‹‹‹‹‹‹‹‹‹‹‹‹‹‹‹‹‹‹‹‹‹‹‹‹‹‹‹‹‹‹‹‹‹‹‹‹‹‹‹‹‹‹‹‹‹‹‹‹‹‹‹‹‹‹‹‹‹‹‹‹‹‹‹‹‹‹‹‹‹‹‹ 
                                 
 093B                           sub_17		proc	near 
 093B  0E                       		push	cs 
 093C  07                       		pop	es 
 093D  BF 3BE4                  		mov	di,data_22e 
 0940  32 DB                    		xor	bl,bl			; Zero register 
 0942                           loc_66: 
 0942  AC                       		lodsb				; String [si] to al 
 0943  0A C0                    		or	al,al			; Zero ? 
 0945  75 01                    		jnz	loc_67			; Jump if not zero 
                                		retn 
 0947  C3                     1                 db     0C3h
 0948                           loc_67: 
 0948  53                       		push	bx 
 0949  1E                       		push	ds 
 094A  56                       		push	si 
 094B  80 E3 03                 		and	bl,3 
 094E  E8 0958 R                		call	sub_18 
 0951  5E                       		pop	si 
 0952  1F                       		pop	ds 
 0953  5B                       		pop	bx 
 0954  FE C3                    		inc	bl 
 0956  EB EA                    		jmp	short loc_66 
                                sub_17		endp 
                                 
                                 
                                ;ﬂﬂﬂﬂﬂﬂﬂﬂﬂﬂﬂﬂﬂﬂﬂﬂﬂﬂﬂﬂﬂﬂﬂﬂﬂﬂﬂﬂﬂﬂﬂﬂﬂﬂﬂﬂﬂﬂﬂﬂﬂﬂﬂﬂﬂﬂﬂﬂﬂﬂﬂﬂﬂﬂﬂﬂﬂﬂﬂﬂﬂﬂﬂﬂﬂﬂﬂﬂﬂﬂﬂﬂﬂﬂ 
                                ;                              SUBROUTINE 
                                ;‹‹‹‹‹‹‹‹‹‹‹‹‹‹‹‹‹‹‹‹‹‹‹‹‹‹‹‹‹‹‹‹‹‹‹‹‹‹‹‹‹‹‹‹‹‹‹‹‹‹‹‹‹‹‹‹‹‹‹‹‹‹‹‹‹‹‹‹‹‹‹‹‹‹ 
                                 
 0958                           sub_18		proc	near 
 0958  2C 20                    		sub	al,20h			; ' ' 
 095A  32 E4                    		xor	ah,ah			; Zero register 
 095C  D1 E0                    		shl	ax,1			; Shift w/zeros fill 
 095E  D1 E0                    		shl	ax,1			; Shift w/zeros fill 
 0960  D1 E0                    		shl	ax,1			; Shift w/zeros fill 
 0962  8B F0                    		mov	si,ax 
 0964  0E                       		push	cs 
 0965  1F                       		pop	ds 
 0966  03 36 F504               		add	si,ds:data_29e 
 096A  02 DB                    		add	bl,bl 
 096C  8A CB                    		mov	cl,bl 
 096E  57                       		push	di 
 096F  B3 08                    		mov	bl,8 
 0971                           loc_68: 
 0971  53                       		push	bx 
 0972  AC                       		lodsb				; String [si] to al 
Microsoft (R) Macro Assembler  Version 4.00                 3/29/26 15:12:57

                                                            Page     1-32
                                                            

 0973  32 DB                    		xor	bl,bl			; Zero register 
 0975  8A F8                    		mov	bh,al 
 0977  D3 EB                    		shr	bx,cl			; Shift w/zeros fill 
 0979  26: 08 3D                		or	es:[di],bh 
 097C  26: 08 5D 01             		or	es:[di+1],bl 
 0980  83 C7 28                 		add	di,28h 
 0983  5B                       		pop	bx 
 0984  FE CB                    		dec	bl 
 0986  75 E9                    		jnz	loc_68			; Jump if not zero 
 0988  5F                       		pop	di 
 0989  47                       		inc	di 
 098A  80 F9 06                 		cmp	cl,6 
 098D  74 01                    		je	loc_69			; Jump if equal 
                                		retn 
 098F  C3                     1                 db     0C3h
 0990                           loc_69: 
 0990  47                       		inc	di 
                                		retn 
 0991  C3                     1                 db     0C3h
                                sub_18		endp 
                                 
                                			                        ;* No entry point to code 
 0992  52                       		push	dx 
 0993  50                       		push	ax 
 0994  0E                       		push	cs 
 0995  07                       		pop	es 
 0996  BF 3BBC                  		mov	di,data_21e 
 0999  33 C0                    		xor	ax,ax			; Zero register 
 099B  B9 00C8                  		mov	cx,0C8h 
 099E  F3/ AB                   		rep	stosw			; Rep when cx >0 Store ax to es:[di] 
 09A0  58                       		pop	ax 
 09A1  5A                       		pop	dx 
 09A2  E8 0A1D R                		call	sub_21 
 09A5  BF 3BE4                  		mov	di,3BE4h 
 09A8  BE 3A31                  		mov	si,3A31h 
 09AB  B9 0007                  		mov	cx,7 
 09AE  B3 01                    		mov	bl,1 
 09B0  C7 06 FF6A 000B          		mov	word ptr ds:data_34e,0Bh 
 09B6  EB 14                    		jmp	short locloop_70 
                                 
                                ;ﬂﬂﬂﬂﬂﬂﬂﬂﬂﬂﬂﬂﬂﬂﬂﬂﬂﬂﬂﬂﬂﬂﬂﬂﬂﬂﬂﬂﬂﬂﬂﬂﬂﬂﬂﬂﬂﬂﬂﬂﬂﬂﬂﬂﬂﬂﬂﬂﬂﬂﬂﬂﬂﬂﬂﬂﬂﬂﬂﬂﬂﬂﬂﬂﬂﬂﬂﬂﬂﬂﬂﬂﬂﬂ 
                                ;                              SUBROUTINE 
                                ;‹‹‹‹‹‹‹‹‹‹‹‹‹‹‹‹‹‹‹‹‹‹‹‹‹‹‹‹‹‹‹‹‹‹‹‹‹‹‹‹‹‹‹‹‹‹‹‹‹‹‹‹‹‹‹‹‹‹‹‹‹‹‹‹‹‹‹‹‹‹‹‹‹‹ 
                                 
 09B8                           sub_19		proc	near 
 09B8  E8 0A1D R                		call	sub_21 
 09BB  0E                       		push	cs 
 09BC  07                       		pop	es 
 09BD  BF 3BE4                  		mov	di,data_22e 
 09C0  03 3E FF68               		add	di,ds:data_33e 
 09C4  BE 3A32                  		mov	si,data_15e 
 09C7  B9 0006                  		mov	cx,6 
 09CA  B3 01                    		mov	bl,1 
                                 
 09CC                           locloop_70: 
Microsoft (R) Macro Assembler  Version 4.00                 3/29/26 15:12:57

                                                            Page     1-33
                                                            

 09CC  51                       		push	cx 
 09CD  53                       		push	bx 
 09CE  57                       		push	di 
 09CF  AC                       		lodsb				; String [si] to al 
 09D0  56                       		push	si 
 09D1  E8 09E5 R                		call	sub_20 
 09D4  5E                       		pop	si 
 09D5  5F                       		pop	di 
 09D6  5B                       		pop	bx 
 09D7  8A C3                    		mov	al,bl 
 09D9  47                       		inc	di 
 09DA  25 0001                  		and	ax,1 
 09DD  03 F8                    		add	di,ax 
 09DF  FE C3                    		inc	bl 
 09E1  59                       		pop	cx 
 09E2  E2 E8                    		loop	locloop_70		; Loop if cx > 0 
                                 
                                		retn 
 09E4  C3                     1                 db     0C3h
                                sub_19		endp 
                                 
                                 
                                ;ﬂﬂﬂﬂﬂﬂﬂﬂﬂﬂﬂﬂﬂﬂﬂﬂﬂﬂﬂﬂﬂﬂﬂﬂﬂﬂﬂﬂﬂﬂﬂﬂﬂﬂﬂﬂﬂﬂﬂﬂﬂﬂﬂﬂﬂﬂﬂﬂﬂﬂﬂﬂﬂﬂﬂﬂﬂﬂﬂﬂﬂﬂﬂﬂﬂﬂﬂﬂﬂﬂﬂﬂﬂﬂ 
                                ;                              SUBROUTINE 
                                ;‹‹‹‹‹‹‹‹‹‹‹‹‹‹‹‹‹‹‹‹‹‹‹‹‹‹‹‹‹‹‹‹‹‹‹‹‹‹‹‹‹‹‹‹‹‹‹‹‹‹‹‹‹‹‹‹‹‹‹‹‹‹‹‹‹‹‹‹‹‹‹‹‹‹ 
                                 
 09E5                           sub_20		proc	near 
 09E5  FE C0                    		inc	al 
 09E7  75 01                    		jnz	loc_71			; Jump if not zero 
                                		retn 
 09E9  C3                     1                 db     0C3h
 09EA                           loc_71: 
 09EA  FE C8                    		dec	al 
 09EC  32 E4                    		xor	ah,ah			; Zero register 
 09EE  D1 E0                    		shl	ax,1			; Shift w/zeros fill 
 09F0  D1 E0                    		shl	ax,1			; Shift w/zeros fill 
 09F2  D1 E0                    		shl	ax,1			; Shift w/zeros fill 
 09F4  D1 E0                    		shl	ax,1			; Shift w/zeros fill 
 09F6  2E: 03 06 F502           		add	ax,cs:data_28e 
 09FB  8B F0                    		mov	si,ax 
 09FD  B9 0007                  		mov	cx,7 
                                 
 0A00                           locloop_72: 
 0A00  AD                       		lodsw				; String [si] to ax 
 0A01  86 E0                    		xchg	ah,al 
 0A03  F6 C3 01                 		test	bl,1 
 0A06  75 08                    		jnz	loc_73			; Jump if not zero 
 0A08  D1 E0                    		shl	ax,1			; Shift w/zeros fill 
 0A0A  D1 E0                    		shl	ax,1			; Shift w/zeros fill 
 0A0C  D1 E0                    		shl	ax,1			; Shift w/zeros fill 
 0A0E  D1 E0                    		shl	ax,1			; Shift w/zeros fill 
 0A10                           loc_73: 
 0A10  26: 08 25                		or	es:[di],ah 
 0A13  26: 08 45 01             		or	es:[di+1],al 
 0A17  83 C7 28                 		add	di,28h 
Microsoft (R) Macro Assembler  Version 4.00                 3/29/26 15:12:57

                                                            Page     1-34
                                                            

 0A1A  E2 E4                    		loop	locloop_72		; Loop if cx > 0 
                                 
                                		retn 
 0A1C  C3                     1                 db     0C3h
                                sub_20		endp 
                                 
                                 
                                ;ﬂﬂﬂﬂﬂﬂﬂﬂﬂﬂﬂﬂﬂﬂﬂﬂﬂﬂﬂﬂﬂﬂﬂﬂﬂﬂﬂﬂﬂﬂﬂﬂﬂﬂﬂﬂﬂﬂﬂﬂﬂﬂﬂﬂﬂﬂﬂﬂﬂﬂﬂﬂﬂﬂﬂﬂﬂﬂﬂﬂﬂﬂﬂﬂﬂﬂﬂﬂﬂﬂﬂﬂﬂﬂ 
                                ;                              SUBROUTINE 
                                ;‹‹‹‹‹‹‹‹‹‹‹‹‹‹‹‹‹‹‹‹‹‹‹‹‹‹‹‹‹‹‹‹‹‹‹‹‹‹‹‹‹‹‹‹‹‹‹‹‹‹‹‹‹‹‹‹‹‹‹‹‹‹‹‹‹‹‹‹‹‹‹‹‹‹ 
                                 
 0A1D                           sub_21		proc	near 
 0A1D  BF 3A31                  		mov	di,3A31h 
 0A20  E8 0A3C R                		call	sub_22 
 0A23  B9 0006                  		mov	cx,6 
                                 
 0A26                           locloop_74: 
 0A26  2E: F6 05 FF             		test	byte ptr cs:[di],0FFh 
 0A2A  74 01                    		jz	loc_75			; Jump if zero 
                                		retn 
 0A2C  C3                     1                 db     0C3h
 0A2D                           loc_75: 
 0A2D  2E: C6 05 FF             		mov	byte ptr cs:[di],0FFh 
 0A31  47                       		inc	di 
 0A32  E2 F2                    		loop	locloop_74		; Loop if cx > 0 
                                 
                                		retn 
 0A34  C3                     1                 db     0C3h
                                sub_21		endp 
                                 
 0A35  0007[                    		db	7 dup (0) 
            00                  
                         ]      
                                
                                 
                                ;ﬂﬂﬂﬂﬂﬂﬂﬂﬂﬂﬂﬂﬂﬂﬂﬂﬂﬂﬂﬂﬂﬂﬂﬂﬂﬂﬂﬂﬂﬂﬂﬂﬂﬂﬂﬂﬂﬂﬂﬂﬂﬂﬂﬂﬂﬂﬂﬂﬂﬂﬂﬂﬂﬂﬂﬂﬂﬂﬂﬂﬂﬂﬂﬂﬂﬂﬂﬂﬂﬂﬂﬂﬂﬂ 
                                ;                              SUBROUTINE 
                                ;‹‹‹‹‹‹‹‹‹‹‹‹‹‹‹‹‹‹‹‹‹‹‹‹‹‹‹‹‹‹‹‹‹‹‹‹‹‹‹‹‹‹‹‹‹‹‹‹‹‹‹‹‹‹‹‹‹‹‹‹‹‹‹‹‹‹‹‹‹‹‹‹‹‹ 
                                 
 0A3C                           sub_22		proc	near 
 0A3C  B1 0F                    		mov	cl,0Fh 
 0A3E  BB 4240                  		mov	bx,4240h 
 0A41  E8 0A82 R                		call	sub_23 
 0A44  2E: 88 35                		mov	cs:[di],dh 
 0A47  B1 01                    		mov	cl,1 
 0A49  BB 86A0                  		mov	bx,86A0h 
 0A4C  E8 0A82 R                		call	sub_23 
 0A4F  2E: 88 75 01             		mov	cs:[di+1],dh 
 0A53  32 C9                    		xor	cl,cl			; Zero register 
 0A55  BB 2710                  		mov	bx,2710h 
 0A58  E8 0A82 R                		call	sub_23 
 0A5B  2E: 88 75 02             		mov	cs:[di+2],dh 
 0A5F  BB 03E8                  		mov	bx,3E8h 
 0A62  E8 0A9B R                		call	sub_24 
 0A65  2E: 88 75 03             		mov	cs:[di+3],dh 
Microsoft (R) Macro Assembler  Version 4.00                 3/29/26 15:12:57

                                                            Page     1-35
                                                            

 0A69  BB 0064                  		mov	bx,64h 
 0A6C  E8 0A9B R                		call	sub_24 
 0A6F  2E: 88 75 04             		mov	cs:[di+4],dh 
 0A73  BB 000A                  		mov	bx,0Ah 
 0A76  E8 0A9B R                		call	sub_24 
 0A79  2E: 88 75 05             		mov	cs:[di+5],dh 
 0A7D  2E: 88 45 06             		mov	cs:[di+6],al 
                                		retn 
 0A81  C3                     1                 db     0C3h
                                sub_22		endp 
                                 
                                 
                                ;ﬂﬂﬂﬂﬂﬂﬂﬂﬂﬂﬂﬂﬂﬂﬂﬂﬂﬂﬂﬂﬂﬂﬂﬂﬂﬂﬂﬂﬂﬂﬂﬂﬂﬂﬂﬂﬂﬂﬂﬂﬂﬂﬂﬂﬂﬂﬂﬂﬂﬂﬂﬂﬂﬂﬂﬂﬂﬂﬂﬂﬂﬂﬂﬂﬂﬂﬂﬂﬂﬂﬂﬂﬂﬂ 
                                ;                              SUBROUTINE 
                                ;‹‹‹‹‹‹‹‹‹‹‹‹‹‹‹‹‹‹‹‹‹‹‹‹‹‹‹‹‹‹‹‹‹‹‹‹‹‹‹‹‹‹‹‹‹‹‹‹‹‹‹‹‹‹‹‹‹‹‹‹‹‹‹‹‹‹‹‹‹‹‹‹‹‹ 
                                 
 0A82                           sub_23		proc	near 
 0A82  32 F6                    		xor	dh,dh			; Zero register 
 0A84                           loc_76: 
 0A84  2A D1                    		sub	dl,cl 
 0A86  72 10                    		jc	loc_79			; Jump if carry Set 
 0A88  2B C3                    		sub	ax,bx 
 0A8A  73 06                    		jnc	loc_77			; Jump if carry=0 
 0A8C  0A D2                    		or	dl,dl			; Zero ? 
 0A8E  74 06                    		jz	loc_78			; Jump if zero 
 0A90  FE CA                    		dec	dl 
 0A92                           loc_77: 
 0A92  FE C6                    		inc	dh 
 0A94  EB EE                    		jmp	short loc_76 
 0A96                           loc_78: 
 0A96  03 C3                    		add	ax,bx 
 0A98                           loc_79: 
 0A98  02 D1                    		add	dl,cl 
                                		retn 
 0A9A  C3                     1                 db     0C3h
                                sub_23		endp 
                                 
                                 
                                ;ﬂﬂﬂﬂﬂﬂﬂﬂﬂﬂﬂﬂﬂﬂﬂﬂﬂﬂﬂﬂﬂﬂﬂﬂﬂﬂﬂﬂﬂﬂﬂﬂﬂﬂﬂﬂﬂﬂﬂﬂﬂﬂﬂﬂﬂﬂﬂﬂﬂﬂﬂﬂﬂﬂﬂﬂﬂﬂﬂﬂﬂﬂﬂﬂﬂﬂﬂﬂﬂﬂﬂﬂﬂﬂ 
                                ;                              SUBROUTINE 
                                ;‹‹‹‹‹‹‹‹‹‹‹‹‹‹‹‹‹‹‹‹‹‹‹‹‹‹‹‹‹‹‹‹‹‹‹‹‹‹‹‹‹‹‹‹‹‹‹‹‹‹‹‹‹‹‹‹‹‹‹‹‹‹‹‹‹‹‹‹‹‹‹‹‹‹ 
                                 
 0A9B                           sub_24		proc	near 
 0A9B  32 F6                    		xor	dh,dh			; Zero register 
 0A9D  F7 F3                    		div	bx			; ax,dx rem=dx:ax/reg 
 0A9F  92                       		xchg	dx,ax 
 0AA0  8A F2                    		mov	dh,dl 
 0AA2  32 D2                    		xor	dl,dl			; Zero register 
                                		retn 
 0AA4  C3                     1                 db     0C3h
                                sub_24		endp 
                                 
                                			                        ;* No entry point to code 
 0AA5  1E                       		push	ds 
 0AA6  50                       		push	ax 
Microsoft (R) Macro Assembler  Version 4.00                 3/29/26 15:12:57

                                                            Page     1-36
                                                            

 0AA7  B0 50                    		mov	al,50h			; 'P' 
 0AA9  F6 E3                    		mul	bl			; ax = reg * al 
 0AAB  8A DF                    		mov	bl,bh 
 0AAD  32 FF                    		xor	bh,bh			; Zero register 
 0AAF  03 C3                    		add	ax,bx 
 0AB1  8B F8                    		mov	di,ax 
 0AB3  8B F7                    		mov	si,di 
 0AB5  83 EE 50                 		sub	si,50h 
 0AB8  B0 50                    		mov	al,50h			; 'P' 
 0ABA  F6 E1                    		mul	cl			; ax = reg * al 
 0ABC  2D 0050                  		sub	ax,50h 
 0ABF  03 F0                    		add	si,ax 
 0AC1  03 F8                    		add	di,ax 
 0AC3  B8 A000                  		mov	ax,0A000h 
 0AC6  8E C0                    		mov	es,ax 
 0AC8  8E D8                    		mov	ds,ax 
 0ACA  BA 03C4                  		mov	dx,3C4h 
 0ACD  B8 0702                  		mov	ax,702h 
 0AD0  EF                       		out	dx,ax			; port 3C4h, EGA sequencr index 
                                						;  al = 2, map mask register 
 0AD1  BA 03CE                  		mov	dx,3CEh 
 0AD4  B8 0105                  		mov	ax,105h 
 0AD7  EF                       		out	dx,ax			; port 3CEh, EGA graphic index 
                                						;  al = 5, mode 
 0AD8  8A DD                    		mov	bl,ch 
 0ADA  32 FF                    		xor	bh,bh			; Zero register 
 0ADC  32 ED                    		xor	ch,ch			; Zero register 
                                 
 0ADE                           locloop_80: 
 0ADE  51                       		push	cx 
 0ADF  57                       		push	di 
 0AE0  56                       		push	si 
 0AE1  8B CB                    		mov	cx,bx 
 0AE3  F3/ A4                   		rep	movsb			; Rep when cx >0 Mov [si] to es:[di] 
 0AE5  5E                       		pop	si 
 0AE6  5F                       		pop	di 
 0AE7  83 EE 50                 		sub	si,50h 
 0AEA  83 EF 50                 		sub	di,50h 
 0AED  59                       		pop	cx 
 0AEE  E2 EE                    		loop	locloop_80		; Loop if cx > 0 
                                 
 0AF0  B8 0005                  		mov	ax,5 
 0AF3  EF                       		out	dx,ax			; port 3CEh, EGA graphic index 
                                						;  al = 5, mode 
 0AF4  58                       		pop	ax 
 0AF5  B2 28                    		mov	dl,28h			; '(' 
 0AF7  F6 E2                    		mul	dl			; ax = reg * al 
 0AF9  05 3BBC                  		add	ax,3BBCh 
 0AFC  8B F0                    		mov	si,ax 
 0AFE  0E                       		push	cs 
 0AFF  1F                       		pop	ds 
 0B00  BA 03C4                  		mov	dx,3C4h 
 0B03  B8 0102                  		mov	ax,102h 
 0B06  EF                       		out	dx,ax			; port 3C4h, EGA sequencr index 
                                						;  al = 2, map mask register 
Microsoft (R) Macro Assembler  Version 4.00                 3/29/26 15:12:57

                                                            Page     1-37
                                                            

 0B07  8B CB                    		mov	cx,bx 
 0B09  F3/ A4                   		rep	movsb			; Rep when cx >0 Mov [si] to es:[di] 
 0B0B  1F                       		pop	ds 
                                		retn 
 0B0C  C3                     1                 db     0C3h
                                			                        ;* No entry point to code 
 0B0D  1E                       		push	ds 
 0B0E  50                       		push	ax 
 0B0F  B0 50                    		mov	al,50h			; 'P' 
 0B11  F6 E3                    		mul	bl			; ax = reg * al 
 0B13  8A DF                    		mov	bl,bh 
 0B15  32 FF                    		xor	bh,bh			; Zero register 
 0B17  03 C3                    		add	ax,bx 
 0B19  8B F8                    		mov	di,ax 
 0B1B  8B F7                    		mov	si,di 
 0B1D  83 C6 50                 		add	si,50h 
 0B20  B8 A000                  		mov	ax,0A000h 
 0B23  8E C0                    		mov	es,ax 
 0B25  8E D8                    		mov	ds,ax 
 0B27  BA 03C4                  		mov	dx,3C4h 
 0B2A  B8 0702                  		mov	ax,702h 
 0B2D  EF                       		out	dx,ax			; port 3C4h, EGA sequencr index 
                                						;  al = 2, map mask register 
 0B2E  BA 03CE                  		mov	dx,3CEh 
 0B31  B8 0105                  		mov	ax,105h 
 0B34  EF                       		out	dx,ax			; port 3CEh, EGA graphic index 
                                						;  al = 5, mode 
 0B35  8A DD                    		mov	bl,ch 
 0B37  32 FF                    		xor	bh,bh			; Zero register 
 0B39  32 ED                    		xor	ch,ch			; Zero register 
                                 
 0B3B                           locloop_81: 
 0B3B  51                       		push	cx 
 0B3C  57                       		push	di 
 0B3D  56                       		push	si 
 0B3E  8B CB                    		mov	cx,bx 
 0B40  F3/ A4                   		rep	movsb			; Rep when cx >0 Mov [si] to es:[di] 
 0B42  5E                       		pop	si 
 0B43  5F                       		pop	di 
 0B44  83 C6 50                 		add	si,50h 
 0B47  83 C7 50                 		add	di,50h 
 0B4A  59                       		pop	cx 
 0B4B  E2 EE                    		loop	locloop_81		; Loop if cx > 0 
                                 
 0B4D  B8 0005                  		mov	ax,5 
 0B50  EF                       		out	dx,ax			; port 3CEh, EGA graphic index 
                                						;  al = 5, mode 
 0B51  58                       		pop	ax 
 0B52  B2 28                    		mov	dl,28h			; '(' 
 0B54  F6 E2                    		mul	dl			; ax = reg * al 
 0B56  05 3BBC                  		add	ax,3BBCh 
 0B59  8B F0                    		mov	si,ax 
 0B5B  0E                       		push	cs 
 0B5C  1F                       		pop	ds 
 0B5D  BA 03C4                  		mov	dx,3C4h 
Microsoft (R) Macro Assembler  Version 4.00                 3/29/26 15:12:57

                                                            Page     1-38
                                                            

 0B60  B8 0102                  		mov	ax,102h 
 0B63  EF                       		out	dx,ax			; port 3C4h, EGA sequencr index 
                                						;  al = 2, map mask register 
 0B64  8B CB                    		mov	cx,bx 
 0B66  F3/ A4                   		rep	movsb			; Rep when cx >0 Mov [si] to es:[di] 
 0B68  1F                       		pop	ds 
                                		retn 
 0B69  C3                     1                 db     0C3h
                                			                        ;* No entry point to code 
 0B6A  B8 A000                  		mov	ax,0A000h 
 0B6D  8E C0                    		mov	es,ax 
 0B6F  BA 03C4                  		mov	dx,3C4h 
 0B72  B8 0702                  		mov	ax,702h 
 0B75  EF                       		out	dx,ax			; port 3C4h, EGA sequencr index 
                                						;  al = 2, map mask register 
 0B76  BA 03CE                  		mov	dx,3CEh 
 0B79  B8 1803                  		mov	ax,1803h 
 0B7C  EF                       		out	dx,ax			; port 3CEh, EGA graphic index 
                                						;  al = 3, data rotate 
 0B7D  B8 0205                  		mov	ax,205h 
 0B80  EF                       		out	dx,ax			; port 3CEh, EGA graphic index 
                                						;  al = 5, mode 
 0B81  BF 046C                  		mov	di,data_35e 
 0B84  B9 0008                  		mov	cx,8 
                                 
 0B87                           locloop_82: 
 0B87  51                       		push	cx 
 0B88  57                       		push	di 
 0B89  B9 0012                  		mov	cx,12h 
                                 
 0B8C                           locloop_83: 
 0B8C  51                       		push	cx 
 0B8D  57                       		push	di 
 0B8E  B9 0038                  		mov	cx,38h 
                                 
 0B91                           locloop_84: 
 0B91  B0 06                    		mov	al,6 
 0B93  26: 86 05                		xchg	es:[di],al 
 0B96  47                       		inc	di 
 0B97  E2 F8                    		loop	locloop_84		; Loop if cx > 0 
                                 
 0B99  5F                       		pop	di 
 0B9A  81 C7 0280               		add	di,280h 
 0B9E  59                       		pop	cx 
 0B9F  E2 EB                    		loop	locloop_83		; Loop if cx > 0 
                                 
 0BA1  5F                       		pop	di 
 0BA2  83 C7 50                 		add	di,50h 
 0BA5  59                       		pop	cx 
 0BA6  E2 DF                    		loop	locloop_82		; Loop if cx > 0 
                                 
 0BA8  BA 03CE                  		mov	dx,3CEh 
 0BAB  B8 0003                  		mov	ax,3 
 0BAE  EF                       		out	dx,ax			; port 3CEh, EGA graphic index 
                                						;  al = 3, data rotate 
Microsoft (R) Macro Assembler  Version 4.00                 3/29/26 15:12:57

                                                            Page     1-39
                                                            

 0BAF  B8 0005                  		mov	ax,5 
 0BB2  EF                       		out	dx,ax			; port 3CEh, EGA graphic index 
                                						;  al = 5, mode 
                                		retn 
 0BB3  C3                     1                 db     0C3h
 0BB4  C3                       		db	0C3h 
 0BB5  039B[                    		db	923 dup (0) 
            00                  
                         ]      
                                
                                 
 0F50                           seg_a		ends 
                                 
                                 
                                 
                                		end	start 

Microsoft (R) Macro Assembler  Version 4.00                 3/29/26 15:12:57

                                                            Symbols-1
                                                             

Macros:

		N a m e			Lines

CALLF  . . . . . . . . . . . . .  	   2
CALLFX . . . . . . . . . . . . .  	   3
JMPN . . . . . . . . . . . . . .  	   2
MOVSEG . . . . . . . . . . . . .  	  43
RETF . . . . . . . . . . . . . .  	   6
RETN . . . . . . . . . . . . . .  	   6

Segments and Groups:

                N a m e         	Size	Align	Combine Class

SEG_A  . . . . . . . . . . . . .  	0F50	BYTE	PUBLIC	

Symbols:            

                N a m e         	Type	Value	Attr         

DATA_10E . . . . . . . . . . . .  	Number	32EB	
DATA_11E . . . . . . . . . . . .  	Number	35BE	
DATA_12E . . . . . . . . . . . .  	Number	361A	
DATA_13E . . . . . . . . . . . .  	Number	3628	
DATA_14E . . . . . . . . . . . .  	Number	38B9	
DATA_15E . . . . . . . . . . . .  	Number	3A32	
DATA_16E . . . . . . . . . . . .  	Number	3BB1	
DATA_17E . . . . . . . . . . . .  	Number	3BB3	
DATA_18E . . . . . . . . . . . .  	Number	3BB4	
DATA_19E . . . . . . . . . . . .  	Number	3BB7	
DATA_1E  . . . . . . . . . . . .  	Number	004E	
DATA_20E . . . . . . . . . . . .  	Number	3BBA	
DATA_21E . . . . . . . . . . . .  	Number	3BBC	
DATA_22E . . . . . . . . . . . .  	Number	3BE4	
DATA_23E . . . . . . . . . . . .  	Number	3D4C	
DATA_24E . . . . . . . . . . . .  	Number	3E80	
DATA_25E . . . . . . . . . . . .  	Number	C00F	
DATA_26E . . . . . . . . . . . .  	Number	C583	
DATA_27E . . . . . . . . . . . .  	Number	E005	
DATA_28E . . . . . . . . . . . .  	Number	F502	
DATA_29E . . . . . . . . . . . .  	Number	F504	
DATA_2E  . . . . . . . . . . . .  	Number	8000	
DATA_30E . . . . . . . . . . . .  	Number	FF2A	
DATA_31E . . . . . . . . . . . .  	Number	FF2C	
DATA_32E . . . . . . . . . . . .  	Number	FF57	
DATA_33E . . . . . . . . . . . .  	Number	FF68	
DATA_34E . . . . . . . . . . . .  	Number	FF6A	
DATA_35E . . . . . . . . . . . .  	Number	046C	
DATA_36E . . . . . . . . . . . .  	Number	04A3	
DATA_37E . . . . . . . . . . . .  	Number	0C80	
DATA_38E . . . . . . . . . . . .  	Number	24EC	
DATA_39E . . . . . . . . . . . .  	Number	2C6C	
DATA_3E  . . . . . . . . . . . .  	Number	8004	
DATA_40E . . . . . . . . . . . .  	Number	2CA3	
Microsoft (R) Macro Assembler  Version 4.00                 3/29/26 15:12:57

                                                            Symbols-2
                                                             

DATA_41E . . . . . . . . . . . .  	Number	2EEC	
DATA_42E . . . . . . . . . . . .  	Number	2F23	
DATA_43E . . . . . . . . . . . .  	Number	3BB5	
DATA_44E . . . . . . . . . . . .  	Number	3E80	
DATA_45E . . . . . . . . . . . .  	Number	3EB0	
DATA_46E . . . . . . . . . . . .  	Number	3EE0	
DATA_47E . . . . . . . . . . . .  	Number	3F10	
DATA_4E  . . . . . . . . . . . .  	Number	8100	

LOCLOOP_1  . . . . . . . . . . .  	L NEAR	0044	SEG_A
LOCLOOP_15 . . . . . . . . . . .  	L NEAR	0122	SEG_A
LOCLOOP_18 . . . . . . . . . . .  	L NEAR	019A	SEG_A
LOCLOOP_2  . . . . . . . . . . .  	L NEAR	0049	SEG_A
LOCLOOP_27 . . . . . . . . . . .  	L NEAR	02FA	SEG_A
LOCLOOP_28 . . . . . . . . . . .  	L NEAR	032E	SEG_A
LOCLOOP_29 . . . . . . . . . . .  	L NEAR	0369	SEG_A
LOCLOOP_30 . . . . . . . . . . .  	L NEAR	03A0	SEG_A
LOCLOOP_31 . . . . . . . . . . .  	L NEAR	03C5	SEG_A
LOCLOOP_32 . . . . . . . . . . .  	L NEAR	03E2	SEG_A
LOCLOOP_45 . . . . . . . . . . .  	L NEAR	0591	SEG_A
LOCLOOP_47 . . . . . . . . . . .  	L NEAR	0603	SEG_A
LOCLOOP_50 . . . . . . . . . . .  	L NEAR	063F	SEG_A
LOCLOOP_51 . . . . . . . . . . .  	L NEAR	0673	SEG_A
LOCLOOP_52 . . . . . . . . . . .  	L NEAR	06A4	SEG_A
LOCLOOP_59 . . . . . . . . . . .  	L NEAR	0876	SEG_A
LOCLOOP_62 . . . . . . . . . . .  	L NEAR	08B3	SEG_A
LOCLOOP_64 . . . . . . . . . . .  	L NEAR	08ED	SEG_A
LOCLOOP_70 . . . . . . . . . . .  	L NEAR	09CC	SEG_A
LOCLOOP_72 . . . . . . . . . . .  	L NEAR	0A00	SEG_A
LOCLOOP_74 . . . . . . . . . . .  	L NEAR	0A26	SEG_A
LOCLOOP_80 . . . . . . . . . . .  	L NEAR	0ADE	SEG_A
LOCLOOP_81 . . . . . . . . . . .  	L NEAR	0B3B	SEG_A
LOCLOOP_82 . . . . . . . . . . .  	L NEAR	0B87	SEG_A
LOCLOOP_83 . . . . . . . . . . .  	L NEAR	0B8C	SEG_A
LOCLOOP_84 . . . . . . . . . . .  	L NEAR	0B91	SEG_A
LOC_10 . . . . . . . . . . . . .  	L NEAR	00C3	SEG_A
LOC_11 . . . . . . . . . . . . .  	L NEAR	00CB	SEG_A
LOC_12 . . . . . . . . . . . . .  	L NEAR	00D3	SEG_A
LOC_13 . . . . . . . . . . . . .  	L NEAR	00EC	SEG_A
LOC_14 . . . . . . . . . . . . .  	L NEAR	00F6	SEG_A
LOC_16 . . . . . . . . . . . . .  	L NEAR	013F	SEG_A
LOC_17 . . . . . . . . . . . . .  	L NEAR	014B	SEG_A
LOC_19 . . . . . . . . . . . . .  	L NEAR	01CA	SEG_A
LOC_20 . . . . . . . . . . . . .  	L NEAR	0228	SEG_A
LOC_21 . . . . . . . . . . . . .  	L NEAR	0247	SEG_A
LOC_22 . . . . . . . . . . . . .  	L NEAR	02B8	SEG_A
LOC_23 . . . . . . . . . . . . .  	L NEAR	02BE	SEG_A
LOC_24 . . . . . . . . . . . . .  	L NEAR	02D2	SEG_A
LOC_25 . . . . . . . . . . . . .  	L NEAR	02E6	SEG_A
LOC_26 . . . . . . . . . . . . .  	L NEAR	02EC	SEG_A
LOC_3  . . . . . . . . . . . . .  	L NEAR	0079	SEG_A
LOC_33 . . . . . . . . . . . . .  	L NEAR	03FC	SEG_A
LOC_34 . . . . . . . . . . . . .  	L NEAR	0433	SEG_A
LOC_35 . . . . . . . . . . . . .  	L NEAR	0441	SEG_A
LOC_36 . . . . . . . . . . . . .  	L NEAR	045A	SEG_A
Microsoft (R) Macro Assembler  Version 4.00                 3/29/26 15:12:57

                                                            Symbols-3
                                                             

LOC_37 . . . . . . . . . . . . .  	L NEAR	0498	SEG_A
LOC_38 . . . . . . . . . . . . .  	L NEAR	04AE	SEG_A
LOC_39 . . . . . . . . . . . . .  	L NEAR	04F8	SEG_A
LOC_4  . . . . . . . . . . . . .  	L NEAR	0090	SEG_A
LOC_40 . . . . . . . . . . . . .  	L NEAR	0509	SEG_A
LOC_41 . . . . . . . . . . . . .  	L NEAR	052F	SEG_A
LOC_42 . . . . . . . . . . . . .  	L NEAR	056F	SEG_A
LOC_43 . . . . . . . . . . . . .  	L NEAR	0581	SEG_A
LOC_44 . . . . . . . . . . . . .  	L NEAR	0586	SEG_A
LOC_46 . . . . . . . . . . . . .  	L NEAR	05EE	SEG_A
LOC_48 . . . . . . . . . . . . .  	L NEAR	060A	SEG_A
LOC_49 . . . . . . . . . . . . .  	L NEAR	063C	SEG_A
LOC_5  . . . . . . . . . . . . .  	L NEAR	009B	SEG_A
LOC_53 . . . . . . . . . . . . .  	L NEAR	0746	SEG_A
LOC_54 . . . . . . . . . . . . .  	L NEAR	0762	SEG_A
LOC_55 . . . . . . . . . . . . .  	L NEAR	079F	SEG_A
LOC_56 . . . . . . . . . . . . .  	L NEAR	07D6	SEG_A
LOC_57 . . . . . . . . . . . . .  	L NEAR	07F2	SEG_A
LOC_58 . . . . . . . . . . . . .  	L NEAR	082D	SEG_A
LOC_6  . . . . . . . . . . . . .  	L NEAR	00A3	SEG_A
LOC_63 . . . . . . . . . . . . .  	L NEAR	08BF	SEG_A
LOC_65 . . . . . . . . . . . . .  	L NEAR	0938	SEG_A
LOC_66 . . . . . . . . . . . . .  	L NEAR	0942	SEG_A
LOC_67 . . . . . . . . . . . . .  	L NEAR	0948	SEG_A
LOC_68 . . . . . . . . . . . . .  	L NEAR	0971	SEG_A
LOC_69 . . . . . . . . . . . . .  	L NEAR	0990	SEG_A
LOC_7  . . . . . . . . . . . . .  	L NEAR	00AB	SEG_A
LOC_71 . . . . . . . . . . . . .  	L NEAR	09EA	SEG_A
LOC_73 . . . . . . . . . . . . .  	L NEAR	0A10	SEG_A
LOC_75 . . . . . . . . . . . . .  	L NEAR	0A2D	SEG_A
LOC_76 . . . . . . . . . . . . .  	L NEAR	0A84	SEG_A
LOC_77 . . . . . . . . . . . . .  	L NEAR	0A92	SEG_A
LOC_78 . . . . . . . . . . . . .  	L NEAR	0A96	SEG_A
LOC_79 . . . . . . . . . . . . .  	L NEAR	0A98	SEG_A
LOC_8  . . . . . . . . . . . . .  	L NEAR	00B3	SEG_A
LOC_9  . . . . . . . . . . . . .  	L NEAR	00BB	SEG_A

START  . . . . . . . . . . . . .  	L NEAR	0000	SEG_A
SUB_1  . . . . . . . . . . . . .  	N PROC	00E4	SEG_A	Length = 0052
SUB_10 . . . . . . . . . . . . .  	L NEAR	0581	SEG_A
SUB_11 . . . . . . . . . . . . .  	N PROC	058B	SEG_A	Length = 0029
SUB_12 . . . . . . . . . . . . .  	N PROC	05B4	SEG_A	Length = 000E
SUB_13 . . . . . . . . . . . . .  	N PROC	05D6	SEG_A	Length = 0026
SUB_14 . . . . . . . . . . . . .  	N PROC	05FC	SEG_A	Length = 0014
SUB_15 . . . . . . . . . . . . .  	N PROC	063C	SEG_A	Length = 0031
SUB_16 . . . . . . . . . . . . .  	N PROC	0693	SEG_A	Length = 0097
SUB_17 . . . . . . . . . . . . .  	N PROC	093B	SEG_A	Length = 001D
SUB_18 . . . . . . . . . . . . .  	N PROC	0958	SEG_A	Length = 003A
SUB_19 . . . . . . . . . . . . .  	N PROC	09B8	SEG_A	Length = 002D
SUB_2  . . . . . . . . . . . . .  	N PROC	0136	SEG_A	Length = 039B
SUB_20 . . . . . . . . . . . . .  	N PROC	09E5	SEG_A	Length = 0038
SUB_21 . . . . . . . . . . . . .  	N PROC	0A1D	SEG_A	Length = 0018
SUB_22 . . . . . . . . . . . . .  	N PROC	0A3C	SEG_A	Length = 0046
SUB_23 . . . . . . . . . . . . .  	N PROC	0A82	SEG_A	Length = 0019
SUB_24 . . . . . . . . . . . . .  	N PROC	0A9B	SEG_A	Length = 000A
Microsoft (R) Macro Assembler  Version 4.00                 3/29/26 15:12:57

                                                            Symbols-4
                                                             

SUB_3  . . . . . . . . . . . . .  	L NEAR	013F	SEG_A
SUB_4  . . . . . . . . . . . . .  	L NEAR	021C	SEG_A
SUB_5  . . . . . . . . . . . . .  	L NEAR	03BD	SEG_A
SUB_6  . . . . . . . . . . . . .  	L NEAR	03C0	SEG_A
SUB_7  . . . . . . . . . . . . .  	N PROC	04D1	SEG_A	Length = 0093
SUB_8  . . . . . . . . . . . . .  	N PROC	0564	SEG_A	Length = 0019
SUB_9  . . . . . . . . . . . . .  	N PROC	057D	SEG_A	Length = 000E

TARGET . . . . . . . . . . . . .  	Number	4D34	

_107GTEGA  . . . . . . . . . . .  	F PROC	0000	SEG_A	Length = 00E4


   2059 Source  Lines
   2384 Total   Lines
    179 Symbols

  45154 Bytes symbol space free

      0 Warning Errors
      0 Severe  Errors
